datetime_utc,symbol,oi_value,timestamp_ms
2025-09-15 23:59:48.988000+00:00,1INCH-USDT-SWAP,7171910.0,1757980788988
2025-09-15 23:59:48.941000+00:00,A-USDT-SWAP,10769080.0,1757980788941
2025-09-15 23:59:48.993000+00:00,AAVE-USDT-SWAP,132293.38000000006,1757980788993
2025-09-15 23:59:48.967000+00:00,ACE-USDT-SWAP,2897474.0,1757980788967
2025-09-15 23:59:48.968000+00:00,ACH-USDT-SWAP,89622200.0,1757980788968
2025-09-15 23:59:48.957000+00:00,ACT-USDT-SWAP,83888769.0,1757980788957
2025-09-15 23:59:48.960000+00:00,ADA-USDT-SWAP,86355470.00000006,1757980788960
2025-09-15 23:59:49.063000+00:00,AERO-USDT-SWAP,2467450.0,1757980789063
2025-09-15 23:59:48.974000+00:00,AEVO-USDT-SWAP,14193951.0,1757980788974
2025-09-15 23:59:48.962000+00:00,AGLD-USDT-SWAP,2051982.0,1757980788962
2025-09-15 23:59:49.488000+00:00,AI16Z-USDT-SWAP,51889425.0,1757980789488
2025-09-15 23:59:49.486000+00:00,AIXBT-USDT-SWAP,22715970.0,1757980789486
2025-09-15 23:59:49.490000+00:00,ALGO-USDT-SWAP,28568090.0,1757980789490
2025-09-15 23:59:49.510000+00:00,ANIME-USDT-SWAP,97218850.0,1757980789510
2025-09-15 23:59:49.499000+00:00,APE-USDT-SWAP,8470990.7,1757980789499
2025-09-15 23:59:49.517000+00:00,API3-USDT-SWAP,2404093.0,1757980789517
2025-09-15 23:59:49.500000+00:00,APT-USDT-SWAP,3628465.0,1757980789500
2025-09-15 23:59:49.494000+00:00,AR-USDT-SWAP,496810.7,1757980789494
2025-09-15 23:59:49.502000+00:00,ARB-USDT-SWAP,35217992.99999999,1757980789502
2025-09-15 23:59:49.943000+00:00,ARC-USDT-SWAP,94342680.0,1757980789943
2025-09-15 23:59:49.951000+00:00,ARKM-USDT-SWAP,3629093.0,1757980789951
2025-09-15 23:59:49.947000+00:00,ATH-USDT-SWAP,175470300.0,1757980789947
2025-09-15 23:59:49.948000+00:00,ATOM-USDT-SWAP,1938238.0,1757980789948
2025-09-15 23:59:49.948000+00:00,AUCTION-USDT-SWAP,207382.2,1757980789948
2025-09-15 23:59:49.953000+00:00,AVAAI-USDT-SWAP,83167570.0,1757980789953
2025-09-15 23:59:49.972000+00:00,AVAX-USDT-SWAP,2080838.2000000002,1757980789972
2025-09-15 23:59:49.957000+00:00,AXS-USDT-SWAP,1174375.2,1757980789957
2025-09-15 23:59:49.960000+00:00,BABY-USDT-SWAP,33452900.0,1757980789960
2025-09-15 23:59:49.961000+00:00,BAND-USDT-SWAP,1488829.0,1757980789961
2025-09-15 23:59:50.426000+00:00,BAT-USDT-SWAP,4996730.0,1757980790426
2025-09-15 23:59:50.423000+00:00,BCH-USDT-SWAP,68515.26999999999,1757980790423
2025-09-15 23:59:50.435000+00:00,BERA-USDT-SWAP,2601851.1,1757980790435
2025-09-15 23:59:50.417000+00:00,BICO-USDT-SWAP,7581377.0,1757980790417
2025-09-15 23:59:50.434000+00:00,BIGTIME-USDT-SWAP,38003790.0,1757980790434
2025-09-15 23:59:50.459000+00:00,BIO-USDT-SWAP,63866654.0,1757980790459
2025-09-15 23:59:50.452000+00:00,BLUR-USDT-SWAP,25293110.0,1757980790452
2025-09-15 23:59:50.432000+00:00,BNB-USDT-SWAP,101933.3,1757980790432
2025-09-15 23:59:50.431000+00:00,BNT-USDT-SWAP,705310.0,1757980790431
2025-09-15 23:59:50.437000+00:00,BOME-USDT-SWAP,1134423000.0,1757980790437
2025-09-15 23:59:50.957000+00:00,BONK-USDT-SWAP,475773400000.0,1757980790957
2025-09-15 23:59:50.953000+00:00,BRETT-USDT-SWAP,15909600.0,1757980790953
2025-09-15 23:59:50.973000+00:00,BTC-USDT-SWAP,25219.26480000004,1757980790973
2025-09-15 23:59:50.971000+00:00,CAT-USDT-SWAP,139250700000.0,1757980790971
2025-09-15 23:59:50.973000+00:00,CATI-USDT-SWAP,12708023.0,1757980790973
2025-09-15 23:59:50.957000+00:00,CELO-USDT-SWAP,3903237.0,1757980790957
2025-09-15 23:59:50.964000+00:00,CETUS-USDT-SWAP,22554810.0,1757980790964
2025-09-15 23:59:50.961000+00:00,CFX-USDT-SWAP,84827250.0,1757980790961
2025-09-15 23:59:50.992000+00:00,CHZ-USDT-SWAP,80501250.0,1757980790992
2025-09-15 23:59:50.953000+00:00,COMP-USDT-SWAP,86475.4,1757980790953
2025-09-15 23:59:51.428000+00:00,COOKIE-USDT-SWAP,3951640.0,1757980791428
2025-09-15 23:59:51.430000+00:00,CORE-USDT-SWAP,9657372.0,1757980791430
2025-09-15 23:59:51.555000+00:00,CRO-USDT-SWAP,54026180.0,1757980791555
2025-09-15 23:59:51.412000+00:00,CRV-USDT-SWAP,24505022.0,1757980791412
2025-09-15 23:59:51.414000+00:00,CTC-USDT-SWAP,1794810.0,1757980791414
2025-09-15 23:59:51.437000+00:00,CVC-USDT-SWAP,9109200.0,1757980791437
2025-09-15 23:59:51.421000+00:00,CVX-USDT-SWAP,346152.0,1757980791421
2025-09-15 23:59:51.438000+00:00,DEGEN-USDT-SWAP,438370700.0,1757980791438
2025-09-15 23:59:52.056000+00:00,DOGE-USDT-SWAP,1733113910.0000012,1757980792056
2025-09-15 23:59:52.043000+00:00,DOGS-USDT-SWAP,16258679000.0,1757980792043
2025-09-15 23:59:52.058000+00:00,DOOD-USDT-SWAP,169697000.0,1757980792058
2025-09-15 23:59:52.051000+00:00,DOT-USDT-SWAP,5969584.0,1757980792051
2025-09-15 23:59:52.059000+00:00,DUCK-USDT-SWAP,664709400.0,1757980792059
2025-09-15 23:59:52.060000+00:00,DYDX-USDT-SWAP,11111071.0,1757980792060
2025-09-15 23:59:52.070000+00:00,EGLD-USDT-SWAP,120441.3,1757980792070
2025-09-15 23:59:52.052000+00:00,EIGEN-USDT-SWAP,3398018.0,1757980792052
2025-09-15 23:59:52.047000+00:00,ENJ-USDT-SWAP,13464260.0,1757980792047
2025-09-15 23:59:52.054000+00:00,ENS-USDT-SWAP,310434.8,1757980792054
2025-09-15 23:59:52.499000+00:00,ETC-USDT-SWAP,1177058.8000000003,1757980792499
2025-09-15 23:59:52.494000+00:00,ETH-USDT-SWAP,766484.3530000019,1757980792494
2025-09-15 23:59:52.502000+00:00,ETHFI-USDT-SWAP,8177574.0,1757980792502
2025-09-15 23:59:52.507000+00:00,ETHW-USDT-SWAP,1242676.2,1757980792507
2025-09-15 23:59:52.503000+00:00,FARTCOIN-USDT-SWAP,23055823.0,1757980792503
2025-09-15 23:59:52.504000+00:00,FIL-USDT-SWAP,13271248.8,1757980792504
2025-09-15 23:59:52.515000+00:00,FLM-USDT-SWAP,42012050.0,1757980792515
2025-09-15 23:59:52.508000+00:00,FLOKI-USDT-SWAP,39952500000.0,1757980792508
2025-09-15 23:59:52.505000+00:00,FLOW-USDT-SWAP,4576340.0,1757980792505
2025-09-15 23:59:52.527000+00:00,FXS-USDT-SWAP,399288.0,1757980792527
2025-09-15 23:59:52.957000+00:00,GALA-USDT-SWAP,425679920.0,1757980792957
2025-09-15 23:59:52.977000+00:00,GAS-USDT-SWAP,358747.0,1757980792977
2025-09-15 23:59:52.962000+00:00,GLM-USDT-SWAP,3058910.0,1757980792962
2025-09-15 23:59:52.961000+00:00,GMT-USDT-SWAP,44521906.0,1757980792961
2025-09-15 23:59:52.946000+00:00,GMX-USDT-SWAP,62051.5,1757980792946
2025-09-15 23:59:52.958000+00:00,GOAT-USDT-SWAP,27171640.0,1757980792958
2025-09-15 23:59:52.964000+00:00,GODS-USDT-SWAP,7284079.0,1757980792964
2025-09-15 23:59:52.979000+00:00,GPS-USDT-SWAP,143459160.0,1757980792979
2025-09-15 23:59:52.959000+00:00,GRASS-USDT-SWAP,2805694.0,1757980792959
2025-09-15 23:59:52.964000+00:00,GRIFFAIN-USDT-SWAP,26038210.0,1757980792964
2025-09-15 23:59:53.401000+00:00,GRT-USDT-SWAP,23353030.0,1757980793401
2025-09-15 23:59:53.406000+00:00,H-USDT-SWAP,106949100.0,1757980793406
2025-09-15 23:59:53.407000+00:00,HBAR-USDT-SWAP,74233030.00000001,1757980793407
2025-09-15 23:59:53.409000+00:00,HMSTR-USDT-SWAP,1155123800.0,1757980793409
2025-09-15 23:59:53.399000+00:00,HOME-USDT-SWAP,20498600.0,1757980793399
2025-09-15 23:59:53.409000+00:00,HUMA-USDT-SWAP,68900800.0,1757980793409
2025-09-15 23:59:53.418000+00:00,HYPE-USDT-SWAP,889013.7,1757980793418
2025-09-15 23:59:53.431000+00:00,ICP-USDT-SWAP,1615692.68,1757980793431
2025-09-15 23:59:53.396000+00:00,ICX-USDT-SWAP,5528590.0,1757980793396
2025-09-15 23:59:53.401000+00:00,IMX-USDT-SWAP,6726440.0,1757980793401
2025-09-15 23:59:53.877000+00:00,INIT-USDT-SWAP,2284770.0,1757980793877
2025-09-15 23:59:53.870000+00:00,INJ-USDT-SWAP,869049.1,1757980793870
2025-09-15 23:59:53.875000+00:00,IOST-USDT-SWAP,259081000.0,1757980793875
2025-09-15 23:59:53.866000+00:00,IOTA-USDT-SWAP,14850100.0,1757980793866
2025-09-15 23:59:53.861000+00:00,IP-USDT-SWAP,2630159.0,1757980793861
2025-09-15 23:59:53.875000+00:00,JELLYJELLY-USDT-SWAP,167943200.0,1757980793875
2025-09-15 23:59:53.876000+00:00,JOE-USDT-SWAP,5768880.0,1757980793876
2025-09-15 23:59:53.867000+00:00,JTO-USDT-SWAP,4175760.0,1757980793867
2025-09-15 23:59:53.876000+00:00,JUP-USDT-SWAP,14480670.0,1757980793876
2025-09-15 23:59:54.318000+00:00,KAITO-USDT-SWAP,4198559.0,1757980794318
2025-09-15 23:59:54.683000+00:00,KMNO-USDT-SWAP,29760400.0,1757980794683
2025-09-15 23:59:54.317000+00:00,KSM-USDT-SWAP,128167.3,1757980794317
2025-09-15 23:59:54.311000+00:00,LA-USDT-SWAP,3235560.0,1757980794311
2025-09-15 23:59:54.339000+00:00,LAUNCHCOIN-USDT-SWAP,46683770.0,1757980794339
2025-09-15 23:59:54.318000+00:00,LAYER-USDT-SWAP,5694125.0,1757980794318
2025-09-15 23:59:54.330000+00:00,LDO-USDT-SWAP,14316340.0,1757980794330
2025-09-15 23:59:54.323000+00:00,LINK-USDT-SWAP,2515028.2999999993,1757980794323
2025-09-15 23:59:54.325000+00:00,LPT-USDT-SWAP,684038.9,1757980794325
2025-09-15 23:59:54.315000+00:00,LQTY-USDT-SWAP,1558010.0,1757980794315
2025-09-15 23:59:55.125000+00:00,LRC-USDT-SWAP,16810510.0,1757980795125
2025-09-15 23:59:55.123000+00:00,LTC-USDT-SWAP,661937.3999999998,1757980795123
2025-09-15 23:59:55.134000+00:00,LUNA-USDT-SWAP,15810046.0,1757980795134
2025-09-15 23:59:55.108000+00:00,LUNC-USDT-SWAP,24349510000.0,1757980795108
2025-09-15 23:59:55.115000+00:00,MAGIC-USDT-SWAP,15783237.0,1757980795115
2025-09-15 23:59:55.117000+00:00,MAJOR-USDT-SWAP,5087111.0,1757980795117
2025-09-15 23:59:55.153000+00:00,MANA-USDT-SWAP,10422290.0,1757980795153
2025-09-15 23:59:55.138000+00:00,MASK-USDT-SWAP,3009238.0,1757980795138
2025-09-15 23:59:55.131000+00:00,ME-USDT-SWAP,3668881.0,1757980795131
2025-09-15 23:59:55.129000+00:00,MEME-USDT-SWAP,1492180600.0,1757980795129
2025-09-15 23:59:55.584000+00:00,MERL-USDT-SWAP,55479402.0,1757980795584
2025-09-15 23:59:55.597000+00:00,METIS-USDT-SWAP,109771.4,1757980795597
2025-09-15 23:59:55.597000+00:00,MEW-USDT-SWAP,1028791000.0,1757980795597
2025-09-15 23:59:55.588000+00:00,MINA-USDT-SWAP,7663953.0,1757980795588
2025-09-15 23:59:55.598000+00:00,MOG-USDT-SWAP,611470000000.0,1757980795598
2025-09-15 23:59:55.622000+00:00,MOODENG-USDT-SWAP,59259410.0,1757980795622
2025-09-15 23:59:55.598000+00:00,MORPHO-USDT-SWAP,1466989.0,1757980795598
2025-09-15 23:59:55.603000+00:00,MOVE-USDT-SWAP,24288510.0,1757980795603
2025-09-15 23:59:55.599000+00:00,MUBARAK-USDT-SWAP,13627300.0,1757980795599
2025-09-15 23:59:56.061000+00:00,NEAR-USDT-SWAP,5206746.0,1757980796061
2025-09-15 23:59:56.060000+00:00,NEIRO-USDT-SWAP,9862476000.0,1757980796060
2025-09-15 23:59:56.059000+00:00,NEO-USDT-SWAP,385400.0,1757980796059
2025-09-15 23:59:56.057000+00:00,NEWT-USDT-SWAP,3244710.0,1757980796057
2025-09-15 23:59:56.076000+00:00,NMR-USDT-SWAP,391398.8,1757980796076
2025-09-15 23:59:56.123000+00:00,NOT-USDT-SWAP,1540718300.0,1757980796123
2025-09-15 23:59:56.058000+00:00,NXPC-USDT-SWAP,1198623.0,1757980796058
2025-09-15 23:59:56.062000+00:00,OL-USDT-SWAP,73556900.0,1757980796062
2025-09-15 23:59:56.071000+00:00,OM-USDT-SWAP,24322698.999999996,1757980796071
2025-09-15 23:59:56.586000+00:00,ONDO-USDT-SWAP,23131220.0,1757980796586
2025-09-15 23:59:56.578000+00:00,ONE-USDT-SWAP,79583800.0,1757980796578
2025-09-15 23:59:56.581000+00:00,ONT-USDT-SWAP,10499710.0,1757980796581
2025-09-15 23:59:56.592000+00:00,OP-USDT-SWAP,21058510.0,1757980796592
2025-09-15 23:59:56.590000+00:00,ORBS-USDT-SWAP,27353400.0,1757980796590
2025-09-15 23:59:56.586000+00:00,ORDI-USDT-SWAP,1361614.7,1757980796586
2025-09-15 23:59:56.602000+00:00,PARTI-USDT-SWAP,15383300.0,1757980796602
2025-09-15 23:59:56.571000+00:00,PENGU-USDT-SWAP,541244900.0,1757980796571
2025-09-15 23:59:56.580000+00:00,PEOPLE-USDT-SWAP,344781100.0,1757980796580
2025-09-15 23:59:56.587000+00:00,PEPE-USDT-SWAP,9367939000000.006,1757980796587
2025-09-15 23:59:57.157000+00:00,PERP-USDT-SWAP,3300120.0,1757980797157
2025-09-15 23:59:57.126000+00:00,PI-USDT-SWAP,33701670.0,1757980797126
2025-09-15 23:59:57.139000+00:00,PLUME-USDT-SWAP,21816920.0,1757980797139
2025-09-15 23:59:57.124000+00:00,PNUT-USDT-SWAP,38613210.0,1757980797124
2025-09-15 23:59:57.132000+00:00,POL-USDT-SWAP,35920640.0,1757980797132
2025-09-15 23:59:57.139000+00:00,POPCAT-USDT-SWAP,9769620.0,1757980797139
2025-09-15 23:59:57.260000+00:00,PRCL-USDT-SWAP,17427915.0,1757980797260
2025-09-15 23:59:57.146000+00:00,PROMPT-USDT-SWAP,32348340.0,1757980797146
2025-09-15 23:59:57.135000+00:00,PUMP-USDT-SWAP,8090570000.0,1757980797135
2025-09-15 23:59:57.157000+00:00,PYTH-USDT-SWAP,49144330.0,1757980797157
2025-09-15 23:59:57.752000+00:00,QTUM-USDT-SWAP,1183336.0,1757980797752
2025-09-15 23:59:57.752000+00:00,RAY-USDT-SWAP,1209838.0,1757980797752
2025-09-15 23:59:57.758000+00:00,RENDER-USDT-SWAP,1347665.0,1757980797758
2025-09-15 23:59:57.755000+00:00,RESOLV-USDT-SWAP,23096800.0,1757980797755
2025-09-15 23:59:57.758000+00:00,RSR-USDT-SWAP,263525900.0,1757980797758
2025-09-15 23:59:57.764000+00:00,RVN-USDT-SWAP,72943560.0,1757980797764
2025-09-15 23:59:58.237000+00:00,S-USDT-SWAP,12483500.0,1757980798237
2025-09-15 23:59:57.790000+00:00,SAHARA-USDT-SWAP,37652870.0,1757980797790
2025-09-15 23:59:57.777000+00:00,SAND-USDT-SWAP,17345570.0,1757980797777
2025-09-15 23:59:57.758000+00:00,SATS-USDT-SWAP,210801590000000.0,1757980797758
2025-09-15 23:59:58.714000+00:00,SCR-USDT-SWAP,2704692.0,1757980798714
2025-09-15 23:59:58.706000+00:00,SHELL-USDT-SWAP,5492390.0,1757980798706
2025-09-15 23:59:58.718000+00:00,SHIB-USDT-SWAP,1687306900000.0002,1757980798718
2025-09-15 23:59:58.698000+00:00,SIGN-USDT-SWAP,44231200.0,1757980798698
2025-09-15 23:59:59.108000+00:00,SLP-USDT-SWAP,418475260.0,1757980799108
2025-09-15 23:59:58.711000+00:00,SNX-USDT-SWAP,2274247.0,1757980798711
2025-09-15 23:59:58.723000+00:00,SOL-USDT-SWAP,3513498.2800000017,1757980798723
2025-09-15 23:59:58.723000+00:00,SOLV-USDT-SWAP,55966600.0,1757980798723
2025-09-15 23:59:58.715000+00:00,SONIC-USDT-SWAP,10724210.0,1757980798715
2025-09-15 23:59:58.720000+00:00,SOON-USDT-SWAP,6798870.0,1757980798720
2025-09-15 23:59:59.545000+00:00,SOPH-USDT-SWAP,78062500.0,1757980799545
2025-09-15 23:59:59.565000+00:00,SPK-USDT-SWAP,101844100.0,1757980799565
2025-09-15 23:59:59.544000+00:00,SPX-USDT-SWAP,935444.0,1757980799544
2025-09-15 23:59:59.566000+00:00,SSV-USDT-SWAP,313030.0,1757980799566
2025-09-15 23:59:59.553000+00:00,STORJ-USDT-SWAP,5691730.0,1757980799553
2025-09-15 23:59:59.547000+00:00,STRK-USDT-SWAP,32883892.0,1757980799547
2025-09-15 23:59:59.568000+00:00,STX-USDT-SWAP,6301832.0,1757980799568
2025-09-15 23:59:59.548000+00:00,SUI-USDT-SWAP,21647159.0,1757980799548
2025-09-15 23:59:59.543000+00:00,SUSHI-USDT-SWAP,8374586.0,1757980799543
2025-09-15 23:59:59.551000+00:00,SWARMS-USDT-SWAP,77251150.0,1757980799551
2025-09-16 00:00:00.024000+00:00,SYRUP-USDT-SWAP,2246730.0,1757980800024
2025-09-16 00:00:00.020000+00:00,T-USDT-SWAP,48556100.0,1757980800020
2025-09-16 00:00:00.054000+00:00,TAO-USDT-SWAP,13260.22,1757980800054
2025-09-16 00:00:00.017000+00:00,THETA-USDT-SWAP,2973107.0,1757980800017
2025-09-16 00:00:00.029000+00:00,TIA-USDT-SWAP,5009852.0,1757980800029
2025-09-16 00:00:00.022000+00:00,TNSR-USDT-SWAP,8963560.0,1757980800022
2025-09-16 00:00:00.016000+00:00,TON-USDT-SWAP,8656427.0,1757980800016
2025-09-16 00:00:00.012000+00:00,TRB-USDT-SWAP,242368.5,1757980800012
2025-09-16 00:00:00.015000+00:00,TREE-USDT-SWAP,8101242.0,1757980800015
2025-09-16 00:00:00.019000+00:00,TRUMP-USDT-SWAP,5319730.4,1757980800019
2025-09-16 00:00:00.484000+00:00,TRX-USDT-SWAP,89779400.00000004,1757980800484
2025-09-16 00:00:00.489000+00:00,TURBO-USDT-SWAP,887929000.0000001,1757980800489
2025-09-16 00:00:00.532000+00:00,UMA-USDT-SWAP,1413305.7,1757980800532
2025-09-16 00:00:00.495000+00:00,UNI-USDT-SWAP,3818605.0,1757980800495
2025-09-16 00:00:00.485000+00:00,USDC-USDT-SWAP,885650.0,1757980800485
2025-09-16 00:00:00.497000+00:00,USELESS-USDT-SWAP,12145370.0,1757980800497
2025-09-16 00:00:00.504000+00:00,USTC-USDT-SWAP,79788000.0,1757980800504
2025-09-16 00:00:00.485000+00:00,UXLINK-USDT-SWAP,5790310.0,1757980800485
2025-09-16 00:00:00.501000+00:00,VANA-USDT-SWAP,135819.0,1757980800501
2025-09-16 00:00:00.500000+00:00,VINE-USDT-SWAP,105403190.0,1757980800500
2025-09-16 00:00:00.976000+00:00,VIRTUAL-USDT-SWAP,3776688.0,1757980800976
2025-09-16 00:00:00.972000+00:00,W-USDT-SWAP,44932242.0,1757980800972
2025-09-16 00:00:00.995000+00:00,WAL-USDT-SWAP,2168170.0,1757980800995
2025-09-16 00:00:00.982000+00:00,WCT-USDT-SWAP,9655880.0,1757980800982
2025-09-16 00:00:00.985000+00:00,WIF-USDT-SWAP,16132864.0,1757980800985
2025-09-16 00:00:00.975000+00:00,WLD-USDT-SWAP,27753517.0,1757980800975
2025-09-16 00:00:00.996000+00:00,WLFI-USDT-SWAP,253826830.0,1757980800996
2025-09-16 00:00:00.981000+00:00,WOO-USDT-SWAP,18064860.0,1757980800981
2025-09-16 00:00:00.973000+00:00,XAUT-USDT-SWAP,5321.925,1757980800973
2025-09-16 00:00:01.457000+00:00,XLM-USDT-SWAP,40911579.99999999,1757980801457
2025-09-16 00:00:01.457000+00:00,XPL-USDT-SWAP,6890110.0,1757980801457
2025-09-16 00:00:01.465000+00:00,XRP-USDT-SWAP,98397071.99999996,1757980801465
2025-09-16 00:00:01.462000+00:00,XTZ-USDT-SWAP,5794557.0,1757980801462
2025-09-16 00:00:01.467000+00:00,YFI-USDT-SWAP,375.6116,1757980801467
2025-09-16 00:00:01.455000+00:00,YGG-USDT-SWAP,43413118.0,1757980801455
2025-09-16 00:00:01.467000+00:00,ZENT-USDT-SWAP,163983200.0,1757980801467
2025-09-16 00:00:01.457000+00:00,ZETA-USDT-SWAP,5698930.0,1757980801457
2025-09-16 00:00:01.463000+00:00,ZIL-USDT-SWAP,165632000.0,1757980801463
2025-09-16 00:00:01.915000+00:00,ZK-USDT-SWAP,51165550.0,1757980801915
2025-09-16 00:00:01.947000+00:00,ZRO-USDT-SWAP,1678289.0,1757980801947
2025-09-16 00:00:01.917000+00:00,ZRX-USDT-SWAP,6819860.0,1757980801917
2025-09-16 00:01:02.685000+00:00,1INCH-USDT-SWAP,7170989.0,1757980862685
2025-09-16 00:01:02.665000+00:00,A-USDT-SWAP,10769290.0,1757980862665
2025-09-16 00:01:02.664000+00:00,AAVE-USDT-SWAP,132323.68000000005,1757980862664
2025-09-16 00:01:02.687000+00:00,ACE-USDT-SWAP,2897764.0,1757980862687
2025-09-16 00:01:02.699000+00:00,ACH-USDT-SWAP,89583200.0,1757980862699
2025-09-16 00:01:02.677000+00:00,ACT-USDT-SWAP,83804572.0,1757980862677
2025-09-16 00:01:02.679000+00:00,ADA-USDT-SWAP,86356760.00000006,1757980862679
2025-09-16 00:01:02.679000+00:00,AERO-USDT-SWAP,2472100.0,1757980862679
2025-09-16 00:01:02.708000+00:00,AEVO-USDT-SWAP,14202117.0,1757980862708
2025-09-16 00:01:02.681000+00:00,AGLD-USDT-SWAP,2050914.0,1757980862681
2025-09-16 00:01:03.147000+00:00,AI16Z-USDT-SWAP,51908322.0,1757980863147
2025-09-16 00:01:03.139000+00:00,AIXBT-USDT-SWAP,22755650.0,1757980863139
2025-09-16 00:01:03.148000+00:00,ALGO-USDT-SWAP,28561520.0,1757980863148
2025-09-16 00:01:03.141000+00:00,ANIME-USDT-SWAP,97179110.0,1757980863141
2025-09-16 00:01:03.193000+00:00,APE-USDT-SWAP,8472445.3,1757980863193
2025-09-16 00:01:03.159000+00:00,API3-USDT-SWAP,2403614.0,1757980863159
2025-09-16 00:01:03.134000+00:00,APT-USDT-SWAP,3628541.0,1757980863134
2025-09-16 00:01:03.153000+00:00,AR-USDT-SWAP,496785.4,1757980863153
2025-09-16 00:01:03.137000+00:00,ARB-USDT-SWAP,35212079.99999999,1757980863137
2025-09-16 00:01:03.622000+00:00,ARC-USDT-SWAP,94337030.0,1757980863622
2025-09-16 00:01:03.617000+00:00,ARKM-USDT-SWAP,3629049.0,1757980863617
2025-09-16 00:01:03.639000+00:00,ATH-USDT-SWAP,175087300.0,1757980863639
2025-09-16 00:01:03.624000+00:00,ATOM-USDT-SWAP,1938362.0,1757980863624
2025-09-16 00:01:03.618000+00:00,AUCTION-USDT-SWAP,207407.6,1757980863618
2025-09-16 00:01:03.631000+00:00,AVAAI-USDT-SWAP,83135810.0,1757980863631
2025-09-16 00:01:03.635000+00:00,AVAX-USDT-SWAP,2082203.3,1757980863635
2025-09-16 00:01:03.628000+00:00,AXS-USDT-SWAP,1173420.9,1757980863628
2025-09-16 00:01:03.622000+00:00,BABY-USDT-SWAP,33409210.0,1757980863622
2025-09-16 00:01:03.618000+00:00,BAND-USDT-SWAP,1488685.0,1757980863618
2025-09-16 00:01:04.068000+00:00,BAT-USDT-SWAP,4996550.0,1757980864068
2025-09-16 00:01:04.062000+00:00,BCH-USDT-SWAP,68516.56999999999,1757980864062
2025-09-16 00:01:04.089000+00:00,BERA-USDT-SWAP,2596567.3,1757980864089
2025-09-16 00:01:04.068000+00:00,BICO-USDT-SWAP,7573026.0,1757980864068
2025-09-16 00:01:04.069000+00:00,BIGTIME-USDT-SWAP,38003130.0,1757980864069
2025-09-16 00:01:04.065000+00:00,BIO-USDT-SWAP,63837661.0,1757980864065
2025-09-16 00:01:04.076000+00:00,BLUR-USDT-SWAP,25289840.0,1757980864076
2025-09-16 00:01:04.078000+00:00,BNB-USDT-SWAP,101923.14,1757980864078
2025-09-16 00:01:04.065000+00:00,BNT-USDT-SWAP,705340.0,1757980864065
2025-09-16 00:01:04.073000+00:00,BOME-USDT-SWAP,1134161000.0,1757980864073
2025-09-16 00:01:04.541000+00:00,BONK-USDT-SWAP,475668300000.0,1757980864541
2025-09-16 00:01:04.536000+00:00,BRETT-USDT-SWAP,15905800.0,1757980864536
2025-09-16 00:01:04.534000+00:00,BTC-USDT-SWAP,25228.18040000004,1757980864534
2025-09-16 00:01:04.536000+00:00,CAT-USDT-SWAP,139262100000.0,1757980864536
2025-09-16 00:01:04.545000+00:00,CATI-USDT-SWAP,12711979.0,1757980864545
2025-09-16 00:01:04.537000+00:00,CELO-USDT-SWAP,3903336.0,1757980864537
2025-09-16 00:01:04.536000+00:00,CETUS-USDT-SWAP,22554380.0,1757980864536
2025-09-16 00:01:04.545000+00:00,CFX-USDT-SWAP,84837650.0,1757980864545
2025-09-16 00:01:04.526000+00:00,CHZ-USDT-SWAP,80506130.0,1757980864526
2025-09-16 00:01:04.538000+00:00,COMP-USDT-SWAP,86468.0,1757980864538
2025-09-16 00:01:04.982000+00:00,COOKIE-USDT-SWAP,3951630.0,1757980864982
2025-09-16 00:01:04.966000+00:00,CORE-USDT-SWAP,9655703.0,1757980864966
2025-09-16 00:01:04.969000+00:00,CRO-USDT-SWAP,54011520.0,1757980864969
2025-09-16 00:01:04.976000+00:00,CRV-USDT-SWAP,24505452.0,1757980864976
2025-09-16 00:01:04.972000+00:00,CTC-USDT-SWAP,1794810.0,1757980864972
2025-09-16 00:01:04.986000+00:00,CVC-USDT-SWAP,9104000.0,1757980864986
2025-09-16 00:01:04.994000+00:00,CVX-USDT-SWAP,346127.0,1757980864994
2025-09-16 00:01:05.095000+00:00,DEGEN-USDT-SWAP,437617300.0,1757980865095
2025-09-16 00:01:05.543000+00:00,DOGE-USDT-SWAP,1732729990.000001,1757980865543
2025-09-16 00:01:05.524000+00:00,DOGS-USDT-SWAP,16255836000.0,1757980865524
2025-09-16 00:01:05.553000+00:00,DOOD-USDT-SWAP,169450000.0,1757980865553
2025-09-16 00:01:05.533000+00:00,DOT-USDT-SWAP,5968996.0,1757980865533
2025-09-16 00:01:05.528000+00:00,DUCK-USDT-SWAP,664684100.0,1757980865528
2025-09-16 00:01:05.521000+00:00,DYDX-USDT-SWAP,11110568.0,1757980865521
2025-09-16 00:01:05.529000+00:00,EGLD-USDT-SWAP,125958.5,1757980865529
2025-09-16 00:01:05.528000+00:00,EIGEN-USDT-SWAP,3405734.0,1757980865528
2025-09-16 00:01:05.518000+00:00,ENJ-USDT-SWAP,13459860.0,1757980865518
2025-09-16 00:01:05.531000+00:00,ENS-USDT-SWAP,310187.9,1757980865531
2025-09-16 00:01:06+00:00,ETC-USDT-SWAP,1176837.6000000003,1757980866000
2025-09-16 00:01:05.993000+00:00,ETH-USDT-SWAP,766209.9420000018,1757980865993
2025-09-16 00:01:05.998000+00:00,ETHFI-USDT-SWAP,8166087.0,1757980865998
2025-09-16 00:01:06.021000+00:00,ETHW-USDT-SWAP,1242616.9,1757980866021
2025-09-16 00:01:05.999000+00:00,FARTCOIN-USDT-SWAP,23049808.0,1757980865999
2025-09-16 00:01:06.014000+00:00,FIL-USDT-SWAP,13269833.8,1757980866014
2025-09-16 00:01:06.004000+00:00,FLM-USDT-SWAP,41999570.0,1757980866004
2025-09-16 00:01:06.003000+00:00,FLOKI-USDT-SWAP,39932300000.0,1757980866003
2025-09-16 00:01:06.016000+00:00,FLOW-USDT-SWAP,4579130.0,1757980866016
2025-09-16 00:01:06.005000+00:00,FXS-USDT-SWAP,399169.0,1757980866005
2025-09-16 00:01:06.471000+00:00,GALA-USDT-SWAP,425749640.0,1757980866471
2025-09-16 00:01:06.445000+00:00,GAS-USDT-SWAP,358475.0,1757980866445
2025-09-16 00:01:06.475000+00:00,GLM-USDT-SWAP,3053260.0,1757980866475
2025-09-16 00:01:06.452000+00:00,GMT-USDT-SWAP,44514045.0,1757980866452
2025-09-16 00:01:06.454000+00:00,GMX-USDT-SWAP,62059.1,1757980866454
2025-09-16 00:01:06.457000+00:00,GOAT-USDT-SWAP,27164180.0,1757980866457
2025-09-16 00:01:06.461000+00:00,GODS-USDT-SWAP,7273262.0,1757980866461
2025-09-16 00:01:06.457000+00:00,GPS-USDT-SWAP,143321710.0,1757980866457
2025-09-16 00:01:06.450000+00:00,GRASS-USDT-SWAP,2805378.0,1757980866450
2025-09-16 00:01:06.469000+00:00,GRIFFAIN-USDT-SWAP,26050850.0,1757980866469
2025-09-16 00:01:06.958000+00:00,GRT-USDT-SWAP,23355040.0,1757980866958
2025-09-16 00:01:06.957000+00:00,H-USDT-SWAP,106977400.0,1757980866957
2025-09-16 00:01:06.959000+00:00,HBAR-USDT-SWAP,74230240.0,1757980866959
2025-09-16 00:01:06.955000+00:00,HMSTR-USDT-SWAP,1152862000.0,1757980866955
2025-09-16 00:01:06.961000+00:00,HOME-USDT-SWAP,20492600.0,1757980866961
2025-09-16 00:01:06.952000+00:00,HUMA-USDT-SWAP,68679600.0,1757980866952
2025-09-16 00:01:06.957000+00:00,HYPE-USDT-SWAP,888681.8,1757980866957
2025-09-16 00:01:06.975000+00:00,ICP-USDT-SWAP,1616520.08,1757980866975
2025-09-16 00:01:06.952000+00:00,ICX-USDT-SWAP,5528770.0,1757980866952
2025-09-16 00:01:06.961000+00:00,IMX-USDT-SWAP,6718772.0,1757980866961
2025-09-16 00:01:07.417000+00:00,INIT-USDT-SWAP,2282920.0,1757980867417
2025-09-16 00:01:07.411000+00:00,INJ-USDT-SWAP,869052.3,1757980867411
2025-09-16 00:01:07.463000+00:00,IOST-USDT-SWAP,259126000.0,1757980867463
2025-09-16 00:01:07.416000+00:00,IOTA-USDT-SWAP,14849190.0,1757980867416
2025-09-16 00:01:07.410000+00:00,IP-USDT-SWAP,2630464.0,1757980867410
2025-09-16 00:01:07.433000+00:00,JELLYJELLY-USDT-SWAP,167955800.0,1757980867433
2025-09-16 00:01:07.435000+00:00,JOE-USDT-SWAP,5767160.0,1757980867435
2025-09-16 00:01:07.413000+00:00,JTO-USDT-SWAP,4176391.0,1757980867413
2025-09-16 00:01:07.430000+00:00,JUP-USDT-SWAP,14479800.0,1757980867430
2025-09-16 00:01:07.900000+00:00,KAITO-USDT-SWAP,4197625.0,1757980867900
2025-09-16 00:01:07.898000+00:00,KMNO-USDT-SWAP,29839700.0,1757980867898
2025-09-16 00:01:07.919000+00:00,KSM-USDT-SWAP,128265.7,1757980867919
2025-09-16 00:01:07.892000+00:00,LA-USDT-SWAP,3240740.0,1757980867892
2025-09-16 00:01:07.891000+00:00,LAUNCHCOIN-USDT-SWAP,46669600.0,1757980867891
2025-09-16 00:01:07.897000+00:00,LAYER-USDT-SWAP,5695863.0,1757980867897
2025-09-16 00:01:07.924000+00:00,LDO-USDT-SWAP,14310632.0,1757980867924
2025-09-16 00:01:07.903000+00:00,LINK-USDT-SWAP,2513803.6999999993,1757980867903
2025-09-16 00:01:07.889000+00:00,LPT-USDT-SWAP,684233.1,1757980867889
2025-09-16 00:01:07.910000+00:00,LQTY-USDT-SWAP,1557975.0,1757980867910
2025-09-16 00:01:08.437000+00:00,LRC-USDT-SWAP,16794980.0,1757980868437
2025-09-16 00:01:08.444000+00:00,LTC-USDT-SWAP,662250.6999999997,1757980868444
2025-09-16 00:01:08.441000+00:00,LUNA-USDT-SWAP,15810631.0,1757980868441
2025-09-16 00:01:08.460000+00:00,LUNC-USDT-SWAP,24347340000.0,1757980868460
2025-09-16 00:01:08.462000+00:00,MAGIC-USDT-SWAP,15786161.0,1757980868462
2025-09-16 00:01:08.427000+00:00,MAJOR-USDT-SWAP,5085330.0,1757980868427
2025-09-16 00:01:08.469000+00:00,MANA-USDT-SWAP,10427320.0,1757980868469
2025-09-16 00:01:08.453000+00:00,MASK-USDT-SWAP,3009531.0,1757980868453
2025-09-16 00:01:08.435000+00:00,ME-USDT-SWAP,3668294.0,1757980868435
2025-09-16 00:01:08.434000+00:00,MEME-USDT-SWAP,1492909200.0,1757980868434
2025-09-16 00:01:08.956000+00:00,MERL-USDT-SWAP,55690557.0,1757980868956
2025-09-16 00:01:08.947000+00:00,METIS-USDT-SWAP,109748.4,1757980868947
2025-09-16 00:01:08.940000+00:00,MEW-USDT-SWAP,1028708000.0,1757980868940
2025-09-16 00:01:08.931000+00:00,MINA-USDT-SWAP,7667713.0,1757980868931
2025-09-16 00:01:08.926000+00:00,MOG-USDT-SWAP,611400000000.0,1757980868926
2025-09-16 00:01:09.018000+00:00,MOODENG-USDT-SWAP,59187720.0,1757980869018
2025-09-16 00:01:08.939000+00:00,MORPHO-USDT-SWAP,1466550.0,1757980868939
2025-09-16 00:01:08.929000+00:00,MOVE-USDT-SWAP,24295260.0,1757980868929
2025-09-16 00:01:08.935000+00:00,MUBARAK-USDT-SWAP,13715800.0,1757980868935
2025-09-16 00:01:09.462000+00:00,NEAR-USDT-SWAP,5204988.0,1757980869462
2025-09-16 00:01:09.445000+00:00,NEIRO-USDT-SWAP,9888105000.0,1757980869445
2025-09-16 00:01:09.459000+00:00,NEO-USDT-SWAP,385348.0,1757980869459
2025-09-16 00:01:09.447000+00:00,NEWT-USDT-SWAP,3248700.0,1757980869447
2025-09-16 00:01:09.596000+00:00,NMR-USDT-SWAP,391260.3,1757980869596
2025-09-16 00:01:09.456000+00:00,NOT-USDT-SWAP,1540561800.0,1757980869456
2025-09-16 00:01:09.453000+00:00,NXPC-USDT-SWAP,1199925.0,1757980869453
2025-09-16 00:01:09.500000+00:00,OL-USDT-SWAP,73552970.0,1757980869500
2025-09-16 00:01:09.461000+00:00,OM-USDT-SWAP,24327836.999999996,1757980869461
2025-09-16 00:01:10.048000+00:00,ONDO-USDT-SWAP,23130080.0,1757980870048
2025-09-16 00:01:10.032000+00:00,ONE-USDT-SWAP,79573400.0,1757980870032
2025-09-16 00:01:10.033000+00:00,ONT-USDT-SWAP,10492570.0,1757980870033
2025-09-16 00:01:10.026000+00:00,OP-USDT-SWAP,21136608.0,1757980870026
2025-09-16 00:01:10.038000+00:00,ORBS-USDT-SWAP,27352600.0,1757980870038
2025-09-16 00:01:10.032000+00:00,ORDI-USDT-SWAP,1361705.7,1757980870032
2025-09-16 00:01:10.044000+00:00,PARTI-USDT-SWAP,15383860.0,1757980870044
2025-09-16 00:01:10.064000+00:00,PENGU-USDT-SWAP,541757700.0,1757980870064
2025-09-16 00:01:10.028000+00:00,PEOPLE-USDT-SWAP,344685700.0,1757980870028
2025-09-16 00:01:10.439000+00:00,PEPE-USDT-SWAP,9372896000000.008,1757980870439
2025-09-16 00:01:10.873000+00:00,PERP-USDT-SWAP,3299342.0,1757980870873
2025-09-16 00:01:10.867000+00:00,PI-USDT-SWAP,33776880.0,1757980870867
2025-09-16 00:01:10.873000+00:00,PLUME-USDT-SWAP,21779220.0,1757980870873
2025-09-16 00:01:10.891000+00:00,PNUT-USDT-SWAP,39026430.0,1757980870891
2025-09-16 00:01:10.880000+00:00,POL-USDT-SWAP,35916930.0,1757980870880
2025-09-16 00:01:10.880000+00:00,POPCAT-USDT-SWAP,9769840.0,1757980870880
2025-09-16 00:01:10.894000+00:00,PRCL-USDT-SWAP,17406369.0,1757980870894
2025-09-16 00:01:10.872000+00:00,PROMPT-USDT-SWAP,32330960.0,1757980870872
2025-09-16 00:01:10.863000+00:00,PUMP-USDT-SWAP,8089109000.0,1757980870863
2025-09-16 00:01:10.884000+00:00,PYTH-USDT-SWAP,49121940.0,1757980870884
2025-09-16 00:01:11.377000+00:00,QTUM-USDT-SWAP,1184295.0,1757980871377
2025-09-16 00:01:11.363000+00:00,RAY-USDT-SWAP,1209921.0,1757980871363
2025-09-16 00:01:11.472000+00:00,RENDER-USDT-SWAP,1347163.0,1757980871472
2025-09-16 00:01:11.368000+00:00,RESOLV-USDT-SWAP,23080610.0,1757980871368
2025-09-16 00:01:11.388000+00:00,RSR-USDT-SWAP,263498700.0,1757980871388
2025-09-16 00:01:11.387000+00:00,RVN-USDT-SWAP,72941920.0,1757980871387
2025-09-16 00:01:11.379000+00:00,S-USDT-SWAP,12484670.0,1757980871379
2025-09-16 00:01:11.367000+00:00,SAHARA-USDT-SWAP,37548200.0,1757980871367
2025-09-16 00:01:11.364000+00:00,SAND-USDT-SWAP,17316210.0,1757980871364
2025-09-16 00:01:11.387000+00:00,SATS-USDT-SWAP,210806210000000.0,1757980871387
2025-09-16 00:01:11.903000+00:00,SCR-USDT-SWAP,2705550.0,1757980871903
2025-09-16 00:01:11.905000+00:00,SHELL-USDT-SWAP,5492400.0,1757980871905
2025-09-16 00:01:11.902000+00:00,SHIB-USDT-SWAP,1686656500000.0002,1757980871902
2025-09-16 00:01:11.905000+00:00,SIGN-USDT-SWAP,44239500.0,1757980871905
2025-09-16 00:01:11.908000+00:00,SLP-USDT-SWAP,418506180.0,1757980871908
2025-09-16 00:01:11.900000+00:00,SNX-USDT-SWAP,2274656.0,1757980871900
2025-09-16 00:01:11.912000+00:00,SOL-USDT-SWAP,3514029.790000002,1757980871912
2025-09-16 00:01:11.927000+00:00,SOLV-USDT-SWAP,55961000.0,1757980871927
2025-09-16 00:01:11.906000+00:00,SONIC-USDT-SWAP,10722093.0,1757980871906
2025-09-16 00:01:11.910000+00:00,SOON-USDT-SWAP,6798780.0,1757980871910
2025-09-16 00:01:12.361000+00:00,SOPH-USDT-SWAP,78054400.0,1757980872361
2025-09-16 00:01:12.358000+00:00,SPK-USDT-SWAP,101753200.0,1757980872358
2025-09-16 00:01:12.370000+00:00,SPX-USDT-SWAP,935720.0,1757980872370
2025-09-16 00:01:12.371000+00:00,SSV-USDT-SWAP,312990.8,1757980872371
2025-09-16 00:01:12.371000+00:00,STORJ-USDT-SWAP,5692330.0,1757980872371
2025-09-16 00:01:12.365000+00:00,STRK-USDT-SWAP,32740460.0,1757980872365
2025-09-16 00:01:12.376000+00:00,STX-USDT-SWAP,6302066.0,1757980872376
2025-09-16 00:01:12.368000+00:00,SUI-USDT-SWAP,21678850.0,1757980872368
2025-09-16 00:01:12.362000+00:00,SUSHI-USDT-SWAP,8371909.0,1757980872362
2025-09-16 00:01:12.364000+00:00,SWARMS-USDT-SWAP,77215400.0,1757980872364
2025-09-16 00:01:12.830000+00:00,SYRUP-USDT-SWAP,2246760.0,1757980872830
2025-09-16 00:01:12.832000+00:00,T-USDT-SWAP,48539800.0,1757980872832
2025-09-16 00:01:12.840000+00:00,TAO-USDT-SWAP,13263.47,1757980872840
2025-09-16 00:01:12.818000+00:00,THETA-USDT-SWAP,2972624.9999999995,1757980872818
2025-09-16 00:01:12.838000+00:00,TIA-USDT-SWAP,5010130.0,1757980872838
2025-09-16 00:01:12.840000+00:00,TNSR-USDT-SWAP,8963193.0,1757980872840
2025-09-16 00:01:12.834000+00:00,TON-USDT-SWAP,8655671.0,1757980872834
2025-09-16 00:01:12.822000+00:00,TRB-USDT-SWAP,242366.4,1757980872822
2025-09-16 00:01:12.822000+00:00,TREE-USDT-SWAP,8041757.0,1757980872822
2025-09-16 00:01:12.823000+00:00,TRUMP-USDT-SWAP,5323946.9,1757980872823
2025-09-16 00:01:13.282000+00:00,TRX-USDT-SWAP,89776700.00000006,1757980873282
2025-09-16 00:01:13.267000+00:00,TURBO-USDT-SWAP,888099000.0000001,1757980873267
2025-09-16 00:01:13.274000+00:00,UMA-USDT-SWAP,1413591.9,1757980873274
2025-09-16 00:01:13.279000+00:00,UNI-USDT-SWAP,3816556.0,1757980873279
2025-09-16 00:01:13.270000+00:00,USDC-USDT-SWAP,885650.0,1757980873270
2025-09-16 00:01:13.271000+00:00,USELESS-USDT-SWAP,12142610.0,1757980873271
2025-09-16 00:01:13.296000+00:00,USTC-USDT-SWAP,79802100.0,1757980873296
2025-09-16 00:01:13.281000+00:00,UXLINK-USDT-SWAP,5789990.0,1757980873281
2025-09-16 00:01:13.268000+00:00,VANA-USDT-SWAP,135816.1,1757980873268
2025-09-16 00:01:13.280000+00:00,VINE-USDT-SWAP,105247230.0,1757980873280
2025-09-16 00:01:13.727000+00:00,VIRTUAL-USDT-SWAP,3757759.0,1757980873727
2025-09-16 00:01:13.722000+00:00,W-USDT-SWAP,44921715.0,1757980873722
2025-09-16 00:01:13.731000+00:00,WAL-USDT-SWAP,2167720.0,1757980873731
2025-09-16 00:01:13.758000+00:00,WCT-USDT-SWAP,9654260.0,1757980873758
2025-09-16 00:01:13.752000+00:00,WIF-USDT-SWAP,16126903.0,1757980873752
2025-09-16 00:01:13.739000+00:00,WLD-USDT-SWAP,27764230.0,1757980873739
2025-09-16 00:01:13.734000+00:00,WLFI-USDT-SWAP,253600150.0,1757980873734
2025-09-16 00:01:13.736000+00:00,WOO-USDT-SWAP,18052750.0,1757980873736
2025-09-16 00:01:13.731000+00:00,XAUT-USDT-SWAP,5320.567,1757980873731
2025-09-16 00:01:14.200000+00:00,XLM-USDT-SWAP,40916779.99999999,1757980874200
2025-09-16 00:01:14.201000+00:00,XPL-USDT-SWAP,6892000.0,1757980874201
2025-09-16 00:01:14.214000+00:00,XRP-USDT-SWAP,98399172.99999996,1757980874214
2025-09-16 00:01:14.200000+00:00,XTZ-USDT-SWAP,5793168.0,1757980874200
2025-09-16 00:01:14.214000+00:00,YFI-USDT-SWAP,375.5912,1757980874214
2025-09-16 00:01:14.216000+00:00,YGG-USDT-SWAP,43313950.0,1757980874216
2025-09-16 00:01:14.212000+00:00,ZENT-USDT-SWAP,164129500.0,1757980874212
2025-09-16 00:01:14.282000+00:00,ZETA-USDT-SWAP,5699590.0,1757980874282
2025-09-16 00:01:14.218000+00:00,ZIL-USDT-SWAP,165588200.0,1757980874218
2025-09-16 00:01:14.708000+00:00,ZK-USDT-SWAP,51169780.0,1757980874708
2025-09-16 00:01:14.709000+00:00,ZRO-USDT-SWAP,1677899.0,1757980874709
2025-09-16 00:01:14.710000+00:00,ZRX-USDT-SWAP,6819080.0,1757980874710
2025-09-16 01:54:53.240000+00:00,1INCH-USDT-SWAP,7191045.0,1757987693240
2025-09-16 01:54:53.283000+00:00,A-USDT-SWAP,10852640.0,1757987693283
2025-09-16 01:54:53.241000+00:00,AAVE-USDT-SWAP,132940.85000000003,1757987693241
2025-09-16 01:54:53.240000+00:00,ACE-USDT-SWAP,2895412.0,1757987693240
2025-09-16 01:54:53.303000+00:00,ACH-USDT-SWAP,90001700.0,1757987693303
2025-09-16 01:54:53.250000+00:00,ACT-USDT-SWAP,83210530.0,1757987693250
2025-09-16 01:54:53.245000+00:00,ADA-USDT-SWAP,86060660.00000007,1757987693245
2025-09-16 01:54:53.230000+00:00,AERO-USDT-SWAP,2384470.0,1757987693230
2025-09-16 01:54:53.235000+00:00,AEVO-USDT-SWAP,14178775.0,1757987693235
2025-09-16 01:54:53.243000+00:00,AGLD-USDT-SWAP,2060405.0,1757987693243
2025-09-16 01:54:53.735000+00:00,AI16Z-USDT-SWAP,52160792.0,1757987693735
2025-09-16 01:54:54.176000+00:00,AIXBT-USDT-SWAP,23426170.0,1757987694176
2025-09-16 01:54:53.743000+00:00,ALGO-USDT-SWAP,28704990.0,1757987693743
2025-09-16 01:54:53.742000+00:00,ANIME-USDT-SWAP,97307910.0,1757987693742
2025-09-16 01:54:53.739000+00:00,APE-USDT-SWAP,8494878.4,1757987693739
2025-09-16 01:54:53.742000+00:00,API3-USDT-SWAP,2414820.0,1757987693742
2025-09-16 01:54:53.743000+00:00,APT-USDT-SWAP,3634019.0,1757987693743
2025-09-16 01:54:53.749000+00:00,AR-USDT-SWAP,497997.3,1757987693749
2025-09-16 01:54:53.737000+00:00,ARB-USDT-SWAP,35463758.0,1757987693737
2025-09-16 01:54:54.628000+00:00,ARC-USDT-SWAP,92057090.0,1757987694628
2025-09-16 01:54:54.654000+00:00,ARKM-USDT-SWAP,3641234.0,1757987694654
2025-09-16 01:54:54.616000+00:00,ATH-USDT-SWAP,179945000.0,1757987694616
2025-09-16 01:54:54.621000+00:00,ATOM-USDT-SWAP,1917238.0,1757987694621
2025-09-16 01:54:54.615000+00:00,AUCTION-USDT-SWAP,207837.6,1757987694615
2025-09-16 01:54:54.616000+00:00,AVAAI-USDT-SWAP,82480240.0,1757987694616
2025-09-16 01:54:54.637000+00:00,AVAX-USDT-SWAP,2091348.7,1757987694637
2025-09-16 01:54:54.611000+00:00,AXS-USDT-SWAP,1177515.0,1757987694611
2025-09-16 01:54:54.645000+00:00,BABY-USDT-SWAP,33142080.0,1757987694645
2025-09-16 01:54:54.618000+00:00,BAND-USDT-SWAP,1483316.0,1757987694618
2025-09-16 01:54:55.107000+00:00,BAT-USDT-SWAP,4977750.0,1757987695107
2025-09-16 01:54:55.111000+00:00,BCH-USDT-SWAP,68743.87999999998,1757987695111
2025-09-16 01:54:55.111000+00:00,BERA-USDT-SWAP,2655774.4,1757987695111
2025-09-16 01:54:55.095000+00:00,BICO-USDT-SWAP,7528823.0,1757987695095
2025-09-16 01:54:55.109000+00:00,BIGTIME-USDT-SWAP,38113600.0,1757987695109
2025-09-16 01:54:55.103000+00:00,BIO-USDT-SWAP,65546308.0,1757987695103
2025-09-16 01:54:55.090000+00:00,BLUR-USDT-SWAP,25444590.0,1757987695090
2025-09-16 01:54:55.095000+00:00,BNB-USDT-SWAP,101927.61,1757987695095
2025-09-16 01:54:55.112000+00:00,BNT-USDT-SWAP,707450.0,1757987695112
2025-09-16 01:54:55.101000+00:00,BOME-USDT-SWAP,1138334000.0,1757987695101
2025-09-16 01:54:55.552000+00:00,BONK-USDT-SWAP,472287700000.0,1757987695552
2025-09-16 01:54:55.586000+00:00,BRETT-USDT-SWAP,15802300.0,1757987695586
2025-09-16 01:54:55.560000+00:00,BTC-USDT-SWAP,25055.87270000005,1757987695560
2025-09-16 01:54:55.578000+00:00,CAT-USDT-SWAP,140528700000.0,1757987695578
2025-09-16 01:54:55.570000+00:00,CATI-USDT-SWAP,12306433.0,1757987695570
2025-09-16 01:54:55.567000+00:00,CELO-USDT-SWAP,3926171.0,1757987695567
2025-09-16 01:54:55.563000+00:00,CETUS-USDT-SWAP,22572310.0,1757987695563
2025-09-16 01:54:55.565000+00:00,CFX-USDT-SWAP,85093090.0,1757987695565
2025-09-16 01:54:55.558000+00:00,CHZ-USDT-SWAP,80405200.0,1757987695558
2025-09-16 01:54:55.552000+00:00,COMP-USDT-SWAP,86450.6,1757987695552
2025-09-16 01:54:56.010000+00:00,COOKIE-USDT-SWAP,3995150.0,1757987696010
2025-09-16 01:54:56.024000+00:00,CORE-USDT-SWAP,9657876.0,1757987696024
2025-09-16 01:54:56.028000+00:00,CRO-USDT-SWAP,53843700.0,1757987696028
2025-09-16 01:54:56.016000+00:00,CRV-USDT-SWAP,24500967.0,1757987696016
2025-09-16 01:54:56.013000+00:00,CTC-USDT-SWAP,1785210.0,1757987696013
2025-09-16 01:54:56.022000+00:00,CVC-USDT-SWAP,9126700.0,1757987696022
2025-09-16 01:54:56.014000+00:00,CVX-USDT-SWAP,347510.0,1757987696014
2025-09-16 01:54:56.030000+00:00,DEGEN-USDT-SWAP,431928300.0,1757987696030
2025-09-16 01:54:56.495000+00:00,DOGE-USDT-SWAP,1712058050.0000002,1757987696495
2025-09-16 01:54:56.499000+00:00,DOGS-USDT-SWAP,16298321000.0,1757987696499
2025-09-16 01:54:56.486000+00:00,DOOD-USDT-SWAP,169539000.0,1757987696486
2025-09-16 01:54:56.498000+00:00,DOT-USDT-SWAP,5979660.0,1757987696498
2025-09-16 01:54:56.490000+00:00,DUCK-USDT-SWAP,660484100.0,1757987696490
2025-09-16 01:54:56.495000+00:00,DYDX-USDT-SWAP,11174919.0,1757987696495
2025-09-16 01:54:56.492000+00:00,EGLD-USDT-SWAP,127953.4,1757987696492
2025-09-16 01:54:56.496000+00:00,EIGEN-USDT-SWAP,3353484.0,1757987696496
2025-09-16 01:54:56.497000+00:00,ENJ-USDT-SWAP,13370310.0,1757987696497
2025-09-16 01:54:56.490000+00:00,ENS-USDT-SWAP,311852.4,1757987696490
2025-09-16 01:54:56.937000+00:00,ETC-USDT-SWAP,1180446.4000000004,1757987696937
2025-09-16 01:54:56.962000+00:00,ETH-USDT-SWAP,769034.0500000018,1757987696962
2025-09-16 01:54:56.937000+00:00,ETHFI-USDT-SWAP,8106409.0,1757987696937
2025-09-16 01:54:56.942000+00:00,ETHW-USDT-SWAP,1241582.4,1757987696942
2025-09-16 01:54:56.928000+00:00,FARTCOIN-USDT-SWAP,22610870.0,1757987696928
2025-09-16 01:54:56.946000+00:00,FIL-USDT-SWAP,13184474.8,1757987696946
2025-09-16 01:54:56.941000+00:00,FLM-USDT-SWAP,40818150.0,1757987696941
2025-09-16 01:54:56.932000+00:00,FLOKI-USDT-SWAP,40096500000.0,1757987696932
2025-09-16 01:54:56.930000+00:00,FLOW-USDT-SWAP,4652050.0,1757987696930
2025-09-16 01:54:56.945000+00:00,FXS-USDT-SWAP,397121.0,1757987696945
2025-09-16 01:54:57.393000+00:00,GALA-USDT-SWAP,426687820.0,1757987697393
2025-09-16 01:54:57.410000+00:00,GAS-USDT-SWAP,358375.0,1757987697410
2025-09-16 01:54:57.408000+00:00,GLM-USDT-SWAP,3059910.0,1757987697408
2025-09-16 01:54:57.410000+00:00,GMT-USDT-SWAP,44628999.0,1757987697410
2025-09-16 01:54:57.416000+00:00,GMX-USDT-SWAP,61798.8,1757987697416
2025-09-16 01:54:57.395000+00:00,GOAT-USDT-SWAP,26946330.0,1757987697395
2025-09-16 01:54:57.408000+00:00,GODS-USDT-SWAP,7135963.0,1757987697408
2025-09-16 01:54:57.394000+00:00,GPS-USDT-SWAP,145083880.0,1757987697394
2025-09-16 01:54:57.400000+00:00,GRASS-USDT-SWAP,2792891.0,1757987697400
2025-09-16 01:54:57.418000+00:00,GRIFFAIN-USDT-SWAP,26306620.0,1757987697418
2025-09-16 01:54:57.846000+00:00,GRT-USDT-SWAP,23501190.0,1757987697846
2025-09-16 01:54:57.874000+00:00,H-USDT-SWAP,106752500.0,1757987697874
2025-09-16 01:54:57.850000+00:00,HBAR-USDT-SWAP,74436490.0,1757987697850
2025-09-16 01:54:57.849000+00:00,HMSTR-USDT-SWAP,1099900300.0,1757987697849
2025-09-16 01:54:57.856000+00:00,HOME-USDT-SWAP,20376400.0,1757987697856
2025-09-16 01:54:57.845000+00:00,HUMA-USDT-SWAP,69242800.0,1757987697845
2025-09-16 01:54:57.850000+00:00,HYPE-USDT-SWAP,894745.7,1757987697850
2025-09-16 01:54:57.847000+00:00,ICP-USDT-SWAP,1619112.02,1757987697847
2025-09-16 01:54:57.870000+00:00,ICX-USDT-SWAP,5499390.0,1757987697870
2025-09-16 01:54:57.868000+00:00,IMX-USDT-SWAP,6802522.0,1757987697868
2025-09-16 01:54:58.300000+00:00,INIT-USDT-SWAP,2272710.0,1757987698300
2025-09-16 01:54:58.330000+00:00,INJ-USDT-SWAP,869573.4,1757987698330
2025-09-16 01:54:58.403000+00:00,IOST-USDT-SWAP,258955000.0,1757987698403
2025-09-16 01:54:58.300000+00:00,IOTA-USDT-SWAP,14956110.0,1757987698300
2025-09-16 01:54:58.300000+00:00,IP-USDT-SWAP,2570079.0,1757987698300
2025-09-16 01:54:58.302000+00:00,JELLYJELLY-USDT-SWAP,169197300.0,1757987698302
2025-09-16 01:54:58.321000+00:00,JOE-USDT-SWAP,5776090.0,1757987698321
2025-09-16 01:54:58.296000+00:00,JTO-USDT-SWAP,4192206.0,1757987698296
2025-09-16 01:54:58.302000+00:00,JUP-USDT-SWAP,14488600.0,1757987698302
2025-09-16 01:54:58.820000+00:00,KAITO-USDT-SWAP,4247896.0,1757987698820
2025-09-16 01:54:58.838000+00:00,KMNO-USDT-SWAP,28272400.0,1757987698838
2025-09-16 01:54:58.834000+00:00,KSM-USDT-SWAP,128841.4,1757987698834
2025-09-16 01:54:58.824000+00:00,LA-USDT-SWAP,3759220.0,1757987698824
2025-09-16 01:54:58.820000+00:00,LAUNCHCOIN-USDT-SWAP,46758620.0,1757987698820
2025-09-16 01:54:58.832000+00:00,LAYER-USDT-SWAP,5718528.0,1757987698832
2025-09-16 01:54:58.830000+00:00,LDO-USDT-SWAP,14483469.0,1757987698830
2025-09-16 01:54:58.821000+00:00,LINK-USDT-SWAP,2517455.3,1757987698821
2025-09-16 01:54:58.825000+00:00,LPT-USDT-SWAP,685290.2,1757987698825
2025-09-16 01:54:58.839000+00:00,LQTY-USDT-SWAP,1557091.0,1757987698839
2025-09-16 01:54:59.271000+00:00,LRC-USDT-SWAP,16794430.0,1757987699271
2025-09-16 01:54:59.290000+00:00,LTC-USDT-SWAP,661191.9999999998,1757987699290
2025-09-16 01:54:59.298000+00:00,LUNA-USDT-SWAP,15959312.0,1757987699298
2025-09-16 01:54:59.279000+00:00,LUNC-USDT-SWAP,24329070000.0,1757987699279
2025-09-16 01:54:59.272000+00:00,MAGIC-USDT-SWAP,16070343.0,1757987699272
2025-09-16 01:54:59.274000+00:00,MAJOR-USDT-SWAP,5065297.0,1757987699274
2025-09-16 01:54:59.284000+00:00,MANA-USDT-SWAP,10416220.0,1757987699284
2025-09-16 01:54:59.271000+00:00,MASK-USDT-SWAP,3000451.0,1757987699271
2025-09-16 01:54:59.282000+00:00,ME-USDT-SWAP,3658261.0,1757987699282
2025-09-16 01:54:59.274000+00:00,MEME-USDT-SWAP,1478380500.0,1757987699274
2025-09-16 01:54:59.727000+00:00,MERL-USDT-SWAP,71753361.0,1757987699727
2025-09-16 01:54:59.748000+00:00,METIS-USDT-SWAP,108659.5,1757987699748
2025-09-16 01:54:59.730000+00:00,MEW-USDT-SWAP,1043095000.0,1757987699730
2025-09-16 01:54:59.719000+00:00,MINA-USDT-SWAP,7652658.0,1757987699719
2025-09-16 01:54:59.726000+00:00,MOG-USDT-SWAP,609196000000.0,1757987699726
2025-09-16 01:54:59.733000+00:00,MOODENG-USDT-SWAP,59416000.0,1757987699733
2025-09-16 01:54:59.726000+00:00,MORPHO-USDT-SWAP,1473271.0,1757987699726
2025-09-16 01:54:59.725000+00:00,MOVE-USDT-SWAP,24180270.0,1757987699725
2025-09-16 01:54:59.735000+00:00,MUBARAK-USDT-SWAP,14001700.0,1757987699735
2025-09-16 01:55:00.172000+00:00,NEAR-USDT-SWAP,5216743.0,1757987700172
2025-09-16 01:55:00.271000+00:00,NEIRO-USDT-SWAP,9783212000.0,1757987700271
2025-09-16 01:55:00.601000+00:00,NEO-USDT-SWAP,377215.0,1757987700601
2025-09-16 01:55:00.173000+00:00,NEWT-USDT-SWAP,3190740.0,1757987700173
2025-09-16 01:55:00.173000+00:00,NMR-USDT-SWAP,395885.7,1757987700173
2025-09-16 01:55:00.179000+00:00,NOT-USDT-SWAP,1557194800.0,1757987700179
2025-09-16 01:55:00.188000+00:00,NXPC-USDT-SWAP,1209620.0,1757987700188
2025-09-16 01:55:00.174000+00:00,OL-USDT-SWAP,75303030.0,1757987700174
2025-09-16 01:55:00.184000+00:00,OM-USDT-SWAP,24802088.0,1757987700184
2025-09-16 01:55:01.041000+00:00,ONDO-USDT-SWAP,23179290.0,1757987701041
2025-09-16 01:55:01.060000+00:00,ONE-USDT-SWAP,80434600.0,1757987701060
2025-09-16 01:55:01.031000+00:00,ONT-USDT-SWAP,10424580.0,1757987701031
2025-09-16 01:55:01.032000+00:00,OP-USDT-SWAP,21249519.0,1757987701032
2025-09-16 01:55:01.034000+00:00,ORBS-USDT-SWAP,26997000.0,1757987701034
2025-09-16 01:55:01.037000+00:00,ORDI-USDT-SWAP,1384113.2,1757987701037
2025-09-16 01:55:01.027000+00:00,PARTI-USDT-SWAP,15368000.0,1757987701027
2025-09-16 01:55:01.028000+00:00,PENGU-USDT-SWAP,536886600.0,1757987701028
2025-09-16 01:55:01.033000+00:00,PEOPLE-USDT-SWAP,344079500.0,1757987701033
2025-09-16 01:55:01.051000+00:00,PEPE-USDT-SWAP,9394608000000.006,1757987701051
2025-09-16 01:55:01.556000+00:00,PERP-USDT-SWAP,3294088.0,1757987701556
2025-09-16 01:55:01.563000+00:00,PI-USDT-SWAP,33609019.0,1757987701563
2025-09-16 01:55:01.559000+00:00,PLUME-USDT-SWAP,21703220.0,1757987701559
2025-09-16 01:55:01.565000+00:00,PNUT-USDT-SWAP,39440170.0,1757987701565
2025-09-16 01:55:01.554000+00:00,POL-USDT-SWAP,35544590.0,1757987701554
2025-09-16 01:55:01.576000+00:00,POPCAT-USDT-SWAP,9737020.0,1757987701576
2025-09-16 01:55:01.543000+00:00,PRCL-USDT-SWAP,17432895.0,1757987701543
2025-09-16 01:55:01.542000+00:00,PROMPT-USDT-SWAP,32462500.0,1757987701542
2025-09-16 01:55:01.553000+00:00,PUMP-USDT-SWAP,8341348000.0,1757987701553
2025-09-16 01:55:01.564000+00:00,PYTH-USDT-SWAP,49223500.0,1757987701564
2025-09-16 01:55:02.011000+00:00,QTUM-USDT-SWAP,1171273.0,1757987702011
2025-09-16 01:55:02.042000+00:00,RAY-USDT-SWAP,1215832.0,1757987702042
2025-09-16 01:55:02.010000+00:00,RENDER-USDT-SWAP,1339589.0,1757987702010
2025-09-16 01:55:02.016000+00:00,RESOLV-USDT-SWAP,23073360.0,1757987702016
2025-09-16 01:55:02.029000+00:00,RSR-USDT-SWAP,263165800.0,1757987702029
2025-09-16 01:55:02.015000+00:00,RVN-USDT-SWAP,74630670.0,1757987702015
2025-09-16 01:55:02.010000+00:00,S-USDT-SWAP,12455440.0,1757987702010
2025-09-16 01:55:02.002000+00:00,SAHARA-USDT-SWAP,37450310.0,1757987702002
2025-09-16 01:55:02.032000+00:00,SAND-USDT-SWAP,17494500.0,1757987702032
2025-09-16 01:55:02.023000+00:00,SATS-USDT-SWAP,214567040000000.0,1757987702023
2025-09-16 01:55:02.472000+00:00,SCR-USDT-SWAP,2706116.0,1757987702472
2025-09-16 01:55:02.500000+00:00,SHELL-USDT-SWAP,5429770.0,1757987702500
2025-09-16 01:55:02.482000+00:00,SHIB-USDT-SWAP,1668047299999.9998,1757987702482
2025-09-16 01:55:02.474000+00:00,SIGN-USDT-SWAP,44317600.0,1757987702474
2025-09-16 01:55:02.477000+00:00,SLP-USDT-SWAP,414978700.0,1757987702477
2025-09-16 01:55:02.471000+00:00,SNX-USDT-SWAP,2277710.0,1757987702471
2025-09-16 01:55:02.485000+00:00,SOL-USDT-SWAP,3515115.9900000026,1757987702485
2025-09-16 01:55:02.495000+00:00,SOLV-USDT-SWAP,56000900.0,1757987702495
2025-09-16 01:55:02.482000+00:00,SONIC-USDT-SWAP,10139608.0,1757987702482
2025-09-16 01:55:02.478000+00:00,SOON-USDT-SWAP,6895900.0,1757987702478
2025-09-16 01:55:02.933000+00:00,SOPH-USDT-SWAP,78624900.0,1757987702933
2025-09-16 01:55:02.943000+00:00,SPK-USDT-SWAP,103138000.0,1757987702943
2025-09-16 01:55:02.973000+00:00,SPX-USDT-SWAP,933451.0,1757987702973
2025-09-16 01:55:02.932000+00:00,SSV-USDT-SWAP,311873.7,1757987702932
2025-09-16 01:55:02.943000+00:00,STORJ-USDT-SWAP,5684640.0,1757987702943
2025-09-16 01:55:02.936000+00:00,STRK-USDT-SWAP,32700028.0,1757987702936
2025-09-16 01:55:02.946000+00:00,STX-USDT-SWAP,6336483.0,1757987702946
2025-09-16 01:55:02.958000+00:00,SUI-USDT-SWAP,21970612.0,1757987702958
2025-09-16 01:55:02.928000+00:00,SUSHI-USDT-SWAP,8361995.0,1757987702928
2025-09-16 01:55:02.954000+00:00,SWARMS-USDT-SWAP,76012870.0,1757987702954
2025-09-16 01:55:03.485000+00:00,SYRUP-USDT-SWAP,2347390.0,1757987703485
2025-09-16 01:55:03.473000+00:00,T-USDT-SWAP,47731500.0,1757987703473
2025-09-16 01:55:03.459000+00:00,TAO-USDT-SWAP,13265.47,1757987703459
2025-09-16 01:55:03.456000+00:00,THETA-USDT-SWAP,2972267.9999999995,1757987703456
2025-09-16 01:55:03.472000+00:00,TIA-USDT-SWAP,5064439.0,1757987703472
2025-09-16 01:55:03.464000+00:00,TNSR-USDT-SWAP,8918639.0,1757987703464
2025-09-16 01:55:03.475000+00:00,TON-USDT-SWAP,8682533.0,1757987703475
2025-09-16 01:55:03.460000+00:00,TRB-USDT-SWAP,242976.2,1757987703460
2025-09-16 01:55:03.447000+00:00,TREE-USDT-SWAP,8647623.0,1757987703447
2025-09-16 01:55:03.455000+00:00,TRUMP-USDT-SWAP,5346743.7,1757987703455
2025-09-16 01:55:03.916000+00:00,TRX-USDT-SWAP,90264300.00000006,1757987703916
2025-09-16 01:55:03.926000+00:00,TURBO-USDT-SWAP,890290000.0,1757987703926
2025-09-16 01:55:03.926000+00:00,UMA-USDT-SWAP,1410023.2,1757987703926
2025-09-16 01:55:03.932000+00:00,UNI-USDT-SWAP,3848743.0,1757987703932
2025-09-16 01:55:03.917000+00:00,USDC-USDT-SWAP,888330.0,1757987703917
2025-09-16 01:55:03.919000+00:00,USELESS-USDT-SWAP,12093710.0,1757987703919
2025-09-16 01:55:03.939000+00:00,USTC-USDT-SWAP,79649200.0,1757987703939
2025-09-16 01:55:03.920000+00:00,UXLINK-USDT-SWAP,5846810.0,1757987703920
2025-09-16 01:55:03.912000+00:00,VANA-USDT-SWAP,136218.5,1757987703912
2025-09-16 01:55:03.922000+00:00,VINE-USDT-SWAP,102889900.0,1757987703922
2025-09-16 01:55:04.978000+00:00,VIRTUAL-USDT-SWAP,3748587.0,1757987704978
2025-09-16 01:55:05.039000+00:00,W-USDT-SWAP,45905625.0,1757987705039
2025-09-16 01:55:04.988000+00:00,WAL-USDT-SWAP,2208990.0,1757987704988
2025-09-16 01:55:04.994000+00:00,WCT-USDT-SWAP,9562950.0,1757987704994
2025-09-16 01:55:04.996000+00:00,WIF-USDT-SWAP,16047838.0,1757987704996
2025-09-16 01:55:04.984000+00:00,WLD-USDT-SWAP,28379323.0,1757987704984
2025-09-16 01:55:05.028000+00:00,WLFI-USDT-SWAP,255660050.0,1757987705028
2025-09-16 01:55:04.989000+00:00,WOO-USDT-SWAP,18211000.0,1757987704989
2025-09-16 01:55:04.984000+00:00,XAUT-USDT-SWAP,5456.297,1757987704984
2025-09-16 01:55:05.481000+00:00,XLM-USDT-SWAP,40898790.0,1757987705481
2025-09-16 01:55:05.477000+00:00,XPL-USDT-SWAP,6841160.0,1757987705477
2025-09-16 01:55:05.471000+00:00,XRP-USDT-SWAP,98893412.99999996,1757987705471
2025-09-16 01:55:05.472000+00:00,XTZ-USDT-SWAP,5774839.0,1757987705472
2025-09-16 01:55:05.468000+00:00,YFI-USDT-SWAP,372.3676,1757987705468
2025-09-16 01:55:05.484000+00:00,YGG-USDT-SWAP,42132973.0,1757987705484
2025-09-16 01:55:05.477000+00:00,ZENT-USDT-SWAP,162111400.0,1757987705477
2025-09-16 01:55:05.478000+00:00,ZETA-USDT-SWAP,5696910.0,1757987705478
2025-09-16 01:55:05.471000+00:00,ZIL-USDT-SWAP,165906300.0,1757987705471
2025-09-16 01:55:05.938000+00:00,ZK-USDT-SWAP,50726310.0,1757987705938
2025-09-16 01:55:05.961000+00:00,ZRO-USDT-SWAP,1725097.0,1757987705961
2025-09-16 01:55:05.947000+00:00,ZRX-USDT-SWAP,6893430.0,1757987705947
2025-09-16 01:56:06.705000+00:00,1INCH-USDT-SWAP,7190170.0,1757987766705
2025-09-16 01:56:06.711000+00:00,A-USDT-SWAP,10853090.0,1757987766711
2025-09-16 01:56:06.719000+00:00,AAVE-USDT-SWAP,132950.63000000003,1757987766719
2025-09-16 01:56:06.724000+00:00,ACE-USDT-SWAP,2894421.0,1757987766724
2025-09-16 01:56:06.693000+00:00,ACH-USDT-SWAP,90071900.0,1757987766693
2025-09-16 01:56:06.697000+00:00,ACT-USDT-SWAP,83216691.0,1757987766697
2025-09-16 01:56:06.778000+00:00,ADA-USDT-SWAP,86063320.00000007,1757987766778
2025-09-16 01:56:06.711000+00:00,AERO-USDT-SWAP,2384720.0,1757987766711
2025-09-16 01:56:06.697000+00:00,AEVO-USDT-SWAP,14169340.0,1757987766697
2025-09-16 01:56:06.697000+00:00,AGLD-USDT-SWAP,2060378.0,1757987766697
2025-09-16 01:56:07.199000+00:00,AI16Z-USDT-SWAP,52164707.0,1757987767199
2025-09-16 01:56:07.218000+00:00,AIXBT-USDT-SWAP,23424310.0,1757987767218
2025-09-16 01:56:07.211000+00:00,ALGO-USDT-SWAP,28717620.0,1757987767211
2025-09-16 01:56:07.215000+00:00,ANIME-USDT-SWAP,97377940.0,1757987767215
2025-09-16 01:56:07.219000+00:00,APE-USDT-SWAP,8495205.7,1757987767219
2025-09-16 01:56:07.216000+00:00,API3-USDT-SWAP,2413320.0,1757987767216
2025-09-16 01:56:07.211000+00:00,APT-USDT-SWAP,3634257.0,1757987767211
2025-09-16 01:56:07.217000+00:00,AR-USDT-SWAP,498088.4,1757987767217
2025-09-16 01:56:07.217000+00:00,ARB-USDT-SWAP,35471424.0,1757987767217
2025-09-16 01:56:07.644000+00:00,ARC-USDT-SWAP,92032410.0,1757987767644
2025-09-16 01:56:07.674000+00:00,ARKM-USDT-SWAP,3640308.0,1757987767674
2025-09-16 01:56:07.691000+00:00,ATH-USDT-SWAP,179830800.0,1757987767691
2025-09-16 01:56:07.660000+00:00,ATOM-USDT-SWAP,1917900.0,1757987767660
2025-09-16 01:56:07.659000+00:00,AUCTION-USDT-SWAP,207801.4,1757987767659
2025-09-16 01:56:07.670000+00:00,AVAAI-USDT-SWAP,82387870.0,1757987767670
2025-09-16 01:56:07.654000+00:00,AVAX-USDT-SWAP,2094809.5,1757987767654
2025-09-16 01:56:07.668000+00:00,AXS-USDT-SWAP,1177618.1,1757987767668
2025-09-16 01:56:07.697000+00:00,BABY-USDT-SWAP,33141410.0,1757987767697
2025-09-16 01:56:07.657000+00:00,BAND-USDT-SWAP,1483322.0,1757987767657
2025-09-16 01:56:08.125000+00:00,BAT-USDT-SWAP,4977750.0,1757987768125
2025-09-16 01:56:08.143000+00:00,BCH-USDT-SWAP,68751.02999999997,1757987768143
2025-09-16 01:56:08.130000+00:00,BERA-USDT-SWAP,2655226.7,1757987768130
2025-09-16 01:56:08.149000+00:00,BICO-USDT-SWAP,7527155.0,1757987768149
2025-09-16 01:56:08.130000+00:00,BIGTIME-USDT-SWAP,38121590.0,1757987768130
2025-09-16 01:56:08.144000+00:00,BIO-USDT-SWAP,65401768.0,1757987768144
2025-09-16 01:56:08.134000+00:00,BLUR-USDT-SWAP,25444220.0,1757987768134
2025-09-16 01:56:08.131000+00:00,BNB-USDT-SWAP,101934.51,1757987768131
2025-09-16 01:56:08.151000+00:00,BNT-USDT-SWAP,707460.0,1757987768151
2025-09-16 01:56:08.156000+00:00,BOME-USDT-SWAP,1126279000.0,1757987768156
2025-09-16 01:56:08.586000+00:00,BONK-USDT-SWAP,470724600000.0,1757987768586
2025-09-16 01:56:08.591000+00:00,BRETT-USDT-SWAP,15802200.0,1757987768591
2025-09-16 01:56:08.599000+00:00,BTC-USDT-SWAP,25059.361800000053,1757987768599
2025-09-16 01:56:08.609000+00:00,CAT-USDT-SWAP,140504400000.0,1757987768609
2025-09-16 01:56:08.596000+00:00,CATI-USDT-SWAP,12307083.0,1757987768596
2025-09-16 01:56:08.598000+00:00,CELO-USDT-SWAP,3925327.0,1757987768598
2025-09-16 01:56:08.604000+00:00,CETUS-USDT-SWAP,22536960.0,1757987768604
2025-09-16 01:56:08.598000+00:00,CFX-USDT-SWAP,85157620.0,1757987768598
2025-09-16 01:56:08.611000+00:00,CHZ-USDT-SWAP,80408730.0,1757987768611
2025-09-16 01:56:08.591000+00:00,COMP-USDT-SWAP,86449.6,1757987768591
2025-09-16 01:56:09.058000+00:00,COOKIE-USDT-SWAP,3994830.0,1757987769058
2025-09-16 01:56:09.065000+00:00,CORE-USDT-SWAP,9657382.0,1757987769065
2025-09-16 01:56:09.044000+00:00,CRO-USDT-SWAP,53842420.0,1757987769044
2025-09-16 01:56:09.037000+00:00,CRV-USDT-SWAP,24505044.0,1757987769037
2025-09-16 01:56:09.039000+00:00,CTC-USDT-SWAP,1785060.0,1757987769039
2025-09-16 01:56:09.050000+00:00,CVC-USDT-SWAP,9126800.0,1757987769050
2025-09-16 01:56:09.051000+00:00,CVX-USDT-SWAP,347507.0,1757987769051
2025-09-16 01:56:09.051000+00:00,DEGEN-USDT-SWAP,431770400.0,1757987769051
2025-09-16 01:56:09.489000+00:00,DOGE-USDT-SWAP,1711498930.0000002,1757987769489
2025-09-16 01:56:09.494000+00:00,DOGS-USDT-SWAP,16298829000.0,1757987769494
2025-09-16 01:56:09.503000+00:00,DOOD-USDT-SWAP,169400000.0,1757987769503
2025-09-16 01:56:09.495000+00:00,DOT-USDT-SWAP,5979186.0,1757987769495
2025-09-16 01:56:09.493000+00:00,DUCK-USDT-SWAP,660485300.0,1757987769493
2025-09-16 01:56:09.495000+00:00,DYDX-USDT-SWAP,11252737.0,1757987769495
2025-09-16 01:56:09.497000+00:00,EGLD-USDT-SWAP,127950.4,1757987769497
2025-09-16 01:56:09.529000+00:00,EIGEN-USDT-SWAP,3352825.0,1757987769529
2025-09-16 01:56:09.503000+00:00,ENJ-USDT-SWAP,13369570.0,1757987769503
2025-09-16 01:56:09.496000+00:00,ENS-USDT-SWAP,311860.3,1757987769496
2025-09-16 01:56:09.964000+00:00,ETC-USDT-SWAP,1179508.6000000003,1757987769964
2025-09-16 01:56:09.950000+00:00,ETH-USDT-SWAP,769365.8810000016,1757987769950
2025-09-16 01:56:09.954000+00:00,ETHFI-USDT-SWAP,8107317.0,1757987769954
2025-09-16 01:56:09.964000+00:00,ETHW-USDT-SWAP,1241506.3,1757987769964
2025-09-16 01:56:09.946000+00:00,FARTCOIN-USDT-SWAP,22599626.0,1757987769946
2025-09-16 01:56:09.958000+00:00,FIL-USDT-SWAP,13183651.9,1757987769958
2025-09-16 01:56:09.963000+00:00,FLM-USDT-SWAP,40806190.0,1757987769963
2025-09-16 01:56:09.953000+00:00,FLOKI-USDT-SWAP,40174500000.0,1757987769953
2025-09-16 01:56:09.960000+00:00,FLOW-USDT-SWAP,4653640.0,1757987769960
2025-09-16 01:56:09.971000+00:00,FXS-USDT-SWAP,397138.0,1757987769971
2025-09-16 01:56:10.965000+00:00,GALA-USDT-SWAP,426929160.0,1757987770965
2025-09-16 01:56:10.959000+00:00,GAS-USDT-SWAP,358372.0,1757987770959
2025-09-16 01:56:10.997000+00:00,GLM-USDT-SWAP,3060710.0,1757987770997
2025-09-16 01:56:10.960000+00:00,GMT-USDT-SWAP,44628456.0,1757987770960
2025-09-16 01:56:10.948000+00:00,GMX-USDT-SWAP,61823.7,1757987770948
2025-09-16 01:56:10.960000+00:00,GOAT-USDT-SWAP,26943160.0,1757987770960
2025-09-16 01:56:10.960000+00:00,GODS-USDT-SWAP,7136248.0,1757987770960
2025-09-16 01:56:10.947000+00:00,GPS-USDT-SWAP,145575260.0,1757987770947
2025-09-16 01:56:10.963000+00:00,GRASS-USDT-SWAP,2793374.0,1757987770963
2025-09-16 01:56:10.955000+00:00,GRIFFAIN-USDT-SWAP,26292540.0,1757987770955
2025-09-16 01:56:11.431000+00:00,GRT-USDT-SWAP,23494260.0,1757987771431
2025-09-16 01:56:11.419000+00:00,H-USDT-SWAP,106554800.0,1757987771419
2025-09-16 01:56:11.416000+00:00,HBAR-USDT-SWAP,74436920.00000001,1757987771416
2025-09-16 01:56:11.416000+00:00,HMSTR-USDT-SWAP,1100578600.0,1757987771416
2025-09-16 01:56:11.423000+00:00,HOME-USDT-SWAP,20376400.0,1757987771423
2025-09-16 01:56:11.421000+00:00,HUMA-USDT-SWAP,69238500.0,1757987771421
2025-09-16 01:56:11.434000+00:00,HYPE-USDT-SWAP,894746.2,1757987771434
2025-09-16 01:56:11.432000+00:00,ICP-USDT-SWAP,1619051.01,1757987771432
2025-09-16 01:56:11.460000+00:00,ICX-USDT-SWAP,5509030.0,1757987771460
2025-09-16 01:56:11.421000+00:00,IMX-USDT-SWAP,6800802.0,1757987771421
2025-09-16 01:56:11.890000+00:00,INIT-USDT-SWAP,2272920.0,1757987771890
2025-09-16 01:56:11.878000+00:00,INJ-USDT-SWAP,869567.4,1757987771878
2025-09-16 01:56:12.025000+00:00,IOST-USDT-SWAP,258955000.0,1757987772025
2025-09-16 01:56:12.039000+00:00,IOTA-USDT-SWAP,14951260.0,1757987772039
2025-09-16 01:56:11.885000+00:00,IP-USDT-SWAP,2569234.0,1757987771885
2025-09-16 01:56:11.935000+00:00,JELLYJELLY-USDT-SWAP,169154200.0,1757987771935
2025-09-16 01:56:11.884000+00:00,JOE-USDT-SWAP,5776970.0,1757987771884
2025-09-16 01:56:11.910000+00:00,JTO-USDT-SWAP,4191780.0,1757987771910
2025-09-16 01:56:11.877000+00:00,JUP-USDT-SWAP,14485360.0,1757987771877
2025-09-16 01:56:12.466000+00:00,KAITO-USDT-SWAP,4249293.0,1757987772466
2025-09-16 01:56:12.470000+00:00,KMNO-USDT-SWAP,28269500.0,1757987772470
2025-09-16 01:56:12.468000+00:00,KSM-USDT-SWAP,128841.4,1757987772468
2025-09-16 01:56:12.498000+00:00,LA-USDT-SWAP,3766530.0,1757987772498
2025-09-16 01:56:12.477000+00:00,LAUNCHCOIN-USDT-SWAP,46740760.0,1757987772477
2025-09-16 01:56:12.481000+00:00,LAYER-USDT-SWAP,5720671.0,1757987772481
2025-09-16 01:56:12.479000+00:00,LDO-USDT-SWAP,14483476.0,1757987772479
2025-09-16 01:56:12.473000+00:00,LINK-USDT-SWAP,2517698.1999999997,1757987772473
2025-09-16 01:56:12.482000+00:00,LPT-USDT-SWAP,686409.6,1757987772482
2025-09-16 01:56:12.470000+00:00,LQTY-USDT-SWAP,1557050.0,1757987772470
2025-09-16 01:56:12.932000+00:00,LRC-USDT-SWAP,16794180.0,1757987772932
2025-09-16 01:56:12.931000+00:00,LTC-USDT-SWAP,661212.7999999998,1757987772931
2025-09-16 01:56:12.941000+00:00,LUNA-USDT-SWAP,15966066.0,1757987772941
2025-09-16 01:56:13.054000+00:00,LUNC-USDT-SWAP,24327760000.0,1757987773054
2025-09-16 01:56:12.932000+00:00,MAGIC-USDT-SWAP,16066073.0,1757987772932
2025-09-16 01:56:12.929000+00:00,MAJOR-USDT-SWAP,5064973.0,1757987772929
2025-09-16 01:56:12.931000+00:00,MANA-USDT-SWAP,10414900.0,1757987772931
2025-09-16 01:56:12.933000+00:00,MASK-USDT-SWAP,3000456.0,1757987772933
2025-09-16 01:56:12.936000+00:00,ME-USDT-SWAP,3658528.0,1757987772936
2025-09-16 01:56:12.944000+00:00,MEME-USDT-SWAP,1477629400.0,1757987772944
2025-09-16 01:56:13.479000+00:00,MERL-USDT-SWAP,71895648.0,1757987773479
2025-09-16 01:56:13.495000+00:00,METIS-USDT-SWAP,108659.7,1757987773495
2025-09-16 01:56:13.495000+00:00,MEW-USDT-SWAP,1041978000.0,1757987773495
2025-09-16 01:56:13.505000+00:00,MINA-USDT-SWAP,7652138.0,1757987773505
2025-09-16 01:56:13.484000+00:00,MOG-USDT-SWAP,609050000000.0,1757987773484
2025-09-16 01:56:13.487000+00:00,MOODENG-USDT-SWAP,59296220.0,1757987773487
2025-09-16 01:56:13.489000+00:00,MORPHO-USDT-SWAP,1472080.0,1757987773489
2025-09-16 01:56:13.491000+00:00,MOVE-USDT-SWAP,24185660.0,1757987773491
2025-09-16 01:56:13.488000+00:00,MUBARAK-USDT-SWAP,14005200.0,1757987773488
2025-09-16 01:56:13.932000+00:00,NEAR-USDT-SWAP,5218030.0,1757987773932
2025-09-16 01:56:13.925000+00:00,NEIRO-USDT-SWAP,9780710000.0,1757987773925
2025-09-16 01:56:13.928000+00:00,NEO-USDT-SWAP,377068.0,1757987773928
2025-09-16 01:56:13.929000+00:00,NEWT-USDT-SWAP,3189030.0,1757987773929
2025-09-16 01:56:13.965000+00:00,NMR-USDT-SWAP,396048.9,1757987773965
2025-09-16 01:56:13.929000+00:00,NOT-USDT-SWAP,1557190900.0,1757987773929
2025-09-16 01:56:13.931000+00:00,NXPC-USDT-SWAP,1209582.0,1757987773931
2025-09-16 01:56:13.936000+00:00,OL-USDT-SWAP,75331290.0,1757987773936
2025-09-16 01:56:13.923000+00:00,OM-USDT-SWAP,24812262.0,1757987773923
2025-09-16 01:56:14.402000+00:00,ONDO-USDT-SWAP,23176430.0,1757987774402
2025-09-16 01:56:14.405000+00:00,ONE-USDT-SWAP,80444000.0,1757987774405
2025-09-16 01:56:14.407000+00:00,ONT-USDT-SWAP,10416900.0,1757987774407
2025-09-16 01:56:14.395000+00:00,OP-USDT-SWAP,21256330.0,1757987774395
2025-09-16 01:56:14.398000+00:00,ORBS-USDT-SWAP,26986300.0,1757987774398
2025-09-16 01:56:14.389000+00:00,ORDI-USDT-SWAP,1383883.8,1757987774389
2025-09-16 01:56:14.413000+00:00,PARTI-USDT-SWAP,15366450.0,1757987774413
2025-09-16 01:56:14.393000+00:00,PENGU-USDT-SWAP,533638600.0,1757987774393
2025-09-16 01:56:14.405000+00:00,PEOPLE-USDT-SWAP,343096200.0,1757987774405
2025-09-16 01:56:14.409000+00:00,PEPE-USDT-SWAP,9394585000000.006,1757987774409
2025-09-16 01:56:14.835000+00:00,PERP-USDT-SWAP,3294209.0,1757987774835
2025-09-16 01:56:14.828000+00:00,PI-USDT-SWAP,33627767.0,1757987774828
2025-09-16 01:56:14.851000+00:00,PLUME-USDT-SWAP,21713570.0,1757987774851
2025-09-16 01:56:14.883000+00:00,PNUT-USDT-SWAP,39303050.0,1757987774883
2025-09-16 01:56:14.839000+00:00,POL-USDT-SWAP,35534990.0,1757987774839
2025-09-16 01:56:14.848000+00:00,POPCAT-USDT-SWAP,9736770.0,1757987774848
2025-09-16 01:56:14.851000+00:00,PRCL-USDT-SWAP,17433723.0,1757987774851
2025-09-16 01:56:14.835000+00:00,PROMPT-USDT-SWAP,32380240.0,1757987774835
2025-09-16 01:56:14.848000+00:00,PUMP-USDT-SWAP,8321543000.0,1757987774848
2025-09-16 01:56:14.854000+00:00,PYTH-USDT-SWAP,49223830.0,1757987774854
2025-09-16 01:56:15.317000+00:00,QTUM-USDT-SWAP,1171073.0,1757987775317
2025-09-16 01:56:15.322000+00:00,RAY-USDT-SWAP,1215737.0,1757987775322
2025-09-16 01:56:15.321000+00:00,RENDER-USDT-SWAP,1339668.0,1757987775321
2025-09-16 01:56:15.352000+00:00,RESOLV-USDT-SWAP,23063910.0,1757987775352
2025-09-16 01:56:15.312000+00:00,RSR-USDT-SWAP,263147200.0,1757987775312
2025-09-16 01:56:15.333000+00:00,RVN-USDT-SWAP,74630680.0,1757987775333
2025-09-16 01:56:15.326000+00:00,S-USDT-SWAP,12461870.0,1757987775326
2025-09-16 01:56:15.324000+00:00,SAHARA-USDT-SWAP,37429870.0,1757987775324
2025-09-16 01:56:15.327000+00:00,SAND-USDT-SWAP,17490170.0,1757987775327
2025-09-16 01:56:15.325000+00:00,SATS-USDT-SWAP,214623580000000.0,1757987775325
2025-09-16 01:56:15.868000+00:00,SCR-USDT-SWAP,2705246.0,1757987775868
2025-09-16 01:56:15.843000+00:00,SHELL-USDT-SWAP,5428990.0,1757987775843
2025-09-16 01:56:15.846000+00:00,SHIB-USDT-SWAP,1667905100000.0,1757987775846
2025-09-16 01:56:15.873000+00:00,SIGN-USDT-SWAP,44317100.0,1757987775873
2025-09-16 01:56:15.844000+00:00,SLP-USDT-SWAP,414988580.0,1757987775844
2025-09-16 01:56:15.857000+00:00,SNX-USDT-SWAP,2280097.0,1757987775857
2025-09-16 01:56:15.869000+00:00,SOL-USDT-SWAP,3512156.560000003,1757987775869
2025-09-16 01:56:15.853000+00:00,SOLV-USDT-SWAP,55980400.0,1757987775853
2025-09-16 01:56:15.861000+00:00,SONIC-USDT-SWAP,10123476.0,1757987775861
2025-09-16 01:56:15.855000+00:00,SOON-USDT-SWAP,6897230.0,1757987775855
2025-09-16 01:56:16.344000+00:00,SOPH-USDT-SWAP,78288400.0,1757987776344
2025-09-16 01:56:16.351000+00:00,SPK-USDT-SWAP,103463400.0,1757987776351
2025-09-16 01:56:16.353000+00:00,SPX-USDT-SWAP,933454.0,1757987776353
2025-09-16 01:56:16.353000+00:00,SSV-USDT-SWAP,311852.9,1757987776353
2025-09-16 01:56:16.338000+00:00,STORJ-USDT-SWAP,5682530.0,1757987776338
2025-09-16 01:56:16.349000+00:00,STRK-USDT-SWAP,32716612.0,1757987776349
2025-09-16 01:56:16.344000+00:00,STX-USDT-SWAP,6337761.0,1757987776344
2025-09-16 01:56:16.343000+00:00,SUI-USDT-SWAP,21966301.0,1757987776343
2025-09-16 01:56:16.336000+00:00,SUSHI-USDT-SWAP,8364086.0,1757987776336
2025-09-16 01:56:16.360000+00:00,SWARMS-USDT-SWAP,76007680.0,1757987776360
2025-09-16 01:56:16.792000+00:00,SYRUP-USDT-SWAP,2345540.0,1757987776792
2025-09-16 01:56:16.789000+00:00,T-USDT-SWAP,47745200.0,1757987776789
2025-09-16 01:56:16.784000+00:00,TAO-USDT-SWAP,13265.18,1757987776784
2025-09-16 01:56:16.794000+00:00,THETA-USDT-SWAP,2972260.9999999995,1757987776794
2025-09-16 01:56:16.784000+00:00,TIA-USDT-SWAP,5061577.0,1757987776784
2025-09-16 01:56:16.814000+00:00,TNSR-USDT-SWAP,8917686.0,1757987776814
2025-09-16 01:56:16.792000+00:00,TON-USDT-SWAP,8683575.0,1757987776792
2025-09-16 01:56:16.803000+00:00,TRB-USDT-SWAP,242954.3,1757987776803
2025-09-16 01:56:16.785000+00:00,TREE-USDT-SWAP,8667490.0,1757987776785
2025-09-16 01:56:16.790000+00:00,TRUMP-USDT-SWAP,5346495.2,1757987776790
2025-09-16 01:56:17.241000+00:00,TRX-USDT-SWAP,90206460.00000006,1757987777241
2025-09-16 01:56:17.239000+00:00,TURBO-USDT-SWAP,890633000.0,1757987777239
2025-09-16 01:56:17.235000+00:00,UMA-USDT-SWAP,1412700.4,1757987777235
2025-09-16 01:56:17.239000+00:00,UNI-USDT-SWAP,3846875.0,1757987777239
2025-09-16 01:56:17.239000+00:00,USDC-USDT-SWAP,888330.0,1757987777239
2025-09-16 01:56:17.251000+00:00,USELESS-USDT-SWAP,12096230.0,1757987777251
2025-09-16 01:56:17.246000+00:00,USTC-USDT-SWAP,79649200.0,1757987777246
2025-09-16 01:56:17.241000+00:00,UXLINK-USDT-SWAP,5845760.0,1757987777241
2025-09-16 01:56:17.241000+00:00,VANA-USDT-SWAP,136205.2,1757987777241
2025-09-16 01:56:17.249000+00:00,VINE-USDT-SWAP,102858340.0,1757987777249
2025-09-16 01:56:17.684000+00:00,VIRTUAL-USDT-SWAP,3748527.0,1757987777684
2025-09-16 01:56:17.689000+00:00,W-USDT-SWAP,45906217.0,1757987777689
2025-09-16 01:56:17.697000+00:00,WAL-USDT-SWAP,2209220.0,1757987777697
2025-09-16 01:56:17.679000+00:00,WCT-USDT-SWAP,9578820.0,1757987777679
2025-09-16 01:56:17.691000+00:00,WIF-USDT-SWAP,16046179.0,1757987777691
2025-09-16 01:56:17.688000+00:00,WLD-USDT-SWAP,28392987.0,1757987777688
2025-09-16 01:56:17.692000+00:00,WLFI-USDT-SWAP,255694150.0,1757987777692
2025-09-16 01:56:17.683000+00:00,WOO-USDT-SWAP,18210870.0,1757987777683
2025-09-16 01:56:17.691000+00:00,XAUT-USDT-SWAP,5456.389,1757987777691
2025-09-16 01:56:18.173000+00:00,XLM-USDT-SWAP,40903990.0,1757987778173
2025-09-16 01:56:18.223000+00:00,XPL-USDT-SWAP,6844980.0,1757987778223
2025-09-16 01:56:18.180000+00:00,XRP-USDT-SWAP,98862053.99999996,1757987778180
2025-09-16 01:56:18.195000+00:00,XTZ-USDT-SWAP,5774247.0,1757987778195
2025-09-16 01:56:18.177000+00:00,YFI-USDT-SWAP,372.362,1757987778177
2025-09-16 01:56:18.179000+00:00,YGG-USDT-SWAP,42097338.0,1757987778179
2025-09-16 01:56:18.179000+00:00,ZENT-USDT-SWAP,161998300.0,1757987778179
2025-09-16 01:56:18.209000+00:00,ZETA-USDT-SWAP,5696660.0,1757987778209
2025-09-16 01:56:18.214000+00:00,ZIL-USDT-SWAP,165906100.0,1757987778214
2025-09-16 01:56:18.638000+00:00,ZK-USDT-SWAP,50722660.0,1757987778638
2025-09-16 01:56:18.646000+00:00,ZRO-USDT-SWAP,1725389.0,1757987778646
2025-09-16 01:56:18.630000+00:00,ZRX-USDT-SWAP,6892120.0,1757987778630
2025-09-16 01:57:19.391000+00:00,1INCH-USDT-SWAP,7190145.0,1757987839391
2025-09-16 01:57:19.364000+00:00,A-USDT-SWAP,10839840.0,1757987839364
2025-09-16 01:57:19.370000+00:00,AAVE-USDT-SWAP,132907.88000000003,1757987839370
2025-09-16 01:57:19.343000+00:00,ACE-USDT-SWAP,2894813.0,1757987839343
2025-09-16 01:57:19.369000+00:00,ACH-USDT-SWAP,90071900.0,1757987839369
2025-09-16 01:57:19.417000+00:00,ACT-USDT-SWAP,83268598.0,1757987839417
2025-09-16 01:57:19.360000+00:00,ADA-USDT-SWAP,86063820.00000007,1757987839360
2025-09-16 01:57:19.364000+00:00,AERO-USDT-SWAP,2384330.0,1757987839364
2025-09-16 01:57:19.358000+00:00,AEVO-USDT-SWAP,14169029.0,1757987839358
2025-09-16 01:57:19.378000+00:00,AGLD-USDT-SWAP,2060756.0,1757987839378
2025-09-16 01:57:19.898000+00:00,AI16Z-USDT-SWAP,52115715.0,1757987839898
2025-09-16 01:57:19.884000+00:00,AIXBT-USDT-SWAP,23400030.0,1757987839884
2025-09-16 01:57:19.884000+00:00,ALGO-USDT-SWAP,28717670.0,1757987839884
2025-09-16 01:57:19.890000+00:00,ANIME-USDT-SWAP,97193210.0,1757987839890
2025-09-16 01:57:19.883000+00:00,APE-USDT-SWAP,8495207.8,1757987839883
2025-09-16 01:57:19.897000+00:00,API3-USDT-SWAP,2413300.0,1757987839897
2025-09-16 01:57:19.879000+00:00,APT-USDT-SWAP,3634239.0,1757987839879
2025-09-16 01:57:19.905000+00:00,AR-USDT-SWAP,497454.8,1757987839905
2025-09-16 01:57:19.932000+00:00,ARB-USDT-SWAP,35478716.0,1757987839932
2025-09-16 01:57:20.348000+00:00,ARC-USDT-SWAP,92030430.0,1757987840348
2025-09-16 01:57:20.357000+00:00,ARKM-USDT-SWAP,3640152.0,1757987840357
2025-09-16 01:57:20.352000+00:00,ATH-USDT-SWAP,179662500.0,1757987840352
2025-09-16 01:57:20.362000+00:00,ATOM-USDT-SWAP,1917428.0,1757987840362
2025-09-16 01:57:20.360000+00:00,AUCTION-USDT-SWAP,207803.0,1757987840360
2025-09-16 01:57:20.350000+00:00,AVAAI-USDT-SWAP,82366610.0,1757987840350
2025-09-16 01:57:20.377000+00:00,AVAX-USDT-SWAP,2094984.5,1757987840377
2025-09-16 01:57:20.370000+00:00,AXS-USDT-SWAP,1177658.3,1757987840370
2025-09-16 01:57:20.373000+00:00,BABY-USDT-SWAP,33123430.0,1757987840373
2025-09-16 01:57:20.359000+00:00,BAND-USDT-SWAP,1483307.0,1757987840359
2025-09-16 01:57:20.828000+00:00,BAT-USDT-SWAP,4977750.0,1757987840828
2025-09-16 01:57:20.839000+00:00,BCH-USDT-SWAP,68738.57999999997,1757987840839
2025-09-16 01:57:20.819000+00:00,BERA-USDT-SWAP,2655338.0,1757987840819
2025-09-16 01:57:20.827000+00:00,BICO-USDT-SWAP,7527155.0,1757987840827
2025-09-16 01:57:20.828000+00:00,BIGTIME-USDT-SWAP,38121450.0,1757987840828
2025-09-16 01:57:20.827000+00:00,BIO-USDT-SWAP,65376456.0,1757987840827
2025-09-16 01:57:20.827000+00:00,BLUR-USDT-SWAP,25444210.0,1757987840827
2025-09-16 01:57:20.826000+00:00,BNB-USDT-SWAP,101935.52,1757987840826
2025-09-16 01:57:21.206000+00:00,BNT-USDT-SWAP,707480.0,1757987841206
2025-09-16 01:57:20.860000+00:00,BOME-USDT-SWAP,1125821000.0,1757987840860
2025-09-16 01:57:21.630000+00:00,BONK-USDT-SWAP,470727400000.0,1757987841630
2025-09-16 01:57:21.637000+00:00,BRETT-USDT-SWAP,15801900.0,1757987841637
2025-09-16 01:57:21.630000+00:00,BTC-USDT-SWAP,25064.124300000054,1757987841630
2025-09-16 01:57:21.624000+00:00,CAT-USDT-SWAP,140503900000.0,1757987841624
2025-09-16 01:57:21.686000+00:00,CATI-USDT-SWAP,12305091.0,1757987841686
2025-09-16 01:57:21.630000+00:00,CELO-USDT-SWAP,3924240.0,1757987841630
2025-09-16 01:57:21.635000+00:00,CETUS-USDT-SWAP,22536440.0,1757987841635
2025-09-16 01:57:21.641000+00:00,CFX-USDT-SWAP,85309200.0,1757987841641
2025-09-16 01:57:21.635000+00:00,CHZ-USDT-SWAP,80408680.0,1757987841635
2025-09-16 01:57:21.635000+00:00,COMP-USDT-SWAP,86443.1,1757987841635
2025-09-16 01:57:22.281000+00:00,COOKIE-USDT-SWAP,3994590.0,1757987842281
2025-09-16 01:57:22.142000+00:00,CORE-USDT-SWAP,9656152.0,1757987842142
2025-09-16 01:57:22.141000+00:00,CRO-USDT-SWAP,53848270.0,1757987842141
2025-09-16 01:57:22.135000+00:00,CRV-USDT-SWAP,24502248.0,1757987842135
2025-09-16 01:57:22.180000+00:00,CTC-USDT-SWAP,1785060.0,1757987842180
2025-09-16 01:57:22.131000+00:00,CVC-USDT-SWAP,9126800.0,1757987842131
2025-09-16 01:57:22.151000+00:00,CVX-USDT-SWAP,347476.0,1757987842151
2025-09-16 01:57:22.133000+00:00,DEGEN-USDT-SWAP,431614000.0,1757987842133
2025-09-16 01:57:22.717000+00:00,DOGE-USDT-SWAP,1711591180.0000005,1757987842717
2025-09-16 01:57:22.734000+00:00,DOGS-USDT-SWAP,16298829000.0,1757987842734
2025-09-16 01:57:22.732000+00:00,DOOD-USDT-SWAP,169254000.0,1757987842732
2025-09-16 01:57:22.719000+00:00,DOT-USDT-SWAP,5980455.0,1757987842719
2025-09-16 01:57:22.753000+00:00,DUCK-USDT-SWAP,660485900.0,1757987842753
2025-09-16 01:57:22.721000+00:00,DYDX-USDT-SWAP,11313943.0,1757987842721
2025-09-16 01:57:22.728000+00:00,EGLD-USDT-SWAP,127940.3,1757987842728
2025-09-16 01:57:22.721000+00:00,EIGEN-USDT-SWAP,3349816.0,1757987842721
2025-09-16 01:57:22.719000+00:00,ENJ-USDT-SWAP,13369680.0,1757987842719
2025-09-16 01:57:22.723000+00:00,ENS-USDT-SWAP,311860.6,1757987842723
2025-09-16 01:57:23.213000+00:00,ETC-USDT-SWAP,1179504.7000000002,1757987843213
2025-09-16 01:57:23.192000+00:00,ETH-USDT-SWAP,769352.1630000017,1757987843192
2025-09-16 01:57:23.198000+00:00,ETHFI-USDT-SWAP,8100759.0,1757987843198
2025-09-16 01:57:23.181000+00:00,ETHW-USDT-SWAP,1241501.9,1757987843181
2025-09-16 01:57:23.191000+00:00,FARTCOIN-USDT-SWAP,22602681.0,1757987843191
2025-09-16 01:57:23.191000+00:00,FIL-USDT-SWAP,13186103.7,1757987843191
2025-09-16 01:57:23.194000+00:00,FLM-USDT-SWAP,40831810.0,1757987843194
2025-09-16 01:57:23.190000+00:00,FLOKI-USDT-SWAP,40156700000.0,1757987843190
2025-09-16 01:57:23.191000+00:00,FLOW-USDT-SWAP,4653000.0,1757987843191
2025-09-16 01:57:23.204000+00:00,FXS-USDT-SWAP,397138.0,1757987843204
2025-09-16 01:57:23.640000+00:00,GALA-USDT-SWAP,426926930.0,1757987843640
2025-09-16 01:57:23.636000+00:00,GAS-USDT-SWAP,358372.0,1757987843636
2025-09-16 01:57:23.639000+00:00,GLM-USDT-SWAP,3060710.0,1757987843639
2025-09-16 01:57:23.634000+00:00,GMT-USDT-SWAP,44643132.0,1757987843634
2025-09-16 01:57:23.633000+00:00,GMX-USDT-SWAP,61823.7,1757987843633
2025-09-16 01:57:23.648000+00:00,GOAT-USDT-SWAP,26943760.0,1757987843648
2025-09-16 01:57:23.639000+00:00,GODS-USDT-SWAP,7128094.0,1757987843639
2025-09-16 01:57:23.636000+00:00,GPS-USDT-SWAP,146178630.0,1757987843636
2025-09-16 01:57:23.652000+00:00,GRASS-USDT-SWAP,2793277.0,1757987843652
2025-09-16 01:57:23.643000+00:00,GRIFFAIN-USDT-SWAP,26279310.0,1757987843643
2025-09-16 01:57:24.079000+00:00,GRT-USDT-SWAP,23493800.0,1757987844079
2025-09-16 01:57:24.079000+00:00,H-USDT-SWAP,106373100.0,1757987844079
2025-09-16 01:57:24.082000+00:00,HBAR-USDT-SWAP,74440010.00000001,1757987844082
2025-09-16 01:57:24.080000+00:00,HMSTR-USDT-SWAP,1100738500.0,1757987844080
2025-09-16 01:57:24.093000+00:00,HOME-USDT-SWAP,20374600.0,1757987844093
2025-09-16 01:57:24.091000+00:00,HUMA-USDT-SWAP,69250300.0,1757987844091
2025-09-16 01:57:24.092000+00:00,HYPE-USDT-SWAP,894593.0,1757987844092
2025-09-16 01:57:24.080000+00:00,ICP-USDT-SWAP,1618598.88,1757987844080
2025-09-16 01:57:24.084000+00:00,ICX-USDT-SWAP,5509030.0,1757987844084
2025-09-16 01:57:24.080000+00:00,IMX-USDT-SWAP,6801150.0,1757987844080
2025-09-16 01:57:24.527000+00:00,INIT-USDT-SWAP,2273110.0,1757987844527
2025-09-16 01:57:24.536000+00:00,INJ-USDT-SWAP,869581.5,1757987844536
2025-09-16 01:57:24.531000+00:00,IOST-USDT-SWAP,258955000.0,1757987844531
2025-09-16 01:57:24.534000+00:00,IOTA-USDT-SWAP,14951730.0,1757987844534
2025-09-16 01:57:24.527000+00:00,IP-USDT-SWAP,2577403.0,1757987844527
2025-09-16 01:57:24.526000+00:00,JELLYJELLY-USDT-SWAP,169741700.0,1757987844526
2025-09-16 01:57:24.534000+00:00,JOE-USDT-SWAP,5776970.0,1757987844534
2025-09-16 01:57:24.532000+00:00,JTO-USDT-SWAP,4192018.0,1757987844532
2025-09-16 01:57:24.529000+00:00,JUP-USDT-SWAP,14486070.0,1757987844529
2025-09-16 01:57:24.966000+00:00,KAITO-USDT-SWAP,4249776.0,1757987844966
2025-09-16 01:57:25.011000+00:00,KMNO-USDT-SWAP,28308300.0,1757987845011
2025-09-16 01:57:24.984000+00:00,KSM-USDT-SWAP,128841.4,1757987844984
2025-09-16 01:57:24.976000+00:00,LA-USDT-SWAP,3786470.0,1757987844976
2025-09-16 01:57:24.977000+00:00,LAUNCHCOIN-USDT-SWAP,46736260.0,1757987844977
2025-09-16 01:57:24.980000+00:00,LAYER-USDT-SWAP,5719263.0,1757987844980
2025-09-16 01:57:24.981000+00:00,LDO-USDT-SWAP,14480894.0,1757987844981
2025-09-16 01:57:24.968000+00:00,LINK-USDT-SWAP,2518442.0999999996,1757987844968
2025-09-16 01:57:24.972000+00:00,LPT-USDT-SWAP,686463.7,1757987844972
2025-09-16 01:57:24.987000+00:00,LQTY-USDT-SWAP,1557052.0,1757987844987
2025-09-16 01:57:25.449000+00:00,LRC-USDT-SWAP,16792550.0,1757987845449
2025-09-16 01:57:25.454000+00:00,LTC-USDT-SWAP,661193.5999999997,1757987845454
2025-09-16 01:57:25.456000+00:00,LUNA-USDT-SWAP,15965746.0,1757987845456
2025-09-16 01:57:25.451000+00:00,LUNC-USDT-SWAP,24327770000.0,1757987845451
2025-09-16 01:57:25.609000+00:00,MAGIC-USDT-SWAP,16075530.0,1757987845609
2025-09-16 01:57:25.529000+00:00,MAJOR-USDT-SWAP,5064971.0,1757987845529
2025-09-16 01:57:25.456000+00:00,MANA-USDT-SWAP,10408240.0,1757987845456
2025-09-16 01:57:25.458000+00:00,MASK-USDT-SWAP,3000280.0,1757987845458
2025-09-16 01:57:25.459000+00:00,ME-USDT-SWAP,3658384.0,1757987845459
2025-09-16 01:57:25.467000+00:00,MEME-USDT-SWAP,1477454600.0,1757987845467
2025-09-16 01:57:26.041000+00:00,MERL-USDT-SWAP,72005363.0,1757987846041
2025-09-16 01:57:26.053000+00:00,METIS-USDT-SWAP,108659.7,1757987846053
2025-09-16 01:57:26.036000+00:00,MEW-USDT-SWAP,1041887000.0,1757987846036
2025-09-16 01:57:26.039000+00:00,MINA-USDT-SWAP,7648830.0,1757987846039
2025-09-16 01:57:26.036000+00:00,MOG-USDT-SWAP,609036000000.0,1757987846036
2025-09-16 01:57:26.036000+00:00,MOODENG-USDT-SWAP,59306890.0,1757987846036
2025-09-16 01:57:26.031000+00:00,MORPHO-USDT-SWAP,1472528.0,1757987846031
2025-09-16 01:57:26.052000+00:00,MOVE-USDT-SWAP,24183610.0,1757987846052
2025-09-16 01:57:26.066000+00:00,MUBARAK-USDT-SWAP,14005500.0,1757987846066
2025-09-16 01:57:26.496000+00:00,NEAR-USDT-SWAP,5214238.0,1757987846496
2025-09-16 01:57:26.493000+00:00,NEIRO-USDT-SWAP,9777669000.0,1757987846493
2025-09-16 01:57:26.525000+00:00,NEO-USDT-SWAP,377059.0,1757987846525
2025-09-16 01:57:26.511000+00:00,NEWT-USDT-SWAP,3184850.0,1757987846511
2025-09-16 01:57:26.505000+00:00,NMR-USDT-SWAP,395923.0,1757987846505
2025-09-16 01:57:26.502000+00:00,NOT-USDT-SWAP,1557224400.0,1757987846502
2025-09-16 01:57:26.499000+00:00,NXPC-USDT-SWAP,1210348.0,1757987846499
2025-09-16 01:57:26.512000+00:00,OL-USDT-SWAP,75343630.0,1757987846512
2025-09-16 01:57:26.498000+00:00,OM-USDT-SWAP,24815652.0,1757987846498
2025-09-16 01:57:27.098000+00:00,ONDO-USDT-SWAP,23175570.0,1757987847098
2025-09-16 01:57:26.969000+00:00,ONE-USDT-SWAP,80452400.0,1757987846969
2025-09-16 01:57:26.954000+00:00,ONT-USDT-SWAP,10421300.0,1757987846954
2025-09-16 01:57:26.954000+00:00,OP-USDT-SWAP,21256097.0,1757987846954
2025-09-16 01:57:26.961000+00:00,ORBS-USDT-SWAP,26986300.0,1757987846961
2025-09-16 01:57:26.978000+00:00,ORDI-USDT-SWAP,1383847.0,1757987846978
2025-09-16 01:57:26.959000+00:00,PARTI-USDT-SWAP,15366470.0,1757987846959
2025-09-16 01:57:26.952000+00:00,PENGU-USDT-SWAP,533846900.0,1757987846952
2025-09-16 01:57:26.951000+00:00,PEOPLE-USDT-SWAP,342937800.0,1757987846951
2025-09-16 01:57:26.965000+00:00,PEPE-USDT-SWAP,9395240000000.006,1757987846965
2025-09-16 01:57:27.523000+00:00,PERP-USDT-SWAP,3294209.0,1757987847523
2025-09-16 01:57:27.537000+00:00,PI-USDT-SWAP,33619777.0,1757987847537
2025-09-16 01:57:27.545000+00:00,PLUME-USDT-SWAP,21749240.0,1757987847545
2025-09-16 01:57:27.546000+00:00,PNUT-USDT-SWAP,39301410.0,1757987847546
2025-09-16 01:57:27.531000+00:00,POL-USDT-SWAP,35535170.0,1757987847531
2025-09-16 01:57:27.533000+00:00,POPCAT-USDT-SWAP,9735000.0,1757987847533
2025-09-16 01:57:27.551000+00:00,PRCL-USDT-SWAP,17442255.0,1757987847551
2025-09-16 01:57:27.532000+00:00,PROMPT-USDT-SWAP,32352920.0,1757987847532
2025-09-16 01:57:27.530000+00:00,PUMP-USDT-SWAP,8308415000.0,1757987847530
2025-09-16 01:57:27.520000+00:00,PYTH-USDT-SWAP,49225180.0,1757987847520
2025-09-16 01:57:27.993000+00:00,QTUM-USDT-SWAP,1178397.0,1757987847993
2025-09-16 01:57:27.994000+00:00,RAY-USDT-SWAP,1215800.0,1757987847994
2025-09-16 01:57:28.001000+00:00,RENDER-USDT-SWAP,1339668.0,1757987848001
2025-09-16 01:57:27.995000+00:00,RESOLV-USDT-SWAP,23069520.0,1757987847995
2025-09-16 01:57:28.005000+00:00,RSR-USDT-SWAP,263137000.0,1757987848005
2025-09-16 01:57:28.007000+00:00,RVN-USDT-SWAP,74630680.0,1757987848007
2025-09-16 01:57:27.999000+00:00,S-USDT-SWAP,12459090.0,1757987847999
2025-09-16 01:57:28.005000+00:00,SAHARA-USDT-SWAP,37406720.0,1757987848005
2025-09-16 01:57:28+00:00,SAND-USDT-SWAP,17486700.0,1757987848000
2025-09-16 01:57:28.016000+00:00,SATS-USDT-SWAP,214464160000000.0,1757987848016
2025-09-16 01:57:28.440000+00:00,SCR-USDT-SWAP,2704654.0,1757987848440
2025-09-16 01:57:28.431000+00:00,SHELL-USDT-SWAP,5428990.0,1757987848431
2025-09-16 01:57:28.441000+00:00,SHIB-USDT-SWAP,1665820200000.0,1757987848441
2025-09-16 01:57:28.433000+00:00,SIGN-USDT-SWAP,44317100.0,1757987848433
2025-09-16 01:57:28.433000+00:00,SLP-USDT-SWAP,415009990.0,1757987848433
2025-09-16 01:57:28.431000+00:00,SNX-USDT-SWAP,2279754.0,1757987848431
2025-09-16 01:57:28.435000+00:00,SOL-USDT-SWAP,3511437.5100000026,1757987848435
2025-09-16 01:57:28.429000+00:00,SOLV-USDT-SWAP,55980400.0,1757987848429
2025-09-16 01:57:28.446000+00:00,SONIC-USDT-SWAP,10109352.0,1757987848446
2025-09-16 01:57:28.434000+00:00,SOON-USDT-SWAP,6898280.0,1757987848434
2025-09-16 01:57:28.873000+00:00,SOPH-USDT-SWAP,78250700.0,1757987848873
2025-09-16 01:57:28.870000+00:00,SPK-USDT-SWAP,103499500.0,1757987848870
2025-09-16 01:57:28.887000+00:00,SPX-USDT-SWAP,933260.0,1757987848887
2025-09-16 01:57:28.881000+00:00,SSV-USDT-SWAP,311828.1,1757987848881
2025-09-16 01:57:28.886000+00:00,STORJ-USDT-SWAP,5682260.0,1757987848886
2025-09-16 01:57:28.885000+00:00,STRK-USDT-SWAP,32716399.0,1757987848885
2025-09-16 01:57:28.872000+00:00,STX-USDT-SWAP,6348974.999999999,1757987848872
2025-09-16 01:57:28.865000+00:00,SUI-USDT-SWAP,21970064.0,1757987848865
2025-09-16 01:57:28.876000+00:00,SUSHI-USDT-SWAP,8364083.0,1757987848876
2025-09-16 01:57:28.869000+00:00,SWARMS-USDT-SWAP,76005250.0,1757987848869
2025-09-16 01:57:29.322000+00:00,SYRUP-USDT-SWAP,2345200.0,1757987849322
2025-09-16 01:57:29.314000+00:00,T-USDT-SWAP,47749000.0,1757987849314
2025-09-16 01:57:29.452000+00:00,TAO-USDT-SWAP,13265.21,1757987849452
2025-09-16 01:57:29.323000+00:00,THETA-USDT-SWAP,2971990.9999999995,1757987849323
2025-09-16 01:57:29.329000+00:00,TIA-USDT-SWAP,5061424.0,1757987849329
2025-09-16 01:57:29.326000+00:00,TNSR-USDT-SWAP,8917686.0,1757987849326
2025-09-16 01:57:29.320000+00:00,TON-USDT-SWAP,8683095.0,1757987849320
2025-09-16 01:57:29.354000+00:00,TRB-USDT-SWAP,242957.2,1757987849354
2025-09-16 01:57:29.315000+00:00,TREE-USDT-SWAP,8693481.0,1757987849315
2025-09-16 01:57:29.318000+00:00,TRUMP-USDT-SWAP,5346512.0,1757987849318
2025-09-16 01:57:29.867000+00:00,TRX-USDT-SWAP,90207990.00000006,1757987849867
2025-09-16 01:57:29.882000+00:00,TURBO-USDT-SWAP,890628000.0,1757987849882
2025-09-16 01:57:29.873000+00:00,UMA-USDT-SWAP,1412700.9,1757987849873
2025-09-16 01:57:29.879000+00:00,UNI-USDT-SWAP,3845830.0,1757987849879
2025-09-16 01:57:29.887000+00:00,USDC-USDT-SWAP,887390.0,1757987849887
2025-09-16 01:57:29.879000+00:00,USELESS-USDT-SWAP,12100350.0,1757987849879
2025-09-16 01:57:29.886000+00:00,USTC-USDT-SWAP,79649200.0,1757987849886
2025-09-16 01:57:29.894000+00:00,UXLINK-USDT-SWAP,5845760.0,1757987849894
2025-09-16 01:57:29.890000+00:00,VANA-USDT-SWAP,136224.6,1757987849890
2025-09-16 01:57:29.886000+00:00,VINE-USDT-SWAP,102778120.0,1757987849886
2025-09-16 01:57:30.321000+00:00,VIRTUAL-USDT-SWAP,3748345.0,1757987850321
2025-09-16 01:57:30.328000+00:00,W-USDT-SWAP,45902334.0,1757987850328
2025-09-16 01:57:30.320000+00:00,WAL-USDT-SWAP,2209310.0,1757987850320
2025-09-16 01:57:30.325000+00:00,WCT-USDT-SWAP,9578820.0,1757987850325
2025-09-16 01:57:30.352000+00:00,WIF-USDT-SWAP,16043880.0,1757987850352
2025-09-16 01:57:30.321000+00:00,WLD-USDT-SWAP,28396318.0,1757987850321
2025-09-16 01:57:30.325000+00:00,WLFI-USDT-SWAP,255751010.0,1757987850325
2025-09-16 01:57:30.323000+00:00,WOO-USDT-SWAP,18212320.0,1757987850323
2025-09-16 01:57:30.450000+00:00,XAUT-USDT-SWAP,5455.109,1757987850450
2025-09-16 01:57:30.896000+00:00,XLM-USDT-SWAP,40903230.0,1757987850896
2025-09-16 01:57:30.882000+00:00,XPL-USDT-SWAP,6865670.0,1757987850882
2025-09-16 01:57:30.889000+00:00,XRP-USDT-SWAP,98863127.99999994,1757987850889
2025-09-16 01:57:30.890000+00:00,XTZ-USDT-SWAP,5775585.0,1757987850890
2025-09-16 01:57:30.887000+00:00,YFI-USDT-SWAP,372.3606,1757987850887
2025-09-16 01:57:30.890000+00:00,YGG-USDT-SWAP,42111541.0,1757987850890
2025-09-16 01:57:30.892000+00:00,ZENT-USDT-SWAP,161978800.0,1757987850892
2025-09-16 01:57:30.889000+00:00,ZETA-USDT-SWAP,5696660.0,1757987850889
2025-09-16 01:57:30.889000+00:00,ZIL-USDT-SWAP,165906100.0,1757987850889
2025-09-16 01:57:31.325000+00:00,ZK-USDT-SWAP,50720840.0,1757987851325
2025-09-16 01:57:31.352000+00:00,ZRO-USDT-SWAP,1725054.0,1757987851352
2025-09-16 01:57:31.323000+00:00,ZRX-USDT-SWAP,6892120.0,1757987851323
2025-09-16 01:58:32.089000+00:00,1INCH-USDT-SWAP,7186409.0,1757987912089
2025-09-16 01:58:32.068000+00:00,A-USDT-SWAP,10808780.0,1757987912068
2025-09-16 01:58:32.081000+00:00,AAVE-USDT-SWAP,132897.74000000002,1757987912081
2025-09-16 01:58:32.127000+00:00,ACE-USDT-SWAP,2894474.0,1757987912127
2025-09-16 01:58:32.209000+00:00,ACH-USDT-SWAP,90110400.0,1757987912209
2025-09-16 01:58:32.083000+00:00,ACT-USDT-SWAP,83320959.0,1757987912083
2025-09-16 01:58:32.073000+00:00,ADA-USDT-SWAP,86011720.00000007,1757987912073
2025-09-16 01:58:32.070000+00:00,AERO-USDT-SWAP,2384750.0,1757987912070
2025-09-16 01:58:32.076000+00:00,AEVO-USDT-SWAP,14179310.0,1757987912076
2025-09-16 01:58:32.170000+00:00,AGLD-USDT-SWAP,2069865.0,1757987912170
2025-09-16 01:58:32.638000+00:00,AI16Z-USDT-SWAP,52070112.0,1757987912638
2025-09-16 01:58:32.641000+00:00,AIXBT-USDT-SWAP,23393420.0,1757987912641
2025-09-16 01:58:32.650000+00:00,ALGO-USDT-SWAP,28717160.0,1757987912650
2025-09-16 01:58:32.645000+00:00,ANIME-USDT-SWAP,97190030.0,1757987912645
2025-09-16 01:58:32.634000+00:00,APE-USDT-SWAP,8494154.3,1757987912634
2025-09-16 01:58:32.755000+00:00,API3-USDT-SWAP,2412321.0,1757987912755
2025-09-16 01:58:32.640000+00:00,APT-USDT-SWAP,3634265.0,1757987912640
2025-09-16 01:58:32.646000+00:00,AR-USDT-SWAP,497427.6,1757987912646
2025-09-16 01:58:32.645000+00:00,ARB-USDT-SWAP,35499279.0,1757987912645
2025-09-16 01:58:33.194000+00:00,ARC-USDT-SWAP,92029170.0,1757987913194
2025-09-16 01:58:33.184000+00:00,ARKM-USDT-SWAP,3640412.0,1757987913184
2025-09-16 01:58:33.184000+00:00,ATH-USDT-SWAP,180288000.0,1757987913184
2025-09-16 01:58:33.197000+00:00,ATOM-USDT-SWAP,1917207.0,1757987913197
2025-09-16 01:58:33.200000+00:00,AUCTION-USDT-SWAP,207804.6,1757987913200
2025-09-16 01:58:33.183000+00:00,AVAAI-USDT-SWAP,82380700.0,1757987913183
2025-09-16 01:58:33.198000+00:00,AVAX-USDT-SWAP,2094815.2999999998,1757987913198
2025-09-16 01:58:33.203000+00:00,AXS-USDT-SWAP,1177942.0,1757987913203
2025-09-16 01:58:33.185000+00:00,BABY-USDT-SWAP,33117630.0,1757987913185
2025-09-16 01:58:33.198000+00:00,BAND-USDT-SWAP,1483370.0,1757987913198
2025-09-16 01:58:33.698000+00:00,BAT-USDT-SWAP,4977750.0,1757987913698
2025-09-16 01:58:33.668000+00:00,BCH-USDT-SWAP,68738.14999999998,1757987913668
2025-09-16 01:58:33.655000+00:00,BERA-USDT-SWAP,2655323.4,1757987913655
2025-09-16 01:58:33.656000+00:00,BICO-USDT-SWAP,7526140.0,1757987913656
2025-09-16 01:58:33.650000+00:00,BIGTIME-USDT-SWAP,38122820.0,1757987913650
2025-09-16 01:58:33.650000+00:00,BIO-USDT-SWAP,65288903.0,1757987913650
2025-09-16 01:58:33.668000+00:00,BLUR-USDT-SWAP,25444120.0,1757987913668
2025-09-16 01:58:33.653000+00:00,BNB-USDT-SWAP,101931.9,1757987913653
2025-09-16 01:58:33.657000+00:00,BNT-USDT-SWAP,707480.0,1757987913657
2025-09-16 01:58:33.659000+00:00,BOME-USDT-SWAP,1125065000.0,1757987913659
2025-09-16 01:58:34.160000+00:00,BONK-USDT-SWAP,470589700000.0,1757987914160
2025-09-16 01:58:34.151000+00:00,BRETT-USDT-SWAP,15800300.0,1757987914151
2025-09-16 01:58:34.154000+00:00,BTC-USDT-SWAP,25064.313600000056,1757987914154
2025-09-16 01:58:34.153000+00:00,CAT-USDT-SWAP,140660700000.0,1757987914153
2025-09-16 01:58:34.154000+00:00,CATI-USDT-SWAP,12310865.0,1757987914154
2025-09-16 01:58:34.154000+00:00,CELO-USDT-SWAP,3923593.0,1757987914154
2025-09-16 01:58:34.171000+00:00,CETUS-USDT-SWAP,22544870.0,1757987914171
2025-09-16 01:58:34.149000+00:00,CFX-USDT-SWAP,85317680.0,1757987914149
2025-09-16 01:58:34.171000+00:00,CHZ-USDT-SWAP,80359880.0,1757987914171
2025-09-16 01:58:34.163000+00:00,COMP-USDT-SWAP,86410.1,1757987914163
2025-09-16 01:58:34.595000+00:00,COOKIE-USDT-SWAP,3994140.0,1757987914595
2025-09-16 01:58:34.604000+00:00,CORE-USDT-SWAP,9656168.0,1757987914604
2025-09-16 01:58:34.609000+00:00,CRO-USDT-SWAP,53889850.0,1757987914609
2025-09-16 01:58:34.606000+00:00,CRV-USDT-SWAP,24505655.0,1757987914606
2025-09-16 01:58:34.600000+00:00,CTC-USDT-SWAP,1785050.0,1757987914600
2025-09-16 01:58:34.608000+00:00,CVC-USDT-SWAP,9126800.0,1757987914608
2025-09-16 01:58:34.620000+00:00,CVX-USDT-SWAP,347471.0,1757987914620
2025-09-16 01:58:34.594000+00:00,DEGEN-USDT-SWAP,431604800.0,1757987914594
2025-09-16 01:58:35.066000+00:00,DOGE-USDT-SWAP,1712734580.0000002,1757987915066
2025-09-16 01:58:35.042000+00:00,DOGS-USDT-SWAP,16298823000.0,1757987915042
2025-09-16 01:58:35.050000+00:00,DOOD-USDT-SWAP,169167000.0,1757987915050
2025-09-16 01:58:35.044000+00:00,DOT-USDT-SWAP,5984044.0,1757987915044
2025-09-16 01:58:35.046000+00:00,DUCK-USDT-SWAP,660486900.0,1757987915046
2025-09-16 01:58:35.044000+00:00,DYDX-USDT-SWAP,11354596.0,1757987915044
2025-09-16 01:58:35.049000+00:00,EGLD-USDT-SWAP,127934.2,1757987915049
2025-09-16 01:58:35.105000+00:00,EIGEN-USDT-SWAP,3349573.0,1757987915105
2025-09-16 01:58:35.039000+00:00,ENJ-USDT-SWAP,13369960.0,1757987915039
2025-09-16 01:58:35.052000+00:00,ENS-USDT-SWAP,311855.9,1757987915052
2025-09-16 01:58:35.529000+00:00,ETC-USDT-SWAP,1179677.4000000004,1757987915529
2025-09-16 01:58:35.531000+00:00,ETH-USDT-SWAP,769429.5430000016,1757987915531
2025-09-16 01:58:35.530000+00:00,ETHFI-USDT-SWAP,8097768.0,1757987915530
2025-09-16 01:58:35.530000+00:00,ETHW-USDT-SWAP,1241501.9,1757987915530
2025-09-16 01:58:35.527000+00:00,FARTCOIN-USDT-SWAP,22614218.0,1757987915527
2025-09-16 01:58:35.533000+00:00,FIL-USDT-SWAP,13182877.8,1757987915533
2025-09-16 01:58:35.538000+00:00,FLM-USDT-SWAP,40831710.0,1757987915538
2025-09-16 01:58:35.526000+00:00,FLOKI-USDT-SWAP,40156300000.0,1757987915526
2025-09-16 01:58:35.552000+00:00,FLOW-USDT-SWAP,4653690.0,1757987915552
2025-09-16 01:58:35.564000+00:00,FXS-USDT-SWAP,397112.0,1757987915564
2025-09-16 01:58:35.983000+00:00,GALA-USDT-SWAP,426926660.0,1757987915983
2025-09-16 01:58:35.978000+00:00,GAS-USDT-SWAP,358372.0,1757987915978
2025-09-16 01:58:35.990000+00:00,GLM-USDT-SWAP,3060680.0,1757987915990
2025-09-16 01:58:36.024000+00:00,GMT-USDT-SWAP,44680114.0,1757987916024
2025-09-16 01:58:35.992000+00:00,GMX-USDT-SWAP,61849.5,1757987915992
2025-09-16 01:58:35.985000+00:00,GOAT-USDT-SWAP,26939370.0,1757987915985
2025-09-16 01:58:36.004000+00:00,GODS-USDT-SWAP,7128326.0,1757987916004
2025-09-16 01:58:36.008000+00:00,GPS-USDT-SWAP,146296290.0,1757987916008
2025-09-16 01:58:36.021000+00:00,GRASS-USDT-SWAP,2793802.0,1757987916021
2025-09-16 01:58:35.997000+00:00,GRIFFAIN-USDT-SWAP,26284640.0,1757987915997
2025-09-16 01:58:36.458000+00:00,GRT-USDT-SWAP,23492880.0,1757987916458
2025-09-16 01:58:36.456000+00:00,H-USDT-SWAP,106347600.0,1757987916456
2025-09-16 01:58:36.441000+00:00,HBAR-USDT-SWAP,74448200.0,1757987916441
2025-09-16 01:58:36.450000+00:00,HMSTR-USDT-SWAP,1100575200.0,1757987916450
2025-09-16 01:58:36.442000+00:00,HOME-USDT-SWAP,20354500.0,1757987916442
2025-09-16 01:58:36.455000+00:00,HUMA-USDT-SWAP,69315500.0,1757987916455
2025-09-16 01:58:36.443000+00:00,HYPE-USDT-SWAP,894492.2,1757987916443
2025-09-16 01:58:36.442000+00:00,ICP-USDT-SWAP,1618455.08,1757987916442
2025-09-16 01:58:36.436000+00:00,ICX-USDT-SWAP,5509030.0,1757987916436
2025-09-16 01:58:36.457000+00:00,IMX-USDT-SWAP,6799479.0,1757987916457
2025-09-16 01:58:36.882000+00:00,INIT-USDT-SWAP,2272880.0,1757987916882
2025-09-16 01:58:36.891000+00:00,INJ-USDT-SWAP,869600.1,1757987916891
2025-09-16 01:58:36.898000+00:00,IOST-USDT-SWAP,258858000.0,1757987916898
2025-09-16 01:58:36.893000+00:00,IOTA-USDT-SWAP,14953530.0,1757987916893
2025-09-16 01:58:36.904000+00:00,IP-USDT-SWAP,2568749.0,1757987916904
2025-09-16 01:58:36.903000+00:00,JELLYJELLY-USDT-SWAP,169806500.0,1757987916903
2025-09-16 01:58:37.032000+00:00,JOE-USDT-SWAP,5776930.0,1757987917032
2025-09-16 01:58:36.886000+00:00,JTO-USDT-SWAP,4191968.0,1757987916886
2025-09-16 01:58:36.891000+00:00,JUP-USDT-SWAP,14487720.0,1757987916891
2025-09-16 01:58:37.445000+00:00,KAITO-USDT-SWAP,4250516.0,1757987917445
2025-09-16 01:58:37.452000+00:00,KMNO-USDT-SWAP,28302700.0,1757987917452
2025-09-16 01:58:37.458000+00:00,KSM-USDT-SWAP,128840.8,1757987917458
2025-09-16 01:58:37.470000+00:00,LA-USDT-SWAP,3788130.0,1757987917470
2025-09-16 01:58:37.483000+00:00,LAUNCHCOIN-USDT-SWAP,46659730.0,1757987917483
2025-09-16 01:58:37.447000+00:00,LAYER-USDT-SWAP,5723675.0,1757987917447
2025-09-16 01:58:37.456000+00:00,LDO-USDT-SWAP,14488734.0,1757987917456
2025-09-16 01:58:37.449000+00:00,LINK-USDT-SWAP,2518961.4,1757987917449
2025-09-16 01:58:37.451000+00:00,LPT-USDT-SWAP,686403.2,1757987917451
2025-09-16 01:58:37.482000+00:00,LQTY-USDT-SWAP,1557058.0,1757987917482
2025-09-16 01:58:37.917000+00:00,LRC-USDT-SWAP,16785600.0,1757987917917
2025-09-16 01:58:37.930000+00:00,LTC-USDT-SWAP,661200.8999999998,1757987917930
2025-09-16 01:58:38.074000+00:00,LUNA-USDT-SWAP,15967438.0,1757987918074
2025-09-16 01:58:37.927000+00:00,LUNC-USDT-SWAP,24327240000.0,1757987917927
2025-09-16 01:58:37.930000+00:00,MAGIC-USDT-SWAP,16125549.0,1757987917930
2025-09-16 01:58:37.969000+00:00,MAJOR-USDT-SWAP,5063633.0,1757987917969
2025-09-16 01:58:37.921000+00:00,MANA-USDT-SWAP,10408580.0,1757987917921
2025-09-16 01:58:37.941000+00:00,MASK-USDT-SWAP,3000272.0,1757987917941
2025-09-16 01:58:37.928000+00:00,ME-USDT-SWAP,3658416.0,1757987917928
2025-09-16 01:58:37.928000+00:00,MEME-USDT-SWAP,1475941500.0,1757987917928
2025-09-16 01:58:38.521000+00:00,MERL-USDT-SWAP,72252808.0,1757987918521
2025-09-16 01:58:38.497000+00:00,METIS-USDT-SWAP,108659.9,1757987918497
2025-09-16 01:58:38.505000+00:00,MEW-USDT-SWAP,1041950000.0,1757987918505
2025-09-16 01:58:38.534000+00:00,MINA-USDT-SWAP,7648855.0,1757987918534
2025-09-16 01:58:38.501000+00:00,MOG-USDT-SWAP,608981000000.0,1757987918501
2025-09-16 01:58:38.500000+00:00,MOODENG-USDT-SWAP,59313790.0,1757987918500
2025-09-16 01:58:38.508000+00:00,MORPHO-USDT-SWAP,1472461.0,1757987918508
2025-09-16 01:58:38.498000+00:00,MOVE-USDT-SWAP,24182770.0,1757987918498
2025-09-16 01:58:38.522000+00:00,MUBARAK-USDT-SWAP,14008000.0,1757987918522
2025-09-16 01:58:38.989000+00:00,NEAR-USDT-SWAP,5214521.999999999,1757987918989
2025-09-16 01:58:39.033000+00:00,NEIRO-USDT-SWAP,9736695000.0,1757987919033
2025-09-16 01:58:39.047000+00:00,NEO-USDT-SWAP,377051.0,1757987919047
2025-09-16 01:58:38.995000+00:00,NEWT-USDT-SWAP,3184470.0,1757987918995
2025-09-16 01:58:39.001000+00:00,NMR-USDT-SWAP,395928.8,1757987919001
2025-09-16 01:58:39.001000+00:00,NOT-USDT-SWAP,1557159700.0,1757987919001
2025-09-16 01:58:39.007000+00:00,NXPC-USDT-SWAP,1210240.0,1757987919007
2025-09-16 01:58:38.994000+00:00,OL-USDT-SWAP,75355240.0,1757987918994
2025-09-16 01:58:39.005000+00:00,OM-USDT-SWAP,24819852.0,1757987919005
2025-09-16 01:58:39.473000+00:00,ONDO-USDT-SWAP,23176820.0,1757987919473
2025-09-16 01:58:39.472000+00:00,ONE-USDT-SWAP,80452700.0,1757987919472
2025-09-16 01:58:39.477000+00:00,ONT-USDT-SWAP,10421210.0,1757987919477
2025-09-16 01:58:39.483000+00:00,OP-USDT-SWAP,21245300.0,1757987919483
2025-09-16 01:58:39.480000+00:00,ORBS-USDT-SWAP,26986300.0,1757987919480
2025-09-16 01:58:39.469000+00:00,ORDI-USDT-SWAP,1383919.7,1757987919469
2025-09-16 01:58:39.478000+00:00,PARTI-USDT-SWAP,15371060.0,1757987919478
2025-09-16 01:58:39.470000+00:00,PENGU-USDT-SWAP,533829100.0,1757987919470
2025-09-16 01:58:39.486000+00:00,PEOPLE-USDT-SWAP,342942200.0,1757987919486
2025-09-16 01:58:39.476000+00:00,PEPE-USDT-SWAP,9394570000000.006,1757987919476
2025-09-16 01:58:39.925000+00:00,PERP-USDT-SWAP,3294208.0,1757987919925
2025-09-16 01:58:39.918000+00:00,PI-USDT-SWAP,33621045.0,1757987919918
2025-09-16 01:58:39.922000+00:00,PLUME-USDT-SWAP,21745520.0,1757987919922
2025-09-16 01:58:39.930000+00:00,PNUT-USDT-SWAP,39258500.0,1757987919930
2025-09-16 01:58:39.915000+00:00,POL-USDT-SWAP,35531420.0,1757987919915
2025-09-16 01:58:39.920000+00:00,POPCAT-USDT-SWAP,9734790.0,1757987919920
2025-09-16 01:58:39.927000+00:00,PRCL-USDT-SWAP,17448608.0,1757987919927
2025-09-16 01:58:39.916000+00:00,PROMPT-USDT-SWAP,32342820.0,1757987919916
2025-09-16 01:58:39.921000+00:00,PUMP-USDT-SWAP,8321424000.0,1757987919921
2025-09-16 01:58:39.953000+00:00,PYTH-USDT-SWAP,49248990.0,1757987919953
2025-09-16 01:58:40.383000+00:00,QTUM-USDT-SWAP,1178020.0,1757987920383
2025-09-16 01:58:40.383000+00:00,RAY-USDT-SWAP,1215040.0,1757987920383
2025-09-16 01:58:40.385000+00:00,RENDER-USDT-SWAP,1339764.0,1757987920385
2025-09-16 01:58:40.391000+00:00,RESOLV-USDT-SWAP,23065190.0,1757987920391
2025-09-16 01:58:40.385000+00:00,RSR-USDT-SWAP,263134400.0,1757987920385
2025-09-16 01:58:40.387000+00:00,RVN-USDT-SWAP,74687020.0,1757987920387
2025-09-16 01:58:40.384000+00:00,S-USDT-SWAP,12459230.0,1757987920384
2025-09-16 01:58:40.398000+00:00,SAHARA-USDT-SWAP,37355570.0,1757987920398
2025-09-16 01:58:40.388000+00:00,SAND-USDT-SWAP,17486820.0,1757987920388
2025-09-16 01:58:40.406000+00:00,SATS-USDT-SWAP,215031970000000.0,1757987920406
2025-09-16 01:58:40.825000+00:00,SCR-USDT-SWAP,2704925.0,1757987920825
2025-09-16 01:58:40.841000+00:00,SHELL-USDT-SWAP,5429630.0,1757987920841
2025-09-16 01:58:40.836000+00:00,SHIB-USDT-SWAP,1665840200000.0,1757987920836
2025-09-16 01:58:40.832000+00:00,SIGN-USDT-SWAP,44318100.0,1757987920832
2025-09-16 01:58:40.831000+00:00,SLP-USDT-SWAP,415002540.0,1757987920831
2025-09-16 01:58:40.845000+00:00,SNX-USDT-SWAP,2279106.0,1757987920845
2025-09-16 01:58:40.838000+00:00,SOL-USDT-SWAP,3511602.0900000036,1757987920838
2025-09-16 01:58:40.841000+00:00,SOLV-USDT-SWAP,55980400.0,1757987920841
2025-09-16 01:58:40.833000+00:00,SONIC-USDT-SWAP,10100991.0,1757987920833
2025-09-16 01:58:40.846000+00:00,SOON-USDT-SWAP,6897080.0,1757987920846
2025-09-16 01:58:41.300000+00:00,SOPH-USDT-SWAP,78350900.0,1757987921300
2025-09-16 01:58:41.278000+00:00,SPK-USDT-SWAP,103730900.0,1757987921278
2025-09-16 01:58:41.293000+00:00,SPX-USDT-SWAP,933092.0,1757987921293
2025-09-16 01:58:41.279000+00:00,SSV-USDT-SWAP,312257.9,1757987921279
2025-09-16 01:58:41.294000+00:00,STORJ-USDT-SWAP,5682270.0,1757987921294
2025-09-16 01:58:41.287000+00:00,STRK-USDT-SWAP,32506540.0,1757987921287
2025-09-16 01:58:41.281000+00:00,STX-USDT-SWAP,6349209.999999999,1757987921281
2025-09-16 01:58:41.275000+00:00,SUI-USDT-SWAP,21976219.0,1757987921275
2025-09-16 01:58:41.291000+00:00,SUSHI-USDT-SWAP,8364340.0,1757987921291
2025-09-16 01:58:41.288000+00:00,SWARMS-USDT-SWAP,75956320.0,1757987921288
2025-09-16 01:58:41.741000+00:00,SYRUP-USDT-SWAP,2345350.0,1757987921741
2025-09-16 01:58:41.758000+00:00,T-USDT-SWAP,47771800.0,1757987921758
2025-09-16 01:58:41.748000+00:00,TAO-USDT-SWAP,13261.58,1757987921748
2025-09-16 01:58:41.747000+00:00,THETA-USDT-SWAP,2971950.9999999995,1757987921747
2025-09-16 01:58:41.782000+00:00,TIA-USDT-SWAP,5063306.0,1757987921782
2025-09-16 01:58:41.752000+00:00,TNSR-USDT-SWAP,8917370.0,1757987921752
2025-09-16 01:58:41.759000+00:00,TON-USDT-SWAP,8682050.0,1757987921759
2025-09-16 01:58:41.740000+00:00,TRB-USDT-SWAP,242927.3,1757987921740
2025-09-16 01:58:41.733000+00:00,TREE-USDT-SWAP,8679247.0,1757987921733
2025-09-16 01:58:41.763000+00:00,TRUMP-USDT-SWAP,5347136.8,1757987921763
2025-09-16 01:58:42.210000+00:00,TRX-USDT-SWAP,90163670.00000006,1757987922210
2025-09-16 01:58:42.210000+00:00,TURBO-USDT-SWAP,889786000.0,1757987922210
2025-09-16 01:58:42.227000+00:00,UMA-USDT-SWAP,1411837.1,1757987922227
2025-09-16 01:58:42.265000+00:00,UNI-USDT-SWAP,3847678.0,1757987922265
2025-09-16 01:58:42.227000+00:00,USDC-USDT-SWAP,887390.0,1757987922227
2025-09-16 01:58:42.230000+00:00,USELESS-USDT-SWAP,12106650.0,1757987922230
2025-09-16 01:58:42.221000+00:00,USTC-USDT-SWAP,79641000.0,1757987922221
2025-09-16 01:58:42.392000+00:00,UXLINK-USDT-SWAP,5846480.0,1757987922392
2025-09-16 01:58:42.215000+00:00,VANA-USDT-SWAP,136224.6,1757987922215
2025-09-16 01:58:42.260000+00:00,VINE-USDT-SWAP,102797740.0,1757987922260
2025-09-16 01:58:42.814000+00:00,VIRTUAL-USDT-SWAP,3748325.0,1757987922814
2025-09-16 01:58:42.820000+00:00,W-USDT-SWAP,45848897.0,1757987922820
2025-09-16 01:58:42.825000+00:00,WAL-USDT-SWAP,2209310.0,1757987922825
2025-09-16 01:58:42.832000+00:00,WCT-USDT-SWAP,9581160.0,1757987922832
2025-09-16 01:58:42.816000+00:00,WIF-USDT-SWAP,16041352.0,1757987922816
2025-09-16 01:58:42.817000+00:00,WLD-USDT-SWAP,28333983.0,1757987922817
2025-09-16 01:58:42.830000+00:00,WLFI-USDT-SWAP,255676840.0,1757987922830
2025-09-16 01:58:42.815000+00:00,WOO-USDT-SWAP,18211840.0,1757987922815
2025-09-16 01:58:42.840000+00:00,XAUT-USDT-SWAP,5455.112,1757987922840
2025-09-16 01:58:43.338000+00:00,XLM-USDT-SWAP,40917920.00000001,1757987923338
2025-09-16 01:58:43.332000+00:00,XPL-USDT-SWAP,6864840.0,1757987923332
2025-09-16 01:58:43.333000+00:00,XRP-USDT-SWAP,98881109.99999996,1757987923333
2025-09-16 01:58:43.339000+00:00,XTZ-USDT-SWAP,5774671.0,1757987923339
2025-09-16 01:58:43.351000+00:00,YFI-USDT-SWAP,372.3419,1757987923351
2025-09-16 01:58:43.330000+00:00,YGG-USDT-SWAP,42096071.0,1757987923330
2025-09-16 01:58:43.337000+00:00,ZENT-USDT-SWAP,161900000.0,1757987923337
2025-09-16 01:58:43.339000+00:00,ZETA-USDT-SWAP,5696760.0,1757987923339
2025-09-16 01:58:43.343000+00:00,ZIL-USDT-SWAP,165906000.0,1757987923343
2025-09-16 01:58:43.779000+00:00,ZK-USDT-SWAP,50718810.0,1757987923779
2025-09-16 01:58:43.773000+00:00,ZRO-USDT-SWAP,1723861.0,1757987923773
2025-09-16 01:58:43.772000+00:00,ZRX-USDT-SWAP,6891440.0,1757987923772
2025-09-16 01:59:44.607000+00:00,1INCH-USDT-SWAP,7191671.0,1757987984607
2025-09-16 01:59:44.653000+00:00,A-USDT-SWAP,10800500.0,1757987984653
2025-09-16 01:59:44.616000+00:00,AAVE-USDT-SWAP,132875.34000000003,1757987984616
2025-09-16 01:59:44.629000+00:00,ACE-USDT-SWAP,2895648.0,1757987984629
2025-09-16 01:59:44.631000+00:00,ACH-USDT-SWAP,90110000.0,1757987984631
2025-09-16 01:59:44.610000+00:00,ACT-USDT-SWAP,83344682.0,1757987984610
2025-09-16 01:59:44.633000+00:00,ADA-USDT-SWAP,86020660.00000007,1757987984633
2025-09-16 01:59:44.605000+00:00,AERO-USDT-SWAP,2383850.0,1757987984605
2025-09-16 01:59:44.615000+00:00,AEVO-USDT-SWAP,14178561.0,1757987984615
2025-09-16 01:59:44.613000+00:00,AGLD-USDT-SWAP,2070361.0,1757987984613
2025-09-16 01:59:45.079000+00:00,AI16Z-USDT-SWAP,52057356.0,1757987985079
2025-09-16 01:59:45.090000+00:00,AIXBT-USDT-SWAP,23391310.0,1757987985090
2025-09-16 01:59:45.078000+00:00,ALGO-USDT-SWAP,28718410.0,1757987985078
2025-09-16 01:59:45.085000+00:00,ANIME-USDT-SWAP,97190390.0,1757987985085
2025-09-16 01:59:45.080000+00:00,APE-USDT-SWAP,8493879.1,1757987985080
2025-09-16 01:59:45.080000+00:00,API3-USDT-SWAP,2411111.0,1757987985080
2025-09-16 01:59:45.082000+00:00,APT-USDT-SWAP,3633821.0,1757987985082
2025-09-16 01:59:45.083000+00:00,AR-USDT-SWAP,497426.0,1757987985083
2025-09-16 01:59:45.106000+00:00,ARB-USDT-SWAP,35478084.0,1757987985106
2025-09-16 01:59:45.529000+00:00,ARC-USDT-SWAP,92028090.0,1757987985529
2025-09-16 01:59:45.539000+00:00,ARKM-USDT-SWAP,3639749.0,1757987985539
2025-09-16 01:59:45.542000+00:00,ATH-USDT-SWAP,180161900.0,1757987985542
2025-09-16 01:59:45.538000+00:00,ATOM-USDT-SWAP,1917367.0,1757987985538
2025-09-16 01:59:45.562000+00:00,AUCTION-USDT-SWAP,207845.9,1757987985562
2025-09-16 01:59:45.558000+00:00,AVAAI-USDT-SWAP,82378510.0,1757987985558
2025-09-16 01:59:45.538000+00:00,AVAX-USDT-SWAP,2094325.3999999997,1757987985538
2025-09-16 01:59:45.534000+00:00,AXS-USDT-SWAP,1178183.2,1757987985534
2025-09-16 01:59:45.554000+00:00,BABY-USDT-SWAP,33116510.0,1757987985554
2025-09-16 01:59:45.536000+00:00,BAND-USDT-SWAP,1483370.0,1757987985536
2025-09-16 01:59:45.998000+00:00,BAT-USDT-SWAP,4977710.0,1757987985998
2025-09-16 01:59:46.006000+00:00,BCH-USDT-SWAP,68756.68999999997,1757987986006
2025-09-16 01:59:46.026000+00:00,BERA-USDT-SWAP,2653767.9,1757987986026
2025-09-16 01:59:46.002000+00:00,BICO-USDT-SWAP,7526113.0,1757987986002
2025-09-16 01:59:45.998000+00:00,BIGTIME-USDT-SWAP,38110360.0,1757987985998
2025-09-16 01:59:45.993000+00:00,BIO-USDT-SWAP,65242790.0,1757987985993
2025-09-16 01:59:46+00:00,BLUR-USDT-SWAP,25444110.0,1757987986000
2025-09-16 01:59:45.992000+00:00,BNB-USDT-SWAP,101926.34,1757987985992
2025-09-16 01:59:45.998000+00:00,BNT-USDT-SWAP,707490.0,1757987985998
2025-09-16 01:59:46.084000+00:00,BOME-USDT-SWAP,1125065000.0,1757987986084
2025-09-16 01:59:46.514000+00:00,BONK-USDT-SWAP,470545300000.0,1757987986514
2025-09-16 01:59:46.505000+00:00,BRETT-USDT-SWAP,15800500.0,1757987986505
2025-09-16 01:59:46.530000+00:00,BTC-USDT-SWAP,25065.090200000053,1757987986530
2025-09-16 01:59:46.530000+00:00,CAT-USDT-SWAP,140663000000.0,1757987986530
2025-09-16 01:59:46.526000+00:00,CATI-USDT-SWAP,12310889.0,1757987986526
2025-09-16 01:59:46.517000+00:00,CELO-USDT-SWAP,3924781.0,1757987986517
2025-09-16 01:59:46.514000+00:00,CETUS-USDT-SWAP,22550040.0,1757987986514
2025-09-16 01:59:46.518000+00:00,CFX-USDT-SWAP,85163250.0,1757987986518
2025-09-16 01:59:46.516000+00:00,CHZ-USDT-SWAP,80357080.0,1757987986516
2025-09-16 01:59:46.516000+00:00,COMP-USDT-SWAP,86408.3,1757987986516
2025-09-16 01:59:46.976000+00:00,COOKIE-USDT-SWAP,3994090.0,1757987986976
2025-09-16 01:59:46.956000+00:00,CORE-USDT-SWAP,9656316.0,1757987986956
2025-09-16 01:59:46.959000+00:00,CRO-USDT-SWAP,53895100.0,1757987986959
2025-09-16 01:59:46.978000+00:00,CRV-USDT-SWAP,24501653.0,1757987986978
2025-09-16 01:59:46.965000+00:00,CTC-USDT-SWAP,1783300.0,1757987986965
2025-09-16 01:59:47.115000+00:00,CVC-USDT-SWAP,9112400.0,1757987987115
2025-09-16 01:59:46.976000+00:00,CVX-USDT-SWAP,347472.0,1757987986976
2025-09-16 01:59:46.961000+00:00,DEGEN-USDT-SWAP,431485800.0,1757987986961
2025-09-16 01:59:47.550000+00:00,DOGE-USDT-SWAP,1712693730.0000002,1757987987550
2025-09-16 01:59:47.546000+00:00,DOGS-USDT-SWAP,16302230000.0,1757987987546
2025-09-16 01:59:47.561000+00:00,DOOD-USDT-SWAP,169156000.0,1757987987561
2025-09-16 01:59:47.540000+00:00,DOT-USDT-SWAP,5983826.0,1757987987540
2025-09-16 01:59:47.537000+00:00,DUCK-USDT-SWAP,660339600.0,1757987987537
2025-09-16 01:59:47.542000+00:00,DYDX-USDT-SWAP,11354769.0,1757987987542
2025-09-16 01:59:47.543000+00:00,EGLD-USDT-SWAP,127967.1,1757987987543
2025-09-16 01:59:47.536000+00:00,EIGEN-USDT-SWAP,3346652.0,1757987987536
2025-09-16 01:59:47.533000+00:00,ENJ-USDT-SWAP,13370190.0,1757987987533
2025-09-16 01:59:47.531000+00:00,ENS-USDT-SWAP,311992.5,1757987987531
2025-09-16 01:59:47.997000+00:00,ETC-USDT-SWAP,1179627.8000000003,1757987987997
2025-09-16 01:59:47.995000+00:00,ETH-USDT-SWAP,769514.8010000016,1757987987995
2025-09-16 01:59:47.993000+00:00,ETHFI-USDT-SWAP,8101813.0,1757987987993
2025-09-16 01:59:48.001000+00:00,ETHW-USDT-SWAP,1241500.4,1757987988001
2025-09-16 01:59:47.997000+00:00,FARTCOIN-USDT-SWAP,22661099.0,1757987987997
2025-09-16 01:59:48+00:00,FIL-USDT-SWAP,13178115.4,1757987988000
2025-09-16 01:59:48.124000+00:00,FLM-USDT-SWAP,40829950.0,1757987988124
2025-09-16 01:59:48.008000+00:00,FLOKI-USDT-SWAP,40162600000.0,1757987988008
2025-09-16 01:59:47.996000+00:00,FLOW-USDT-SWAP,4656260.0,1757987987996
2025-09-16 01:59:48.009000+00:00,FXS-USDT-SWAP,397156.0,1757987988009
2025-09-16 01:59:48.542000+00:00,GALA-USDT-SWAP,427065000.0,1757987988542
2025-09-16 01:59:48.553000+00:00,GAS-USDT-SWAP,358370.0,1757987988553
2025-09-16 01:59:48.559000+00:00,GLM-USDT-SWAP,3060680.0,1757987988559
2025-09-16 01:59:48.562000+00:00,GMT-USDT-SWAP,44646857.0,1757987988562
2025-09-16 01:59:48.542000+00:00,GMX-USDT-SWAP,61849.3,1757987988542
2025-09-16 01:59:48.547000+00:00,GOAT-USDT-SWAP,26940430.0,1757987988547
2025-09-16 01:59:48.546000+00:00,GODS-USDT-SWAP,7129759.0,1757987988546
2025-09-16 01:59:48.542000+00:00,GPS-USDT-SWAP,146244790.0,1757987988542
2025-09-16 01:59:48.551000+00:00,GRASS-USDT-SWAP,2793859.0,1757987988551
2025-09-16 01:59:48.555000+00:00,GRIFFAIN-USDT-SWAP,26285800.0,1757987988555
2025-09-16 01:59:49.003000+00:00,GRT-USDT-SWAP,23493250.0,1757987989003
2025-09-16 01:59:49.005000+00:00,H-USDT-SWAP,106333300.0,1757987989005
2025-09-16 01:59:49.006000+00:00,HBAR-USDT-SWAP,74452250.0,1757987989006
2025-09-16 01:59:49.014000+00:00,HMSTR-USDT-SWAP,1098350500.0,1757987989014
2025-09-16 01:59:48.997000+00:00,HOME-USDT-SWAP,20355100.0,1757987988997
2025-09-16 01:59:48.999000+00:00,HUMA-USDT-SWAP,69433500.0,1757987988999
2025-09-16 01:59:49.005000+00:00,HYPE-USDT-SWAP,894496.4,1757987989005
2025-09-16 01:59:49.006000+00:00,ICP-USDT-SWAP,1618517.25,1757987989006
2025-09-16 01:59:49.004000+00:00,ICX-USDT-SWAP,5508650.0,1757987989004
2025-09-16 01:59:49.007000+00:00,IMX-USDT-SWAP,6799709.0,1757987989007
2025-09-16 01:59:49.464000+00:00,INIT-USDT-SWAP,2274990.0,1757987989464
2025-09-16 01:59:49.448000+00:00,INJ-USDT-SWAP,869606.2,1757987989448
2025-09-16 01:59:49.444000+00:00,IOST-USDT-SWAP,258858000.0,1757987989444
2025-09-16 01:59:49.509000+00:00,IOTA-USDT-SWAP,14953490.0,1757987989509
2025-09-16 01:59:49.440000+00:00,IP-USDT-SWAP,2572265.0,1757987989440
2025-09-16 01:59:49.451000+00:00,JELLYJELLY-USDT-SWAP,169786400.0,1757987989451
2025-09-16 01:59:49.457000+00:00,JOE-USDT-SWAP,5776930.0,1757987989457
2025-09-16 01:59:49.454000+00:00,JTO-USDT-SWAP,4191984.0,1757987989454
2025-09-16 01:59:49.452000+00:00,JUP-USDT-SWAP,14487680.0,1757987989452
2025-09-16 01:59:49.924000+00:00,KAITO-USDT-SWAP,4250527.0,1757987989924
2025-09-16 01:59:49.934000+00:00,KMNO-USDT-SWAP,28267200.0,1757987989934
2025-09-16 01:59:49.936000+00:00,KSM-USDT-SWAP,128841.5,1757987989936
2025-09-16 01:59:49.937000+00:00,LA-USDT-SWAP,3908850.0,1757987989937
2025-09-16 01:59:49.932000+00:00,LAUNCHCOIN-USDT-SWAP,46591970.0,1757987989932
2025-09-16 01:59:49.924000+00:00,LAYER-USDT-SWAP,5729513.0,1757987989924
2025-09-16 01:59:49.928000+00:00,LDO-USDT-SWAP,14488340.0,1757987989928
2025-09-16 01:59:49.931000+00:00,LINK-USDT-SWAP,2518206.2,1757987989931
2025-09-16 01:59:49.929000+00:00,LPT-USDT-SWAP,686400.8,1757987989929
2025-09-16 01:59:49.959000+00:00,LQTY-USDT-SWAP,1557040.0,1757987989959
2025-09-16 01:59:50.399000+00:00,LRC-USDT-SWAP,16782320.0,1757987990399
2025-09-16 01:59:50.417000+00:00,LTC-USDT-SWAP,661024.6999999998,1757987990417
2025-09-16 01:59:50.407000+00:00,LUNA-USDT-SWAP,15967408.0,1757987990407
2025-09-16 01:59:50.388000+00:00,LUNC-USDT-SWAP,24327240000.0,1757987990388
2025-09-16 01:59:50.386000+00:00,MAGIC-USDT-SWAP,16125864.0,1757987990386
2025-09-16 01:59:50.382000+00:00,MAJOR-USDT-SWAP,5062304.0,1757987990382
2025-09-16 01:59:50.403000+00:00,MANA-USDT-SWAP,10408760.0,1757987990403
2025-09-16 01:59:50.381000+00:00,MASK-USDT-SWAP,2999923.0,1757987990381
2025-09-16 01:59:50.402000+00:00,ME-USDT-SWAP,3658711.0,1757987990402
2025-09-16 01:59:50.422000+00:00,MEME-USDT-SWAP,1475633200.0,1757987990422
2025-09-16 01:59:50.861000+00:00,MERL-USDT-SWAP,73297590.0,1757987990861
2025-09-16 01:59:50.864000+00:00,METIS-USDT-SWAP,108655.2,1757987990864
2025-09-16 01:59:50.860000+00:00,MEW-USDT-SWAP,1041949000.0,1757987990860
2025-09-16 01:59:50.862000+00:00,MINA-USDT-SWAP,7651175.0,1757987990862
2025-09-16 01:59:50.868000+00:00,MOG-USDT-SWAP,608981000000.0,1757987990868
2025-09-16 01:59:50.890000+00:00,MOODENG-USDT-SWAP,59300810.0,1757987990890
2025-09-16 01:59:50.877000+00:00,MORPHO-USDT-SWAP,1472459.0,1757987990877
2025-09-16 01:59:50.870000+00:00,MOVE-USDT-SWAP,24172250.0,1757987990870
2025-09-16 01:59:50.865000+00:00,MUBARAK-USDT-SWAP,14004200.0,1757987990865
2025-09-16 01:59:51.327000+00:00,NEAR-USDT-SWAP,5215072.999999999,1757987991327
2025-09-16 01:59:51.345000+00:00,NEIRO-USDT-SWAP,9735681000.0,1757987991345
2025-09-16 01:59:51.332000+00:00,NEO-USDT-SWAP,377047.0,1757987991332
2025-09-16 01:59:51.334000+00:00,NEWT-USDT-SWAP,3184360.0,1757987991334
2025-09-16 01:59:51.327000+00:00,NMR-USDT-SWAP,385184.3,1757987991327
2025-09-16 01:59:51.334000+00:00,NOT-USDT-SWAP,1556641000.0,1757987991334
2025-09-16 01:59:51.324000+00:00,NXPC-USDT-SWAP,1210112.0,1757987991324
2025-09-16 01:59:51.333000+00:00,OL-USDT-SWAP,75419620.0,1757987991333
2025-09-16 01:59:51.322000+00:00,OM-USDT-SWAP,24851371.0,1757987991322
2025-09-16 01:59:51.768000+00:00,ONDO-USDT-SWAP,23174860.0,1757987991768
2025-09-16 01:59:51.764000+00:00,ONE-USDT-SWAP,80467400.0,1757987991764
2025-09-16 01:59:51.772000+00:00,ONT-USDT-SWAP,10420140.0,1757987991772
2025-09-16 01:59:51.778000+00:00,OP-USDT-SWAP,21205733.0,1757987991778
2025-09-16 01:59:51.764000+00:00,ORBS-USDT-SWAP,26986300.0,1757987991764
2025-09-16 01:59:51.779000+00:00,ORDI-USDT-SWAP,1383918.6,1757987991779
2025-09-16 01:59:51.767000+00:00,PARTI-USDT-SWAP,15370500.0,1757987991767
2025-09-16 01:59:51.758000+00:00,PENGU-USDT-SWAP,533771100.0,1757987991758
2025-09-16 01:59:51.772000+00:00,PEOPLE-USDT-SWAP,343471500.0,1757987991772
2025-09-16 01:59:51.771000+00:00,PEPE-USDT-SWAP,9393704000000.006,1757987991771
2025-09-16 01:59:52.218000+00:00,PERP-USDT-SWAP,3294178.0,1757987992218
2025-09-16 01:59:52.219000+00:00,PI-USDT-SWAP,33622146.0,1757987992219
2025-09-16 01:59:52.233000+00:00,PLUME-USDT-SWAP,21746160.0,1757987992233
2025-09-16 01:59:52.227000+00:00,PNUT-USDT-SWAP,39241810.0,1757987992227
2025-09-16 01:59:52.219000+00:00,POL-USDT-SWAP,35532360.0,1757987992219
2025-09-16 01:59:52.227000+00:00,POPCAT-USDT-SWAP,9736000.0,1757987992227
2025-09-16 01:59:52.227000+00:00,PRCL-USDT-SWAP,17449645.0,1757987992227
2025-09-16 01:59:52.221000+00:00,PROMPT-USDT-SWAP,32350790.0,1757987992221
2025-09-16 01:59:52.229000+00:00,PUMP-USDT-SWAP,8317419000.0,1757987992229
2025-09-16 01:59:52.218000+00:00,PYTH-USDT-SWAP,49250240.0,1757987992218
2025-09-16 01:59:52.655000+00:00,QTUM-USDT-SWAP,1177808.0,1757987992655
2025-09-16 01:59:52.665000+00:00,RAY-USDT-SWAP,1213763.0,1757987992665
2025-09-16 01:59:52.674000+00:00,RENDER-USDT-SWAP,1339764.0,1757987992674
2025-09-16 01:59:52.699000+00:00,RESOLV-USDT-SWAP,23056790.0,1757987992699
2025-09-16 01:59:52.668000+00:00,RSR-USDT-SWAP,263143400.0,1757987992668
2025-09-16 01:59:52.671000+00:00,RVN-USDT-SWAP,74819680.0,1757987992671
2025-09-16 01:59:52.663000+00:00,S-USDT-SWAP,12459230.0,1757987992663
2025-09-16 01:59:52.671000+00:00,SAHARA-USDT-SWAP,37336780.0,1757987992671
2025-09-16 01:59:52.674000+00:00,SAND-USDT-SWAP,17491360.0,1757987992674
2025-09-16 01:59:52.672000+00:00,SATS-USDT-SWAP,215068230000000.0,1757987992672
2025-09-16 01:59:53.127000+00:00,SCR-USDT-SWAP,2705164.0,1757987993127
2025-09-16 01:59:53.113000+00:00,SHELL-USDT-SWAP,5429630.0,1757987993113
2025-09-16 01:59:53.125000+00:00,SHIB-USDT-SWAP,1668034100000.0,1757987993125
2025-09-16 01:59:53.134000+00:00,SIGN-USDT-SWAP,44316500.0,1757987993134
2025-09-16 01:59:53.112000+00:00,SLP-USDT-SWAP,415018910.0,1757987993112
2025-09-16 01:59:53.134000+00:00,SNX-USDT-SWAP,2278658.0,1757987993134
2025-09-16 01:59:53.123000+00:00,SOL-USDT-SWAP,3506317.0500000035,1757987993123
2025-09-16 01:59:53.116000+00:00,SOLV-USDT-SWAP,55980300.0,1757987993116
2025-09-16 01:59:53.129000+00:00,SONIC-USDT-SWAP,10040342.0,1757987993129
2025-09-16 01:59:53.135000+00:00,SOON-USDT-SWAP,6897690.0,1757987993135
2025-09-16 01:59:53.566000+00:00,SOPH-USDT-SWAP,78345800.0,1757987993566
2025-09-16 01:59:53.562000+00:00,SPK-USDT-SWAP,103911400.0,1757987993562
2025-09-16 01:59:53.586000+00:00,SPX-USDT-SWAP,932823.0,1757987993586
2025-09-16 01:59:53.589000+00:00,SSV-USDT-SWAP,312257.9,1757987993589
2025-09-16 01:59:53.551000+00:00,STORJ-USDT-SWAP,5682240.0,1757987993551
2025-09-16 01:59:53.573000+00:00,STRK-USDT-SWAP,32494055.0,1757987993573
2025-09-16 01:59:53.561000+00:00,STX-USDT-SWAP,6355707.999999999,1757987993561
2025-09-16 01:59:53.560000+00:00,SUI-USDT-SWAP,21974387.0,1757987993560
2025-09-16 01:59:53.582000+00:00,SUSHI-USDT-SWAP,8368996.0,1757987993582
2025-09-16 01:59:53.581000+00:00,SWARMS-USDT-SWAP,75879940.0,1757987993581
2025-09-16 01:59:54.001000+00:00,SYRUP-USDT-SWAP,2345540.0,1757987994001
2025-09-16 01:59:54.034000+00:00,T-USDT-SWAP,47769300.0,1757987994034
2025-09-16 01:59:54.011000+00:00,TAO-USDT-SWAP,13261.1,1757987994011
2025-09-16 01:59:54.004000+00:00,THETA-USDT-SWAP,2971897.9999999995,1757987994004
2025-09-16 01:59:54.007000+00:00,TIA-USDT-SWAP,5063356.0,1757987994007
2025-09-16 01:59:54.012000+00:00,TNSR-USDT-SWAP,8917454.0,1757987994012
2025-09-16 01:59:54.017000+00:00,TON-USDT-SWAP,8679445.0,1757987994017
2025-09-16 01:59:54.035000+00:00,TRB-USDT-SWAP,242933.0,1757987994035
2025-09-16 01:59:54.013000+00:00,TREE-USDT-SWAP,8709617.0,1757987994013
2025-09-16 01:59:54.016000+00:00,TRUMP-USDT-SWAP,5346549.0,1757987994016
2025-09-16 01:59:54.463000+00:00,TRX-USDT-SWAP,90159750.00000006,1757987994463
2025-09-16 01:59:54.467000+00:00,TURBO-USDT-SWAP,889694000.0,1757987994467
2025-09-16 01:59:54.479000+00:00,UMA-USDT-SWAP,1411907.0,1757987994479
2025-09-16 01:59:54.462000+00:00,UNI-USDT-SWAP,3851858.0,1757987994462
2025-09-16 01:59:54.459000+00:00,USDC-USDT-SWAP,887390.0,1757987994459
2025-09-16 01:59:54.467000+00:00,USELESS-USDT-SWAP,12101540.0,1757987994467
2025-09-16 01:59:54.470000+00:00,USTC-USDT-SWAP,79636000.0,1757987994470
2025-09-16 01:59:54.464000+00:00,UXLINK-USDT-SWAP,5845450.0,1757987994464
2025-09-16 01:59:54.471000+00:00,VANA-USDT-SWAP,135611.9,1757987994471
2025-09-16 01:59:54.469000+00:00,VINE-USDT-SWAP,102831150.0,1757987994469
2025-09-16 01:59:54.913000+00:00,VIRTUAL-USDT-SWAP,3748356.0,1757987994913
2025-09-16 01:59:54.902000+00:00,W-USDT-SWAP,45848415.0,1757987994902
2025-09-16 01:59:54.919000+00:00,WAL-USDT-SWAP,2210710.0,1757987994919
2025-09-16 01:59:54.915000+00:00,WCT-USDT-SWAP,9579200.0,1757987994915
2025-09-16 01:59:54.913000+00:00,WIF-USDT-SWAP,16040468.0,1757987994913
2025-09-16 01:59:54.911000+00:00,WLD-USDT-SWAP,28335405.0,1757987994911
2025-09-16 01:59:54.901000+00:00,WLFI-USDT-SWAP,255985000.0,1757987994901
2025-09-16 01:59:54.904000+00:00,WOO-USDT-SWAP,18211120.0,1757987994904
2025-09-16 01:59:54.948000+00:00,XAUT-USDT-SWAP,5455.371,1757987994948
2025-09-16 01:59:55.505000+00:00,XLM-USDT-SWAP,40929960.00000001,1757987995505
2025-09-16 01:59:55.502000+00:00,XPL-USDT-SWAP,6860340.0,1757987995502
2025-09-16 01:59:55.538000+00:00,XRP-USDT-SWAP,98885965.99999996,1757987995538
2025-09-16 01:59:55.501000+00:00,XTZ-USDT-SWAP,5774301.0,1757987995501
2025-09-16 01:59:55.512000+00:00,YFI-USDT-SWAP,372.3419,1757987995512
2025-09-16 01:59:55.523000+00:00,YGG-USDT-SWAP,42119181.0,1757987995523
2025-09-16 01:59:55.514000+00:00,ZENT-USDT-SWAP,162165200.0,1757987995514
2025-09-16 01:59:55.523000+00:00,ZETA-USDT-SWAP,5696760.0,1757987995523
2025-09-16 01:59:55.511000+00:00,ZIL-USDT-SWAP,165906000.0,1757987995511
2025-09-16 01:59:55.970000+00:00,ZK-USDT-SWAP,50722130.0,1757987995970
2025-09-16 01:59:56.085000+00:00,ZRO-USDT-SWAP,1723791.0,1757987996085
2025-09-16 01:59:55.969000+00:00,ZRX-USDT-SWAP,6891440.0,1757987995969
