datetime_utc,symbol,oi_value,timestamp_ms
2025-09-18 01:06:56.986000+00:00,1INCH-USDT-SWAP,6737374.0,1758157616986
2025-09-18 01:06:56.976000+00:00,A-USDT-SWAP,10962410.0,1758157616976
2025-09-18 01:06:56.999000+00:00,AAVE-USDT-SWAP,132231.26000000004,1758157616999
2025-09-18 01:06:57.002000+00:00,ACE-USDT-SWAP,3054276.0,1758157617002
2025-09-18 01:06:57.083000+00:00,ACH-USDT-SWAP,87348800.0,1758157617083
2025-09-18 01:06:56.999000+00:00,ACT-USDT-SWAP,92977985.0,1758157616999
2025-09-18 01:06:57.008000+00:00,ADA-USDT-SWAP,80479260.0000001,1758157617008
2025-09-18 01:06:56.995000+00:00,AERO-USDT-SWAP,2376090.0,1758157616995
2025-09-18 01:06:56.992000+00:00,AEVO-USDT-SWAP,13428213.0,1758157616992
2025-09-18 01:06:57+00:00,AGLD-USDT-SWAP,1977406.0,1758157617000
2025-09-18 01:06:57.474000+00:00,AI16Z-USDT-SWAP,45200772.0,1758157617474
2025-09-18 01:06:57.477000+00:00,AIXBT-USDT-SWAP,24646800.0,1758157617477
2025-09-18 01:06:57.484000+00:00,ALGO-USDT-SWAP,27716270.0,1758157617484
2025-09-18 01:06:57.478000+00:00,ANIME-USDT-SWAP,91776940.0,1758157617478
2025-09-18 01:06:57.489000+00:00,APE-USDT-SWAP,8052816.8,1758157617489
2025-09-18 01:06:57.476000+00:00,API3-USDT-SWAP,2600825.0,1758157617476
2025-09-18 01:06:57.481000+00:00,APT-USDT-SWAP,3726607.0,1758157617481
2025-09-18 01:06:57.486000+00:00,AR-USDT-SWAP,511349.0,1758157617486
2025-09-18 01:06:57.482000+00:00,ARB-USDT-SWAP,35649057.99999997,1758157617482
2025-09-18 01:06:57.878000+00:00,ARC-USDT-SWAP,96191760.0,1758157617878
2025-09-18 01:06:57.887000+00:00,ARKM-USDT-SWAP,3690969.0,1758157617887
2025-09-18 01:06:57.891000+00:00,ATH-USDT-SWAP,167180700.0,1758157617891
2025-09-18 01:06:57.897000+00:00,ATOM-USDT-SWAP,1895424.0,1758157617897
2025-09-18 01:06:57.874000+00:00,AUCTION-USDT-SWAP,210682.9,1758157617874
2025-09-18 01:06:57.894000+00:00,AVAAI-USDT-SWAP,72467050.0,1758157617894
2025-09-18 01:06:57.889000+00:00,AVAX-USDT-SWAP,2510060.400000001,1758157617889
2025-09-18 01:06:57.881000+00:00,AXS-USDT-SWAP,1180788.5,1758157617881
2025-09-18 01:06:57.883000+00:00,BABY-USDT-SWAP,44295650.0,1758157617883
2025-09-18 01:06:57.885000+00:00,BAND-USDT-SWAP,1394504.0,1758157617885
2025-09-18 01:06:58.351000+00:00,BAT-USDT-SWAP,5117320.0,1758157618351
2025-09-18 01:06:58.340000+00:00,BCH-USDT-SWAP,71246.90999999999,1758157618340
2025-09-18 01:06:58.346000+00:00,BERA-USDT-SWAP,2558193.1,1758157618346
2025-09-18 01:06:58.347000+00:00,BICO-USDT-SWAP,6952634.0,1758157618347
2025-09-18 01:06:58.325000+00:00,BIGTIME-USDT-SWAP,37568200.0,1758157618325
2025-09-18 01:06:58.344000+00:00,BIO-USDT-SWAP,56889368.0,1758157618344
2025-09-18 01:06:58.337000+00:00,BLUR-USDT-SWAP,24976110.0,1758157618337
2025-09-18 01:06:58.347000+00:00,BNB-USDT-SWAP,133399.75,1758157618347
2025-09-18 01:06:58.336000+00:00,BNT-USDT-SWAP,796570.0,1758157618336
2025-09-18 01:06:58.341000+00:00,BOME-USDT-SWAP,1096832000.0,1758157618341
2025-09-18 01:06:58.743000+00:00,BONK-USDT-SWAP,472937000000.0,1758157618743
2025-09-18 01:06:58.749000+00:00,BRETT-USDT-SWAP,15942000.0,1758157618749
2025-09-18 01:06:58.751000+00:00,BTC-USDT-SWAP,26749.40100000007,1758157618751
2025-09-18 01:06:58.758000+00:00,CAT-USDT-SWAP,148434300000.0,1758157618758
2025-09-18 01:06:58.739000+00:00,CATI-USDT-SWAP,14144612.0,1758157618739
2025-09-18 01:06:58.759000+00:00,CELO-USDT-SWAP,3851737.0,1758157618759
2025-09-18 01:06:58.759000+00:00,CETUS-USDT-SWAP,20434980.0,1758157618759
2025-09-18 01:06:58.738000+00:00,CFX-USDT-SWAP,74818020.0,1758157618738
2025-09-18 01:06:58.746000+00:00,CHZ-USDT-SWAP,75945560.0,1758157618746
2025-09-18 01:06:58.751000+00:00,COMP-USDT-SWAP,87888.3,1758157618751
2025-09-18 01:06:59.169000+00:00,COOKIE-USDT-SWAP,3836670.0,1758157619169
2025-09-18 01:06:59.185000+00:00,CORE-USDT-SWAP,10086468.0,1758157619185
2025-09-18 01:06:59.166000+00:00,CRO-USDT-SWAP,53144600.0,1758157619166
2025-09-18 01:06:59.154000+00:00,CRV-USDT-SWAP,25716998.0,1758157619154
2025-09-18 01:06:59.154000+00:00,CTC-USDT-SWAP,1842140.0,1758157619154
2025-09-18 01:06:59.153000+00:00,CVC-USDT-SWAP,8797900.0,1758157619153
2025-09-18 01:06:59.155000+00:00,CVX-USDT-SWAP,341276.0,1758157619155
2025-09-18 01:06:59.149000+00:00,DEGEN-USDT-SWAP,333016700.0,1758157619149
2025-09-18 01:06:59.582000+00:00,DOGE-USDT-SWAP,1382440029.9999998,1758157619582
2025-09-18 01:06:59.569000+00:00,DOGS-USDT-SWAP,16484536000.0,1758157619569
2025-09-18 01:06:59.596000+00:00,DOOD-USDT-SWAP,172959000.0,1758157619596
2025-09-18 01:06:59.584000+00:00,DOT-USDT-SWAP,6322152.0,1758157619584
2025-09-18 01:06:59.569000+00:00,DUCK-USDT-SWAP,680542100.0,1758157619569
2025-09-18 01:06:59.578000+00:00,DYDX-USDT-SWAP,11200061.0,1758157619578
2025-09-18 01:06:59.635000+00:00,EGLD-USDT-SWAP,126764.7,1758157619635
2025-09-18 01:06:59.566000+00:00,EIGEN-USDT-SWAP,4571718.0,1758157619566
2025-09-18 01:06:59.576000+00:00,ENJ-USDT-SWAP,14301840.0,1758157619576
2025-09-18 01:06:59.572000+00:00,ENS-USDT-SWAP,301722.1,1758157619572
2025-09-18 01:07:00.025000+00:00,ETC-USDT-SWAP,1225061.9000000001,1758157620025
2025-09-18 01:07:00.022000+00:00,ETH-USDT-SWAP,734544.1490000011,1758157620022
2025-09-18 01:07:00.032000+00:00,ETHFI-USDT-SWAP,8349926.0,1758157620032
2025-09-18 01:07:00.026000+00:00,ETHW-USDT-SWAP,1234217.7,1758157620026
2025-09-18 01:07:00.026000+00:00,FARTCOIN-USDT-SWAP,18366507.0,1758157620026
2025-09-18 01:07:00.032000+00:00,FIL-USDT-SWAP,12934477.9,1758157620032
2025-09-18 01:07:00.015000+00:00,FLM-USDT-SWAP,37083310.0,1758157620015
2025-09-18 01:07:00.022000+00:00,FLOKI-USDT-SWAP,37168100000.0,1758157620022
2025-09-18 01:07:00.016000+00:00,FLOW-USDT-SWAP,4379090.0,1758157620016
2025-09-18 01:07:00.031000+00:00,FXS-USDT-SWAP,421142.0,1758157620031
2025-09-18 01:07:00.428000+00:00,GALA-USDT-SWAP,430911870.0,1758157620428
2025-09-18 01:07:00.421000+00:00,GAS-USDT-SWAP,369318.0,1758157620421
2025-09-18 01:07:00.428000+00:00,GLM-USDT-SWAP,2875860.0,1758157620428
2025-09-18 01:07:00.443000+00:00,GMT-USDT-SWAP,41870943.0,1758157620443
2025-09-18 01:07:00.423000+00:00,GMX-USDT-SWAP,62140.3,1758157620423
2025-09-18 01:07:00.432000+00:00,GOAT-USDT-SWAP,25897890.0,1758157620432
2025-09-18 01:07:00.430000+00:00,GODS-USDT-SWAP,9200114.0,1758157620430
2025-09-18 01:07:00.423000+00:00,GPS-USDT-SWAP,139290040.0,1758157620423
2025-09-18 01:07:00.424000+00:00,GRASS-USDT-SWAP,2705092.0,1758157620424
2025-09-18 01:07:00.421000+00:00,GRIFFAIN-USDT-SWAP,25368660.0,1758157620421
2025-09-18 01:07:00.852000+00:00,GRT-USDT-SWAP,22016580.0,1758157620852
2025-09-18 01:07:00.834000+00:00,H-USDT-SWAP,76282900.0,1758157620834
2025-09-18 01:07:00.835000+00:00,HBAR-USDT-SWAP,80165890.00000006,1758157620835
2025-09-18 01:07:00.846000+00:00,HMSTR-USDT-SWAP,1206449400.0,1758157620846
2025-09-18 01:07:00.841000+00:00,HOME-USDT-SWAP,17725000.0,1758157620841
2025-09-18 01:07:00.852000+00:00,HUMA-USDT-SWAP,69156300.0,1758157620852
2025-09-18 01:07:00.840000+00:00,HYPE-USDT-SWAP,939920.3,1758157620840
2025-09-18 01:07:00.848000+00:00,ICP-USDT-SWAP,1651745.15,1758157620848
2025-09-18 01:07:00.845000+00:00,ICX-USDT-SWAP,5998850.0,1758157620845
2025-09-18 01:07:00.841000+00:00,IMX-USDT-SWAP,8036016.0,1758157620841
2025-09-18 01:07:01.264000+00:00,INIT-USDT-SWAP,2107360.0,1758157621264
2025-09-18 01:07:01.259000+00:00,INJ-USDT-SWAP,893820.0,1758157621259
2025-09-18 01:07:01.262000+00:00,IOST-USDT-SWAP,258247000.0,1758157621262
2025-09-18 01:07:01.265000+00:00,IOTA-USDT-SWAP,15031030.0,1758157621265
2025-09-18 01:07:01.257000+00:00,IP-USDT-SWAP,3103955.0,1758157621257
2025-09-18 01:07:01.260000+00:00,JELLYJELLY-USDT-SWAP,175744000.0,1758157621260
2025-09-18 01:07:01.244000+00:00,JOE-USDT-SWAP,6855960.0,1758157621244
2025-09-18 01:07:01.246000+00:00,JTO-USDT-SWAP,3890707.0,1758157621246
2025-09-18 01:07:01.244000+00:00,JUP-USDT-SWAP,14554790.0,1758157621244
2025-09-18 01:07:01.688000+00:00,KAITO-USDT-SWAP,5110397.0,1758157621688
2025-09-18 01:07:01.685000+00:00,KMNO-USDT-SWAP,69541200.0,1758157621685
2025-09-18 01:07:01.694000+00:00,KSM-USDT-SWAP,125191.5,1758157621694
2025-09-18 01:07:01.694000+00:00,LA-USDT-SWAP,3095280.0,1758157621694
2025-09-18 01:07:01.689000+00:00,LAUNCHCOIN-USDT-SWAP,41121110.0,1758157621689
2025-09-18 01:07:01.693000+00:00,LAYER-USDT-SWAP,6142616.0,1758157621693
2025-09-18 01:07:01.690000+00:00,LDO-USDT-SWAP,14420609.0,1758157621690
2025-09-18 01:07:01.682000+00:00,LINK-USDT-SWAP,2293689.9999999995,1758157621682
2025-09-18 01:07:01.692000+00:00,LPT-USDT-SWAP,607851.1,1758157621692
2025-09-18 01:07:02.057000+00:00,LQTY-USDT-SWAP,1508807.0,1758157622057
2025-09-18 01:07:02.448000+00:00,LRC-USDT-SWAP,16256950.0,1758157622448
2025-09-18 01:07:02.442000+00:00,LTC-USDT-SWAP,710733.2000000001,1758157622442
2025-09-18 01:07:02.459000+00:00,LUNA-USDT-SWAP,16588342.0,1758157622459
2025-09-18 01:07:02.462000+00:00,LUNC-USDT-SWAP,15712180000.0,1758157622462
2025-09-18 01:07:02.436000+00:00,MAGIC-USDT-SWAP,16509734.0,1758157622436
2025-09-18 01:07:02.466000+00:00,MAJOR-USDT-SWAP,4959854.0,1758157622466
2025-09-18 01:07:02.449000+00:00,MANA-USDT-SWAP,9906460.0,1758157622449
2025-09-18 01:07:02.448000+00:00,MASK-USDT-SWAP,2994410.0,1758157622448
2025-09-18 01:07:02.450000+00:00,ME-USDT-SWAP,3669071.0,1758157622450
2025-09-18 01:07:02.454000+00:00,MEME-USDT-SWAP,1509321800.0,1758157622454
2025-09-18 01:07:02.857000+00:00,MERL-USDT-SWAP,65741602.0,1758157622857
2025-09-18 01:07:02.851000+00:00,METIS-USDT-SWAP,108013.6,1758157622851
2025-09-18 01:07:02.853000+00:00,MEW-USDT-SWAP,1009260000.0,1758157622853
2025-09-18 01:07:02.863000+00:00,MINA-USDT-SWAP,7729615.0,1758157622863
2025-09-18 01:07:02.874000+00:00,MOG-USDT-SWAP,525216000000.0,1758157622874
2025-09-18 01:07:02.856000+00:00,MOODENG-USDT-SWAP,65501120.0,1758157622856
2025-09-18 01:07:02.857000+00:00,MORPHO-USDT-SWAP,1417255.0,1758157622857
2025-09-18 01:07:02.857000+00:00,MOVE-USDT-SWAP,29894670.0,1758157622857
2025-09-18 01:07:02.861000+00:00,MUBARAK-USDT-SWAP,37348000.0,1758157622861
2025-09-18 01:07:03.289000+00:00,NEAR-USDT-SWAP,5660157.000000002,1758157623289
2025-09-18 01:07:03.288000+00:00,NEIRO-USDT-SWAP,9197980000.0,1758157623288
2025-09-18 01:07:03.289000+00:00,NEO-USDT-SWAP,364620.0,1758157623289
2025-09-18 01:07:03.279000+00:00,NEWT-USDT-SWAP,3551010.0,1758157623279
2025-09-18 01:07:03.283000+00:00,NMR-USDT-SWAP,362756.0,1758157623283
2025-09-18 01:07:03.290000+00:00,NOT-USDT-SWAP,1535593300.0,1758157623290
2025-09-18 01:07:03.273000+00:00,NXPC-USDT-SWAP,1085344.0,1758157623273
2025-09-18 01:07:03.272000+00:00,OL-USDT-SWAP,68154290.0,1758157623272
2025-09-18 01:07:03.288000+00:00,OM-USDT-SWAP,22608576.999999996,1758157623288
2025-09-18 01:07:03.698000+00:00,ONDO-USDT-SWAP,23699440.0,1758157623698
2025-09-18 01:07:03.706000+00:00,ONE-USDT-SWAP,72794200.0,1758157623706
2025-09-18 01:07:03.730000+00:00,ONT-USDT-SWAP,9975300.0,1758157623730
2025-09-18 01:07:03.717000+00:00,OP-USDT-SWAP,23009500.0,1758157623717
2025-09-18 01:07:03.697000+00:00,ORBS-USDT-SWAP,28120900.0,1758157623697
2025-09-18 01:07:03.726000+00:00,ORDI-USDT-SWAP,1362304.0,1758157623726
2025-09-18 01:07:03.714000+00:00,PARTI-USDT-SWAP,13957830.0,1758157623714
2025-09-18 01:07:03.712000+00:00,PENGU-USDT-SWAP,578843000.0,1758157623712
2025-09-18 01:07:03.706000+00:00,PEOPLE-USDT-SWAP,348912100.0,1758157623706
2025-09-18 01:07:03.714000+00:00,PEPE-USDT-SWAP,8837269000000.002,1758157623714
2025-09-18 01:07:04.125000+00:00,PERP-USDT-SWAP,2970010.0,1758157624125
2025-09-18 01:07:04.112000+00:00,PI-USDT-SWAP,31027616.0,1758157624112
2025-09-18 01:07:04.140000+00:00,PLUME-USDT-SWAP,19310150.0,1758157624140
2025-09-18 01:07:04.127000+00:00,PNUT-USDT-SWAP,35312890.0,1758157624127
2025-09-18 01:07:04.130000+00:00,POL-USDT-SWAP,36459390.0,1758157624130
2025-09-18 01:07:04.131000+00:00,POPCAT-USDT-SWAP,9380580.0,1758157624131
2025-09-18 01:07:04.123000+00:00,PRCL-USDT-SWAP,15657788.0,1758157624123
2025-09-18 01:07:04.132000+00:00,PROMPT-USDT-SWAP,29923060.0,1758157624132
2025-09-18 01:07:04.116000+00:00,PUMP-USDT-SWAP,7866167000.0,1758157624116
2025-09-18 01:07:04.130000+00:00,PYTH-USDT-SWAP,52449050.0,1758157624130
2025-09-18 01:07:04.538000+00:00,QTUM-USDT-SWAP,1167481.0,1758157624538
2025-09-18 01:07:04.526000+00:00,RAY-USDT-SWAP,1359140.0,1758157624526
2025-09-18 01:07:04.545000+00:00,RENDER-USDT-SWAP,1426802.0,1758157624545
2025-09-18 01:07:04.541000+00:00,RESOLV-USDT-SWAP,23393690.0,1758157624541
2025-09-18 01:07:04.529000+00:00,RSR-USDT-SWAP,253159200.0,1758157624529
2025-09-18 01:07:04.535000+00:00,RVN-USDT-SWAP,74214900.0,1758157624535
2025-09-18 01:07:04.675000+00:00,S-USDT-SWAP,11524260.0,1758157624675
2025-09-18 01:07:04.537000+00:00,SAHARA-USDT-SWAP,36883620.0,1758157624537
2025-09-18 01:07:04.532000+00:00,SAND-USDT-SWAP,16728040.0,1758157624532
2025-09-18 01:07:04.538000+00:00,SATS-USDT-SWAP,192199280000000.0,1758157624538
2025-09-18 01:07:05.062000+00:00,SCR-USDT-SWAP,2866928.0,1758157625062
2025-09-18 01:07:05.089000+00:00,SHELL-USDT-SWAP,5176080.0,1758157625089
2025-09-18 01:07:05.072000+00:00,SHIB-USDT-SWAP,1765488000000.0,1758157625072
2025-09-18 01:07:05.068000+00:00,SIGN-USDT-SWAP,43842200.0,1758157625068
2025-09-18 01:07:05.058000+00:00,SLP-USDT-SWAP,390945240.0,1758157625058
2025-09-18 01:07:05.081000+00:00,SNX-USDT-SWAP,2191397.0,1758157625081
2025-09-18 01:07:05.078000+00:00,SOL-USDT-SWAP,3495244.6800000044,1758157625078
2025-09-18 01:07:05.063000+00:00,SOLV-USDT-SWAP,55864500.0,1758157625063
2025-09-18 01:07:05.063000+00:00,SONIC-USDT-SWAP,8539336.0,1758157625063
2025-09-18 01:07:05.070000+00:00,SOON-USDT-SWAP,7083080.0,1758157625070
2025-09-18 01:07:05.478000+00:00,SOPH-USDT-SWAP,79064600.0,1758157625478
2025-09-18 01:07:05.483000+00:00,SPK-USDT-SWAP,106367900.0,1758157625483
2025-09-18 01:07:05.485000+00:00,SPX-USDT-SWAP,914236.0,1758157625485
2025-09-18 01:07:05.502000+00:00,SSV-USDT-SWAP,296971.8,1758157625502
2025-09-18 01:07:05.482000+00:00,STORJ-USDT-SWAP,5902960.0,1758157625482
2025-09-18 01:07:05.482000+00:00,STRK-USDT-SWAP,25881185.0,1758157625482
2025-09-18 01:07:05.488000+00:00,STX-USDT-SWAP,6851145.0,1758157625488
2025-09-18 01:07:05.469000+00:00,SUI-USDT-SWAP,20227625.0,1758157625469
2025-09-18 01:07:05.486000+00:00,SUSHI-USDT-SWAP,7778360.0,1758157625486
2025-09-18 01:07:05.481000+00:00,SWARMS-USDT-SWAP,71793090.0,1758157625481
2025-09-18 01:07:05.898000+00:00,SYRUP-USDT-SWAP,2394220.0,1758157625898
2025-09-18 01:07:05.887000+00:00,T-USDT-SWAP,52375100.0,1758157625887
2025-09-18 01:07:05.921000+00:00,TAO-USDT-SWAP,13605.4,1758157625921
2025-09-18 01:07:05.901000+00:00,THETA-USDT-SWAP,2907536.0000000005,1758157625901
2025-09-18 01:07:05.906000+00:00,TIA-USDT-SWAP,4969347.0,1758157625906
2025-09-18 01:07:05.889000+00:00,TNSR-USDT-SWAP,9178386.0,1758157625889
2025-09-18 01:07:05.893000+00:00,TON-USDT-SWAP,7986794.0,1758157625893
2025-09-18 01:07:05.898000+00:00,TRB-USDT-SWAP,236943.4,1758157625898
2025-09-18 01:07:05.888000+00:00,TREE-USDT-SWAP,8132221.0,1758157625888
2025-09-18 01:07:05.898000+00:00,TRUMP-USDT-SWAP,5514434.6,1758157625898
2025-09-18 01:07:06.315000+00:00,TRX-USDT-SWAP,89594040.00000013,1758157626315
2025-09-18 01:07:06.354000+00:00,TURBO-USDT-SWAP,786644000.0000001,1758157626354
2025-09-18 01:07:06.471000+00:00,UMA-USDT-SWAP,1476146.8,1758157626471
2025-09-18 01:07:06.326000+00:00,UNI-USDT-SWAP,3719818.0,1758157626326
2025-09-18 01:07:06.313000+00:00,USDC-USDT-SWAP,854390.0,1758157626313
2025-09-18 01:07:06.322000+00:00,USELESS-USDT-SWAP,12529220.0,1758157626322
2025-09-18 01:07:06.324000+00:00,USTC-USDT-SWAP,66693100.0,1758157626324
2025-09-18 01:07:06.323000+00:00,UXLINK-USDT-SWAP,6023710.0,1758157626323
2025-09-18 01:07:06.313000+00:00,VANA-USDT-SWAP,132179.6,1758157626313
2025-09-18 01:07:06.323000+00:00,VINE-USDT-SWAP,113368690.0,1758157626323
2025-09-18 01:07:06.853000+00:00,VIRTUAL-USDT-SWAP,3895202.0,1758157626853
2025-09-18 01:07:06.851000+00:00,W-USDT-SWAP,60057193.0,1758157626851
2025-09-18 01:07:06.873000+00:00,WAL-USDT-SWAP,2047040.0,1758157626873
2025-09-18 01:07:06.853000+00:00,WCT-USDT-SWAP,9035050.0,1758157626853
2025-09-18 01:07:06.861000+00:00,WIF-USDT-SWAP,18657120.0,1758157626861
2025-09-18 01:07:06.853000+00:00,WLD-USDT-SWAP,27460370.0,1758157626853
2025-09-18 01:07:06.865000+00:00,WLFI-USDT-SWAP,257250690.0,1758157626865
2025-09-18 01:07:06.876000+00:00,WOO-USDT-SWAP,15919920.0,1758157626876
2025-09-18 01:07:06.861000+00:00,XAUT-USDT-SWAP,5417.38,1758157626861
2025-09-18 01:07:07.298000+00:00,XLM-USDT-SWAP,38348000.0,1758157627298
2025-09-18 01:07:07.280000+00:00,XPL-USDT-SWAP,6532700.0,1758157627280
2025-09-18 01:07:07.302000+00:00,XRP-USDT-SWAP,97311904.99999997,1758157627302
2025-09-18 01:07:07.305000+00:00,XTZ-USDT-SWAP,5716927.0,1758157627305
2025-09-18 01:07:07.284000+00:00,YFI-USDT-SWAP,363.2622,1758157627284
2025-09-18 01:07:07.299000+00:00,YGG-USDT-SWAP,39138104.0,1758157627299
2025-09-18 01:07:07.285000+00:00,ZENT-USDT-SWAP,178275700.0,1758157627285
2025-09-18 01:07:07.290000+00:00,ZETA-USDT-SWAP,5689290.0,1758157627290
2025-09-18 01:07:07.293000+00:00,ZIL-USDT-SWAP,158697100.0,1758157627293
2025-09-18 01:07:07.739000+00:00,ZK-USDT-SWAP,51019710.0,1758157627739
2025-09-18 01:07:07.741000+00:00,ZRO-USDT-SWAP,1705077.0,1758157627741
2025-09-18 01:07:07.736000+00:00,ZRX-USDT-SWAP,7172820.0,1758157627736
2025-09-18 01:08:08.413000+00:00,1INCH-USDT-SWAP,6737382.0,1758157688413
2025-09-18 01:08:08.418000+00:00,A-USDT-SWAP,10961780.0,1758157688418
2025-09-18 01:08:08.436000+00:00,AAVE-USDT-SWAP,132202.63000000003,1758157688436
2025-09-18 01:08:08.464000+00:00,ACE-USDT-SWAP,3051086.0,1758157688464
2025-09-18 01:08:08.440000+00:00,ACH-USDT-SWAP,87343400.0,1758157688440
2025-09-18 01:08:08.462000+00:00,ACT-USDT-SWAP,93177853.0,1758157688462
2025-09-18 01:08:08.420000+00:00,ADA-USDT-SWAP,80535740.0000001,1758157688420
2025-09-18 01:08:08.423000+00:00,AERO-USDT-SWAP,2375670.0,1758157688423
2025-09-18 01:08:08.564000+00:00,AEVO-USDT-SWAP,13427739.0,1758157688564
2025-09-18 01:08:08.426000+00:00,AGLD-USDT-SWAP,1977320.0,1758157688426
2025-09-18 01:08:08.938000+00:00,AI16Z-USDT-SWAP,45220972.0,1758157688938
2025-09-18 01:08:08.947000+00:00,AIXBT-USDT-SWAP,24626420.0,1758157688947
2025-09-18 01:08:08.951000+00:00,ALGO-USDT-SWAP,27713930.0,1758157688951
2025-09-18 01:08:08.951000+00:00,ANIME-USDT-SWAP,91762670.0,1758157688951
2025-09-18 01:08:08.952000+00:00,APE-USDT-SWAP,8052589.0,1758157688952
2025-09-18 01:08:08.963000+00:00,API3-USDT-SWAP,2601027.0,1758157688963
2025-09-18 01:08:08.956000+00:00,APT-USDT-SWAP,3726333.0,1758157688956
2025-09-18 01:08:08.952000+00:00,AR-USDT-SWAP,511346.5,1758157688952
2025-09-18 01:08:08.955000+00:00,ARB-USDT-SWAP,35642993.99999997,1758157688955
2025-09-18 01:08:09.352000+00:00,ARC-USDT-SWAP,96072200.0,1758157689352
2025-09-18 01:08:09.373000+00:00,ARKM-USDT-SWAP,3690782.0,1758157689373
2025-09-18 01:08:09.362000+00:00,ATH-USDT-SWAP,167189200.0,1758157689362
2025-09-18 01:08:09.365000+00:00,ATOM-USDT-SWAP,1895559.0,1758157689365
2025-09-18 01:08:09.362000+00:00,AUCTION-USDT-SWAP,210668.1,1758157689362
2025-09-18 01:08:09.379000+00:00,AVAAI-USDT-SWAP,72464990.0,1758157689379
2025-09-18 01:08:09.378000+00:00,AVAX-USDT-SWAP,2511300.1000000006,1758157689378
2025-09-18 01:08:09.364000+00:00,AXS-USDT-SWAP,1179334.8,1758157689364
2025-09-18 01:08:09.364000+00:00,BABY-USDT-SWAP,44290140.0,1758157689364
2025-09-18 01:08:09.358000+00:00,BAND-USDT-SWAP,1394398.0,1758157689358
2025-09-18 01:08:09.810000+00:00,BAT-USDT-SWAP,5117210.0,1758157689810
2025-09-18 01:08:09.812000+00:00,BCH-USDT-SWAP,71244.31999999999,1758157689812
2025-09-18 01:08:09.813000+00:00,BERA-USDT-SWAP,2557546.3,1758157689813
2025-09-18 01:08:09.832000+00:00,BICO-USDT-SWAP,6952252.0,1758157689832
2025-09-18 01:08:09.839000+00:00,BIGTIME-USDT-SWAP,37567740.0,1758157689839
2025-09-18 01:08:09.838000+00:00,BIO-USDT-SWAP,56767097.0,1758157689838
2025-09-18 01:08:09.847000+00:00,BLUR-USDT-SWAP,24973700.0,1758157689847
2025-09-18 01:08:09.817000+00:00,BNB-USDT-SWAP,133340.8,1758157689817
2025-09-18 01:08:09.818000+00:00,BNT-USDT-SWAP,796330.0,1758157689818
2025-09-18 01:08:09.817000+00:00,BOME-USDT-SWAP,1096854000.0,1758157689817
2025-09-18 01:08:10.221000+00:00,BONK-USDT-SWAP,472929700000.0,1758157690221
2025-09-18 01:08:10.228000+00:00,BRETT-USDT-SWAP,15947400.0,1758157690228
2025-09-18 01:08:10.240000+00:00,BTC-USDT-SWAP,26747.60400000007,1758157690240
2025-09-18 01:08:10.227000+00:00,CAT-USDT-SWAP,148311700000.0,1758157690227
2025-09-18 01:08:10.228000+00:00,CATI-USDT-SWAP,14144611.0,1758157690228
2025-09-18 01:08:10.244000+00:00,CELO-USDT-SWAP,3852187.0,1758157690244
2025-09-18 01:08:10.256000+00:00,CETUS-USDT-SWAP,20459900.0,1758157690256
2025-09-18 01:08:10.231000+00:00,CFX-USDT-SWAP,74798520.0,1758157690231
2025-09-18 01:08:10.234000+00:00,CHZ-USDT-SWAP,75937660.0,1758157690234
2025-09-18 01:08:10.246000+00:00,COMP-USDT-SWAP,87888.3,1758157690246
2025-09-18 01:08:10.650000+00:00,COOKIE-USDT-SWAP,3836330.0,1758157690650
2025-09-18 01:08:10.665000+00:00,CORE-USDT-SWAP,10086279.0,1758157690665
2025-09-18 01:08:10.658000+00:00,CRO-USDT-SWAP,53142880.0,1758157690658
2025-09-18 01:08:10.664000+00:00,CRV-USDT-SWAP,25715864.0,1758157690664
2025-09-18 01:08:10.656000+00:00,CTC-USDT-SWAP,1842160.0,1758157690656
2025-09-18 01:08:10.674000+00:00,CVC-USDT-SWAP,8798200.0,1758157690674
2025-09-18 01:08:10.665000+00:00,CVX-USDT-SWAP,341278.0,1758157690665
2025-09-18 01:08:10.664000+00:00,DEGEN-USDT-SWAP,332612400.0,1758157690664
2025-09-18 01:08:11.052000+00:00,DOGE-USDT-SWAP,1382582169.9999998,1758157691052
2025-09-18 01:08:11.071000+00:00,DOGS-USDT-SWAP,16484476000.0,1758157691071
2025-09-18 01:08:11.069000+00:00,DOOD-USDT-SWAP,173158000.0,1758157691069
2025-09-18 01:08:11.071000+00:00,DOT-USDT-SWAP,6321817.0,1758157691071
2025-09-18 01:08:11.064000+00:00,DUCK-USDT-SWAP,680530500.0,1758157691064
2025-09-18 01:08:11.088000+00:00,DYDX-USDT-SWAP,11195853.0,1758157691088
2025-09-18 01:08:11.068000+00:00,EGLD-USDT-SWAP,126882.7,1758157691068
2025-09-18 01:08:11.058000+00:00,EIGEN-USDT-SWAP,4590943.0,1758157691058
2025-09-18 01:08:11.084000+00:00,ENJ-USDT-SWAP,14300740.0,1758157691084
2025-09-18 01:08:11.194000+00:00,ENS-USDT-SWAP,301815.1,1758157691194
2025-09-18 01:08:11.575000+00:00,ETC-USDT-SWAP,1225019.2,1758157691575
2025-09-18 01:08:11.574000+00:00,ETH-USDT-SWAP,734748.952000001,1758157691574
2025-09-18 01:08:11.573000+00:00,ETHFI-USDT-SWAP,8353070.0,1758157691573
2025-09-18 01:08:11.592000+00:00,ETHW-USDT-SWAP,1234217.7,1758157691592
2025-09-18 01:08:11.581000+00:00,FARTCOIN-USDT-SWAP,18378194.0,1758157691581
2025-09-18 01:08:11.588000+00:00,FIL-USDT-SWAP,12922688.2,1758157691588
2025-09-18 01:08:11.587000+00:00,FLM-USDT-SWAP,37077100.0,1758157691587
2025-09-18 01:08:11.572000+00:00,FLOKI-USDT-SWAP,37165200000.0,1758157691572
2025-09-18 01:08:11.581000+00:00,FLOW-USDT-SWAP,4375260.0,1758157691581
2025-09-18 01:08:11.584000+00:00,FXS-USDT-SWAP,421078.0,1758157691584
2025-09-18 01:08:11.994000+00:00,GALA-USDT-SWAP,430634420.0,1758157691994
2025-09-18 01:08:11.997000+00:00,GAS-USDT-SWAP,369256.0,1758157691997
2025-09-18 01:08:12.002000+00:00,GLM-USDT-SWAP,2875930.0,1758157692002
2025-09-18 01:08:12.002000+00:00,GMT-USDT-SWAP,41852326.0,1758157692002
2025-09-18 01:08:12.008000+00:00,GMX-USDT-SWAP,62140.1,1758157692008
2025-09-18 01:08:12.022000+00:00,GOAT-USDT-SWAP,25907250.0,1758157692022
2025-09-18 01:08:12.006000+00:00,GODS-USDT-SWAP,9201950.0,1758157692006
2025-09-18 01:08:12.005000+00:00,GPS-USDT-SWAP,139298920.0,1758157692005
2025-09-18 01:08:12.006000+00:00,GRASS-USDT-SWAP,2705029.0,1758157692006
2025-09-18 01:08:12.011000+00:00,GRIFFAIN-USDT-SWAP,25374240.0,1758157692011
2025-09-18 01:08:12.403000+00:00,GRT-USDT-SWAP,22017500.0,1758157692403
2025-09-18 01:08:12.421000+00:00,H-USDT-SWAP,76204700.0,1758157692421
2025-09-18 01:08:12.418000+00:00,HBAR-USDT-SWAP,80163520.00000006,1758157692418
2025-09-18 01:08:12.419000+00:00,HMSTR-USDT-SWAP,1206435700.0,1758157692419
2025-09-18 01:08:12.420000+00:00,HOME-USDT-SWAP,17710300.0,1758157692420
2025-09-18 01:08:12.417000+00:00,HUMA-USDT-SWAP,69091500.0,1758157692417
2025-09-18 01:08:12.424000+00:00,HYPE-USDT-SWAP,940414.2,1758157692424
2025-09-18 01:08:12.410000+00:00,ICP-USDT-SWAP,1651448.76,1758157692410
2025-09-18 01:08:12.411000+00:00,ICX-USDT-SWAP,5998760.0,1758157692411
2025-09-18 01:08:12.416000+00:00,IMX-USDT-SWAP,8032715.0,1758157692416
2025-09-18 01:08:12.825000+00:00,INIT-USDT-SWAP,2106900.0,1758157692825
2025-09-18 01:08:12.834000+00:00,INJ-USDT-SWAP,893953.7,1758157692834
2025-09-18 01:08:12.838000+00:00,IOST-USDT-SWAP,258250000.0,1758157692838
2025-09-18 01:08:12.848000+00:00,IOTA-USDT-SWAP,15024380.0,1758157692848
2025-09-18 01:08:12.840000+00:00,IP-USDT-SWAP,3129235.0,1758157692840
2025-09-18 01:08:12.843000+00:00,JELLYJELLY-USDT-SWAP,175819700.0,1758157692843
2025-09-18 01:08:12.844000+00:00,JOE-USDT-SWAP,6851840.0,1758157692844
2025-09-18 01:08:12.846000+00:00,JTO-USDT-SWAP,3888428.0,1758157692846
2025-09-18 01:08:12.841000+00:00,JUP-USDT-SWAP,14553440.0,1758157692841
2025-09-18 01:08:13.261000+00:00,KAITO-USDT-SWAP,5104971.0,1758157693261
2025-09-18 01:08:13.278000+00:00,KMNO-USDT-SWAP,69404900.0,1758157693278
2025-09-18 01:08:13.280000+00:00,KSM-USDT-SWAP,125192.0,1758157693280
2025-09-18 01:08:13.267000+00:00,LA-USDT-SWAP,3091780.0,1758157693267
2025-09-18 01:08:13.299000+00:00,LAUNCHCOIN-USDT-SWAP,41149270.0,1758157693299
2025-09-18 01:08:13.282000+00:00,LAYER-USDT-SWAP,6128803.0,1758157693282
2025-09-18 01:08:13.276000+00:00,LDO-USDT-SWAP,14407026.0,1758157693276
2025-09-18 01:08:13.275000+00:00,LINK-USDT-SWAP,2293042.4999999995,1758157693275
2025-09-18 01:08:13.285000+00:00,LPT-USDT-SWAP,607495.1,1758157693285
2025-09-18 01:08:13.287000+00:00,LQTY-USDT-SWAP,1508532.0,1758157693287
2025-09-18 01:08:13.716000+00:00,LRC-USDT-SWAP,16258430.0,1758157693716
2025-09-18 01:08:13.705000+00:00,LTC-USDT-SWAP,710572.1,1758157693705
2025-09-18 01:08:13.712000+00:00,LUNA-USDT-SWAP,16578647.0,1758157693712
2025-09-18 01:08:13.715000+00:00,LUNC-USDT-SWAP,15718090000.0,1758157693715
2025-09-18 01:08:13.713000+00:00,MAGIC-USDT-SWAP,16500063.0,1758157693713
2025-09-18 01:08:13.713000+00:00,MAJOR-USDT-SWAP,4959839.0,1758157693713
2025-09-18 01:08:13.726000+00:00,MANA-USDT-SWAP,9906200.0,1758157693726
2025-09-18 01:08:13.720000+00:00,MASK-USDT-SWAP,2994774.0,1758157693720
2025-09-18 01:08:13.711000+00:00,ME-USDT-SWAP,3669031.0,1758157693711
2025-09-18 01:08:13.707000+00:00,MEME-USDT-SWAP,1509398000.0,1758157693707
2025-09-18 01:08:14.126000+00:00,MERL-USDT-SWAP,65683150.0,1758157694126
2025-09-18 01:08:14.127000+00:00,METIS-USDT-SWAP,108014.5,1758157694127
2025-09-18 01:08:14.138000+00:00,MEW-USDT-SWAP,1009260000.0,1758157694138
2025-09-18 01:08:14.129000+00:00,MINA-USDT-SWAP,7729303.0,1758157694129
2025-09-18 01:08:14.139000+00:00,MOG-USDT-SWAP,525321000000.0,1758157694139
2025-09-18 01:08:14.158000+00:00,MOODENG-USDT-SWAP,65549200.0,1758157694158
2025-09-18 01:08:14.126000+00:00,MORPHO-USDT-SWAP,1417274.0,1758157694126
2025-09-18 01:08:14.153000+00:00,MOVE-USDT-SWAP,29887810.0,1758157694153
2025-09-18 01:08:14.147000+00:00,MUBARAK-USDT-SWAP,37343700.0,1758157694147
2025-09-18 01:08:14.569000+00:00,NEAR-USDT-SWAP,5657781.000000002,1758157694569
2025-09-18 01:08:14.581000+00:00,NEIRO-USDT-SWAP,9187130000.0,1758157694581
2025-09-18 01:08:14.577000+00:00,NEO-USDT-SWAP,364550.0,1758157694577
2025-09-18 01:08:14.588000+00:00,NEWT-USDT-SWAP,3551130.0,1758157694588
2025-09-18 01:08:14.589000+00:00,NMR-USDT-SWAP,362347.7,1758157694589
2025-09-18 01:08:14.588000+00:00,NOT-USDT-SWAP,1534903300.0,1758157694588
2025-09-18 01:08:14.577000+00:00,NXPC-USDT-SWAP,1085198.0,1758157694577
2025-09-18 01:08:14.575000+00:00,OL-USDT-SWAP,68157820.0,1758157694575
2025-09-18 01:08:14.584000+00:00,OM-USDT-SWAP,22604902.999999996,1758157694584
2025-09-18 01:08:15.003000+00:00,ONDO-USDT-SWAP,23681880.0,1758157695003
2025-09-18 01:08:15.014000+00:00,ONE-USDT-SWAP,72878000.0,1758157695014
2025-09-18 01:08:15.009000+00:00,ONT-USDT-SWAP,9972630.0,1758157695009
2025-09-18 01:08:15.014000+00:00,OP-USDT-SWAP,23015314.0,1758157695014
2025-09-18 01:08:15.011000+00:00,ORBS-USDT-SWAP,28120900.0,1758157695011
2025-09-18 01:08:15.018000+00:00,ORDI-USDT-SWAP,1362726.2,1758157695018
2025-09-18 01:08:15.040000+00:00,PARTI-USDT-SWAP,13953770.0,1758157695040
2025-09-18 01:08:15.018000+00:00,PENGU-USDT-SWAP,577971800.0,1758157695018
2025-09-18 01:08:15.158000+00:00,PEOPLE-USDT-SWAP,349030800.0,1758157695158
2025-09-18 01:08:15.024000+00:00,PEPE-USDT-SWAP,8844142000000.002,1758157695024
2025-09-18 01:08:15.540000+00:00,PERP-USDT-SWAP,2970014.0,1758157695540
2025-09-18 01:08:15.536000+00:00,PI-USDT-SWAP,31020020.0,1758157695536
2025-09-18 01:08:15.558000+00:00,PLUME-USDT-SWAP,19305350.0,1758157695558
2025-09-18 01:08:15.552000+00:00,PNUT-USDT-SWAP,35313210.0,1758157695552
2025-09-18 01:08:15.545000+00:00,POL-USDT-SWAP,36464610.0,1758157695545
2025-09-18 01:08:15.556000+00:00,POPCAT-USDT-SWAP,9385480.0,1758157695556
2025-09-18 01:08:15.560000+00:00,PRCL-USDT-SWAP,15679225.0,1758157695560
2025-09-18 01:08:15.549000+00:00,PROMPT-USDT-SWAP,29917170.0,1758157695549
2025-09-18 01:08:15.539000+00:00,PUMP-USDT-SWAP,7862430000.0,1758157695539
2025-09-18 01:08:15.551000+00:00,PYTH-USDT-SWAP,52582940.0,1758157695551
2025-09-18 01:08:15.991000+00:00,QTUM-USDT-SWAP,1167295.0,1758157695991
2025-09-18 01:08:15.980000+00:00,RAY-USDT-SWAP,1358762.0,1758157695980
2025-09-18 01:08:15.979000+00:00,RENDER-USDT-SWAP,1426797.0,1758157695979
2025-09-18 01:08:15.994000+00:00,RESOLV-USDT-SWAP,23393910.0,1758157695994
2025-09-18 01:08:15.992000+00:00,RSR-USDT-SWAP,253139300.0,1758157695992
2025-09-18 01:08:15.993000+00:00,RVN-USDT-SWAP,74213270.0,1758157695993
2025-09-18 01:08:15.987000+00:00,S-USDT-SWAP,11523420.0,1758157695987
2025-09-18 01:08:15.977000+00:00,SAHARA-USDT-SWAP,36921810.0,1758157695977
2025-09-18 01:08:15.988000+00:00,SAND-USDT-SWAP,16732440.0,1758157695988
2025-09-18 01:08:15.977000+00:00,SATS-USDT-SWAP,192078160000000.0,1758157695977
2025-09-18 01:08:16.407000+00:00,SCR-USDT-SWAP,2867018.0,1758157696407
2025-09-18 01:08:16.413000+00:00,SHELL-USDT-SWAP,5175810.0,1758157696413
2025-09-18 01:08:16.423000+00:00,SHIB-USDT-SWAP,1765455600000.0,1758157696423
2025-09-18 01:08:16.408000+00:00,SIGN-USDT-SWAP,43842300.0,1758157696408
2025-09-18 01:08:16.409000+00:00,SLP-USDT-SWAP,391049640.0,1758157696409
2025-09-18 01:08:16.413000+00:00,SNX-USDT-SWAP,2191141.0,1758157696413
2025-09-18 01:08:16.425000+00:00,SOL-USDT-SWAP,3496157.5200000047,1758157696425
2025-09-18 01:08:16.411000+00:00,SOLV-USDT-SWAP,55861600.0,1758157696411
2025-09-18 01:08:16.421000+00:00,SONIC-USDT-SWAP,8541172.0,1758157696421
2025-09-18 01:08:16.414000+00:00,SOON-USDT-SWAP,7083160.0,1758157696414
2025-09-18 01:08:16.805000+00:00,SOPH-USDT-SWAP,79199200.0,1758157696805
2025-09-18 01:08:16.813000+00:00,SPK-USDT-SWAP,106365800.0,1758157696813
2025-09-18 01:08:16.812000+00:00,SPX-USDT-SWAP,915712.0,1758157696812
2025-09-18 01:08:16.816000+00:00,SSV-USDT-SWAP,297254.4,1758157696816
2025-09-18 01:08:16.813000+00:00,STORJ-USDT-SWAP,5903150.0,1758157696813
2025-09-18 01:08:16.836000+00:00,STRK-USDT-SWAP,25879723.0,1758157696836
2025-09-18 01:08:16.823000+00:00,STX-USDT-SWAP,6849821.0,1758157696823
2025-09-18 01:08:16.818000+00:00,SUI-USDT-SWAP,20236784.0,1758157696818
2025-09-18 01:08:16.830000+00:00,SUSHI-USDT-SWAP,7778004.0,1758157696830
2025-09-18 01:08:16.823000+00:00,SWARMS-USDT-SWAP,71952280.0,1758157696823
2025-09-18 01:08:17.220000+00:00,SYRUP-USDT-SWAP,2394010.0,1758157697220
2025-09-18 01:08:17.222000+00:00,T-USDT-SWAP,52372400.0,1758157697222
2025-09-18 01:08:17.237000+00:00,TAO-USDT-SWAP,13604.8,1758157697237
2025-09-18 01:08:17.245000+00:00,THETA-USDT-SWAP,2908446.0000000005,1758157697245
2025-09-18 01:08:17.232000+00:00,TIA-USDT-SWAP,4966324.0,1758157697232
2025-09-18 01:08:17.225000+00:00,TNSR-USDT-SWAP,9176867.0,1758157697225
2025-09-18 01:08:17.229000+00:00,TON-USDT-SWAP,7986920.0,1758157697229
2025-09-18 01:08:17.226000+00:00,TRB-USDT-SWAP,236963.5,1758157697226
2025-09-18 01:08:17.226000+00:00,TREE-USDT-SWAP,8138278.0,1758157697226
2025-09-18 01:08:17.254000+00:00,TRUMP-USDT-SWAP,5514256.8,1758157697254
2025-09-18 01:08:17.675000+00:00,TRX-USDT-SWAP,89587590.00000013,1758157697675
2025-09-18 01:08:17.660000+00:00,TURBO-USDT-SWAP,786893000.0000001,1758157697660
2025-09-18 01:08:17.668000+00:00,UMA-USDT-SWAP,1476116.5,1758157697668
2025-09-18 01:08:17.660000+00:00,UNI-USDT-SWAP,3719692.0,1758157697660
2025-09-18 01:08:17.672000+00:00,USDC-USDT-SWAP,854390.0,1758157697672
2025-09-18 01:08:17.670000+00:00,USELESS-USDT-SWAP,12532550.0,1758157697670
2025-09-18 01:08:17.661000+00:00,USTC-USDT-SWAP,66691800.0,1758157697661
2025-09-18 01:08:17.668000+00:00,UXLINK-USDT-SWAP,6023440.0,1758157697668
2025-09-18 01:08:17.653000+00:00,VANA-USDT-SWAP,132140.9,1758157697653
2025-09-18 01:08:17.666000+00:00,VINE-USDT-SWAP,112719650.0,1758157697666
2025-09-18 01:08:18.057000+00:00,VIRTUAL-USDT-SWAP,3895102.0,1758157698057
2025-09-18 01:08:18.070000+00:00,W-USDT-SWAP,60176879.0,1758157698070
2025-09-18 01:08:18.063000+00:00,WAL-USDT-SWAP,2047200.0,1758157698063
2025-09-18 01:08:18.074000+00:00,WCT-USDT-SWAP,9033130.0,1758157698074
2025-09-18 01:08:18.079000+00:00,WIF-USDT-SWAP,18679517.0,1758157698079
2025-09-18 01:08:18.074000+00:00,WLD-USDT-SWAP,27466254.0,1758157698074
2025-09-18 01:08:18.072000+00:00,WLFI-USDT-SWAP,257328950.0,1758157698072
2025-09-18 01:08:18.060000+00:00,WOO-USDT-SWAP,15933040.0,1758157698060
2025-09-18 01:08:18.071000+00:00,XAUT-USDT-SWAP,5413.17,1758157698071
2025-09-18 01:08:18.461000+00:00,XLM-USDT-SWAP,38365120.0,1758157698461
2025-09-18 01:08:18.471000+00:00,XPL-USDT-SWAP,6532100.0,1758157698471
2025-09-18 01:08:18.476000+00:00,XRP-USDT-SWAP,97325291.99999997,1758157698476
2025-09-18 01:08:18.480000+00:00,XTZ-USDT-SWAP,5716867.0,1758157698480
2025-09-18 01:08:18.517000+00:00,YFI-USDT-SWAP,363.2626,1758157698517
2025-09-18 01:08:18.486000+00:00,YGG-USDT-SWAP,39136264.0,1758157698486
2025-09-18 01:08:18.484000+00:00,ZENT-USDT-SWAP,178271500.0,1758157698484
2025-09-18 01:08:18.474000+00:00,ZETA-USDT-SWAP,5689290.0,1758157698474
2025-09-18 01:08:18.474000+00:00,ZIL-USDT-SWAP,158731100.0,1758157698474
2025-09-18 01:08:18.892000+00:00,ZK-USDT-SWAP,51028210.0,1758157698892
2025-09-18 01:08:18.913000+00:00,ZRO-USDT-SWAP,1705077.0,1758157698913
2025-09-18 01:08:18.913000+00:00,ZRX-USDT-SWAP,7171320.0,1758157698913
2025-09-18 01:09:19.598000+00:00,1INCH-USDT-SWAP,6737193.0,1758157759598
2025-09-18 01:09:19.566000+00:00,A-USDT-SWAP,10967040.0,1758157759566
2025-09-18 01:09:19.599000+00:00,AAVE-USDT-SWAP,132101.89000000004,1758157759599
2025-09-18 01:09:19.592000+00:00,ACE-USDT-SWAP,3045244.0,1758157759592
2025-09-18 01:09:19.602000+00:00,ACH-USDT-SWAP,87401600.0,1758157759602
2025-09-18 01:09:19.591000+00:00,ACT-USDT-SWAP,93901256.0,1758157759591
2025-09-18 01:09:19.588000+00:00,ADA-USDT-SWAP,80503480.0000001,1758157759588
2025-09-18 01:09:19.597000+00:00,AERO-USDT-SWAP,2373940.0,1758157759597
2025-09-18 01:09:19.589000+00:00,AEVO-USDT-SWAP,13426501.0,1758157759589
2025-09-18 01:09:19.610000+00:00,AGLD-USDT-SWAP,1977153.0,1758157759610
2025-09-18 01:09:20.001000+00:00,AI16Z-USDT-SWAP,45115062.0,1758157760001
2025-09-18 01:09:20.011000+00:00,AIXBT-USDT-SWAP,24633610.0,1758157760011
2025-09-18 01:09:20.006000+00:00,ALGO-USDT-SWAP,27715360.0,1758157760006
2025-09-18 01:09:20.022000+00:00,ANIME-USDT-SWAP,91845960.0,1758157760022
2025-09-18 01:09:20.005000+00:00,APE-USDT-SWAP,8051192.1,1758157760005
2025-09-18 01:09:20.015000+00:00,API3-USDT-SWAP,2602578.0,1758157760015
2025-09-18 01:09:20.006000+00:00,APT-USDT-SWAP,3726289.0,1758157760006
2025-09-18 01:09:20.009000+00:00,AR-USDT-SWAP,511366.5,1758157760009
2025-09-18 01:09:20.011000+00:00,ARB-USDT-SWAP,35637222.99999997,1758157760011
2025-09-18 01:09:20.427000+00:00,ARC-USDT-SWAP,96138540.0,1758157760427
2025-09-18 01:09:20.405000+00:00,ARKM-USDT-SWAP,3692980.0,1758157760405
2025-09-18 01:09:20.413000+00:00,ATH-USDT-SWAP,167155800.0,1758157760413
2025-09-18 01:09:20.431000+00:00,ATOM-USDT-SWAP,1895365.0,1758157760431
2025-09-18 01:09:20.400000+00:00,AUCTION-USDT-SWAP,210665.7,1758157760400
2025-09-18 01:09:20.420000+00:00,AVAAI-USDT-SWAP,72440660.0,1758157760420
2025-09-18 01:09:20.424000+00:00,AVAX-USDT-SWAP,2509230.7,1758157760424
2025-09-18 01:09:20.412000+00:00,AXS-USDT-SWAP,1179478.0,1758157760412
2025-09-18 01:09:20.412000+00:00,BABY-USDT-SWAP,44284510.0,1758157760412
2025-09-18 01:09:20.416000+00:00,BAND-USDT-SWAP,1396368.0,1758157760416
2025-09-18 01:09:20.821000+00:00,BAT-USDT-SWAP,5116960.0,1758157760821
2025-09-18 01:09:20.830000+00:00,BCH-USDT-SWAP,71261.13999999998,1758157760830
2025-09-18 01:09:20.831000+00:00,BERA-USDT-SWAP,2556445.1,1758157760831
2025-09-18 01:09:20.817000+00:00,BICO-USDT-SWAP,6949904.0,1758157760817
2025-09-18 01:09:20.813000+00:00,BIGTIME-USDT-SWAP,37564740.0,1758157760813
2025-09-18 01:09:20.822000+00:00,BIO-USDT-SWAP,56789872.0,1758157760822
2025-09-18 01:09:20.818000+00:00,BLUR-USDT-SWAP,24964300.0,1758157760818
2025-09-18 01:09:20.826000+00:00,BNB-USDT-SWAP,133360.22,1758157760826
2025-09-18 01:09:20.815000+00:00,BNT-USDT-SWAP,796330.0,1758157760815
2025-09-18 01:09:20.824000+00:00,BOME-USDT-SWAP,1098251000.0,1758157760824
2025-09-18 01:09:21.228000+00:00,BONK-USDT-SWAP,475385900000.0,1758157761228
2025-09-18 01:09:21.212000+00:00,BRETT-USDT-SWAP,15938600.0,1758157761212
2025-09-18 01:09:21.217000+00:00,BTC-USDT-SWAP,26732.32480000007,1758157761217
2025-09-18 01:09:21.225000+00:00,CAT-USDT-SWAP,148587500000.0,1758157761225
2025-09-18 01:09:21.210000+00:00,CATI-USDT-SWAP,14144270.0,1758157761210
2025-09-18 01:09:21.220000+00:00,CELO-USDT-SWAP,3855140.0,1758157761220
2025-09-18 01:09:21.236000+00:00,CETUS-USDT-SWAP,20456420.0,1758157761236
2025-09-18 01:09:21.233000+00:00,CFX-USDT-SWAP,74779050.0,1758157761233
2025-09-18 01:09:21.227000+00:00,CHZ-USDT-SWAP,75910460.0,1758157761227
2025-09-18 01:09:21.231000+00:00,COMP-USDT-SWAP,87878.4,1758157761231
2025-09-18 01:09:21.626000+00:00,COOKIE-USDT-SWAP,3837240.0,1758157761626
2025-09-18 01:09:21.621000+00:00,CORE-USDT-SWAP,10088116.0,1758157761621
2025-09-18 01:09:21.625000+00:00,CRO-USDT-SWAP,53140290.0,1758157761625
2025-09-18 01:09:21.634000+00:00,CRV-USDT-SWAP,25700785.0,1758157761634
2025-09-18 01:09:21.624000+00:00,CTC-USDT-SWAP,1842160.0,1758157761624
2025-09-18 01:09:21.635000+00:00,CVC-USDT-SWAP,8798200.0,1758157761635
2025-09-18 01:09:21.635000+00:00,CVX-USDT-SWAP,341284.0,1758157761635
2025-09-18 01:09:21.633000+00:00,DEGEN-USDT-SWAP,332780600.0,1758157761633
2025-09-18 01:09:22.035000+00:00,DOGE-USDT-SWAP,1386765170.0,1758157762035
2025-09-18 01:09:22.029000+00:00,DOGS-USDT-SWAP,16484418000.0,1758157762029
2025-09-18 01:09:22.046000+00:00,DOOD-USDT-SWAP,173426000.0,1758157762046
2025-09-18 01:09:22.046000+00:00,DOT-USDT-SWAP,6324096.0,1758157762046
2025-09-18 01:09:22.027000+00:00,DUCK-USDT-SWAP,680539300.0,1758157762027
2025-09-18 01:09:22.040000+00:00,DYDX-USDT-SWAP,11193355.0,1758157762040
2025-09-18 01:09:22.034000+00:00,EGLD-USDT-SWAP,126729.3,1758157762034
2025-09-18 01:09:22.036000+00:00,EIGEN-USDT-SWAP,4604882.0,1758157762036
2025-09-18 01:09:22.042000+00:00,ENJ-USDT-SWAP,14299210.0,1758157762042
2025-09-18 01:09:22.039000+00:00,ENS-USDT-SWAP,301800.9,1758157762039
2025-09-18 01:09:22.447000+00:00,ETC-USDT-SWAP,1226102.9,1758157762447
2025-09-18 01:09:22.449000+00:00,ETH-USDT-SWAP,735216.3750000009,1758157762449
2025-09-18 01:09:22.447000+00:00,ETHFI-USDT-SWAP,8355233.0,1758157762447
2025-09-18 01:09:22.453000+00:00,ETHW-USDT-SWAP,1234226.3,1758157762453
2025-09-18 01:09:22.453000+00:00,FARTCOIN-USDT-SWAP,18392056.0,1758157762453
2025-09-18 01:09:22.437000+00:00,FIL-USDT-SWAP,12927037.0,1758157762437
2025-09-18 01:09:22.449000+00:00,FLM-USDT-SWAP,37079290.0,1758157762449
2025-09-18 01:09:22.447000+00:00,FLOKI-USDT-SWAP,37165200000.0,1758157762447
2025-09-18 01:09:22.459000+00:00,FLOW-USDT-SWAP,4370590.0,1758157762459
2025-09-18 01:09:22.456000+00:00,FXS-USDT-SWAP,421088.0,1758157762456
2025-09-18 01:09:22.855000+00:00,GALA-USDT-SWAP,430641280.0,1758157762855
2025-09-18 01:09:22.841000+00:00,GAS-USDT-SWAP,369250.0,1758157762841
2025-09-18 01:09:22.861000+00:00,GLM-USDT-SWAP,2875920.0,1758157762861
2025-09-18 01:09:22.855000+00:00,GMT-USDT-SWAP,41839438.0,1758157762855
2025-09-18 01:09:22.853000+00:00,GMX-USDT-SWAP,62140.1,1758157762853
2025-09-18 01:09:22.849000+00:00,GOAT-USDT-SWAP,25907640.0,1758157762849
2025-09-18 01:09:22.857000+00:00,GODS-USDT-SWAP,9201749.0,1758157762857
2025-09-18 01:09:22.872000+00:00,GPS-USDT-SWAP,139294030.0,1758157762872
2025-09-18 01:09:22.863000+00:00,GRASS-USDT-SWAP,2705201.0,1758157762863
2025-09-18 01:09:22.875000+00:00,GRIFFAIN-USDT-SWAP,25379600.0,1758157762875
2025-09-18 01:09:23.269000+00:00,GRT-USDT-SWAP,22015880.0,1758157763269
2025-09-18 01:09:23.274000+00:00,H-USDT-SWAP,76221200.0,1758157763274
2025-09-18 01:09:23.270000+00:00,HBAR-USDT-SWAP,80164050.00000006,1758157763270
2025-09-18 01:09:23.271000+00:00,HMSTR-USDT-SWAP,1206323800.0,1758157763271
2025-09-18 01:09:23.270000+00:00,HOME-USDT-SWAP,17604500.0,1758157763270
2025-09-18 01:09:23.273000+00:00,HUMA-USDT-SWAP,69083900.0,1758157763273
2025-09-18 01:09:23.272000+00:00,HYPE-USDT-SWAP,940808.6,1758157763272
2025-09-18 01:09:23.272000+00:00,ICP-USDT-SWAP,1651490.49,1758157763272
2025-09-18 01:09:23.265000+00:00,ICX-USDT-SWAP,5998660.0,1758157763265
2025-09-18 01:09:23.272000+00:00,IMX-USDT-SWAP,8032728.0,1758157763272
2025-09-18 01:09:23.665000+00:00,INIT-USDT-SWAP,2106930.0,1758157763665
2025-09-18 01:09:23.664000+00:00,INJ-USDT-SWAP,894293.2,1758157763664
2025-09-18 01:09:23.665000+00:00,IOST-USDT-SWAP,258260000.0,1758157763665
2025-09-18 01:09:23.685000+00:00,IOTA-USDT-SWAP,15025180.0,1758157763685
2025-09-18 01:09:23.671000+00:00,IP-USDT-SWAP,3141457.0,1758157763671
2025-09-18 01:09:23.660000+00:00,JELLYJELLY-USDT-SWAP,175910700.0,1758157763660
2025-09-18 01:09:23.669000+00:00,JOE-USDT-SWAP,6892020.0,1758157763669
2025-09-18 01:09:23.665000+00:00,JTO-USDT-SWAP,3888843.0,1758157763665
2025-09-18 01:09:23.680000+00:00,JUP-USDT-SWAP,14563920.0,1758157763680
2025-09-18 01:09:24.101000+00:00,KAITO-USDT-SWAP,5108334.0,1758157764101
2025-09-18 01:09:24.089000+00:00,KMNO-USDT-SWAP,68935500.0,1758157764089
2025-09-18 01:09:24.099000+00:00,KSM-USDT-SWAP,124971.0,1758157764099
2025-09-18 01:09:24.103000+00:00,LA-USDT-SWAP,3089980.0,1758157764103
2025-09-18 01:09:24.098000+00:00,LAUNCHCOIN-USDT-SWAP,41358740.0,1758157764098
2025-09-18 01:09:24.107000+00:00,LAYER-USDT-SWAP,6128602.0,1758157764107
2025-09-18 01:09:24.092000+00:00,LDO-USDT-SWAP,14407649.0,1758157764092
2025-09-18 01:09:24.109000+00:00,LINK-USDT-SWAP,2293848.599999999,1758157764109
2025-09-18 01:09:24.103000+00:00,LPT-USDT-SWAP,607003.1,1758157764103
2025-09-18 01:09:24.112000+00:00,LQTY-USDT-SWAP,1508511.0,1758157764112
2025-09-18 01:09:24.521000+00:00,LRC-USDT-SWAP,16259280.0,1758157764521
2025-09-18 01:09:24.520000+00:00,LTC-USDT-SWAP,710576.1000000001,1758157764520
2025-09-18 01:09:24.530000+00:00,LUNA-USDT-SWAP,16582706.0,1758157764530
2025-09-18 01:09:24.540000+00:00,LUNC-USDT-SWAP,15718090000.0,1758157764540
2025-09-18 01:09:24.511000+00:00,MAGIC-USDT-SWAP,16530238.0,1758157764511
2025-09-18 01:09:24.527000+00:00,MAJOR-USDT-SWAP,4959524.0,1758157764527
2025-09-18 01:09:24.528000+00:00,MANA-USDT-SWAP,9905890.0,1758157764528
2025-09-18 01:09:24.532000+00:00,MASK-USDT-SWAP,2994841.0,1758157764532
2025-09-18 01:09:24.520000+00:00,ME-USDT-SWAP,3668888.0,1758157764520
2025-09-18 01:09:24.526000+00:00,MEME-USDT-SWAP,1509567000.0,1758157764526
2025-09-18 01:09:24.931000+00:00,MERL-USDT-SWAP,65688007.0,1758157764931
2025-09-18 01:09:24.933000+00:00,METIS-USDT-SWAP,108011.8,1758157764933
2025-09-18 01:09:24.924000+00:00,MEW-USDT-SWAP,1009944000.0,1758157764924
2025-09-18 01:09:24.933000+00:00,MINA-USDT-SWAP,7729178.0,1758157764933
2025-09-18 01:09:24.932000+00:00,MOG-USDT-SWAP,523652000000.0,1758157764932
2025-09-18 01:09:24.933000+00:00,MOODENG-USDT-SWAP,65563210.0,1758157764933
2025-09-18 01:09:24.933000+00:00,MORPHO-USDT-SWAP,1417382.0,1758157764933
2025-09-18 01:09:24.942000+00:00,MOVE-USDT-SWAP,29887730.0,1758157764942
2025-09-18 01:09:24.934000+00:00,MUBARAK-USDT-SWAP,37341700.0,1758157764934
2025-09-18 01:09:25.345000+00:00,NEAR-USDT-SWAP,5657428.000000002,1758157765345
2025-09-18 01:09:25.338000+00:00,NEIRO-USDT-SWAP,9180037000.0,1758157765338
2025-09-18 01:09:25.336000+00:00,NEO-USDT-SWAP,364617.0,1758157765336
2025-09-18 01:09:25.341000+00:00,NEWT-USDT-SWAP,3569110.0,1758157765341
2025-09-18 01:09:25.326000+00:00,NMR-USDT-SWAP,362481.3,1758157765326
2025-09-18 01:09:25.344000+00:00,NOT-USDT-SWAP,1534854000.0,1758157765344
2025-09-18 01:09:25.387000+00:00,NXPC-USDT-SWAP,1086405.0,1758157765387
2025-09-18 01:09:25.324000+00:00,OL-USDT-SWAP,68144260.0,1758157765324
2025-09-18 01:09:25.346000+00:00,OM-USDT-SWAP,22603377.999999996,1758157765346
2025-09-18 01:09:25.801000+00:00,ONDO-USDT-SWAP,23691260.0,1758157765801
2025-09-18 01:09:25.805000+00:00,ONE-USDT-SWAP,72811500.0,1758157765805
2025-09-18 01:09:25.816000+00:00,ONT-USDT-SWAP,9980110.0,1758157765816
2025-09-18 01:09:25.812000+00:00,OP-USDT-SWAP,23012084.0,1758157765812
2025-09-18 01:09:25.799000+00:00,ORBS-USDT-SWAP,28116000.0,1758157765799
2025-09-18 01:09:25.943000+00:00,ORDI-USDT-SWAP,1364027.7,1758157765943
2025-09-18 01:09:25.830000+00:00,PARTI-USDT-SWAP,13952990.0,1758157765830
2025-09-18 01:09:25.820000+00:00,PENGU-USDT-SWAP,578333200.0,1758157765820
2025-09-18 01:09:25.806000+00:00,PEOPLE-USDT-SWAP,348847000.0,1758157765806
2025-09-18 01:09:25.810000+00:00,PEPE-USDT-SWAP,8843961000000.002,1758157765810
2025-09-18 01:09:26.329000+00:00,PERP-USDT-SWAP,2969334.0,1758157766329
2025-09-18 01:09:26.331000+00:00,PI-USDT-SWAP,31017636.0,1758157766331
2025-09-18 01:09:26.333000+00:00,PLUME-USDT-SWAP,19313660.0,1758157766333
2025-09-18 01:09:26.327000+00:00,PNUT-USDT-SWAP,35334200.0,1758157766327
2025-09-18 01:09:26.338000+00:00,POL-USDT-SWAP,36464460.0,1758157766338
2025-09-18 01:09:26.330000+00:00,POPCAT-USDT-SWAP,9382400.0,1758157766330
2025-09-18 01:09:26.368000+00:00,PRCL-USDT-SWAP,15695154.0,1758157766368
2025-09-18 01:09:26.338000+00:00,PROMPT-USDT-SWAP,29906930.0,1758157766338
2025-09-18 01:09:26.336000+00:00,PUMP-USDT-SWAP,7858771000.0,1758157766336
2025-09-18 01:09:26.344000+00:00,PYTH-USDT-SWAP,52586370.0,1758157766344
2025-09-18 01:09:26.769000+00:00,QTUM-USDT-SWAP,1167357.0,1758157766769
2025-09-18 01:09:26.777000+00:00,RAY-USDT-SWAP,1356871.0,1758157766777
2025-09-18 01:09:26.768000+00:00,RENDER-USDT-SWAP,1426795.0,1758157766768
2025-09-18 01:09:26.787000+00:00,RESOLV-USDT-SWAP,23393840.0,1758157766787
2025-09-18 01:09:26.765000+00:00,RSR-USDT-SWAP,253101900.0,1758157766765
2025-09-18 01:09:26.775000+00:00,RVN-USDT-SWAP,74026550.0,1758157766775
2025-09-18 01:09:26.785000+00:00,S-USDT-SWAP,11528790.0,1758157766785
2025-09-18 01:09:26.779000+00:00,SAHARA-USDT-SWAP,36909740.0,1758157766779
2025-09-18 01:09:26.788000+00:00,SAND-USDT-SWAP,16734220.0,1758157766788
2025-09-18 01:09:26.772000+00:00,SATS-USDT-SWAP,192099290000000.0,1758157766772
2025-09-18 01:09:27.183000+00:00,SCR-USDT-SWAP,2867175.0,1758157767183
2025-09-18 01:09:27.183000+00:00,SHELL-USDT-SWAP,5176610.0,1758157767183
2025-09-18 01:09:27.184000+00:00,SHIB-USDT-SWAP,1765461700000.0002,1758157767184
2025-09-18 01:09:27.186000+00:00,SIGN-USDT-SWAP,43842300.0,1758157767186
2025-09-18 01:09:27.172000+00:00,SLP-USDT-SWAP,391049640.0,1758157767172
2025-09-18 01:09:27.200000+00:00,SNX-USDT-SWAP,2189996.0,1758157767200
2025-09-18 01:09:27.196000+00:00,SOL-USDT-SWAP,3495758.9400000046,1758157767196
2025-09-18 01:09:27.188000+00:00,SOLV-USDT-SWAP,55862400.0,1758157767188
2025-09-18 01:09:27.195000+00:00,SONIC-USDT-SWAP,8542517.0,1758157767195
2025-09-18 01:09:27.187000+00:00,SOON-USDT-SWAP,7081280.0,1758157767187
2025-09-18 01:09:27.604000+00:00,SOPH-USDT-SWAP,79197700.0,1758157767604
2025-09-18 01:09:27.588000+00:00,SPK-USDT-SWAP,106276300.0,1758157767588
2025-09-18 01:09:27.595000+00:00,SPX-USDT-SWAP,913637.0,1758157767595
2025-09-18 01:09:27.602000+00:00,SSV-USDT-SWAP,297419.9,1758157767602
2025-09-18 01:09:27.588000+00:00,STORJ-USDT-SWAP,5903120.0,1758157767588
2025-09-18 01:09:27.611000+00:00,STRK-USDT-SWAP,25880141.0,1758157767611
2025-09-18 01:09:27.594000+00:00,STX-USDT-SWAP,6848611.0,1758157767594
2025-09-18 01:09:27.604000+00:00,SUI-USDT-SWAP,20239449.0,1758157767604
2025-09-18 01:09:27.583000+00:00,SUSHI-USDT-SWAP,7775598.0,1758157767583
2025-09-18 01:09:27.598000+00:00,SWARMS-USDT-SWAP,71953750.0,1758157767598
2025-09-18 01:09:27.991000+00:00,SYRUP-USDT-SWAP,2394550.0,1758157767991
2025-09-18 01:09:28+00:00,T-USDT-SWAP,52365200.0,1758157768000
2025-09-18 01:09:28.003000+00:00,TAO-USDT-SWAP,13605.09,1758157768003
2025-09-18 01:09:28.016000+00:00,THETA-USDT-SWAP,2908409.0000000005,1758157768016
2025-09-18 01:09:27.992000+00:00,TIA-USDT-SWAP,4965492.0,1758157767992
2025-09-18 01:09:28.005000+00:00,TNSR-USDT-SWAP,9177505.0,1758157768005
2025-09-18 01:09:28.045000+00:00,TON-USDT-SWAP,7986779.0,1758157768045
2025-09-18 01:09:28.005000+00:00,TRB-USDT-SWAP,237036.8,1758157768005
2025-09-18 01:09:28.006000+00:00,TREE-USDT-SWAP,8143250.0,1758157768006
2025-09-18 01:09:28.006000+00:00,TRUMP-USDT-SWAP,5512871.0,1758157768006
2025-09-18 01:09:28.427000+00:00,TRX-USDT-SWAP,89584140.00000013,1758157768427
2025-09-18 01:09:28.437000+00:00,TURBO-USDT-SWAP,786853000.0000001,1758157768437
2025-09-18 01:09:28.450000+00:00,UMA-USDT-SWAP,1476086.8,1758157768450
2025-09-18 01:09:28.429000+00:00,UNI-USDT-SWAP,3719312.0,1758157768429
2025-09-18 01:09:28.439000+00:00,USDC-USDT-SWAP,854390.0,1758157768439
2025-09-18 01:09:28.441000+00:00,USELESS-USDT-SWAP,12517880.0,1758157768441
2025-09-18 01:09:28.440000+00:00,USTC-USDT-SWAP,66691800.0,1758157768440
2025-09-18 01:09:28.443000+00:00,UXLINK-USDT-SWAP,6040590.0,1758157768443
2025-09-18 01:09:28.452000+00:00,VANA-USDT-SWAP,132142.9,1758157768452
2025-09-18 01:09:28.448000+00:00,VINE-USDT-SWAP,112461640.0,1758157768448
2025-09-18 01:09:28.862000+00:00,VIRTUAL-USDT-SWAP,3896356.0,1758157768862
2025-09-18 01:09:28.855000+00:00,W-USDT-SWAP,60176394.0,1758157768855
2025-09-18 01:09:28.859000+00:00,WAL-USDT-SWAP,2047000.0,1758157768859
2025-09-18 01:09:28.854000+00:00,WCT-USDT-SWAP,9031380.0,1758157768854
2025-09-18 01:09:28.853000+00:00,WIF-USDT-SWAP,18681800.0,1758157768853
2025-09-18 01:09:28.864000+00:00,WLD-USDT-SWAP,27548619.0,1758157768864
2025-09-18 01:09:28.863000+00:00,WLFI-USDT-SWAP,257561090.0,1758157768863
2025-09-18 01:09:28.854000+00:00,WOO-USDT-SWAP,15952220.0,1758157768854
2025-09-18 01:09:28.871000+00:00,XAUT-USDT-SWAP,5408.862,1758157768871
2025-09-18 01:09:29.267000+00:00,XLM-USDT-SWAP,38352069.99999999,1758157769267
2025-09-18 01:09:29.271000+00:00,XPL-USDT-SWAP,6530040.0,1758157769271
2025-09-18 01:09:29.276000+00:00,XRP-USDT-SWAP,97320351.99999999,1758157769276
2025-09-18 01:09:29.287000+00:00,XTZ-USDT-SWAP,5719245.0,1758157769287
2025-09-18 01:09:29.271000+00:00,YFI-USDT-SWAP,363.2037,1758157769271
2025-09-18 01:09:29.274000+00:00,YGG-USDT-SWAP,39135976.0,1758157769274
2025-09-18 01:09:29.279000+00:00,ZENT-USDT-SWAP,178352500.0,1758157769279
2025-09-18 01:09:29.264000+00:00,ZETA-USDT-SWAP,5689390.0,1758157769264
2025-09-18 01:09:29.272000+00:00,ZIL-USDT-SWAP,158721200.0,1758157769272
2025-09-18 01:09:29.685000+00:00,ZK-USDT-SWAP,51196750.0,1758157769685
2025-09-18 01:09:29.682000+00:00,ZRO-USDT-SWAP,1705407.0,1758157769682
2025-09-18 01:09:29.666000+00:00,ZRX-USDT-SWAP,7171230.0,1758157769666
2025-09-18 01:10:30.358000+00:00,1INCH-USDT-SWAP,6712607.0,1758157830358
2025-09-18 01:10:30.351000+00:00,A-USDT-SWAP,10967750.0,1758157830351
2025-09-18 01:10:30.345000+00:00,AAVE-USDT-SWAP,131750.57000000004,1758157830345
2025-09-18 01:10:30.361000+00:00,ACE-USDT-SWAP,3043939.0,1758157830361
2025-09-18 01:10:30.381000+00:00,ACH-USDT-SWAP,87401100.0,1758157830381
2025-09-18 01:10:30.395000+00:00,ACT-USDT-SWAP,93913361.0,1758157830395
2025-09-18 01:10:30.357000+00:00,ADA-USDT-SWAP,80525400.0000001,1758157830357
2025-09-18 01:10:30.366000+00:00,AERO-USDT-SWAP,2376230.0,1758157830366
2025-09-18 01:10:30.356000+00:00,AEVO-USDT-SWAP,13426504.0,1758157830356
2025-09-18 01:10:30.355000+00:00,AGLD-USDT-SWAP,1976330.0,1758157830355
2025-09-18 01:10:30.805000+00:00,AI16Z-USDT-SWAP,45179787.0,1758157830805
2025-09-18 01:10:30.800000+00:00,AIXBT-USDT-SWAP,24708110.0,1758157830800
2025-09-18 01:10:30.812000+00:00,ALGO-USDT-SWAP,27714880.0,1758157830812
2025-09-18 01:10:30.804000+00:00,ANIME-USDT-SWAP,91861410.0,1758157830804
2025-09-18 01:10:30.813000+00:00,APE-USDT-SWAP,8051030.4,1758157830813
2025-09-18 01:10:30.809000+00:00,API3-USDT-SWAP,2602782.0,1758157830809
2025-09-18 01:10:30.816000+00:00,APT-USDT-SWAP,3726087.0,1758157830816
2025-09-18 01:10:30.800000+00:00,AR-USDT-SWAP,511661.9,1758157830800
2025-09-18 01:10:30.802000+00:00,ARB-USDT-SWAP,35622778.99999997,1758157830802
2025-09-18 01:10:31.206000+00:00,ARC-USDT-SWAP,96152530.0,1758157831206
2025-09-18 01:10:31.219000+00:00,ARKM-USDT-SWAP,3689713.0,1758157831219
2025-09-18 01:10:31.208000+00:00,ATH-USDT-SWAP,167122600.0,1758157831208
2025-09-18 01:10:31.258000+00:00,ATOM-USDT-SWAP,1895707.0,1758157831258
2025-09-18 01:10:31.205000+00:00,AUCTION-USDT-SWAP,210668.8,1758157831205
2025-09-18 01:10:31.224000+00:00,AVAAI-USDT-SWAP,72413710.0,1758157831224
2025-09-18 01:10:31.197000+00:00,AVAX-USDT-SWAP,2510532.9000000004,1758157831197
2025-09-18 01:10:31.208000+00:00,AXS-USDT-SWAP,1179678.4,1758157831208
2025-09-18 01:10:31.205000+00:00,BABY-USDT-SWAP,44282410.0,1758157831205
2025-09-18 01:10:31.201000+00:00,BAND-USDT-SWAP,1396266.0,1758157831201
2025-09-18 01:10:31.660000+00:00,BAT-USDT-SWAP,5113050.0,1758157831660
2025-09-18 01:10:31.663000+00:00,BCH-USDT-SWAP,71263.40999999999,1758157831663
2025-09-18 01:10:31.676000+00:00,BERA-USDT-SWAP,2555555.6,1758157831676
2025-09-18 01:10:31.674000+00:00,BICO-USDT-SWAP,6949649.0,1758157831674
2025-09-18 01:10:31.666000+00:00,BIGTIME-USDT-SWAP,37584190.0,1758157831666
2025-09-18 01:10:31.666000+00:00,BIO-USDT-SWAP,56778252.0,1758157831666
2025-09-18 01:10:31.669000+00:00,BLUR-USDT-SWAP,24976480.0,1758157831669
2025-09-18 01:10:31.669000+00:00,BNB-USDT-SWAP,133348.92,1758157831669
2025-09-18 01:10:31.670000+00:00,BNT-USDT-SWAP,796260.0,1758157831670
2025-09-18 01:10:31.669000+00:00,BOME-USDT-SWAP,1098326000.0,1758157831669
2025-09-18 01:10:32.100000+00:00,BONK-USDT-SWAP,473316900000.0,1758157832100
2025-09-18 01:10:32.084000+00:00,BRETT-USDT-SWAP,15935000.0,1758157832084
2025-09-18 01:10:32.111000+00:00,BTC-USDT-SWAP,26732.202400000075,1758157832111
2025-09-18 01:10:32.108000+00:00,CAT-USDT-SWAP,148349100000.0,1758157832108
2025-09-18 01:10:32.084000+00:00,CATI-USDT-SWAP,14142411.0,1758157832084
2025-09-18 01:10:32.092000+00:00,CELO-USDT-SWAP,3857251.0,1758157832092
2025-09-18 01:10:32.098000+00:00,CETUS-USDT-SWAP,20452480.0,1758157832098
2025-09-18 01:10:32.100000+00:00,CFX-USDT-SWAP,74827920.0,1758157832100
2025-09-18 01:10:32.097000+00:00,CHZ-USDT-SWAP,75925670.0,1758157832097
2025-09-18 01:10:32.094000+00:00,COMP-USDT-SWAP,87870.8,1758157832094
2025-09-18 01:10:32.513000+00:00,COOKIE-USDT-SWAP,3832320.0,1758157832513
2025-09-18 01:10:32.498000+00:00,CORE-USDT-SWAP,10088196.0,1758157832498
2025-09-18 01:10:32.510000+00:00,CRO-USDT-SWAP,53131850.0,1758157832510
2025-09-18 01:10:32.505000+00:00,CRV-USDT-SWAP,25770828.0,1758157832505
2025-09-18 01:10:32.492000+00:00,CTC-USDT-SWAP,1842230.0,1758157832492
2025-09-18 01:10:32.508000+00:00,CVC-USDT-SWAP,8798100.0,1758157832508
2025-09-18 01:10:32.510000+00:00,CVX-USDT-SWAP,341270.0,1758157832510
2025-09-18 01:10:32.502000+00:00,DEGEN-USDT-SWAP,332930700.0,1758157832502
2025-09-18 01:10:32.900000+00:00,DOGE-USDT-SWAP,1388220960.0,1758157832900
2025-09-18 01:10:32.909000+00:00,DOGS-USDT-SWAP,16482939000.0,1758157832909
2025-09-18 01:10:32.912000+00:00,DOOD-USDT-SWAP,173406000.0,1758157832912
2025-09-18 01:10:32.932000+00:00,DOT-USDT-SWAP,6325472.0,1758157832932
2025-09-18 01:10:32.897000+00:00,DUCK-USDT-SWAP,679419800.0,1758157832897
2025-09-18 01:10:32.905000+00:00,DYDX-USDT-SWAP,11194664.0,1758157832905
2025-09-18 01:10:32.911000+00:00,EGLD-USDT-SWAP,126666.1,1758157832911
2025-09-18 01:10:32.926000+00:00,EIGEN-USDT-SWAP,4619750.0,1758157832926
2025-09-18 01:10:32.905000+00:00,ENJ-USDT-SWAP,14299490.0,1758157832905
2025-09-18 01:10:32.911000+00:00,ENS-USDT-SWAP,301649.1,1758157832911
2025-09-18 01:10:33.315000+00:00,ETC-USDT-SWAP,1225392.2999999998,1758157833315
2025-09-18 01:10:33.328000+00:00,ETH-USDT-SWAP,735591.631000001,1758157833328
2025-09-18 01:10:33.339000+00:00,ETHFI-USDT-SWAP,8404017.0,1758157833339
2025-09-18 01:10:33.332000+00:00,ETHW-USDT-SWAP,1234193.3,1758157833332
2025-09-18 01:10:33.314000+00:00,FARTCOIN-USDT-SWAP,18391757.0,1758157833314
2025-09-18 01:10:33.331000+00:00,FIL-USDT-SWAP,12942245.7,1758157833331
2025-09-18 01:10:33.326000+00:00,FLM-USDT-SWAP,37073820.0,1758157833326
2025-09-18 01:10:33.331000+00:00,FLOKI-USDT-SWAP,37138200000.0,1758157833331
2025-09-18 01:10:33.324000+00:00,FLOW-USDT-SWAP,4370370.0,1758157833324
2025-09-18 01:10:33.322000+00:00,FXS-USDT-SWAP,420855.0,1758157833322
2025-09-18 01:10:33.720000+00:00,GALA-USDT-SWAP,430680300.0,1758157833720
2025-09-18 01:10:33.727000+00:00,GAS-USDT-SWAP,369274.0,1758157833727
2025-09-18 01:10:33.741000+00:00,GLM-USDT-SWAP,2876000.0,1758157833741
2025-09-18 01:10:33.726000+00:00,GMT-USDT-SWAP,41811186.0,1758157833726
2025-09-18 01:10:33.855000+00:00,GMX-USDT-SWAP,62130.2,1758157833855
2025-09-18 01:10:33.728000+00:00,GOAT-USDT-SWAP,25914710.0,1758157833728
2025-09-18 01:10:33.731000+00:00,GODS-USDT-SWAP,9198997.0,1758157833731
2025-09-18 01:10:33.743000+00:00,GPS-USDT-SWAP,139647180.0,1758157833743
2025-09-18 01:10:33.730000+00:00,GRASS-USDT-SWAP,2703754.0,1758157833730
2025-09-18 01:10:33.724000+00:00,GRIFFAIN-USDT-SWAP,25373690.0,1758157833724
2025-09-18 01:10:34.251000+00:00,GRT-USDT-SWAP,22015700.0,1758157834251
2025-09-18 01:10:34.276000+00:00,H-USDT-SWAP,76127900.0,1758157834276
2025-09-18 01:10:34.252000+00:00,HBAR-USDT-SWAP,80263990.00000006,1758157834252
2025-09-18 01:10:34.258000+00:00,HMSTR-USDT-SWAP,1206302700.0,1758157834258
2025-09-18 01:10:34.245000+00:00,HOME-USDT-SWAP,17568500.0,1758157834245
2025-09-18 01:10:34.254000+00:00,HUMA-USDT-SWAP,69062400.0,1758157834254
2025-09-18 01:10:34.265000+00:00,HYPE-USDT-SWAP,940554.6,1758157834265
2025-09-18 01:10:34.271000+00:00,ICP-USDT-SWAP,1651437.78,1758157834271
2025-09-18 01:10:34.247000+00:00,ICX-USDT-SWAP,5997860.0,1758157834247
2025-09-18 01:10:34.240000+00:00,IMX-USDT-SWAP,8038069.0,1758157834240
2025-09-18 01:10:34.680000+00:00,INIT-USDT-SWAP,2106630.0,1758157834680
2025-09-18 01:10:34.668000+00:00,INJ-USDT-SWAP,894206.7,1758157834668
2025-09-18 01:10:34.676000+00:00,IOST-USDT-SWAP,258258000.0,1758157834676
2025-09-18 01:10:34.670000+00:00,IOTA-USDT-SWAP,15022600.0,1758157834670
2025-09-18 01:10:34.657000+00:00,IP-USDT-SWAP,3145692.0,1758157834657
2025-09-18 01:10:34.670000+00:00,JELLYJELLY-USDT-SWAP,175918900.0,1758157834670
2025-09-18 01:10:34.674000+00:00,JOE-USDT-SWAP,6894470.0,1758157834674
2025-09-18 01:10:34.674000+00:00,JTO-USDT-SWAP,3882431.0,1758157834674
2025-09-18 01:10:34.666000+00:00,JUP-USDT-SWAP,14553530.0,1758157834666
2025-09-18 01:10:35.085000+00:00,KAITO-USDT-SWAP,5110754.0,1758157835085
2025-09-18 01:10:35.077000+00:00,KMNO-USDT-SWAP,69313800.0,1758157835077
2025-09-18 01:10:35.091000+00:00,KSM-USDT-SWAP,125110.8,1758157835091
2025-09-18 01:10:35.094000+00:00,LA-USDT-SWAP,3090970.0,1758157835094
2025-09-18 01:10:35.071000+00:00,LAUNCHCOIN-USDT-SWAP,41337960.0,1758157835071
2025-09-18 01:10:35.079000+00:00,LAYER-USDT-SWAP,6128592.0,1758157835079
2025-09-18 01:10:35.072000+00:00,LDO-USDT-SWAP,14404254.0,1758157835072
2025-09-18 01:10:35.078000+00:00,LINK-USDT-SWAP,2294084.5999999996,1758157835078
2025-09-18 01:10:35.087000+00:00,LPT-USDT-SWAP,606366.5,1758157835087
2025-09-18 01:10:35.079000+00:00,LQTY-USDT-SWAP,1508327.0,1758157835079
2025-09-18 01:10:35.504000+00:00,LRC-USDT-SWAP,16240320.0,1758157835504
2025-09-18 01:10:35.492000+00:00,LTC-USDT-SWAP,710671.1000000001,1758157835492
2025-09-18 01:10:35.496000+00:00,LUNA-USDT-SWAP,16586742.0,1758157835496
2025-09-18 01:10:35.504000+00:00,LUNC-USDT-SWAP,15723900000.0,1758157835504
2025-09-18 01:10:35.489000+00:00,MAGIC-USDT-SWAP,16516853.0,1758157835489
2025-09-18 01:10:35.491000+00:00,MAJOR-USDT-SWAP,4959524.0,1758157835491
2025-09-18 01:10:35.493000+00:00,MANA-USDT-SWAP,9905600.0,1758157835493
2025-09-18 01:10:35.500000+00:00,MASK-USDT-SWAP,2995237.0,1758157835500
2025-09-18 01:10:35.494000+00:00,ME-USDT-SWAP,3669043.0,1758157835494
2025-09-18 01:10:35.482000+00:00,MEME-USDT-SWAP,1508653800.0,1758157835482
2025-09-18 01:10:35.915000+00:00,MERL-USDT-SWAP,65748851.0,1758157835915
2025-09-18 01:10:35.918000+00:00,METIS-USDT-SWAP,108009.2,1758157835918
2025-09-18 01:10:35.911000+00:00,MEW-USDT-SWAP,1010675000.0,1758157835911
2025-09-18 01:10:35.924000+00:00,MINA-USDT-SWAP,7727291.0,1758157835924
2025-09-18 01:10:35.908000+00:00,MOG-USDT-SWAP,523509000000.0,1758157835908
2025-09-18 01:10:35.921000+00:00,MOODENG-USDT-SWAP,65287170.0,1758157835921
2025-09-18 01:10:35.912000+00:00,MORPHO-USDT-SWAP,1417451.0,1758157835912
2025-09-18 01:10:35.910000+00:00,MOVE-USDT-SWAP,29889390.0,1758157835910
2025-09-18 01:10:35.908000+00:00,MUBARAK-USDT-SWAP,37338300.0,1758157835908
2025-09-18 01:10:36.309000+00:00,NEAR-USDT-SWAP,5658427.000000002,1758157836309
2025-09-18 01:10:36.310000+00:00,NEIRO-USDT-SWAP,9183648000.0,1758157836310
2025-09-18 01:10:36.321000+00:00,NEO-USDT-SWAP,364531.0,1758157836321
2025-09-18 01:10:36.308000+00:00,NEWT-USDT-SWAP,3569930.0,1758157836308
2025-09-18 01:10:36.342000+00:00,NMR-USDT-SWAP,363551.1,1758157836342
2025-09-18 01:10:36.316000+00:00,NOT-USDT-SWAP,1534987500.0,1758157836316
2025-09-18 01:10:36.319000+00:00,NXPC-USDT-SWAP,1086341.0,1758157836319
2025-09-18 01:10:36.326000+00:00,OL-USDT-SWAP,68135950.0,1758157836326
2025-09-18 01:10:36.317000+00:00,OM-USDT-SWAP,22603258.999999996,1758157836317
2025-09-18 01:10:36.740000+00:00,ONDO-USDT-SWAP,23684450.0,1758157836740
2025-09-18 01:10:36.753000+00:00,ONE-USDT-SWAP,72824900.0,1758157836753
2025-09-18 01:10:36.750000+00:00,ONT-USDT-SWAP,9975420.0,1758157836750
2025-09-18 01:10:36.752000+00:00,OP-USDT-SWAP,22981571.0,1758157836752
2025-09-18 01:10:36.746000+00:00,ORBS-USDT-SWAP,28118100.0,1758157836746
2025-09-18 01:10:36.735000+00:00,ORDI-USDT-SWAP,1363927.0,1758157836735
2025-09-18 01:10:36.744000+00:00,PARTI-USDT-SWAP,13937790.0,1758157836744
2025-09-18 01:10:36.739000+00:00,PENGU-USDT-SWAP,578369100.0,1758157836739
2025-09-18 01:10:36.731000+00:00,PEOPLE-USDT-SWAP,348878000.0,1758157836731
2025-09-18 01:10:36.729000+00:00,PEPE-USDT-SWAP,8844626000000.002,1758157836729
2025-09-18 01:10:37.189000+00:00,PERP-USDT-SWAP,2969381.0,1758157837189
2025-09-18 01:10:37.184000+00:00,PI-USDT-SWAP,31014733.0,1758157837184
2025-09-18 01:10:37.191000+00:00,PLUME-USDT-SWAP,19307310.0,1758157837191
2025-09-18 01:10:37.213000+00:00,PNUT-USDT-SWAP,35345790.0,1758157837213
2025-09-18 01:10:37.181000+00:00,POL-USDT-SWAP,36466010.0,1758157837181
2025-09-18 01:10:37.187000+00:00,POPCAT-USDT-SWAP,9375960.0,1758157837187
2025-09-18 01:10:37.178000+00:00,PRCL-USDT-SWAP,15680937.0,1758157837178
2025-09-18 01:10:37.185000+00:00,PROMPT-USDT-SWAP,29943080.0,1758157837185
2025-09-18 01:10:37.186000+00:00,PUMP-USDT-SWAP,7849545000.0,1758157837186
2025-09-18 01:10:37.184000+00:00,PYTH-USDT-SWAP,52623860.0,1758157837184
2025-09-18 01:10:37.618000+00:00,QTUM-USDT-SWAP,1166819.0,1758157837618
2025-09-18 01:10:37.607000+00:00,RAY-USDT-SWAP,1356724.0,1758157837607
2025-09-18 01:10:37.662000+00:00,RENDER-USDT-SWAP,1426636.0,1758157837662
2025-09-18 01:10:37.615000+00:00,RESOLV-USDT-SWAP,23384880.0,1758157837615
2025-09-18 01:10:37.630000+00:00,RSR-USDT-SWAP,253071300.0,1758157837630
2025-09-18 01:10:37.610000+00:00,RVN-USDT-SWAP,73997380.0,1758157837610
2025-09-18 01:10:37.610000+00:00,S-USDT-SWAP,11527080.0,1758157837610
2025-09-18 01:10:37.616000+00:00,SAHARA-USDT-SWAP,36887820.0,1758157837616
2025-09-18 01:10:37.618000+00:00,SAND-USDT-SWAP,16731740.0,1758157837618
2025-09-18 01:10:37.609000+00:00,SATS-USDT-SWAP,192285840000000.0,1758157837609
2025-09-18 01:10:38.059000+00:00,SCR-USDT-SWAP,2867168.0,1758157838059
2025-09-18 01:10:38.058000+00:00,SHELL-USDT-SWAP,5176190.0,1758157838058
2025-09-18 01:10:38.057000+00:00,SHIB-USDT-SWAP,1765831200000.0,1758157838057
2025-09-18 01:10:38.064000+00:00,SIGN-USDT-SWAP,43843700.0,1758157838064
2025-09-18 01:10:38.050000+00:00,SLP-USDT-SWAP,391127740.0,1758157838050
2025-09-18 01:10:38.053000+00:00,SNX-USDT-SWAP,2189574.0,1758157838053
2025-09-18 01:10:38.060000+00:00,SOL-USDT-SWAP,3495329.1200000043,1758157838060
2025-09-18 01:10:38.059000+00:00,SOLV-USDT-SWAP,55861900.0,1758157838059
2025-09-18 01:10:38.053000+00:00,SONIC-USDT-SWAP,8540365.0,1758157838053
2025-09-18 01:10:38.049000+00:00,SOON-USDT-SWAP,7083720.0,1758157838049
2025-09-18 01:10:38.472000+00:00,SOPH-USDT-SWAP,79199200.0,1758157838472
2025-09-18 01:10:38.465000+00:00,SPK-USDT-SWAP,106275900.0,1758157838465
2025-09-18 01:10:38.475000+00:00,SPX-USDT-SWAP,912370.0,1758157838475
2025-09-18 01:10:38.477000+00:00,SSV-USDT-SWAP,297001.4,1758157838477
2025-09-18 01:10:38.462000+00:00,STORJ-USDT-SWAP,5901790.0,1758157838462
2025-09-18 01:10:38.462000+00:00,STRK-USDT-SWAP,25897582.0,1758157838462
2025-09-18 01:10:38.466000+00:00,STX-USDT-SWAP,6851360.0,1758157838466
2025-09-18 01:10:38.466000+00:00,SUI-USDT-SWAP,20237490.0,1758157838466
2025-09-18 01:10:38.472000+00:00,SUSHI-USDT-SWAP,7777777.0,1758157838472
2025-09-18 01:10:38.458000+00:00,SWARMS-USDT-SWAP,71956120.0,1758157838458
2025-09-18 01:10:38.871000+00:00,SYRUP-USDT-SWAP,2395580.0,1758157838871
2025-09-18 01:10:38.864000+00:00,T-USDT-SWAP,52267200.0,1758157838864
2025-09-18 01:10:38.875000+00:00,TAO-USDT-SWAP,13605.66,1758157838875
2025-09-18 01:10:38.873000+00:00,THETA-USDT-SWAP,2908268.0000000005,1758157838873
2025-09-18 01:10:38.861000+00:00,TIA-USDT-SWAP,4960910.0,1758157838861
2025-09-18 01:10:38.876000+00:00,TNSR-USDT-SWAP,9175133.0,1758157838876
2025-09-18 01:10:38.865000+00:00,TON-USDT-SWAP,7986839.0,1758157838865
2025-09-18 01:10:38.868000+00:00,TRB-USDT-SWAP,237145.6,1758157838868
2025-09-18 01:10:38.867000+00:00,TREE-USDT-SWAP,8142199.0,1758157838867
2025-09-18 01:10:38.872000+00:00,TRUMP-USDT-SWAP,5513153.2,1758157838872
2025-09-18 01:10:39.285000+00:00,TRX-USDT-SWAP,89604040.00000013,1758157839285
2025-09-18 01:10:39.297000+00:00,TURBO-USDT-SWAP,791095000.0000001,1758157839297
2025-09-18 01:10:39.301000+00:00,UMA-USDT-SWAP,1475473.9,1758157839301
2025-09-18 01:10:39.309000+00:00,UNI-USDT-SWAP,3719940.0,1758157839309
2025-09-18 01:10:39.285000+00:00,USDC-USDT-SWAP,854390.0,1758157839285
2025-09-18 01:10:39.293000+00:00,USELESS-USDT-SWAP,12474800.0,1758157839293
2025-09-18 01:10:39.297000+00:00,USTC-USDT-SWAP,66691500.0,1758157839297
2025-09-18 01:10:39.320000+00:00,UXLINK-USDT-SWAP,6041170.0,1758157839320
2025-09-18 01:10:39.290000+00:00,VANA-USDT-SWAP,132128.9,1758157839290
2025-09-18 01:10:39.283000+00:00,VINE-USDT-SWAP,111731160.0,1758157839283
2025-09-18 01:10:39.719000+00:00,VIRTUAL-USDT-SWAP,3895980.0,1758157839719
2025-09-18 01:10:39.769000+00:00,W-USDT-SWAP,60220489.0,1758157839769
2025-09-18 01:10:39.743000+00:00,WAL-USDT-SWAP,2046870.0,1758157839743
2025-09-18 01:10:39.711000+00:00,WCT-USDT-SWAP,9020410.0,1758157839711
2025-09-18 01:10:39.725000+00:00,WIF-USDT-SWAP,18662417.0,1758157839725
2025-09-18 01:10:39.722000+00:00,WLD-USDT-SWAP,27529714.0,1758157839722
2025-09-18 01:10:39.725000+00:00,WLFI-USDT-SWAP,257472530.0,1758157839725
2025-09-18 01:10:39.715000+00:00,WOO-USDT-SWAP,15952870.0,1758157839715
2025-09-18 01:10:39.716000+00:00,XAUT-USDT-SWAP,5406.209,1758157839716
2025-09-18 01:10:40.160000+00:00,XLM-USDT-SWAP,38335970.0,1758157840160
2025-09-18 01:10:40.156000+00:00,XPL-USDT-SWAP,6529930.0,1758157840156
2025-09-18 01:10:40.184000+00:00,XRP-USDT-SWAP,97331202.99999999,1758157840184
2025-09-18 01:10:40.164000+00:00,XTZ-USDT-SWAP,5724845.0,1758157840164
2025-09-18 01:10:40.151000+00:00,YFI-USDT-SWAP,363.1992,1758157840151
2025-09-18 01:10:40.159000+00:00,YGG-USDT-SWAP,39137005.0,1758157840159
2025-09-18 01:10:40.167000+00:00,ZENT-USDT-SWAP,178511700.0,1758157840167
2025-09-18 01:10:40.161000+00:00,ZETA-USDT-SWAP,5687770.0,1758157840161
2025-09-18 01:10:40.180000+00:00,ZIL-USDT-SWAP,158661700.0,1758157840180
2025-09-18 01:10:40.581000+00:00,ZK-USDT-SWAP,51190760.0,1758157840581
2025-09-18 01:10:40.577000+00:00,ZRO-USDT-SWAP,1705400.0,1758157840577
2025-09-18 01:10:40.579000+00:00,ZRX-USDT-SWAP,7171270.0,1758157840579
2025-09-18 01:11:41.261000+00:00,1INCH-USDT-SWAP,6706812.0,1758157901261
2025-09-18 01:11:41.270000+00:00,A-USDT-SWAP,10968390.0,1758157901270
2025-09-18 01:11:41.299000+00:00,AAVE-USDT-SWAP,131766.97000000003,1758157901299
2025-09-18 01:11:41.272000+00:00,ACE-USDT-SWAP,3043692.0,1758157901272
2025-09-18 01:11:41.319000+00:00,ACH-USDT-SWAP,87381500.0,1758157901319
2025-09-18 01:11:41.289000+00:00,ACT-USDT-SWAP,94022522.0,1758157901289
2025-09-18 01:11:41.266000+00:00,ADA-USDT-SWAP,80442740.00000009,1758157901266
2025-09-18 01:11:41.270000+00:00,AERO-USDT-SWAP,2375760.0,1758157901270
2025-09-18 01:11:41.301000+00:00,AEVO-USDT-SWAP,13426500.0,1758157901301
2025-09-18 01:11:41.264000+00:00,AGLD-USDT-SWAP,1980789.0,1758157901264
2025-09-18 01:11:41.717000+00:00,AI16Z-USDT-SWAP,45183229.0,1758157901717
2025-09-18 01:11:41.726000+00:00,AIXBT-USDT-SWAP,24731080.0,1758157901726
2025-09-18 01:11:41.724000+00:00,ALGO-USDT-SWAP,27713820.0,1758157901724
2025-09-18 01:11:41.723000+00:00,ANIME-USDT-SWAP,91860110.0,1758157901723
2025-09-18 01:11:41.736000+00:00,APE-USDT-SWAP,8050804.0,1758157901736
2025-09-18 01:11:41.729000+00:00,API3-USDT-SWAP,2602758.0,1758157901729
2025-09-18 01:11:41.728000+00:00,APT-USDT-SWAP,3723524.0,1758157901728
2025-09-18 01:11:41.723000+00:00,AR-USDT-SWAP,512045.6,1758157901723
2025-09-18 01:11:41.730000+00:00,ARB-USDT-SWAP,35623112.99999997,1758157901730
2025-09-18 01:11:42.157000+00:00,ARC-USDT-SWAP,96076270.0,1758157902157
2025-09-18 01:11:42.169000+00:00,ARKM-USDT-SWAP,3686642.0,1758157902169
2025-09-18 01:11:42.182000+00:00,ATH-USDT-SWAP,167109300.0,1758157902182
2025-09-18 01:11:42.172000+00:00,ATOM-USDT-SWAP,1895539.0,1758157902172
2025-09-18 01:11:42.169000+00:00,AUCTION-USDT-SWAP,210654.5,1758157902169
2025-09-18 01:11:42.195000+00:00,AVAAI-USDT-SWAP,72386350.0,1758157902195
2025-09-18 01:11:42.170000+00:00,AVAX-USDT-SWAP,2511610.8000000007,1758157902170
2025-09-18 01:11:42.161000+00:00,AXS-USDT-SWAP,1179143.8,1758157902161
2025-09-18 01:11:42.161000+00:00,BABY-USDT-SWAP,44312720.0,1758157902161
2025-09-18 01:11:42.183000+00:00,BAND-USDT-SWAP,1395653.0,1758157902183
2025-09-18 01:11:42.602000+00:00,BAT-USDT-SWAP,5121000.0,1758157902602
2025-09-18 01:11:42.581000+00:00,BCH-USDT-SWAP,71275.34,1758157902581
2025-09-18 01:11:42.597000+00:00,BERA-USDT-SWAP,2554992.5,1758157902597
2025-09-18 01:11:42.729000+00:00,BICO-USDT-SWAP,6949745.0,1758157902729
2025-09-18 01:11:42.586000+00:00,BIGTIME-USDT-SWAP,37565180.0,1758157902586
2025-09-18 01:11:42.717000+00:00,BIO-USDT-SWAP,56753842.0,1758157902717
2025-09-18 01:11:42.590000+00:00,BLUR-USDT-SWAP,24980240.0,1758157902590
2025-09-18 01:11:42.588000+00:00,BNB-USDT-SWAP,133346.97,1758157902588
2025-09-18 01:11:42.589000+00:00,BNT-USDT-SWAP,795920.0,1758157902589
2025-09-18 01:11:42.600000+00:00,BOME-USDT-SWAP,1098348000.0,1758157902600
2025-09-18 01:11:43.133000+00:00,BONK-USDT-SWAP,472922900000.0,1758157903133
2025-09-18 01:11:43.115000+00:00,BRETT-USDT-SWAP,15929100.0,1758157903115
2025-09-18 01:11:43.133000+00:00,BTC-USDT-SWAP,26733.46830000007,1758157903133
2025-09-18 01:11:43.138000+00:00,CAT-USDT-SWAP,148320800000.0,1758157903138
2025-09-18 01:11:43.122000+00:00,CATI-USDT-SWAP,14140547.0,1758157903122
2025-09-18 01:11:43.135000+00:00,CELO-USDT-SWAP,3860240.0,1758157903135
2025-09-18 01:11:43.129000+00:00,CETUS-USDT-SWAP,20452470.0,1758157903129
2025-09-18 01:11:43.113000+00:00,CFX-USDT-SWAP,74839300.0,1758157903113
2025-09-18 01:11:43.133000+00:00,CHZ-USDT-SWAP,75879070.0,1758157903133
2025-09-18 01:11:43.131000+00:00,COMP-USDT-SWAP,87826.8,1758157903131
2025-09-18 01:11:43.527000+00:00,COOKIE-USDT-SWAP,3831300.0,1758157903527
2025-09-18 01:11:43.539000+00:00,CORE-USDT-SWAP,10096948.0,1758157903539
2025-09-18 01:11:43.553000+00:00,CRO-USDT-SWAP,53130810.0,1758157903553
2025-09-18 01:11:43.547000+00:00,CRV-USDT-SWAP,25765924.0,1758157903547
2025-09-18 01:11:43.546000+00:00,CTC-USDT-SWAP,1842230.0,1758157903546
2025-09-18 01:11:43.543000+00:00,CVC-USDT-SWAP,8798100.0,1758157903543
2025-09-18 01:11:43.542000+00:00,CVX-USDT-SWAP,341255.0,1758157903542
2025-09-18 01:11:43.539000+00:00,DEGEN-USDT-SWAP,332863600.0,1758157903539
2025-09-18 01:11:44.081000+00:00,DOGE-USDT-SWAP,1386791280.0,1758157904081
2025-09-18 01:11:43.941000+00:00,DOGS-USDT-SWAP,16487061000.0,1758157903941
2025-09-18 01:11:43.954000+00:00,DOOD-USDT-SWAP,173054000.0,1758157903954
2025-09-18 01:11:43.963000+00:00,DOT-USDT-SWAP,6331869.0,1758157903963
2025-09-18 01:11:43.959000+00:00,DUCK-USDT-SWAP,679427300.0,1758157903959
2025-09-18 01:11:43.950000+00:00,DYDX-USDT-SWAP,11197014.0,1758157903950
2025-09-18 01:11:43.978000+00:00,EGLD-USDT-SWAP,126648.5,1758157903978
2025-09-18 01:11:43.942000+00:00,EIGEN-USDT-SWAP,4640867.0,1758157903942
2025-09-18 01:11:44.091000+00:00,ENJ-USDT-SWAP,14281120.0,1758157904091
2025-09-18 01:11:43.952000+00:00,ENS-USDT-SWAP,301644.5,1758157903952
2025-09-18 01:11:44.479000+00:00,ETC-USDT-SWAP,1225521.0,1758157904479
2025-09-18 01:11:44.471000+00:00,ETH-USDT-SWAP,735638.0560000009,1758157904471
2025-09-18 01:11:44.532000+00:00,ETHFI-USDT-SWAP,8426362.0,1758157904532
2025-09-18 01:11:44.481000+00:00,ETHW-USDT-SWAP,1234193.3,1758157904481
2025-09-18 01:11:44.475000+00:00,FARTCOIN-USDT-SWAP,18429505.0,1758157904475
2025-09-18 01:11:44.488000+00:00,FIL-USDT-SWAP,12943076.8,1758157904488
2025-09-18 01:11:44.495000+00:00,FLM-USDT-SWAP,37075500.0,1758157904495
2025-09-18 01:11:44.471000+00:00,FLOKI-USDT-SWAP,37113300000.0,1758157904471
2025-09-18 01:11:44.478000+00:00,FLOW-USDT-SWAP,4378970.0,1758157904478
2025-09-18 01:11:44.489000+00:00,FXS-USDT-SWAP,420668.0,1758157904489
2025-09-18 01:11:44.939000+00:00,GALA-USDT-SWAP,430683580.0,1758157904939
2025-09-18 01:11:44.945000+00:00,GAS-USDT-SWAP,369222.0,1758157904945
2025-09-18 01:11:44.963000+00:00,GLM-USDT-SWAP,2876000.0,1758157904963
2025-09-18 01:11:44.953000+00:00,GMT-USDT-SWAP,41802767.0,1758157904953
2025-09-18 01:11:44.955000+00:00,GMX-USDT-SWAP,62158.6,1758157904955
2025-09-18 01:11:44.964000+00:00,GOAT-USDT-SWAP,25962670.0,1758157904964
2025-09-18 01:11:44.956000+00:00,GODS-USDT-SWAP,9200397.0,1758157904956
2025-09-18 01:11:44.949000+00:00,GPS-USDT-SWAP,139638230.0,1758157904949
2025-09-18 01:11:44.970000+00:00,GRASS-USDT-SWAP,2703696.0,1758157904970
2025-09-18 01:11:44.965000+00:00,GRIFFAIN-USDT-SWAP,25420470.0,1758157904965
2025-09-18 01:11:45.357000+00:00,GRT-USDT-SWAP,22012910.0,1758157905357
2025-09-18 01:11:45.358000+00:00,H-USDT-SWAP,76062500.0,1758157905358
2025-09-18 01:11:45.367000+00:00,HBAR-USDT-SWAP,80298940.00000006,1758157905367
2025-09-18 01:11:45.376000+00:00,HMSTR-USDT-SWAP,1206287400.0,1758157905376
2025-09-18 01:11:45.361000+00:00,HOME-USDT-SWAP,17577500.0,1758157905361
2025-09-18 01:11:45.358000+00:00,HUMA-USDT-SWAP,69071500.0,1758157905358
2025-09-18 01:11:45.388000+00:00,HYPE-USDT-SWAP,941038.3,1758157905388
2025-09-18 01:11:45.363000+00:00,ICP-USDT-SWAP,1651112.8,1758157905363
2025-09-18 01:11:45.377000+00:00,ICX-USDT-SWAP,5998310.0,1758157905377
2025-09-18 01:11:45.357000+00:00,IMX-USDT-SWAP,8038668.0,1758157905357
2025-09-18 01:11:45.789000+00:00,INIT-USDT-SWAP,2106660.0,1758157905789
2025-09-18 01:11:45.772000+00:00,INJ-USDT-SWAP,894243.6,1758157905772
2025-09-18 01:11:45.800000+00:00,IOST-USDT-SWAP,258286000.0,1758157905800
2025-09-18 01:11:45.790000+00:00,IOTA-USDT-SWAP,15023610.0,1758157905790
2025-09-18 01:11:45.777000+00:00,IP-USDT-SWAP,3152343.0,1758157905777
2025-09-18 01:11:45.782000+00:00,JELLYJELLY-USDT-SWAP,175934400.0,1758157905782
2025-09-18 01:11:45.788000+00:00,JOE-USDT-SWAP,6877460.0,1758157905788
2025-09-18 01:11:45.775000+00:00,JTO-USDT-SWAP,3883071.0,1758157905775
2025-09-18 01:11:45.784000+00:00,JUP-USDT-SWAP,14645060.0,1758157905784
2025-09-18 01:11:46.204000+00:00,KAITO-USDT-SWAP,5083263.0,1758157906204
2025-09-18 01:11:46.211000+00:00,KMNO-USDT-SWAP,69151700.0,1758157906211
2025-09-18 01:11:46.223000+00:00,KSM-USDT-SWAP,125312.9,1758157906223
2025-09-18 01:11:46.222000+00:00,LA-USDT-SWAP,3090810.0,1758157906222
2025-09-18 01:11:46.227000+00:00,LAUNCHCOIN-USDT-SWAP,41334720.0,1758157906227
2025-09-18 01:11:46.203000+00:00,LAYER-USDT-SWAP,6129518.0,1758157906203
2025-09-18 01:11:46.233000+00:00,LDO-USDT-SWAP,14397646.0,1758157906233
2025-09-18 01:11:46.202000+00:00,LINK-USDT-SWAP,2291669.2999999993,1758157906202
2025-09-18 01:11:46.221000+00:00,LPT-USDT-SWAP,606577.4,1758157906221
2025-09-18 01:11:46.215000+00:00,LQTY-USDT-SWAP,1508314.0,1758157906215
2025-09-18 01:11:46.627000+00:00,LRC-USDT-SWAP,16232070.0,1758157906627
2025-09-18 01:11:46.647000+00:00,LTC-USDT-SWAP,710513.9,1758157906647
2025-09-18 01:11:46.647000+00:00,LUNA-USDT-SWAP,16588365.0,1758157906647
2025-09-18 01:11:46.650000+00:00,LUNC-USDT-SWAP,15722360000.0,1758157906650
2025-09-18 01:11:46.638000+00:00,MAGIC-USDT-SWAP,16480918.0,1758157906638
2025-09-18 01:11:46.642000+00:00,MAJOR-USDT-SWAP,4959524.0,1758157906642
2025-09-18 01:11:46.651000+00:00,MANA-USDT-SWAP,9905490.0,1758157906651
2025-09-18 01:11:46.658000+00:00,MASK-USDT-SWAP,2994776.0,1758157906658
2025-09-18 01:11:46.656000+00:00,ME-USDT-SWAP,3668948.0,1758157906656
2025-09-18 01:11:46.646000+00:00,MEME-USDT-SWAP,1510364400.0,1758157906646
2025-09-18 01:11:47.050000+00:00,MERL-USDT-SWAP,65753669.0,1758157907050
2025-09-18 01:11:47.050000+00:00,METIS-USDT-SWAP,108002.4,1758157907050
2025-09-18 01:11:47.064000+00:00,MEW-USDT-SWAP,1010625000.0,1758157907064
2025-09-18 01:11:47.052000+00:00,MINA-USDT-SWAP,7727291.0,1758157907052
2025-09-18 01:11:47.047000+00:00,MOG-USDT-SWAP,523258000000.0,1758157907047
2025-09-18 01:11:47.066000+00:00,MOODENG-USDT-SWAP,65295300.0,1758157907066
2025-09-18 01:11:47.044000+00:00,MORPHO-USDT-SWAP,1416932.0,1758157907044
2025-09-18 01:11:47.050000+00:00,MOVE-USDT-SWAP,29883850.0,1758157907050
2025-09-18 01:11:47.056000+00:00,MUBARAK-USDT-SWAP,37360400.0,1758157907056
2025-09-18 01:11:47.466000+00:00,NEAR-USDT-SWAP,5655925.000000002,1758157907466
2025-09-18 01:11:47.465000+00:00,NEIRO-USDT-SWAP,9178184000.0,1758157907465
2025-09-18 01:11:47.469000+00:00,NEO-USDT-SWAP,364334.0,1758157907469
2025-09-18 01:11:47.456000+00:00,NEWT-USDT-SWAP,3573150.0,1758157907456
2025-09-18 01:11:47.469000+00:00,NMR-USDT-SWAP,363602.0,1758157907469
2025-09-18 01:11:47.461000+00:00,NOT-USDT-SWAP,1534995300.0,1758157907461
2025-09-18 01:11:47.465000+00:00,NXPC-USDT-SWAP,1086747.0,1758157907465
2025-09-18 01:11:47.497000+00:00,OL-USDT-SWAP,68139140.0,1758157907497
2025-09-18 01:11:47.478000+00:00,OM-USDT-SWAP,22603626.999999996,1758157907478
2025-09-18 01:11:47.872000+00:00,ONDO-USDT-SWAP,23683210.0,1758157907872
2025-09-18 01:11:47.926000+00:00,ONE-USDT-SWAP,72826300.0,1758157907926
2025-09-18 01:11:47.982000+00:00,ONT-USDT-SWAP,9974020.0,1758157907982
2025-09-18 01:11:47.882000+00:00,OP-USDT-SWAP,22977810.0,1758157907882
2025-09-18 01:11:47.879000+00:00,ORBS-USDT-SWAP,28118100.0,1758157907879
2025-09-18 01:11:47.891000+00:00,ORDI-USDT-SWAP,1363533.5,1758157907891
2025-09-18 01:11:47.887000+00:00,PARTI-USDT-SWAP,13935660.0,1758157907887
2025-09-18 01:11:47.883000+00:00,PENGU-USDT-SWAP,581162500.0,1758157907883
2025-09-18 01:11:47.891000+00:00,PEOPLE-USDT-SWAP,348921800.0,1758157907891
2025-09-18 01:11:47.891000+00:00,PEPE-USDT-SWAP,8844935000000.002,1758157907891
2025-09-18 01:11:48.367000+00:00,PERP-USDT-SWAP,2969381.0,1758157908367
2025-09-18 01:11:48.372000+00:00,PI-USDT-SWAP,31007839.0,1758157908372
2025-09-18 01:11:48.383000+00:00,PLUME-USDT-SWAP,19310340.0,1758157908383
2025-09-18 01:11:48.374000+00:00,PNUT-USDT-SWAP,35347430.0,1758157908374
2025-09-18 01:11:48.362000+00:00,POL-USDT-SWAP,36465680.0,1758157908362
2025-09-18 01:11:48.371000+00:00,POPCAT-USDT-SWAP,9375760.0,1758157908371
2025-09-18 01:11:48.380000+00:00,PRCL-USDT-SWAP,15662632.0,1758157908380
2025-09-18 01:11:48.377000+00:00,PROMPT-USDT-SWAP,29937040.0,1758157908377
2025-09-18 01:11:48.383000+00:00,PUMP-USDT-SWAP,7852985000.0,1758157908383
2025-09-18 01:11:48.372000+00:00,PYTH-USDT-SWAP,52624370.0,1758157908372
2025-09-18 01:11:48.766000+00:00,QTUM-USDT-SWAP,1166916.0,1758157908766
2025-09-18 01:11:48.772000+00:00,RAY-USDT-SWAP,1356672.0,1758157908772
2025-09-18 01:11:48.787000+00:00,RENDER-USDT-SWAP,1426600.0,1758157908787
2025-09-18 01:11:48.791000+00:00,RESOLV-USDT-SWAP,23402220.0,1758157908791
2025-09-18 01:11:48.785000+00:00,RSR-USDT-SWAP,252993900.0,1758157908785
2025-09-18 01:11:48.776000+00:00,RVN-USDT-SWAP,74054220.0,1758157908776
2025-09-18 01:11:48.788000+00:00,S-USDT-SWAP,11527010.0,1758157908788
2025-09-18 01:11:48.767000+00:00,SAHARA-USDT-SWAP,36981910.0,1758157908767
2025-09-18 01:11:48.776000+00:00,SAND-USDT-SWAP,16731640.0,1758157908776
2025-09-18 01:11:48.776000+00:00,SATS-USDT-SWAP,192275220000000.0,1758157908776
2025-09-18 01:11:49.183000+00:00,SCR-USDT-SWAP,2867182.0,1758157909183
2025-09-18 01:11:49.192000+00:00,SHELL-USDT-SWAP,5176100.0,1758157909192
2025-09-18 01:11:49.204000+00:00,SHIB-USDT-SWAP,1766446700000.0,1758157909204
2025-09-18 01:11:49.194000+00:00,SIGN-USDT-SWAP,43843000.0,1758157909194
2025-09-18 01:11:49.192000+00:00,SLP-USDT-SWAP,391154900.0,1758157909192
2025-09-18 01:11:49.201000+00:00,SNX-USDT-SWAP,2189082.0,1758157909201
2025-09-18 01:11:49.201000+00:00,SOL-USDT-SWAP,3495461.1200000043,1758157909201
2025-09-18 01:11:49.184000+00:00,SOLV-USDT-SWAP,55858300.0,1758157909184
2025-09-18 01:11:49.204000+00:00,SONIC-USDT-SWAP,8540995.0,1758157909204
2025-09-18 01:11:49.199000+00:00,SOON-USDT-SWAP,7082640.0,1758157909199
2025-09-18 01:11:49.585000+00:00,SOPH-USDT-SWAP,79198400.0,1758157909585
2025-09-18 01:11:49.601000+00:00,SPK-USDT-SWAP,106296900.0,1758157909601
2025-09-18 01:11:49.610000+00:00,SPX-USDT-SWAP,906760.0,1758157909610
2025-09-18 01:11:49.590000+00:00,SSV-USDT-SWAP,297044.2,1758157909590
2025-09-18 01:11:49.602000+00:00,STORJ-USDT-SWAP,5901460.0,1758157909602
2025-09-18 01:11:49.607000+00:00,STRK-USDT-SWAP,25897820.0,1758157909607
2025-09-18 01:11:49.599000+00:00,STX-USDT-SWAP,6850659.0,1758157909599
2025-09-18 01:11:49.605000+00:00,SUI-USDT-SWAP,20236218.0,1758157909605
2025-09-18 01:11:49.598000+00:00,SUSHI-USDT-SWAP,7779576.0,1758157909598
2025-09-18 01:11:49.600000+00:00,SWARMS-USDT-SWAP,71952730.0,1758157909600
2025-09-18 01:11:50.037000+00:00,SYRUP-USDT-SWAP,2385950.0,1758157910037
2025-09-18 01:11:50.046000+00:00,T-USDT-SWAP,52282800.0,1758157910046
2025-09-18 01:11:50.049000+00:00,TAO-USDT-SWAP,13622.48,1758157910049
2025-09-18 01:11:50.058000+00:00,THETA-USDT-SWAP,2908386.0000000005,1758157910058
2025-09-18 01:11:50.040000+00:00,TIA-USDT-SWAP,4958909.0,1758157910040
2025-09-18 01:11:50.046000+00:00,TNSR-USDT-SWAP,9175127.0,1758157910046
2025-09-18 01:11:50.051000+00:00,TON-USDT-SWAP,7988233.0,1758157910051
2025-09-18 01:11:50.042000+00:00,TRB-USDT-SWAP,237191.6,1758157910042
2025-09-18 01:11:50.050000+00:00,TREE-USDT-SWAP,8137990.0,1758157910050
2025-09-18 01:11:50.051000+00:00,TRUMP-USDT-SWAP,5512952.1,1758157910051
2025-09-18 01:11:50.469000+00:00,TRX-USDT-SWAP,89603140.00000013,1758157910469
2025-09-18 01:11:50.467000+00:00,TURBO-USDT-SWAP,791124000.0000001,1758157910467
2025-09-18 01:11:50.479000+00:00,UMA-USDT-SWAP,1475454.7,1758157910479
2025-09-18 01:11:50.476000+00:00,UNI-USDT-SWAP,3722116.0,1758157910476
2025-09-18 01:11:50.459000+00:00,USDC-USDT-SWAP,854390.0,1758157910459
2025-09-18 01:11:50.466000+00:00,USELESS-USDT-SWAP,12471430.0,1758157910466
2025-09-18 01:11:50.481000+00:00,USTC-USDT-SWAP,66691500.0,1758157910481
2025-09-18 01:11:50.470000+00:00,UXLINK-USDT-SWAP,6039520.0,1758157910470
2025-09-18 01:11:50.478000+00:00,VANA-USDT-SWAP,132127.9,1758157910478
2025-09-18 01:11:50.469000+00:00,VINE-USDT-SWAP,112202220.0,1758157910469
2025-09-18 01:11:50.862000+00:00,VIRTUAL-USDT-SWAP,3896277.0,1758157910862
2025-09-18 01:11:50.876000+00:00,W-USDT-SWAP,60217656.0,1758157910876
2025-09-18 01:11:50.882000+00:00,WAL-USDT-SWAP,2046680.0,1758157910882
2025-09-18 01:11:50.877000+00:00,WCT-USDT-SWAP,9021370.0,1758157910877
2025-09-18 01:11:50.878000+00:00,WIF-USDT-SWAP,18679002.0,1758157910878
2025-09-18 01:11:50.883000+00:00,WLD-USDT-SWAP,27448596.0,1758157910883
2025-09-18 01:11:50.872000+00:00,WLFI-USDT-SWAP,257706490.0,1758157910872
2025-09-18 01:11:50.865000+00:00,WOO-USDT-SWAP,15962020.0,1758157910865
2025-09-18 01:11:50.878000+00:00,XAUT-USDT-SWAP,5401.456,1758157910878
2025-09-18 01:11:51.269000+00:00,XLM-USDT-SWAP,38314070.0,1758157911269
2025-09-18 01:11:51.277000+00:00,XPL-USDT-SWAP,6529790.0,1758157911277
2025-09-18 01:11:51.289000+00:00,XRP-USDT-SWAP,97323965.99999997,1758157911289
2025-09-18 01:11:51.279000+00:00,XTZ-USDT-SWAP,5724780.0,1758157911279
2025-09-18 01:11:51.277000+00:00,YFI-USDT-SWAP,363.0595,1758157911277
2025-09-18 01:11:51.277000+00:00,YGG-USDT-SWAP,39139979.0,1758157911277
2025-09-18 01:11:51.298000+00:00,ZENT-USDT-SWAP,178149000.0,1758157911298
2025-09-18 01:11:51.284000+00:00,ZETA-USDT-SWAP,5688020.0,1758157911284
2025-09-18 01:11:51.278000+00:00,ZIL-USDT-SWAP,158687600.0,1758157911278
2025-09-18 01:11:51.703000+00:00,ZK-USDT-SWAP,51198760.0,1758157911703
2025-09-18 01:11:51.716000+00:00,ZRO-USDT-SWAP,1705354.0,1758157911716
2025-09-18 01:11:51.715000+00:00,ZRX-USDT-SWAP,7171290.0,1758157911715
2025-09-18 02:36:35.649000+00:00,1INCH-USDT-SWAP,6857847.0,1758162995649
2025-09-18 02:36:35.656000+00:00,A-USDT-SWAP,10910590.0,1758162995656
2025-09-18 02:36:35.667000+00:00,AAVE-USDT-SWAP,129645.39000000004,1758162995667
2025-09-18 02:36:35.676000+00:00,ACE-USDT-SWAP,3023311.0,1758162995676
2025-09-18 02:36:35.656000+00:00,ACH-USDT-SWAP,87520600.0,1758162995656
2025-09-18 02:36:35.661000+00:00,ACT-USDT-SWAP,96468877.0,1758162995661
2025-09-18 02:36:35.647000+00:00,ADA-USDT-SWAP,79653140.00000007,1758162995647
2025-09-18 02:36:35.659000+00:00,AERO-USDT-SWAP,2376090.0,1758162995659
2025-09-18 02:36:35.656000+00:00,AEVO-USDT-SWAP,13381416.0,1758162995656
2025-09-18 02:36:35.664000+00:00,AGLD-USDT-SWAP,1985438.0,1758162995664
2025-09-18 02:36:36.115000+00:00,AI16Z-USDT-SWAP,44652689.0,1758162996115
2025-09-18 02:36:36.121000+00:00,AIXBT-USDT-SWAP,24537280.0,1758162996121
2025-09-18 02:36:36.119000+00:00,ALGO-USDT-SWAP,27516790.0,1758162996119
2025-09-18 02:36:36.148000+00:00,ANIME-USDT-SWAP,91463410.0,1758162996148
2025-09-18 02:36:36.119000+00:00,APE-USDT-SWAP,8014757.9,1758162996119
2025-09-18 02:36:36.130000+00:00,API3-USDT-SWAP,2590947.0,1758162996130
2025-09-18 02:36:36.131000+00:00,APT-USDT-SWAP,3711071.0,1758162996131
2025-09-18 02:36:36.117000+00:00,AR-USDT-SWAP,515301.5,1758162996117
2025-09-18 02:36:36.137000+00:00,ARB-USDT-SWAP,35986400.99999997,1758162996137
2025-09-18 02:36:36.599000+00:00,ARC-USDT-SWAP,94257430.0,1758162996599
2025-09-18 02:36:37.047000+00:00,ARKM-USDT-SWAP,3706486.0,1758162997047
2025-09-18 02:36:36.593000+00:00,ATH-USDT-SWAP,166797400.0,1758162996593
2025-09-18 02:36:36.592000+00:00,ATOM-USDT-SWAP,1899425.0,1758162996592
2025-09-18 02:36:36.661000+00:00,AUCTION-USDT-SWAP,210454.6,1758162996661
2025-09-18 02:36:36.595000+00:00,AVAAI-USDT-SWAP,71758060.0,1758162996595
2025-09-18 02:36:36.615000+00:00,AVAX-USDT-SWAP,2644379.3000000003,1758162996615
2025-09-18 02:36:36.615000+00:00,AXS-USDT-SWAP,1187698.1,1758162996615
2025-09-18 02:36:36.600000+00:00,BABY-USDT-SWAP,43554300.0,1758162996600
2025-09-18 02:36:36.594000+00:00,BAND-USDT-SWAP,1388006.0,1758162996594
2025-09-18 02:36:37.487000+00:00,BAT-USDT-SWAP,5131230.0,1758162997487
2025-09-18 02:36:37.502000+00:00,BCH-USDT-SWAP,73102.75999999998,1758162997502
2025-09-18 02:36:37.512000+00:00,BERA-USDT-SWAP,2557277.7,1758162997512
2025-09-18 02:36:37.512000+00:00,BICO-USDT-SWAP,6922757.0,1758162997512
2025-09-18 02:36:37.500000+00:00,BIGTIME-USDT-SWAP,37738320.0,1758162997500
2025-09-18 02:36:37.511000+00:00,BIO-USDT-SWAP,56744483.0,1758162997511
2025-09-18 02:36:37.513000+00:00,BLUR-USDT-SWAP,24803180.0,1758162997513
2025-09-18 02:36:37.513000+00:00,BNB-USDT-SWAP,133914.96,1758162997513
2025-09-18 02:36:37.500000+00:00,BNT-USDT-SWAP,797160.0,1758162997500
2025-09-18 02:36:37.513000+00:00,BOME-USDT-SWAP,1078201000.0,1758162997513
2025-09-18 02:36:37.979000+00:00,BONK-USDT-SWAP,464658300000.0,1758162997979
2025-09-18 02:36:37.968000+00:00,BRETT-USDT-SWAP,16054800.0,1758162997968
2025-09-18 02:36:37.969000+00:00,BTC-USDT-SWAP,26550.44870000008,1758162997969
2025-09-18 02:36:37.975000+00:00,CAT-USDT-SWAP,148343900000.0,1758162997975
2025-09-18 02:36:37.963000+00:00,CATI-USDT-SWAP,14115595.0,1758162997963
2025-09-18 02:36:37.970000+00:00,CELO-USDT-SWAP,3966111.0,1758162997970
2025-09-18 02:36:37.969000+00:00,CETUS-USDT-SWAP,20865330.0,1758162997969
2025-09-18 02:36:37.963000+00:00,CFX-USDT-SWAP,75668050.0,1758162997963
2025-09-18 02:36:37.982000+00:00,CHZ-USDT-SWAP,75254520.0,1758162997982
2025-09-18 02:36:37.967000+00:00,COMP-USDT-SWAP,88536.8,1758162997967
2025-09-18 02:36:38.443000+00:00,COOKIE-USDT-SWAP,3791940.0,1758162998443
2025-09-18 02:36:38.427000+00:00,CORE-USDT-SWAP,10075926.0,1758162998427
2025-09-18 02:36:38.448000+00:00,CRO-USDT-SWAP,53091440.0,1758162998448
2025-09-18 02:36:38.450000+00:00,CRV-USDT-SWAP,25414993.0,1758162998450
2025-09-18 02:36:38.417000+00:00,CTC-USDT-SWAP,1829720.0,1758162998417
2025-09-18 02:36:38.441000+00:00,CVC-USDT-SWAP,8935200.0,1758162998441
2025-09-18 02:36:38.424000+00:00,CVX-USDT-SWAP,342376.0,1758162998424
2025-09-18 02:36:38.433000+00:00,DEGEN-USDT-SWAP,326556200.0,1758162998433
2025-09-18 02:36:38.906000+00:00,DOGE-USDT-SWAP,1375072480.0000005,1758162998906
2025-09-18 02:36:38.904000+00:00,DOGS-USDT-SWAP,16522242000.0,1758162998904
2025-09-18 02:36:38.904000+00:00,DOOD-USDT-SWAP,171205000.0,1758162998904
2025-09-18 02:36:38.908000+00:00,DOT-USDT-SWAP,6359790.0,1758162998908
2025-09-18 02:36:38.907000+00:00,DUCK-USDT-SWAP,673783100.0,1758162998907
2025-09-18 02:36:38.906000+00:00,DYDX-USDT-SWAP,11110759.0,1758162998906
2025-09-18 02:36:38.924000+00:00,EGLD-USDT-SWAP,125535.0,1758162998924
2025-09-18 02:36:38.907000+00:00,EIGEN-USDT-SWAP,4829213.0,1758162998907
2025-09-18 02:36:38.930000+00:00,ENJ-USDT-SWAP,14204750.0,1758162998930
2025-09-18 02:36:38.909000+00:00,ENS-USDT-SWAP,300376.4,1758162998909
2025-09-18 02:36:39.366000+00:00,ETC-USDT-SWAP,1219457.3,1758162999366
2025-09-18 02:36:39.390000+00:00,ETH-USDT-SWAP,740841.137000001,1758162999390
2025-09-18 02:36:39.376000+00:00,ETHFI-USDT-SWAP,8517489.0,1758162999376
2025-09-18 02:36:39.375000+00:00,ETHW-USDT-SWAP,1224840.2,1758162999375
2025-09-18 02:36:39.386000+00:00,FARTCOIN-USDT-SWAP,19068598.0,1758162999386
2025-09-18 02:36:39.379000+00:00,FIL-USDT-SWAP,12984646.4,1758162999379
2025-09-18 02:36:39.382000+00:00,FLM-USDT-SWAP,36710930.0,1758162999382
2025-09-18 02:36:39.389000+00:00,FLOKI-USDT-SWAP,36878300000.0,1758162999389
2025-09-18 02:36:39.384000+00:00,FLOW-USDT-SWAP,4310790.0,1758162999384
2025-09-18 02:36:39.389000+00:00,FXS-USDT-SWAP,421467.0,1758162999389
2025-09-18 02:36:39.839000+00:00,GALA-USDT-SWAP,429894330.0,1758162999839
2025-09-18 02:36:39.846000+00:00,GAS-USDT-SWAP,369413.0,1758162999846
2025-09-18 02:36:39.842000+00:00,GLM-USDT-SWAP,2909370.0,1758162999842
2025-09-18 02:36:39.847000+00:00,GMT-USDT-SWAP,41548817.0,1758162999847
2025-09-18 02:36:39.846000+00:00,GMX-USDT-SWAP,62581.6,1758162999846
2025-09-18 02:36:39.845000+00:00,GOAT-USDT-SWAP,26107970.0,1758162999845
2025-09-18 02:36:39.841000+00:00,GODS-USDT-SWAP,9021935.0,1758162999841
2025-09-18 02:36:39.859000+00:00,GPS-USDT-SWAP,139124330.0,1758162999859
2025-09-18 02:36:39.844000+00:00,GRASS-USDT-SWAP,2715230.0,1758162999844
2025-09-18 02:36:39.855000+00:00,GRIFFAIN-USDT-SWAP,26060500.0,1758162999855
2025-09-18 02:36:40.471000+00:00,GRT-USDT-SWAP,21835580.0,1758163000471
2025-09-18 02:36:40.317000+00:00,H-USDT-SWAP,79309700.0,1758163000317
2025-09-18 02:36:40.326000+00:00,HBAR-USDT-SWAP,80558630.00000004,1758163000326
2025-09-18 02:36:40.302000+00:00,HMSTR-USDT-SWAP,1203938100.0,1758163000302
2025-09-18 02:36:40.314000+00:00,HOME-USDT-SWAP,18163600.0,1758163000314
2025-09-18 02:36:40.314000+00:00,HUMA-USDT-SWAP,68612700.0,1758163000314
2025-09-18 02:36:40.319000+00:00,HYPE-USDT-SWAP,954285.9,1758163000319
2025-09-18 02:36:40.299000+00:00,ICP-USDT-SWAP,1638426.6,1758163000299
2025-09-18 02:36:40.303000+00:00,ICX-USDT-SWAP,5930230.0,1758163000303
2025-09-18 02:36:40.320000+00:00,IMX-USDT-SWAP,8096386.0,1758163000320
2025-09-18 02:36:40.895000+00:00,INIT-USDT-SWAP,2107590.0,1758163000895
2025-09-18 02:36:40.902000+00:00,INJ-USDT-SWAP,880101.0,1758163000902
2025-09-18 02:36:40.899000+00:00,IOST-USDT-SWAP,258955000.0,1758163000899
2025-09-18 02:36:40.903000+00:00,IOTA-USDT-SWAP,14986840.0,1758163000903
2025-09-18 02:36:40.899000+00:00,IP-USDT-SWAP,3182781.0,1758163000899
2025-09-18 02:36:40.895000+00:00,JELLYJELLY-USDT-SWAP,177904300.0,1758163000895
2025-09-18 02:36:40.929000+00:00,JOE-USDT-SWAP,6808670.0,1758163000929
2025-09-18 02:36:40.913000+00:00,JTO-USDT-SWAP,3851398.0,1758163000913
2025-09-18 02:36:40.916000+00:00,JUP-USDT-SWAP,14537220.0,1758163000916
2025-09-18 02:36:41.376000+00:00,KAITO-USDT-SWAP,4738783.0,1758163001376
2025-09-18 02:36:41.373000+00:00,KMNO-USDT-SWAP,67452400.0,1758163001373
2025-09-18 02:36:41.398000+00:00,KSM-USDT-SWAP,127433.1,1758163001398
2025-09-18 02:36:41.381000+00:00,LA-USDT-SWAP,3119930.0,1758163001381
2025-09-18 02:36:41.368000+00:00,LAUNCHCOIN-USDT-SWAP,41296370.0,1758163001368
2025-09-18 02:36:41.406000+00:00,LAYER-USDT-SWAP,6171962.0,1758163001406
2025-09-18 02:36:41.383000+00:00,LDO-USDT-SWAP,14592911.0,1758163001383
2025-09-18 02:36:41.388000+00:00,LINK-USDT-SWAP,2312130.0999999996,1758163001388
2025-09-18 02:36:41.402000+00:00,LPT-USDT-SWAP,601013.5,1758163001402
2025-09-18 02:36:41.403000+00:00,LQTY-USDT-SWAP,1508141.0,1758163001403
2025-09-18 02:36:41.856000+00:00,LRC-USDT-SWAP,16083990.0,1758163001856
2025-09-18 02:36:41.862000+00:00,LTC-USDT-SWAP,711848.5,1758163001862
2025-09-18 02:36:41.858000+00:00,LUNA-USDT-SWAP,16655471.0,1758163001858
2025-09-18 02:36:41.866000+00:00,LUNC-USDT-SWAP,15678710000.0,1758163001866
2025-09-18 02:36:41.850000+00:00,MAGIC-USDT-SWAP,16373266.0,1758163001850
2025-09-18 02:36:41.868000+00:00,MAJOR-USDT-SWAP,4970864.0,1758163001868
2025-09-18 02:36:41.868000+00:00,MANA-USDT-SWAP,9980530.0,1758163001868
2025-09-18 02:36:41.850000+00:00,MASK-USDT-SWAP,2949997.0,1758163001850
2025-09-18 02:36:41.865000+00:00,ME-USDT-SWAP,3656040.0,1758163001865
2025-09-18 02:36:41.869000+00:00,MEME-USDT-SWAP,1526462600.0,1758163001869
2025-09-18 02:36:42.324000+00:00,MERL-USDT-SWAP,67104261.0,1758163002324
2025-09-18 02:36:42.311000+00:00,METIS-USDT-SWAP,107630.6,1758163002311
2025-09-18 02:36:42.322000+00:00,MEW-USDT-SWAP,1013649000.0,1758163002322
2025-09-18 02:36:42.312000+00:00,MINA-USDT-SWAP,7685371.0,1758163002312
2025-09-18 02:36:42.316000+00:00,MOG-USDT-SWAP,501619000000.0,1758163002316
2025-09-18 02:36:42.314000+00:00,MOODENG-USDT-SWAP,64472470.0,1758163002314
2025-09-18 02:36:42.330000+00:00,MORPHO-USDT-SWAP,1414607.0,1758163002330
2025-09-18 02:36:42.335000+00:00,MOVE-USDT-SWAP,29486730.0,1758163002335
2025-09-18 02:36:42.316000+00:00,MUBARAK-USDT-SWAP,36986600.0,1758163002316
2025-09-18 02:36:42.778000+00:00,NEAR-USDT-SWAP,5704083.000000003,1758163002778
2025-09-18 02:36:42.772000+00:00,NEIRO-USDT-SWAP,9106650000.0,1758163002772
2025-09-18 02:36:42.776000+00:00,NEO-USDT-SWAP,358836.0,1758163002776
2025-09-18 02:36:42.783000+00:00,NEWT-USDT-SWAP,3537180.0,1758163002783
2025-09-18 02:36:42.787000+00:00,NMR-USDT-SWAP,361312.0,1758163002787
2025-09-18 02:36:42.810000+00:00,NOT-USDT-SWAP,1546152900.0,1758163002810
2025-09-18 02:36:42.798000+00:00,NXPC-USDT-SWAP,1096540.0,1758163002798
2025-09-18 02:36:42.775000+00:00,OL-USDT-SWAP,68147420.0,1758163002775
2025-09-18 02:36:42.782000+00:00,OM-USDT-SWAP,22644148.999999996,1758163002782
2025-09-18 02:36:43.237000+00:00,ONDO-USDT-SWAP,23596830.0,1758163003237
2025-09-18 02:36:43.248000+00:00,ONE-USDT-SWAP,74702700.0,1758163003248
2025-09-18 02:36:43.268000+00:00,ONT-USDT-SWAP,9839970.0,1758163003268
2025-09-18 02:36:43.242000+00:00,OP-USDT-SWAP,22972182.0,1758163003242
2025-09-18 02:36:43.256000+00:00,ORBS-USDT-SWAP,29062000.0,1758163003256
2025-09-18 02:36:43.244000+00:00,ORDI-USDT-SWAP,1363578.0,1758163003244
2025-09-18 02:36:43.258000+00:00,PARTI-USDT-SWAP,13934280.0,1758163003258
2025-09-18 02:36:43.269000+00:00,PENGU-USDT-SWAP,588579800.0,1758163003269
2025-09-18 02:36:43.248000+00:00,PEOPLE-USDT-SWAP,351404200.0,1758163003248
2025-09-18 02:36:43.251000+00:00,PEPE-USDT-SWAP,8820100000000.002,1758163003251
2025-09-18 02:36:43.721000+00:00,PERP-USDT-SWAP,2968410.0,1758163003721
2025-09-18 02:36:43.717000+00:00,PI-USDT-SWAP,31113471.0,1758163003717
2025-09-18 02:36:43.744000+00:00,PLUME-USDT-SWAP,19234210.0,1758163003744
2025-09-18 02:36:43.717000+00:00,PNUT-USDT-SWAP,35437710.0,1758163003717
2025-09-18 02:36:43.727000+00:00,POL-USDT-SWAP,36544230.0,1758163003727
2025-09-18 02:36:43.718000+00:00,POPCAT-USDT-SWAP,9428290.0,1758163003718
2025-09-18 02:36:43.720000+00:00,PRCL-USDT-SWAP,15753831.0,1758163003720
2025-09-18 02:36:43.715000+00:00,PROMPT-USDT-SWAP,29652490.0,1758163003715
2025-09-18 02:36:43.723000+00:00,PUMP-USDT-SWAP,8201099000.0,1758163003723
2025-09-18 02:36:43.724000+00:00,PYTH-USDT-SWAP,53098680.0,1758163003724
2025-09-18 02:36:44.203000+00:00,QTUM-USDT-SWAP,1171402.0,1758163004203
2025-09-18 02:36:44.189000+00:00,RAY-USDT-SWAP,1348925.0,1758163004189
2025-09-18 02:36:44.185000+00:00,RENDER-USDT-SWAP,1424418.0,1758163004185
2025-09-18 02:36:44.184000+00:00,RESOLV-USDT-SWAP,23487540.0,1758163004184
2025-09-18 02:36:44.193000+00:00,RSR-USDT-SWAP,250584200.0,1758163004193
2025-09-18 02:36:44.195000+00:00,RVN-USDT-SWAP,72776780.0,1758163004195
2025-09-18 02:36:44.191000+00:00,S-USDT-SWAP,12801190.0,1758163004191
2025-09-18 02:36:44.206000+00:00,SAHARA-USDT-SWAP,36834740.0,1758163004206
2025-09-18 02:36:44.219000+00:00,SAND-USDT-SWAP,16774780.0,1758163004219
2025-09-18 02:36:44.198000+00:00,SATS-USDT-SWAP,193692980000000.0,1758163004198
2025-09-18 02:36:44.645000+00:00,SCR-USDT-SWAP,2875213.0,1758163004645
2025-09-18 02:36:44.663000+00:00,SHELL-USDT-SWAP,5200620.0,1758163004663
2025-09-18 02:36:44.655000+00:00,SHIB-USDT-SWAP,1757337800000.0,1758163004655
2025-09-18 02:36:44.645000+00:00,SIGN-USDT-SWAP,43808000.0,1758163004645
2025-09-18 02:36:44.639000+00:00,SLP-USDT-SWAP,393058320.0,1758163004639
2025-09-18 02:36:44.649000+00:00,SNX-USDT-SWAP,2168609.0,1758163004649
2025-09-18 02:36:44.663000+00:00,SOL-USDT-SWAP,3577572.5400000047,1758163004663
2025-09-18 02:36:44.654000+00:00,SOLV-USDT-SWAP,56069200.0,1758163004654
2025-09-18 02:36:44.667000+00:00,SONIC-USDT-SWAP,8526129.0,1758163004667
2025-09-18 02:36:44.666000+00:00,SOON-USDT-SWAP,7041600.0,1758163004666
2025-09-18 02:36:45.114000+00:00,SOPH-USDT-SWAP,79102400.0,1758163005114
2025-09-18 02:36:45.108000+00:00,SPK-USDT-SWAP,106082600.0,1758163005108
2025-09-18 02:36:45.126000+00:00,SPX-USDT-SWAP,911104.0,1758163005126
2025-09-18 02:36:45.124000+00:00,SSV-USDT-SWAP,298659.8,1758163005124
2025-09-18 02:36:45.117000+00:00,STORJ-USDT-SWAP,5897450.0,1758163005117
2025-09-18 02:36:45.110000+00:00,STRK-USDT-SWAP,25786327.0,1758163005110
2025-09-18 02:36:45.113000+00:00,STX-USDT-SWAP,6849701.999999999,1758163005113
2025-09-18 02:36:45.122000+00:00,SUI-USDT-SWAP,20171910.0,1758163005122
2025-09-18 02:36:45.136000+00:00,SUSHI-USDT-SWAP,7769065.0,1758163005136
2025-09-18 02:36:45.125000+00:00,SWARMS-USDT-SWAP,73398730.0,1758163005125
2025-09-18 02:36:45.599000+00:00,SYRUP-USDT-SWAP,2412140.0,1758163005599
2025-09-18 02:36:45.594000+00:00,T-USDT-SWAP,50902100.0,1758163005594
2025-09-18 02:36:45.604000+00:00,TAO-USDT-SWAP,13682.46,1758163005604
2025-09-18 02:36:45.593000+00:00,THETA-USDT-SWAP,2921542.0000000005,1758163005593
2025-09-18 02:36:45.602000+00:00,TIA-USDT-SWAP,4973489.0,1758163005602
2025-09-18 02:36:45.588000+00:00,TNSR-USDT-SWAP,9117139.0,1758163005588
2025-09-18 02:36:45.606000+00:00,TON-USDT-SWAP,7972186.0,1758163005606
2025-09-18 02:36:45.604000+00:00,TRB-USDT-SWAP,238784.3,1758163005604
2025-09-18 02:36:45.599000+00:00,TREE-USDT-SWAP,8151602.0,1758163005599
2025-09-18 02:36:45.621000+00:00,TRUMP-USDT-SWAP,5449868.8,1758163005621
2025-09-18 02:36:46.068000+00:00,TRX-USDT-SWAP,89538470.00000015,1758163006068
2025-09-18 02:36:46.049000+00:00,TURBO-USDT-SWAP,790797000.0,1758163006049
2025-09-18 02:36:46.057000+00:00,UMA-USDT-SWAP,1478018.4,1758163006057
2025-09-18 02:36:46.074000+00:00,UNI-USDT-SWAP,3712632.0,1758163006074
2025-09-18 02:36:46.065000+00:00,USDC-USDT-SWAP,856270.0,1758163006065
2025-09-18 02:36:46.088000+00:00,USELESS-USDT-SWAP,12046230.0,1758163006088
2025-09-18 02:36:46.077000+00:00,USTC-USDT-SWAP,66380800.0,1758163006077
2025-09-18 02:36:46.045000+00:00,UXLINK-USDT-SWAP,5919380.0,1758163006045
2025-09-18 02:36:46.051000+00:00,VANA-USDT-SWAP,132787.0,1758163006051
2025-09-18 02:36:46.051000+00:00,VINE-USDT-SWAP,112634370.0,1758163006051
2025-09-18 02:36:46.558000+00:00,VIRTUAL-USDT-SWAP,3868046.0,1758163006558
2025-09-18 02:36:46.547000+00:00,W-USDT-SWAP,60489032.0,1758163006547
2025-09-18 02:36:46.548000+00:00,WAL-USDT-SWAP,2035690.0,1758163006548
2025-09-18 02:36:46.534000+00:00,WCT-USDT-SWAP,8970270.0,1758163006534
2025-09-18 02:36:46.534000+00:00,WIF-USDT-SWAP,18610193.0,1758163006534
2025-09-18 02:36:46.539000+00:00,WLD-USDT-SWAP,27329742.0,1758163006539
2025-09-18 02:36:46.533000+00:00,WLFI-USDT-SWAP,258817620.0,1758163006533
2025-09-18 02:36:46.541000+00:00,WOO-USDT-SWAP,16302570.0,1758163006541
2025-09-18 02:36:46.566000+00:00,XAUT-USDT-SWAP,5448.164,1758163006566
2025-09-18 02:36:47.001000+00:00,XLM-USDT-SWAP,38249980.0,1758163007001
2025-09-18 02:36:47.018000+00:00,XPL-USDT-SWAP,6597780.0,1758163007018
2025-09-18 02:36:47.014000+00:00,XRP-USDT-SWAP,97040676.99999997,1758163007014
2025-09-18 02:36:47.004000+00:00,XTZ-USDT-SWAP,5702993.0,1758163007004
2025-09-18 02:36:47.007000+00:00,YFI-USDT-SWAP,363.2614,1758163007007
2025-09-18 02:36:47.033000+00:00,YGG-USDT-SWAP,38932608.0,1758163007033
2025-09-18 02:36:47.045000+00:00,ZENT-USDT-SWAP,200879600.0,1758163007045
2025-09-18 02:36:47.028000+00:00,ZETA-USDT-SWAP,5651490.0,1758163007028
2025-09-18 02:36:47.007000+00:00,ZIL-USDT-SWAP,158287800.0,1758163007007
2025-09-18 02:36:47.492000+00:00,ZK-USDT-SWAP,51923270.0,1758163007492
2025-09-18 02:36:47.487000+00:00,ZRO-USDT-SWAP,1706720.0,1758163007487
2025-09-18 02:36:47.483000+00:00,ZRX-USDT-SWAP,7182700.0,1758163007483
2025-09-18 02:37:48.252000+00:00,1INCH-USDT-SWAP,6857568.0,1758163068252
2025-09-18 02:37:48.260000+00:00,A-USDT-SWAP,10909430.0,1758163068260
2025-09-18 02:37:48.233000+00:00,AAVE-USDT-SWAP,129676.92000000004,1758163068233
2025-09-18 02:37:48.237000+00:00,ACE-USDT-SWAP,3023260.0,1758163068237
2025-09-18 02:37:48.223000+00:00,ACH-USDT-SWAP,87520000.0,1758163068223
2025-09-18 02:37:48.220000+00:00,ACT-USDT-SWAP,96445931.0,1758163068220
2025-09-18 02:37:48.244000+00:00,ADA-USDT-SWAP,79518220.00000007,1758163068244
2025-09-18 02:37:48.234000+00:00,AERO-USDT-SWAP,2376380.0,1758163068234
2025-09-18 02:37:48.223000+00:00,AEVO-USDT-SWAP,13386353.0,1758163068223
2025-09-18 02:37:48.231000+00:00,AGLD-USDT-SWAP,1984974.0,1758163068231
2025-09-18 02:37:48.696000+00:00,AI16Z-USDT-SWAP,44609543.0,1758163068696
2025-09-18 02:37:48.718000+00:00,AIXBT-USDT-SWAP,24535230.0,1758163068718
2025-09-18 02:37:48.719000+00:00,ALGO-USDT-SWAP,27519450.0,1758163068719
2025-09-18 02:37:48.704000+00:00,ANIME-USDT-SWAP,91455660.0,1758163068704
2025-09-18 02:37:48.730000+00:00,APE-USDT-SWAP,8014029.6,1758163068730
2025-09-18 02:37:48.726000+00:00,API3-USDT-SWAP,2591542.0,1758163068726
2025-09-18 02:37:48.728000+00:00,APT-USDT-SWAP,3712110.0,1758163068728
2025-09-18 02:37:48.716000+00:00,AR-USDT-SWAP,515173.5,1758163068716
2025-09-18 02:37:48.710000+00:00,ARB-USDT-SWAP,36002393.99999996,1758163068710
2025-09-18 02:37:49.186000+00:00,ARC-USDT-SWAP,94248770.0,1758163069186
2025-09-18 02:37:49.191000+00:00,ARKM-USDT-SWAP,3706174.0,1758163069191
2025-09-18 02:37:49.194000+00:00,ATH-USDT-SWAP,166644600.0,1758163069194
2025-09-18 02:37:49.175000+00:00,ATOM-USDT-SWAP,1900278.0,1758163069175
2025-09-18 02:37:49.176000+00:00,AUCTION-USDT-SWAP,210392.7,1758163069176
2025-09-18 02:37:49.183000+00:00,AVAAI-USDT-SWAP,71756620.0,1758163069183
2025-09-18 02:37:49.196000+00:00,AVAX-USDT-SWAP,2644450.4,1758163069196
2025-09-18 02:37:49.180000+00:00,AXS-USDT-SWAP,1187467.8,1758163069180
2025-09-18 02:37:49.181000+00:00,BABY-USDT-SWAP,43510540.0,1758163069181
2025-09-18 02:37:49.184000+00:00,BAND-USDT-SWAP,1387943.0,1758163069184
2025-09-18 02:37:49.627000+00:00,BAT-USDT-SWAP,5131230.0,1758163069627
2025-09-18 02:37:49.626000+00:00,BCH-USDT-SWAP,73102.20999999999,1758163069626
2025-09-18 02:37:49.654000+00:00,BERA-USDT-SWAP,2556745.9,1758163069654
2025-09-18 02:37:49.637000+00:00,BICO-USDT-SWAP,6920848.0,1758163069637
2025-09-18 02:37:49.649000+00:00,BIGTIME-USDT-SWAP,37736330.0,1758163069649
2025-09-18 02:37:49.630000+00:00,BIO-USDT-SWAP,56767568.0,1758163069630
2025-09-18 02:37:49.663000+00:00,BLUR-USDT-SWAP,24835910.0,1758163069663
2025-09-18 02:37:49.634000+00:00,BNB-USDT-SWAP,133915.88,1758163069634
2025-09-18 02:37:49.636000+00:00,BNT-USDT-SWAP,797150.0,1758163069636
2025-09-18 02:37:49.633000+00:00,BOME-USDT-SWAP,1077701000.0,1758163069633
2025-09-18 02:37:50.129000+00:00,BONK-USDT-SWAP,464524600000.0,1758163070129
2025-09-18 02:37:50.120000+00:00,BRETT-USDT-SWAP,16049700.0,1758163070120
2025-09-18 02:37:50.130000+00:00,BTC-USDT-SWAP,26548.308300000077,1758163070130
2025-09-18 02:37:50.122000+00:00,CAT-USDT-SWAP,148314300000.0,1758163070122
2025-09-18 02:37:50.122000+00:00,CATI-USDT-SWAP,14115353.0,1758163070122
2025-09-18 02:37:50.141000+00:00,CELO-USDT-SWAP,3966056.0,1758163070141
2025-09-18 02:37:50.304000+00:00,CETUS-USDT-SWAP,20861320.0,1758163070304
2025-09-18 02:37:50.143000+00:00,CFX-USDT-SWAP,75662170.0,1758163070143
2025-09-18 02:37:50.130000+00:00,CHZ-USDT-SWAP,75258250.0,1758163070130
2025-09-18 02:37:50.123000+00:00,COMP-USDT-SWAP,88538.1,1758163070123
2025-09-18 02:37:50.719000+00:00,COOKIE-USDT-SWAP,3788690.0,1758163070719
2025-09-18 02:37:50.727000+00:00,CORE-USDT-SWAP,10075205.0,1758163070727
2025-09-18 02:37:50.739000+00:00,CRO-USDT-SWAP,53083290.0,1758163070739
2025-09-18 02:37:50.725000+00:00,CRV-USDT-SWAP,25416049.0,1758163070725
2025-09-18 02:37:50.733000+00:00,CTC-USDT-SWAP,1829720.0,1758163070733
2025-09-18 02:37:50.743000+00:00,CVC-USDT-SWAP,8932600.0,1758163070743
2025-09-18 02:37:50.728000+00:00,CVX-USDT-SWAP,342296.0,1758163070728
2025-09-18 02:37:50.740000+00:00,DEGEN-USDT-SWAP,326306200.0,1758163070740
2025-09-18 02:37:51.180000+00:00,DOGE-USDT-SWAP,1377951930.0,1758163071180
2025-09-18 02:37:51.200000+00:00,DOGS-USDT-SWAP,16523818000.0,1758163071200
2025-09-18 02:37:51.209000+00:00,DOOD-USDT-SWAP,171218000.0,1758163071209
2025-09-18 02:37:51.187000+00:00,DOT-USDT-SWAP,6359528.0,1758163071187
2025-09-18 02:37:51.227000+00:00,DUCK-USDT-SWAP,674245000.0,1758163071227
2025-09-18 02:37:51.207000+00:00,DYDX-USDT-SWAP,11116032.0,1758163071207
2025-09-18 02:37:51.191000+00:00,EGLD-USDT-SWAP,125586.2,1758163071191
2025-09-18 02:37:51.197000+00:00,EIGEN-USDT-SWAP,4834738.0,1758163071197
2025-09-18 02:37:51.193000+00:00,ENJ-USDT-SWAP,14206940.0,1758163071193
2025-09-18 02:37:51.220000+00:00,ENS-USDT-SWAP,300287.5,1758163071220
2025-09-18 02:37:51.673000+00:00,ETC-USDT-SWAP,1218832.2,1758163071673
2025-09-18 02:37:51.676000+00:00,ETH-USDT-SWAP,740857.4960000012,1758163071676
2025-09-18 02:37:51.679000+00:00,ETHFI-USDT-SWAP,8522604.0,1758163071679
2025-09-18 02:37:51.676000+00:00,ETHW-USDT-SWAP,1224839.4,1758163071676
2025-09-18 02:37:51.678000+00:00,FARTCOIN-USDT-SWAP,19066157.0,1758163071678
2025-09-18 02:37:51.676000+00:00,FIL-USDT-SWAP,12985185.5,1758163071676
2025-09-18 02:37:51.685000+00:00,FLM-USDT-SWAP,36719060.0,1758163071685
2025-09-18 02:37:51.699000+00:00,FLOKI-USDT-SWAP,36887200000.0,1758163071699
2025-09-18 02:37:51.687000+00:00,FLOW-USDT-SWAP,4310760.0,1758163071687
2025-09-18 02:37:51.690000+00:00,FXS-USDT-SWAP,421238.0,1758163071690
2025-09-18 02:37:52.164000+00:00,GALA-USDT-SWAP,429614090.0,1758163072164
2025-09-18 02:37:52.168000+00:00,GAS-USDT-SWAP,368362.0,1758163072168
2025-09-18 02:37:52.161000+00:00,GLM-USDT-SWAP,2909330.0,1758163072161
2025-09-18 02:37:52.160000+00:00,GMT-USDT-SWAP,41539902.0,1758163072160
2025-09-18 02:37:52.161000+00:00,GMX-USDT-SWAP,62620.7,1758163072161
2025-09-18 02:37:52.188000+00:00,GOAT-USDT-SWAP,26111130.0,1758163072188
2025-09-18 02:37:52.163000+00:00,GODS-USDT-SWAP,9044660.0,1758163072163
2025-09-18 02:37:52.160000+00:00,GPS-USDT-SWAP,139043310.0,1758163072160
2025-09-18 02:37:52.165000+00:00,GRASS-USDT-SWAP,2714536.0,1758163072165
2025-09-18 02:37:52.179000+00:00,GRIFFAIN-USDT-SWAP,26058570.0,1758163072179
2025-09-18 02:37:52.652000+00:00,GRT-USDT-SWAP,21837140.0,1758163072652
2025-09-18 02:37:52.652000+00:00,H-USDT-SWAP,79344100.0,1758163072652
2025-09-18 02:37:52.650000+00:00,HBAR-USDT-SWAP,80472260.00000004,1758163072650
2025-09-18 02:37:52.631000+00:00,HMSTR-USDT-SWAP,1204051200.0,1758163072631
2025-09-18 02:37:52.641000+00:00,HOME-USDT-SWAP,18160300.0,1758163072641
2025-09-18 02:37:52.633000+00:00,HUMA-USDT-SWAP,68609500.0,1758163072633
2025-09-18 02:37:52.665000+00:00,HYPE-USDT-SWAP,953649.2,1758163072665
2025-09-18 02:37:52.629000+00:00,ICP-USDT-SWAP,1638555.14,1758163072629
2025-09-18 02:37:52.631000+00:00,ICX-USDT-SWAP,5873490.0,1758163072631
2025-09-18 02:37:52.693000+00:00,IMX-USDT-SWAP,8087387.0,1758163072693
2025-09-18 02:37:53.126000+00:00,INIT-USDT-SWAP,2107510.0,1758163073126
2025-09-18 02:37:53.147000+00:00,INJ-USDT-SWAP,879983.2,1758163073147
2025-09-18 02:37:53.144000+00:00,IOST-USDT-SWAP,259014000.0,1758163073144
2025-09-18 02:37:53.125000+00:00,IOTA-USDT-SWAP,14985260.0,1758163073125
2025-09-18 02:37:53.118000+00:00,IP-USDT-SWAP,3182708.0,1758163073118
2025-09-18 02:37:53.132000+00:00,JELLYJELLY-USDT-SWAP,177954500.0,1758163073132
2025-09-18 02:37:53.133000+00:00,JOE-USDT-SWAP,6806510.0,1758163073133
2025-09-18 02:37:53.140000+00:00,JTO-USDT-SWAP,3849078.0,1758163073140
2025-09-18 02:37:53.130000+00:00,JUP-USDT-SWAP,14523420.0,1758163073130
2025-09-18 02:37:53.599000+00:00,KAITO-USDT-SWAP,4736921.0,1758163073599
2025-09-18 02:37:53.601000+00:00,KMNO-USDT-SWAP,67422800.0,1758163073601
2025-09-18 02:37:53.618000+00:00,KSM-USDT-SWAP,127429.7,1758163073618
2025-09-18 02:37:53.602000+00:00,LA-USDT-SWAP,3119950.0,1758163073602
2025-09-18 02:37:53.604000+00:00,LAUNCHCOIN-USDT-SWAP,41281340.0,1758163073604
2025-09-18 02:37:53.601000+00:00,LAYER-USDT-SWAP,6171960.0,1758163073601
2025-09-18 02:37:53.632000+00:00,LDO-USDT-SWAP,14605645.0,1758163073632
2025-09-18 02:37:53.617000+00:00,LINK-USDT-SWAP,2309171.9999999995,1758163073617
2025-09-18 02:37:53.608000+00:00,LPT-USDT-SWAP,600806.2,1758163073608
2025-09-18 02:37:53.618000+00:00,LQTY-USDT-SWAP,1507838.0,1758163073618
2025-09-18 02:37:54.099000+00:00,LRC-USDT-SWAP,16085300.0,1758163074099
2025-09-18 02:37:54.099000+00:00,LTC-USDT-SWAP,711886.8,1758163074099
2025-09-18 02:37:54.095000+00:00,LUNA-USDT-SWAP,16658219.0,1758163074095
2025-09-18 02:37:54.073000+00:00,LUNC-USDT-SWAP,15678640000.0,1758163074073
2025-09-18 02:37:54.071000+00:00,MAGIC-USDT-SWAP,16377630.0,1758163074071
2025-09-18 02:37:54.093000+00:00,MAJOR-USDT-SWAP,4970882.0,1758163074093
2025-09-18 02:37:54.092000+00:00,MANA-USDT-SWAP,9979070.0,1758163074092
2025-09-18 02:37:54.095000+00:00,MASK-USDT-SWAP,2950041.0,1758163074095
2025-09-18 02:37:54.087000+00:00,ME-USDT-SWAP,3655856.0,1758163074087
2025-09-18 02:37:54.105000+00:00,MEME-USDT-SWAP,1526232800.0,1758163074105
2025-09-18 02:37:54.543000+00:00,MERL-USDT-SWAP,67066038.0,1758163074543
2025-09-18 02:37:54.563000+00:00,METIS-USDT-SWAP,107612.5,1758163074563
2025-09-18 02:37:54.549000+00:00,MEW-USDT-SWAP,1013775000.0,1758163074549
2025-09-18 02:37:54.540000+00:00,MINA-USDT-SWAP,7685350.0,1758163074540
2025-09-18 02:37:54.564000+00:00,MOG-USDT-SWAP,501230000000.0,1758163074564
2025-09-18 02:37:54.550000+00:00,MOODENG-USDT-SWAP,64451160.0,1758163074550
2025-09-18 02:37:54.553000+00:00,MORPHO-USDT-SWAP,1414604.0,1758163074553
2025-09-18 02:37:54.690000+00:00,MOVE-USDT-SWAP,29488060.0,1758163074690
2025-09-18 02:37:54.551000+00:00,MUBARAK-USDT-SWAP,37002400.0,1758163074551
2025-09-18 02:37:55.121000+00:00,NEAR-USDT-SWAP,5702157.000000003,1758163075121
2025-09-18 02:37:55.131000+00:00,NEIRO-USDT-SWAP,9086364000.0,1758163075131
2025-09-18 02:37:55.124000+00:00,NEO-USDT-SWAP,358703.0,1758163075124
2025-09-18 02:37:55.285000+00:00,NEWT-USDT-SWAP,3537360.0,1758163075285
2025-09-18 02:37:55.141000+00:00,NMR-USDT-SWAP,361117.3,1758163075141
2025-09-18 02:37:55.139000+00:00,NOT-USDT-SWAP,1546142300.0,1758163075139
2025-09-18 02:37:55.144000+00:00,NXPC-USDT-SWAP,1096540.0,1758163075144
2025-09-18 02:37:55.144000+00:00,OL-USDT-SWAP,68162040.0,1758163075144
2025-09-18 02:37:55.131000+00:00,OM-USDT-SWAP,22646681.999999996,1758163075131
2025-09-18 02:37:55.726000+00:00,ONDO-USDT-SWAP,23597370.0,1758163075726
2025-09-18 02:37:55.716000+00:00,ONE-USDT-SWAP,74707100.0,1758163075716
2025-09-18 02:37:55.708000+00:00,ONT-USDT-SWAP,9841770.0,1758163075708
2025-09-18 02:37:55.722000+00:00,OP-USDT-SWAP,22975235.0,1758163075722
2025-09-18 02:37:55.716000+00:00,ORBS-USDT-SWAP,29034700.0,1758163075716
2025-09-18 02:37:55.718000+00:00,ORDI-USDT-SWAP,1364120.2,1758163075718
2025-09-18 02:37:55.724000+00:00,PARTI-USDT-SWAP,13934820.0,1758163075724
2025-09-18 02:37:55.728000+00:00,PENGU-USDT-SWAP,588518100.0,1758163075728
2025-09-18 02:37:55.721000+00:00,PEOPLE-USDT-SWAP,351345700.0,1758163075721
2025-09-18 02:37:55.733000+00:00,PEPE-USDT-SWAP,8821519000000.002,1758163075733
2025-09-18 02:37:56.177000+00:00,PERP-USDT-SWAP,2968413.0,1758163076177
2025-09-18 02:37:56.196000+00:00,PI-USDT-SWAP,31124496.0,1758163076196
2025-09-18 02:37:56.188000+00:00,PLUME-USDT-SWAP,19234170.0,1758163076188
2025-09-18 02:37:56.183000+00:00,PNUT-USDT-SWAP,35396690.0,1758163076183
2025-09-18 02:37:56.193000+00:00,POL-USDT-SWAP,36544350.0,1758163076193
2025-09-18 02:37:56.198000+00:00,POPCAT-USDT-SWAP,9419300.0,1758163076198
2025-09-18 02:37:56.323000+00:00,PRCL-USDT-SWAP,15765382.0,1758163076323
2025-09-18 02:37:56.189000+00:00,PROMPT-USDT-SWAP,29661890.0,1758163076189
2025-09-18 02:37:56.203000+00:00,PUMP-USDT-SWAP,8188722000.0,1758163076203
2025-09-18 02:37:56.191000+00:00,PYTH-USDT-SWAP,53080300.0,1758163076191
2025-09-18 02:37:56.749000+00:00,QTUM-USDT-SWAP,1171630.0,1758163076749
2025-09-18 02:37:56.758000+00:00,RAY-USDT-SWAP,1346145.0,1758163076758
2025-09-18 02:37:56.785000+00:00,RENDER-USDT-SWAP,1424550.0,1758163076785
2025-09-18 02:37:56.755000+00:00,RESOLV-USDT-SWAP,23487810.0,1758163076755
2025-09-18 02:37:56.764000+00:00,RSR-USDT-SWAP,250622300.0,1758163076764
2025-09-18 02:37:56.770000+00:00,RVN-USDT-SWAP,72752620.0,1758163076770
2025-09-18 02:37:56.825000+00:00,S-USDT-SWAP,12797550.0,1758163076825
2025-09-18 02:37:56.768000+00:00,SAHARA-USDT-SWAP,36832540.0,1758163076768
2025-09-18 02:37:56.763000+00:00,SAND-USDT-SWAP,16770430.0,1758163076763
2025-09-18 02:37:56.759000+00:00,SATS-USDT-SWAP,193668350000000.0,1758163076759
2025-09-18 02:37:57.265000+00:00,SCR-USDT-SWAP,2875292.0,1758163077265
2025-09-18 02:37:57.276000+00:00,SHELL-USDT-SWAP,5200930.0,1758163077276
2025-09-18 02:37:57.308000+00:00,SHIB-USDT-SWAP,1756254300000.0,1758163077308
2025-09-18 02:37:57.267000+00:00,SIGN-USDT-SWAP,43804800.0,1758163077267
2025-09-18 02:37:57.265000+00:00,SLP-USDT-SWAP,393166670.0,1758163077265
2025-09-18 02:37:57.264000+00:00,SNX-USDT-SWAP,2168640.0,1758163077264
2025-09-18 02:37:57.293000+00:00,SOL-USDT-SWAP,3577204.220000005,1758163077293
2025-09-18 02:37:57.270000+00:00,SOLV-USDT-SWAP,56171700.0,1758163077270
2025-09-18 02:37:57.298000+00:00,SONIC-USDT-SWAP,8554502.0,1758163077298
2025-09-18 02:37:57.279000+00:00,SOON-USDT-SWAP,7038530.0,1758163077279
2025-09-18 02:37:57.762000+00:00,SOPH-USDT-SWAP,79105500.0,1758163077762
2025-09-18 02:37:57.766000+00:00,SPK-USDT-SWAP,106214600.0,1758163077766
2025-09-18 02:37:57.768000+00:00,SPX-USDT-SWAP,906230.0,1758163077768
2025-09-18 02:37:57.761000+00:00,SSV-USDT-SWAP,298450.1,1758163077761
2025-09-18 02:37:57.753000+00:00,STORJ-USDT-SWAP,5894480.0,1758163077753
2025-09-18 02:37:57.761000+00:00,STRK-USDT-SWAP,25781730.0,1758163077761
2025-09-18 02:37:57.748000+00:00,STX-USDT-SWAP,6848778.0,1758163077748
2025-09-18 02:37:57.763000+00:00,SUI-USDT-SWAP,20190609.0,1758163077763
2025-09-18 02:37:57.765000+00:00,SUSHI-USDT-SWAP,7767951.0,1758163077765
2025-09-18 02:37:57.753000+00:00,SWARMS-USDT-SWAP,73380500.0,1758163077753
2025-09-18 02:37:58.325000+00:00,SYRUP-USDT-SWAP,2412180.0,1758163078325
2025-09-18 02:37:58.213000+00:00,T-USDT-SWAP,50894300.0,1758163078213
2025-09-18 02:37:58.219000+00:00,TAO-USDT-SWAP,13683.05,1758163078219
2025-09-18 02:37:58.214000+00:00,THETA-USDT-SWAP,2921391.0000000005,1758163078214
2025-09-18 02:37:58.224000+00:00,TIA-USDT-SWAP,4973650.0,1758163078224
2025-09-18 02:37:58.220000+00:00,TNSR-USDT-SWAP,9117139.0,1758163078220
2025-09-18 02:37:58.233000+00:00,TON-USDT-SWAP,7976275.0,1758163078233
2025-09-18 02:37:58.231000+00:00,TRB-USDT-SWAP,238780.3,1758163078231
2025-09-18 02:37:58.230000+00:00,TREE-USDT-SWAP,8152975.0,1758163078230
2025-09-18 02:37:58.236000+00:00,TRUMP-USDT-SWAP,5449370.6,1758163078236
2025-09-18 02:37:58.774000+00:00,TRX-USDT-SWAP,89537580.00000015,1758163078774
2025-09-18 02:37:58.770000+00:00,TURBO-USDT-SWAP,790639000.0,1758163078770
2025-09-18 02:37:58.804000+00:00,UMA-USDT-SWAP,1477931.2,1758163078804
2025-09-18 02:37:58.758000+00:00,UNI-USDT-SWAP,3712369.0,1758163078758
2025-09-18 02:37:58.767000+00:00,USDC-USDT-SWAP,856270.0,1758163078767
2025-09-18 02:37:58.781000+00:00,USELESS-USDT-SWAP,12047000.0,1758163078781
2025-09-18 02:37:58.776000+00:00,USTC-USDT-SWAP,66380800.0,1758163078776
2025-09-18 02:37:58.782000+00:00,UXLINK-USDT-SWAP,5919930.0,1758163078782
2025-09-18 02:37:58.764000+00:00,VANA-USDT-SWAP,132786.7,1758163078764
2025-09-18 02:37:58.789000+00:00,VINE-USDT-SWAP,112518540.0,1758163078789
2025-09-18 02:37:59.251000+00:00,VIRTUAL-USDT-SWAP,3866427.0,1758163079251
2025-09-18 02:37:59.256000+00:00,W-USDT-SWAP,60484778.0,1758163079256
2025-09-18 02:37:59.261000+00:00,WAL-USDT-SWAP,2035250.0,1758163079261
2025-09-18 02:37:59.250000+00:00,WCT-USDT-SWAP,8967250.0,1758163079250
2025-09-18 02:37:59.250000+00:00,WIF-USDT-SWAP,18623870.0,1758163079250
2025-09-18 02:37:59.256000+00:00,WLD-USDT-SWAP,27355191.0,1758163079256
2025-09-18 02:37:59.263000+00:00,WLFI-USDT-SWAP,258833220.0,1758163079263
2025-09-18 02:37:59.252000+00:00,WOO-USDT-SWAP,16297250.0,1758163079252
2025-09-18 02:37:59.261000+00:00,XAUT-USDT-SWAP,5448.18,1758163079261
2025-09-18 02:37:59.728000+00:00,XLM-USDT-SWAP,38226450.0,1758163079728
2025-09-18 02:37:59.713000+00:00,XPL-USDT-SWAP,6602100.0,1758163079713
2025-09-18 02:37:59.718000+00:00,XRP-USDT-SWAP,96969841.99999997,1758163079718
2025-09-18 02:37:59.712000+00:00,XTZ-USDT-SWAP,5702566.0,1758163079712
2025-09-18 02:37:59.708000+00:00,YFI-USDT-SWAP,363.2663,1758163079708
2025-09-18 02:37:59.729000+00:00,YGG-USDT-SWAP,38925594.0,1758163079729
2025-09-18 02:37:59.721000+00:00,ZENT-USDT-SWAP,203410700.0,1758163079721
2025-09-18 02:37:59.713000+00:00,ZETA-USDT-SWAP,5652390.0,1758163079713
2025-09-18 02:37:59.705000+00:00,ZIL-USDT-SWAP,158273200.0,1758163079705
2025-09-18 02:38:00.252000+00:00,ZK-USDT-SWAP,51924550.0,1758163080252
2025-09-18 02:38:00.194000+00:00,ZRO-USDT-SWAP,1706674.0,1758163080194
2025-09-18 02:38:00.190000+00:00,ZRX-USDT-SWAP,7182760.0,1758163080190
2025-09-18 02:39:00.977000+00:00,1INCH-USDT-SWAP,6858030.0,1758163140977
2025-09-18 02:39:01.005000+00:00,A-USDT-SWAP,10908100.0,1758163141005
2025-09-18 02:39:00.985000+00:00,AAVE-USDT-SWAP,129733.95000000006,1758163140985
2025-09-18 02:39:00.989000+00:00,ACE-USDT-SWAP,3024006.0,1758163140989
2025-09-18 02:39:00.981000+00:00,ACH-USDT-SWAP,87520000.0,1758163140981
2025-09-18 02:39:00.979000+00:00,ACT-USDT-SWAP,96427579.0,1758163140979
2025-09-18 02:39:00.976000+00:00,ADA-USDT-SWAP,79509930.00000007,1758163140976
2025-09-18 02:39:00.983000+00:00,AERO-USDT-SWAP,2376460.0,1758163140983
2025-09-18 02:39:00.993000+00:00,AEVO-USDT-SWAP,13387513.0,1758163140993
2025-09-18 02:39:00.980000+00:00,AGLD-USDT-SWAP,1984905.0,1758163140980
2025-09-18 02:39:01.479000+00:00,AI16Z-USDT-SWAP,44658306.0,1758163141479
2025-09-18 02:39:01.444000+00:00,AIXBT-USDT-SWAP,24537020.0,1758163141444
2025-09-18 02:39:01.460000+00:00,ALGO-USDT-SWAP,27515770.0,1758163141460
2025-09-18 02:39:01.450000+00:00,ANIME-USDT-SWAP,91421780.0,1758163141450
2025-09-18 02:39:01.472000+00:00,APE-USDT-SWAP,8015206.8,1758163141472
2025-09-18 02:39:01.479000+00:00,API3-USDT-SWAP,2591373.0,1758163141479
2025-09-18 02:39:01.543000+00:00,APT-USDT-SWAP,3712211.0,1758163141543
2025-09-18 02:39:01.453000+00:00,AR-USDT-SWAP,515215.4,1758163141453
2025-09-18 02:39:01.459000+00:00,ARB-USDT-SWAP,35990775.99999996,1758163141459
2025-09-18 02:39:02.001000+00:00,ARC-USDT-SWAP,94317710.0,1758163142001
2025-09-18 02:39:01.989000+00:00,ARKM-USDT-SWAP,3705048.0,1758163141989
2025-09-18 02:39:02.014000+00:00,ATH-USDT-SWAP,166666400.0,1758163142014
2025-09-18 02:39:01.999000+00:00,ATOM-USDT-SWAP,1899984.0,1758163141999
2025-09-18 02:39:02.086000+00:00,AUCTION-USDT-SWAP,210424.4,1758163142086
2025-09-18 02:39:01.990000+00:00,AVAAI-USDT-SWAP,71762390.0,1758163141990
2025-09-18 02:39:01.984000+00:00,AVAX-USDT-SWAP,2644636.2,1758163141984
2025-09-18 02:39:01.968000+00:00,AXS-USDT-SWAP,1187111.6,1758163141968
2025-09-18 02:39:01.989000+00:00,BABY-USDT-SWAP,43506370.0,1758163141989
2025-09-18 02:39:01.993000+00:00,BAND-USDT-SWAP,1387712.0,1758163141993
2025-09-18 02:39:02.520000+00:00,BAT-USDT-SWAP,5131060.0,1758163142520
2025-09-18 02:39:02.523000+00:00,BCH-USDT-SWAP,73105.62,1758163142523
2025-09-18 02:39:02.510000+00:00,BERA-USDT-SWAP,2554943.9,1758163142510
2025-09-18 02:39:02.512000+00:00,BICO-USDT-SWAP,6922733.0,1758163142512
2025-09-18 02:39:02.512000+00:00,BIGTIME-USDT-SWAP,37736440.0,1758163142512
2025-09-18 02:39:02.519000+00:00,BIO-USDT-SWAP,56751459.0,1758163142519
2025-09-18 02:39:02.512000+00:00,BLUR-USDT-SWAP,24836000.0,1758163142512
2025-09-18 02:39:02.540000+00:00,BNB-USDT-SWAP,133997.29,1758163142540
2025-09-18 02:39:02.518000+00:00,BNT-USDT-SWAP,797150.0,1758163142518
2025-09-18 02:39:02.521000+00:00,BOME-USDT-SWAP,1077868000.0,1758163142521
2025-09-18 02:39:02.987000+00:00,BONK-USDT-SWAP,464497900000.0,1758163142987
2025-09-18 02:39:02.981000+00:00,BRETT-USDT-SWAP,16049100.0,1758163142981
2025-09-18 02:39:02.996000+00:00,BTC-USDT-SWAP,26551.459100000076,1758163142996
2025-09-18 02:39:03.003000+00:00,CAT-USDT-SWAP,148307200000.0,1758163143003
2025-09-18 02:39:02.984000+00:00,CATI-USDT-SWAP,14105794.0,1758163142984
2025-09-18 02:39:02.996000+00:00,CELO-USDT-SWAP,3969101.0,1758163142996
2025-09-18 02:39:02.980000+00:00,CETUS-USDT-SWAP,20871990.0,1758163142980
2025-09-18 02:39:02.984000+00:00,CFX-USDT-SWAP,75682040.0,1758163142984
2025-09-18 02:39:02.992000+00:00,CHZ-USDT-SWAP,75244510.0,1758163142992
2025-09-18 02:39:02.998000+00:00,COMP-USDT-SWAP,88536.6,1758163142998
2025-09-18 02:39:03.466000+00:00,COOKIE-USDT-SWAP,3788480.0,1758163143466
2025-09-18 02:39:03.461000+00:00,CORE-USDT-SWAP,10075187.0,1758163143461
2025-09-18 02:39:03.481000+00:00,CRO-USDT-SWAP,53041540.0,1758163143481
2025-09-18 02:39:03.472000+00:00,CRV-USDT-SWAP,25411897.0,1758163143472
2025-09-18 02:39:03.452000+00:00,CTC-USDT-SWAP,1829690.0,1758163143452
2025-09-18 02:39:03.469000+00:00,CVC-USDT-SWAP,8931400.0,1758163143469
2025-09-18 02:39:03.459000+00:00,CVX-USDT-SWAP,342282.0,1758163143459
2025-09-18 02:39:03.453000+00:00,DEGEN-USDT-SWAP,326320900.0,1758163143453
2025-09-18 02:39:03.932000+00:00,DOGE-USDT-SWAP,1377530870.0000002,1758163143932
2025-09-18 02:39:03.940000+00:00,DOGS-USDT-SWAP,16519741000.0,1758163143940
2025-09-18 02:39:03.920000+00:00,DOOD-USDT-SWAP,171303000.0,1758163143920
2025-09-18 02:39:03.939000+00:00,DOT-USDT-SWAP,6359744.0,1758163143939
2025-09-18 02:39:03.932000+00:00,DUCK-USDT-SWAP,676570700.0,1758163143932
2025-09-18 02:39:03.945000+00:00,DYDX-USDT-SWAP,11118038.0,1758163143945
2025-09-18 02:39:03.951000+00:00,EGLD-USDT-SWAP,125405.3,1758163143951
2025-09-18 02:39:03.921000+00:00,EIGEN-USDT-SWAP,4838583.0,1758163143921
2025-09-18 02:39:03.957000+00:00,ENJ-USDT-SWAP,14207210.0,1758163143957
2025-09-18 02:39:03.941000+00:00,ENS-USDT-SWAP,300388.2,1758163143941
2025-09-18 02:39:04.411000+00:00,ETC-USDT-SWAP,1218794.5,1758163144411
2025-09-18 02:39:04.414000+00:00,ETH-USDT-SWAP,740947.5280000012,1758163144414
2025-09-18 02:39:04.420000+00:00,ETHFI-USDT-SWAP,8519224.0,1758163144420
2025-09-18 02:39:04.429000+00:00,ETHW-USDT-SWAP,1224843.9,1758163144429
2025-09-18 02:39:04.403000+00:00,FARTCOIN-USDT-SWAP,19084430.0,1758163144403
2025-09-18 02:39:04.421000+00:00,FIL-USDT-SWAP,12988941.0,1758163144421
2025-09-18 02:39:04.414000+00:00,FLM-USDT-SWAP,36729700.0,1758163144414
2025-09-18 02:39:04.539000+00:00,FLOKI-USDT-SWAP,36887000000.0,1758163144539
2025-09-18 02:39:04.401000+00:00,FLOW-USDT-SWAP,4311740.0,1758163144401
2025-09-18 02:39:04.412000+00:00,FXS-USDT-SWAP,421151.0,1758163144412
2025-09-18 02:39:04.962000+00:00,GALA-USDT-SWAP,430062860.0,1758163144962
2025-09-18 02:39:04.973000+00:00,GAS-USDT-SWAP,368362.0,1758163144973
2025-09-18 02:39:04.982000+00:00,GLM-USDT-SWAP,2909060.0,1758163144982
2025-09-18 02:39:04.981000+00:00,GMT-USDT-SWAP,41536332.0,1758163144981
2025-09-18 02:39:04.963000+00:00,GMX-USDT-SWAP,62620.7,1758163144963
2025-09-18 02:39:04.978000+00:00,GOAT-USDT-SWAP,26104420.0,1758163144978
2025-09-18 02:39:04.970000+00:00,GODS-USDT-SWAP,9044652.0,1758163144970
2025-09-18 02:39:04.972000+00:00,GPS-USDT-SWAP,139039660.0,1758163144972
2025-09-18 02:39:04.974000+00:00,GRASS-USDT-SWAP,2715146.0,1758163144974
2025-09-18 02:39:04.990000+00:00,GRIFFAIN-USDT-SWAP,26069350.0,1758163144990
2025-09-18 02:39:05.457000+00:00,GRT-USDT-SWAP,21835040.0,1758163145457
2025-09-18 02:39:05.455000+00:00,H-USDT-SWAP,79438700.0,1758163145455
2025-09-18 02:39:05.459000+00:00,HBAR-USDT-SWAP,80472040.00000004,1758163145459
2025-09-18 02:39:05.439000+00:00,HMSTR-USDT-SWAP,1203933800.0,1758163145439
2025-09-18 02:39:05.441000+00:00,HOME-USDT-SWAP,18161400.0,1758163145441
2025-09-18 02:39:05.441000+00:00,HUMA-USDT-SWAP,68609500.0,1758163145441
2025-09-18 02:39:05.439000+00:00,HYPE-USDT-SWAP,953611.1,1758163145439
2025-09-18 02:39:05.434000+00:00,ICP-USDT-SWAP,1639166.16,1758163145434
2025-09-18 02:39:05.448000+00:00,ICX-USDT-SWAP,5873650.0,1758163145448
2025-09-18 02:39:05.454000+00:00,IMX-USDT-SWAP,8085137.0,1758163145454
2025-09-18 02:39:05.920000+00:00,INIT-USDT-SWAP,2107390.0,1758163145920
2025-09-18 02:39:05.919000+00:00,INJ-USDT-SWAP,879970.3,1758163145919
2025-09-18 02:39:05.922000+00:00,IOST-USDT-SWAP,259014000.0,1758163145922
2025-09-18 02:39:05.926000+00:00,IOTA-USDT-SWAP,14984680.0,1758163145926
2025-09-18 02:39:05.906000+00:00,IP-USDT-SWAP,3184275.0,1758163145906
2025-09-18 02:39:05.922000+00:00,JELLYJELLY-USDT-SWAP,177986900.0,1758163145922
2025-09-18 02:39:05.925000+00:00,JOE-USDT-SWAP,6803630.0,1758163145925
2025-09-18 02:39:05.924000+00:00,JTO-USDT-SWAP,3849380.0,1758163145924
2025-09-18 02:39:05.914000+00:00,JUP-USDT-SWAP,14524660.0,1758163145914
2025-09-18 02:39:06.486000+00:00,KAITO-USDT-SWAP,4712522.0,1758163146486
2025-09-18 02:39:06.476000+00:00,KMNO-USDT-SWAP,66629600.0,1758163146476
2025-09-18 02:39:06.472000+00:00,KSM-USDT-SWAP,127425.2,1758163146472
2025-09-18 02:39:06.485000+00:00,LA-USDT-SWAP,3118480.0,1758163146485
2025-09-18 02:39:06.471000+00:00,LAUNCHCOIN-USDT-SWAP,41274590.0,1758163146471
2025-09-18 02:39:06.488000+00:00,LAYER-USDT-SWAP,6172038.0,1758163146488
2025-09-18 02:39:06.477000+00:00,LDO-USDT-SWAP,14616500.0,1758163146477
2025-09-18 02:39:06.479000+00:00,LINK-USDT-SWAP,2310716.599999999,1758163146479
2025-09-18 02:39:06.468000+00:00,LPT-USDT-SWAP,600684.0,1758163146468
2025-09-18 02:39:06.474000+00:00,LQTY-USDT-SWAP,1507929.0,1758163146474
2025-09-18 02:39:06.951000+00:00,LRC-USDT-SWAP,16085760.0,1758163146951
2025-09-18 02:39:06.944000+00:00,LTC-USDT-SWAP,711886.8,1758163146944
2025-09-18 02:39:06.952000+00:00,LUNA-USDT-SWAP,16659087.0,1758163146952
2025-09-18 02:39:06.963000+00:00,LUNC-USDT-SWAP,15677730000.0,1758163146963
2025-09-18 02:39:06.938000+00:00,MAGIC-USDT-SWAP,16375833.0,1758163146938
2025-09-18 02:39:06.946000+00:00,MAJOR-USDT-SWAP,4970978.0,1758163146946
2025-09-18 02:39:06.954000+00:00,MANA-USDT-SWAP,9979350.0,1758163146954
2025-09-18 02:39:06.939000+00:00,MASK-USDT-SWAP,2949904.0,1758163146939
2025-09-18 02:39:06.951000+00:00,ME-USDT-SWAP,3655806.0,1758163146951
2025-09-18 02:39:06.946000+00:00,MEME-USDT-SWAP,1526207300.0,1758163146946
2025-09-18 02:39:07.429000+00:00,MERL-USDT-SWAP,67068938.0,1758163147429
2025-09-18 02:39:07.391000+00:00,METIS-USDT-SWAP,107610.6,1758163147391
2025-09-18 02:39:07.422000+00:00,MEW-USDT-SWAP,1013786000.0,1758163147422
2025-09-18 02:39:07.417000+00:00,MINA-USDT-SWAP,7685192.0,1758163147417
2025-09-18 02:39:07.419000+00:00,MOG-USDT-SWAP,500855000000.0,1758163147419
2025-09-18 02:39:07.407000+00:00,MOODENG-USDT-SWAP,64419170.0,1758163147407
2025-09-18 02:39:07.395000+00:00,MORPHO-USDT-SWAP,1414573.0,1758163147395
2025-09-18 02:39:07.419000+00:00,MOVE-USDT-SWAP,29490430.0,1758163147419
2025-09-18 02:39:07.408000+00:00,MUBARAK-USDT-SWAP,37015100.0,1758163147408
2025-09-18 02:39:07.883000+00:00,NEAR-USDT-SWAP,5705558.000000003,1758163147883
2025-09-18 02:39:07.883000+00:00,NEIRO-USDT-SWAP,9087258000.0,1758163147883
2025-09-18 02:39:07.879000+00:00,NEO-USDT-SWAP,358622.0,1758163147879
2025-09-18 02:39:07.873000+00:00,NEWT-USDT-SWAP,3538270.0,1758163147873
2025-09-18 02:39:07.876000+00:00,NMR-USDT-SWAP,361148.4,1758163147876
2025-09-18 02:39:07.891000+00:00,NOT-USDT-SWAP,1546095500.0,1758163147891
2025-09-18 02:39:07.886000+00:00,NXPC-USDT-SWAP,1096427.0,1758163147886
2025-09-18 02:39:07.872000+00:00,OL-USDT-SWAP,68163290.0,1758163147872
2025-09-18 02:39:07.874000+00:00,OM-USDT-SWAP,22646630.999999996,1758163147874
2025-09-18 02:39:08.326000+00:00,ONDO-USDT-SWAP,23588560.0,1758163148326
2025-09-18 02:39:08.356000+00:00,ONE-USDT-SWAP,74705900.0,1758163148356
2025-09-18 02:39:08.348000+00:00,ONT-USDT-SWAP,9841000.0,1758163148348
2025-09-18 02:39:08.355000+00:00,OP-USDT-SWAP,23008976.0,1758163148355
2025-09-18 02:39:08.334000+00:00,ORBS-USDT-SWAP,29035500.0,1758163148334
2025-09-18 02:39:08.348000+00:00,ORDI-USDT-SWAP,1364293.3,1758163148348
2025-09-18 02:39:08.362000+00:00,PARTI-USDT-SWAP,13934850.0,1758163148362
2025-09-18 02:39:08.353000+00:00,PENGU-USDT-SWAP,588328700.0,1758163148353
2025-09-18 02:39:08.359000+00:00,PEOPLE-USDT-SWAP,351292400.0,1758163148359
2025-09-18 02:39:08.341000+00:00,PEPE-USDT-SWAP,8821322000000.002,1758163148341
2025-09-18 02:39:08.825000+00:00,PERP-USDT-SWAP,2968413.0,1758163148825
2025-09-18 02:39:08.824000+00:00,PI-USDT-SWAP,31156903.0,1758163148824
2025-09-18 02:39:08.855000+00:00,PLUME-USDT-SWAP,19241530.0,1758163148855
2025-09-18 02:39:08.824000+00:00,PNUT-USDT-SWAP,35430910.0,1758163148824
2025-09-18 02:39:08.834000+00:00,POL-USDT-SWAP,36546230.0,1758163148834
2025-09-18 02:39:08.843000+00:00,POPCAT-USDT-SWAP,9419500.0,1758163148843
2025-09-18 02:39:08.826000+00:00,PRCL-USDT-SWAP,15772993.0,1758163148826
2025-09-18 02:39:08.823000+00:00,PROMPT-USDT-SWAP,29661510.0,1758163148823
2025-09-18 02:39:08.848000+00:00,PUMP-USDT-SWAP,8185267000.0,1758163148848
2025-09-18 02:39:08.834000+00:00,PYTH-USDT-SWAP,53114760.0,1758163148834
2025-09-18 02:39:09.313000+00:00,QTUM-USDT-SWAP,1171719.0,1758163149313
2025-09-18 02:39:09.354000+00:00,RAY-USDT-SWAP,1343430.0,1758163149354
2025-09-18 02:39:09.302000+00:00,RENDER-USDT-SWAP,1427610.0,1758163149302
2025-09-18 02:39:09.305000+00:00,RESOLV-USDT-SWAP,23488470.0,1758163149305
2025-09-18 02:39:09.757000+00:00,RSR-USDT-SWAP,250553600.0,1758163149757
2025-09-18 02:39:09.296000+00:00,RVN-USDT-SWAP,72714740.0,1758163149296
2025-09-18 02:39:09.294000+00:00,S-USDT-SWAP,12797450.0,1758163149294
2025-09-18 02:39:09.289000+00:00,SAHARA-USDT-SWAP,36832070.0,1758163149289
2025-09-18 02:39:09.296000+00:00,SAND-USDT-SWAP,16770070.0,1758163149296
2025-09-18 02:39:09.329000+00:00,SATS-USDT-SWAP,193605260000000.0,1758163149329
2025-09-18 02:39:10.218000+00:00,SCR-USDT-SWAP,2875296.0,1758163150218
2025-09-18 02:39:10.219000+00:00,SHELL-USDT-SWAP,5200940.0,1758163150219
2025-09-18 02:39:10.205000+00:00,SHIB-USDT-SWAP,1755672400000.0,1758163150205
2025-09-18 02:39:10.218000+00:00,SIGN-USDT-SWAP,43802900.0,1758163150218
2025-09-18 02:39:10.217000+00:00,SLP-USDT-SWAP,393173010.0,1758163150217
2025-09-18 02:39:10.230000+00:00,SNX-USDT-SWAP,2169023.0,1758163150230
2025-09-18 02:39:10.227000+00:00,SOL-USDT-SWAP,3578192.5800000047,1758163150227
2025-09-18 02:39:10.202000+00:00,SOLV-USDT-SWAP,56189200.0,1758163150202
2025-09-18 02:39:10.212000+00:00,SONIC-USDT-SWAP,8548817.0,1758163150212
2025-09-18 02:39:10.218000+00:00,SOON-USDT-SWAP,7037740.0,1758163150218
2025-09-18 02:39:10.694000+00:00,SOPH-USDT-SWAP,79123200.0,1758163150694
2025-09-18 02:39:10.673000+00:00,SPK-USDT-SWAP,106234400.0,1758163150673
2025-09-18 02:39:10.674000+00:00,SPX-USDT-SWAP,907835.0,1758163150674
2025-09-18 02:39:10.812000+00:00,SSV-USDT-SWAP,298359.7,1758163150812
2025-09-18 02:39:10.669000+00:00,STORJ-USDT-SWAP,5894850.0,1758163150669
2025-09-18 02:39:10.685000+00:00,STRK-USDT-SWAP,25780981.0,1758163150685
2025-09-18 02:39:10.670000+00:00,STX-USDT-SWAP,6848753.0,1758163150670
2025-09-18 02:39:10.669000+00:00,SUI-USDT-SWAP,20195157.0,1758163150669
2025-09-18 02:39:10.673000+00:00,SUSHI-USDT-SWAP,7764598.0,1758163150673
2025-09-18 02:39:10.692000+00:00,SWARMS-USDT-SWAP,73383980.0,1758163150692
2025-09-18 02:39:11.255000+00:00,SYRUP-USDT-SWAP,2411690.0,1758163151255
2025-09-18 02:39:11.261000+00:00,T-USDT-SWAP,50893300.0,1758163151261
2025-09-18 02:39:11.262000+00:00,TAO-USDT-SWAP,13686.91,1758163151262
2025-09-18 02:39:11.245000+00:00,THETA-USDT-SWAP,2921389.0000000005,1758163151245
2025-09-18 02:39:11.243000+00:00,TIA-USDT-SWAP,4973802.0,1758163151243
2025-09-18 02:39:11.253000+00:00,TNSR-USDT-SWAP,9118409.0,1758163151253
2025-09-18 02:39:11.281000+00:00,TON-USDT-SWAP,7989844.0,1758163151281
2025-09-18 02:39:11.250000+00:00,TRB-USDT-SWAP,238779.0,1758163151250
2025-09-18 02:39:11.241000+00:00,TREE-USDT-SWAP,8134227.0,1758163151241
2025-09-18 02:39:11.246000+00:00,TRUMP-USDT-SWAP,5448739.9,1758163151246
2025-09-18 02:39:11.717000+00:00,TRX-USDT-SWAP,89524260.00000015,1758163151717
2025-09-18 02:39:11.737000+00:00,TURBO-USDT-SWAP,790394000.0000001,1758163151737
2025-09-18 02:39:11.735000+00:00,UMA-USDT-SWAP,1477945.0,1758163151735
2025-09-18 02:39:11.744000+00:00,UNI-USDT-SWAP,3710485.0,1758163151744
2025-09-18 02:39:11.722000+00:00,USDC-USDT-SWAP,856270.0,1758163151722
2025-09-18 02:39:11.738000+00:00,USELESS-USDT-SWAP,12071010.0,1758163151738
2025-09-18 02:39:11.727000+00:00,USTC-USDT-SWAP,66380800.0,1758163151727
2025-09-18 02:39:11.726000+00:00,UXLINK-USDT-SWAP,5920180.0,1758163151726
2025-09-18 02:39:11.742000+00:00,VANA-USDT-SWAP,132781.9,1758163151742
2025-09-18 02:39:11.733000+00:00,VINE-USDT-SWAP,112694450.0,1758163151733
2025-09-18 02:39:12.265000+00:00,VIRTUAL-USDT-SWAP,3865336.0,1758163152265
2025-09-18 02:39:12.254000+00:00,W-USDT-SWAP,60410671.0,1758163152254
2025-09-18 02:39:12.229000+00:00,WAL-USDT-SWAP,2035210.0,1758163152229
2025-09-18 02:39:12.225000+00:00,WCT-USDT-SWAP,8967580.0,1758163152225
2025-09-18 02:39:12.234000+00:00,WIF-USDT-SWAP,18626978.0,1758163152234
2025-09-18 02:39:12.350000+00:00,WLD-USDT-SWAP,27397320.0,1758163152350
2025-09-18 02:39:12.222000+00:00,WLFI-USDT-SWAP,258909100.0,1758163152222
2025-09-18 02:39:12.226000+00:00,WOO-USDT-SWAP,16297780.0,1758163152226
2025-09-18 02:39:12.225000+00:00,XAUT-USDT-SWAP,5448.114,1758163152225
2025-09-18 02:39:12.795000+00:00,XLM-USDT-SWAP,38119820.0,1758163152795
2025-09-18 02:39:12.807000+00:00,XPL-USDT-SWAP,6602850.0,1758163152807
2025-09-18 02:39:12.815000+00:00,XRP-USDT-SWAP,96975161.99999997,1758163152815
2025-09-18 02:39:12.813000+00:00,XTZ-USDT-SWAP,5702495.0,1758163152813
2025-09-18 02:39:12.793000+00:00,YFI-USDT-SWAP,363.34,1758163152793
2025-09-18 02:39:12.805000+00:00,YGG-USDT-SWAP,38921940.0,1758163152805
2025-09-18 02:39:12.803000+00:00,ZENT-USDT-SWAP,201731400.0,1758163152803
2025-09-18 02:39:12.786000+00:00,ZETA-USDT-SWAP,5652380.0,1758163152786
2025-09-18 02:39:12.801000+00:00,ZIL-USDT-SWAP,158273200.0,1758163152801
2025-09-18 02:39:13.273000+00:00,ZK-USDT-SWAP,51864950.0,1758163153273
2025-09-18 02:39:13.267000+00:00,ZRO-USDT-SWAP,1706235.0,1758163153267
2025-09-18 02:39:13.263000+00:00,ZRX-USDT-SWAP,7182820.0,1758163153263
2025-09-18 02:40:14.012000+00:00,1INCH-USDT-SWAP,6863205.0,1758163214012
2025-09-18 02:40:14+00:00,A-USDT-SWAP,10908100.0,1758163214000
2025-09-18 02:40:13.987000+00:00,AAVE-USDT-SWAP,129718.16000000005,1758163213987
2025-09-18 02:40:13.997000+00:00,ACE-USDT-SWAP,3024083.0,1758163213997
2025-09-18 02:40:14.052000+00:00,ACH-USDT-SWAP,87520000.0,1758163214052
2025-09-18 02:40:14.023000+00:00,ACT-USDT-SWAP,96427837.0,1758163214023
2025-09-18 02:40:14.013000+00:00,ADA-USDT-SWAP,79478460.00000007,1758163214013
2025-09-18 02:40:14.006000+00:00,AERO-USDT-SWAP,2376630.0,1758163214006
2025-09-18 02:40:14.017000+00:00,AEVO-USDT-SWAP,13387486.0,1758163214017
2025-09-18 02:40:14.014000+00:00,AGLD-USDT-SWAP,1984906.0,1758163214014
2025-09-18 02:40:14.492000+00:00,AI16Z-USDT-SWAP,44664835.0,1758163214492
2025-09-18 02:40:14.498000+00:00,AIXBT-USDT-SWAP,24537050.0,1758163214498
2025-09-18 02:40:14.504000+00:00,ALGO-USDT-SWAP,27509090.0,1758163214504
2025-09-18 02:40:14.507000+00:00,ANIME-USDT-SWAP,91421780.0,1758163214507
2025-09-18 02:40:14.482000+00:00,APE-USDT-SWAP,8013028.1,1758163214482
2025-09-18 02:40:14.503000+00:00,API3-USDT-SWAP,2591975.0,1758163214503
2025-09-18 02:40:14.486000+00:00,APT-USDT-SWAP,3712298.0,1758163214486
2025-09-18 02:40:14.498000+00:00,AR-USDT-SWAP,515274.1,1758163214498
2025-09-18 02:40:14.494000+00:00,ARB-USDT-SWAP,35993153.99999997,1758163214494
2025-09-18 02:40:14.949000+00:00,ARC-USDT-SWAP,94290810.0,1758163214949
2025-09-18 02:40:14.955000+00:00,ARKM-USDT-SWAP,3704882.0,1758163214955
2025-09-18 02:40:14.971000+00:00,ATH-USDT-SWAP,166615900.0,1758163214971
2025-09-18 02:40:14.946000+00:00,ATOM-USDT-SWAP,1900003.0,1758163214946
2025-09-18 02:40:14.944000+00:00,AUCTION-USDT-SWAP,210451.9,1758163214944
2025-09-18 02:40:14.953000+00:00,AVAAI-USDT-SWAP,71762290.0,1758163214953
2025-09-18 02:40:14.956000+00:00,AVAX-USDT-SWAP,2644797.3000000003,1758163214956
2025-09-18 02:40:14.954000+00:00,AXS-USDT-SWAP,1186658.2,1758163214954
2025-09-18 02:40:14.959000+00:00,BABY-USDT-SWAP,43503580.0,1758163214959
2025-09-18 02:40:14.974000+00:00,BAND-USDT-SWAP,1387616.0,1758163214974
2025-09-18 02:40:15.431000+00:00,BAT-USDT-SWAP,5130900.0,1758163215431
2025-09-18 02:40:15.421000+00:00,BCH-USDT-SWAP,73121.79999999999,1758163215421
2025-09-18 02:40:15.428000+00:00,BERA-USDT-SWAP,2554909.0,1758163215428
2025-09-18 02:40:15.413000+00:00,BICO-USDT-SWAP,6923253.0,1758163215413
2025-09-18 02:40:15.426000+00:00,BIGTIME-USDT-SWAP,37736430.0,1758163215426
2025-09-18 02:40:15.429000+00:00,BIO-USDT-SWAP,56768328.0,1758163215429
2025-09-18 02:40:15.430000+00:00,BLUR-USDT-SWAP,24836000.0,1758163215430
2025-09-18 02:40:15.498000+00:00,BNB-USDT-SWAP,134002.97,1758163215498
2025-09-18 02:40:15.414000+00:00,BNT-USDT-SWAP,797150.0,1758163215414
2025-09-18 02:40:15.455000+00:00,BOME-USDT-SWAP,1077869000.0,1758163215455
2025-09-18 02:40:15.920000+00:00,BONK-USDT-SWAP,464487300000.0,1758163215920
2025-09-18 02:40:15.928000+00:00,BRETT-USDT-SWAP,16048600.0,1758163215928
2025-09-18 02:40:15.944000+00:00,BTC-USDT-SWAP,26552.520400000074,1758163215944
2025-09-18 02:40:15.935000+00:00,CAT-USDT-SWAP,148290800000.0,1758163215935
2025-09-18 02:40:15.937000+00:00,CATI-USDT-SWAP,14105752.0,1758163215937
2025-09-18 02:40:15.925000+00:00,CELO-USDT-SWAP,3969101.0,1758163215925
2025-09-18 02:40:15.946000+00:00,CETUS-USDT-SWAP,20876850.0,1758163215946
2025-09-18 02:40:15.921000+00:00,CFX-USDT-SWAP,75812520.0,1758163215921
2025-09-18 02:40:15.930000+00:00,CHZ-USDT-SWAP,75221500.0,1758163215930
2025-09-18 02:40:15.931000+00:00,COMP-USDT-SWAP,88536.1,1758163215931
2025-09-18 02:40:16.391000+00:00,COOKIE-USDT-SWAP,3788990.0,1758163216391
2025-09-18 02:40:16.388000+00:00,CORE-USDT-SWAP,10075187.0,1758163216388
2025-09-18 02:40:16.486000+00:00,CRO-USDT-SWAP,53039790.0,1758163216486
2025-09-18 02:40:16.579000+00:00,CRV-USDT-SWAP,25425538.0,1758163216579
2025-09-18 02:40:16.396000+00:00,CTC-USDT-SWAP,1829760.0,1758163216396
2025-09-18 02:40:16.396000+00:00,CVC-USDT-SWAP,8928800.0,1758163216396
2025-09-18 02:40:16.388000+00:00,CVX-USDT-SWAP,342337.0,1758163216388
2025-09-18 02:40:16.396000+00:00,DEGEN-USDT-SWAP,326231800.0,1758163216396
2025-09-18 02:40:17.033000+00:00,DOGE-USDT-SWAP,1377579060.0000002,1758163217033
2025-09-18 02:40:17.008000+00:00,DOGS-USDT-SWAP,16518269000.0,1758163217008
2025-09-18 02:40:17.035000+00:00,DOOD-USDT-SWAP,171402000.0,1758163217035
2025-09-18 02:40:17.034000+00:00,DOT-USDT-SWAP,6360593.0,1758163217034
2025-09-18 02:40:17.010000+00:00,DUCK-USDT-SWAP,676532400.0,1758163217010
2025-09-18 02:40:17.027000+00:00,DYDX-USDT-SWAP,11116503.0,1758163217027
2025-09-18 02:40:17.038000+00:00,EGLD-USDT-SWAP,125397.4,1758163217038
2025-09-18 02:40:17.008000+00:00,EIGEN-USDT-SWAP,4850533.0,1758163217008
2025-09-18 02:40:17.016000+00:00,ENJ-USDT-SWAP,14207150.0,1758163217016
2025-09-18 02:40:17.028000+00:00,ENS-USDT-SWAP,300560.6,1758163217028
2025-09-18 02:40:17.495000+00:00,ETC-USDT-SWAP,1219379.0,1758163217495
2025-09-18 02:40:17.496000+00:00,ETH-USDT-SWAP,740840.9540000012,1758163217496
2025-09-18 02:40:17.511000+00:00,ETHFI-USDT-SWAP,8518860.0,1758163217511
2025-09-18 02:40:17.484000+00:00,ETHW-USDT-SWAP,1224840.6,1758163217484
2025-09-18 02:40:17.480000+00:00,FARTCOIN-USDT-SWAP,19083173.0,1758163217480
2025-09-18 02:40:17.481000+00:00,FIL-USDT-SWAP,12988938.9,1758163217481
2025-09-18 02:40:17.486000+00:00,FLM-USDT-SWAP,36732320.0,1758163217486
2025-09-18 02:40:17.488000+00:00,FLOKI-USDT-SWAP,36892000000.0,1758163217488
2025-09-18 02:40:17.487000+00:00,FLOW-USDT-SWAP,4311740.0,1758163217487
2025-09-18 02:40:17.481000+00:00,FXS-USDT-SWAP,421260.0,1758163217481
2025-09-18 02:40:17.972000+00:00,GALA-USDT-SWAP,430062410.0,1758163217972
2025-09-18 02:40:17.962000+00:00,GAS-USDT-SWAP,368362.0,1758163217962
2025-09-18 02:40:17.972000+00:00,GLM-USDT-SWAP,2909060.0,1758163217972
2025-09-18 02:40:17.974000+00:00,GMT-USDT-SWAP,41536658.0,1758163217974
2025-09-18 02:40:17.963000+00:00,GMX-USDT-SWAP,62577.0,1758163217963
2025-09-18 02:40:17.983000+00:00,GOAT-USDT-SWAP,26106000.0,1758163217983
2025-09-18 02:40:17.960000+00:00,GODS-USDT-SWAP,9044668.0,1758163217960
2025-09-18 02:40:17.985000+00:00,GPS-USDT-SWAP,139036210.0,1758163217985
2025-09-18 02:40:17.975000+00:00,GRASS-USDT-SWAP,2715121.0,1758163217975
2025-09-18 02:40:17.960000+00:00,GRIFFAIN-USDT-SWAP,26062110.0,1758163217960
2025-09-18 02:40:18.429000+00:00,GRT-USDT-SWAP,21824680.0,1758163218429
2025-09-18 02:40:18.424000+00:00,H-USDT-SWAP,79103600.0,1758163218424
2025-09-18 02:40:18.440000+00:00,HBAR-USDT-SWAP,80466240.00000004,1758163218440
2025-09-18 02:40:18.442000+00:00,HMSTR-USDT-SWAP,1203861700.0,1758163218442
2025-09-18 02:40:18.426000+00:00,HOME-USDT-SWAP,18188900.0,1758163218426
2025-09-18 02:40:18.437000+00:00,HUMA-USDT-SWAP,68649900.0,1758163218437
2025-09-18 02:40:18.437000+00:00,HYPE-USDT-SWAP,952967.5,1758163218437
2025-09-18 02:40:18.430000+00:00,ICP-USDT-SWAP,1639170.06,1758163218430
2025-09-18 02:40:18.434000+00:00,ICX-USDT-SWAP,5871450.0,1758163218434
2025-09-18 02:40:18.450000+00:00,IMX-USDT-SWAP,8086419.0,1758163218450
2025-09-18 02:40:18.892000+00:00,INIT-USDT-SWAP,2107360.0,1758163218892
2025-09-18 02:40:18.911000+00:00,INJ-USDT-SWAP,879966.4,1758163218911
2025-09-18 02:40:18.921000+00:00,IOST-USDT-SWAP,259014000.0,1758163218921
2025-09-18 02:40:18.921000+00:00,IOTA-USDT-SWAP,14983800.0,1758163218921
2025-09-18 02:40:18.923000+00:00,IP-USDT-SWAP,3184055.0,1758163218923
2025-09-18 02:40:18.914000+00:00,JELLYJELLY-USDT-SWAP,178041600.0,1758163218914
2025-09-18 02:40:18.912000+00:00,JOE-USDT-SWAP,6793310.0,1758163218912
2025-09-18 02:40:18.918000+00:00,JTO-USDT-SWAP,3848786.0,1758163218918
2025-09-18 02:40:18.928000+00:00,JUP-USDT-SWAP,14524790.0,1758163218928
2025-09-18 02:40:19.390000+00:00,KAITO-USDT-SWAP,4711360.0,1758163219390
2025-09-18 02:40:19.377000+00:00,KMNO-USDT-SWAP,66582100.0,1758163219377
2025-09-18 02:40:19.381000+00:00,KSM-USDT-SWAP,127451.4,1758163219381
2025-09-18 02:40:19.398000+00:00,LA-USDT-SWAP,3118300.0,1758163219398
2025-09-18 02:40:19.371000+00:00,LAUNCHCOIN-USDT-SWAP,41255650.0,1758163219371
2025-09-18 02:40:19.393000+00:00,LAYER-USDT-SWAP,6172188.0,1758163219393
2025-09-18 02:40:19.393000+00:00,LDO-USDT-SWAP,14616118.0,1758163219393
2025-09-18 02:40:19.391000+00:00,LINK-USDT-SWAP,2310583.4999999995,1758163219391
2025-09-18 02:40:19.386000+00:00,LPT-USDT-SWAP,601025.2,1758163219386
2025-09-18 02:40:19.375000+00:00,LQTY-USDT-SWAP,1508075.0,1758163219375
2025-09-18 02:40:19.850000+00:00,LRC-USDT-SWAP,16083170.0,1758163219850
2025-09-18 02:40:19.851000+00:00,LTC-USDT-SWAP,711876.3999999999,1758163219851
2025-09-18 02:40:19.855000+00:00,LUNA-USDT-SWAP,16659859.0,1758163219855
2025-09-18 02:40:19.853000+00:00,LUNC-USDT-SWAP,15678180000.0,1758163219853
2025-09-18 02:40:19.848000+00:00,MAGIC-USDT-SWAP,16381488.0,1758163219848
2025-09-18 02:40:19.852000+00:00,MAJOR-USDT-SWAP,4970978.0,1758163219852
2025-09-18 02:40:19.874000+00:00,MANA-USDT-SWAP,9978600.0,1758163219874
2025-09-18 02:40:19.842000+00:00,MASK-USDT-SWAP,2949921.0,1758163219842
2025-09-18 02:40:19.848000+00:00,ME-USDT-SWAP,3655806.0,1758163219848
2025-09-18 02:40:19.846000+00:00,MEME-USDT-SWAP,1529813300.0,1758163219846
2025-09-18 02:40:20.321000+00:00,MERL-USDT-SWAP,67118226.0,1758163220321
2025-09-18 02:40:20.392000+00:00,METIS-USDT-SWAP,107610.6,1758163220392
2025-09-18 02:40:20.325000+00:00,MEW-USDT-SWAP,1013989000.0,1758163220325
2025-09-18 02:40:20.333000+00:00,MINA-USDT-SWAP,7688685.0,1758163220333
2025-09-18 02:40:20.324000+00:00,MOG-USDT-SWAP,500540000000.0,1758163220324
2025-09-18 02:40:20.334000+00:00,MOODENG-USDT-SWAP,64413960.0,1758163220334
2025-09-18 02:40:20.322000+00:00,MORPHO-USDT-SWAP,1414781.0,1758163220322
2025-09-18 02:40:20.330000+00:00,MOVE-USDT-SWAP,29668210.0,1758163220330
2025-09-18 02:40:20.345000+00:00,MUBARAK-USDT-SWAP,37013500.0,1758163220345
2025-09-18 02:40:20.835000+00:00,NEAR-USDT-SWAP,5697963.000000003,1758163220835
2025-09-18 02:40:20.823000+00:00,NEIRO-USDT-SWAP,9079213000.0,1758163220823
2025-09-18 02:40:20.843000+00:00,NEO-USDT-SWAP,358447.0,1758163220843
2025-09-18 02:40:20.818000+00:00,NEWT-USDT-SWAP,3538270.0,1758163220818
2025-09-18 02:40:20.824000+00:00,NMR-USDT-SWAP,361138.4,1758163220824
2025-09-18 02:40:20.816000+00:00,NOT-USDT-SWAP,1546092100.0,1758163220816
2025-09-18 02:40:20.817000+00:00,NXPC-USDT-SWAP,1096413.0,1758163220817
2025-09-18 02:40:20.817000+00:00,OL-USDT-SWAP,68163160.0,1758163220817
2025-09-18 02:40:20.821000+00:00,OM-USDT-SWAP,22646628.999999996,1758163220821
2025-09-18 02:40:21.302000+00:00,ONDO-USDT-SWAP,23590170.0,1758163221302
2025-09-18 02:40:21.394000+00:00,ONE-USDT-SWAP,74706700.0,1758163221394
2025-09-18 02:40:21.303000+00:00,ONT-USDT-SWAP,9841020.0,1758163221303
2025-09-18 02:40:21.287000+00:00,OP-USDT-SWAP,23022116.0,1758163221287
2025-09-18 02:40:21.301000+00:00,ORBS-USDT-SWAP,29035500.0,1758163221301
2025-09-18 02:40:21.288000+00:00,ORDI-USDT-SWAP,1363910.9,1758163221288
2025-09-18 02:40:21.295000+00:00,PARTI-USDT-SWAP,13934850.0,1758163221295
2025-09-18 02:40:21.291000+00:00,PENGU-USDT-SWAP,588928200.0,1758163221291
2025-09-18 02:40:21.281000+00:00,PEOPLE-USDT-SWAP,351488300.0,1758163221281
2025-09-18 02:40:21.313000+00:00,PEPE-USDT-SWAP,8821040000000.002,1758163221313
2025-09-18 02:40:21.837000+00:00,PERP-USDT-SWAP,2968413.0,1758163221837
2025-09-18 02:40:21.824000+00:00,PI-USDT-SWAP,31157842.0,1758163221824
2025-09-18 02:40:21.846000+00:00,PLUME-USDT-SWAP,19239800.0,1758163221846
2025-09-18 02:40:21.822000+00:00,PNUT-USDT-SWAP,35422120.0,1758163221822
2025-09-18 02:40:21.818000+00:00,POL-USDT-SWAP,36546230.0,1758163221818
2025-09-18 02:40:21.822000+00:00,POPCAT-USDT-SWAP,9419640.0,1758163221822
2025-09-18 02:40:21.816000+00:00,PRCL-USDT-SWAP,15773011.0,1758163221816
2025-09-18 02:40:21.821000+00:00,PROMPT-USDT-SWAP,29657800.0,1758163221821
2025-09-18 02:40:21.843000+00:00,PUMP-USDT-SWAP,8192184000.0,1758163221843
2025-09-18 02:40:21.834000+00:00,PYTH-USDT-SWAP,53129880.0,1758163221834
2025-09-18 02:40:22.319000+00:00,QTUM-USDT-SWAP,1171480.0,1758163222319
2025-09-18 02:40:22.299000+00:00,RAY-USDT-SWAP,1342548.0,1758163222299
2025-09-18 02:40:22.310000+00:00,RENDER-USDT-SWAP,1427610.0,1758163222310
2025-09-18 02:40:22.300000+00:00,RESOLV-USDT-SWAP,23488470.0,1758163222300
2025-09-18 02:40:22.317000+00:00,RSR-USDT-SWAP,250557500.0,1758163222317
2025-09-18 02:40:22.307000+00:00,RVN-USDT-SWAP,72571330.0,1758163222307
2025-09-18 02:40:22.322000+00:00,S-USDT-SWAP,12795850.0,1758163222322
2025-09-18 02:40:22.309000+00:00,SAHARA-USDT-SWAP,36832070.0,1758163222309
2025-09-18 02:40:22.305000+00:00,SAND-USDT-SWAP,16769830.0,1758163222305
2025-09-18 02:40:22.313000+00:00,SATS-USDT-SWAP,193584430000000.0,1758163222313
2025-09-18 02:40:22.757000+00:00,SCR-USDT-SWAP,2875330.0,1758163222757
2025-09-18 02:40:22.763000+00:00,SHELL-USDT-SWAP,5200940.0,1758163222763
2025-09-18 02:40:22.788000+00:00,SHIB-USDT-SWAP,1755238800000.0,1758163222788
2025-09-18 02:40:22.756000+00:00,SIGN-USDT-SWAP,43802800.0,1758163222756
2025-09-18 02:40:22.772000+00:00,SLP-USDT-SWAP,393173010.0,1758163222772
2025-09-18 02:40:22.769000+00:00,SNX-USDT-SWAP,2168561.0,1758163222769
2025-09-18 02:40:22.761000+00:00,SOL-USDT-SWAP,3578988.090000005,1758163222761
2025-09-18 02:40:22.760000+00:00,SOLV-USDT-SWAP,56189700.0,1758163222760
2025-09-18 02:40:22.765000+00:00,SONIC-USDT-SWAP,8549909.0,1758163222765
2025-09-18 02:40:22.767000+00:00,SOON-USDT-SWAP,7036630.0,1758163222767
2025-09-18 02:40:23.245000+00:00,SOPH-USDT-SWAP,79109300.0,1758163223245
2025-09-18 02:40:23.242000+00:00,SPK-USDT-SWAP,107076000.0,1758163223242
2025-09-18 02:40:23.245000+00:00,SPX-USDT-SWAP,908691.0,1758163223245
2025-09-18 02:40:23.225000+00:00,SSV-USDT-SWAP,298298.7,1758163223225
2025-09-18 02:40:23.262000+00:00,STORJ-USDT-SWAP,5894410.0,1758163223262
2025-09-18 02:40:23.266000+00:00,STRK-USDT-SWAP,25780791.0,1758163223266
2025-09-18 02:40:23.238000+00:00,STX-USDT-SWAP,6849090.0,1758163223238
2025-09-18 02:40:23.233000+00:00,SUI-USDT-SWAP,20198735.0,1758163223233
2025-09-18 02:40:23.236000+00:00,SUSHI-USDT-SWAP,7766322.0,1758163223236
2025-09-18 02:40:23.262000+00:00,SWARMS-USDT-SWAP,73384650.0,1758163223262
2025-09-18 02:40:23.704000+00:00,SYRUP-USDT-SWAP,2411170.0,1758163223704
2025-09-18 02:40:23.706000+00:00,T-USDT-SWAP,50877900.0,1758163223706
2025-09-18 02:40:23.715000+00:00,TAO-USDT-SWAP,13687.3,1758163223715
2025-09-18 02:40:23.715000+00:00,THETA-USDT-SWAP,2921372.0000000005,1758163223715
2025-09-18 02:40:23.697000+00:00,TIA-USDT-SWAP,4973674.0,1758163223697
2025-09-18 02:40:23.708000+00:00,TNSR-USDT-SWAP,9118409.0,1758163223708
2025-09-18 02:40:23.723000+00:00,TON-USDT-SWAP,8001399.0,1758163223723
2025-09-18 02:40:23.706000+00:00,TRB-USDT-SWAP,238782.8,1758163223706
2025-09-18 02:40:23.725000+00:00,TREE-USDT-SWAP,8124253.0,1758163223725
2025-09-18 02:40:23.703000+00:00,TRUMP-USDT-SWAP,5460517.9,1758163223703
2025-09-18 02:40:24.184000+00:00,TRX-USDT-SWAP,89475470.00000013,1758163224184
2025-09-18 02:40:24.165000+00:00,TURBO-USDT-SWAP,790200000.0,1758163224165
2025-09-18 02:40:24.184000+00:00,UMA-USDT-SWAP,1477674.3,1758163224184
2025-09-18 02:40:24.186000+00:00,UNI-USDT-SWAP,3710407.0,1758163224186
2025-09-18 02:40:24.175000+00:00,USDC-USDT-SWAP,856270.0,1758163224175
2025-09-18 02:40:24.174000+00:00,USELESS-USDT-SWAP,12067790.0,1758163224174
2025-09-18 02:40:24.178000+00:00,USTC-USDT-SWAP,66380800.0,1758163224178
2025-09-18 02:40:24.301000+00:00,UXLINK-USDT-SWAP,5920510.0,1758163224301
2025-09-18 02:40:24.169000+00:00,VANA-USDT-SWAP,132780.3,1758163224169
2025-09-18 02:40:24.204000+00:00,VINE-USDT-SWAP,112883270.0,1758163224204
2025-09-18 02:40:24.727000+00:00,VIRTUAL-USDT-SWAP,3865859.0,1758163224727
2025-09-18 02:40:24.743000+00:00,W-USDT-SWAP,60371183.0,1758163224743
2025-09-18 02:40:24.743000+00:00,WAL-USDT-SWAP,2034970.0,1758163224743
2025-09-18 02:40:24.717000+00:00,WCT-USDT-SWAP,8962610.0,1758163224717
2025-09-18 02:40:24.740000+00:00,WIF-USDT-SWAP,18631036.0,1758163224740
2025-09-18 02:40:24.839000+00:00,WLD-USDT-SWAP,27407035.0,1758163224839
2025-09-18 02:40:24.723000+00:00,WLFI-USDT-SWAP,258877090.0,1758163224723
2025-09-18 02:40:24.737000+00:00,WOO-USDT-SWAP,16320490.0,1758163224737
2025-09-18 02:40:24.735000+00:00,XAUT-USDT-SWAP,5447.522,1758163224735
2025-09-18 02:40:25.419000+00:00,XLM-USDT-SWAP,38115760.0,1758163225419
2025-09-18 02:40:25.269000+00:00,XPL-USDT-SWAP,6604360.0,1758163225269
2025-09-18 02:40:25.288000+00:00,XRP-USDT-SWAP,96979824.99999997,1758163225288
2025-09-18 02:40:25.275000+00:00,XTZ-USDT-SWAP,5702500.0,1758163225275
2025-09-18 02:40:25.270000+00:00,YFI-USDT-SWAP,363.3454,1758163225270
2025-09-18 02:40:25.283000+00:00,YGG-USDT-SWAP,38926582.0,1758163225283
2025-09-18 02:40:25.270000+00:00,ZENT-USDT-SWAP,199432800.0,1758163225270
2025-09-18 02:40:25.281000+00:00,ZETA-USDT-SWAP,5652380.0,1758163225281
2025-09-18 02:40:25.292000+00:00,ZIL-USDT-SWAP,158273200.0,1758163225292
2025-09-18 02:40:25.874000+00:00,ZK-USDT-SWAP,51884450.0,1758163225874
2025-09-18 02:40:25.879000+00:00,ZRO-USDT-SWAP,1706038.0,1758163225879
2025-09-18 02:40:25.866000+00:00,ZRX-USDT-SWAP,7182040.0,1758163225866
2025-09-18 02:41:26.634000+00:00,1INCH-USDT-SWAP,6863202.0,1758163286634
2025-09-18 02:41:26.649000+00:00,A-USDT-SWAP,10905790.0,1758163286649
2025-09-18 02:41:26.623000+00:00,AAVE-USDT-SWAP,129738.08000000005,1758163286623
2025-09-18 02:41:26.620000+00:00,ACE-USDT-SWAP,3024478.0,1758163286620
2025-09-18 02:41:26.634000+00:00,ACH-USDT-SWAP,87518500.0,1758163286634
2025-09-18 02:41:26.623000+00:00,ACT-USDT-SWAP,96280025.0,1758163286623
2025-09-18 02:41:26.638000+00:00,ADA-USDT-SWAP,79477990.00000007,1758163286638
2025-09-18 02:41:26.611000+00:00,AERO-USDT-SWAP,2376800.0,1758163286611
2025-09-18 02:41:26.633000+00:00,AEVO-USDT-SWAP,13372779.0,1758163286633
2025-09-18 02:41:26.628000+00:00,AGLD-USDT-SWAP,1985024.0,1758163286628
2025-09-18 02:41:27.116000+00:00,AI16Z-USDT-SWAP,44688440.0,1758163287116
2025-09-18 02:41:27.100000+00:00,AIXBT-USDT-SWAP,24533100.0,1758163287100
2025-09-18 02:41:27.109000+00:00,ALGO-USDT-SWAP,27506700.0,1758163287109
2025-09-18 02:41:27.093000+00:00,ANIME-USDT-SWAP,91411960.0,1758163287093
2025-09-18 02:41:27.110000+00:00,APE-USDT-SWAP,8012710.0,1758163287110
2025-09-18 02:41:27.098000+00:00,API3-USDT-SWAP,2591770.0,1758163287098
2025-09-18 02:41:27.094000+00:00,APT-USDT-SWAP,3712636.0,1758163287094
2025-09-18 02:41:27.112000+00:00,AR-USDT-SWAP,515265.1,1758163287112
2025-09-18 02:41:27.092000+00:00,ARB-USDT-SWAP,35996390.99999997,1758163287092
2025-09-18 02:41:27.556000+00:00,ARC-USDT-SWAP,94383360.0,1758163287556
2025-09-18 02:41:27.561000+00:00,ARKM-USDT-SWAP,3706472.0,1758163287561
2025-09-18 02:41:27.570000+00:00,ATH-USDT-SWAP,166866300.0,1758163287570
2025-09-18 02:41:27.562000+00:00,ATOM-USDT-SWAP,1900003.0,1758163287562
2025-09-18 02:41:27.553000+00:00,AUCTION-USDT-SWAP,210469.9,1758163287553
2025-09-18 02:41:27.567000+00:00,AVAAI-USDT-SWAP,71739280.0,1758163287567
2025-09-18 02:41:27.571000+00:00,AVAX-USDT-SWAP,2645135.0,1758163287571
2025-09-18 02:41:27.571000+00:00,AXS-USDT-SWAP,1186421.2,1758163287571
2025-09-18 02:41:27.585000+00:00,BABY-USDT-SWAP,43500720.0,1758163287585
2025-09-18 02:41:27.565000+00:00,BAND-USDT-SWAP,1387355.0,1758163287565
2025-09-18 02:41:28.030000+00:00,BAT-USDT-SWAP,5130900.0,1758163288030
2025-09-18 02:41:28.039000+00:00,BCH-USDT-SWAP,73142.77999999998,1758163288039
2025-09-18 02:41:28.031000+00:00,BERA-USDT-SWAP,2554714.8,1758163288031
2025-09-18 02:41:28.052000+00:00,BICO-USDT-SWAP,6923059.0,1758163288052
2025-09-18 02:41:28.036000+00:00,BIGTIME-USDT-SWAP,37736240.0,1758163288036
2025-09-18 02:41:28.044000+00:00,BIO-USDT-SWAP,56770636.0,1758163288044
2025-09-18 02:41:28.044000+00:00,BLUR-USDT-SWAP,24835640.0,1758163288044
2025-09-18 02:41:28.029000+00:00,BNB-USDT-SWAP,134000.09,1758163288029
2025-09-18 02:41:28.046000+00:00,BNT-USDT-SWAP,797150.0,1758163288046
2025-09-18 02:41:28.032000+00:00,BOME-USDT-SWAP,1077630000.0,1758163288032
2025-09-18 02:41:28.510000+00:00,BONK-USDT-SWAP,464313500000.0,1758163288510
2025-09-18 02:41:28.511000+00:00,BRETT-USDT-SWAP,16044900.0,1758163288511
2025-09-18 02:41:28.520000+00:00,BTC-USDT-SWAP,26549.16450000008,1758163288520
2025-09-18 02:41:28.513000+00:00,CAT-USDT-SWAP,148241500000.0,1758163288513
2025-09-18 02:41:28.489000+00:00,CATI-USDT-SWAP,14108494.0,1758163288489
2025-09-18 02:41:28.515000+00:00,CELO-USDT-SWAP,3970741.0,1758163288515
2025-09-18 02:41:28.497000+00:00,CETUS-USDT-SWAP,20882700.0,1758163288497
2025-09-18 02:41:28.502000+00:00,CFX-USDT-SWAP,75806360.0,1758163288502
2025-09-18 02:41:28.546000+00:00,CHZ-USDT-SWAP,75206930.0,1758163288546
2025-09-18 02:41:28.495000+00:00,COMP-USDT-SWAP,88538.2,1758163288495
2025-09-18 02:41:29.013000+00:00,COOKIE-USDT-SWAP,3789530.0,1758163289013
2025-09-18 02:41:29.006000+00:00,CORE-USDT-SWAP,10075287.0,1758163289006
2025-09-18 02:41:29.004000+00:00,CRO-USDT-SWAP,53033740.0,1758163289004
2025-09-18 02:41:29.001000+00:00,CRV-USDT-SWAP,25423990.0,1758163289001
2025-09-18 02:41:29.006000+00:00,CTC-USDT-SWAP,1829750.0,1758163289006
2025-09-18 02:41:29.010000+00:00,CVC-USDT-SWAP,8928800.0,1758163289010
2025-09-18 02:41:29.006000+00:00,CVX-USDT-SWAP,342275.0,1758163289006
2025-09-18 02:41:29.002000+00:00,DEGEN-USDT-SWAP,326315300.0,1758163289002
2025-09-18 02:41:29.468000+00:00,DOGE-USDT-SWAP,1376966960.0000002,1758163289468
2025-09-18 02:41:29.480000+00:00,DOGS-USDT-SWAP,16517249000.0,1758163289480
2025-09-18 02:41:29.456000+00:00,DOOD-USDT-SWAP,171403000.0,1758163289456
2025-09-18 02:41:29.467000+00:00,DOT-USDT-SWAP,6361138.0,1758163289467
2025-09-18 02:41:29.467000+00:00,DUCK-USDT-SWAP,676520500.0,1758163289467
2025-09-18 02:41:29.462000+00:00,DYDX-USDT-SWAP,11116148.0,1758163289462
2025-09-18 02:41:29.478000+00:00,EGLD-USDT-SWAP,125493.1,1758163289478
2025-09-18 02:41:29.476000+00:00,EIGEN-USDT-SWAP,4860195.0,1758163289476
2025-09-18 02:41:29.473000+00:00,ENJ-USDT-SWAP,14207180.0,1758163289473
2025-09-18 02:41:29.463000+00:00,ENS-USDT-SWAP,300540.7,1758163289463
2025-09-18 02:41:29.924000+00:00,ETC-USDT-SWAP,1219382.6,1758163289924
2025-09-18 02:41:29.920000+00:00,ETH-USDT-SWAP,740920.2950000012,1758163289920
2025-09-18 02:41:29.947000+00:00,ETHFI-USDT-SWAP,8519617.0,1758163289947
2025-09-18 02:41:29.953000+00:00,ETHW-USDT-SWAP,1224824.9,1758163289953
2025-09-18 02:41:29.926000+00:00,FARTCOIN-USDT-SWAP,19067676.0,1758163289926
2025-09-18 02:41:29.926000+00:00,FIL-USDT-SWAP,12988038.6,1758163289926
2025-09-18 02:41:29.949000+00:00,FLM-USDT-SWAP,36785590.0,1758163289949
2025-09-18 02:41:29.935000+00:00,FLOKI-USDT-SWAP,36897200000.0,1758163289935
2025-09-18 02:41:29.938000+00:00,FLOW-USDT-SWAP,4312700.0,1758163289938
2025-09-18 02:41:29.959000+00:00,FXS-USDT-SWAP,421308.0,1758163289959
2025-09-18 02:41:30.403000+00:00,GALA-USDT-SWAP,430010600.0,1758163290403
2025-09-18 02:41:30.407000+00:00,GAS-USDT-SWAP,368248.0,1758163290407
2025-09-18 02:41:30.431000+00:00,GLM-USDT-SWAP,2908750.0,1758163290431
2025-09-18 02:41:30.404000+00:00,GMT-USDT-SWAP,41512621.0,1758163290404
2025-09-18 02:41:30.393000+00:00,GMX-USDT-SWAP,62998.7,1758163290393
2025-09-18 02:41:30.411000+00:00,GOAT-USDT-SWAP,26115600.0,1758163290411
2025-09-18 02:41:30.397000+00:00,GODS-USDT-SWAP,9044590.0,1758163290397
2025-09-18 02:41:30.426000+00:00,GPS-USDT-SWAP,139062440.0,1758163290426
2025-09-18 02:41:30.402000+00:00,GRASS-USDT-SWAP,2714800.0,1758163290402
2025-09-18 02:41:30.397000+00:00,GRIFFAIN-USDT-SWAP,26035720.0,1758163290397
2025-09-18 02:41:30.896000+00:00,GRT-USDT-SWAP,21824830.0,1758163290896
2025-09-18 02:41:30.908000+00:00,H-USDT-SWAP,79107000.0,1758163290908
2025-09-18 02:41:30.913000+00:00,HBAR-USDT-SWAP,80464120.00000004,1758163290913
2025-09-18 02:41:30.892000+00:00,HMSTR-USDT-SWAP,1203806400.0,1758163290892
2025-09-18 02:41:30.885000+00:00,HOME-USDT-SWAP,18209200.0,1758163290885
2025-09-18 02:41:30.892000+00:00,HUMA-USDT-SWAP,68618100.0,1758163290892
2025-09-18 02:41:30.895000+00:00,HYPE-USDT-SWAP,953553.2,1758163290895
2025-09-18 02:41:30.885000+00:00,ICP-USDT-SWAP,1639197.79,1758163290885
2025-09-18 02:41:30.899000+00:00,ICX-USDT-SWAP,5871640.0,1758163290899
2025-09-18 02:41:30.886000+00:00,IMX-USDT-SWAP,8085136.0,1758163290886
2025-09-18 02:41:31.385000+00:00,INIT-USDT-SWAP,2107280.0,1758163291385
2025-09-18 02:41:31.361000+00:00,INJ-USDT-SWAP,879999.6,1758163291361
2025-09-18 02:41:31.363000+00:00,IOST-USDT-SWAP,259005000.0,1758163291363
2025-09-18 02:41:31.361000+00:00,IOTA-USDT-SWAP,14983680.0,1758163291361
2025-09-18 02:41:31.351000+00:00,IP-USDT-SWAP,3184028.0,1758163291351
2025-09-18 02:41:31.354000+00:00,JELLYJELLY-USDT-SWAP,178056000.0,1758163291354
2025-09-18 02:41:31.373000+00:00,JOE-USDT-SWAP,6797230.0,1758163291373
2025-09-18 02:41:31.358000+00:00,JTO-USDT-SWAP,3845521.0,1758163291358
2025-09-18 02:41:31.356000+00:00,JUP-USDT-SWAP,14526300.0,1758163291356
2025-09-18 02:41:31.848000+00:00,KAITO-USDT-SWAP,4714941.0,1758163291848
2025-09-18 02:41:31.821000+00:00,KMNO-USDT-SWAP,66086800.0,1758163291821
2025-09-18 02:41:31.829000+00:00,KSM-USDT-SWAP,127451.2,1758163291829
2025-09-18 02:41:31.832000+00:00,LA-USDT-SWAP,3117930.0,1758163291832
2025-09-18 02:41:31.830000+00:00,LAUNCHCOIN-USDT-SWAP,41252390.0,1758163291830
2025-09-18 02:41:31.837000+00:00,LAYER-USDT-SWAP,6172178.0,1758163291837
2025-09-18 02:41:31.823000+00:00,LDO-USDT-SWAP,14613841.0,1758163291823
2025-09-18 02:41:31.829000+00:00,LINK-USDT-SWAP,2311581.3999999994,1758163291829
2025-09-18 02:41:31.828000+00:00,LPT-USDT-SWAP,600815.5,1758163291828
2025-09-18 02:41:31.835000+00:00,LQTY-USDT-SWAP,1508240.0,1758163291835
2025-09-18 02:41:32.288000+00:00,LRC-USDT-SWAP,16082340.0,1758163292288
2025-09-18 02:41:32.305000+00:00,LTC-USDT-SWAP,711912.6,1758163292305
2025-09-18 02:41:32.307000+00:00,LUNA-USDT-SWAP,16649766.0,1758163292307
2025-09-18 02:41:32.310000+00:00,LUNC-USDT-SWAP,15678160000.0,1758163292310
2025-09-18 02:41:32.288000+00:00,MAGIC-USDT-SWAP,16348023.0,1758163292288
2025-09-18 02:41:32.313000+00:00,MAJOR-USDT-SWAP,4970978.0,1758163292313
2025-09-18 02:41:32.308000+00:00,MANA-USDT-SWAP,9977860.0,1758163292308
2025-09-18 02:41:32.288000+00:00,MASK-USDT-SWAP,2949326.0,1758163292288
2025-09-18 02:41:32.299000+00:00,ME-USDT-SWAP,3656063.0,1758163292299
2025-09-18 02:41:32.296000+00:00,MEME-USDT-SWAP,1529823400.0,1758163292296
2025-09-18 02:41:32.757000+00:00,MERL-USDT-SWAP,67143671.0,1758163292757
2025-09-18 02:41:32.743000+00:00,METIS-USDT-SWAP,107608.0,1758163292743
2025-09-18 02:41:32.766000+00:00,MEW-USDT-SWAP,1013914000.0,1758163292766
2025-09-18 02:41:32.770000+00:00,MINA-USDT-SWAP,7688582.0,1758163292770
2025-09-18 02:41:32.771000+00:00,MOG-USDT-SWAP,501450000000.0,1758163292771
2025-09-18 02:41:32.753000+00:00,MOODENG-USDT-SWAP,64407140.0,1758163292753
2025-09-18 02:41:32.778000+00:00,MORPHO-USDT-SWAP,1414318.0,1758163292778
2025-09-18 02:41:32.769000+00:00,MOVE-USDT-SWAP,29638980.0,1758163292769
2025-09-18 02:41:32.767000+00:00,MUBARAK-USDT-SWAP,37027000.0,1758163292767
2025-09-18 02:41:33.230000+00:00,NEAR-USDT-SWAP,5698007.000000003,1758163293230
2025-09-18 02:41:33.226000+00:00,NEIRO-USDT-SWAP,9073200000.0,1758163293226
2025-09-18 02:41:33.413000+00:00,NEO-USDT-SWAP,358387.0,1758163293413
2025-09-18 02:41:33.235000+00:00,NEWT-USDT-SWAP,3538270.0,1758163293235
2025-09-18 02:41:33.267000+00:00,NMR-USDT-SWAP,361148.1,1758163293267
2025-09-18 02:41:33.222000+00:00,NOT-USDT-SWAP,1546088700.0,1758163293222
2025-09-18 02:41:33.225000+00:00,NXPC-USDT-SWAP,1096788.0,1758163293225
2025-09-18 02:41:33.221000+00:00,OL-USDT-SWAP,68162910.0,1758163293221
2025-09-18 02:41:33.229000+00:00,OM-USDT-SWAP,22646377.999999996,1758163293229
2025-09-18 02:41:33.859000+00:00,ONDO-USDT-SWAP,23589900.0,1758163293859
2025-09-18 02:41:33.840000+00:00,ONE-USDT-SWAP,74697200.0,1758163293840
2025-09-18 02:41:33.848000+00:00,ONT-USDT-SWAP,9840660.0,1758163293848
2025-09-18 02:41:33.870000+00:00,OP-USDT-SWAP,23025056.0,1758163293870
2025-09-18 02:41:33.848000+00:00,ORBS-USDT-SWAP,29035500.0,1758163293848
2025-09-18 02:41:33.847000+00:00,ORDI-USDT-SWAP,1364688.8,1758163293847
2025-09-18 02:41:33.852000+00:00,PARTI-USDT-SWAP,13934580.0,1758163293852
2025-09-18 02:41:33.861000+00:00,PENGU-USDT-SWAP,589321900.0,1758163293861
2025-09-18 02:41:33.855000+00:00,PEOPLE-USDT-SWAP,351441200.0,1758163293855
2025-09-18 02:41:33.870000+00:00,PEPE-USDT-SWAP,8819967000000.002,1758163293870
2025-09-18 02:41:34.316000+00:00,PERP-USDT-SWAP,2968642.0,1758163294316
2025-09-18 02:41:34.316000+00:00,PI-USDT-SWAP,31159197.0,1758163294316
2025-09-18 02:41:34.477000+00:00,PLUME-USDT-SWAP,19239910.0,1758163294477
2025-09-18 02:41:34.326000+00:00,PNUT-USDT-SWAP,35412140.0,1758163294326
2025-09-18 02:41:34.312000+00:00,POL-USDT-SWAP,36558330.0,1758163294312
2025-09-18 02:41:34.323000+00:00,POPCAT-USDT-SWAP,9423760.0,1758163294323
2025-09-18 02:41:34.344000+00:00,PRCL-USDT-SWAP,15772933.0,1758163294344
2025-09-18 02:41:34.465000+00:00,PROMPT-USDT-SWAP,29651720.0,1758163294465
2025-09-18 02:41:34.329000+00:00,PUMP-USDT-SWAP,8204444000.0,1758163294329
2025-09-18 02:41:34.357000+00:00,PYTH-USDT-SWAP,53135270.0,1758163294357
2025-09-18 02:41:34.901000+00:00,QTUM-USDT-SWAP,1171549.0,1758163294901
2025-09-18 02:41:34.924000+00:00,RAY-USDT-SWAP,1342616.0,1758163294924
2025-09-18 02:41:34.915000+00:00,RENDER-USDT-SWAP,1427592.0,1758163294915
2025-09-18 02:41:34.932000+00:00,RESOLV-USDT-SWAP,23488430.0,1758163294932
2025-09-18 02:41:34.904000+00:00,RSR-USDT-SWAP,250530000.0,1758163294904
2025-09-18 02:41:34.910000+00:00,RVN-USDT-SWAP,72586120.0,1758163294910
2025-09-18 02:41:34.918000+00:00,S-USDT-SWAP,12795920.0,1758163294918
2025-09-18 02:41:34.911000+00:00,SAHARA-USDT-SWAP,36831930.0,1758163294911
2025-09-18 02:41:34.911000+00:00,SAND-USDT-SWAP,16769310.0,1758163294911
2025-09-18 02:41:34.916000+00:00,SATS-USDT-SWAP,193566650000000.0,1758163294916
2025-09-18 02:41:35.395000+00:00,SCR-USDT-SWAP,2875366.0,1758163295395
2025-09-18 02:41:35.555000+00:00,SHELL-USDT-SWAP,5200230.0,1758163295555
2025-09-18 02:41:35.394000+00:00,SHIB-USDT-SWAP,1755363400000.0,1758163295394
2025-09-18 02:41:35.376000+00:00,SIGN-USDT-SWAP,43802800.0,1758163295376
2025-09-18 02:41:35.367000+00:00,SLP-USDT-SWAP,393173010.0,1758163295367
2025-09-18 02:41:35.376000+00:00,SNX-USDT-SWAP,2168555.0,1758163295376
2025-09-18 02:41:35.389000+00:00,SOL-USDT-SWAP,3580268.060000005,1758163295389
2025-09-18 02:41:35.376000+00:00,SOLV-USDT-SWAP,56189400.0,1758163295376
2025-09-18 02:41:35.389000+00:00,SONIC-USDT-SWAP,8549277.0,1758163295389
2025-09-18 02:41:35.396000+00:00,SOON-USDT-SWAP,7047450.0,1758163295396
2025-09-18 02:41:35.989000+00:00,SOPH-USDT-SWAP,79105900.0,1758163295989
2025-09-18 02:41:35.980000+00:00,SPK-USDT-SWAP,107159600.0,1758163295980
2025-09-18 02:41:35.981000+00:00,SPX-USDT-SWAP,910854.0,1758163295981
2025-09-18 02:41:35.999000+00:00,SSV-USDT-SWAP,298057.8,1758163295999
2025-09-18 02:41:35.980000+00:00,STORJ-USDT-SWAP,5895200.0,1758163295980
2025-09-18 02:41:35.986000+00:00,STRK-USDT-SWAP,25779169.0,1758163295986
2025-09-18 02:41:35.988000+00:00,STX-USDT-SWAP,6848656.0,1758163295988
2025-09-18 02:41:36+00:00,SUI-USDT-SWAP,20196686.0,1758163296000
2025-09-18 02:41:35.988000+00:00,SUSHI-USDT-SWAP,7765210.0,1758163295988
2025-09-18 02:41:35.983000+00:00,SWARMS-USDT-SWAP,73410710.0,1758163295983
2025-09-18 02:41:36.458000+00:00,SYRUP-USDT-SWAP,2411190.0,1758163296458
2025-09-18 02:41:36.447000+00:00,T-USDT-SWAP,50879400.0,1758163296447
2025-09-18 02:41:36.450000+00:00,TAO-USDT-SWAP,13687.52,1758163296450
2025-09-18 02:41:36.450000+00:00,THETA-USDT-SWAP,2920664.0000000005,1758163296450
2025-09-18 02:41:36.448000+00:00,TIA-USDT-SWAP,4974067.0,1758163296448
2025-09-18 02:41:36.450000+00:00,TNSR-USDT-SWAP,9117694.0,1758163296450
2025-09-18 02:41:36.446000+00:00,TON-USDT-SWAP,8031743.0,1758163296446
2025-09-18 02:41:36.471000+00:00,TRB-USDT-SWAP,238779.2,1758163296471
2025-09-18 02:41:36.443000+00:00,TREE-USDT-SWAP,8126315.0,1758163296443
2025-09-18 02:41:36.453000+00:00,TRUMP-USDT-SWAP,5460924.6,1758163296453
2025-09-18 02:41:36.900000+00:00,TRX-USDT-SWAP,89474480.00000013,1758163296900
2025-09-18 02:41:36.905000+00:00,TURBO-USDT-SWAP,790027000.0,1758163296905
2025-09-18 02:41:36.906000+00:00,UMA-USDT-SWAP,1477681.7,1758163296906
2025-09-18 02:41:36.917000+00:00,UNI-USDT-SWAP,3710422.0,1758163296917
2025-09-18 02:41:36.912000+00:00,USDC-USDT-SWAP,856270.0,1758163296912
2025-09-18 02:41:36.907000+00:00,USELESS-USDT-SWAP,12067160.0,1758163296907
2025-09-18 02:41:36.903000+00:00,USTC-USDT-SWAP,66380800.0,1758163296903
2025-09-18 02:41:36.909000+00:00,UXLINK-USDT-SWAP,5920530.0,1758163296909
2025-09-18 02:41:36.908000+00:00,VANA-USDT-SWAP,132780.3,1758163296908
2025-09-18 02:41:36.916000+00:00,VINE-USDT-SWAP,113035350.0,1758163296916
2025-09-18 02:41:37.376000+00:00,VIRTUAL-USDT-SWAP,3866046.0,1758163297376
2025-09-18 02:41:37.385000+00:00,W-USDT-SWAP,60490793.0,1758163297385
2025-09-18 02:41:37.359000+00:00,WAL-USDT-SWAP,2034190.0,1758163297359
2025-09-18 02:41:37.359000+00:00,WCT-USDT-SWAP,8962510.0,1758163297359
2025-09-18 02:41:37.372000+00:00,WIF-USDT-SWAP,18617878.0,1758163297372
2025-09-18 02:41:37.361000+00:00,WLD-USDT-SWAP,27406555.0,1758163297361
2025-09-18 02:41:37.350000+00:00,WLFI-USDT-SWAP,259005160.0,1758163297350
2025-09-18 02:41:37.482000+00:00,WOO-USDT-SWAP,16319150.0,1758163297482
2025-09-18 02:41:37.360000+00:00,XAUT-USDT-SWAP,5446.962,1758163297360
2025-09-18 02:41:37.914000+00:00,XLM-USDT-SWAP,38116670.0,1758163297914
2025-09-18 02:41:37.937000+00:00,XPL-USDT-SWAP,6591320.0,1758163297937
2025-09-18 02:41:37.903000+00:00,XRP-USDT-SWAP,96978992.99999997,1758163297903
2025-09-18 02:41:37.934000+00:00,XTZ-USDT-SWAP,5702491.0,1758163297934
2025-09-18 02:41:37.917000+00:00,YFI-USDT-SWAP,363.4019,1758163297917
2025-09-18 02:41:37.914000+00:00,YGG-USDT-SWAP,38979035.0,1758163297914
2025-09-18 02:41:37.930000+00:00,ZENT-USDT-SWAP,200031500.0,1758163297930
2025-09-18 02:41:37.932000+00:00,ZETA-USDT-SWAP,5652380.0,1758163297932
2025-09-18 02:41:37.937000+00:00,ZIL-USDT-SWAP,158273200.0,1758163297937
2025-09-18 02:41:38.388000+00:00,ZK-USDT-SWAP,51886880.0,1758163298388
2025-09-18 02:41:38.385000+00:00,ZRO-USDT-SWAP,1706365.0,1758163298385
2025-09-18 02:41:38.382000+00:00,ZRX-USDT-SWAP,7182060.0,1758163298382
