datetime_utc,symbol,oi_value,timestamp_ms
2025-09-21 01:06:09.180000+00:00,1INCH-USDT-SWAP,7082784.0,1758416769180
2025-09-21 01:06:09.169000+00:00,A-USDT-SWAP,11207980.0,1758416769169
2025-09-21 01:06:09.170000+00:00,AAVE-USDT-SWAP,129249.89000000003,1758416769170
2025-09-21 01:06:09.177000+00:00,ACE-USDT-SWAP,2820080.0,1758416769177
2025-09-21 01:06:09.165000+00:00,ACH-USDT-SWAP,94848900.0,1758416769165
2025-09-21 01:06:09.172000+00:00,ACT-USDT-SWAP,98168622.0,1758416769172
2025-09-21 01:06:09.176000+00:00,ADA-USDT-SWAP,92613730.00000003,1758416769176
2025-09-21 01:06:09.165000+00:00,AERO-USDT-SWAP,2313840.0,1758416769165
2025-09-21 01:06:09.177000+00:00,AEVO-USDT-SWAP,27035971.0,1758416769177
2025-09-21 01:06:09.163000+00:00,AGLD-USDT-SWAP,1988582.0,1758416769163
2025-09-21 01:06:09.637000+00:00,AI16Z-USDT-SWAP,50785047.0,1758416769637
2025-09-21 01:06:09.626000+00:00,AIXBT-USDT-SWAP,22697280.0,1758416769626
2025-09-21 01:06:09.633000+00:00,ALGO-USDT-SWAP,27799180.0,1758416769633
2025-09-21 01:06:09.631000+00:00,ANIME-USDT-SWAP,95842790.0,1758416769631
2025-09-21 01:06:09.636000+00:00,APE-USDT-SWAP,7828044.3,1758416769636
2025-09-21 01:06:09.637000+00:00,API3-USDT-SWAP,2085544.0,1758416769637
2025-09-21 01:06:09.629000+00:00,APT-USDT-SWAP,4174311.0,1758416769629
2025-09-21 01:06:09.635000+00:00,AR-USDT-SWAP,530075.1,1758416769635
2025-09-21 01:06:09.637000+00:00,ARB-USDT-SWAP,36977269.999999985,1758416769637
2025-09-21 01:06:10.114000+00:00,ARC-USDT-SWAP,99816350.0,1758416770114
2025-09-21 01:06:10.120000+00:00,ARKM-USDT-SWAP,3496746.0,1758416770120
2025-09-21 01:06:10.119000+00:00,ATH-USDT-SWAP,168684800.0,1758416770119
2025-09-21 01:06:10.127000+00:00,ATOM-USDT-SWAP,2081677.0,1758416770127
2025-09-21 01:06:10.122000+00:00,AUCTION-USDT-SWAP,230791.3,1758416770122
2025-09-21 01:06:10.128000+00:00,AVAAI-USDT-SWAP,87712940.0,1758416770128
2025-09-21 01:06:10.131000+00:00,AVAX-USDT-SWAP,2252218.6000000015,1758416770131
2025-09-21 01:06:10.121000+00:00,AXS-USDT-SWAP,1139734.2,1758416770121
2025-09-21 01:06:10.124000+00:00,BABY-USDT-SWAP,38828720.0,1758416770124
2025-09-21 01:06:10.120000+00:00,BAND-USDT-SWAP,1262130.0,1758416770120
2025-09-21 01:06:10.577000+00:00,BAT-USDT-SWAP,4794800.0,1758416770577
2025-09-21 01:06:10.573000+00:00,BCH-USDT-SWAP,71317.62999999996,1758416770573
2025-09-21 01:06:10.589000+00:00,BERA-USDT-SWAP,2549475.8,1758416770589
2025-09-21 01:06:10.580000+00:00,BICO-USDT-SWAP,7236515.0,1758416770580
2025-09-21 01:06:10.569000+00:00,BIGTIME-USDT-SWAP,40041530.0,1758416770569
2025-09-21 01:06:10.579000+00:00,BIO-USDT-SWAP,66840376.0,1758416770579
2025-09-21 01:06:10.578000+00:00,BLUR-USDT-SWAP,24883940.0,1758416770578
2025-09-21 01:06:10.580000+00:00,BNB-USDT-SWAP,149896.28,1758416770580
2025-09-21 01:06:10.583000+00:00,BNT-USDT-SWAP,733690.0,1758416770583
2025-09-21 01:06:10.585000+00:00,BOME-USDT-SWAP,1020021000.0,1758416770585
2025-09-21 01:06:11.030000+00:00,BONK-USDT-SWAP,484106400000.0,1758416771030
2025-09-21 01:06:11.024000+00:00,BRETT-USDT-SWAP,19607700.0,1758416771024
2025-09-21 01:06:11.041000+00:00,BTC-USDT-SWAP,27957.833200000085,1758416771041
2025-09-21 01:06:11.033000+00:00,CAT-USDT-SWAP,202637300000.0,1758416771033
2025-09-21 01:06:11.040000+00:00,CATI-USDT-SWAP,16147625.0,1758416771040
2025-09-21 01:06:11.037000+00:00,CELO-USDT-SWAP,3726271.0,1758416771037
2025-09-21 01:06:11.033000+00:00,CETUS-USDT-SWAP,22197110.0,1758416771033
2025-09-21 01:06:11.031000+00:00,CFX-USDT-SWAP,75124270.0,1758416771031
2025-09-21 01:06:11.036000+00:00,CHZ-USDT-SWAP,78234190.0,1758416771036
2025-09-21 01:06:11.043000+00:00,COMP-USDT-SWAP,73793.1,1758416771043
2025-09-21 01:06:11.495000+00:00,COOKIE-USDT-SWAP,5039470.0,1758416771495
2025-09-21 01:06:11.490000+00:00,CORE-USDT-SWAP,9985671.0,1758416771490
2025-09-21 01:06:11.491000+00:00,CRO-USDT-SWAP,51111100.0,1758416771491
2025-09-21 01:06:11.498000+00:00,CRV-USDT-SWAP,24927861.0,1758416771498
2025-09-21 01:06:11.489000+00:00,CTC-USDT-SWAP,1681410.0,1758416771489
2025-09-21 01:06:11.496000+00:00,CVC-USDT-SWAP,9688900.0,1758416771496
2025-09-21 01:06:11.590000+00:00,CVX-USDT-SWAP,377205.0,1758416771590
2025-09-21 01:06:11.490000+00:00,DEGEN-USDT-SWAP,337496900.0,1758416771490
2025-09-21 01:06:12.056000+00:00,DOGE-USDT-SWAP,1394405849.9999995,1758416772056
2025-09-21 01:06:12.045000+00:00,DOGS-USDT-SWAP,15907591000.0,1758416772045
2025-09-21 01:06:12.051000+00:00,DOOD-USDT-SWAP,146587000.0,1758416772051
2025-09-21 01:06:12.043000+00:00,DOT-USDT-SWAP,6266144.0,1758416772043
2025-09-21 01:06:12.038000+00:00,DYDX-USDT-SWAP,13408597.0,1758416772038
2025-09-21 01:06:12.036000+00:00,EGLD-USDT-SWAP,115832.9,1758416772036
2025-09-21 01:06:12.030000+00:00,EIGEN-USDT-SWAP,4652359.0,1758416772030
2025-09-21 01:06:12.047000+00:00,ENJ-USDT-SWAP,14540000.0,1758416772047
2025-09-21 01:06:12.035000+00:00,ENS-USDT-SWAP,328884.0,1758416772035
2025-09-21 01:06:12.502000+00:00,ETC-USDT-SWAP,1200088.2000000002,1758416772502
2025-09-21 01:06:12.496000+00:00,ETH-USDT-SWAP,748207.5579999997,1758416772496
2025-09-21 01:06:12.503000+00:00,ETHFI-USDT-SWAP,7771203.0,1758416772503
2025-09-21 01:06:12.534000+00:00,ETHW-USDT-SWAP,1220623.3,1758416772534
2025-09-21 01:06:12.497000+00:00,FARTCOIN-USDT-SWAP,25001067.0,1758416772497
2025-09-21 01:06:12.503000+00:00,FIL-USDT-SWAP,13535495.3,1758416772503
2025-09-21 01:06:12.500000+00:00,FLM-USDT-SWAP,30561450.0,1758416772500
2025-09-21 01:06:12.494000+00:00,FLOKI-USDT-SWAP,38695800000.0,1758416772494
2025-09-21 01:06:12.504000+00:00,FLOW-USDT-SWAP,4223180.0,1758416772504
2025-09-21 01:06:12.513000+00:00,FXS-USDT-SWAP,350518.0,1758416772513
2025-09-21 01:06:12.987000+00:00,GALA-USDT-SWAP,461080350.0,1758416772987
2025-09-21 01:06:12.970000+00:00,GAS-USDT-SWAP,365211.0,1758416772970
2025-09-21 01:06:12.983000+00:00,GLM-USDT-SWAP,3147400.0,1758416772983
2025-09-21 01:06:12.979000+00:00,GMT-USDT-SWAP,47553669.0,1758416772979
2025-09-21 01:06:12.971000+00:00,GMX-USDT-SWAP,70844.1,1758416772971
2025-09-21 01:06:12.982000+00:00,GOAT-USDT-SWAP,28610680.0,1758416772982
2025-09-21 01:06:12.977000+00:00,GODS-USDT-SWAP,7986315.0,1758416772977
2025-09-21 01:06:12.975000+00:00,GPS-USDT-SWAP,135131600.0,1758416772975
2025-09-21 01:06:12.989000+00:00,GRASS-USDT-SWAP,2700755.0,1758416772989
2025-09-21 01:06:12.990000+00:00,GRIFFAIN-USDT-SWAP,28787280.0,1758416772990
2025-09-21 01:06:13.434000+00:00,GRT-USDT-SWAP,21649630.0,1758416773434
2025-09-21 01:06:13.438000+00:00,H-USDT-SWAP,80536900.0,1758416773438
2025-09-21 01:06:13.435000+00:00,HBAR-USDT-SWAP,81557280.00000006,1758416773435
2025-09-21 01:06:13.451000+00:00,HMSTR-USDT-SWAP,1192101600.0,1758416773451
2025-09-21 01:06:13.438000+00:00,HOME-USDT-SWAP,16143000.0,1758416773438
2025-09-21 01:06:13.443000+00:00,HUMA-USDT-SWAP,70062000.0,1758416773443
2025-09-21 01:06:13.444000+00:00,HYPE-USDT-SWAP,1004453.5,1758416773444
2025-09-21 01:06:13.439000+00:00,ICP-USDT-SWAP,1748573.58,1758416773439
2025-09-21 01:06:13.445000+00:00,ICX-USDT-SWAP,5515680.0,1758416773445
2025-09-21 01:06:13.448000+00:00,IMX-USDT-SWAP,9438489.0,1758416773448
2025-09-21 01:06:13.910000+00:00,INIT-USDT-SWAP,2221730.0,1758416773910
2025-09-21 01:06:13.900000+00:00,INJ-USDT-SWAP,901261.7,1758416773900
2025-09-21 01:06:13.901000+00:00,IOST-USDT-SWAP,269229000.0,1758416773901
2025-09-21 01:06:13.906000+00:00,IOTA-USDT-SWAP,14312470.0,1758416773906
2025-09-21 01:06:13.897000+00:00,IP-USDT-SWAP,5283713.0,1758416773897
2025-09-21 01:06:13.905000+00:00,JELLYJELLY-USDT-SWAP,190193600.0,1758416773905
2025-09-21 01:06:13.903000+00:00,JOE-USDT-SWAP,7590360.0,1758416773903
2025-09-21 01:06:13.902000+00:00,JTO-USDT-SWAP,3855367.0,1758416773902
2025-09-21 01:06:13.898000+00:00,JUP-USDT-SWAP,14273830.0,1758416773898
2025-09-21 01:06:14.351000+00:00,KAITO-USDT-SWAP,4820978.0,1758416774351
2025-09-21 01:06:14.348000+00:00,KMNO-USDT-SWAP,52590300.0,1758416774348
2025-09-21 01:06:14.354000+00:00,KSM-USDT-SWAP,128697.0,1758416774354
2025-09-21 01:06:14.359000+00:00,LA-USDT-SWAP,6542360.0,1758416774359
2025-09-21 01:06:14.359000+00:00,LAUNCHCOIN-USDT-SWAP,41334090.0,1758416774359
2025-09-21 01:06:14.353000+00:00,LAYER-USDT-SWAP,6085693.0,1758416774353
2025-09-21 01:06:14.348000+00:00,LDO-USDT-SWAP,13645729.0,1758416774348
2025-09-21 01:06:14.355000+00:00,LINK-USDT-SWAP,2334446.4,1758416774355
2025-09-21 01:06:14.404000+00:00,LPT-USDT-SWAP,561497.7,1758416774404
2025-09-21 01:06:14.358000+00:00,LQTY-USDT-SWAP,2203273.0,1758416774358
2025-09-21 01:06:14.873000+00:00,LRC-USDT-SWAP,13812780.0,1758416774873
2025-09-21 01:06:14.873000+00:00,LTC-USDT-SWAP,731419.5000000002,1758416774873
2025-09-21 01:06:14.867000+00:00,LUNA-USDT-SWAP,20178348.0,1758416774867
2025-09-21 01:06:14.863000+00:00,MAGIC-USDT-SWAP,15636596.0,1758416774863
2025-09-21 01:06:14.867000+00:00,MAJOR-USDT-SWAP,4638401.0,1758416774867
2025-09-21 01:06:14.865000+00:00,MANA-USDT-SWAP,10721860.0,1758416774865
2025-09-21 01:06:14.865000+00:00,MASK-USDT-SWAP,2967365.0,1758416774865
2025-09-21 01:06:14.876000+00:00,ME-USDT-SWAP,3712454.0,1758416774876
2025-09-21 01:06:14.861000+00:00,MEME-USDT-SWAP,1416312500.0,1758416774861
2025-09-21 01:06:15.328000+00:00,MERL-USDT-SWAP,49519371.0,1758416775328
2025-09-21 01:06:15.312000+00:00,METIS-USDT-SWAP,115679.1,1758416775312
2025-09-21 01:06:15.323000+00:00,MEW-USDT-SWAP,1033024000.0,1758416775323
2025-09-21 01:06:15.319000+00:00,MINA-USDT-SWAP,7566834.0,1758416775319
2025-09-21 01:06:15.328000+00:00,MOG-USDT-SWAP,600030000000.0,1758416775328
2025-09-21 01:06:15.323000+00:00,MOODENG-USDT-SWAP,50922680.0,1758416775323
2025-09-21 01:06:15.316000+00:00,MORPHO-USDT-SWAP,1537718.0,1758416775316
2025-09-21 01:06:15.328000+00:00,MOVE-USDT-SWAP,27646260.0,1758416775328
2025-09-21 01:06:15.332000+00:00,MUBARAK-USDT-SWAP,51053800.0,1758416775332
2025-09-21 01:06:15.782000+00:00,NEAR-USDT-SWAP,7308698.999999997,1758416775782
2025-09-21 01:06:15.781000+00:00,NEIRO-USDT-SWAP,9410001000.0,1758416775781
2025-09-21 01:06:15.792000+00:00,NEO-USDT-SWAP,368567.0,1758416775792
2025-09-21 01:06:15.772000+00:00,NEWT-USDT-SWAP,3405540.0,1758416775772
2025-09-21 01:06:15.950000+00:00,NMR-USDT-SWAP,318765.7,1758416775950
2025-09-21 01:06:15.944000+00:00,NOT-USDT-SWAP,1514961600.0,1758416775944
2025-09-21 01:06:15.782000+00:00,NXPC-USDT-SWAP,1082769.0,1758416775782
2025-09-21 01:06:15.784000+00:00,OL-USDT-SWAP,72876710.0,1758416775784
2025-09-21 01:06:15.789000+00:00,OM-USDT-SWAP,22203244.0,1758416775789
2025-09-21 01:06:16.397000+00:00,ONDO-USDT-SWAP,23808790.0,1758416776397
2025-09-21 01:06:16.392000+00:00,ONE-USDT-SWAP,81449800.0,1758416776392
2025-09-21 01:06:16.395000+00:00,ONT-USDT-SWAP,10307820.0,1758416776395
2025-09-21 01:06:16.396000+00:00,OP-USDT-SWAP,25622049.0,1758416776396
2025-09-21 01:06:16.396000+00:00,ORBS-USDT-SWAP,29162600.0,1758416776396
2025-09-21 01:06:16.398000+00:00,ORDI-USDT-SWAP,1213534.3,1758416776398
2025-09-21 01:06:16.394000+00:00,PARTI-USDT-SWAP,12779660.0,1758416776394
2025-09-21 01:06:16.399000+00:00,PENGU-USDT-SWAP,620211300.0,1758416776399
2025-09-21 01:06:16.391000+00:00,PEOPLE-USDT-SWAP,340102300.0,1758416776391
2025-09-21 01:06:16.410000+00:00,PEPE-USDT-SWAP,8778435000000.004,1758416776410
2025-09-21 01:06:16.856000+00:00,PERP-USDT-SWAP,3185590.0,1758416776856
2025-09-21 01:06:16.859000+00:00,PI-USDT-SWAP,32558631.0,1758416776859
2025-09-21 01:06:16.851000+00:00,PLUME-USDT-SWAP,20162440.0,1758416776851
2025-09-21 01:06:16.866000+00:00,PNUT-USDT-SWAP,36100190.0,1758416776866
2025-09-21 01:06:16.856000+00:00,POL-USDT-SWAP,38118930.0,1758416776856
2025-09-21 01:06:16.861000+00:00,POPCAT-USDT-SWAP,8935180.0,1758416776861
2025-09-21 01:06:16.863000+00:00,PRCL-USDT-SWAP,15249177.0,1758416776863
2025-09-21 01:06:16.858000+00:00,PROMPT-USDT-SWAP,27395640.0,1758416776858
2025-09-21 01:06:16.863000+00:00,PUMP-USDT-SWAP,7939094000.0,1758416776863
2025-09-21 01:06:16.863000+00:00,PYTH-USDT-SWAP,52913940.0,1758416776863
2025-09-21 01:06:17.324000+00:00,QTUM-USDT-SWAP,1042074.0,1758416777324
2025-09-21 01:06:17.312000+00:00,RAY-USDT-SWAP,1491945.0,1758416777312
2025-09-21 01:06:17.315000+00:00,RENDER-USDT-SWAP,1368210.0,1758416777315
2025-09-21 01:06:17.320000+00:00,RESOLV-USDT-SWAP,26561180.0,1758416777320
2025-09-21 01:06:17.314000+00:00,RSR-USDT-SWAP,262803300.0,1758416777314
2025-09-21 01:06:17.318000+00:00,RVN-USDT-SWAP,79951950.0,1758416777318
2025-09-21 01:06:17.313000+00:00,S-USDT-SWAP,12527120.0,1758416777313
2025-09-21 01:06:17.312000+00:00,SAHARA-USDT-SWAP,37750560.0,1758416777312
2025-09-21 01:06:17.323000+00:00,SAND-USDT-SWAP,16908120.0,1758416777323
2025-09-21 01:06:17.309000+00:00,SATS-USDT-SWAP,190300660000000.0,1758416777309
2025-09-21 01:06:17.766000+00:00,SCR-USDT-SWAP,2436416.0,1758416777766
2025-09-21 01:06:17.761000+00:00,SHELL-USDT-SWAP,5094580.0,1758416777761
2025-09-21 01:06:17.776000+00:00,SHIB-USDT-SWAP,1669811700000.0,1758416777776
2025-09-21 01:06:17.770000+00:00,SIGN-USDT-SWAP,48647900.0,1758416777770
2025-09-21 01:06:17.770000+00:00,SLP-USDT-SWAP,400846560.0,1758416777770
2025-09-21 01:06:17.772000+00:00,SNX-USDT-SWAP,2252385.0,1758416777772
2025-09-21 01:06:17.777000+00:00,SOL-USDT-SWAP,3759559.5000000023,1758416777777
2025-09-21 01:06:17.768000+00:00,SOLV-USDT-SWAP,56723100.0,1758416777768
2025-09-21 01:06:17.767000+00:00,SONIC-USDT-SWAP,7817740.0,1758416777767
2025-09-21 01:06:17.777000+00:00,SOON-USDT-SWAP,6603590.0,1758416777777
2025-09-21 01:06:18.221000+00:00,SOPH-USDT-SWAP,81349800.0,1758416778221
2025-09-21 01:06:18.222000+00:00,SPK-USDT-SWAP,112971300.0,1758416778222
2025-09-21 01:06:18.230000+00:00,SPX-USDT-SWAP,979002.0,1758416778230
2025-09-21 01:06:18.216000+00:00,SSV-USDT-SWAP,290062.1,1758416778216
2025-09-21 01:06:18.214000+00:00,STORJ-USDT-SWAP,5984260.0,1758416778214
2025-09-21 01:06:18.247000+00:00,STRK-USDT-SWAP,24284540.0,1758416778247
2025-09-21 01:06:18.224000+00:00,STX-USDT-SWAP,7282356.000000001,1758416778224
2025-09-21 01:06:18.216000+00:00,SUI-USDT-SWAP,23594756.0,1758416778216
2025-09-21 01:06:18.232000+00:00,SUSHI-USDT-SWAP,8261471.0,1758416778232
2025-09-21 01:06:18.227000+00:00,SWARMS-USDT-SWAP,76749550.0,1758416778227
2025-09-21 01:06:18.716000+00:00,SYRUP-USDT-SWAP,2417400.0,1758416778716
2025-09-21 01:06:18.719000+00:00,T-USDT-SWAP,41490500.0,1758416778719
2025-09-21 01:06:18.738000+00:00,TAO-USDT-SWAP,14087.29,1758416778738
2025-09-21 01:06:18.728000+00:00,THETA-USDT-SWAP,2869947.0,1758416778728
2025-09-21 01:06:18.719000+00:00,TIA-USDT-SWAP,4922832.0,1758416778719
2025-09-21 01:06:18.712000+00:00,TNSR-USDT-SWAP,9689555.0,1758416778712
2025-09-21 01:06:18.880000+00:00,TON-USDT-SWAP,8258867.0,1758416778880
2025-09-21 01:06:18.715000+00:00,TRB-USDT-SWAP,232487.9,1758416778715
2025-09-21 01:06:18.723000+00:00,TREE-USDT-SWAP,7433391.0,1758416778723
2025-09-21 01:06:18.726000+00:00,TRUMP-USDT-SWAP,5580612.1,1758416778726
2025-09-21 01:06:19.333000+00:00,TRX-USDT-SWAP,83323210.00000015,1758416779333
2025-09-21 01:06:19.319000+00:00,TURBO-USDT-SWAP,841039000.0,1758416779319
2025-09-21 01:06:19.327000+00:00,UMA-USDT-SWAP,1288663.1,1758416779327
2025-09-21 01:06:19.319000+00:00,UNI-USDT-SWAP,3703277.0,1758416779319
2025-09-21 01:06:19.326000+00:00,USDC-USDT-SWAP,929080.0,1758416779326
2025-09-21 01:06:19.327000+00:00,USELESS-USDT-SWAP,19900690.0,1758416779327
2025-09-21 01:06:19.324000+00:00,UXLINK-USDT-SWAP,5778250.0,1758416779324
2025-09-21 01:06:19.322000+00:00,VANA-USDT-SWAP,132258.2,1758416779322
2025-09-21 01:06:19.334000+00:00,VINE-USDT-SWAP,107636120.0,1758416779334
2025-09-21 01:06:19.782000+00:00,VIRTUAL-USDT-SWAP,3668102.0,1758416779782
2025-09-21 01:06:19.785000+00:00,W-USDT-SWAP,74471759.0,1758416779785
2025-09-21 01:06:19.781000+00:00,WAL-USDT-SWAP,1998920.0,1758416779781
2025-09-21 01:06:19.787000+00:00,WCT-USDT-SWAP,9257280.0,1758416779787
2025-09-21 01:06:19.931000+00:00,WIF-USDT-SWAP,18391233.0,1758416779931
2025-09-21 01:06:19.777000+00:00,WLD-USDT-SWAP,27332454.0,1758416779777
2025-09-21 01:06:19.948000+00:00,WLFI-USDT-SWAP,291990590.0,1758416779948
2025-09-21 01:06:19.785000+00:00,WOO-USDT-SWAP,23807060.0,1758416779785
2025-09-21 01:06:19.795000+00:00,XAUT-USDT-SWAP,4616.538,1758416779795
2025-09-21 01:06:20.399000+00:00,XLM-USDT-SWAP,38598210.00000001,1758416780399
2025-09-21 01:06:20.392000+00:00,XPL-USDT-SWAP,10716150.0,1758416780392
2025-09-21 01:06:20.401000+00:00,XRP-USDT-SWAP,107418391.99999993,1758416780401
2025-09-21 01:06:20.393000+00:00,XTZ-USDT-SWAP,5749570.0,1758416780393
2025-09-21 01:06:20.392000+00:00,YFI-USDT-SWAP,394.4339,1758416780392
2025-09-21 01:06:20.396000+00:00,YGG-USDT-SWAP,41207679.0,1758416780396
2025-09-21 01:06:20.405000+00:00,ZENT-USDT-SWAP,188012300.0,1758416780405
2025-09-21 01:06:20.387000+00:00,ZETA-USDT-SWAP,5525400.0,1758416780387
2025-09-21 01:06:20.410000+00:00,ZIL-USDT-SWAP,157354500.0,1758416780410
2025-09-21 01:06:20.860000+00:00,ZK-USDT-SWAP,47898040.0,1758416780860
2025-09-21 01:06:20.859000+00:00,ZRO-USDT-SWAP,2003350.0,1758416780859
2025-09-21 01:06:20.860000+00:00,ZRX-USDT-SWAP,6554980.0,1758416780860
2025-09-21 01:07:21.596000+00:00,1INCH-USDT-SWAP,7084529.0,1758416841596
2025-09-21 01:07:21.607000+00:00,A-USDT-SWAP,11211580.0,1758416841607
2025-09-21 01:07:21.577000+00:00,AAVE-USDT-SWAP,129231.92000000003,1758416841577
2025-09-21 01:07:21.591000+00:00,ACE-USDT-SWAP,2819847.0,1758416841591
2025-09-21 01:07:21.584000+00:00,ACH-USDT-SWAP,94848300.0,1758416841584
2025-09-21 01:07:21.593000+00:00,ACT-USDT-SWAP,98173255.0,1758416841593
2025-09-21 01:07:21.587000+00:00,ADA-USDT-SWAP,92589260.00000003,1758416841587
2025-09-21 01:07:21.588000+00:00,AERO-USDT-SWAP,2313810.0,1758416841588
2025-09-21 01:07:21.584000+00:00,AEVO-USDT-SWAP,27058666.0,1758416841584
2025-09-21 01:07:21.594000+00:00,AGLD-USDT-SWAP,1989372.0,1758416841594
2025-09-21 01:07:22.065000+00:00,AI16Z-USDT-SWAP,50786114.0,1758416842065
2025-09-21 01:07:22.070000+00:00,AIXBT-USDT-SWAP,22697320.0,1758416842070
2025-09-21 01:07:22.064000+00:00,ALGO-USDT-SWAP,27799530.0,1758416842064
2025-09-21 01:07:22.134000+00:00,ANIME-USDT-SWAP,95840640.0,1758416842134
2025-09-21 01:07:22.076000+00:00,APE-USDT-SWAP,7828166.9,1758416842076
2025-09-21 01:07:22.079000+00:00,API3-USDT-SWAP,2087984.0,1758416842079
2025-09-21 01:07:22.065000+00:00,APT-USDT-SWAP,4173782.0,1758416842065
2025-09-21 01:07:22.056000+00:00,AR-USDT-SWAP,530082.0,1758416842056
2025-09-21 01:07:22.065000+00:00,ARB-USDT-SWAP,36973452.99999998,1758416842065
2025-09-21 01:07:22.585000+00:00,ARC-USDT-SWAP,99781820.0,1758416842585
2025-09-21 01:07:22.582000+00:00,ARKM-USDT-SWAP,3496233.0,1758416842582
2025-09-21 01:07:22.586000+00:00,ATH-USDT-SWAP,168662800.0,1758416842586
2025-09-21 01:07:22.579000+00:00,ATOM-USDT-SWAP,2083384.0,1758416842579
2025-09-21 01:07:22.598000+00:00,AUCTION-USDT-SWAP,230782.0,1758416842598
2025-09-21 01:07:22.587000+00:00,AVAAI-USDT-SWAP,87703670.0,1758416842587
2025-09-21 01:07:22.586000+00:00,AVAX-USDT-SWAP,2252193.800000001,1758416842586
2025-09-21 01:07:22.578000+00:00,AXS-USDT-SWAP,1139643.2,1758416842578
2025-09-21 01:07:22.585000+00:00,BABY-USDT-SWAP,38831610.0,1758416842585
2025-09-21 01:07:22.579000+00:00,BAND-USDT-SWAP,1262209.0,1758416842579
2025-09-21 01:07:23.052000+00:00,BAT-USDT-SWAP,4794810.0,1758416843052
2025-09-21 01:07:23.049000+00:00,BCH-USDT-SWAP,71317.89999999997,1758416843049
2025-09-21 01:07:23.045000+00:00,BERA-USDT-SWAP,2553609.4,1758416843045
2025-09-21 01:07:23.051000+00:00,BICO-USDT-SWAP,7214977.0,1758416843051
2025-09-21 01:07:23.056000+00:00,BIGTIME-USDT-SWAP,40041530.0,1758416843056
2025-09-21 01:07:23.047000+00:00,BIO-USDT-SWAP,66566029.0,1758416843047
2025-09-21 01:07:23.056000+00:00,BLUR-USDT-SWAP,24891280.0,1758416843056
2025-09-21 01:07:23.049000+00:00,BNB-USDT-SWAP,149219.61,1758416843049
2025-09-21 01:07:23.043000+00:00,BNT-USDT-SWAP,733710.0,1758416843043
2025-09-21 01:07:23.046000+00:00,BOME-USDT-SWAP,1019960000.0,1758416843046
2025-09-21 01:07:23.497000+00:00,BONK-USDT-SWAP,484111300000.0,1758416843497
2025-09-21 01:07:23.540000+00:00,BRETT-USDT-SWAP,19608100.0,1758416843540
2025-09-21 01:07:23.498000+00:00,BTC-USDT-SWAP,27960.036700000084,1758416843498
2025-09-21 01:07:23.504000+00:00,CAT-USDT-SWAP,202440900000.0,1758416843504
2025-09-21 01:07:23.498000+00:00,CATI-USDT-SWAP,16123971.0,1758416843498
2025-09-21 01:07:23.510000+00:00,CELO-USDT-SWAP,3724863.0,1758416843510
2025-09-21 01:07:23.530000+00:00,CETUS-USDT-SWAP,22201260.0,1758416843530
2025-09-21 01:07:23.508000+00:00,CFX-USDT-SWAP,75100840.0,1758416843508
2025-09-21 01:07:23.506000+00:00,CHZ-USDT-SWAP,78233420.0,1758416843506
2025-09-21 01:07:23.507000+00:00,COMP-USDT-SWAP,73792.5,1758416843507
2025-09-21 01:07:23.976000+00:00,COOKIE-USDT-SWAP,5037600.0,1758416843976
2025-09-21 01:07:24.002000+00:00,CORE-USDT-SWAP,9985803.0,1758416844002
2025-09-21 01:07:23.985000+00:00,CRO-USDT-SWAP,51100990.0,1758416843985
2025-09-21 01:07:23.983000+00:00,CRV-USDT-SWAP,24923604.0,1758416843983
2025-09-21 01:07:23.972000+00:00,CTC-USDT-SWAP,1681210.0,1758416843972
2025-09-21 01:07:23.988000+00:00,CVC-USDT-SWAP,9689000.0,1758416843988
2025-09-21 01:07:23.988000+00:00,CVX-USDT-SWAP,377180.0,1758416843988
2025-09-21 01:07:23.980000+00:00,DEGEN-USDT-SWAP,336612400.0,1758416843980
2025-09-21 01:07:24.449000+00:00,DOGE-USDT-SWAP,1393600489.9999998,1758416844449
2025-09-21 01:07:24.460000+00:00,DOGS-USDT-SWAP,15901500000.0,1758416844460
2025-09-21 01:07:24.456000+00:00,DOOD-USDT-SWAP,147003000.0,1758416844456
2025-09-21 01:07:24.442000+00:00,DOT-USDT-SWAP,6266856.0,1758416844442
2025-09-21 01:07:24.472000+00:00,DYDX-USDT-SWAP,13415610.0,1758416844472
2025-09-21 01:07:24.448000+00:00,EGLD-USDT-SWAP,115832.9,1758416844448
2025-09-21 01:07:24.447000+00:00,EIGEN-USDT-SWAP,4651311.0,1758416844447
2025-09-21 01:07:24.447000+00:00,ENJ-USDT-SWAP,14539440.0,1758416844447
2025-09-21 01:07:24.452000+00:00,ENS-USDT-SWAP,328896.7,1758416844452
2025-09-21 01:07:24.929000+00:00,ETC-USDT-SWAP,1199706.9000000001,1758416844929
2025-09-21 01:07:24.910000+00:00,ETH-USDT-SWAP,748024.9099999998,1758416844910
2025-09-21 01:07:24.919000+00:00,ETHFI-USDT-SWAP,7770219.0,1758416844919
2025-09-21 01:07:24.916000+00:00,ETHW-USDT-SWAP,1220623.3,1758416844916
2025-09-21 01:07:24.933000+00:00,FARTCOIN-USDT-SWAP,24994476.0,1758416844933
2025-09-21 01:07:24.921000+00:00,FIL-USDT-SWAP,13535323.1,1758416844921
2025-09-21 01:07:24.915000+00:00,FLM-USDT-SWAP,30567420.0,1758416844915
2025-09-21 01:07:24.922000+00:00,FLOKI-USDT-SWAP,38695100000.0,1758416844922
2025-09-21 01:07:24.916000+00:00,FLOW-USDT-SWAP,4223050.0,1758416844916
2025-09-21 01:07:24.921000+00:00,FXS-USDT-SWAP,350518.0,1758416844921
2025-09-21 01:07:25.408000+00:00,GALA-USDT-SWAP,461576300.0,1758416845408
2025-09-21 01:07:25.405000+00:00,GAS-USDT-SWAP,365178.0,1758416845405
2025-09-21 01:07:25.414000+00:00,GLM-USDT-SWAP,3147400.0,1758416845414
2025-09-21 01:07:25.403000+00:00,GMT-USDT-SWAP,47552031.0,1758416845403
2025-09-21 01:07:25.406000+00:00,GMX-USDT-SWAP,70893.5,1758416845406
2025-09-21 01:07:25.410000+00:00,GOAT-USDT-SWAP,28612890.0,1758416845410
2025-09-21 01:07:25.405000+00:00,GODS-USDT-SWAP,7987693.0,1758416845405
2025-09-21 01:07:25.402000+00:00,GPS-USDT-SWAP,135114760.0,1758416845402
2025-09-21 01:07:25.407000+00:00,GRASS-USDT-SWAP,2701048.0,1758416845407
2025-09-21 01:07:25.414000+00:00,GRIFFAIN-USDT-SWAP,28776500.0,1758416845414
2025-09-21 01:07:25.863000+00:00,GRT-USDT-SWAP,21648730.0,1758416845863
2025-09-21 01:07:25.861000+00:00,H-USDT-SWAP,80551800.0,1758416845861
2025-09-21 01:07:25.865000+00:00,HBAR-USDT-SWAP,81584290.00000006,1758416845865
2025-09-21 01:07:25.863000+00:00,HMSTR-USDT-SWAP,1192004500.0,1758416845863
2025-09-21 01:07:25.861000+00:00,HOME-USDT-SWAP,16135700.0,1758416845861
2025-09-21 01:07:25.871000+00:00,HUMA-USDT-SWAP,70033700.0,1758416845871
2025-09-21 01:07:25.866000+00:00,HYPE-USDT-SWAP,1004754.0,1758416845866
2025-09-21 01:07:25.870000+00:00,ICP-USDT-SWAP,1748557.35,1758416845870
2025-09-21 01:07:25.874000+00:00,ICX-USDT-SWAP,5515690.0,1758416845874
2025-09-21 01:07:25.863000+00:00,IMX-USDT-SWAP,9437121.0,1758416845863
2025-09-21 01:07:26.322000+00:00,INIT-USDT-SWAP,2221730.0,1758416846322
2025-09-21 01:07:26.315000+00:00,INJ-USDT-SWAP,901273.6,1758416846315
2025-09-21 01:07:26.328000+00:00,IOST-USDT-SWAP,269319000.0,1758416846328
2025-09-21 01:07:26.379000+00:00,IOTA-USDT-SWAP,14314570.0,1758416846379
2025-09-21 01:07:26.326000+00:00,IP-USDT-SWAP,5286089.0,1758416846326
2025-09-21 01:07:26.326000+00:00,JELLYJELLY-USDT-SWAP,190138200.0,1758416846326
2025-09-21 01:07:26.336000+00:00,JOE-USDT-SWAP,7595330.0,1758416846336
2025-09-21 01:07:26.327000+00:00,JTO-USDT-SWAP,3854610.0,1758416846327
2025-09-21 01:07:26.338000+00:00,JUP-USDT-SWAP,14271800.0,1758416846338
2025-09-21 01:07:26.819000+00:00,KAITO-USDT-SWAP,4822486.0,1758416846819
2025-09-21 01:07:26.819000+00:00,KMNO-USDT-SWAP,52523200.0,1758416846819
2025-09-21 01:07:26.828000+00:00,KSM-USDT-SWAP,128678.9,1758416846828
2025-09-21 01:07:26.822000+00:00,LA-USDT-SWAP,6541520.0,1758416846822
2025-09-21 01:07:26.837000+00:00,LAUNCHCOIN-USDT-SWAP,41303770.0,1758416846837
2025-09-21 01:07:26.818000+00:00,LAYER-USDT-SWAP,6084993.0,1758416846818
2025-09-21 01:07:26.828000+00:00,LDO-USDT-SWAP,13645835.0,1758416846828
2025-09-21 01:07:26.836000+00:00,LINK-USDT-SWAP,2333598.4,1758416846836
2025-09-21 01:07:26.829000+00:00,LPT-USDT-SWAP,561411.9,1758416846829
2025-09-21 01:07:26.827000+00:00,LQTY-USDT-SWAP,2199065.0,1758416846827
2025-09-21 01:07:27.441000+00:00,LRC-USDT-SWAP,13801350.0,1758416847441
2025-09-21 01:07:27.281000+00:00,LTC-USDT-SWAP,731401.9000000001,1758416847281
2025-09-21 01:07:27.288000+00:00,LUNA-USDT-SWAP,20178679.0,1758416847288
2025-09-21 01:07:27.286000+00:00,MAGIC-USDT-SWAP,15638677.0,1758416847286
2025-09-21 01:07:27.288000+00:00,MAJOR-USDT-SWAP,4638097.0,1758416847288
2025-09-21 01:07:27.273000+00:00,MANA-USDT-SWAP,10722280.0,1758416847273
2025-09-21 01:07:27.288000+00:00,MASK-USDT-SWAP,2966925.0,1758416847288
2025-09-21 01:07:27.293000+00:00,ME-USDT-SWAP,3712883.0,1758416847293
2025-09-21 01:07:27.295000+00:00,MEME-USDT-SWAP,1419202400.0,1758416847295
2025-09-21 01:07:27.880000+00:00,MERL-USDT-SWAP,49513641.0,1758416847880
2025-09-21 01:07:27.886000+00:00,METIS-USDT-SWAP,115680.2,1758416847886
2025-09-21 01:07:27.895000+00:00,MEW-USDT-SWAP,1033957000.0,1758416847895
2025-09-21 01:07:27.895000+00:00,MINA-USDT-SWAP,7566835.0,1758416847895
2025-09-21 01:07:27.929000+00:00,MOG-USDT-SWAP,603159000000.0,1758416847929
2025-09-21 01:07:27.887000+00:00,MOODENG-USDT-SWAP,50923540.0,1758416847887
2025-09-21 01:07:27.895000+00:00,MORPHO-USDT-SWAP,1537806.0,1758416847895
2025-09-21 01:07:27.886000+00:00,MOVE-USDT-SWAP,27654130.0,1758416847886
2025-09-21 01:07:27.892000+00:00,MUBARAK-USDT-SWAP,50332500.0,1758416847892
2025-09-21 01:07:28.368000+00:00,NEAR-USDT-SWAP,7309116.999999997,1758416848368
2025-09-21 01:07:28.368000+00:00,NEIRO-USDT-SWAP,9412690000.0,1758416848368
2025-09-21 01:07:28.379000+00:00,NEO-USDT-SWAP,368607.0,1758416848379
2025-09-21 01:07:28.372000+00:00,NEWT-USDT-SWAP,3406350.0,1758416848372
2025-09-21 01:07:28.407000+00:00,NMR-USDT-SWAP,318832.1,1758416848407
2025-09-21 01:07:28.378000+00:00,NOT-USDT-SWAP,1514969200.0,1758416848378
2025-09-21 01:07:28.379000+00:00,NXPC-USDT-SWAP,1082950.0,1758416848379
2025-09-21 01:07:28.369000+00:00,OL-USDT-SWAP,72876700.0,1758416848369
2025-09-21 01:07:28.375000+00:00,OM-USDT-SWAP,22203409.0,1758416848375
2025-09-21 01:07:28.857000+00:00,ONDO-USDT-SWAP,23814040.0,1758416848857
2025-09-21 01:07:28.841000+00:00,ONE-USDT-SWAP,81456100.0,1758416848841
2025-09-21 01:07:28.860000+00:00,ONT-USDT-SWAP,10307880.0,1758416848860
2025-09-21 01:07:28.858000+00:00,OP-USDT-SWAP,25623166.0,1758416848858
2025-09-21 01:07:28.854000+00:00,ORBS-USDT-SWAP,29162600.0,1758416848854
2025-09-21 01:07:28.866000+00:00,ORDI-USDT-SWAP,1213601.3,1758416848866
2025-09-21 01:07:28.856000+00:00,PARTI-USDT-SWAP,12778230.0,1758416848856
2025-09-21 01:07:28.863000+00:00,PENGU-USDT-SWAP,620260000.0,1758416848863
2025-09-21 01:07:28.859000+00:00,PEOPLE-USDT-SWAP,340075700.0,1758416848859
2025-09-21 01:07:28.881000+00:00,PEPE-USDT-SWAP,8778392000000.003,1758416848881
2025-09-21 01:07:29.335000+00:00,PERP-USDT-SWAP,3182623.0,1758416849335
2025-09-21 01:07:29.339000+00:00,PI-USDT-SWAP,32559046.0,1758416849339
2025-09-21 01:07:29.344000+00:00,PLUME-USDT-SWAP,20131140.0,1758416849344
2025-09-21 01:07:29.340000+00:00,PNUT-USDT-SWAP,36100620.0,1758416849340
2025-09-21 01:07:29.322000+00:00,POL-USDT-SWAP,38118870.0,1758416849322
2025-09-21 01:07:29.326000+00:00,POPCAT-USDT-SWAP,8935170.0,1758416849326
2025-09-21 01:07:29.333000+00:00,PRCL-USDT-SWAP,15247790.0,1758416849333
2025-09-21 01:07:29.328000+00:00,PROMPT-USDT-SWAP,27397870.0,1758416849328
2025-09-21 01:07:29.347000+00:00,PUMP-USDT-SWAP,7929193000.0,1758416849347
2025-09-21 01:07:29.340000+00:00,PYTH-USDT-SWAP,52675700.0,1758416849340
2025-09-21 01:07:29.784000+00:00,QTUM-USDT-SWAP,1041991.0,1758416849784
2025-09-21 01:07:29.789000+00:00,RAY-USDT-SWAP,1492079.0,1758416849789
2025-09-21 01:07:29.798000+00:00,RENDER-USDT-SWAP,1368135.0,1758416849798
2025-09-21 01:07:29.802000+00:00,RESOLV-USDT-SWAP,26567580.0,1758416849802
2025-09-21 01:07:29.782000+00:00,RSR-USDT-SWAP,262797200.0,1758416849782
2025-09-21 01:07:29.795000+00:00,RVN-USDT-SWAP,79951950.0,1758416849795
2025-09-21 01:07:29.794000+00:00,S-USDT-SWAP,12527250.0,1758416849794
2025-09-21 01:07:29.790000+00:00,SAHARA-USDT-SWAP,37748360.0,1758416849790
2025-09-21 01:07:29.796000+00:00,SAND-USDT-SWAP,16908080.0,1758416849796
2025-09-21 01:07:29.796000+00:00,SATS-USDT-SWAP,190299540000000.0,1758416849796
2025-09-21 01:07:30.257000+00:00,SCR-USDT-SWAP,2436429.0,1758416850257
2025-09-21 01:07:30.252000+00:00,SHELL-USDT-SWAP,5091570.0,1758416850252
2025-09-21 01:07:30.265000+00:00,SHIB-USDT-SWAP,1671920000000.0,1758416850265
2025-09-21 01:07:30.248000+00:00,SIGN-USDT-SWAP,48641100.0,1758416850248
2025-09-21 01:07:30.253000+00:00,SLP-USDT-SWAP,401325920.0,1758416850253
2025-09-21 01:07:30.259000+00:00,SNX-USDT-SWAP,2252385.0,1758416850259
2025-09-21 01:07:30.383000+00:00,SOL-USDT-SWAP,3759682.830000002,1758416850383
2025-09-21 01:07:30.268000+00:00,SOLV-USDT-SWAP,56723100.0,1758416850268
2025-09-21 01:07:30.257000+00:00,SONIC-USDT-SWAP,7817009.0,1758416850257
2025-09-21 01:07:30.254000+00:00,SOON-USDT-SWAP,6604570.0,1758416850254
2025-09-21 01:07:30.816000+00:00,SOPH-USDT-SWAP,81349500.0,1758416850816
2025-09-21 01:07:30.814000+00:00,SPK-USDT-SWAP,112944600.0,1758416850814
2025-09-21 01:07:30.827000+00:00,SPX-USDT-SWAP,978966.0,1758416850827
2025-09-21 01:07:30.817000+00:00,SSV-USDT-SWAP,290058.0,1758416850817
2025-09-21 01:07:30.835000+00:00,STORJ-USDT-SWAP,5984260.0,1758416850835
2025-09-21 01:07:30.837000+00:00,STRK-USDT-SWAP,24283270.0,1758416850837
2025-09-21 01:07:30.812000+00:00,STX-USDT-SWAP,7282364.000000001,1758416850812
2025-09-21 01:07:30.819000+00:00,SUI-USDT-SWAP,23596135.0,1758416850819
2025-09-21 01:07:30.824000+00:00,SUSHI-USDT-SWAP,8261520.0,1758416850824
2025-09-21 01:07:30.821000+00:00,SWARMS-USDT-SWAP,76739710.0,1758416850821
2025-09-21 01:07:31.280000+00:00,SYRUP-USDT-SWAP,2417770.0,1758416851280
2025-09-21 01:07:31.285000+00:00,T-USDT-SWAP,41484700.0,1758416851285
2025-09-21 01:07:31.292000+00:00,TAO-USDT-SWAP,14087.34,1758416851292
2025-09-21 01:07:31.282000+00:00,THETA-USDT-SWAP,2870008.0,1758416851282
2025-09-21 01:07:31.272000+00:00,TIA-USDT-SWAP,4924649.0,1758416851272
2025-09-21 01:07:31.292000+00:00,TNSR-USDT-SWAP,9692693.0,1758416851292
2025-09-21 01:07:31.272000+00:00,TON-USDT-SWAP,8258478.0,1758416851272
2025-09-21 01:07:31.282000+00:00,TRB-USDT-SWAP,232530.9,1758416851282
2025-09-21 01:07:31.282000+00:00,TREE-USDT-SWAP,7416719.0,1758416851282
2025-09-21 01:07:31.291000+00:00,TRUMP-USDT-SWAP,5580728.2,1758416851291
2025-09-21 01:07:31.735000+00:00,TRX-USDT-SWAP,83311910.00000015,1758416851735
2025-09-21 01:07:31.749000+00:00,TURBO-USDT-SWAP,840970000.0,1758416851749
2025-09-21 01:07:31.735000+00:00,UMA-USDT-SWAP,1288663.8,1758416851735
2025-09-21 01:07:31.738000+00:00,UNI-USDT-SWAP,3702509.0,1758416851738
2025-09-21 01:07:31.730000+00:00,USDC-USDT-SWAP,929080.0,1758416851730
2025-09-21 01:07:31.735000+00:00,USELESS-USDT-SWAP,19898250.0,1758416851735
2025-09-21 01:07:31.737000+00:00,UXLINK-USDT-SWAP,5776820.0,1758416851737
2025-09-21 01:07:31.742000+00:00,VANA-USDT-SWAP,132230.3,1758416851742
2025-09-21 01:07:31.741000+00:00,VINE-USDT-SWAP,107700620.0,1758416851741
2025-09-21 01:07:32.197000+00:00,VIRTUAL-USDT-SWAP,3668301.0,1758416852197
2025-09-21 01:07:32.179000+00:00,W-USDT-SWAP,74494554.0,1758416852179
2025-09-21 01:07:32.340000+00:00,WAL-USDT-SWAP,1998870.0,1758416852340
2025-09-21 01:07:32.337000+00:00,WCT-USDT-SWAP,9256740.0,1758416852337
2025-09-21 01:07:32.202000+00:00,WIF-USDT-SWAP,18390800.0,1758416852202
2025-09-21 01:07:32.198000+00:00,WLD-USDT-SWAP,27350877.0,1758416852198
2025-09-21 01:07:32.196000+00:00,WLFI-USDT-SWAP,291870320.0,1758416852196
2025-09-21 01:07:32.194000+00:00,WOO-USDT-SWAP,23809480.0,1758416852194
2025-09-21 01:07:32.199000+00:00,XAUT-USDT-SWAP,4616.56,1758416852199
2025-09-21 01:07:32.783000+00:00,XLM-USDT-SWAP,38598310.00000001,1758416852783
2025-09-21 01:07:32.783000+00:00,XPL-USDT-SWAP,10711570.0,1758416852783
2025-09-21 01:07:32.782000+00:00,XRP-USDT-SWAP,107414661.99999993,1758416852782
2025-09-21 01:07:32.787000+00:00,XTZ-USDT-SWAP,5749013.0,1758416852787
2025-09-21 01:07:32.791000+00:00,YFI-USDT-SWAP,394.4339,1758416852791
2025-09-21 01:07:32.778000+00:00,YGG-USDT-SWAP,41210084.0,1758416852778
2025-09-21 01:07:32.784000+00:00,ZENT-USDT-SWAP,187977900.0,1758416852784
2025-09-21 01:07:32.791000+00:00,ZETA-USDT-SWAP,5525600.0,1758416852791
2025-09-21 01:07:32.797000+00:00,ZIL-USDT-SWAP,157352700.0,1758416852797
2025-09-21 01:07:33.248000+00:00,ZK-USDT-SWAP,47874670.0,1758416853248
2025-09-21 01:07:33.239000+00:00,ZRO-USDT-SWAP,2003034.0,1758416853239
2025-09-21 01:07:33.254000+00:00,ZRX-USDT-SWAP,6554810.0,1758416853254
2025-09-21 01:08:33.997000+00:00,1INCH-USDT-SWAP,7084537.0,1758416913997
2025-09-21 01:08:33.974000+00:00,A-USDT-SWAP,11228680.0,1758416913974
2025-09-21 01:08:33.997000+00:00,AAVE-USDT-SWAP,129213.46000000004,1758416913997
2025-09-21 01:08:33.989000+00:00,ACE-USDT-SWAP,2819778.0,1758416913989
2025-09-21 01:08:33.986000+00:00,ACH-USDT-SWAP,94889200.0,1758416913986
2025-09-21 01:08:33.983000+00:00,ACT-USDT-SWAP,98260933.0,1758416913983
2025-09-21 01:08:33.997000+00:00,ADA-USDT-SWAP,92570230.00000003,1758416913997
2025-09-21 01:08:34.017000+00:00,AERO-USDT-SWAP,2314790.0,1758416914017
2025-09-21 01:08:33.998000+00:00,AEVO-USDT-SWAP,27061923.0,1758416913998
2025-09-21 01:08:33.988000+00:00,AGLD-USDT-SWAP,1988415.0,1758416913988
2025-09-21 01:08:34.445000+00:00,AI16Z-USDT-SWAP,50780523.0,1758416914445
2025-09-21 01:08:34.451000+00:00,AIXBT-USDT-SWAP,22706080.0,1758416914451
2025-09-21 01:08:34.453000+00:00,ALGO-USDT-SWAP,27805780.0,1758416914453
2025-09-21 01:08:34.456000+00:00,ANIME-USDT-SWAP,95838800.0,1758416914456
2025-09-21 01:08:34.456000+00:00,APE-USDT-SWAP,7829707.2,1758416914456
2025-09-21 01:08:34.466000+00:00,API3-USDT-SWAP,2087923.0,1758416914466
2025-09-21 01:08:34.461000+00:00,APT-USDT-SWAP,4175627.0,1758416914461
2025-09-21 01:08:34.460000+00:00,AR-USDT-SWAP,530098.2,1758416914460
2025-09-21 01:08:34.465000+00:00,ARB-USDT-SWAP,36956968.99999998,1758416914465
2025-09-21 01:08:34.926000+00:00,ARC-USDT-SWAP,99780580.0,1758416914926
2025-09-21 01:08:34.917000+00:00,ARKM-USDT-SWAP,3496282.0,1758416914917
2025-09-21 01:08:34.918000+00:00,ATH-USDT-SWAP,168670000.0,1758416914918
2025-09-21 01:08:34.922000+00:00,ATOM-USDT-SWAP,2083402.0,1758416914922
2025-09-21 01:08:34.922000+00:00,AUCTION-USDT-SWAP,230728.0,1758416914922
2025-09-21 01:08:34.939000+00:00,AVAAI-USDT-SWAP,87757750.0,1758416914939
2025-09-21 01:08:34.933000+00:00,AVAX-USDT-SWAP,2252329.0000000014,1758416914933
2025-09-21 01:08:34.919000+00:00,AXS-USDT-SWAP,1139273.4,1758416914919
2025-09-21 01:08:34.926000+00:00,BABY-USDT-SWAP,38832480.0,1758416914926
2025-09-21 01:08:34.929000+00:00,BAND-USDT-SWAP,1263780.0,1758416914929
2025-09-21 01:08:35.372000+00:00,BAT-USDT-SWAP,4791850.0,1758416915372
2025-09-21 01:08:35.390000+00:00,BCH-USDT-SWAP,71308.80999999995,1758416915390
2025-09-21 01:08:35.384000+00:00,BERA-USDT-SWAP,2555588.4,1758416915384
2025-09-21 01:08:35.375000+00:00,BICO-USDT-SWAP,7179442.0,1758416915375
2025-09-21 01:08:35.379000+00:00,BIGTIME-USDT-SWAP,40040570.0,1758416915379
2025-09-21 01:08:35.392000+00:00,BIO-USDT-SWAP,66683063.0,1758416915392
2025-09-21 01:08:35.387000+00:00,BLUR-USDT-SWAP,24883970.0,1758416915387
2025-09-21 01:08:35.386000+00:00,BNB-USDT-SWAP,149178.25,1758416915386
2025-09-21 01:08:35.385000+00:00,BNT-USDT-SWAP,733710.0,1758416915385
2025-09-21 01:08:35.394000+00:00,BOME-USDT-SWAP,1019350000.0,1758416915394
2025-09-21 01:08:35.833000+00:00,BONK-USDT-SWAP,483855200000.0,1758416915833
2025-09-21 01:08:35.836000+00:00,BRETT-USDT-SWAP,19608400.0,1758416915836
2025-09-21 01:08:35.838000+00:00,BTC-USDT-SWAP,27964.751800000085,1758416915838
2025-09-21 01:08:35.840000+00:00,CAT-USDT-SWAP,202400000000.0,1758416915840
2025-09-21 01:08:35.836000+00:00,CATI-USDT-SWAP,16118248.0,1758416915836
2025-09-21 01:08:35.839000+00:00,CELO-USDT-SWAP,3723415.0,1758416915839
2025-09-21 01:08:35.851000+00:00,CETUS-USDT-SWAP,22201970.0,1758416915851
2025-09-21 01:08:35.841000+00:00,CFX-USDT-SWAP,75093810.0,1758416915841
2025-09-21 01:08:35.848000+00:00,CHZ-USDT-SWAP,78233660.0,1758416915848
2025-09-21 01:08:35.846000+00:00,COMP-USDT-SWAP,73823.1,1758416915846
2025-09-21 01:08:36.302000+00:00,COOKIE-USDT-SWAP,5036820.0,1758416916302
2025-09-21 01:08:36.297000+00:00,CORE-USDT-SWAP,9985803.0,1758416916297
2025-09-21 01:08:36.291000+00:00,CRO-USDT-SWAP,51094300.0,1758416916291
2025-09-21 01:08:36.295000+00:00,CRV-USDT-SWAP,24923375.0,1758416916295
2025-09-21 01:08:36.301000+00:00,CTC-USDT-SWAP,1681210.0,1758416916301
2025-09-21 01:08:36.299000+00:00,CVC-USDT-SWAP,9689000.0,1758416916299
2025-09-21 01:08:36.305000+00:00,CVX-USDT-SWAP,377195.0,1758416916305
2025-09-21 01:08:36.296000+00:00,DEGEN-USDT-SWAP,336462900.0,1758416916296
2025-09-21 01:08:36.764000+00:00,DOGE-USDT-SWAP,1392750149.9999998,1758416916764
2025-09-21 01:08:36.757000+00:00,DOGS-USDT-SWAP,15900365000.0,1758416916757
2025-09-21 01:08:36.776000+00:00,DOOD-USDT-SWAP,147049000.0,1758416916776
2025-09-21 01:08:36.761000+00:00,DOT-USDT-SWAP,6265413.0,1758416916761
2025-09-21 01:08:36.761000+00:00,DYDX-USDT-SWAP,13418617.0,1758416916761
2025-09-21 01:08:36.784000+00:00,EGLD-USDT-SWAP,115879.9,1758416916784
2025-09-21 01:08:36.771000+00:00,EIGEN-USDT-SWAP,4651492.0,1758416916771
2025-09-21 01:08:36.766000+00:00,ENJ-USDT-SWAP,14539430.0,1758416916766
2025-09-21 01:08:36.784000+00:00,ENS-USDT-SWAP,328996.4,1758416916784
2025-09-21 01:08:37.234000+00:00,ETC-USDT-SWAP,1198679.0000000002,1758416917234
2025-09-21 01:08:37.240000+00:00,ETH-USDT-SWAP,747901.0579999998,1758416917240
2025-09-21 01:08:37.236000+00:00,ETHFI-USDT-SWAP,7752985.0,1758416917236
2025-09-21 01:08:37.229000+00:00,ETHW-USDT-SWAP,1221507.4,1758416917229
2025-09-21 01:08:37.244000+00:00,FARTCOIN-USDT-SWAP,24989330.0,1758416917244
2025-09-21 01:08:37.247000+00:00,FIL-USDT-SWAP,13540114.9,1758416917247
2025-09-21 01:08:37.243000+00:00,FLM-USDT-SWAP,30568010.0,1758416917243
2025-09-21 01:08:37.241000+00:00,FLOKI-USDT-SWAP,38616600000.0,1758416917241
2025-09-21 01:08:37.231000+00:00,FLOW-USDT-SWAP,4221800.0,1758416917231
2025-09-21 01:08:37.235000+00:00,FXS-USDT-SWAP,350544.0,1758416917235
2025-09-21 01:08:37.717000+00:00,GALA-USDT-SWAP,461594910.0,1758416917717
2025-09-21 01:08:37.724000+00:00,GAS-USDT-SWAP,365178.0,1758416917724
2025-09-21 01:08:37.711000+00:00,GLM-USDT-SWAP,3146510.0,1758416917711
2025-09-21 01:08:37.715000+00:00,GMT-USDT-SWAP,47552821.0,1758416917715
2025-09-21 01:08:37.717000+00:00,GMX-USDT-SWAP,70977.3,1758416917717
2025-09-21 01:08:37.716000+00:00,GOAT-USDT-SWAP,28610460.0,1758416917716
2025-09-21 01:08:37.728000+00:00,GODS-USDT-SWAP,7987496.0,1758416917728
2025-09-21 01:08:37.711000+00:00,GPS-USDT-SWAP,135112040.0,1758416917711
2025-09-21 01:08:37.717000+00:00,GRASS-USDT-SWAP,2701669.0,1758416917717
2025-09-21 01:08:37.727000+00:00,GRIFFAIN-USDT-SWAP,28772960.0,1758416917727
2025-09-21 01:08:38.162000+00:00,GRT-USDT-SWAP,21650520.0,1758416918162
2025-09-21 01:08:38.180000+00:00,H-USDT-SWAP,80522800.0,1758416918180
2025-09-21 01:08:38.184000+00:00,HBAR-USDT-SWAP,81509750.00000006,1758416918184
2025-09-21 01:08:38.184000+00:00,HMSTR-USDT-SWAP,1192032400.0,1758416918184
2025-09-21 01:08:38.172000+00:00,HOME-USDT-SWAP,16135700.0,1758416918172
2025-09-21 01:08:38.176000+00:00,HUMA-USDT-SWAP,70472400.0,1758416918176
2025-09-21 01:08:38.183000+00:00,HYPE-USDT-SWAP,1004581.3,1758416918183
2025-09-21 01:08:38.172000+00:00,ICP-USDT-SWAP,1748276.33,1758416918172
2025-09-21 01:08:38.171000+00:00,ICX-USDT-SWAP,5517820.0,1758416918171
2025-09-21 01:08:38.190000+00:00,IMX-USDT-SWAP,9436823.0,1758416918190
2025-09-21 01:08:38.647000+00:00,INIT-USDT-SWAP,2221680.0,1758416918647
2025-09-21 01:08:38.644000+00:00,INJ-USDT-SWAP,901343.7,1758416918644
2025-09-21 01:08:38.643000+00:00,IOST-USDT-SWAP,269319000.0,1758416918643
2025-09-21 01:08:38.642000+00:00,IOTA-USDT-SWAP,14316240.0,1758416918642
2025-09-21 01:08:38.653000+00:00,IP-USDT-SWAP,5287957.0,1758416918653
2025-09-21 01:08:38.632000+00:00,JELLYJELLY-USDT-SWAP,190225200.0,1758416918632
2025-09-21 01:08:38.646000+00:00,JOE-USDT-SWAP,7594310.0,1758416918646
2025-09-21 01:08:38.648000+00:00,JTO-USDT-SWAP,3854604.0,1758416918648
2025-09-21 01:08:38.642000+00:00,JUP-USDT-SWAP,14268400.0,1758416918642
2025-09-21 01:08:39.088000+00:00,KAITO-USDT-SWAP,4815690.0,1758416919088
2025-09-21 01:08:39.100000+00:00,KMNO-USDT-SWAP,52414200.0,1758416919100
2025-09-21 01:08:39.105000+00:00,KSM-USDT-SWAP,128524.9,1758416919105
2025-09-21 01:08:39.091000+00:00,LA-USDT-SWAP,6557410.0,1758416919091
2025-09-21 01:08:39.112000+00:00,LAUNCHCOIN-USDT-SWAP,41264670.0,1758416919112
2025-09-21 01:08:39.107000+00:00,LAYER-USDT-SWAP,6087475.0,1758416919107
2025-09-21 01:08:39.104000+00:00,LDO-USDT-SWAP,13649797.0,1758416919104
2025-09-21 01:08:39.098000+00:00,LINK-USDT-SWAP,2333571.4000000004,1758416919098
2025-09-21 01:08:39.093000+00:00,LPT-USDT-SWAP,561346.9,1758416919093
2025-09-21 01:08:39.104000+00:00,LQTY-USDT-SWAP,2193584.0,1758416919104
2025-09-21 01:08:39.555000+00:00,LRC-USDT-SWAP,13798800.0,1758416919555
2025-09-21 01:08:39.559000+00:00,LTC-USDT-SWAP,731202.6000000002,1758416919559
2025-09-21 01:08:39.572000+00:00,LUNA-USDT-SWAP,20180293.0,1758416919572
2025-09-21 01:08:39.554000+00:00,MAGIC-USDT-SWAP,15648500.0,1758416919554
2025-09-21 01:08:39.559000+00:00,MAJOR-USDT-SWAP,4637370.0,1758416919559
2025-09-21 01:08:39.565000+00:00,MANA-USDT-SWAP,10719160.0,1758416919565
2025-09-21 01:08:39.557000+00:00,MASK-USDT-SWAP,2966857.0,1758416919557
2025-09-21 01:08:39.555000+00:00,ME-USDT-SWAP,3713353.0,1758416919555
2025-09-21 01:08:39.574000+00:00,MEME-USDT-SWAP,1422666500.0,1758416919574
2025-09-21 01:08:40.016000+00:00,MERL-USDT-SWAP,49527668.0,1758416920016
2025-09-21 01:08:40.018000+00:00,METIS-USDT-SWAP,115746.0,1758416920018
2025-09-21 01:08:40.033000+00:00,MEW-USDT-SWAP,1033949000.0,1758416920033
2025-09-21 01:08:40.025000+00:00,MINA-USDT-SWAP,7566871.0,1758416920025
2025-09-21 01:08:40.021000+00:00,MOG-USDT-SWAP,603953000000.0,1758416920021
2025-09-21 01:08:40.036000+00:00,MOODENG-USDT-SWAP,50892930.0,1758416920036
2025-09-21 01:08:40.024000+00:00,MORPHO-USDT-SWAP,1538185.0,1758416920024
2025-09-21 01:08:40.024000+00:00,MOVE-USDT-SWAP,27653540.0,1758416920024
2025-09-21 01:08:40.028000+00:00,MUBARAK-USDT-SWAP,50108300.0,1758416920028
2025-09-21 01:08:40.482000+00:00,NEAR-USDT-SWAP,7309252.999999996,1758416920482
2025-09-21 01:08:40.470000+00:00,NEIRO-USDT-SWAP,9398423000.0,1758416920470
2025-09-21 01:08:40.479000+00:00,NEO-USDT-SWAP,368546.0,1758416920479
2025-09-21 01:08:40.541000+00:00,NEWT-USDT-SWAP,3403430.0,1758416920541
2025-09-21 01:08:40.499000+00:00,NMR-USDT-SWAP,318758.2,1758416920499
2025-09-21 01:08:40.496000+00:00,NOT-USDT-SWAP,1515002400.0,1758416920496
2025-09-21 01:08:40.507000+00:00,NXPC-USDT-SWAP,1082957.0,1758416920507
2025-09-21 01:08:40.482000+00:00,OL-USDT-SWAP,72866010.0,1758416920482
2025-09-21 01:08:40.487000+00:00,OM-USDT-SWAP,22203996.0,1758416920487
2025-09-21 01:08:40.979000+00:00,ONDO-USDT-SWAP,23811310.0,1758416920979
2025-09-21 01:08:40.977000+00:00,ONE-USDT-SWAP,81425200.0,1758416920977
2025-09-21 01:08:41.003000+00:00,ONT-USDT-SWAP,10315030.0,1758416921003
2025-09-21 01:08:40.979000+00:00,OP-USDT-SWAP,25658032.0,1758416920979
2025-09-21 01:08:40.987000+00:00,ORBS-USDT-SWAP,29162600.0,1758416920987
2025-09-21 01:08:40.993000+00:00,ORDI-USDT-SWAP,1213563.9,1758416920993
2025-09-21 01:08:40.994000+00:00,PARTI-USDT-SWAP,12777960.0,1758416920994
2025-09-21 01:08:40.988000+00:00,PENGU-USDT-SWAP,620920200.0,1758416920988
2025-09-21 01:08:41.010000+00:00,PEOPLE-USDT-SWAP,340078100.0,1758416921010
2025-09-21 01:08:40.997000+00:00,PEPE-USDT-SWAP,8767129000000.004,1758416920997
2025-09-21 01:08:41.449000+00:00,PERP-USDT-SWAP,3182440.0,1758416921449
2025-09-21 01:08:41.454000+00:00,PI-USDT-SWAP,32569380.0,1758416921454
2025-09-21 01:08:41.458000+00:00,PLUME-USDT-SWAP,20174970.0,1758416921458
2025-09-21 01:08:41.451000+00:00,PNUT-USDT-SWAP,36100090.0,1758416921451
2025-09-21 01:08:41.451000+00:00,POL-USDT-SWAP,38123850.0,1758416921451
2025-09-21 01:08:41.458000+00:00,POPCAT-USDT-SWAP,8934720.0,1758416921458
2025-09-21 01:08:41.461000+00:00,PRCL-USDT-SWAP,15247856.0,1758416921461
2025-09-21 01:08:41.457000+00:00,PROMPT-USDT-SWAP,27449520.0,1758416921457
2025-09-21 01:08:41.461000+00:00,PUMP-USDT-SWAP,7940370000.0,1758416921461
2025-09-21 01:08:41.485000+00:00,PYTH-USDT-SWAP,52577480.0,1758416921485
2025-09-21 01:08:41.930000+00:00,QTUM-USDT-SWAP,1042805.0,1758416921930
2025-09-21 01:08:41.947000+00:00,RAY-USDT-SWAP,1492318.0,1758416921947
2025-09-21 01:08:41.954000+00:00,RENDER-USDT-SWAP,1365129.0,1758416921954
2025-09-21 01:08:41.933000+00:00,RESOLV-USDT-SWAP,26548340.0,1758416921933
2025-09-21 01:08:41.937000+00:00,RSR-USDT-SWAP,262797200.0,1758416921937
2025-09-21 01:08:41.934000+00:00,RVN-USDT-SWAP,79952090.0,1758416921934
2025-09-21 01:08:41.943000+00:00,S-USDT-SWAP,12529690.0,1758416921943
2025-09-21 01:08:41.938000+00:00,SAHARA-USDT-SWAP,37748030.0,1758416921938
2025-09-21 01:08:41.940000+00:00,SAND-USDT-SWAP,16907590.0,1758416921940
2025-09-21 01:08:41.940000+00:00,SATS-USDT-SWAP,190303100000000.0,1758416921940
2025-09-21 01:08:42.394000+00:00,SCR-USDT-SWAP,2436439.0,1758416922394
2025-09-21 01:08:42.401000+00:00,SHELL-USDT-SWAP,5091550.0,1758416922401
2025-09-21 01:08:42.423000+00:00,SHIB-USDT-SWAP,1670464200000.0002,1758416922423
2025-09-21 01:08:42.396000+00:00,SIGN-USDT-SWAP,48639600.0,1758416922396
2025-09-21 01:08:42.401000+00:00,SLP-USDT-SWAP,401596820.0,1758416922401
2025-09-21 01:08:42.405000+00:00,SNX-USDT-SWAP,2252508.0,1758416922405
2025-09-21 01:08:42.407000+00:00,SOL-USDT-SWAP,3760025.840000002,1758416922407
2025-09-21 01:08:42.401000+00:00,SOLV-USDT-SWAP,56723100.0,1758416922401
2025-09-21 01:08:42.412000+00:00,SONIC-USDT-SWAP,7818307.0,1758416922412
2025-09-21 01:08:42.412000+00:00,SOON-USDT-SWAP,6601710.0,1758416922412
2025-09-21 01:08:42.873000+00:00,SOPH-USDT-SWAP,81349500.0,1758416922873
2025-09-21 01:08:42.869000+00:00,SPK-USDT-SWAP,112942100.0,1758416922869
2025-09-21 01:08:42.881000+00:00,SPX-USDT-SWAP,978717.0,1758416922881
2025-09-21 01:08:42.875000+00:00,SSV-USDT-SWAP,290098.8,1758416922875
2025-09-21 01:08:42.869000+00:00,STORJ-USDT-SWAP,5979240.0,1758416922869
2025-09-21 01:08:42.871000+00:00,STRK-USDT-SWAP,24272284.0,1758416922871
2025-09-21 01:08:42.869000+00:00,STX-USDT-SWAP,7282182.000000001,1758416922869
2025-09-21 01:08:42.868000+00:00,SUI-USDT-SWAP,23599164.0,1758416922868
2025-09-21 01:08:42.868000+00:00,SUSHI-USDT-SWAP,8261570.0,1758416922868
2025-09-21 01:08:42.882000+00:00,SWARMS-USDT-SWAP,76739710.0,1758416922882
2025-09-21 01:08:43.330000+00:00,SYRUP-USDT-SWAP,2417790.0,1758416923330
2025-09-21 01:08:43.323000+00:00,T-USDT-SWAP,41484700.0,1758416923323
2025-09-21 01:08:43.330000+00:00,TAO-USDT-SWAP,14088.38,1758416923330
2025-09-21 01:08:43.330000+00:00,THETA-USDT-SWAP,2869079.0,1758416923330
2025-09-21 01:08:43.327000+00:00,TIA-USDT-SWAP,4923211.0,1758416923327
2025-09-21 01:08:43.341000+00:00,TNSR-USDT-SWAP,9682227.0,1758416923341
2025-09-21 01:08:43.340000+00:00,TON-USDT-SWAP,8258421.0,1758416923340
2025-09-21 01:08:43.328000+00:00,TRB-USDT-SWAP,232454.3,1758416923328
2025-09-21 01:08:43.333000+00:00,TREE-USDT-SWAP,7416130.0,1758416923333
2025-09-21 01:08:43.336000+00:00,TRUMP-USDT-SWAP,5580346.3,1758416923336
2025-09-21 01:08:43.923000+00:00,TRX-USDT-SWAP,83278680.00000015,1758416923923
2025-09-21 01:08:43.779000+00:00,TURBO-USDT-SWAP,840859000.0,1758416923779
2025-09-21 01:08:43.800000+00:00,UMA-USDT-SWAP,1288664.1,1758416923800
2025-09-21 01:08:43.782000+00:00,UNI-USDT-SWAP,3702315.0,1758416923782
2025-09-21 01:08:43.784000+00:00,USDC-USDT-SWAP,929080.0,1758416923784
2025-09-21 01:08:43.796000+00:00,USELESS-USDT-SWAP,19898590.0,1758416923796
2025-09-21 01:08:43.790000+00:00,UXLINK-USDT-SWAP,5776560.0,1758416923790
2025-09-21 01:08:43.808000+00:00,VANA-USDT-SWAP,132070.3,1758416923808
2025-09-21 01:08:43.790000+00:00,VINE-USDT-SWAP,107684410.0,1758416923790
2025-09-21 01:08:44.359000+00:00,VIRTUAL-USDT-SWAP,3668089.0,1758416924359
2025-09-21 01:08:44.364000+00:00,W-USDT-SWAP,74446889.0,1758416924364
2025-09-21 01:08:44.383000+00:00,WAL-USDT-SWAP,1998870.0,1758416924383
2025-09-21 01:08:44.378000+00:00,WCT-USDT-SWAP,9260200.0,1758416924378
2025-09-21 01:08:44.375000+00:00,WIF-USDT-SWAP,18387611.0,1758416924375
2025-09-21 01:08:44.370000+00:00,WLD-USDT-SWAP,27349341.0,1758416924370
2025-09-21 01:08:44.363000+00:00,WLFI-USDT-SWAP,291716080.0,1758416924363
2025-09-21 01:08:44.364000+00:00,WOO-USDT-SWAP,23803830.0,1758416924364
2025-09-21 01:08:44.371000+00:00,XAUT-USDT-SWAP,4616.213,1758416924371
2025-09-21 01:08:44.830000+00:00,XLM-USDT-SWAP,38563320.00000001,1758416924830
2025-09-21 01:08:45.284000+00:00,XPL-USDT-SWAP,10710220.0,1758416925284
2025-09-21 01:08:44.833000+00:00,XRP-USDT-SWAP,107416948.99999993,1758416924833
2025-09-21 01:08:44.834000+00:00,XTZ-USDT-SWAP,5749013.0,1758416924834
2025-09-21 01:08:44.820000+00:00,YFI-USDT-SWAP,394.5404,1758416924820
2025-09-21 01:08:44.827000+00:00,YGG-USDT-SWAP,41213551.0,1758416924827
2025-09-21 01:08:44.841000+00:00,ZENT-USDT-SWAP,187983500.0,1758416924841
2025-09-21 01:08:44.832000+00:00,ZETA-USDT-SWAP,5525600.0,1758416924832
2025-09-21 01:08:44.844000+00:00,ZIL-USDT-SWAP,157352700.0,1758416924844
2025-09-21 01:08:45.740000+00:00,ZK-USDT-SWAP,47881110.0,1758416925740
2025-09-21 01:08:45.724000+00:00,ZRO-USDT-SWAP,2002443.0,1758416925724
2025-09-21 01:08:45.720000+00:00,ZRX-USDT-SWAP,6553820.0,1758416925720
2025-09-21 01:09:46.484000+00:00,1INCH-USDT-SWAP,7084428.0,1758416986484
2025-09-21 01:09:46.472000+00:00,A-USDT-SWAP,11229930.0,1758416986472
2025-09-21 01:09:46.479000+00:00,AAVE-USDT-SWAP,129209.47000000003,1758416986479
2025-09-21 01:09:46.467000+00:00,ACE-USDT-SWAP,2819696.0,1758416986467
2025-09-21 01:09:46.474000+00:00,ACH-USDT-SWAP,94875500.0,1758416986474
2025-09-21 01:09:46.477000+00:00,ACT-USDT-SWAP,98248847.0,1758416986477
2025-09-21 01:09:46.481000+00:00,ADA-USDT-SWAP,92570600.00000003,1758416986481
2025-09-21 01:09:46.628000+00:00,AERO-USDT-SWAP,2314950.0,1758416986628
2025-09-21 01:09:46.497000+00:00,AEVO-USDT-SWAP,27080103.0,1758416986497
2025-09-21 01:09:46.480000+00:00,AGLD-USDT-SWAP,1988415.0,1758416986480
2025-09-21 01:09:47.079000+00:00,AI16Z-USDT-SWAP,50781303.0,1758416987079
2025-09-21 01:09:47.072000+00:00,AIXBT-USDT-SWAP,22706260.0,1758416987072
2025-09-21 01:09:47.072000+00:00,ALGO-USDT-SWAP,27805730.0,1758416987072
2025-09-21 01:09:47.083000+00:00,ANIME-USDT-SWAP,95834860.0,1758416987083
2025-09-21 01:09:47.066000+00:00,APE-USDT-SWAP,7830478.4,1758416987066
2025-09-21 01:09:47.082000+00:00,API3-USDT-SWAP,2087777.0,1758416987082
2025-09-21 01:09:47.073000+00:00,APT-USDT-SWAP,4174921.0,1758416987073
2025-09-21 01:09:47.074000+00:00,AR-USDT-SWAP,530380.8,1758416987074
2025-09-21 01:09:47.069000+00:00,ARB-USDT-SWAP,36968167.99999998,1758416987069
2025-09-21 01:09:47.525000+00:00,ARC-USDT-SWAP,99775390.0,1758416987525
2025-09-21 01:09:47.532000+00:00,ARKM-USDT-SWAP,3494548.0,1758416987532
2025-09-21 01:09:47.550000+00:00,ATH-USDT-SWAP,168622800.0,1758416987550
2025-09-21 01:09:47.527000+00:00,ATOM-USDT-SWAP,2084234.0,1758416987527
2025-09-21 01:09:47.538000+00:00,AUCTION-USDT-SWAP,230706.6,1758416987538
2025-09-21 01:09:47.538000+00:00,AVAAI-USDT-SWAP,87774340.0,1758416987538
2025-09-21 01:09:47.539000+00:00,AVAX-USDT-SWAP,2252258.8000000017,1758416987539
2025-09-21 01:09:47.532000+00:00,AXS-USDT-SWAP,1139259.0,1758416987532
2025-09-21 01:09:47.533000+00:00,BABY-USDT-SWAP,38858850.0,1758416987533
2025-09-21 01:09:47.532000+00:00,BAND-USDT-SWAP,1263735.0,1758416987532
2025-09-21 01:09:48.005000+00:00,BAT-USDT-SWAP,4791850.0,1758416988005
2025-09-21 01:09:47.994000+00:00,BCH-USDT-SWAP,71300.63999999996,1758416987994
2025-09-21 01:09:48.010000+00:00,BERA-USDT-SWAP,2558018.9,1758416988010
2025-09-21 01:09:47.990000+00:00,BICO-USDT-SWAP,7177383.0,1758416987990
2025-09-21 01:09:47.993000+00:00,BIGTIME-USDT-SWAP,40067710.0,1758416987993
2025-09-21 01:09:48.013000+00:00,BIO-USDT-SWAP,66499486.0,1758416988013
2025-09-21 01:09:48.015000+00:00,BLUR-USDT-SWAP,24882420.0,1758416988015
2025-09-21 01:09:48.008000+00:00,BNB-USDT-SWAP,149232.34,1758416988008
2025-09-21 01:09:48.007000+00:00,BNT-USDT-SWAP,733160.0,1758416988007
2025-09-21 01:09:48.007000+00:00,BOME-USDT-SWAP,1019636000.0,1758416988007
2025-09-21 01:09:48.506000+00:00,BONK-USDT-SWAP,483722000000.0,1758416988506
2025-09-21 01:09:48.488000+00:00,BRETT-USDT-SWAP,19606000.0,1758416988488
2025-09-21 01:09:48.498000+00:00,BTC-USDT-SWAP,27964.161100000085,1758416988498
2025-09-21 01:09:48.499000+00:00,CAT-USDT-SWAP,202338500000.0,1758416988499
2025-09-21 01:09:48.511000+00:00,CATI-USDT-SWAP,16118057.0,1758416988511
2025-09-21 01:09:48.492000+00:00,CELO-USDT-SWAP,3723415.0,1758416988492
2025-09-21 01:09:48.509000+00:00,CETUS-USDT-SWAP,22202710.0,1758416988509
2025-09-21 01:09:48.499000+00:00,CFX-USDT-SWAP,75118190.0,1758416988499
2025-09-21 01:09:48.500000+00:00,CHZ-USDT-SWAP,78221540.0,1758416988500
2025-09-21 01:09:48.507000+00:00,COMP-USDT-SWAP,73821.9,1758416988507
2025-09-21 01:09:48.957000+00:00,COOKIE-USDT-SWAP,5032980.0,1758416988957
2025-09-21 01:09:48.958000+00:00,CORE-USDT-SWAP,9985807.0,1758416988958
2025-09-21 01:09:48.968000+00:00,CRO-USDT-SWAP,51115060.0,1758416988968
2025-09-21 01:09:48.967000+00:00,CRV-USDT-SWAP,24918422.0,1758416988967
2025-09-21 01:09:48.966000+00:00,CTC-USDT-SWAP,1681210.0,1758416988966
2025-09-21 01:09:48.960000+00:00,CVC-USDT-SWAP,9689200.0,1758416988960
2025-09-21 01:09:48.956000+00:00,CVX-USDT-SWAP,377092.0,1758416988956
2025-09-21 01:09:48.959000+00:00,DEGEN-USDT-SWAP,336424000.0,1758416988959
2025-09-21 01:09:49.443000+00:00,DOGE-USDT-SWAP,1392886849.9999995,1758416989443
2025-09-21 01:09:49.439000+00:00,DOGS-USDT-SWAP,15900694000.0,1758416989439
2025-09-21 01:09:49.460000+00:00,DOOD-USDT-SWAP,147047000.0,1758416989460
2025-09-21 01:09:49.452000+00:00,DOT-USDT-SWAP,6265332.0,1758416989452
2025-09-21 01:09:49.444000+00:00,DYDX-USDT-SWAP,13418497.0,1758416989444
2025-09-21 01:09:49.451000+00:00,EGLD-USDT-SWAP,115957.7,1758416989451
2025-09-21 01:09:49.432000+00:00,EIGEN-USDT-SWAP,4649037.0,1758416989432
2025-09-21 01:09:49.445000+00:00,ENJ-USDT-SWAP,14537840.0,1758416989445
2025-09-21 01:09:49.441000+00:00,ENS-USDT-SWAP,328956.2,1758416989441
2025-09-21 01:09:49.924000+00:00,ETC-USDT-SWAP,1198730.5000000002,1758416989924
2025-09-21 01:09:49.920000+00:00,ETH-USDT-SWAP,747999.2689999999,1758416989920
2025-09-21 01:09:49.932000+00:00,ETHFI-USDT-SWAP,7753318.0,1758416989932
2025-09-21 01:09:49.938000+00:00,ETHW-USDT-SWAP,1221507.6,1758416989938
2025-09-21 01:09:49.924000+00:00,FARTCOIN-USDT-SWAP,24980958.0,1758416989924
2025-09-21 01:09:49.919000+00:00,FIL-USDT-SWAP,13541197.9,1758416989919
2025-09-21 01:09:49.924000+00:00,FLM-USDT-SWAP,30566460.0,1758416989924
2025-09-21 01:09:49.930000+00:00,FLOKI-USDT-SWAP,38607200000.0,1758416989930
2025-09-21 01:09:49.922000+00:00,FLOW-USDT-SWAP,4221770.0,1758416989922
2025-09-21 01:09:49.930000+00:00,FXS-USDT-SWAP,350544.0,1758416989930
2025-09-21 01:09:50.386000+00:00,GALA-USDT-SWAP,461438210.0,1758416990386
2025-09-21 01:09:50.387000+00:00,GAS-USDT-SWAP,365178.0,1758416990387
2025-09-21 01:09:50.385000+00:00,GLM-USDT-SWAP,3146510.0,1758416990385
2025-09-21 01:09:50.380000+00:00,GMT-USDT-SWAP,47552164.0,1758416990380
2025-09-21 01:09:50.390000+00:00,GMX-USDT-SWAP,71110.0,1758416990390
2025-09-21 01:09:50.381000+00:00,GOAT-USDT-SWAP,28608200.0,1758416990381
2025-09-21 01:09:50.389000+00:00,GODS-USDT-SWAP,7987496.0,1758416990389
2025-09-21 01:09:50.380000+00:00,GPS-USDT-SWAP,135083370.0,1758416990380
2025-09-21 01:09:50.397000+00:00,GRASS-USDT-SWAP,2700538.0,1758416990397
2025-09-21 01:09:50.395000+00:00,GRIFFAIN-USDT-SWAP,28777930.0,1758416990395
2025-09-21 01:09:50.845000+00:00,GRT-USDT-SWAP,21646870.0,1758416990845
2025-09-21 01:09:50.848000+00:00,H-USDT-SWAP,80417800.0,1758416990848
2025-09-21 01:09:50.853000+00:00,HBAR-USDT-SWAP,81519990.00000006,1758416990853
2025-09-21 01:09:50.847000+00:00,HMSTR-USDT-SWAP,1192033600.0,1758416990847
2025-09-21 01:09:50.908000+00:00,HOME-USDT-SWAP,16135700.0,1758416990908
2025-09-21 01:09:50.837000+00:00,HUMA-USDT-SWAP,70367000.0,1758416990837
2025-09-21 01:09:51.005000+00:00,HYPE-USDT-SWAP,1004385.2,1758416991005
2025-09-21 01:09:50.844000+00:00,ICP-USDT-SWAP,1748366.3,1758416990844
2025-09-21 01:09:50.848000+00:00,ICX-USDT-SWAP,5517820.0,1758416990848
2025-09-21 01:09:50.844000+00:00,IMX-USDT-SWAP,9433724.0,1758416990844
2025-09-21 01:09:51.450000+00:00,INIT-USDT-SWAP,2221700.0,1758416991450
2025-09-21 01:09:51.441000+00:00,INJ-USDT-SWAP,901398.4,1758416991441
2025-09-21 01:09:51.452000+00:00,IOST-USDT-SWAP,269294000.0,1758416991452
2025-09-21 01:09:51.456000+00:00,IOTA-USDT-SWAP,14319410.0,1758416991456
2025-09-21 01:09:51.447000+00:00,IP-USDT-SWAP,5290428.0,1758416991447
2025-09-21 01:09:51.451000+00:00,JELLYJELLY-USDT-SWAP,190213900.0,1758416991451
2025-09-21 01:09:51.905000+00:00,JOE-USDT-SWAP,7594300.0,1758416991905
2025-09-21 01:09:51.459000+00:00,JTO-USDT-SWAP,3854613.0,1758416991459
2025-09-21 01:09:51.455000+00:00,JUP-USDT-SWAP,14268500.0,1758416991455
2025-09-21 01:09:52.353000+00:00,KAITO-USDT-SWAP,4815349.0,1758416992353
2025-09-21 01:09:52.347000+00:00,KMNO-USDT-SWAP,52407800.0,1758416992347
2025-09-21 01:09:52.352000+00:00,KSM-USDT-SWAP,128614.3,1758416992352
2025-09-21 01:09:52.353000+00:00,LA-USDT-SWAP,6547330.0,1758416992353
2025-09-21 01:09:52.362000+00:00,LAUNCHCOIN-USDT-SWAP,41220620.0,1758416992362
2025-09-21 01:09:52.353000+00:00,LAYER-USDT-SWAP,6087475.0,1758416992353
2025-09-21 01:09:52.347000+00:00,LDO-USDT-SWAP,13655317.0,1758416992347
2025-09-21 01:09:52.367000+00:00,LINK-USDT-SWAP,2332423.8,1758416992367
2025-09-21 01:09:52.348000+00:00,LPT-USDT-SWAP,561364.7,1758416992348
2025-09-21 01:09:52.363000+00:00,LQTY-USDT-SWAP,2193446.0,1758416992363
2025-09-21 01:09:52.833000+00:00,LRC-USDT-SWAP,13798040.0,1758416992833
2025-09-21 01:09:52.823000+00:00,LTC-USDT-SWAP,731256.6000000002,1758416992823
2025-09-21 01:09:52.829000+00:00,LUNA-USDT-SWAP,20180323.0,1758416992829
2025-09-21 01:09:52.834000+00:00,MAGIC-USDT-SWAP,15644378.0,1758416992834
2025-09-21 01:09:52.823000+00:00,MAJOR-USDT-SWAP,4637414.0,1758416992823
2025-09-21 01:09:52.825000+00:00,MANA-USDT-SWAP,10718300.0,1758416992825
2025-09-21 01:09:52.814000+00:00,MASK-USDT-SWAP,2967344.0,1758416992814
2025-09-21 01:09:52.820000+00:00,ME-USDT-SWAP,3713557.0,1758416992820
2025-09-21 01:09:52.824000+00:00,MEME-USDT-SWAP,1425172200.0,1758416992824
2025-09-21 01:09:53.284000+00:00,MERL-USDT-SWAP,49543319.0,1758416993284
2025-09-21 01:09:53.277000+00:00,METIS-USDT-SWAP,115842.7,1758416993277
2025-09-21 01:09:53.430000+00:00,MEW-USDT-SWAP,1033947000.0,1758416993430
2025-09-21 01:09:53.388000+00:00,MINA-USDT-SWAP,7564806.0,1758416993388
2025-09-21 01:09:53.287000+00:00,MOG-USDT-SWAP,604132000000.0,1758416993287
2025-09-21 01:09:53.294000+00:00,MOODENG-USDT-SWAP,50885540.0,1758416993294
2025-09-21 01:09:53.292000+00:00,MORPHO-USDT-SWAP,1538151.0,1758416993292
2025-09-21 01:09:53.301000+00:00,MOVE-USDT-SWAP,27658410.0,1758416993301
2025-09-21 01:09:53.285000+00:00,MUBARAK-USDT-SWAP,50057600.0,1758416993285
2025-09-21 01:09:53.876000+00:00,NEAR-USDT-SWAP,7308705.999999996,1758416993876
2025-09-21 01:09:53.877000+00:00,NEIRO-USDT-SWAP,9398561000.0,1758416993877
2025-09-21 01:09:53.878000+00:00,NEO-USDT-SWAP,368630.0,1758416993878
2025-09-21 01:09:53.866000+00:00,NEWT-USDT-SWAP,3401820.0,1758416993866
2025-09-21 01:09:54.018000+00:00,NMR-USDT-SWAP,318736.7,1758416994018
2025-09-21 01:09:53.880000+00:00,NOT-USDT-SWAP,1514995600.0,1758416993880
2025-09-21 01:09:53.868000+00:00,NXPC-USDT-SWAP,1083085.0,1758416993868
2025-09-21 01:09:53.879000+00:00,OL-USDT-SWAP,72865880.0,1758416993879
2025-09-21 01:09:53.878000+00:00,OM-USDT-SWAP,22213231.0,1758416993878
2025-09-21 01:09:54.464000+00:00,ONDO-USDT-SWAP,23810960.0,1758416994464
2025-09-21 01:09:54.464000+00:00,ONE-USDT-SWAP,81390700.0,1758416994464
2025-09-21 01:09:54.468000+00:00,ONT-USDT-SWAP,10317720.0,1758416994468
2025-09-21 01:09:54.474000+00:00,OP-USDT-SWAP,25657871.0,1758416994474
2025-09-21 01:09:54.454000+00:00,ORBS-USDT-SWAP,29162600.0,1758416994454
2025-09-21 01:09:54.457000+00:00,ORDI-USDT-SWAP,1212670.5,1758416994457
2025-09-21 01:09:54.471000+00:00,PARTI-USDT-SWAP,12777970.0,1758416994471
2025-09-21 01:09:54.459000+00:00,PENGU-USDT-SWAP,621036700.0,1758416994459
2025-09-21 01:09:54.461000+00:00,PEOPLE-USDT-SWAP,340078800.0,1758416994461
2025-09-21 01:09:54.469000+00:00,PEPE-USDT-SWAP,8767133000000.004,1758416994469
2025-09-21 01:09:54.932000+00:00,PERP-USDT-SWAP,3182022.0,1758416994932
2025-09-21 01:09:54.933000+00:00,PI-USDT-SWAP,32565540.0,1758416994933
2025-09-21 01:09:54.942000+00:00,PLUME-USDT-SWAP,20153770.0,1758416994942
2025-09-21 01:09:54.929000+00:00,PNUT-USDT-SWAP,36100110.0,1758416994929
2025-09-21 01:09:54.931000+00:00,POL-USDT-SWAP,38139190.0,1758416994931
2025-09-21 01:09:54.934000+00:00,POPCAT-USDT-SWAP,8934720.0,1758416994934
2025-09-21 01:09:54.936000+00:00,PRCL-USDT-SWAP,15250481.0,1758416994936
2025-09-21 01:09:54.931000+00:00,PROMPT-USDT-SWAP,27453910.0,1758416994931
2025-09-21 01:09:54.931000+00:00,PUMP-USDT-SWAP,7951881000.0,1758416994931
2025-09-21 01:09:54.932000+00:00,PYTH-USDT-SWAP,52571380.0,1758416994932
2025-09-21 01:09:55.391000+00:00,QTUM-USDT-SWAP,1042818.0,1758416995391
2025-09-21 01:09:55.390000+00:00,RAY-USDT-SWAP,1492449.0,1758416995390
2025-09-21 01:09:55.400000+00:00,RENDER-USDT-SWAP,1365035.0,1758416995400
2025-09-21 01:09:55.398000+00:00,RESOLV-USDT-SWAP,26546080.0,1758416995398
2025-09-21 01:09:55.391000+00:00,RSR-USDT-SWAP,262783700.0,1758416995391
2025-09-21 01:09:55.391000+00:00,RVN-USDT-SWAP,79952090.0,1758416995391
2025-09-21 01:09:55.396000+00:00,S-USDT-SWAP,12529820.0,1758416995396
2025-09-21 01:09:55.408000+00:00,SAHARA-USDT-SWAP,37746690.0,1758416995408
2025-09-21 01:09:55.399000+00:00,SAND-USDT-SWAP,16902870.0,1758416995399
2025-09-21 01:09:55.391000+00:00,SATS-USDT-SWAP,190299980000000.0,1758416995391
2025-09-21 01:09:55.909000+00:00,SCR-USDT-SWAP,2436669.0,1758416995909
2025-09-21 01:09:55.914000+00:00,SHELL-USDT-SWAP,5090200.0,1758416995914
2025-09-21 01:09:55.920000+00:00,SHIB-USDT-SWAP,1670454100000.0002,1758416995920
2025-09-21 01:09:55.913000+00:00,SIGN-USDT-SWAP,48641100.0,1758416995913
2025-09-21 01:09:55.907000+00:00,SLP-USDT-SWAP,401596820.0,1758416995907
2025-09-21 01:09:55.914000+00:00,SNX-USDT-SWAP,2253444.0,1758416995914
2025-09-21 01:09:55.914000+00:00,SOL-USDT-SWAP,3760317.800000002,1758416995914
2025-09-21 01:09:55.905000+00:00,SOLV-USDT-SWAP,56721600.0,1758416995905
2025-09-21 01:09:55.915000+00:00,SONIC-USDT-SWAP,7816906.0,1758416995915
2025-09-21 01:09:55.912000+00:00,SOON-USDT-SWAP,6600970.0,1758416995912
2025-09-21 01:09:56.368000+00:00,SOPH-USDT-SWAP,81349300.0,1758416996368
2025-09-21 01:09:56.380000+00:00,SPK-USDT-SWAP,112917400.0,1758416996380
2025-09-21 01:09:56.368000+00:00,SPX-USDT-SWAP,978848.0,1758416996368
2025-09-21 01:09:56.365000+00:00,SSV-USDT-SWAP,289999.2,1758416996365
2025-09-21 01:09:56.357000+00:00,STORJ-USDT-SWAP,5976040.0,1758416996357
2025-09-21 01:09:56.362000+00:00,STRK-USDT-SWAP,24246690.0,1758416996362
2025-09-21 01:09:56.371000+00:00,STX-USDT-SWAP,7282878.000000001,1758416996371
2025-09-21 01:09:56.364000+00:00,SUI-USDT-SWAP,23600685.0,1758416996364
2025-09-21 01:09:56.367000+00:00,SUSHI-USDT-SWAP,8262808.0,1758416996367
2025-09-21 01:09:56.374000+00:00,SWARMS-USDT-SWAP,76719330.0,1758416996374
2025-09-21 01:09:56.823000+00:00,SYRUP-USDT-SWAP,2417790.0,1758416996823
2025-09-21 01:09:56.818000+00:00,T-USDT-SWAP,41482400.0,1758416996818
2025-09-21 01:09:56.847000+00:00,TAO-USDT-SWAP,14092.18,1758416996847
2025-09-21 01:09:56.829000+00:00,THETA-USDT-SWAP,2869359.0,1758416996829
2025-09-21 01:09:56.821000+00:00,TIA-USDT-SWAP,4923731.0,1758416996821
2025-09-21 01:09:56.843000+00:00,TNSR-USDT-SWAP,9682227.0,1758416996843
2025-09-21 01:09:56.843000+00:00,TON-USDT-SWAP,8258395.0,1758416996843
2025-09-21 01:09:56.836000+00:00,TRB-USDT-SWAP,232481.1,1758416996836
2025-09-21 01:09:56.827000+00:00,TREE-USDT-SWAP,7413910.0,1758416996827
2025-09-21 01:09:56.829000+00:00,TRUMP-USDT-SWAP,5580732.0,1758416996829
2025-09-21 01:09:57.283000+00:00,TRX-USDT-SWAP,83286920.00000015,1758416997283
2025-09-21 01:09:57.434000+00:00,TURBO-USDT-SWAP,840852000.0,1758416997434
2025-09-21 01:09:57.297000+00:00,UMA-USDT-SWAP,1288664.1,1758416997297
2025-09-21 01:09:57.446000+00:00,UNI-USDT-SWAP,3701572.0,1758416997446
2025-09-21 01:09:57.308000+00:00,USDC-USDT-SWAP,929080.0,1758416997308
2025-09-21 01:09:57.282000+00:00,USELESS-USDT-SWAP,19906980.0,1758416997282
2025-09-21 01:09:57.290000+00:00,UXLINK-USDT-SWAP,5776600.0,1758416997290
2025-09-21 01:09:57.301000+00:00,VANA-USDT-SWAP,132109.8,1758416997301
2025-09-21 01:09:57.314000+00:00,VINE-USDT-SWAP,107718320.0,1758416997314
2025-09-21 01:09:57.900000+00:00,VIRTUAL-USDT-SWAP,3667954.0,1758416997900
2025-09-21 01:09:57.886000+00:00,W-USDT-SWAP,74153344.0,1758416997886
2025-09-21 01:09:57.896000+00:00,WAL-USDT-SWAP,1998670.0,1758416997896
2025-09-21 01:09:57.888000+00:00,WCT-USDT-SWAP,9253810.0,1758416997888
2025-09-21 01:09:57.889000+00:00,WIF-USDT-SWAP,18385933.0,1758416997889
2025-09-21 01:09:57.896000+00:00,WLD-USDT-SWAP,27350842.0,1758416997896
2025-09-21 01:09:57.893000+00:00,WLFI-USDT-SWAP,291726310.0,1758416997893
2025-09-21 01:09:57.899000+00:00,WOO-USDT-SWAP,23809770.0,1758416997899
2025-09-21 01:09:57.886000+00:00,XAUT-USDT-SWAP,4616.213,1758416997886
2025-09-21 01:09:58.351000+00:00,XLM-USDT-SWAP,38558060.00000001,1758416998351
2025-09-21 01:09:58.352000+00:00,XPL-USDT-SWAP,10708770.0,1758416998352
2025-09-21 01:09:58.361000+00:00,XRP-USDT-SWAP,107413302.99999993,1758416998361
2025-09-21 01:09:58.360000+00:00,XTZ-USDT-SWAP,5748843.0,1758416998360
2025-09-21 01:09:58.359000+00:00,YFI-USDT-SWAP,394.5318,1758416998359
2025-09-21 01:09:58.348000+00:00,YGG-USDT-SWAP,41198478.0,1758416998348
2025-09-21 01:09:58.360000+00:00,ZENT-USDT-SWAP,188002500.0,1758416998360
2025-09-21 01:09:58.372000+00:00,ZETA-USDT-SWAP,5525600.0,1758416998372
2025-09-21 01:09:58.359000+00:00,ZIL-USDT-SWAP,157360900.0,1758416998359
2025-09-21 01:09:58.809000+00:00,ZK-USDT-SWAP,47882280.0,1758416998809
2025-09-21 01:09:58.817000+00:00,ZRO-USDT-SWAP,2004261.0,1758416998817
2025-09-21 01:09:58.809000+00:00,ZRX-USDT-SWAP,6553820.0,1758416998809
2025-09-21 01:10:59.552000+00:00,1INCH-USDT-SWAP,7082624.0,1758417059552
2025-09-21 01:10:59.541000+00:00,A-USDT-SWAP,11233160.0,1758417059541
2025-09-21 01:10:59.546000+00:00,AAVE-USDT-SWAP,129187.69000000003,1758417059546
2025-09-21 01:10:59.556000+00:00,ACE-USDT-SWAP,2819388.0,1758417059556
2025-09-21 01:10:59.551000+00:00,ACH-USDT-SWAP,94875400.0,1758417059551
2025-09-21 01:10:59.557000+00:00,ACT-USDT-SWAP,99374677.0,1758417059557
2025-09-21 01:10:59.550000+00:00,ADA-USDT-SWAP,92569520.00000003,1758417059550
2025-09-21 01:10:59.549000+00:00,AERO-USDT-SWAP,2314560.0,1758417059549
2025-09-21 01:10:59.568000+00:00,AEVO-USDT-SWAP,27070459.0,1758417059568
2025-09-21 01:10:59.570000+00:00,AGLD-USDT-SWAP,1988269.0,1758417059570
2025-09-21 01:11:00.019000+00:00,AI16Z-USDT-SWAP,50768882.0,1758417060019
2025-09-21 01:11:00.005000+00:00,AIXBT-USDT-SWAP,22703430.0,1758417060005
2025-09-21 01:11:00.007000+00:00,ALGO-USDT-SWAP,27807340.0,1758417060007
2025-09-21 01:11:00.020000+00:00,ANIME-USDT-SWAP,95834780.0,1758417060020
2025-09-21 01:11:00.019000+00:00,APE-USDT-SWAP,7832217.0,1758417060019
2025-09-21 01:11:00.023000+00:00,API3-USDT-SWAP,2087565.0,1758417060023
2025-09-21 01:11:00.019000+00:00,APT-USDT-SWAP,4176577.0,1758417060019
2025-09-21 01:11:00.022000+00:00,AR-USDT-SWAP,530408.7,1758417060022
2025-09-21 01:11:00.017000+00:00,ARB-USDT-SWAP,36969904.99999998,1758417060017
2025-09-21 01:11:00.474000+00:00,ARC-USDT-SWAP,99763280.0,1758417060474
2025-09-21 01:11:00.467000+00:00,ARKM-USDT-SWAP,3494927.0,1758417060467
2025-09-21 01:11:00.475000+00:00,ATH-USDT-SWAP,168646700.0,1758417060475
2025-09-21 01:11:00.467000+00:00,ATOM-USDT-SWAP,2078594.0,1758417060467
2025-09-21 01:11:00.559000+00:00,AUCTION-USDT-SWAP,230675.9,1758417060559
2025-09-21 01:11:00.484000+00:00,AVAAI-USDT-SWAP,87774500.0,1758417060484
2025-09-21 01:11:00.557000+00:00,AVAX-USDT-SWAP,2252604.0000000014,1758417060557
2025-09-21 01:11:00.474000+00:00,AXS-USDT-SWAP,1138968.0,1758417060474
2025-09-21 01:11:00.611000+00:00,BABY-USDT-SWAP,38857940.0,1758417060611
2025-09-21 01:11:00.491000+00:00,BAND-USDT-SWAP,1263367.0,1758417060491
2025-09-21 01:11:01.053000+00:00,BAT-USDT-SWAP,4791950.0,1758417061053
2025-09-21 01:11:01.057000+00:00,BCH-USDT-SWAP,71251.72999999997,1758417061057
2025-09-21 01:11:01.055000+00:00,BERA-USDT-SWAP,2558936.8,1758417061055
2025-09-21 01:11:01.052000+00:00,BICO-USDT-SWAP,7175415.0,1758417061052
2025-09-21 01:11:01.072000+00:00,BIGTIME-USDT-SWAP,40072540.0,1758417061072
2025-09-21 01:11:01.061000+00:00,BIO-USDT-SWAP,66470425.0,1758417061061
2025-09-21 01:11:01.069000+00:00,BLUR-USDT-SWAP,24877910.0,1758417061069
2025-09-21 01:11:01.068000+00:00,BNB-USDT-SWAP,149096.02,1758417061068
2025-09-21 01:11:01.082000+00:00,BNT-USDT-SWAP,733160.0,1758417061082
2025-09-21 01:11:01.066000+00:00,BOME-USDT-SWAP,1019761000.0,1758417061066
2025-09-21 01:11:01.539000+00:00,BONK-USDT-SWAP,484054900000.0,1758417061539
2025-09-21 01:11:01.530000+00:00,BRETT-USDT-SWAP,19622100.0,1758417061530
2025-09-21 01:11:01.540000+00:00,BTC-USDT-SWAP,27964.380500000087,1758417061540
2025-09-21 01:11:01.527000+00:00,CAT-USDT-SWAP,201488900000.0,1758417061527
2025-09-21 01:11:01.540000+00:00,CATI-USDT-SWAP,16116982.0,1758417061540
2025-09-21 01:11:01.532000+00:00,CELO-USDT-SWAP,3723655.0,1758417061532
2025-09-21 01:11:01.532000+00:00,CETUS-USDT-SWAP,22211320.0,1758417061532
2025-09-21 01:11:01.674000+00:00,CFX-USDT-SWAP,75115070.0,1758417061674
2025-09-21 01:11:01.537000+00:00,CHZ-USDT-SWAP,78234170.0,1758417061537
2025-09-21 01:11:01.540000+00:00,COMP-USDT-SWAP,73818.1,1758417061540
2025-09-21 01:11:02.126000+00:00,COOKIE-USDT-SWAP,5031920.0,1758417062126
2025-09-21 01:11:02.117000+00:00,CORE-USDT-SWAP,9986328.0,1758417062117
2025-09-21 01:11:02.136000+00:00,CRO-USDT-SWAP,51130380.0,1758417062136
2025-09-21 01:11:02.119000+00:00,CRV-USDT-SWAP,24928084.0,1758417062119
2025-09-21 01:11:02.118000+00:00,CTC-USDT-SWAP,1681190.0,1758417062118
2025-09-21 01:11:02.127000+00:00,CVC-USDT-SWAP,9688400.0,1758417062127
2025-09-21 01:11:02.117000+00:00,CVX-USDT-SWAP,377219.0,1758417062117
2025-09-21 01:11:02.135000+00:00,DEGEN-USDT-SWAP,336379700.0,1758417062135
2025-09-21 01:11:02.619000+00:00,DOGE-USDT-SWAP,1393090489.9999995,1758417062619
2025-09-21 01:11:02.612000+00:00,DOGS-USDT-SWAP,15899361000.0,1758417062612
2025-09-21 01:11:02.623000+00:00,DOOD-USDT-SWAP,147060000.0,1758417062623
2025-09-21 01:11:02.613000+00:00,DOT-USDT-SWAP,6269033.0,1758417062613
2025-09-21 01:11:02.622000+00:00,DYDX-USDT-SWAP,13406770.0,1758417062622
2025-09-21 01:11:02.631000+00:00,EGLD-USDT-SWAP,116029.7,1758417062631
2025-09-21 01:11:02.625000+00:00,EIGEN-USDT-SWAP,4648161.0,1758417062625
2025-09-21 01:11:02.622000+00:00,ENJ-USDT-SWAP,14544220.0,1758417062622
2025-09-21 01:11:02.630000+00:00,ENS-USDT-SWAP,328952.7,1758417062630
2025-09-21 01:11:03.094000+00:00,ETC-USDT-SWAP,1198189.5000000002,1758417063094
2025-09-21 01:11:03.077000+00:00,ETH-USDT-SWAP,748011.9119999999,1758417063077
2025-09-21 01:11:03.092000+00:00,ETHFI-USDT-SWAP,7751973.0,1758417063092
2025-09-21 01:11:03.088000+00:00,ETHW-USDT-SWAP,1221479.8,1758417063088
2025-09-21 01:11:03.103000+00:00,FARTCOIN-USDT-SWAP,25006541.0,1758417063103
2025-09-21 01:11:03.097000+00:00,FIL-USDT-SWAP,13536850.5,1758417063097
2025-09-21 01:11:03.079000+00:00,FLM-USDT-SWAP,30560590.0,1758417063079
2025-09-21 01:11:03.086000+00:00,FLOKI-USDT-SWAP,38606500000.0,1758417063086
2025-09-21 01:11:03.086000+00:00,FLOW-USDT-SWAP,4218950.0,1758417063086
2025-09-21 01:11:03.095000+00:00,FXS-USDT-SWAP,350544.0,1758417063095
2025-09-21 01:11:03.554000+00:00,GALA-USDT-SWAP,461509900.0,1758417063554
2025-09-21 01:11:03.565000+00:00,GAS-USDT-SWAP,364836.0,1758417063565
2025-09-21 01:11:03.559000+00:00,GLM-USDT-SWAP,3143440.0,1758417063559
2025-09-21 01:11:03.549000+00:00,GMT-USDT-SWAP,47562728.0,1758417063549
2025-09-21 01:11:03.551000+00:00,GMX-USDT-SWAP,71138.9,1758417063551
2025-09-21 01:11:03.562000+00:00,GOAT-USDT-SWAP,28606800.0,1758417063562
2025-09-21 01:11:03.541000+00:00,GODS-USDT-SWAP,7986885.0,1758417063541
2025-09-21 01:11:03.567000+00:00,GPS-USDT-SWAP,135251490.0,1758417063567
2025-09-21 01:11:03.552000+00:00,GRASS-USDT-SWAP,2699995.0,1758417063552
2025-09-21 01:11:03.554000+00:00,GRIFFAIN-USDT-SWAP,28771040.0,1758417063554
2025-09-21 01:11:04.014000+00:00,GRT-USDT-SWAP,21647640.0,1758417064014
2025-09-21 01:11:04.017000+00:00,H-USDT-SWAP,80295300.0,1758417064017
2025-09-21 01:11:04.023000+00:00,HBAR-USDT-SWAP,81527700.00000004,1758417064023
2025-09-21 01:11:04.007000+00:00,HMSTR-USDT-SWAP,1195384200.0,1758417064007
2025-09-21 01:11:04.003000+00:00,HOME-USDT-SWAP,16127600.0,1758417064003
2025-09-21 01:11:04.014000+00:00,HUMA-USDT-SWAP,70308800.0,1758417064014
2025-09-21 01:11:04.017000+00:00,HYPE-USDT-SWAP,1004334.8,1758417064017
2025-09-21 01:11:04.019000+00:00,ICP-USDT-SWAP,1748209.29,1758417064019
2025-09-21 01:11:04.020000+00:00,ICX-USDT-SWAP,5520510.0,1758417064020
2025-09-21 01:11:04.025000+00:00,IMX-USDT-SWAP,9441757.0,1758417064025
2025-09-21 01:11:04.458000+00:00,INIT-USDT-SWAP,2221550.0,1758417064458
2025-09-21 01:11:04.472000+00:00,INJ-USDT-SWAP,901263.6,1758417064472
2025-09-21 01:11:04.601000+00:00,IOST-USDT-SWAP,269306000.0,1758417064601
2025-09-21 01:11:04.466000+00:00,IOTA-USDT-SWAP,14320550.0,1758417064466
2025-09-21 01:11:04.473000+00:00,IP-USDT-SWAP,5293494.0,1758417064473
2025-09-21 01:11:04.481000+00:00,JELLYJELLY-USDT-SWAP,190155600.0,1758417064481
2025-09-21 01:11:04.473000+00:00,JOE-USDT-SWAP,7591920.0,1758417064473
2025-09-21 01:11:04.474000+00:00,JTO-USDT-SWAP,3850263.0,1758417064474
2025-09-21 01:11:04.474000+00:00,JUP-USDT-SWAP,14271970.0,1758417064474
2025-09-21 01:11:05.042000+00:00,KAITO-USDT-SWAP,4811594.0,1758417065042
2025-09-21 01:11:05.045000+00:00,KMNO-USDT-SWAP,52424600.0,1758417065045
2025-09-21 01:11:05.078000+00:00,KSM-USDT-SWAP,128537.1,1758417065078
2025-09-21 01:11:05.046000+00:00,LA-USDT-SWAP,6539320.0,1758417065046
2025-09-21 01:11:05.044000+00:00,LAUNCHCOIN-USDT-SWAP,41206400.0,1758417065044
2025-09-21 01:11:05.063000+00:00,LAYER-USDT-SWAP,6088404.0,1758417065063
2025-09-21 01:11:05.052000+00:00,LDO-USDT-SWAP,13729867.0,1758417065052
2025-09-21 01:11:05.051000+00:00,LINK-USDT-SWAP,2332607.9,1758417065051
2025-09-21 01:11:05.052000+00:00,LPT-USDT-SWAP,561304.7,1758417065052
2025-09-21 01:11:05.066000+00:00,LQTY-USDT-SWAP,2193082.0,1758417065066
2025-09-21 01:11:05.523000+00:00,LRC-USDT-SWAP,13797950.0,1758417065523
2025-09-21 01:11:05.534000+00:00,LTC-USDT-SWAP,731221.8000000002,1758417065534
2025-09-21 01:11:05.542000+00:00,LUNA-USDT-SWAP,20178007.0,1758417065542
2025-09-21 01:11:05.537000+00:00,MAGIC-USDT-SWAP,15643153.0,1758417065537
2025-09-21 01:11:05.536000+00:00,MAJOR-USDT-SWAP,4636327.0,1758417065536
2025-09-21 01:11:05.548000+00:00,MANA-USDT-SWAP,10718570.0,1758417065548
2025-09-21 01:11:05.539000+00:00,MASK-USDT-SWAP,2967426.0,1758417065539
2025-09-21 01:11:05.535000+00:00,ME-USDT-SWAP,3714629.0,1758417065535
2025-09-21 01:11:05.562000+00:00,MEME-USDT-SWAP,1426265900.0,1758417065562
2025-09-21 01:11:06.011000+00:00,MERL-USDT-SWAP,49548737.0,1758417066011
2025-09-21 01:11:06.012000+00:00,METIS-USDT-SWAP,115861.4,1758417066012
2025-09-21 01:11:06.018000+00:00,MEW-USDT-SWAP,1034025000.0,1758417066018
2025-09-21 01:11:06.014000+00:00,MINA-USDT-SWAP,7564678.0,1758417066014
2025-09-21 01:11:06.011000+00:00,MOG-USDT-SWAP,609824000000.0,1758417066011
2025-09-21 01:11:06.012000+00:00,MOODENG-USDT-SWAP,50911790.0,1758417066012
2025-09-21 01:11:06.009000+00:00,MORPHO-USDT-SWAP,1538216.0,1758417066009
2025-09-21 01:11:06.015000+00:00,MOVE-USDT-SWAP,27652360.0,1758417066015
2025-09-21 01:11:06.016000+00:00,MUBARAK-USDT-SWAP,49900500.0,1758417066016
2025-09-21 01:11:06.469000+00:00,NEAR-USDT-SWAP,7305774.999999996,1758417066469
2025-09-21 01:11:06.468000+00:00,NEIRO-USDT-SWAP,9395411000.0,1758417066468
2025-09-21 01:11:06.471000+00:00,NEO-USDT-SWAP,368495.0,1758417066471
2025-09-21 01:11:06.467000+00:00,NEWT-USDT-SWAP,3399320.0,1758417066467
2025-09-21 01:11:06.475000+00:00,NMR-USDT-SWAP,318754.4,1758417066475
2025-09-21 01:11:06.463000+00:00,NOT-USDT-SWAP,1514705100.0,1758417066463
2025-09-21 01:11:06.473000+00:00,NXPC-USDT-SWAP,1083075.0,1758417066473
2025-09-21 01:11:06.483000+00:00,OL-USDT-SWAP,72860920.0,1758417066483
2025-09-21 01:11:06.474000+00:00,OM-USDT-SWAP,22214148.0,1758417066474
2025-09-21 01:11:07.060000+00:00,ONDO-USDT-SWAP,23804080.0,1758417067060
2025-09-21 01:11:07.055000+00:00,ONE-USDT-SWAP,81343900.0,1758417067055
2025-09-21 01:11:07.061000+00:00,ONT-USDT-SWAP,10321360.0,1758417067061
2025-09-21 01:11:07.065000+00:00,OP-USDT-SWAP,25655188.0,1758417067065
2025-09-21 01:11:07.071000+00:00,ORBS-USDT-SWAP,29162500.0,1758417067071
2025-09-21 01:11:07.072000+00:00,ORDI-USDT-SWAP,1212045.8,1758417067072
2025-09-21 01:11:07.059000+00:00,PARTI-USDT-SWAP,12777180.0,1758417067059
2025-09-21 01:11:07.058000+00:00,PENGU-USDT-SWAP,620946900.0,1758417067058
2025-09-21 01:11:07.061000+00:00,PEOPLE-USDT-SWAP,339847600.0,1758417067061
2025-09-21 01:11:07.085000+00:00,PEPE-USDT-SWAP,8767322000000.004,1758417067085
2025-09-21 01:11:07.532000+00:00,PERP-USDT-SWAP,3181520.0,1758417067532
2025-09-21 01:11:07.525000+00:00,PI-USDT-SWAP,32564538.0,1758417067525
2025-09-21 01:11:07.546000+00:00,PLUME-USDT-SWAP,20154530.0,1758417067546
2025-09-21 01:11:07.526000+00:00,PNUT-USDT-SWAP,36101240.0,1758417067526
2025-09-21 01:11:07.540000+00:00,POL-USDT-SWAP,38136340.0,1758417067540
2025-09-21 01:11:07.534000+00:00,POPCAT-USDT-SWAP,8931960.0,1758417067534
2025-09-21 01:11:07.531000+00:00,PRCL-USDT-SWAP,15261125.0,1758417067531
2025-09-21 01:11:07.532000+00:00,PROMPT-USDT-SWAP,27468990.0,1758417067532
2025-09-21 01:11:07.535000+00:00,PUMP-USDT-SWAP,7944776000.0,1758417067535
2025-09-21 01:11:07.544000+00:00,PYTH-USDT-SWAP,52583330.0,1758417067544
2025-09-21 01:11:07.987000+00:00,QTUM-USDT-SWAP,1042987.0,1758417067987
2025-09-21 01:11:07.976000+00:00,RAY-USDT-SWAP,1492454.0,1758417067976
2025-09-21 01:11:08.014000+00:00,RENDER-USDT-SWAP,1364963.0,1758417068014
2025-09-21 01:11:07.987000+00:00,RESOLV-USDT-SWAP,26524330.0,1758417067987
2025-09-21 01:11:07.994000+00:00,RSR-USDT-SWAP,262782900.0,1758417067994
2025-09-21 01:11:07.986000+00:00,RVN-USDT-SWAP,79933570.0,1758417067986
2025-09-21 01:11:07.990000+00:00,S-USDT-SWAP,12524690.0,1758417067990
2025-09-21 01:11:07.991000+00:00,SAHARA-USDT-SWAP,37746610.0,1758417067991
2025-09-21 01:11:07.998000+00:00,SAND-USDT-SWAP,16902040.0,1758417067998
2025-09-21 01:11:08.006000+00:00,SATS-USDT-SWAP,190016000000000.0,1758417068006
2025-09-21 01:11:08.447000+00:00,SCR-USDT-SWAP,2438121.0,1758417068447
2025-09-21 01:11:08.458000+00:00,SHELL-USDT-SWAP,5080820.0,1758417068458
2025-09-21 01:11:08.476000+00:00,SHIB-USDT-SWAP,1670274800000.0,1758417068476
2025-09-21 01:11:08.450000+00:00,SIGN-USDT-SWAP,48639300.0,1758417068450
2025-09-21 01:11:08.460000+00:00,SLP-USDT-SWAP,401615060.0,1758417068460
2025-09-21 01:11:08.464000+00:00,SNX-USDT-SWAP,2251232.0,1758417068464
2025-09-21 01:11:08.468000+00:00,SOL-USDT-SWAP,3760128.440000002,1758417068468
2025-09-21 01:11:08.453000+00:00,SOLV-USDT-SWAP,56733800.0,1758417068453
2025-09-21 01:11:08.451000+00:00,SONIC-USDT-SWAP,7813182.0,1758417068451
2025-09-21 01:11:08.478000+00:00,SOON-USDT-SWAP,6600190.0,1758417068478
2025-09-21 01:11:08.931000+00:00,SOPH-USDT-SWAP,81347100.0,1758417068931
2025-09-21 01:11:08.933000+00:00,SPK-USDT-SWAP,112912600.0,1758417068933
2025-09-21 01:11:08.945000+00:00,SPX-USDT-SWAP,977343.0,1758417068945
2025-09-21 01:11:08.927000+00:00,SSV-USDT-SWAP,290130.0,1758417068927
2025-09-21 01:11:08.929000+00:00,STORJ-USDT-SWAP,5977120.0,1758417068929
2025-09-21 01:11:08.947000+00:00,STRK-USDT-SWAP,24256849.0,1758417068947
2025-09-21 01:11:08.944000+00:00,STX-USDT-SWAP,7281931.000000001,1758417068944
2025-09-21 01:11:08.937000+00:00,SUI-USDT-SWAP,23601863.0,1758417068937
2025-09-21 01:11:08.939000+00:00,SUSHI-USDT-SWAP,8262553.0,1758417068939
2025-09-21 01:11:08.945000+00:00,SWARMS-USDT-SWAP,76720240.0,1758417068945
2025-09-21 01:11:09.398000+00:00,SYRUP-USDT-SWAP,2417730.0,1758417069398
2025-09-21 01:11:09.405000+00:00,T-USDT-SWAP,41482300.0,1758417069405
2025-09-21 01:11:09.408000+00:00,TAO-USDT-SWAP,14091.94,1758417069408
2025-09-21 01:11:09.415000+00:00,THETA-USDT-SWAP,2868968.0,1758417069415
2025-09-21 01:11:09.400000+00:00,TIA-USDT-SWAP,4923034.0,1758417069400
2025-09-21 01:11:09.417000+00:00,TNSR-USDT-SWAP,9682210.0,1758417069417
2025-09-21 01:11:09.407000+00:00,TON-USDT-SWAP,8258586.0,1758417069407
2025-09-21 01:11:09.420000+00:00,TRB-USDT-SWAP,232460.2,1758417069420
2025-09-21 01:11:09.401000+00:00,TREE-USDT-SWAP,7403946.0,1758417069401
2025-09-21 01:11:09.415000+00:00,TRUMP-USDT-SWAP,5581646.1,1758417069415
2025-09-21 01:11:09.865000+00:00,TRX-USDT-SWAP,83285660.00000015,1758417069865
2025-09-21 01:11:09.864000+00:00,TURBO-USDT-SWAP,842066000.0,1758417069864
2025-09-21 01:11:09.872000+00:00,UMA-USDT-SWAP,1288718.3,1758417069872
2025-09-21 01:11:09.867000+00:00,UNI-USDT-SWAP,3698438.0,1758417069867
2025-09-21 01:11:09.879000+00:00,USDC-USDT-SWAP,929080.0,1758417069879
2025-09-21 01:11:09.871000+00:00,USELESS-USDT-SWAP,19934280.0,1758417069871
2025-09-21 01:11:09.866000+00:00,UXLINK-USDT-SWAP,5775020.0,1758417069866
2025-09-21 01:11:09.868000+00:00,VANA-USDT-SWAP,132097.8,1758417069868
2025-09-21 01:11:09.877000+00:00,VINE-USDT-SWAP,107744210.0,1758417069877
2025-09-21 01:11:10.337000+00:00,VIRTUAL-USDT-SWAP,3668006.0,1758417070337
2025-09-21 01:11:10.328000+00:00,W-USDT-SWAP,74058661.0,1758417070328
2025-09-21 01:11:10.340000+00:00,WAL-USDT-SWAP,1998100.0,1758417070340
2025-09-21 01:11:10.333000+00:00,WCT-USDT-SWAP,9251360.0,1758417070333
2025-09-21 01:11:10.334000+00:00,WIF-USDT-SWAP,18388015.0,1758417070334
2025-09-21 01:11:10.346000+00:00,WLD-USDT-SWAP,27356497.0,1758417070346
2025-09-21 01:11:10.338000+00:00,WLFI-USDT-SWAP,291644260.0,1758417070338
2025-09-21 01:11:10.336000+00:00,WOO-USDT-SWAP,23800820.0,1758417070336
2025-09-21 01:11:10.338000+00:00,XAUT-USDT-SWAP,4616.165,1758417070338
2025-09-21 01:11:10.784000+00:00,XLM-USDT-SWAP,38554280.00000001,1758417070784
2025-09-21 01:11:10.788000+00:00,XPL-USDT-SWAP,10707960.0,1758417070788
2025-09-21 01:11:10.807000+00:00,XRP-USDT-SWAP,107401740.99999993,1758417070807
2025-09-21 01:11:10.790000+00:00,XTZ-USDT-SWAP,5749808.0,1758417070790
2025-09-21 01:11:10.787000+00:00,YFI-USDT-SWAP,394.5974,1758417070787
2025-09-21 01:11:10.795000+00:00,YGG-USDT-SWAP,41152030.0,1758417070795
2025-09-21 01:11:10.801000+00:00,ZENT-USDT-SWAP,188026700.0,1758417070801
2025-09-21 01:11:10.788000+00:00,ZETA-USDT-SWAP,5525160.0,1758417070788
2025-09-21 01:11:10.799000+00:00,ZIL-USDT-SWAP,157360200.0,1758417070799
2025-09-21 01:11:11.262000+00:00,ZK-USDT-SWAP,47879050.0,1758417071262
2025-09-21 01:11:11.252000+00:00,ZRO-USDT-SWAP,2003150.0,1758417071252
2025-09-21 01:11:11.256000+00:00,ZRX-USDT-SWAP,6551070.0,1758417071256
2025-09-21 02:46:02.322000+00:00,1INCH-USDT-SWAP,7062142.0,1758422762322
2025-09-21 02:46:02.331000+00:00,A-USDT-SWAP,11326600.0,1758422762331
2025-09-21 02:46:02.303000+00:00,AAVE-USDT-SWAP,129585.30000000005,1758422762303
2025-09-21 02:46:02.305000+00:00,ACE-USDT-SWAP,2838839.0,1758422762305
2025-09-21 02:46:02.306000+00:00,ACH-USDT-SWAP,95163400.0,1758422762306
2025-09-21 02:46:02.315000+00:00,ACT-USDT-SWAP,98669944.0,1758422762315
2025-09-21 02:46:02.301000+00:00,ADA-USDT-SWAP,93005810.00000003,1758422762301
2025-09-21 02:46:02.308000+00:00,AERO-USDT-SWAP,2347860.0,1758422762308
2025-09-21 02:46:02.317000+00:00,AEVO-USDT-SWAP,27451794.0,1758422762317
2025-09-21 02:46:02.316000+00:00,AGLD-USDT-SWAP,1995991.0,1758422762316
2025-09-21 02:46:02.743000+00:00,AI16Z-USDT-SWAP,50937482.0,1758422762743
2025-09-21 02:46:02.745000+00:00,AIXBT-USDT-SWAP,22473200.0,1758422762745
2025-09-21 02:46:02.746000+00:00,ALGO-USDT-SWAP,27868340.0,1758422762746
2025-09-21 02:46:02.741000+00:00,ANIME-USDT-SWAP,96717230.0,1758422762741
2025-09-21 02:46:02.751000+00:00,APE-USDT-SWAP,7895268.8,1758422762751
2025-09-21 02:46:02.751000+00:00,API3-USDT-SWAP,2082100.0,1758422762751
2025-09-21 02:46:02.742000+00:00,APT-USDT-SWAP,4105745.0,1758422762742
2025-09-21 02:46:02.751000+00:00,AR-USDT-SWAP,531190.2,1758422762751
2025-09-21 02:46:02.750000+00:00,ARB-USDT-SWAP,37003267.999999985,1758422762750
2025-09-21 02:46:03.237000+00:00,ARC-USDT-SWAP,100655270.0,1758422763237
2025-09-21 02:46:03.170000+00:00,ARKM-USDT-SWAP,3432560.0,1758422763170
2025-09-21 02:46:03.174000+00:00,ATH-USDT-SWAP,170170900.0,1758422763174
2025-09-21 02:46:03.177000+00:00,ATOM-USDT-SWAP,2116151.0,1758422763177
2025-09-21 02:46:03.168000+00:00,AUCTION-USDT-SWAP,231171.0,1758422763168
2025-09-21 02:46:03.175000+00:00,AVAAI-USDT-SWAP,88266880.0,1758422763175
2025-09-21 02:46:03.173000+00:00,AVAX-USDT-SWAP,2268648.9000000013,1758422763173
2025-09-21 02:46:03.169000+00:00,AXS-USDT-SWAP,1120037.0,1758422763169
2025-09-21 02:46:03.173000+00:00,BABY-USDT-SWAP,39253240.0,1758422763173
2025-09-21 02:46:03.176000+00:00,BAND-USDT-SWAP,1271090.0,1758422763176
2025-09-21 02:46:03.648000+00:00,BAT-USDT-SWAP,4773350.0,1758422763648
2025-09-21 02:46:03.654000+00:00,BCH-USDT-SWAP,71164.10999999996,1758422763654
2025-09-21 02:46:03.693000+00:00,BERA-USDT-SWAP,2616878.6,1758422763693
2025-09-21 02:46:03.654000+00:00,BICO-USDT-SWAP,7211639.0,1758422763654
2025-09-21 02:46:03.652000+00:00,BIGTIME-USDT-SWAP,40160120.0,1758422763652
2025-09-21 02:46:03.657000+00:00,BIO-USDT-SWAP,68675854.0,1758422763657
2025-09-21 02:46:03.648000+00:00,BLUR-USDT-SWAP,24833300.0,1758422763648
2025-09-21 02:46:03.654000+00:00,BNB-USDT-SWAP,151461.58,1758422763654
2025-09-21 02:46:03.649000+00:00,BNT-USDT-SWAP,731640.0,1758422763649
2025-09-21 02:46:03.666000+00:00,BOME-USDT-SWAP,1023280000.0,1758422763666
2025-09-21 02:46:04.104000+00:00,BONK-USDT-SWAP,481822600000.0,1758422764104
2025-09-21 02:46:04.118000+00:00,BRETT-USDT-SWAP,19459500.0,1758422764118
2025-09-21 02:46:04.113000+00:00,BTC-USDT-SWAP,28001.26880000008,1758422764113
2025-09-21 02:46:04.113000+00:00,CAT-USDT-SWAP,197633200000.0,1758422764113
2025-09-21 02:46:04.115000+00:00,CATI-USDT-SWAP,16085319.0,1758422764115
2025-09-21 02:46:04.117000+00:00,CELO-USDT-SWAP,3742859.0,1758422764117
2025-09-21 02:46:04.113000+00:00,CETUS-USDT-SWAP,22390840.0,1758422764113
2025-09-21 02:46:04.111000+00:00,CFX-USDT-SWAP,75558340.0,1758422764111
2025-09-21 02:46:04.111000+00:00,CHZ-USDT-SWAP,78202360.0,1758422764111
2025-09-21 02:46:04.116000+00:00,COMP-USDT-SWAP,75095.9,1758422764116
2025-09-21 02:46:04.546000+00:00,COOKIE-USDT-SWAP,5067080.0,1758422764546
2025-09-21 02:46:04.544000+00:00,CORE-USDT-SWAP,9980263.0,1758422764544
2025-09-21 02:46:04.552000+00:00,CRO-USDT-SWAP,51032550.0,1758422764552
2025-09-21 02:46:04.546000+00:00,CRV-USDT-SWAP,24960621.0,1758422764546
2025-09-21 02:46:04.543000+00:00,CTC-USDT-SWAP,1677590.0,1758422764543
2025-09-21 02:46:04.548000+00:00,CVC-USDT-SWAP,9716200.0,1758422764548
2025-09-21 02:46:04.551000+00:00,CVX-USDT-SWAP,373664.0,1758422764551
2025-09-21 02:46:04.546000+00:00,DEGEN-USDT-SWAP,332616500.0,1758422764546
2025-09-21 02:46:04.972000+00:00,DOGE-USDT-SWAP,1389559259.9999995,1758422764972
2025-09-21 02:46:04.980000+00:00,DOGS-USDT-SWAP,15887480000.0,1758422764980
2025-09-21 02:46:04.981000+00:00,DOOD-USDT-SWAP,146501000.0,1758422764981
2025-09-21 02:46:04.986000+00:00,DOT-USDT-SWAP,6306954.0,1758422764986
2025-09-21 02:46:04.982000+00:00,DYDX-USDT-SWAP,13185662.0,1758422764982
2025-09-21 02:46:04.976000+00:00,EGLD-USDT-SWAP,117842.0,1758422764976
2025-09-21 02:46:04.975000+00:00,EIGEN-USDT-SWAP,4750168.0,1758422764975
2025-09-21 02:46:04.976000+00:00,ENJ-USDT-SWAP,14718220.0,1758422764976
2025-09-21 02:46:04.984000+00:00,ENS-USDT-SWAP,328312.2,1758422764984
2025-09-21 02:46:05.403000+00:00,ETC-USDT-SWAP,1209409.7000000004,1758422765403
2025-09-21 02:46:05.397000+00:00,ETH-USDT-SWAP,746669.9489999997,1758422765397
2025-09-21 02:46:05.408000+00:00,ETHFI-USDT-SWAP,7671585.0,1758422765408
2025-09-21 02:46:05.399000+00:00,ETHW-USDT-SWAP,1221740.3,1758422765399
2025-09-21 02:46:05.396000+00:00,FARTCOIN-USDT-SWAP,25081804.0,1758422765396
2025-09-21 02:46:05.422000+00:00,FIL-USDT-SWAP,13616286.6,1758422765422
2025-09-21 02:46:05.426000+00:00,FLM-USDT-SWAP,30770920.0,1758422765426
2025-09-21 02:46:05.406000+00:00,FLOKI-USDT-SWAP,38691800000.0,1758422765406
2025-09-21 02:46:05.422000+00:00,FLOW-USDT-SWAP,4250360.0,1758422765422
2025-09-21 02:46:05.410000+00:00,FXS-USDT-SWAP,353548.0,1758422765410
2025-09-21 02:46:05.853000+00:00,GALA-USDT-SWAP,460959370.0,1758422765853
2025-09-21 02:46:05.868000+00:00,GAS-USDT-SWAP,364665.0,1758422765868
2025-09-21 02:46:05.863000+00:00,GLM-USDT-SWAP,3149260.0,1758422765863
2025-09-21 02:46:05.864000+00:00,GMT-USDT-SWAP,47403575.0,1758422765864
2025-09-21 02:46:05.858000+00:00,GMX-USDT-SWAP,70339.8,1758422765858
2025-09-21 02:46:05.870000+00:00,GOAT-USDT-SWAP,28599800.0,1758422765870
2025-09-21 02:46:05.858000+00:00,GODS-USDT-SWAP,7969976.0,1758422765858
2025-09-21 02:46:05.859000+00:00,GPS-USDT-SWAP,134506560.0,1758422765859
2025-09-21 02:46:05.867000+00:00,GRASS-USDT-SWAP,2659095.0,1758422765867
2025-09-21 02:46:05.876000+00:00,GRIFFAIN-USDT-SWAP,28901510.0,1758422765876
2025-09-21 02:46:06.310000+00:00,GRT-USDT-SWAP,21654430.0,1758422766310
2025-09-21 02:46:06.313000+00:00,H-USDT-SWAP,80594600.0,1758422766313
2025-09-21 02:46:06.315000+00:00,HBAR-USDT-SWAP,81622580.00000006,1758422766315
2025-09-21 02:46:06.307000+00:00,HMSTR-USDT-SWAP,1191257700.0,1758422766307
2025-09-21 02:46:06.307000+00:00,HOME-USDT-SWAP,16095900.0,1758422766307
2025-09-21 02:46:06.327000+00:00,HUMA-USDT-SWAP,69739900.0,1758422766327
2025-09-21 02:46:06.319000+00:00,HYPE-USDT-SWAP,1008129.1,1758422766319
2025-09-21 02:46:06.314000+00:00,ICP-USDT-SWAP,1746627.9,1758422766314
2025-09-21 02:46:06.324000+00:00,ICX-USDT-SWAP,5584550.0,1758422766324
2025-09-21 02:46:06.316000+00:00,IMX-USDT-SWAP,9388672.0,1758422766316
2025-09-21 02:46:06.736000+00:00,INIT-USDT-SWAP,2243810.0,1758422766736
2025-09-21 02:46:06.740000+00:00,INJ-USDT-SWAP,901244.8,1758422766740
2025-09-21 02:46:06.744000+00:00,IOST-USDT-SWAP,268930000.0,1758422766744
2025-09-21 02:46:06.747000+00:00,IOTA-USDT-SWAP,14306880.0,1758422766747
2025-09-21 02:46:06.748000+00:00,IP-USDT-SWAP,5337142.0,1758422766748
2025-09-21 02:46:06.767000+00:00,JELLYJELLY-USDT-SWAP,190867400.0,1758422766767
2025-09-21 02:46:06.744000+00:00,JOE-USDT-SWAP,7491210.0,1758422766744
2025-09-21 02:46:06.743000+00:00,JTO-USDT-SWAP,3835541.0,1758422766743
2025-09-21 02:46:06.805000+00:00,JUP-USDT-SWAP,14314360.0,1758422766805
2025-09-21 02:46:07.235000+00:00,KAITO-USDT-SWAP,4840000.0,1758422767235
2025-09-21 02:46:07.243000+00:00,KMNO-USDT-SWAP,51413700.0,1758422767243
2025-09-21 02:46:07.244000+00:00,KSM-USDT-SWAP,128093.9,1758422767244
2025-09-21 02:46:07.238000+00:00,LA-USDT-SWAP,6562200.0,1758422767238
2025-09-21 02:46:07.237000+00:00,LAUNCHCOIN-USDT-SWAP,41006350.0,1758422767237
2025-09-21 02:46:07.252000+00:00,LAYER-USDT-SWAP,6107816.0,1758422767252
2025-09-21 02:46:07.242000+00:00,LDO-USDT-SWAP,13662756.0,1758422767242
2025-09-21 02:46:07.239000+00:00,LINK-USDT-SWAP,2333352.1999999997,1758422767239
2025-09-21 02:46:07.242000+00:00,LPT-USDT-SWAP,562090.9,1758422767242
2025-09-21 02:46:07.244000+00:00,LQTY-USDT-SWAP,2198941.0,1758422767244
2025-09-21 02:46:07.655000+00:00,LRC-USDT-SWAP,13863530.0,1758422767655
2025-09-21 02:46:07.670000+00:00,LTC-USDT-SWAP,733340.8000000002,1758422767670
2025-09-21 02:46:07.664000+00:00,LUNA-USDT-SWAP,20176980.0,1758422767664
2025-09-21 02:46:07.806000+00:00,MAGIC-USDT-SWAP,15967255.0,1758422767806
2025-09-21 02:46:07.675000+00:00,MAJOR-USDT-SWAP,4640112.0,1758422767675
2025-09-21 02:46:07.665000+00:00,MANA-USDT-SWAP,10617040.0,1758422767665
2025-09-21 02:46:07.663000+00:00,MASK-USDT-SWAP,2955607.0,1758422767663
2025-09-21 02:46:07.662000+00:00,ME-USDT-SWAP,3714190.0,1758422767662
2025-09-21 02:46:07.667000+00:00,MEME-USDT-SWAP,1558825500.0,1758422767667
2025-09-21 02:46:08.221000+00:00,MERL-USDT-SWAP,49511683.0,1758422768221
2025-09-21 02:46:08.219000+00:00,METIS-USDT-SWAP,116015.9,1758422768219
2025-09-21 02:46:08.232000+00:00,MEW-USDT-SWAP,1028271000.0,1758422768232
2025-09-21 02:46:08.223000+00:00,MINA-USDT-SWAP,7562497.0,1758422768223
2025-09-21 02:46:08.254000+00:00,MOG-USDT-SWAP,608933000000.0,1758422768254
2025-09-21 02:46:08.224000+00:00,MOODENG-USDT-SWAP,51494670.0,1758422768224
2025-09-21 02:46:08.222000+00:00,MORPHO-USDT-SWAP,1551782.0,1758422768222
2025-09-21 02:46:08.219000+00:00,MOVE-USDT-SWAP,28103590.0,1758422768219
2025-09-21 02:46:08.228000+00:00,MUBARAK-USDT-SWAP,48336400.0,1758422768228
2025-09-21 02:46:08.672000+00:00,NEAR-USDT-SWAP,7226922.999999997,1758422768672
2025-09-21 02:46:08.675000+00:00,NEIRO-USDT-SWAP,9232546000.0,1758422768675
2025-09-21 02:46:08.674000+00:00,NEO-USDT-SWAP,368935.0,1758422768674
2025-09-21 02:46:08.676000+00:00,NEWT-USDT-SWAP,3430080.0,1758422768676
2025-09-21 02:46:08.682000+00:00,NMR-USDT-SWAP,319371.4,1758422768682
2025-09-21 02:46:08.677000+00:00,NOT-USDT-SWAP,1515808400.0,1758422768677
2025-09-21 02:46:08.678000+00:00,NXPC-USDT-SWAP,1081920.0,1758422768678
2025-09-21 02:46:08.717000+00:00,OL-USDT-SWAP,71876130.0,1758422768717
2025-09-21 02:46:08.685000+00:00,OM-USDT-SWAP,22356090.0,1758422768685
2025-09-21 02:46:09.520000+00:00,ONDO-USDT-SWAP,23887160.0,1758422769520
2025-09-21 02:46:09.523000+00:00,ONE-USDT-SWAP,81304700.0,1758422769523
2025-09-21 02:46:09.529000+00:00,ONT-USDT-SWAP,10300210.0,1758422769529
2025-09-21 02:46:09.516000+00:00,OP-USDT-SWAP,25467388.0,1758422769516
2025-09-21 02:46:09.520000+00:00,ORBS-USDT-SWAP,29111000.0,1758422769520
2025-09-21 02:46:09.530000+00:00,ORDI-USDT-SWAP,1205435.7,1758422769530
2025-09-21 02:46:09.520000+00:00,PARTI-USDT-SWAP,12700810.0,1758422769520
2025-09-21 02:46:09.547000+00:00,PENGU-USDT-SWAP,622963200.0,1758422769547
2025-09-21 02:46:09.523000+00:00,PEOPLE-USDT-SWAP,338987300.0,1758422769523
2025-09-21 02:46:09.530000+00:00,PEPE-USDT-SWAP,8781053000000.004,1758422769530
2025-09-21 02:46:09.973000+00:00,PERP-USDT-SWAP,3159401.0,1758422769973
2025-09-21 02:46:09.975000+00:00,PI-USDT-SWAP,32710328.0,1758422769975
2025-09-21 02:46:09.983000+00:00,PLUME-USDT-SWAP,20331780.0,1758422769983
2025-09-21 02:46:09.975000+00:00,PNUT-USDT-SWAP,35994960.0,1758422769975
2025-09-21 02:46:09.974000+00:00,POL-USDT-SWAP,38121560.0,1758422769974
2025-09-21 02:46:09.978000+00:00,POPCAT-USDT-SWAP,8961690.0,1758422769978
2025-09-21 02:46:09.980000+00:00,PRCL-USDT-SWAP,15399023.0,1758422769980
2025-09-21 02:46:09.983000+00:00,PROMPT-USDT-SWAP,27532930.0,1758422769983
2025-09-21 02:46:09.976000+00:00,PUMP-USDT-SWAP,7991166000.0,1758422769976
2025-09-21 02:46:09.977000+00:00,PYTH-USDT-SWAP,53028410.0,1758422769977
2025-09-21 02:46:10.404000+00:00,QTUM-USDT-SWAP,1044149.0,1758422770404
2025-09-21 02:46:10.403000+00:00,RAY-USDT-SWAP,1498146.0,1758422770403
2025-09-21 02:46:10.410000+00:00,RENDER-USDT-SWAP,1373921.0,1758422770410
2025-09-21 02:46:10.410000+00:00,RESOLV-USDT-SWAP,26366670.0,1758422770410
2025-09-21 02:46:10.408000+00:00,RSR-USDT-SWAP,262430500.0,1758422770408
2025-09-21 02:46:10.412000+00:00,RVN-USDT-SWAP,81394280.0,1758422770412
2025-09-21 02:46:10.411000+00:00,S-USDT-SWAP,12499350.0,1758422770411
2025-09-21 02:46:10.405000+00:00,SAHARA-USDT-SWAP,38052780.0,1758422770405
2025-09-21 02:46:10.415000+00:00,SAND-USDT-SWAP,16874540.0,1758422770415
2025-09-21 02:46:10.413000+00:00,SATS-USDT-SWAP,187687630000000.0,1758422770413
2025-09-21 02:46:10.822000+00:00,SCR-USDT-SWAP,2451361.0,1758422770822
2025-09-21 02:46:10.826000+00:00,SHELL-USDT-SWAP,5060880.0,1758422770826
2025-09-21 02:46:10.831000+00:00,SHIB-USDT-SWAP,1666087600000.0,1758422770831
2025-09-21 02:46:10.824000+00:00,SIGN-USDT-SWAP,48729400.0,1758422770824
2025-09-21 02:46:10.829000+00:00,SLP-USDT-SWAP,403195470.0,1758422770829
2025-09-21 02:46:10.852000+00:00,SNX-USDT-SWAP,2270629.0,1758422770852
2025-09-21 02:46:10.830000+00:00,SOL-USDT-SWAP,3748275.8200000026,1758422770830
2025-09-21 02:46:10.836000+00:00,SOLV-USDT-SWAP,56985000.0,1758422770836
2025-09-21 02:46:10.835000+00:00,SONIC-USDT-SWAP,7819332.0,1758422770835
2025-09-21 02:46:10.848000+00:00,SOON-USDT-SWAP,6624160.0,1758422770848
2025-09-21 02:46:11.260000+00:00,SOPH-USDT-SWAP,79977000.0,1758422771260
2025-09-21 02:46:11.263000+00:00,SPK-USDT-SWAP,113392700.0,1758422771263
2025-09-21 02:46:11.264000+00:00,SPX-USDT-SWAP,990930.0,1758422771264
2025-09-21 02:46:11.260000+00:00,SSV-USDT-SWAP,289786.1,1758422771260
2025-09-21 02:46:11.259000+00:00,STORJ-USDT-SWAP,6003600.0,1758422771259
2025-09-21 02:46:11.272000+00:00,STRK-USDT-SWAP,24409768.0,1758422771272
2025-09-21 02:46:11.409000+00:00,STX-USDT-SWAP,7293414.0,1758422771409
2025-09-21 02:46:11.269000+00:00,SUI-USDT-SWAP,23664253.0,1758422771269
2025-09-21 02:46:11.265000+00:00,SUSHI-USDT-SWAP,8195763.0,1758422771265
2025-09-21 02:46:11.272000+00:00,SWARMS-USDT-SWAP,76760550.0,1758422771272
2025-09-21 02:46:11.820000+00:00,SYRUP-USDT-SWAP,2412990.0,1758422771820
2025-09-21 02:46:11.830000+00:00,T-USDT-SWAP,41275200.0,1758422771830
2025-09-21 02:46:11.835000+00:00,TAO-USDT-SWAP,14139.96,1758422771835
2025-09-21 02:46:11.827000+00:00,THETA-USDT-SWAP,2849086.0,1758422771827
2025-09-21 02:46:11.856000+00:00,TIA-USDT-SWAP,4985312.0,1758422771856
2025-09-21 02:46:11.836000+00:00,TNSR-USDT-SWAP,9665308.0,1758422771836
2025-09-21 02:46:11.839000+00:00,TON-USDT-SWAP,8271063.0,1758422771839
2025-09-21 02:46:11.827000+00:00,TRB-USDT-SWAP,231669.9,1758422771827
2025-09-21 02:46:11.832000+00:00,TREE-USDT-SWAP,7395874.0,1758422771832
2025-09-21 02:46:11.838000+00:00,TRUMP-USDT-SWAP,5575408.4,1758422771838
2025-09-21 02:46:12.279000+00:00,TRX-USDT-SWAP,83275150.00000015,1758422772279
2025-09-21 02:46:12.289000+00:00,TURBO-USDT-SWAP,843861000.0000001,1758422772289
2025-09-21 02:46:12.292000+00:00,UMA-USDT-SWAP,1299939.3,1758422772292
2025-09-21 02:46:12.290000+00:00,UNI-USDT-SWAP,3693391.0,1758422772290
2025-09-21 02:46:12.285000+00:00,USDC-USDT-SWAP,929080.0,1758422772285
2025-09-21 02:46:12.300000+00:00,USELESS-USDT-SWAP,19991880.0,1758422772300
2025-09-21 02:46:12.315000+00:00,UXLINK-USDT-SWAP,5761090.0,1758422772315
2025-09-21 02:46:12.292000+00:00,VANA-USDT-SWAP,130978.3,1758422772292
2025-09-21 02:46:12.294000+00:00,VINE-USDT-SWAP,106718510.0,1758422772294
2025-09-21 02:46:12.742000+00:00,VIRTUAL-USDT-SWAP,3665657.0,1758422772742
2025-09-21 02:46:12.739000+00:00,W-USDT-SWAP,72201952.0,1758422772739
2025-09-21 02:46:12.745000+00:00,WAL-USDT-SWAP,1982950.0,1758422772745
2025-09-21 02:46:12.740000+00:00,WCT-USDT-SWAP,9296030.0,1758422772740
2025-09-21 02:46:12.745000+00:00,WIF-USDT-SWAP,18436270.0,1758422772745
2025-09-21 02:46:12.744000+00:00,WLD-USDT-SWAP,27694643.0,1758422772744
2025-09-21 02:46:12.739000+00:00,WLFI-USDT-SWAP,291224210.0,1758422772739
2025-09-21 02:46:12.743000+00:00,WOO-USDT-SWAP,23752810.0,1758422772743
2025-09-21 02:46:12.748000+00:00,XAUT-USDT-SWAP,4580.314,1758422772748
2025-09-21 02:46:13.161000+00:00,XLM-USDT-SWAP,38644540.00000001,1758422773161
2025-09-21 02:46:13.165000+00:00,XPL-USDT-SWAP,10653040.0,1758422773165
2025-09-21 02:46:13.166000+00:00,XRP-USDT-SWAP,106568900.99999994,1758422773166
2025-09-21 02:46:13.161000+00:00,XTZ-USDT-SWAP,5740895.0,1758422773161
2025-09-21 02:46:13.162000+00:00,YFI-USDT-SWAP,397.1559,1758422773162
2025-09-21 02:46:13.171000+00:00,YGG-USDT-SWAP,41407089.0,1758422773171
2025-09-21 02:46:13.165000+00:00,ZENT-USDT-SWAP,187792100.0,1758422773165
2025-09-21 02:46:13.168000+00:00,ZETA-USDT-SWAP,5541490.0,1758422773168
2025-09-21 02:46:13.179000+00:00,ZIL-USDT-SWAP,156649600.0,1758422773179
2025-09-21 02:46:13.581000+00:00,ZK-USDT-SWAP,47604110.0,1758422773581
2025-09-21 02:46:13.582000+00:00,ZRO-USDT-SWAP,2013861.0,1758422773582
2025-09-21 02:46:13.579000+00:00,ZRX-USDT-SWAP,6549890.0,1758422773579
2025-09-21 02:47:14.259000+00:00,1INCH-USDT-SWAP,7062136.0,1758422834259
2025-09-21 02:47:14.256000+00:00,A-USDT-SWAP,11326690.0,1758422834256
2025-09-21 02:47:14.254000+00:00,AAVE-USDT-SWAP,129581.77000000005,1758422834254
2025-09-21 02:47:14.251000+00:00,ACE-USDT-SWAP,2839011.0,1758422834251
2025-09-21 02:47:14.259000+00:00,ACH-USDT-SWAP,95163400.0,1758422834259
2025-09-21 02:47:14.250000+00:00,ACT-USDT-SWAP,98684351.0,1758422834250
2025-09-21 02:47:14.268000+00:00,ADA-USDT-SWAP,93000980.00000003,1758422834268
2025-09-21 02:47:14.263000+00:00,AERO-USDT-SWAP,2356360.0,1758422834263
2025-09-21 02:47:14.278000+00:00,AEVO-USDT-SWAP,27450085.0,1758422834278
2025-09-21 02:47:14.266000+00:00,AGLD-USDT-SWAP,1994168.0,1758422834266
2025-09-21 02:47:14.718000+00:00,AI16Z-USDT-SWAP,50934820.0,1758422834718
2025-09-21 02:47:14.716000+00:00,AIXBT-USDT-SWAP,22472180.0,1758422834716
2025-09-21 02:47:14.722000+00:00,ALGO-USDT-SWAP,27868470.0,1758422834722
2025-09-21 02:47:14.718000+00:00,ANIME-USDT-SWAP,96717820.0,1758422834718
2025-09-21 02:47:14.718000+00:00,APE-USDT-SWAP,7895228.4,1758422834718
2025-09-21 02:47:14.733000+00:00,API3-USDT-SWAP,2082075.0,1758422834733
2025-09-21 02:47:14.721000+00:00,APT-USDT-SWAP,4104155.0,1758422834721
2025-09-21 02:47:14.723000+00:00,AR-USDT-SWAP,531374.3,1758422834723
2025-09-21 02:47:14.728000+00:00,ARB-USDT-SWAP,37001205.999999985,1758422834728
2025-09-21 02:47:15.201000+00:00,ARC-USDT-SWAP,100655230.0,1758422835201
2025-09-21 02:47:15.172000+00:00,ARKM-USDT-SWAP,3432647.0,1758422835172
2025-09-21 02:47:15.182000+00:00,ATH-USDT-SWAP,170141000.0,1758422835182
2025-09-21 02:47:15.178000+00:00,ATOM-USDT-SWAP,2116271.0,1758422835178
2025-09-21 02:47:15.176000+00:00,AUCTION-USDT-SWAP,231267.6,1758422835176
2025-09-21 02:47:15.173000+00:00,AVAAI-USDT-SWAP,88254640.0,1758422835173
2025-09-21 02:47:15.173000+00:00,AVAX-USDT-SWAP,2268718.100000001,1758422835173
2025-09-21 02:47:15.174000+00:00,AXS-USDT-SWAP,1119733.8,1758422835174
2025-09-21 02:47:15.185000+00:00,BABY-USDT-SWAP,39239230.0,1758422835185
2025-09-21 02:47:15.185000+00:00,BAND-USDT-SWAP,1270418.0,1758422835185
2025-09-21 02:47:15.627000+00:00,BAT-USDT-SWAP,4773350.0,1758422835627
2025-09-21 02:47:16.020000+00:00,BCH-USDT-SWAP,71168.38999999996,1758422836020
2025-09-21 02:47:15.628000+00:00,BERA-USDT-SWAP,2616701.1,1758422835628
2025-09-21 02:47:15.619000+00:00,BICO-USDT-SWAP,7207299.0,1758422835619
2025-09-21 02:47:15.615000+00:00,BIGTIME-USDT-SWAP,40156250.0,1758422835615
2025-09-21 02:47:15.624000+00:00,BIO-USDT-SWAP,68647505.0,1758422835624
2025-09-21 02:47:15.620000+00:00,BLUR-USDT-SWAP,24833250.0,1758422835620
2025-09-21 02:47:15.645000+00:00,BNB-USDT-SWAP,151339.82,1758422835645
2025-09-21 02:47:15.622000+00:00,BNT-USDT-SWAP,731640.0,1758422835622
2025-09-21 02:47:15.625000+00:00,BOME-USDT-SWAP,1023180000.0,1758422835625
2025-09-21 02:47:16.448000+00:00,BONK-USDT-SWAP,481704700000.0,1758422836448
2025-09-21 02:47:16.444000+00:00,BRETT-USDT-SWAP,19448100.0,1758422836444
2025-09-21 02:47:16.447000+00:00,BTC-USDT-SWAP,27999.02140000008,1758422836447
2025-09-21 02:47:16.449000+00:00,CAT-USDT-SWAP,197665700000.0,1758422836449
2025-09-21 02:47:16.452000+00:00,CATI-USDT-SWAP,16085075.0,1758422836452
2025-09-21 02:47:16.447000+00:00,CELO-USDT-SWAP,3742857.0,1758422836447
2025-09-21 02:47:16.447000+00:00,CETUS-USDT-SWAP,22389320.0,1758422836447
2025-09-21 02:47:16.446000+00:00,CFX-USDT-SWAP,75555660.0,1758422836446
2025-09-21 02:47:16.445000+00:00,CHZ-USDT-SWAP,78208220.0,1758422836445
2025-09-21 02:47:16.473000+00:00,COMP-USDT-SWAP,75096.1,1758422836473
2025-09-21 02:47:16.883000+00:00,COOKIE-USDT-SWAP,5067150.0,1758422836883
2025-09-21 02:47:16.884000+00:00,CORE-USDT-SWAP,9980263.0,1758422836884
2025-09-21 02:47:16.888000+00:00,CRO-USDT-SWAP,51032000.0,1758422836888
2025-09-21 02:47:16.889000+00:00,CRV-USDT-SWAP,24960777.0,1758422836889
2025-09-21 02:47:16.891000+00:00,CTC-USDT-SWAP,1677600.0,1758422836891
2025-09-21 02:47:16.886000+00:00,CVC-USDT-SWAP,9716200.0,1758422836886
2025-09-21 02:47:16.891000+00:00,CVX-USDT-SWAP,373573.0,1758422836891
2025-09-21 02:47:16.886000+00:00,DEGEN-USDT-SWAP,332620300.0,1758422836886
2025-09-21 02:47:17.299000+00:00,DOGE-USDT-SWAP,1389364969.9999995,1758422837299
2025-09-21 02:47:17.303000+00:00,DOGS-USDT-SWAP,15885567000.0,1758422837303
2025-09-21 02:47:17.314000+00:00,DOOD-USDT-SWAP,146501000.0,1758422837314
2025-09-21 02:47:17.306000+00:00,DOT-USDT-SWAP,6307080.0,1758422837306
2025-09-21 02:47:17.309000+00:00,DYDX-USDT-SWAP,13189350.0,1758422837309
2025-09-21 02:47:17.310000+00:00,EGLD-USDT-SWAP,117841.6,1758422837310
2025-09-21 02:47:17.307000+00:00,EIGEN-USDT-SWAP,4748976.0,1758422837307
2025-09-21 02:47:17.306000+00:00,ENJ-USDT-SWAP,14718130.0,1758422837306
2025-09-21 02:47:17.313000+00:00,ENS-USDT-SWAP,328329.8,1758422837313
2025-09-21 02:47:17.750000+00:00,ETC-USDT-SWAP,1209270.2000000004,1758422837750
2025-09-21 02:47:17.748000+00:00,ETH-USDT-SWAP,746831.6969999996,1758422837748
2025-09-21 02:47:17.758000+00:00,ETHFI-USDT-SWAP,7678792.0,1758422837758
2025-09-21 02:47:17.753000+00:00,ETHW-USDT-SWAP,1221743.1,1758422837753
2025-09-21 02:47:17.754000+00:00,FARTCOIN-USDT-SWAP,25071127.0,1758422837754
2025-09-21 02:47:17.758000+00:00,FIL-USDT-SWAP,13618284.7,1758422837758
2025-09-21 02:47:17.759000+00:00,FLM-USDT-SWAP,30770340.0,1758422837759
2025-09-21 02:47:17.751000+00:00,FLOKI-USDT-SWAP,38536400000.0,1758422837751
2025-09-21 02:47:17.760000+00:00,FLOW-USDT-SWAP,4250650.0,1758422837760
2025-09-21 02:47:17.763000+00:00,FXS-USDT-SWAP,353548.0,1758422837763
2025-09-21 02:47:18.171000+00:00,GALA-USDT-SWAP,460823850.0,1758422838171
2025-09-21 02:47:18.173000+00:00,GAS-USDT-SWAP,364665.0,1758422838173
2025-09-21 02:47:18.181000+00:00,GLM-USDT-SWAP,3149010.0,1758422838181
2025-09-21 02:47:18.171000+00:00,GMT-USDT-SWAP,47392504.0,1758422838171
2025-09-21 02:47:18.173000+00:00,GMX-USDT-SWAP,70406.4,1758422838173
2025-09-21 02:47:18.179000+00:00,GOAT-USDT-SWAP,28596730.0,1758422838179
2025-09-21 02:47:18.180000+00:00,GODS-USDT-SWAP,7969954.0,1758422838180
2025-09-21 02:47:18.179000+00:00,GPS-USDT-SWAP,134588980.0,1758422838179
2025-09-21 02:47:18.187000+00:00,GRASS-USDT-SWAP,2658653.0,1758422838187
2025-09-21 02:47:18.191000+00:00,GRIFFAIN-USDT-SWAP,28894540.0,1758422838191
2025-09-21 02:47:18.611000+00:00,GRT-USDT-SWAP,21654560.0,1758422838611
2025-09-21 02:47:18.612000+00:00,H-USDT-SWAP,80717600.0,1758422838612
2025-09-21 02:47:18.618000+00:00,HBAR-USDT-SWAP,81625710.00000006,1758422838618
2025-09-21 02:47:18.631000+00:00,HMSTR-USDT-SWAP,1191224500.0,1758422838631
2025-09-21 02:47:18.618000+00:00,HOME-USDT-SWAP,16101900.0,1758422838618
2025-09-21 02:47:18.607000+00:00,HUMA-USDT-SWAP,69690900.0,1758422838607
2025-09-21 02:47:18.616000+00:00,HYPE-USDT-SWAP,1008114.2,1758422838616
2025-09-21 02:47:18.609000+00:00,ICP-USDT-SWAP,1746504.41,1758422838609
2025-09-21 02:47:18.662000+00:00,ICX-USDT-SWAP,5584550.0,1758422838662
2025-09-21 02:47:18.616000+00:00,IMX-USDT-SWAP,9383629.0,1758422838616
2025-09-21 02:47:19.095000+00:00,INIT-USDT-SWAP,2243320.0,1758422839095
2025-09-21 02:47:19.077000+00:00,INJ-USDT-SWAP,901238.2,1758422839077
2025-09-21 02:47:19.087000+00:00,IOST-USDT-SWAP,269063000.0,1758422839087
2025-09-21 02:47:19.077000+00:00,IOTA-USDT-SWAP,14306870.0,1758422839077
2025-09-21 02:47:19.075000+00:00,IP-USDT-SWAP,5348653.0,1758422839075
2025-09-21 02:47:19.077000+00:00,JELLYJELLY-USDT-SWAP,190845600.0,1758422839077
2025-09-21 02:47:19.083000+00:00,JOE-USDT-SWAP,7488590.0,1758422839083
2025-09-21 02:47:19.085000+00:00,JTO-USDT-SWAP,3835963.0,1758422839085
2025-09-21 02:47:19.091000+00:00,JUP-USDT-SWAP,14313750.0,1758422839091
2025-09-21 02:47:19.522000+00:00,KAITO-USDT-SWAP,4839967.0,1758422839522
2025-09-21 02:47:19.527000+00:00,KMNO-USDT-SWAP,51429700.0,1758422839527
2025-09-21 02:47:19.529000+00:00,KSM-USDT-SWAP,128059.2,1758422839529
2025-09-21 02:47:19.523000+00:00,LA-USDT-SWAP,6538820.0,1758422839523
2025-09-21 02:47:19.526000+00:00,LAUNCHCOIN-USDT-SWAP,40946150.0,1758422839526
2025-09-21 02:47:19.521000+00:00,LAYER-USDT-SWAP,6107886.0,1758422839521
2025-09-21 02:47:19.538000+00:00,LDO-USDT-SWAP,13663782.0,1758422839538
2025-09-21 02:47:19.528000+00:00,LINK-USDT-SWAP,2333386.3,1758422839528
2025-09-21 02:47:19.524000+00:00,LPT-USDT-SWAP,561947.4,1758422839524
2025-09-21 02:47:19.523000+00:00,LQTY-USDT-SWAP,2197588.0,1758422839523
2025-09-21 02:47:19.976000+00:00,LRC-USDT-SWAP,13863490.0,1758422839976
2025-09-21 02:47:19.971000+00:00,LTC-USDT-SWAP,733355.3000000002,1758422839971
2025-09-21 02:47:19.980000+00:00,LUNA-USDT-SWAP,20178363.0,1758422839980
2025-09-21 02:47:19.992000+00:00,MAGIC-USDT-SWAP,15965464.0,1758422839992
2025-09-21 02:47:19.981000+00:00,MAJOR-USDT-SWAP,4640112.0,1758422839981
2025-09-21 02:47:19.990000+00:00,MANA-USDT-SWAP,10616400.0,1758422839990
2025-09-21 02:47:20.012000+00:00,MASK-USDT-SWAP,2955607.0,1758422840012
2025-09-21 02:47:19.978000+00:00,ME-USDT-SWAP,3714210.0,1758422839978
2025-09-21 02:47:19.979000+00:00,MEME-USDT-SWAP,1561919300.0,1758422839979
2025-09-21 02:47:20.433000+00:00,MERL-USDT-SWAP,49508346.0,1758422840433
2025-09-21 02:47:20.433000+00:00,METIS-USDT-SWAP,116013.4,1758422840433
2025-09-21 02:47:20.440000+00:00,MEW-USDT-SWAP,1028272000.0,1758422840440
2025-09-21 02:47:20.433000+00:00,MINA-USDT-SWAP,7562170.0,1758422840433
2025-09-21 02:47:20.443000+00:00,MOG-USDT-SWAP,608929000000.0,1758422840443
2025-09-21 02:47:20.439000+00:00,MOODENG-USDT-SWAP,51499050.0,1758422840439
2025-09-21 02:47:20.434000+00:00,MORPHO-USDT-SWAP,1552103.0,1758422840434
2025-09-21 02:47:20.436000+00:00,MOVE-USDT-SWAP,28091840.0,1758422840436
2025-09-21 02:47:20.439000+00:00,MUBARAK-USDT-SWAP,48285000.0,1758422840439
2025-09-21 02:47:20.861000+00:00,NEAR-USDT-SWAP,7227384.999999997,1758422840861
2025-09-21 02:47:20.863000+00:00,NEIRO-USDT-SWAP,9229808000.0,1758422840863
2025-09-21 02:47:20.871000+00:00,NEO-USDT-SWAP,368916.0,1758422840871
2025-09-21 02:47:20.875000+00:00,NEWT-USDT-SWAP,3429310.0,1758422840875
2025-09-21 02:47:20.860000+00:00,NMR-USDT-SWAP,319411.2,1758422840860
2025-09-21 02:47:20.877000+00:00,NOT-USDT-SWAP,1515783100.0,1758422840877
2025-09-21 02:47:20.863000+00:00,NXPC-USDT-SWAP,1081979.0,1758422840863
2025-09-21 02:47:20.863000+00:00,OL-USDT-SWAP,71866080.0,1758422840863
2025-09-21 02:47:20.879000+00:00,OM-USDT-SWAP,22355871.0,1758422840879
2025-09-21 02:47:21.348000+00:00,ONDO-USDT-SWAP,23883540.0,1758422841348
2025-09-21 02:47:21.345000+00:00,ONE-USDT-SWAP,81302300.0,1758422841345
2025-09-21 02:47:21.349000+00:00,ONT-USDT-SWAP,10300210.0,1758422841349
2025-09-21 02:47:21.344000+00:00,OP-USDT-SWAP,25466930.0,1758422841344
2025-09-21 02:47:21.359000+00:00,ORBS-USDT-SWAP,29111000.0,1758422841359
2025-09-21 02:47:21.349000+00:00,ORDI-USDT-SWAP,1208391.2,1758422841349
2025-09-21 02:47:21.347000+00:00,PARTI-USDT-SWAP,12700800.0,1758422841347
2025-09-21 02:47:21.350000+00:00,PENGU-USDT-SWAP,623101400.0,1758422841350
2025-09-21 02:47:21.385000+00:00,PEOPLE-USDT-SWAP,338786800.0,1758422841385
2025-09-21 02:47:21.357000+00:00,PEPE-USDT-SWAP,8779916000000.004,1758422841357
2025-09-21 02:47:21.800000+00:00,PERP-USDT-SWAP,3159223.0,1758422841800
2025-09-21 02:47:21.806000+00:00,PI-USDT-SWAP,32710389.0,1758422841806
2025-09-21 02:47:21.809000+00:00,PLUME-USDT-SWAP,20317320.0,1758422841809
2025-09-21 02:47:21.807000+00:00,PNUT-USDT-SWAP,35994460.0,1758422841807
2025-09-21 02:47:21.823000+00:00,POL-USDT-SWAP,38117190.0,1758422841823
2025-09-21 02:47:21.816000+00:00,POPCAT-USDT-SWAP,8961770.0,1758422841816
2025-09-21 02:47:21.810000+00:00,PRCL-USDT-SWAP,15401145.0,1758422841810
2025-09-21 02:47:21.819000+00:00,PROMPT-USDT-SWAP,27529080.0,1758422841819
2025-09-21 02:47:21.810000+00:00,PUMP-USDT-SWAP,7988701000.0,1758422841810
2025-09-21 02:47:21.812000+00:00,PYTH-USDT-SWAP,53028640.0,1758422841812
2025-09-21 02:47:22.232000+00:00,QTUM-USDT-SWAP,1044233.0,1758422842232
2025-09-21 02:47:22.232000+00:00,RAY-USDT-SWAP,1498146.0,1758422842232
2025-09-21 02:47:22.279000+00:00,RENDER-USDT-SWAP,1373807.0,1758422842279
2025-09-21 02:47:22.244000+00:00,RESOLV-USDT-SWAP,26366140.0,1758422842244
2025-09-21 02:47:22.235000+00:00,RSR-USDT-SWAP,262400200.0,1758422842235
2025-09-21 02:47:22.247000+00:00,RVN-USDT-SWAP,81394280.0,1758422842247
2025-09-21 02:47:22.232000+00:00,S-USDT-SWAP,12499290.0,1758422842232
2025-09-21 02:47:22.238000+00:00,SAHARA-USDT-SWAP,38048240.0,1758422842238
2025-09-21 02:47:22.240000+00:00,SAND-USDT-SWAP,16874220.0,1758422842240
2025-09-21 02:47:22.241000+00:00,SATS-USDT-SWAP,187725020000000.0,1758422842241
2025-09-21 02:47:22.711000+00:00,SCR-USDT-SWAP,2451355.0,1758422842711
2025-09-21 02:47:22.714000+00:00,SHELL-USDT-SWAP,5059500.0,1758422842714
2025-09-21 02:47:22.712000+00:00,SHIB-USDT-SWAP,1666006700000.0,1758422842712
2025-09-21 02:47:22.721000+00:00,SIGN-USDT-SWAP,48733600.0,1758422842721
2025-09-21 02:47:22.709000+00:00,SLP-USDT-SWAP,403192600.0,1758422842709
2025-09-21 02:47:22.719000+00:00,SNX-USDT-SWAP,2270286.0,1758422842719
2025-09-21 02:47:22.714000+00:00,SOL-USDT-SWAP,3748272.9800000023,1758422842714
2025-09-21 02:47:22.761000+00:00,SOLV-USDT-SWAP,56985100.0,1758422842761
2025-09-21 02:47:22.723000+00:00,SONIC-USDT-SWAP,7819332.0,1758422842723
2025-09-21 02:47:22.725000+00:00,SOON-USDT-SWAP,6620020.0,1758422842725
2025-09-21 02:47:23.183000+00:00,SOPH-USDT-SWAP,79977000.0,1758422843183
2025-09-21 02:47:23.185000+00:00,SPK-USDT-SWAP,113392000.0,1758422843185
2025-09-21 02:47:23.190000+00:00,SPX-USDT-SWAP,990437.0,1758422843190
2025-09-21 02:47:23.188000+00:00,SSV-USDT-SWAP,289818.4,1758422843188
2025-09-21 02:47:23.186000+00:00,STORJ-USDT-SWAP,6002720.0,1758422843186
2025-09-21 02:47:23.188000+00:00,STRK-USDT-SWAP,24405787.0,1758422843188
2025-09-21 02:47:23.196000+00:00,STX-USDT-SWAP,7293335.0,1758422843196
2025-09-21 02:47:23.194000+00:00,SUI-USDT-SWAP,23667147.0,1758422843194
2025-09-21 02:47:23.191000+00:00,SUSHI-USDT-SWAP,8197381.0,1758422843191
2025-09-21 02:47:23.201000+00:00,SWARMS-USDT-SWAP,76741620.0,1758422843201
2025-09-21 02:47:23.607000+00:00,SYRUP-USDT-SWAP,2412410.0,1758422843607
2025-09-21 02:47:23.616000+00:00,T-USDT-SWAP,41275200.0,1758422843616
2025-09-21 02:47:23.626000+00:00,TAO-USDT-SWAP,14139.93,1758422843626
2025-09-21 02:47:23.612000+00:00,THETA-USDT-SWAP,2849116.0,1758422843612
2025-09-21 02:47:23.624000+00:00,TIA-USDT-SWAP,4984500.0,1758422843624
2025-09-21 02:47:23.615000+00:00,TNSR-USDT-SWAP,9665298.0,1758422843615
2025-09-21 02:47:23.623000+00:00,TON-USDT-SWAP,8271072.0,1758422843623
2025-09-21 02:47:23.623000+00:00,TRB-USDT-SWAP,231667.6,1758422843623
2025-09-21 02:47:23.617000+00:00,TREE-USDT-SWAP,7395926.0,1758422843617
2025-09-21 02:47:23.618000+00:00,TRUMP-USDT-SWAP,5575404.6,1758422843618
2025-09-21 02:47:24.061000+00:00,TRX-USDT-SWAP,83421830.00000016,1758422844061
2025-09-21 02:47:24.059000+00:00,TURBO-USDT-SWAP,843780000.0000001,1758422844059
2025-09-21 02:47:24.063000+00:00,UMA-USDT-SWAP,1299938.5,1758422844063
2025-09-21 02:47:24.064000+00:00,UNI-USDT-SWAP,3692510.0,1758422844064
2025-09-21 02:47:24.064000+00:00,USDC-USDT-SWAP,929080.0,1758422844064
2025-09-21 02:47:24.061000+00:00,USELESS-USDT-SWAP,20008810.0,1758422844061
2025-09-21 02:47:24.087000+00:00,UXLINK-USDT-SWAP,5761090.0,1758422844087
2025-09-21 02:47:24.065000+00:00,VANA-USDT-SWAP,130976.5,1758422844065
2025-09-21 02:47:24.069000+00:00,VINE-USDT-SWAP,106691550.0,1758422844069
2025-09-21 02:47:24.497000+00:00,VIRTUAL-USDT-SWAP,3665765.0,1758422844497
2025-09-21 02:47:24.499000+00:00,W-USDT-SWAP,72351009.0,1758422844499
2025-09-21 02:47:24.503000+00:00,WAL-USDT-SWAP,1983550.0,1758422844503
2025-09-21 02:47:24.500000+00:00,WCT-USDT-SWAP,9292970.0,1758422844500
2025-09-21 02:47:24.509000+00:00,WIF-USDT-SWAP,18442635.0,1758422844509
2025-09-21 02:47:24.510000+00:00,WLD-USDT-SWAP,27692982.0,1758422844510
2025-09-21 02:47:24.496000+00:00,WLFI-USDT-SWAP,291367710.0,1758422844496
2025-09-21 02:47:24.502000+00:00,WOO-USDT-SWAP,23751410.0,1758422844502
2025-09-21 02:47:24.502000+00:00,XAUT-USDT-SWAP,4580.292,1758422844502
2025-09-21 02:47:24.944000+00:00,XLM-USDT-SWAP,38642900.00000001,1758422844944
2025-09-21 02:47:24.944000+00:00,XPL-USDT-SWAP,10653320.0,1758422844944
2025-09-21 02:47:24.955000+00:00,XRP-USDT-SWAP,106568457.99999994,1758422844955
2025-09-21 02:47:24.949000+00:00,XTZ-USDT-SWAP,5740753.0,1758422844949
2025-09-21 02:47:24.956000+00:00,YFI-USDT-SWAP,397.0777,1758422844956
2025-09-21 02:47:24.947000+00:00,YGG-USDT-SWAP,41405231.0,1758422844947
2025-09-21 02:47:24.961000+00:00,ZENT-USDT-SWAP,187793700.0,1758422844961
2025-09-21 02:47:24.950000+00:00,ZETA-USDT-SWAP,5541480.0,1758422844950
2025-09-21 02:47:24.952000+00:00,ZIL-USDT-SWAP,156649600.0,1758422844952
2025-09-21 02:47:25.390000+00:00,ZK-USDT-SWAP,47604060.0,1758422845390
2025-09-21 02:47:25.393000+00:00,ZRO-USDT-SWAP,2017903.0,1758422845393
2025-09-21 02:47:25.395000+00:00,ZRX-USDT-SWAP,6549600.0,1758422845395
2025-09-21 02:48:26.084000+00:00,1INCH-USDT-SWAP,7057417.0,1758422906084
2025-09-21 02:48:26.108000+00:00,A-USDT-SWAP,11327660.0,1758422906108
2025-09-21 02:48:26.077000+00:00,AAVE-USDT-SWAP,129579.17000000004,1758422906077
2025-09-21 02:48:26.078000+00:00,ACE-USDT-SWAP,2838686.0,1758422906078
2025-09-21 02:48:26.083000+00:00,ACH-USDT-SWAP,95183200.0,1758422906083
2025-09-21 02:48:26.090000+00:00,ACT-USDT-SWAP,98696930.0,1758422906090
2025-09-21 02:48:26.086000+00:00,ADA-USDT-SWAP,92990140.00000003,1758422906086
2025-09-21 02:48:26.094000+00:00,AERO-USDT-SWAP,2356210.0,1758422906094
2025-09-21 02:48:26.102000+00:00,AEVO-USDT-SWAP,27480357.0,1758422906102
2025-09-21 02:48:26.079000+00:00,AGLD-USDT-SWAP,1992359.0,1758422906079
2025-09-21 02:48:26.536000+00:00,AI16Z-USDT-SWAP,50929619.0,1758422906536
2025-09-21 02:48:26.539000+00:00,AIXBT-USDT-SWAP,22476990.0,1758422906539
2025-09-21 02:48:26.533000+00:00,ALGO-USDT-SWAP,27872060.0,1758422906533
2025-09-21 02:48:26.541000+00:00,ANIME-USDT-SWAP,96717980.0,1758422906541
2025-09-21 02:48:26.537000+00:00,APE-USDT-SWAP,7895976.4,1758422906537
2025-09-21 02:48:26.566000+00:00,API3-USDT-SWAP,2082371.0,1758422906566
2025-09-21 02:48:26.532000+00:00,APT-USDT-SWAP,4104635.0,1758422906532
2025-09-21 02:48:26.541000+00:00,AR-USDT-SWAP,531450.1,1758422906541
2025-09-21 02:48:26.534000+00:00,ARB-USDT-SWAP,37012351.999999985,1758422906534
2025-09-21 02:48:26.989000+00:00,ARC-USDT-SWAP,100676020.0,1758422906989
2025-09-21 02:48:26.994000+00:00,ARKM-USDT-SWAP,3432762.0,1758422906994
2025-09-21 02:48:26.992000+00:00,ATH-USDT-SWAP,170135600.0,1758422906992
2025-09-21 02:48:26.983000+00:00,ATOM-USDT-SWAP,2116658.0,1758422906983
2025-09-21 02:48:26.982000+00:00,AUCTION-USDT-SWAP,231294.6,1758422906982
2025-09-21 02:48:26.991000+00:00,AVAAI-USDT-SWAP,88249850.0,1758422906991
2025-09-21 02:48:26.992000+00:00,AVAX-USDT-SWAP,2270005.1000000015,1758422906992
2025-09-21 02:48:26.989000+00:00,AXS-USDT-SWAP,1119799.8,1758422906989
2025-09-21 02:48:26.989000+00:00,BABY-USDT-SWAP,39298120.0,1758422906989
2025-09-21 02:48:26.987000+00:00,BAND-USDT-SWAP,1269844.0,1758422906987
2025-09-21 02:48:27.407000+00:00,BAT-USDT-SWAP,4773160.0,1758422907407
2025-09-21 02:48:27.408000+00:00,BCH-USDT-SWAP,71168.64999999995,1758422907408
2025-09-21 02:48:27.410000+00:00,BERA-USDT-SWAP,2616679.2,1758422907410
2025-09-21 02:48:27.421000+00:00,BICO-USDT-SWAP,7207295.0,1758422907421
2025-09-21 02:48:27.417000+00:00,BIGTIME-USDT-SWAP,40156550.0,1758422907417
2025-09-21 02:48:27.409000+00:00,BIO-USDT-SWAP,68645160.0,1758422907409
2025-09-21 02:48:27.411000+00:00,BLUR-USDT-SWAP,24833120.0,1758422907411
2025-09-21 02:48:27.408000+00:00,BNB-USDT-SWAP,151052.33,1758422907408
2025-09-21 02:48:27.516000+00:00,BNT-USDT-SWAP,731630.0,1758422907516
2025-09-21 02:48:27.424000+00:00,BOME-USDT-SWAP,1023328000.0,1758422907424
2025-09-21 02:48:27.925000+00:00,BONK-USDT-SWAP,481746400000.0,1758422907925
2025-09-21 02:48:27.950000+00:00,BRETT-USDT-SWAP,19433100.0,1758422907950
2025-09-21 02:48:27.938000+00:00,BTC-USDT-SWAP,28000.259000000086,1758422907938
2025-09-21 02:48:27.933000+00:00,CAT-USDT-SWAP,197731800000.0,1758422907933
2025-09-21 02:48:27.928000+00:00,CATI-USDT-SWAP,16085004.0,1758422907928
2025-09-21 02:48:27.930000+00:00,CELO-USDT-SWAP,3742958.0,1758422907930
2025-09-21 02:48:27.927000+00:00,CETUS-USDT-SWAP,22388690.0,1758422907927
2025-09-21 02:48:27.930000+00:00,CFX-USDT-SWAP,75557730.0,1758422907930
2025-09-21 02:48:27.928000+00:00,CHZ-USDT-SWAP,78207820.0,1758422907928
2025-09-21 02:48:27.927000+00:00,COMP-USDT-SWAP,75096.1,1758422907927
2025-09-21 02:48:28.375000+00:00,COOKIE-USDT-SWAP,5066030.0,1758422908375
2025-09-21 02:48:28.381000+00:00,CORE-USDT-SWAP,9982273.0,1758422908381
2025-09-21 02:48:28.434000+00:00,CRO-USDT-SWAP,51032850.0,1758422908434
2025-09-21 02:48:28.395000+00:00,CRV-USDT-SWAP,24975876.0,1758422908395
2025-09-21 02:48:28.380000+00:00,CTC-USDT-SWAP,1677590.0,1758422908380
2025-09-21 02:48:28.382000+00:00,CVC-USDT-SWAP,9715800.0,1758422908382
2025-09-21 02:48:28.377000+00:00,CVX-USDT-SWAP,373464.0,1758422908377
2025-09-21 02:48:28.378000+00:00,DEGEN-USDT-SWAP,332568800.0,1758422908378
2025-09-21 02:48:28.851000+00:00,DOGE-USDT-SWAP,1389259989.9999995,1758422908851
2025-09-21 02:48:28.848000+00:00,DOGS-USDT-SWAP,15884987000.0,1758422908848
2025-09-21 02:48:28.854000+00:00,DOOD-USDT-SWAP,146506000.0,1758422908854
2025-09-21 02:48:28.849000+00:00,DOT-USDT-SWAP,6307074.0,1758422908849
2025-09-21 02:48:28.856000+00:00,DYDX-USDT-SWAP,13210554.0,1758422908856
2025-09-21 02:48:28.854000+00:00,EGLD-USDT-SWAP,117827.9,1758422908854
2025-09-21 02:48:28.852000+00:00,EIGEN-USDT-SWAP,4747922.0,1758422908852
2025-09-21 02:48:28.851000+00:00,ENJ-USDT-SWAP,14717690.0,1758422908851
2025-09-21 02:48:28.851000+00:00,ENS-USDT-SWAP,328337.4,1758422908851
2025-09-21 02:48:29.279000+00:00,ETC-USDT-SWAP,1209262.1000000003,1758422909279
2025-09-21 02:48:29.305000+00:00,ETH-USDT-SWAP,746932.6889999997,1758422909305
2025-09-21 02:48:29.280000+00:00,ETHFI-USDT-SWAP,7679269.0,1758422909280
2025-09-21 02:48:29.274000+00:00,ETHW-USDT-SWAP,1221748.5,1758422909274
2025-09-21 02:48:29.279000+00:00,FARTCOIN-USDT-SWAP,25074615.0,1758422909279
2025-09-21 02:48:29.287000+00:00,FIL-USDT-SWAP,13625984.2,1758422909287
2025-09-21 02:48:29.281000+00:00,FLM-USDT-SWAP,30780110.0,1758422909281
2025-09-21 02:48:29.277000+00:00,FLOKI-USDT-SWAP,38532000000.0,1758422909277
2025-09-21 02:48:29.278000+00:00,FLOW-USDT-SWAP,4250830.0,1758422909278
2025-09-21 02:48:29.284000+00:00,FXS-USDT-SWAP,353478.0,1758422909284
2025-09-21 02:48:29.731000+00:00,GALA-USDT-SWAP,461340560.0,1758422909731
2025-09-21 02:48:29.731000+00:00,GAS-USDT-SWAP,364665.0,1758422909731
2025-09-21 02:48:29.741000+00:00,GLM-USDT-SWAP,3151480.0,1758422909741
2025-09-21 02:48:29.731000+00:00,GMT-USDT-SWAP,47388639.0,1758422909731
2025-09-21 02:48:29.732000+00:00,GMX-USDT-SWAP,70402.4,1758422909732
2025-09-21 02:48:29.733000+00:00,GOAT-USDT-SWAP,28595050.0,1758422909733
2025-09-21 02:48:29.735000+00:00,GODS-USDT-SWAP,7969954.0,1758422909735
2025-09-21 02:48:29.729000+00:00,GPS-USDT-SWAP,134623650.0,1758422909729
2025-09-21 02:48:29.730000+00:00,GRASS-USDT-SWAP,2656618.0,1758422909730
2025-09-21 02:48:29.733000+00:00,GRIFFAIN-USDT-SWAP,28894500.0,1758422909733
2025-09-21 02:48:30.165000+00:00,GRT-USDT-SWAP,21654140.0,1758422910165
2025-09-21 02:48:30.164000+00:00,H-USDT-SWAP,80715800.0,1758422910164
2025-09-21 02:48:30.171000+00:00,HBAR-USDT-SWAP,81627470.00000007,1758422910171
2025-09-21 02:48:30.171000+00:00,HMSTR-USDT-SWAP,1191095500.0,1758422910171
2025-09-21 02:48:30.168000+00:00,HOME-USDT-SWAP,16101900.0,1758422910168
2025-09-21 02:48:30.177000+00:00,HUMA-USDT-SWAP,69809700.0,1758422910177
2025-09-21 02:48:30.175000+00:00,HYPE-USDT-SWAP,1007388.9,1758422910175
2025-09-21 02:48:30.166000+00:00,ICP-USDT-SWAP,1746313.86,1758422910166
2025-09-21 02:48:30.168000+00:00,ICX-USDT-SWAP,5584550.0,1758422910168
2025-09-21 02:48:30.169000+00:00,IMX-USDT-SWAP,9390471.0,1758422910169
2025-09-21 02:48:30.591000+00:00,INIT-USDT-SWAP,2243290.0,1758422910591
2025-09-21 02:48:30.616000+00:00,INJ-USDT-SWAP,901175.2,1758422910616
2025-09-21 02:48:30.600000+00:00,IOST-USDT-SWAP,269048000.0,1758422910600
2025-09-21 02:48:30.599000+00:00,IOTA-USDT-SWAP,14383700.0,1758422910599
2025-09-21 02:48:30.594000+00:00,IP-USDT-SWAP,5352619.0,1758422910594
2025-09-21 02:48:30.599000+00:00,JELLYJELLY-USDT-SWAP,190475100.0,1758422910599
2025-09-21 02:48:30.598000+00:00,JOE-USDT-SWAP,7467070.0,1758422910598
2025-09-21 02:48:30.595000+00:00,JTO-USDT-SWAP,3835936.0,1758422910595
2025-09-21 02:48:30.594000+00:00,JUP-USDT-SWAP,14318400.0,1758422910594
2025-09-21 02:48:31.039000+00:00,KAITO-USDT-SWAP,4840174.0,1758422911039
2025-09-21 02:48:31.043000+00:00,KMNO-USDT-SWAP,51460100.0,1758422911043
2025-09-21 02:48:31.044000+00:00,KSM-USDT-SWAP,128056.8,1758422911044
2025-09-21 02:48:31.056000+00:00,LA-USDT-SWAP,6523870.0,1758422911056
2025-09-21 02:48:31.051000+00:00,LAUNCHCOIN-USDT-SWAP,40920840.0,1758422911051
2025-09-21 02:48:31.045000+00:00,LAYER-USDT-SWAP,6107421.0,1758422911045
2025-09-21 02:48:31.086000+00:00,LDO-USDT-SWAP,13663613.0,1758422911086
2025-09-21 02:48:31.048000+00:00,LINK-USDT-SWAP,2333314.6999999997,1758422911048
2025-09-21 02:48:31.049000+00:00,LPT-USDT-SWAP,561960.0,1758422911049
2025-09-21 02:48:31.047000+00:00,LQTY-USDT-SWAP,2195443.0,1758422911047
2025-09-21 02:48:31.504000+00:00,LRC-USDT-SWAP,13865040.0,1758422911504
2025-09-21 02:48:31.505000+00:00,LTC-USDT-SWAP,733902.7000000002,1758422911505
2025-09-21 02:48:31.505000+00:00,LUNA-USDT-SWAP,20180982.0,1758422911505
2025-09-21 02:48:31.980000+00:00,MAGIC-USDT-SWAP,15958060.0,1758422911980
2025-09-21 02:48:31.506000+00:00,MAJOR-USDT-SWAP,4640112.0,1758422911506
2025-09-21 02:48:31.509000+00:00,MANA-USDT-SWAP,10616370.0,1758422911509
2025-09-21 02:48:31.498000+00:00,MASK-USDT-SWAP,2955601.0,1758422911498
2025-09-21 02:48:31.498000+00:00,ME-USDT-SWAP,3714354.0,1758422911498
2025-09-21 02:48:31.505000+00:00,MEME-USDT-SWAP,1563295600.0,1758422911505
2025-09-21 02:48:32.403000+00:00,MERL-USDT-SWAP,49496512.0,1758422912403
2025-09-21 02:48:32.403000+00:00,METIS-USDT-SWAP,116009.8,1758422912403
2025-09-21 02:48:32.413000+00:00,MEW-USDT-SWAP,1028227000.0,1758422912413
2025-09-21 02:48:32.424000+00:00,MINA-USDT-SWAP,7562459.0,1758422912424
2025-09-21 02:48:32.406000+00:00,MOG-USDT-SWAP,609139000000.0,1758422912406
2025-09-21 02:48:32.412000+00:00,MOODENG-USDT-SWAP,51502810.0,1758422912412
2025-09-21 02:48:32.400000+00:00,MORPHO-USDT-SWAP,1552101.0,1758422912400
2025-09-21 02:48:32.402000+00:00,MOVE-USDT-SWAP,28089790.0,1758422912402
2025-09-21 02:48:32.412000+00:00,MUBARAK-USDT-SWAP,48293900.0,1758422912412
2025-09-21 02:48:32.860000+00:00,NEAR-USDT-SWAP,7227077.999999997,1758422912860
2025-09-21 02:48:32.869000+00:00,NEIRO-USDT-SWAP,9230879000.0,1758422912869
2025-09-21 02:48:32.874000+00:00,NEO-USDT-SWAP,368908.0,1758422912874
2025-09-21 02:48:32.861000+00:00,NEWT-USDT-SWAP,3428720.0,1758422912861
2025-09-21 02:48:32.868000+00:00,NMR-USDT-SWAP,319422.1,1758422912868
2025-09-21 02:48:32.876000+00:00,NOT-USDT-SWAP,1515772200.0,1758422912876
2025-09-21 02:48:32.863000+00:00,NXPC-USDT-SWAP,1082054.0,1758422912863
2025-09-21 02:48:32.866000+00:00,OL-USDT-SWAP,71906490.0,1758422912866
2025-09-21 02:48:32.873000+00:00,OM-USDT-SWAP,22355636.0,1758422912873
2025-09-21 02:48:33.313000+00:00,ONDO-USDT-SWAP,23882360.0,1758422913313
2025-09-21 02:48:33.316000+00:00,ONE-USDT-SWAP,81302100.0,1758422913316
2025-09-21 02:48:33.319000+00:00,ONT-USDT-SWAP,10301790.0,1758422913319
2025-09-21 02:48:33.320000+00:00,OP-USDT-SWAP,25467120.0,1758422913320
2025-09-21 02:48:33.314000+00:00,ORBS-USDT-SWAP,29111000.0,1758422913314
2025-09-21 02:48:33.325000+00:00,ORDI-USDT-SWAP,1208361.0,1758422913325
2025-09-21 02:48:33.328000+00:00,PARTI-USDT-SWAP,12700790.0,1758422913328
2025-09-21 02:48:33.331000+00:00,PENGU-USDT-SWAP,623155200.0,1758422913331
2025-09-21 02:48:33.323000+00:00,PEOPLE-USDT-SWAP,338651200.0,1758422913323
2025-09-21 02:48:33.328000+00:00,PEPE-USDT-SWAP,8782030000000.004,1758422913328
2025-09-21 02:48:33.748000+00:00,PERP-USDT-SWAP,3160363.0,1758422913748
2025-09-21 02:48:33.747000+00:00,PI-USDT-SWAP,32711455.0,1758422913747
2025-09-21 02:48:33.751000+00:00,PLUME-USDT-SWAP,20299680.0,1758422913751
2025-09-21 02:48:33.753000+00:00,PNUT-USDT-SWAP,35995370.0,1758422913753
2025-09-21 02:48:33.749000+00:00,POL-USDT-SWAP,38116980.0,1758422913749
2025-09-21 02:48:33.754000+00:00,POPCAT-USDT-SWAP,8960830.0,1758422913754
2025-09-21 02:48:33.758000+00:00,PRCL-USDT-SWAP,15408765.0,1758422913758
2025-09-21 02:48:33.752000+00:00,PROMPT-USDT-SWAP,27532970.0,1758422913752
2025-09-21 02:48:33.750000+00:00,PUMP-USDT-SWAP,7987819000.0,1758422913750
2025-09-21 02:48:33.757000+00:00,PYTH-USDT-SWAP,53027410.0,1758422913757
2025-09-21 02:48:34.174000+00:00,QTUM-USDT-SWAP,1044229.0,1758422914174
2025-09-21 02:48:34.174000+00:00,RAY-USDT-SWAP,1498193.0,1758422914174
2025-09-21 02:48:34.182000+00:00,RENDER-USDT-SWAP,1373790.0,1758422914182
2025-09-21 02:48:34.182000+00:00,RESOLV-USDT-SWAP,26365820.0,1758422914182
2025-09-21 02:48:34.172000+00:00,RSR-USDT-SWAP,262237300.0,1758422914172
2025-09-21 02:48:34.181000+00:00,RVN-USDT-SWAP,81393090.0,1758422914181
2025-09-21 02:48:34.182000+00:00,S-USDT-SWAP,12498690.0,1758422914182
2025-09-21 02:48:34.185000+00:00,SAHARA-USDT-SWAP,38048630.0,1758422914185
2025-09-21 02:48:34.178000+00:00,SAND-USDT-SWAP,16876550.0,1758422914178
2025-09-21 02:48:34.181000+00:00,SATS-USDT-SWAP,187716930000000.0,1758422914181
2025-09-21 02:48:34.618000+00:00,SCR-USDT-SWAP,2451324.0,1758422914618
2025-09-21 02:48:34.620000+00:00,SHELL-USDT-SWAP,5059110.0,1758422914620
2025-09-21 02:48:34.626000+00:00,SHIB-USDT-SWAP,1666002700000.0,1758422914626
2025-09-21 02:48:34.638000+00:00,SIGN-USDT-SWAP,48733500.0,1758422914638
2025-09-21 02:48:34.618000+00:00,SLP-USDT-SWAP,403096340.0,1758422914618
2025-09-21 02:48:34.657000+00:00,SNX-USDT-SWAP,2270393.0,1758422914657
2025-09-21 02:48:34.623000+00:00,SOL-USDT-SWAP,3748297.930000003,1758422914623
2025-09-21 02:48:34.622000+00:00,SOLV-USDT-SWAP,56985100.0,1758422914622
2025-09-21 02:48:34.627000+00:00,SONIC-USDT-SWAP,7820470.0,1758422914627
2025-09-21 02:48:34.632000+00:00,SOON-USDT-SWAP,6619650.0,1758422914632
2025-09-21 02:48:35.083000+00:00,SOPH-USDT-SWAP,79972500.0,1758422915083
2025-09-21 02:48:35.080000+00:00,SPK-USDT-SWAP,113410200.0,1758422915080
2025-09-21 02:48:35.083000+00:00,SPX-USDT-SWAP,989295.0,1758422915083
2025-09-21 02:48:35.076000+00:00,SSV-USDT-SWAP,289850.2,1758422915076
2025-09-21 02:48:35.086000+00:00,STORJ-USDT-SWAP,6001400.0,1758422915086
2025-09-21 02:48:35.082000+00:00,STRK-USDT-SWAP,24391208.0,1758422915082
2025-09-21 02:48:35.086000+00:00,STX-USDT-SWAP,7293660.0,1758422915086
2025-09-21 02:48:35.080000+00:00,SUI-USDT-SWAP,23698971.0,1758422915080
2025-09-21 02:48:35.086000+00:00,SUSHI-USDT-SWAP,8197473.0,1758422915086
2025-09-21 02:48:35.094000+00:00,SWARMS-USDT-SWAP,76708180.0,1758422915094
2025-09-21 02:48:35.541000+00:00,SYRUP-USDT-SWAP,2412400.0,1758422915541
2025-09-21 02:48:35.535000+00:00,T-USDT-SWAP,41270600.0,1758422915535
2025-09-21 02:48:35.541000+00:00,TAO-USDT-SWAP,14139.55,1758422915541
2025-09-21 02:48:35.540000+00:00,THETA-USDT-SWAP,2848984.0,1758422915540
2025-09-21 02:48:35.541000+00:00,TIA-USDT-SWAP,4984486.0,1758422915541
2025-09-21 02:48:35.543000+00:00,TNSR-USDT-SWAP,9665298.0,1758422915543
2025-09-21 02:48:35.542000+00:00,TON-USDT-SWAP,8271301.0,1758422915542
2025-09-21 02:48:35.543000+00:00,TRB-USDT-SWAP,231679.5,1758422915543
2025-09-21 02:48:35.540000+00:00,TREE-USDT-SWAP,7459106.0,1758422915540
2025-09-21 02:48:35.546000+00:00,TRUMP-USDT-SWAP,5580105.5,1758422915546
2025-09-21 02:48:35.961000+00:00,TRX-USDT-SWAP,83413570.00000015,1758422915961
2025-09-21 02:48:35.962000+00:00,TURBO-USDT-SWAP,843793000.0000001,1758422915962
2025-09-21 02:48:35.961000+00:00,UMA-USDT-SWAP,1300482.1,1758422915961
2025-09-21 02:48:35.959000+00:00,UNI-USDT-SWAP,3692575.0,1758422915959
2025-09-21 02:48:35.956000+00:00,USDC-USDT-SWAP,929080.0,1758422915956
2025-09-21 02:48:35.959000+00:00,USELESS-USDT-SWAP,20026040.0,1758422915959
2025-09-21 02:48:35.961000+00:00,UXLINK-USDT-SWAP,5749570.0,1758422915961
2025-09-21 02:48:36.107000+00:00,VANA-USDT-SWAP,130984.5,1758422916107
2025-09-21 02:48:35.962000+00:00,VINE-USDT-SWAP,106703050.0,1758422915962
2025-09-21 02:48:36.523000+00:00,VIRTUAL-USDT-SWAP,3665828.0,1758422916523
2025-09-21 02:48:36.543000+00:00,W-USDT-SWAP,72326189.0,1758422916543
2025-09-21 02:48:36.517000+00:00,WAL-USDT-SWAP,1983490.0,1758422916517
2025-09-21 02:48:36.512000+00:00,WCT-USDT-SWAP,9292950.0,1758422916512
2025-09-21 02:48:36.523000+00:00,WIF-USDT-SWAP,18440621.0,1758422916523
2025-09-21 02:48:36.521000+00:00,WLD-USDT-SWAP,27688906.0,1758422916521
2025-09-21 02:48:36.519000+00:00,WLFI-USDT-SWAP,291369540.0,1758422916519
2025-09-21 02:48:36.524000+00:00,WOO-USDT-SWAP,23729650.0,1758422916524
2025-09-21 02:48:36.522000+00:00,XAUT-USDT-SWAP,4580.292,1758422916522
2025-09-21 02:48:36.966000+00:00,XLM-USDT-SWAP,38643260.0,1758422916966
2025-09-21 02:48:36.990000+00:00,XPL-USDT-SWAP,10654420.0,1758422916990
2025-09-21 02:48:36.966000+00:00,XRP-USDT-SWAP,106498159.99999994,1758422916966
2025-09-21 02:48:36.963000+00:00,XTZ-USDT-SWAP,5740750.0,1758422916963
2025-09-21 02:48:36.966000+00:00,YFI-USDT-SWAP,396.9058,1758422916966
2025-09-21 02:48:36.968000+00:00,YGG-USDT-SWAP,41409888.0,1758422916968
2025-09-21 02:48:36.969000+00:00,ZENT-USDT-SWAP,187852400.0,1758422916969
2025-09-21 02:48:36.994000+00:00,ZETA-USDT-SWAP,5526460.0,1758422916994
2025-09-21 02:48:37.009000+00:00,ZIL-USDT-SWAP,156652500.0,1758422917009
2025-09-21 02:48:37.421000+00:00,ZK-USDT-SWAP,47607220.0,1758422917421
2025-09-21 02:48:37.417000+00:00,ZRO-USDT-SWAP,2017874.0,1758422917417
2025-09-21 02:48:37.417000+00:00,ZRX-USDT-SWAP,6549590.0,1758422917417
2025-09-21 02:49:38.106000+00:00,1INCH-USDT-SWAP,7057403.0,1758422978106
2025-09-21 02:49:38.088000+00:00,A-USDT-SWAP,11328340.0,1758422978088
2025-09-21 02:49:38.100000+00:00,AAVE-USDT-SWAP,129594.94000000005,1758422978100
2025-09-21 02:49:38.099000+00:00,ACE-USDT-SWAP,2838744.0,1758422978099
2025-09-21 02:49:38.095000+00:00,ACH-USDT-SWAP,95183200.0,1758422978095
2025-09-21 02:49:38.105000+00:00,ACT-USDT-SWAP,98533416.0,1758422978105
2025-09-21 02:49:38.105000+00:00,ADA-USDT-SWAP,92987200.00000003,1758422978105
2025-09-21 02:49:38.096000+00:00,AERO-USDT-SWAP,2356060.0,1758422978096
2025-09-21 02:49:38.100000+00:00,AEVO-USDT-SWAP,27485232.0,1758422978100
2025-09-21 02:49:38.092000+00:00,AGLD-USDT-SWAP,1991590.0,1758422978092
2025-09-21 02:49:38.518000+00:00,AI16Z-USDT-SWAP,50927508.0,1758422978518
2025-09-21 02:49:38.542000+00:00,AIXBT-USDT-SWAP,22488490.0,1758422978542
2025-09-21 02:49:38.525000+00:00,ALGO-USDT-SWAP,27871590.0,1758422978525
2025-09-21 02:49:38.528000+00:00,ANIME-USDT-SWAP,96717980.0,1758422978528
2025-09-21 02:49:38.562000+00:00,APE-USDT-SWAP,7900143.9,1758422978562
2025-09-21 02:49:38.519000+00:00,API3-USDT-SWAP,2080089.0,1758422978519
2025-09-21 02:49:38.519000+00:00,APT-USDT-SWAP,4103640.0,1758422978519
2025-09-21 02:49:38.527000+00:00,AR-USDT-SWAP,531517.8,1758422978527
2025-09-21 02:49:38.524000+00:00,ARB-USDT-SWAP,37011622.999999985,1758422978524
2025-09-21 02:49:38.979000+00:00,ARC-USDT-SWAP,100637680.0,1758422978979
2025-09-21 02:49:38.981000+00:00,ARKM-USDT-SWAP,3428649.0,1758422978981
2025-09-21 02:49:38.998000+00:00,ATH-USDT-SWAP,170096500.0,1758422978998
2025-09-21 02:49:38.993000+00:00,ATOM-USDT-SWAP,2116924.0,1758422978993
2025-09-21 02:49:38.992000+00:00,AUCTION-USDT-SWAP,231294.6,1758422978992
2025-09-21 02:49:38.988000+00:00,AVAAI-USDT-SWAP,88408250.0,1758422978988
2025-09-21 02:49:38.989000+00:00,AVAX-USDT-SWAP,2270213.200000001,1758422978989
2025-09-21 02:49:38.986000+00:00,AXS-USDT-SWAP,1119991.4,1758422978986
2025-09-21 02:49:38.993000+00:00,BABY-USDT-SWAP,39293350.0,1758422978993
2025-09-21 02:49:38.991000+00:00,BAND-USDT-SWAP,1269206.0,1758422978991
2025-09-21 02:49:39.430000+00:00,BAT-USDT-SWAP,4770010.0,1758422979430
2025-09-21 02:49:39.423000+00:00,BCH-USDT-SWAP,71182.92999999996,1758422979423
2025-09-21 02:49:39.440000+00:00,BERA-USDT-SWAP,2617070.0,1758422979440
2025-09-21 02:49:39.450000+00:00,BICO-USDT-SWAP,7204627.0,1758422979450
2025-09-21 02:49:39.432000+00:00,BIGTIME-USDT-SWAP,40150460.0,1758422979432
2025-09-21 02:49:39.434000+00:00,BIO-USDT-SWAP,68646544.0,1758422979434
2025-09-21 02:49:39.431000+00:00,BLUR-USDT-SWAP,24832720.0,1758422979431
2025-09-21 02:49:39.436000+00:00,BNB-USDT-SWAP,151167.02,1758422979436
2025-09-21 02:49:39.434000+00:00,BNT-USDT-SWAP,731630.0,1758422979434
2025-09-21 02:49:39.434000+00:00,BOME-USDT-SWAP,1023194000.0,1758422979434
2025-09-21 02:49:39.857000+00:00,BONK-USDT-SWAP,481742400000.0,1758422979857
2025-09-21 02:49:39.860000+00:00,BRETT-USDT-SWAP,19431300.0,1758422979860
2025-09-21 02:49:39.877000+00:00,BTC-USDT-SWAP,28001.656500000085,1758422979877
2025-09-21 02:49:39.860000+00:00,CAT-USDT-SWAP,198028500000.0,1758422979860
2025-09-21 02:49:39.866000+00:00,CATI-USDT-SWAP,16093945.0,1758422979866
2025-09-21 02:49:39.864000+00:00,CELO-USDT-SWAP,3742958.0,1758422979864
2025-09-21 02:49:39.880000+00:00,CETUS-USDT-SWAP,22397190.0,1758422979880
2025-09-21 02:49:39.869000+00:00,CFX-USDT-SWAP,75510700.0,1758422979869
2025-09-21 02:49:39.894000+00:00,CHZ-USDT-SWAP,78207800.0,1758422979894
2025-09-21 02:49:39.867000+00:00,COMP-USDT-SWAP,75074.6,1758422979867
2025-09-21 02:49:40.363000+00:00,COOKIE-USDT-SWAP,5065740.0,1758422980363
2025-09-21 02:49:40.364000+00:00,CORE-USDT-SWAP,9982287.0,1758422980364
2025-09-21 02:49:40.382000+00:00,CRO-USDT-SWAP,51033040.0,1758422980382
2025-09-21 02:49:40.364000+00:00,CRV-USDT-SWAP,24998136.0,1758422980364
2025-09-21 02:49:40.362000+00:00,CTC-USDT-SWAP,1677570.0,1758422980362
2025-09-21 02:49:40.404000+00:00,CVC-USDT-SWAP,9715800.0,1758422980404
2025-09-21 02:49:40.369000+00:00,CVX-USDT-SWAP,373442.0,1758422980369
2025-09-21 02:49:40.363000+00:00,DEGEN-USDT-SWAP,332568700.0,1758422980363
2025-09-21 02:49:40.837000+00:00,DOGE-USDT-SWAP,1389555959.9999998,1758422980837
2025-09-21 02:49:40.874000+00:00,DOGS-USDT-SWAP,15884874000.0,1758422980874
2025-09-21 02:49:40.843000+00:00,DOOD-USDT-SWAP,146506000.0,1758422980843
2025-09-21 02:49:40.847000+00:00,DOT-USDT-SWAP,6306555.0,1758422980847
2025-09-21 02:49:40.845000+00:00,DYDX-USDT-SWAP,13214164.0,1758422980845
2025-09-21 02:49:40.842000+00:00,EGLD-USDT-SWAP,117825.9,1758422980842
2025-09-21 02:49:40.836000+00:00,EIGEN-USDT-SWAP,4770121.0,1758422980836
2025-09-21 02:49:40.880000+00:00,ENJ-USDT-SWAP,14716060.0,1758422980880
2025-09-21 02:49:40.840000+00:00,ENS-USDT-SWAP,328295.5,1758422980840
2025-09-21 02:49:41.291000+00:00,ETC-USDT-SWAP,1209216.9000000004,1758422981291
2025-09-21 02:49:41.298000+00:00,ETH-USDT-SWAP,746804.2789999995,1758422981298
2025-09-21 02:49:41.305000+00:00,ETHFI-USDT-SWAP,7679890.0,1758422981305
2025-09-21 02:49:41.296000+00:00,ETHW-USDT-SWAP,1221473.2,1758422981296
2025-09-21 02:49:41.299000+00:00,FARTCOIN-USDT-SWAP,25076942.0,1758422981299
2025-09-21 02:49:41.300000+00:00,FIL-USDT-SWAP,13631793.0,1758422981300
2025-09-21 02:49:41.294000+00:00,FLM-USDT-SWAP,30684200.0,1758422981294
2025-09-21 02:49:41.293000+00:00,FLOKI-USDT-SWAP,38532500000.0,1758422981293
2025-09-21 02:49:41.295000+00:00,FLOW-USDT-SWAP,4251310.0,1758422981295
2025-09-21 02:49:41.298000+00:00,FXS-USDT-SWAP,353368.0,1758422981298
2025-09-21 02:49:41.722000+00:00,GALA-USDT-SWAP,461345660.0,1758422981722
2025-09-21 02:49:41.723000+00:00,GAS-USDT-SWAP,364665.0,1758422981723
2025-09-21 02:49:41.728000+00:00,GLM-USDT-SWAP,3151480.0,1758422981728
2025-09-21 02:49:41.730000+00:00,GMT-USDT-SWAP,47386694.0,1758422981730
2025-09-21 02:49:41.723000+00:00,GMX-USDT-SWAP,70402.0,1758422981723
2025-09-21 02:49:41.753000+00:00,GOAT-USDT-SWAP,28598820.0,1758422981753
2025-09-21 02:49:41.741000+00:00,GODS-USDT-SWAP,7970162.0,1758422981741
2025-09-21 02:49:41.722000+00:00,GPS-USDT-SWAP,134701800.0,1758422981722
2025-09-21 02:49:41.727000+00:00,GRASS-USDT-SWAP,2656835.0,1758422981727
2025-09-21 02:49:41.725000+00:00,GRIFFAIN-USDT-SWAP,28892170.0,1758422981725
2025-09-21 02:49:42.174000+00:00,GRT-USDT-SWAP,21657920.0,1758422982174
2025-09-21 02:49:42.178000+00:00,H-USDT-SWAP,80748700.0,1758422982178
2025-09-21 02:49:42.181000+00:00,HBAR-USDT-SWAP,81624690.00000006,1758422982181
2025-09-21 02:49:42.177000+00:00,HMSTR-USDT-SWAP,1191072700.0,1758422982177
2025-09-21 02:49:42.188000+00:00,HOME-USDT-SWAP,16102400.0,1758422982188
2025-09-21 02:49:42.178000+00:00,HUMA-USDT-SWAP,69701300.0,1758422982178
2025-09-21 02:49:42.177000+00:00,HYPE-USDT-SWAP,1007351.5,1758422982177
2025-09-21 02:49:42.179000+00:00,ICP-USDT-SWAP,1746267.57,1758422982179
2025-09-21 02:49:42.179000+00:00,ICX-USDT-SWAP,5584550.0,1758422982179
2025-09-21 02:49:42.186000+00:00,IMX-USDT-SWAP,9391946.0,1758422982186
2025-09-21 02:49:42.630000+00:00,INIT-USDT-SWAP,2243090.0,1758422982630
2025-09-21 02:49:42.621000+00:00,INJ-USDT-SWAP,901140.4,1758422982621
2025-09-21 02:49:42.636000+00:00,IOST-USDT-SWAP,269016000.0,1758422982636
2025-09-21 02:49:42.624000+00:00,IOTA-USDT-SWAP,14386390.0,1758422982624
2025-09-21 02:49:42.622000+00:00,IP-USDT-SWAP,5364121.0,1758422982622
2025-09-21 02:49:42.629000+00:00,JELLYJELLY-USDT-SWAP,190688300.0,1758422982629
2025-09-21 02:49:42.626000+00:00,JOE-USDT-SWAP,7467670.0,1758422982626
2025-09-21 02:49:42.628000+00:00,JTO-USDT-SWAP,3835437.0,1758422982628
2025-09-21 02:49:42.687000+00:00,JUP-USDT-SWAP,14321440.0,1758422982687
2025-09-21 02:49:43.102000+00:00,KAITO-USDT-SWAP,4840649.0,1758422983102
2025-09-21 02:49:43.099000+00:00,KMNO-USDT-SWAP,51399000.0,1758422983099
2025-09-21 02:49:43.108000+00:00,KSM-USDT-SWAP,128051.8,1758422983108
2025-09-21 02:49:43.105000+00:00,LA-USDT-SWAP,6534200.0,1758422983105
2025-09-21 02:49:43.107000+00:00,LAUNCHCOIN-USDT-SWAP,40884480.0,1758422983107
2025-09-21 02:49:43.114000+00:00,LAYER-USDT-SWAP,6107364.0,1758422983114
2025-09-21 02:49:43.104000+00:00,LDO-USDT-SWAP,13663759.0,1758422983104
2025-09-21 02:49:43.102000+00:00,LINK-USDT-SWAP,2333577.8,1758422983102
2025-09-21 02:49:43.106000+00:00,LPT-USDT-SWAP,562168.5,1758422983106
2025-09-21 02:49:43.115000+00:00,LQTY-USDT-SWAP,2194607.0,1758422983115
2025-09-21 02:49:43.552000+00:00,LRC-USDT-SWAP,13867520.0,1758422983552
2025-09-21 02:49:43.557000+00:00,LTC-USDT-SWAP,733924.9000000001,1758422983557
2025-09-21 02:49:43.573000+00:00,LUNA-USDT-SWAP,20178473.0,1758422983573
2025-09-21 02:49:43.560000+00:00,MAGIC-USDT-SWAP,15964272.0,1758422983560
2025-09-21 02:49:43.592000+00:00,MAJOR-USDT-SWAP,4640166.0,1758422983592
2025-09-21 02:49:43.559000+00:00,MANA-USDT-SWAP,10614980.0,1758422983559
2025-09-21 02:49:43.557000+00:00,MASK-USDT-SWAP,2953304.0,1758422983557
2025-09-21 02:49:43.560000+00:00,ME-USDT-SWAP,3714466.0,1758422983560
2025-09-21 02:49:43.560000+00:00,MEME-USDT-SWAP,1571617900.0,1758422983560
2025-09-21 02:49:44.011000+00:00,MERL-USDT-SWAP,49499815.0,1758422984011
2025-09-21 02:49:44.019000+00:00,METIS-USDT-SWAP,116008.0,1758422984019
2025-09-21 02:49:44.024000+00:00,MEW-USDT-SWAP,1028246000.0,1758422984024
2025-09-21 02:49:44.015000+00:00,MINA-USDT-SWAP,7562403.0,1758422984015
2025-09-21 02:49:44.016000+00:00,MOG-USDT-SWAP,609148000000.0,1758422984016
2025-09-21 02:49:44.016000+00:00,MOODENG-USDT-SWAP,51325980.0,1758422984016
2025-09-21 02:49:44.020000+00:00,MORPHO-USDT-SWAP,1552042.0,1758422984020
2025-09-21 02:49:44.021000+00:00,MOVE-USDT-SWAP,28084210.0,1758422984021
2025-09-21 02:49:44.018000+00:00,MUBARAK-USDT-SWAP,48257700.0,1758422984018
2025-09-21 02:49:44.437000+00:00,NEAR-USDT-SWAP,7227571.999999997,1758422984437
2025-09-21 02:49:44.439000+00:00,NEIRO-USDT-SWAP,9232512000.0,1758422984439
2025-09-21 02:49:44.443000+00:00,NEO-USDT-SWAP,368746.0,1758422984443
2025-09-21 02:49:44.439000+00:00,NEWT-USDT-SWAP,3428480.0,1758422984439
2025-09-21 02:49:44.444000+00:00,NMR-USDT-SWAP,319493.8,1758422984444
2025-09-21 02:49:44.444000+00:00,NOT-USDT-SWAP,1515770600.0,1758422984444
2025-09-21 02:49:44.436000+00:00,NXPC-USDT-SWAP,1082054.0,1758422984436
2025-09-21 02:49:44.448000+00:00,OL-USDT-SWAP,71905270.0,1758422984448
2025-09-21 02:49:44.444000+00:00,OM-USDT-SWAP,22355385.0,1758422984444
2025-09-21 02:49:45.007000+00:00,ONDO-USDT-SWAP,23882200.0,1758422985007
2025-09-21 02:49:44.883000+00:00,ONE-USDT-SWAP,81328100.0,1758422984883
2025-09-21 02:49:44.881000+00:00,ONT-USDT-SWAP,10302200.0,1758422984881
2025-09-21 02:49:44.879000+00:00,OP-USDT-SWAP,25457165.0,1758422984879
2025-09-21 02:49:44.877000+00:00,ORBS-USDT-SWAP,29110700.0,1758422984877
2025-09-21 02:49:44.909000+00:00,ORDI-USDT-SWAP,1208286.7,1758422984909
2025-09-21 02:49:44.879000+00:00,PARTI-USDT-SWAP,12700770.0,1758422984879
2025-09-21 02:49:44.879000+00:00,PENGU-USDT-SWAP,623123900.0,1758422984879
2025-09-21 02:49:44.890000+00:00,PEOPLE-USDT-SWAP,338337900.0,1758422984890
2025-09-21 02:49:44.880000+00:00,PEPE-USDT-SWAP,8780420000000.003,1758422984880
2025-09-21 02:49:45.432000+00:00,PERP-USDT-SWAP,3161622.0,1758422985432
2025-09-21 02:49:45.416000+00:00,PI-USDT-SWAP,32709427.0,1758422985416
2025-09-21 02:49:45.426000+00:00,PLUME-USDT-SWAP,20292090.0,1758422985426
2025-09-21 02:49:45.418000+00:00,PNUT-USDT-SWAP,35994410.0,1758422985418
2025-09-21 02:49:45.422000+00:00,POL-USDT-SWAP,38120660.0,1758422985422
2025-09-21 02:49:45.427000+00:00,POPCAT-USDT-SWAP,8960340.0,1758422985427
2025-09-21 02:49:45.420000+00:00,PRCL-USDT-SWAP,15408250.0,1758422985420
2025-09-21 02:49:45.418000+00:00,PROMPT-USDT-SWAP,27529840.0,1758422985418
2025-09-21 02:49:45.423000+00:00,PUMP-USDT-SWAP,7995275000.0,1758422985423
2025-09-21 02:49:45.422000+00:00,PYTH-USDT-SWAP,53042000.0,1758422985422
2025-09-21 02:49:45.852000+00:00,QTUM-USDT-SWAP,1044188.0,1758422985852
2025-09-21 02:49:45.862000+00:00,RAY-USDT-SWAP,1498202.0,1758422985862
2025-09-21 02:49:45.864000+00:00,RENDER-USDT-SWAP,1373893.0,1758422985864
2025-09-21 02:49:45.854000+00:00,RESOLV-USDT-SWAP,26378160.0,1758422985854
2025-09-21 02:49:45.858000+00:00,RSR-USDT-SWAP,262163200.0,1758422985858
2025-09-21 02:49:45.859000+00:00,RVN-USDT-SWAP,81392950.0,1758422985859
2025-09-21 02:49:45.856000+00:00,S-USDT-SWAP,12493550.0,1758422985856
2025-09-21 02:49:45.854000+00:00,SAHARA-USDT-SWAP,38049700.0,1758422985854
2025-09-21 02:49:45.860000+00:00,SAND-USDT-SWAP,16876260.0,1758422985860
2025-09-21 02:49:45.898000+00:00,SATS-USDT-SWAP,187660570000000.0,1758422985898
2025-09-21 02:49:46.307000+00:00,SCR-USDT-SWAP,2451921.0,1758422986307
2025-09-21 02:49:46.309000+00:00,SHELL-USDT-SWAP,5059670.0,1758422986309
2025-09-21 02:49:46.316000+00:00,SHIB-USDT-SWAP,1663837600000.0002,1758422986316
2025-09-21 02:49:46.314000+00:00,SIGN-USDT-SWAP,48740800.0,1758422986314
2025-09-21 02:49:46.308000+00:00,SLP-USDT-SWAP,403089630.0,1758422986308
2025-09-21 02:49:46.320000+00:00,SNX-USDT-SWAP,2270349.0,1758422986320
2025-09-21 02:49:46.315000+00:00,SOL-USDT-SWAP,3749206.6800000034,1758422986315
2025-09-21 02:49:46.309000+00:00,SOLV-USDT-SWAP,56985100.0,1758422986309
2025-09-21 02:49:46.314000+00:00,SONIC-USDT-SWAP,7820470.0,1758422986314
2025-09-21 02:49:46.332000+00:00,SOON-USDT-SWAP,6619540.0,1758422986332
2025-09-21 02:49:46.777000+00:00,SOPH-USDT-SWAP,79976200.0,1758422986777
2025-09-21 02:49:46.766000+00:00,SPK-USDT-SWAP,113403900.0,1758422986766
2025-09-21 02:49:46.784000+00:00,SPX-USDT-SWAP,989208.0,1758422986784
2025-09-21 02:49:46.774000+00:00,SSV-USDT-SWAP,289986.3,1758422986774
2025-09-21 02:49:46.770000+00:00,STORJ-USDT-SWAP,6001400.0,1758422986770
2025-09-21 02:49:46.812000+00:00,STRK-USDT-SWAP,24388380.0,1758422986812
2025-09-21 02:49:46.795000+00:00,STX-USDT-SWAP,7293650.0,1758422986795
2025-09-21 02:49:46.774000+00:00,SUI-USDT-SWAP,23697854.0,1758422986774
2025-09-21 02:49:47.185000+00:00,SUSHI-USDT-SWAP,8197809.0,1758422987185
2025-09-21 02:49:46.777000+00:00,SWARMS-USDT-SWAP,76708180.0,1758422986777
2025-09-21 02:49:47.605000+00:00,SYRUP-USDT-SWAP,2412400.0,1758422987605
2025-09-21 02:49:47.639000+00:00,T-USDT-SWAP,41270300.0,1758422987639
2025-09-21 02:49:47.625000+00:00,TAO-USDT-SWAP,14138.57,1758422987625
2025-09-21 02:49:47.623000+00:00,THETA-USDT-SWAP,2848961.0,1758422987623
2025-09-21 02:49:47.611000+00:00,TIA-USDT-SWAP,4984450.0,1758422987611
2025-09-21 02:49:47.618000+00:00,TNSR-USDT-SWAP,9665329.0,1758422987618
2025-09-21 02:49:47.624000+00:00,TON-USDT-SWAP,8270974.0,1758422987624
2025-09-21 02:49:47.614000+00:00,TRB-USDT-SWAP,231700.0,1758422987614
2025-09-21 02:49:47.618000+00:00,TREE-USDT-SWAP,7457276.0,1758422987618
2025-09-21 02:49:47.615000+00:00,TRUMP-USDT-SWAP,5580566.6,1758422987615
2025-09-21 02:49:48.065000+00:00,TRX-USDT-SWAP,83413590.00000015,1758422988065
2025-09-21 02:49:48.063000+00:00,TURBO-USDT-SWAP,844060000.0000001,1758422988063
2025-09-21 02:49:48.073000+00:00,UMA-USDT-SWAP,1300561.3,1758422988073
2025-09-21 02:49:48.064000+00:00,UNI-USDT-SWAP,3694809.0,1758422988064
2025-09-21 02:49:48.070000+00:00,USDC-USDT-SWAP,929080.0,1758422988070
2025-09-21 02:49:48.070000+00:00,USELESS-USDT-SWAP,20023150.0,1758422988070
2025-09-21 02:49:48.063000+00:00,UXLINK-USDT-SWAP,5749420.0,1758422988063
2025-09-21 02:49:48.069000+00:00,VANA-USDT-SWAP,130980.1,1758422988069
2025-09-21 02:49:48.072000+00:00,VINE-USDT-SWAP,106723060.0,1758422988072
2025-09-21 02:49:48.487000+00:00,VIRTUAL-USDT-SWAP,3665846.0,1758422988487
2025-09-21 02:49:48.485000+00:00,W-USDT-SWAP,72036340.0,1758422988485
2025-09-21 02:49:48.493000+00:00,WAL-USDT-SWAP,1983490.0,1758422988493
2025-09-21 02:49:48.484000+00:00,WCT-USDT-SWAP,9302830.0,1758422988484
2025-09-21 02:49:48.487000+00:00,WIF-USDT-SWAP,18440663.0,1758422988487
2025-09-21 02:49:48.632000+00:00,WLD-USDT-SWAP,27686647.0,1758422988632
2025-09-21 02:49:48.484000+00:00,WLFI-USDT-SWAP,291517060.0,1758422988484
2025-09-21 02:49:48.490000+00:00,WOO-USDT-SWAP,23732790.0,1758422988490
2025-09-21 02:49:48.496000+00:00,XAUT-USDT-SWAP,4580.219,1758422988496
2025-09-21 02:49:49.045000+00:00,XLM-USDT-SWAP,38642690.0,1758422989045
2025-09-21 02:49:49.049000+00:00,XPL-USDT-SWAP,10659290.0,1758422989049
2025-09-21 02:49:49.059000+00:00,XRP-USDT-SWAP,106522936.99999993,1758422989059
2025-09-21 02:49:49.049000+00:00,XTZ-USDT-SWAP,5740742.0,1758422989049
2025-09-21 02:49:49.053000+00:00,YFI-USDT-SWAP,396.8602,1758422989053
2025-09-21 02:49:49.053000+00:00,YGG-USDT-SWAP,41415790.0,1758422989053
2025-09-21 02:49:49.052000+00:00,ZENT-USDT-SWAP,187826400.0,1758422989052
2025-09-21 02:49:49.055000+00:00,ZETA-USDT-SWAP,5526570.0,1758422989055
2025-09-21 02:49:49.050000+00:00,ZIL-USDT-SWAP,156652500.0,1758422989050
2025-09-21 02:49:49.472000+00:00,ZK-USDT-SWAP,47607110.0,1758422989472
2025-09-21 02:49:49.474000+00:00,ZRO-USDT-SWAP,2018671.0,1758422989474
2025-09-21 02:49:49.479000+00:00,ZRX-USDT-SWAP,6549590.0,1758422989479
2025-09-21 02:50:50.177000+00:00,1INCH-USDT-SWAP,7057345.0,1758423050177
2025-09-21 02:50:50.157000+00:00,A-USDT-SWAP,11328310.0,1758423050157
2025-09-21 02:50:50.200000+00:00,AAVE-USDT-SWAP,129597.09000000004,1758423050200
2025-09-21 02:50:50.178000+00:00,ACE-USDT-SWAP,2838732.0,1758423050178
2025-09-21 02:50:50.177000+00:00,ACH-USDT-SWAP,95183200.0,1758423050177
2025-09-21 02:50:50.181000+00:00,ACT-USDT-SWAP,98518749.0,1758423050181
2025-09-21 02:50:50.176000+00:00,ADA-USDT-SWAP,93001070.00000003,1758423050176
2025-09-21 02:50:50.177000+00:00,AERO-USDT-SWAP,2356830.0,1758423050177
2025-09-21 02:50:50.177000+00:00,AEVO-USDT-SWAP,27490168.0,1758423050177
2025-09-21 02:50:50.184000+00:00,AGLD-USDT-SWAP,1990385.0,1758423050184
2025-09-21 02:50:50.617000+00:00,AI16Z-USDT-SWAP,50923793.0,1758423050617
2025-09-21 02:50:50.613000+00:00,AIXBT-USDT-SWAP,22487350.0,1758423050613
2025-09-21 02:50:50.617000+00:00,ALGO-USDT-SWAP,27871500.0,1758423050617
2025-09-21 02:50:50.625000+00:00,ANIME-USDT-SWAP,96716870.0,1758423050625
2025-09-21 02:50:50.615000+00:00,APE-USDT-SWAP,7900048.9,1758423050615
2025-09-21 02:50:50.615000+00:00,API3-USDT-SWAP,2080213.0,1758423050615
2025-09-21 02:50:50.612000+00:00,APT-USDT-SWAP,4106678.0,1758423050612
2025-09-21 02:50:50.624000+00:00,AR-USDT-SWAP,531351.6,1758423050624
2025-09-21 02:50:50.628000+00:00,ARB-USDT-SWAP,37009856.999999985,1758423050628
2025-09-21 02:50:51.068000+00:00,ARC-USDT-SWAP,100637100.0,1758423051068
2025-09-21 02:50:51.065000+00:00,ARKM-USDT-SWAP,3428468.0,1758423051065
2025-09-21 02:50:51.070000+00:00,ATH-USDT-SWAP,170078400.0,1758423051070
2025-09-21 02:50:51.067000+00:00,ATOM-USDT-SWAP,2116916.0,1758423051067
2025-09-21 02:50:51.069000+00:00,AUCTION-USDT-SWAP,231294.6,1758423051069
2025-09-21 02:50:51.068000+00:00,AVAAI-USDT-SWAP,88408000.0,1758423051068
2025-09-21 02:50:51.068000+00:00,AVAX-USDT-SWAP,2269801.4000000013,1758423051068
2025-09-21 02:50:51.064000+00:00,AXS-USDT-SWAP,1119602.4,1758423051064
2025-09-21 02:50:51.068000+00:00,BABY-USDT-SWAP,39293560.0,1758423051068
2025-09-21 02:50:51.069000+00:00,BAND-USDT-SWAP,1268091.0,1758423051069
2025-09-21 02:50:51.483000+00:00,BAT-USDT-SWAP,4770010.0,1758423051483
2025-09-21 02:50:51.484000+00:00,BCH-USDT-SWAP,71190.77999999996,1758423051484
2025-09-21 02:50:51.494000+00:00,BERA-USDT-SWAP,2617301.5,1758423051494
2025-09-21 02:50:51.486000+00:00,BICO-USDT-SWAP,7204624.0,1758423051486
2025-09-21 02:50:51.492000+00:00,BIGTIME-USDT-SWAP,40159850.0,1758423051492
2025-09-21 02:50:51.495000+00:00,BIO-USDT-SWAP,68530014.0,1758423051495
2025-09-21 02:50:51.493000+00:00,BLUR-USDT-SWAP,24838180.0,1758423051493
2025-09-21 02:50:51.487000+00:00,BNB-USDT-SWAP,151157.54,1758423051487
2025-09-21 02:50:51.488000+00:00,BNT-USDT-SWAP,731290.0,1758423051488
2025-09-21 02:50:51.499000+00:00,BOME-USDT-SWAP,1023156000.0,1758423051499
2025-09-21 02:50:51.935000+00:00,BONK-USDT-SWAP,481902000000.0,1758423051935
2025-09-21 02:50:51.936000+00:00,BRETT-USDT-SWAP,19419500.0,1758423051936
2025-09-21 02:50:51.955000+00:00,BTC-USDT-SWAP,27997.845200000087,1758423051955
2025-09-21 02:50:51.947000+00:00,CAT-USDT-SWAP,198073400000.0,1758423051947
2025-09-21 02:50:51.943000+00:00,CATI-USDT-SWAP,16091278.0,1758423051943
2025-09-21 02:50:51.949000+00:00,CELO-USDT-SWAP,3742953.0,1758423051949
2025-09-21 02:50:51.947000+00:00,CETUS-USDT-SWAP,22396280.0,1758423051947
2025-09-21 02:50:51.938000+00:00,CFX-USDT-SWAP,75515830.0,1758423051938
2025-09-21 02:50:51.940000+00:00,CHZ-USDT-SWAP,78207900.0,1758423051940
2025-09-21 02:50:51.949000+00:00,COMP-USDT-SWAP,75066.5,1758423051949
2025-09-21 02:50:52.360000+00:00,COOKIE-USDT-SWAP,5066180.0,1758423052360
2025-09-21 02:50:52.357000+00:00,CORE-USDT-SWAP,9983416.0,1758423052357
2025-09-21 02:50:52.372000+00:00,CRO-USDT-SWAP,51032600.0,1758423052372
2025-09-21 02:50:52.366000+00:00,CRV-USDT-SWAP,24977269.0,1758423052366
2025-09-21 02:50:52.381000+00:00,CTC-USDT-SWAP,1677530.0,1758423052381
2025-09-21 02:50:52.369000+00:00,CVC-USDT-SWAP,9715800.0,1758423052369
2025-09-21 02:50:52.366000+00:00,CVX-USDT-SWAP,373472.0,1758423052366
2025-09-21 02:50:52.360000+00:00,DEGEN-USDT-SWAP,332471200.0,1758423052360
2025-09-21 02:50:52.798000+00:00,DOGE-USDT-SWAP,1389273059.9999995,1758423052798
2025-09-21 02:50:52.801000+00:00,DOGS-USDT-SWAP,15893773000.0,1758423052801
2025-09-21 02:50:52.810000+00:00,DOOD-USDT-SWAP,146506000.0,1758423052810
2025-09-21 02:50:52.795000+00:00,DOT-USDT-SWAP,6306645.0,1758423052795
2025-09-21 02:50:52.809000+00:00,DYDX-USDT-SWAP,13219928.0,1758423052809
2025-09-21 02:50:52.809000+00:00,EGLD-USDT-SWAP,117808.7,1758423052809
2025-09-21 02:50:52.799000+00:00,EIGEN-USDT-SWAP,4770326.0,1758423052799
2025-09-21 02:50:52.815000+00:00,ENJ-USDT-SWAP,14714730.0,1758423052815
2025-09-21 02:50:52.807000+00:00,ENS-USDT-SWAP,328429.6,1758423052807
2025-09-21 02:50:53.423000+00:00,ETC-USDT-SWAP,1208211.9000000004,1758423053423
2025-09-21 02:50:53.440000+00:00,ETH-USDT-SWAP,746968.2489999997,1758423053440
2025-09-21 02:50:53.424000+00:00,ETHFI-USDT-SWAP,7708687.0,1758423053424
2025-09-21 02:50:53.415000+00:00,ETHW-USDT-SWAP,1221473.9,1758423053415
2025-09-21 02:50:53.417000+00:00,FARTCOIN-USDT-SWAP,25073147.0,1758423053417
2025-09-21 02:50:53.442000+00:00,FIL-USDT-SWAP,13622925.5,1758423053442
2025-09-21 02:50:53.416000+00:00,FLM-USDT-SWAP,30680460.0,1758423053416
2025-09-21 02:50:53.415000+00:00,FLOKI-USDT-SWAP,38531600000.0,1758423053415
2025-09-21 02:50:53.413000+00:00,FLOW-USDT-SWAP,4251360.0,1758423053413
2025-09-21 02:50:53.551000+00:00,FXS-USDT-SWAP,353410.0,1758423053551
2025-09-21 02:50:53.959000+00:00,GALA-USDT-SWAP,461756950.0,1758423053959
2025-09-21 02:50:53.980000+00:00,GAS-USDT-SWAP,364665.0,1758423053980
2025-09-21 02:50:53.971000+00:00,GLM-USDT-SWAP,3155220.0,1758423053971
2025-09-21 02:50:53.970000+00:00,GMT-USDT-SWAP,47390167.0,1758423053970
2025-09-21 02:50:53.965000+00:00,GMX-USDT-SWAP,70397.1,1758423053965
2025-09-21 02:50:53.966000+00:00,GOAT-USDT-SWAP,28597820.0,1758423053966
2025-09-21 02:50:53.967000+00:00,GODS-USDT-SWAP,7970162.0,1758423053967
2025-09-21 02:50:53.964000+00:00,GPS-USDT-SWAP,134736890.0,1758423053964
2025-09-21 02:50:53.968000+00:00,GRASS-USDT-SWAP,2657970.0,1758423053968
2025-09-21 02:50:53.969000+00:00,GRIFFAIN-USDT-SWAP,28892160.0,1758423053969
2025-09-21 02:50:54.458000+00:00,GRT-USDT-SWAP,21632810.0,1758423054458
2025-09-21 02:50:54.408000+00:00,H-USDT-SWAP,80733800.0,1758423054408
2025-09-21 02:50:54.409000+00:00,HBAR-USDT-SWAP,81627640.00000006,1758423054409
2025-09-21 02:50:54.408000+00:00,HMSTR-USDT-SWAP,1191101800.0,1758423054408
2025-09-21 02:50:54.404000+00:00,HOME-USDT-SWAP,16102500.0,1758423054404
2025-09-21 02:50:54.412000+00:00,HUMA-USDT-SWAP,69537900.0,1758423054412
2025-09-21 02:50:54.421000+00:00,HYPE-USDT-SWAP,1007245.8,1758423054421
2025-09-21 02:50:54.405000+00:00,ICP-USDT-SWAP,1746267.35,1758423054405
2025-09-21 02:50:54.408000+00:00,ICX-USDT-SWAP,5584550.0,1758423054408
2025-09-21 02:50:54.406000+00:00,IMX-USDT-SWAP,9394044.0,1758423054406
2025-09-21 02:50:54.913000+00:00,INIT-USDT-SWAP,2242990.0,1758423054913
2025-09-21 02:50:54.877000+00:00,INJ-USDT-SWAP,901145.4,1758423054877
2025-09-21 02:50:54.884000+00:00,IOST-USDT-SWAP,269016000.0,1758423054884
2025-09-21 02:50:54.882000+00:00,IOTA-USDT-SWAP,14386360.0,1758423054882
2025-09-21 02:50:54.885000+00:00,IP-USDT-SWAP,5365482.0,1758423054885
2025-09-21 02:50:54.889000+00:00,JELLYJELLY-USDT-SWAP,190587700.0,1758423054889
2025-09-21 02:50:54.885000+00:00,JOE-USDT-SWAP,7470870.0,1758423054885
2025-09-21 02:50:54.886000+00:00,JTO-USDT-SWAP,3835276.0,1758423054886
2025-09-21 02:50:54.884000+00:00,JUP-USDT-SWAP,14321480.0,1758423054884
2025-09-21 02:50:55.328000+00:00,KAITO-USDT-SWAP,4839978.0,1758423055328
2025-09-21 02:50:55.337000+00:00,KMNO-USDT-SWAP,51256400.0,1758423055337
2025-09-21 02:50:55.334000+00:00,KSM-USDT-SWAP,128053.0,1758423055334
2025-09-21 02:50:55.333000+00:00,LA-USDT-SWAP,6530460.0,1758423055333
2025-09-21 02:50:55.331000+00:00,LAUNCHCOIN-USDT-SWAP,40841520.0,1758423055331
2025-09-21 02:50:55.332000+00:00,LAYER-USDT-SWAP,6107360.0,1758423055332
2025-09-21 02:50:55.336000+00:00,LDO-USDT-SWAP,13663359.0,1758423055336
2025-09-21 02:50:55.331000+00:00,LINK-USDT-SWAP,2332973.6,1758423055331
2025-09-21 02:50:55.333000+00:00,LPT-USDT-SWAP,562195.9,1758423055333
2025-09-21 02:50:55.334000+00:00,LQTY-USDT-SWAP,2194585.0,1758423055334
2025-09-21 02:50:55.770000+00:00,LRC-USDT-SWAP,13867580.0,1758423055770
2025-09-21 02:50:55.773000+00:00,LTC-USDT-SWAP,733926.9000000001,1758423055773
2025-09-21 02:50:55.778000+00:00,LUNA-USDT-SWAP,20178459.0,1758423055778
2025-09-21 02:50:55.773000+00:00,MAGIC-USDT-SWAP,15963783.0,1758423055773
2025-09-21 02:50:55.777000+00:00,MAJOR-USDT-SWAP,4640166.0,1758423055777
2025-09-21 02:50:55.791000+00:00,MANA-USDT-SWAP,10614450.0,1758423055791
2025-09-21 02:50:55.790000+00:00,MASK-USDT-SWAP,2953300.0,1758423055790
2025-09-21 02:50:55.772000+00:00,ME-USDT-SWAP,3718870.0,1758423055772
2025-09-21 02:50:55.783000+00:00,MEME-USDT-SWAP,1573995200.0,1758423055783
2025-09-21 02:50:56.207000+00:00,MERL-USDT-SWAP,49490033.0,1758423056207
2025-09-21 02:50:56.199000+00:00,METIS-USDT-SWAP,116007.7,1758423056199
2025-09-21 02:50:56.209000+00:00,MEW-USDT-SWAP,1028243000.0,1758423056209
2025-09-21 02:50:56.216000+00:00,MINA-USDT-SWAP,7562409.0,1758423056216
2025-09-21 02:50:56.206000+00:00,MOG-USDT-SWAP,609116000000.0,1758423056206
2025-09-21 02:50:56.204000+00:00,MOODENG-USDT-SWAP,51393690.0,1758423056204
2025-09-21 02:50:56.204000+00:00,MORPHO-USDT-SWAP,1552146.0,1758423056204
2025-09-21 02:50:56.214000+00:00,MOVE-USDT-SWAP,28077100.0,1758423056214
2025-09-21 02:50:56.208000+00:00,MUBARAK-USDT-SWAP,48229900.0,1758423056208
2025-09-21 02:50:56.626000+00:00,NEAR-USDT-SWAP,7226139.999999997,1758423056626
2025-09-21 02:50:56.762000+00:00,NEIRO-USDT-SWAP,9233201000.0,1758423056762
2025-09-21 02:50:56.633000+00:00,NEO-USDT-SWAP,368748.0,1758423056633
2025-09-21 02:50:56.636000+00:00,NEWT-USDT-SWAP,3429740.0,1758423056636
2025-09-21 02:50:56.658000+00:00,NMR-USDT-SWAP,319480.4,1758423056658
2025-09-21 02:50:56.636000+00:00,NOT-USDT-SWAP,1515767000.0,1758423056636
2025-09-21 02:50:56.628000+00:00,NXPC-USDT-SWAP,1082050.0,1758423056628
2025-09-21 02:50:56.636000+00:00,OL-USDT-SWAP,71905240.0,1758423056636
2025-09-21 02:50:56.641000+00:00,OM-USDT-SWAP,22346849.0,1758423056641
2025-09-21 02:50:57.169000+00:00,ONDO-USDT-SWAP,23878610.0,1758423057169
2025-09-21 02:50:57.173000+00:00,ONE-USDT-SWAP,81324100.0,1758423057173
2025-09-21 02:50:57.179000+00:00,ONT-USDT-SWAP,10302030.0,1758423057179
2025-09-21 02:50:57.224000+00:00,OP-USDT-SWAP,25456364.0,1758423057224
2025-09-21 02:50:57.176000+00:00,ORBS-USDT-SWAP,29110700.0,1758423057176
2025-09-21 02:50:57.175000+00:00,ORDI-USDT-SWAP,1208405.6,1758423057175
2025-09-21 02:50:57.187000+00:00,PARTI-USDT-SWAP,12700300.0,1758423057187
2025-09-21 02:50:57.178000+00:00,PENGU-USDT-SWAP,623062400.0,1758423057178
2025-09-21 02:50:57.217000+00:00,PEOPLE-USDT-SWAP,338216800.0,1758423057217
2025-09-21 02:50:57.177000+00:00,PEPE-USDT-SWAP,8779816000000.004,1758423057177
2025-09-21 02:50:57.642000+00:00,PERP-USDT-SWAP,3162118.0,1758423057642
2025-09-21 02:50:57.645000+00:00,PI-USDT-SWAP,32689196.0,1758423057645
2025-09-21 02:50:57.649000+00:00,PLUME-USDT-SWAP,20327360.0,1758423057649
2025-09-21 02:50:57.646000+00:00,PNUT-USDT-SWAP,35994410.0,1758423057646
2025-09-21 02:50:57.661000+00:00,POL-USDT-SWAP,38118950.0,1758423057661
2025-09-21 02:50:57.645000+00:00,POPCAT-USDT-SWAP,8960560.0,1758423057645
2025-09-21 02:50:57.651000+00:00,PRCL-USDT-SWAP,15408373.0,1758423057651
2025-09-21 02:50:57.663000+00:00,PROMPT-USDT-SWAP,27592760.0,1758423057663
2025-09-21 02:50:57.649000+00:00,PUMP-USDT-SWAP,7995027000.0,1758423057649
2025-09-21 02:50:57.645000+00:00,PYTH-USDT-SWAP,53041930.0,1758423057645
2025-09-21 02:50:58.073000+00:00,QTUM-USDT-SWAP,1044153.0,1758423058073
2025-09-21 02:50:58.074000+00:00,RAY-USDT-SWAP,1498390.0,1758423058074
2025-09-21 02:50:58.076000+00:00,RENDER-USDT-SWAP,1374208.0,1758423058076
2025-09-21 02:50:58.089000+00:00,RESOLV-USDT-SWAP,26378850.0,1758423058089
2025-09-21 02:50:58.084000+00:00,RSR-USDT-SWAP,262090600.0,1758423058084
2025-09-21 02:50:58.075000+00:00,RVN-USDT-SWAP,81392950.0,1758423058075
2025-09-21 02:50:58.079000+00:00,S-USDT-SWAP,12477070.0,1758423058079
2025-09-21 02:50:58.077000+00:00,SAHARA-USDT-SWAP,38047680.0,1758423058077
2025-09-21 02:50:58.077000+00:00,SAND-USDT-SWAP,16876310.0,1758423058077
2025-09-21 02:50:58.078000+00:00,SATS-USDT-SWAP,187641810000000.0,1758423058078
2025-09-21 02:50:58.503000+00:00,SCR-USDT-SWAP,2451920.0,1758423058503
2025-09-21 02:50:58.502000+00:00,SHELL-USDT-SWAP,5078080.0,1758423058502
2025-09-21 02:50:58.524000+00:00,SHIB-USDT-SWAP,1661331200000.0,1758423058524
2025-09-21 02:50:58.510000+00:00,SIGN-USDT-SWAP,48572500.0,1758423058510
2025-09-21 02:50:58.533000+00:00,SLP-USDT-SWAP,403107280.0,1758423058533
2025-09-21 02:50:58.531000+00:00,SNX-USDT-SWAP,2271408.0,1758423058531
2025-09-21 02:50:58.508000+00:00,SOL-USDT-SWAP,3749697.330000003,1758423058508
2025-09-21 02:50:58.501000+00:00,SOLV-USDT-SWAP,56967900.0,1758423058501
2025-09-21 02:50:58.508000+00:00,SONIC-USDT-SWAP,7820398.0,1758423058508
2025-09-21 02:50:58.505000+00:00,SOON-USDT-SWAP,6619240.0,1758423058505
2025-09-21 02:50:58.990000+00:00,SOPH-USDT-SWAP,79976000.0,1758423058990
2025-09-21 02:50:58.957000+00:00,SPK-USDT-SWAP,113404100.0,1758423058957
2025-09-21 02:50:58.968000+00:00,SPX-USDT-SWAP,989081.0,1758423058968
2025-09-21 02:50:58.957000+00:00,SSV-USDT-SWAP,289986.2,1758423058957
2025-09-21 02:50:58.963000+00:00,STORJ-USDT-SWAP,5998950.0,1758423058963
2025-09-21 02:50:58.960000+00:00,STRK-USDT-SWAP,24388534.0,1758423058960
2025-09-21 02:50:58.957000+00:00,STX-USDT-SWAP,7293622.0,1758423058957
2025-09-21 02:50:58.959000+00:00,SUI-USDT-SWAP,23696909.0,1758423058959
2025-09-21 02:50:58.964000+00:00,SUSHI-USDT-SWAP,8197083.0,1758423058964
2025-09-21 02:50:58.967000+00:00,SWARMS-USDT-SWAP,76731230.0,1758423058967
2025-09-21 02:50:59.400000+00:00,SYRUP-USDT-SWAP,2412370.0,1758423059400
2025-09-21 02:50:59.401000+00:00,T-USDT-SWAP,41270300.0,1758423059401
2025-09-21 02:50:59.414000+00:00,TAO-USDT-SWAP,14138.62,1758423059414
2025-09-21 02:50:59.404000+00:00,THETA-USDT-SWAP,2848961.0,1758423059404
2025-09-21 02:50:59.429000+00:00,TIA-USDT-SWAP,4985811.0,1758423059429
2025-09-21 02:50:59.405000+00:00,TNSR-USDT-SWAP,9675609.0,1758423059405
2025-09-21 02:50:59.413000+00:00,TON-USDT-SWAP,8265568.0,1758423059413
2025-09-21 02:50:59.404000+00:00,TRB-USDT-SWAP,231704.2,1758423059404
2025-09-21 02:50:59.410000+00:00,TREE-USDT-SWAP,7494653.0,1758423059410
2025-09-21 02:50:59.416000+00:00,TRUMP-USDT-SWAP,5580530.4,1758423059416
2025-09-21 02:50:59.848000+00:00,TRX-USDT-SWAP,83292170.00000015,1758423059848
2025-09-21 02:50:59.850000+00:00,TURBO-USDT-SWAP,844062000.0000001,1758423059850
2025-09-21 02:50:59.861000+00:00,UMA-USDT-SWAP,1300561.3,1758423059861
2025-09-21 02:50:59.860000+00:00,UNI-USDT-SWAP,3694661.0,1758423059860
2025-09-21 02:50:59.858000+00:00,USDC-USDT-SWAP,929080.0,1758423059858
2025-09-21 02:50:59.856000+00:00,USELESS-USDT-SWAP,20017210.0,1758423059856
2025-09-21 02:50:59.861000+00:00,UXLINK-USDT-SWAP,5749420.0,1758423059861
2025-09-21 02:50:59.855000+00:00,VANA-USDT-SWAP,131045.5,1758423059855
2025-09-21 02:50:59.870000+00:00,VINE-USDT-SWAP,106728770.0,1758423059870
2025-09-21 02:51:00.304000+00:00,VIRTUAL-USDT-SWAP,3669756.0,1758423060304
2025-09-21 02:51:00.307000+00:00,W-USDT-SWAP,71969055.0,1758423060307
2025-09-21 02:51:00.315000+00:00,WAL-USDT-SWAP,1983490.0,1758423060315
2025-09-21 02:51:00.308000+00:00,WCT-USDT-SWAP,9307740.0,1758423060308
2025-09-21 02:51:00.312000+00:00,WIF-USDT-SWAP,18441903.0,1758423060312
2025-09-21 02:51:00.313000+00:00,WLD-USDT-SWAP,27673220.0,1758423060313
2025-09-21 02:51:00.312000+00:00,WLFI-USDT-SWAP,291420890.0,1758423060312
2025-09-21 02:51:00.312000+00:00,WOO-USDT-SWAP,23732340.0,1758423060312
2025-09-21 02:51:00.310000+00:00,XAUT-USDT-SWAP,4580.219,1758423060310
2025-09-21 02:51:00.766000+00:00,XLM-USDT-SWAP,38643060.00000001,1758423060766
2025-09-21 02:51:00.765000+00:00,XPL-USDT-SWAP,10677880.0,1758423060765
2025-09-21 02:51:00.773000+00:00,XRP-USDT-SWAP,106512351.99999993,1758423060773
2025-09-21 02:51:00.765000+00:00,XTZ-USDT-SWAP,5741974.0,1758423060765
2025-09-21 02:51:00.765000+00:00,YFI-USDT-SWAP,396.8602,1758423060765
2025-09-21 02:51:00.770000+00:00,YGG-USDT-SWAP,41417104.0,1758423060770
2025-09-21 02:51:00.778000+00:00,ZENT-USDT-SWAP,187811700.0,1758423060778
2025-09-21 02:51:00.779000+00:00,ZETA-USDT-SWAP,5526570.0,1758423060779
2025-09-21 02:51:00.769000+00:00,ZIL-USDT-SWAP,156652400.0,1758423060769
2025-09-21 02:51:01.307000+00:00,ZK-USDT-SWAP,47613140.0,1758423061307
2025-09-21 02:51:01.304000+00:00,ZRO-USDT-SWAP,2017120.0,1758423061304
2025-09-21 02:51:01.330000+00:00,ZRX-USDT-SWAP,6549530.0,1758423061330
2025-09-21 03:31:17.322000+00:00,1INCH-USDT-SWAP,7068968.0,1758425477322
2025-09-21 03:31:17.307000+00:00,A-USDT-SWAP,11327550.0,1758425477307
2025-09-21 03:31:17.306000+00:00,AAVE-USDT-SWAP,129622.74000000003,1758425477306
2025-09-21 03:31:17.306000+00:00,ACE-USDT-SWAP,2839290.0,1758425477306
2025-09-21 03:31:17.303000+00:00,ACH-USDT-SWAP,95140800.0,1758425477303
2025-09-21 03:31:17.769000+00:00,ACT-USDT-SWAP,98602398.0,1758425477769
2025-09-21 03:31:17.298000+00:00,ADA-USDT-SWAP,93273080.00000003,1758425477298
2025-09-21 03:31:17.311000+00:00,AERO-USDT-SWAP,2352540.0,1758425477311
2025-09-21 03:31:17.309000+00:00,AEVO-USDT-SWAP,27760553.0,1758425477309
2025-09-21 03:31:17.319000+00:00,AGLD-USDT-SWAP,1989298.0,1758425477319
2025-09-21 03:31:18.229000+00:00,AI16Z-USDT-SWAP,50931216.0,1758425478229
2025-09-21 03:31:18.216000+00:00,AIXBT-USDT-SWAP,22549230.0,1758425478216
2025-09-21 03:31:18.227000+00:00,ALGO-USDT-SWAP,27985990.0,1758425478227
2025-09-21 03:31:18.215000+00:00,ANIME-USDT-SWAP,96907060.0,1758425478215
2025-09-21 03:31:18.223000+00:00,APE-USDT-SWAP,7943990.6,1758425478223
2025-09-21 03:31:18.228000+00:00,API3-USDT-SWAP,2067167.0,1758425478228
2025-09-21 03:31:18.216000+00:00,APT-USDT-SWAP,4123935.0,1758425478216
2025-09-21 03:31:18.247000+00:00,AR-USDT-SWAP,532908.2,1758425478247
2025-09-21 03:31:18.218000+00:00,ARB-USDT-SWAP,37016481.99999998,1758425478218
2025-09-21 03:31:18.683000+00:00,ARC-USDT-SWAP,100579790.0,1758425478683
2025-09-21 03:31:18.677000+00:00,ARKM-USDT-SWAP,3415906.0,1758425478677
2025-09-21 03:31:18.669000+00:00,ATH-USDT-SWAP,169817700.0,1758425478669
2025-09-21 03:31:18.682000+00:00,ATOM-USDT-SWAP,2119483.0,1758425478682
2025-09-21 03:31:18.670000+00:00,AUCTION-USDT-SWAP,245482.6,1758425478670
2025-09-21 03:31:18.679000+00:00,AVAAI-USDT-SWAP,88620600.0,1758425478679
2025-09-21 03:31:18.682000+00:00,AVAX-USDT-SWAP,2268959.400000001,1758425478682
2025-09-21 03:31:18.680000+00:00,AXS-USDT-SWAP,1116706.6,1758425478680
2025-09-21 03:31:18.673000+00:00,BABY-USDT-SWAP,39158720.0,1758425478673
2025-09-21 03:31:18.692000+00:00,BAND-USDT-SWAP,1250756.0,1758425478692
2025-09-21 03:31:19.129000+00:00,BAT-USDT-SWAP,4776950.0,1758425479129
2025-09-21 03:31:19.128000+00:00,BCH-USDT-SWAP,71352.12999999996,1758425479128
2025-09-21 03:31:19.142000+00:00,BERA-USDT-SWAP,2640540.6,1758425479142
2025-09-21 03:31:19.146000+00:00,BICO-USDT-SWAP,7224328.0,1758425479146
2025-09-21 03:31:19.138000+00:00,BIGTIME-USDT-SWAP,39872160.0,1758425479138
2025-09-21 03:31:19.134000+00:00,BIO-USDT-SWAP,67660524.0,1758425479134
2025-09-21 03:31:19.144000+00:00,BLUR-USDT-SWAP,24830840.0,1758425479144
2025-09-21 03:31:19.141000+00:00,BNB-USDT-SWAP,152938.65,1758425479141
2025-09-21 03:31:19.136000+00:00,BNT-USDT-SWAP,732930.0,1758425479136
2025-09-21 03:31:19.148000+00:00,BOME-USDT-SWAP,1018928000.0,1758425479148
2025-09-21 03:31:19.600000+00:00,BONK-USDT-SWAP,479728800000.0,1758425479600
2025-09-21 03:31:19.605000+00:00,BRETT-USDT-SWAP,19362900.0,1758425479605
2025-09-21 03:31:19.606000+00:00,BTC-USDT-SWAP,28008.40980000008,1758425479606
2025-09-21 03:31:19.612000+00:00,CAT-USDT-SWAP,200483800000.0,1758425479612
2025-09-21 03:31:19.591000+00:00,CATI-USDT-SWAP,16049005.0,1758425479591
2025-09-21 03:31:19.605000+00:00,CELO-USDT-SWAP,3735151.0,1758425479605
2025-09-21 03:31:19.592000+00:00,CETUS-USDT-SWAP,22413750.0,1758425479592
2025-09-21 03:31:19.597000+00:00,CFX-USDT-SWAP,75576720.0,1758425479597
2025-09-21 03:31:19.610000+00:00,CHZ-USDT-SWAP,78388140.0,1758425479610
2025-09-21 03:31:19.620000+00:00,COMP-USDT-SWAP,74718.9,1758425479620
2025-09-21 03:31:20.067000+00:00,COOKIE-USDT-SWAP,5018420.0,1758425480067
2025-09-21 03:31:20.074000+00:00,CORE-USDT-SWAP,10031551.0,1758425480074
2025-09-21 03:31:20.064000+00:00,CRO-USDT-SWAP,50995840.0,1758425480064
2025-09-21 03:31:20.059000+00:00,CRV-USDT-SWAP,24912111.0,1758425480059
2025-09-21 03:31:20.067000+00:00,CTC-USDT-SWAP,1677020.0,1758425480067
2025-09-21 03:31:20.065000+00:00,CVC-USDT-SWAP,9718700.0,1758425480065
2025-09-21 03:31:20.070000+00:00,CVX-USDT-SWAP,376798.0,1758425480070
2025-09-21 03:31:20.055000+00:00,DEGEN-USDT-SWAP,330806800.0,1758425480055
2025-09-21 03:31:20.516000+00:00,DOGE-USDT-SWAP,1396548099.9999995,1758425480516
2025-09-21 03:31:20.519000+00:00,DOGS-USDT-SWAP,15825470000.0,1758425480519
2025-09-21 03:31:20.509000+00:00,DOOD-USDT-SWAP,146213000.0,1758425480509
2025-09-21 03:31:20.515000+00:00,DOT-USDT-SWAP,6324454.0,1758425480515
2025-09-21 03:31:20.511000+00:00,DYDX-USDT-SWAP,13251555.0,1758425480511
2025-09-21 03:31:20.508000+00:00,EGLD-USDT-SWAP,117951.9,1758425480508
2025-09-21 03:31:20.506000+00:00,EIGEN-USDT-SWAP,4744393.0,1758425480506
2025-09-21 03:31:20.507000+00:00,ENJ-USDT-SWAP,14730470.0,1758425480507
2025-09-21 03:31:20.518000+00:00,ENS-USDT-SWAP,328793.0,1758425480518
2025-09-21 03:31:20.980000+00:00,ETC-USDT-SWAP,1207543.3000000005,1758425480980
2025-09-21 03:31:20.964000+00:00,ETH-USDT-SWAP,744090.9189999996,1758425480964
2025-09-21 03:31:20.968000+00:00,ETHFI-USDT-SWAP,7860776.0,1758425480968
2025-09-21 03:31:20.970000+00:00,ETHW-USDT-SWAP,1220637.7,1758425480970
2025-09-21 03:31:20.987000+00:00,FARTCOIN-USDT-SWAP,25125663.0,1758425480987
2025-09-21 03:31:20.980000+00:00,FIL-USDT-SWAP,13618221.2,1758425480980
2025-09-21 03:31:20.975000+00:00,FLM-USDT-SWAP,30781770.0,1758425480975
2025-09-21 03:31:20.976000+00:00,FLOKI-USDT-SWAP,38695900000.0,1758425480976
2025-09-21 03:31:20.965000+00:00,FLOW-USDT-SWAP,4290580.0,1758425480965
2025-09-21 03:31:20.975000+00:00,FXS-USDT-SWAP,353573.0,1758425480975
2025-09-21 03:31:21.413000+00:00,GALA-USDT-SWAP,460848870.0,1758425481413
2025-09-21 03:31:21.428000+00:00,GAS-USDT-SWAP,365928.0,1758425481428
2025-09-21 03:31:21.423000+00:00,GLM-USDT-SWAP,3167740.0,1758425481423
2025-09-21 03:31:21.424000+00:00,GMT-USDT-SWAP,47386691.0,1758425481424
2025-09-21 03:31:21.423000+00:00,GMX-USDT-SWAP,70331.7,1758425481423
2025-09-21 03:31:21.472000+00:00,GOAT-USDT-SWAP,28590570.0,1758425481472
2025-09-21 03:31:21.450000+00:00,GODS-USDT-SWAP,7982738.0,1758425481450
2025-09-21 03:31:21.420000+00:00,GPS-USDT-SWAP,134249590.0,1758425481420
2025-09-21 03:31:21.430000+00:00,GRASS-USDT-SWAP,2659456.0,1758425481430
2025-09-21 03:31:21.428000+00:00,GRIFFAIN-USDT-SWAP,29473080.0,1758425481428
2025-09-21 03:31:21.902000+00:00,GRT-USDT-SWAP,21762000.0,1758425481902
2025-09-21 03:31:21.904000+00:00,H-USDT-SWAP,80139200.0,1758425481904
2025-09-21 03:31:21.906000+00:00,HBAR-USDT-SWAP,81686880.00000006,1758425481906
2025-09-21 03:31:21.906000+00:00,HMSTR-USDT-SWAP,1192775100.0,1758425481906
2025-09-21 03:31:21.893000+00:00,HOME-USDT-SWAP,16103600.0,1758425481893
2025-09-21 03:31:21.904000+00:00,HUMA-USDT-SWAP,69829000.0,1758425481904
2025-09-21 03:31:21.905000+00:00,HYPE-USDT-SWAP,1006680.4,1758425481905
2025-09-21 03:31:21.901000+00:00,ICP-USDT-SWAP,1742599.52,1758425481901
2025-09-21 03:31:21.902000+00:00,ICX-USDT-SWAP,5605820.0,1758425481902
2025-09-21 03:31:21.905000+00:00,IMX-USDT-SWAP,9393449.0,1758425481905
2025-09-21 03:31:22.356000+00:00,INIT-USDT-SWAP,2240370.0,1758425482356
2025-09-21 03:31:22.352000+00:00,INJ-USDT-SWAP,901687.6,1758425482352
2025-09-21 03:31:22.363000+00:00,IOST-USDT-SWAP,269127000.0,1758425482363
2025-09-21 03:31:22.358000+00:00,IOTA-USDT-SWAP,14333550.0,1758425482358
2025-09-21 03:31:22.349000+00:00,IP-USDT-SWAP,5346203.0,1758425482349
2025-09-21 03:31:22.367000+00:00,JELLYJELLY-USDT-SWAP,190625200.0,1758425482367
2025-09-21 03:31:22.370000+00:00,JOE-USDT-SWAP,7421060.0,1758425482370
2025-09-21 03:31:22.358000+00:00,JTO-USDT-SWAP,3836173.0,1758425482358
2025-09-21 03:31:22.366000+00:00,JUP-USDT-SWAP,14328830.0,1758425482366
2025-09-21 03:31:22.805000+00:00,KAITO-USDT-SWAP,4813235.0,1758425482805
2025-09-21 03:31:22.797000+00:00,KMNO-USDT-SWAP,52812300.0,1758425482797
2025-09-21 03:31:22.810000+00:00,KSM-USDT-SWAP,127856.4,1758425482810
2025-09-21 03:31:22.805000+00:00,LA-USDT-SWAP,6415660.0,1758425482805
2025-09-21 03:31:22.808000+00:00,LAUNCHCOIN-USDT-SWAP,40841760.0,1758425482808
2025-09-21 03:31:22.809000+00:00,LAYER-USDT-SWAP,6125116.0,1758425482809
2025-09-21 03:31:22.817000+00:00,LDO-USDT-SWAP,13651722.0,1758425482817
2025-09-21 03:31:22.812000+00:00,LINK-USDT-SWAP,2330229.9,1758425482812
2025-09-21 03:31:22.801000+00:00,LPT-USDT-SWAP,561234.6,1758425482801
2025-09-21 03:31:22.806000+00:00,LQTY-USDT-SWAP,2196315.0,1758425482806
2025-09-21 03:31:23.253000+00:00,LRC-USDT-SWAP,13807550.0,1758425483253
2025-09-21 03:31:23.276000+00:00,LTC-USDT-SWAP,732909.7000000002,1758425483276
2025-09-21 03:31:23.265000+00:00,LUNA-USDT-SWAP,20212760.0,1758425483265
2025-09-21 03:31:23.263000+00:00,MAGIC-USDT-SWAP,16017454.0,1758425483263
2025-09-21 03:31:23.269000+00:00,MAJOR-USDT-SWAP,4640936.0,1758425483269
2025-09-21 03:31:23.270000+00:00,MANA-USDT-SWAP,10628620.0,1758425483270
2025-09-21 03:31:23.263000+00:00,MASK-USDT-SWAP,2954447.0,1758425483263
2025-09-21 03:31:23.257000+00:00,ME-USDT-SWAP,3724919.0,1758425483257
2025-09-21 03:31:23.268000+00:00,MEME-USDT-SWAP,1616658000.0,1758425483268
2025-09-21 03:31:23.723000+00:00,MERL-USDT-SWAP,49449147.0,1758425483723
2025-09-21 03:31:23.739000+00:00,METIS-USDT-SWAP,116007.9,1758425483739
2025-09-21 03:31:23.854000+00:00,MEW-USDT-SWAP,1030670000.0,1758425483854
2025-09-21 03:31:23.720000+00:00,MINA-USDT-SWAP,7551796.0,1758425483720
2025-09-21 03:31:23.717000+00:00,MOG-USDT-SWAP,609887000000.0,1758425483717
2025-09-21 03:31:23.729000+00:00,MOODENG-USDT-SWAP,51307890.0,1758425483729
2025-09-21 03:31:23.737000+00:00,MORPHO-USDT-SWAP,1553702.0,1758425483737
2025-09-21 03:31:23.732000+00:00,MOVE-USDT-SWAP,27972640.0,1758425483732
2025-09-21 03:31:23.724000+00:00,MUBARAK-USDT-SWAP,45916200.0,1758425483724
2025-09-21 03:31:24.293000+00:00,NEAR-USDT-SWAP,7143186.999999998,1758425484293
2025-09-21 03:31:24.281000+00:00,NEIRO-USDT-SWAP,9277808000.0,1758425484281
2025-09-21 03:31:24.287000+00:00,NEO-USDT-SWAP,368350.0,1758425484287
2025-09-21 03:31:24.413000+00:00,NEWT-USDT-SWAP,3429930.0,1758425484413
2025-09-21 03:31:24.288000+00:00,NMR-USDT-SWAP,320021.0,1758425484288
2025-09-21 03:31:24.299000+00:00,NOT-USDT-SWAP,1515295500.0,1758425484299
2025-09-21 03:31:24.285000+00:00,NXPC-USDT-SWAP,1080290.0,1758425484285
2025-09-21 03:31:24.290000+00:00,OL-USDT-SWAP,72226170.0,1758425484290
2025-09-21 03:31:24.299000+00:00,OM-USDT-SWAP,22411704.0,1758425484299
2025-09-21 03:31:24.855000+00:00,ONDO-USDT-SWAP,23877470.0,1758425484855
2025-09-21 03:31:24.850000+00:00,ONE-USDT-SWAP,81489800.0,1758425484850
2025-09-21 03:31:24.847000+00:00,ONT-USDT-SWAP,10328740.0,1758425484847
2025-09-21 03:31:24.847000+00:00,OP-USDT-SWAP,25487831.0,1758425484847
2025-09-21 03:31:24.855000+00:00,ORBS-USDT-SWAP,28946500.0,1758425484855
2025-09-21 03:31:24.849000+00:00,ORDI-USDT-SWAP,1213648.7,1758425484849
2025-09-21 03:31:24.855000+00:00,PARTI-USDT-SWAP,12684960.0,1758425484855
2025-09-21 03:31:24.847000+00:00,PENGU-USDT-SWAP,622644500.0,1758425484847
2025-09-21 03:31:24.843000+00:00,PEOPLE-USDT-SWAP,336739700.0,1758425484843
2025-09-21 03:31:24.845000+00:00,PEPE-USDT-SWAP,8774718000000.004,1758425484845
2025-09-21 03:31:25.298000+00:00,PERP-USDT-SWAP,3153742.0,1758425485298
2025-09-21 03:31:25.292000+00:00,PI-USDT-SWAP,32724523.0,1758425485292
2025-09-21 03:31:25.302000+00:00,PLUME-USDT-SWAP,20286840.0,1758425485302
2025-09-21 03:31:25.300000+00:00,PNUT-USDT-SWAP,36055160.0,1758425485300
2025-09-21 03:31:25.306000+00:00,POL-USDT-SWAP,38092030.0,1758425485306
2025-09-21 03:31:25.308000+00:00,POPCAT-USDT-SWAP,8993030.0,1758425485308
2025-09-21 03:31:25.304000+00:00,PRCL-USDT-SWAP,15402071.0,1758425485304
2025-09-21 03:31:25.333000+00:00,PROMPT-USDT-SWAP,27642270.0,1758425485333
2025-09-21 03:31:25.305000+00:00,PUMP-USDT-SWAP,7911435000.0,1758425485305
2025-09-21 03:31:25.295000+00:00,PYTH-USDT-SWAP,53860320.0,1758425485295
2025-09-21 03:31:25.794000+00:00,QTUM-USDT-SWAP,1041220.0,1758425485794
2025-09-21 03:31:25.777000+00:00,RAY-USDT-SWAP,1498537.0,1758425485777
2025-09-21 03:31:25.787000+00:00,RENDER-USDT-SWAP,1375286.0,1758425485787
2025-09-21 03:31:25.787000+00:00,RESOLV-USDT-SWAP,26306860.0,1758425485787
2025-09-21 03:31:25.771000+00:00,RSR-USDT-SWAP,261966200.0,1758425485771
2025-09-21 03:31:25.778000+00:00,RVN-USDT-SWAP,82136370.0,1758425485778
2025-09-21 03:31:25.785000+00:00,S-USDT-SWAP,12497370.0,1758425485785
2025-09-21 03:31:25.788000+00:00,SAHARA-USDT-SWAP,38179050.0,1758425485788
2025-09-21 03:31:25.780000+00:00,SAND-USDT-SWAP,16912580.0,1758425485780
2025-09-21 03:31:25.785000+00:00,SATS-USDT-SWAP,187291630000000.0,1758425485785
2025-09-21 03:31:26.240000+00:00,SCR-USDT-SWAP,2450870.0,1758425486240
2025-09-21 03:31:26.237000+00:00,SHELL-USDT-SWAP,5139150.0,1758425486237
2025-09-21 03:31:26.236000+00:00,SHIB-USDT-SWAP,1655472400000.0002,1758425486236
2025-09-21 03:31:26.250000+00:00,SIGN-USDT-SWAP,48611100.0,1758425486250
2025-09-21 03:31:26.368000+00:00,SLP-USDT-SWAP,403011550.0,1758425486368
2025-09-21 03:31:26.245000+00:00,SNX-USDT-SWAP,2269802.0,1758425486245
2025-09-21 03:31:26.246000+00:00,SOL-USDT-SWAP,3757149.6300000027,1758425486246
2025-09-21 03:31:26.245000+00:00,SOLV-USDT-SWAP,56970000.0,1758425486245
2025-09-21 03:31:26.242000+00:00,SONIC-USDT-SWAP,7839387.0,1758425486242
2025-09-21 03:31:26.248000+00:00,SOON-USDT-SWAP,6583020.0,1758425486248
2025-09-21 03:31:26.798000+00:00,SOPH-USDT-SWAP,79938100.0,1758425486798
2025-09-21 03:31:26.813000+00:00,SPK-USDT-SWAP,113722900.0,1758425486813
2025-09-21 03:31:26.792000+00:00,SPX-USDT-SWAP,997986.0,1758425486792
2025-09-21 03:31:26.812000+00:00,SSV-USDT-SWAP,289924.6,1758425486812
2025-09-21 03:31:26.806000+00:00,STORJ-USDT-SWAP,5997390.0,1758425486806
2025-09-21 03:31:26.798000+00:00,STRK-USDT-SWAP,24460343.0,1758425486798
2025-09-21 03:31:26.794000+00:00,STX-USDT-SWAP,7310575.000000001,1758425486794
2025-09-21 03:31:26.794000+00:00,SUI-USDT-SWAP,24419232.0,1758425486794
2025-09-21 03:31:26.800000+00:00,SUSHI-USDT-SWAP,8174718.0,1758425486800
2025-09-21 03:31:26.798000+00:00,SWARMS-USDT-SWAP,77684130.0,1758425486798
2025-09-21 03:31:27.253000+00:00,SYRUP-USDT-SWAP,2404710.0,1758425487253
2025-09-21 03:31:27.263000+00:00,T-USDT-SWAP,41218500.0,1758425487263
2025-09-21 03:31:27.261000+00:00,TAO-USDT-SWAP,14146.92,1758425487261
2025-09-21 03:31:27.255000+00:00,THETA-USDT-SWAP,2846524.0,1758425487255
2025-09-21 03:31:27.266000+00:00,TIA-USDT-SWAP,4997931.0,1758425487266
2025-09-21 03:31:27.257000+00:00,TNSR-USDT-SWAP,9682530.0,1758425487257
2025-09-21 03:31:27.252000+00:00,TON-USDT-SWAP,8268705.0,1758425487252
2025-09-21 03:31:27.266000+00:00,TRB-USDT-SWAP,231251.3,1758425487266
2025-09-21 03:31:27.255000+00:00,TREE-USDT-SWAP,7670240.0,1758425487255
2025-09-21 03:31:27.274000+00:00,TRUMP-USDT-SWAP,5581184.0,1758425487274
2025-09-21 03:31:27.721000+00:00,TRX-USDT-SWAP,82961520.00000015,1758425487721
2025-09-21 03:31:27.725000+00:00,TURBO-USDT-SWAP,846043000.0,1758425487725
2025-09-21 03:31:27.719000+00:00,UMA-USDT-SWAP,1294700.5,1758425487719
2025-09-21 03:31:27.717000+00:00,UNI-USDT-SWAP,3692743.0,1758425487717
2025-09-21 03:31:27.718000+00:00,USDC-USDT-SWAP,929090.0,1758425487718
2025-09-21 03:31:27.725000+00:00,USELESS-USDT-SWAP,19986300.0,1758425487725
2025-09-21 03:31:27.734000+00:00,UXLINK-USDT-SWAP,5703990.0,1758425487734
2025-09-21 03:31:27.724000+00:00,VANA-USDT-SWAP,131300.9,1758425487724
2025-09-21 03:31:27.724000+00:00,VINE-USDT-SWAP,105946860.0,1758425487724
2025-09-21 03:31:28.204000+00:00,VIRTUAL-USDT-SWAP,3674704.0,1758425488204
2025-09-21 03:31:28.190000+00:00,W-USDT-SWAP,71981187.0,1758425488190
2025-09-21 03:31:28.186000+00:00,WAL-USDT-SWAP,1986090.0,1758425488186
2025-09-21 03:31:28.186000+00:00,WCT-USDT-SWAP,9343990.0,1758425488186
2025-09-21 03:31:28.188000+00:00,WIF-USDT-SWAP,18459817.0,1758425488188
2025-09-21 03:31:28.198000+00:00,WLD-USDT-SWAP,27940689.0,1758425488198
2025-09-21 03:31:28.211000+00:00,WLFI-USDT-SWAP,296640590.0,1758425488211
2025-09-21 03:31:28.193000+00:00,WOO-USDT-SWAP,23763380.0,1758425488193
2025-09-21 03:31:28.182000+00:00,XAUT-USDT-SWAP,4565.087,1758425488182
2025-09-21 03:31:28.666000+00:00,XLM-USDT-SWAP,38730530.00000001,1758425488666
2025-09-21 03:31:28.674000+00:00,XPL-USDT-SWAP,10495580.0,1758425488674
2025-09-21 03:31:28.671000+00:00,XRP-USDT-SWAP,106374075.99999994,1758425488671
2025-09-21 03:31:28.663000+00:00,XTZ-USDT-SWAP,5746236.0,1758425488663
2025-09-21 03:31:28.655000+00:00,YFI-USDT-SWAP,396.1567,1758425488655
2025-09-21 03:31:28.677000+00:00,YGG-USDT-SWAP,41424167.0,1758425488677
2025-09-21 03:31:28.669000+00:00,ZENT-USDT-SWAP,187645900.0,1758425488669
2025-09-21 03:31:28.664000+00:00,ZETA-USDT-SWAP,5536900.0,1758425488664
2025-09-21 03:31:28.661000+00:00,ZIL-USDT-SWAP,156927700.0,1758425488661
2025-09-21 03:31:29.117000+00:00,ZK-USDT-SWAP,47660350.0,1758425489117
2025-09-21 03:31:29.117000+00:00,ZRO-USDT-SWAP,2031427.0,1758425489117
2025-09-21 03:31:29.117000+00:00,ZRX-USDT-SWAP,6555590.0,1758425489117
2025-09-21 03:32:29.813000+00:00,1INCH-USDT-SWAP,7071441.0,1758425549813
2025-09-21 03:32:29.801000+00:00,A-USDT-SWAP,11328540.0,1758425549801
2025-09-21 03:32:29.823000+00:00,AAVE-USDT-SWAP,129612.78000000003,1758425549823
2025-09-21 03:32:29.817000+00:00,ACE-USDT-SWAP,2837894.0,1758425549817
2025-09-21 03:32:29.815000+00:00,ACH-USDT-SWAP,95142600.0,1758425549815
2025-09-21 03:32:29.808000+00:00,ACT-USDT-SWAP,98579800.0,1758425549808
2025-09-21 03:32:29.827000+00:00,ADA-USDT-SWAP,93272580.00000001,1758425549827
2025-09-21 03:32:29.818000+00:00,AERO-USDT-SWAP,2353260.0,1758425549818
2025-09-21 03:32:29.818000+00:00,AEVO-USDT-SWAP,27977406.0,1758425549818
2025-09-21 03:32:29.816000+00:00,AGLD-USDT-SWAP,1989193.0,1758425549816
2025-09-21 03:32:30.262000+00:00,AI16Z-USDT-SWAP,50930696.0,1758425550262
2025-09-21 03:32:30.269000+00:00,AIXBT-USDT-SWAP,22547400.0,1758425550269
2025-09-21 03:32:30.257000+00:00,ALGO-USDT-SWAP,27985870.0,1758425550257
2025-09-21 03:32:30.260000+00:00,ANIME-USDT-SWAP,96907090.0,1758425550260
2025-09-21 03:32:30.255000+00:00,APE-USDT-SWAP,7943907.6,1758425550255
2025-09-21 03:32:30.268000+00:00,API3-USDT-SWAP,2067283.0,1758425550268
2025-09-21 03:32:30.266000+00:00,APT-USDT-SWAP,4142809.0,1758425550266
2025-09-21 03:32:30.265000+00:00,AR-USDT-SWAP,532866.3,1758425550265
2025-09-21 03:32:30.277000+00:00,ARB-USDT-SWAP,37020851.999999985,1758425550277
2025-09-21 03:32:30.728000+00:00,ARC-USDT-SWAP,100640320.0,1758425550728
2025-09-21 03:32:30.722000+00:00,ARKM-USDT-SWAP,3415583.0,1758425550722
2025-09-21 03:32:30.719000+00:00,ATH-USDT-SWAP,169752200.0,1758425550719
2025-09-21 03:32:30.723000+00:00,ATOM-USDT-SWAP,2120828.0,1758425550723
2025-09-21 03:32:30.731000+00:00,AUCTION-USDT-SWAP,245086.6,1758425550731
2025-09-21 03:32:30.721000+00:00,AVAAI-USDT-SWAP,88620360.0,1758425550721
2025-09-21 03:32:30.749000+00:00,AVAX-USDT-SWAP,2268022.9000000013,1758425550749
2025-09-21 03:32:30.719000+00:00,AXS-USDT-SWAP,1117105.9,1758425550719
2025-09-21 03:32:30.722000+00:00,BABY-USDT-SWAP,39168130.0,1758425550722
2025-09-21 03:32:30.732000+00:00,BAND-USDT-SWAP,1249910.0,1758425550732
2025-09-21 03:32:31.185000+00:00,BAT-USDT-SWAP,4776490.0,1758425551185
2025-09-21 03:32:31.199000+00:00,BCH-USDT-SWAP,71297.51999999996,1758425551199
2025-09-21 03:32:31.200000+00:00,BERA-USDT-SWAP,2639076.5,1758425551200
2025-09-21 03:32:31.189000+00:00,BICO-USDT-SWAP,7224312.0,1758425551189
2025-09-21 03:32:31.196000+00:00,BIGTIME-USDT-SWAP,39862880.0,1758425551196
2025-09-21 03:32:31.197000+00:00,BIO-USDT-SWAP,67292992.0,1758425551197
2025-09-21 03:32:31.203000+00:00,BLUR-USDT-SWAP,24829480.0,1758425551203
2025-09-21 03:32:31.192000+00:00,BNB-USDT-SWAP,152937.77,1758425551192
2025-09-21 03:32:31.186000+00:00,BNT-USDT-SWAP,732930.0,1758425551186
2025-09-21 03:32:31.194000+00:00,BOME-USDT-SWAP,1021846000.0,1758425551194
2025-09-21 03:32:31.649000+00:00,BONK-USDT-SWAP,479593700000.0,1758425551649
2025-09-21 03:32:31.639000+00:00,BRETT-USDT-SWAP,19361200.0,1758425551639
2025-09-21 03:32:31.656000+00:00,BTC-USDT-SWAP,28008.91210000008,1758425551656
2025-09-21 03:32:31.655000+00:00,CAT-USDT-SWAP,200430900000.0,1758425551655
2025-09-21 03:32:31.644000+00:00,CATI-USDT-SWAP,16073494.0,1758425551644
2025-09-21 03:32:31.643000+00:00,CELO-USDT-SWAP,3748450.0,1758425551643
2025-09-21 03:32:31.654000+00:00,CETUS-USDT-SWAP,22413700.0,1758425551654
2025-09-21 03:32:31.648000+00:00,CFX-USDT-SWAP,75511850.0,1758425551648
2025-09-21 03:32:31.655000+00:00,CHZ-USDT-SWAP,78378080.0,1758425551655
2025-09-21 03:32:31.654000+00:00,COMP-USDT-SWAP,74719.1,1758425551654
2025-09-21 03:32:32.083000+00:00,COOKIE-USDT-SWAP,5017570.0,1758425552083
2025-09-21 03:32:32.091000+00:00,CORE-USDT-SWAP,10026246.0,1758425552091
2025-09-21 03:32:32.086000+00:00,CRO-USDT-SWAP,50995240.0,1758425552086
2025-09-21 03:32:32.082000+00:00,CRV-USDT-SWAP,24916144.0,1758425552082
2025-09-21 03:32:32.087000+00:00,CTC-USDT-SWAP,1677020.0,1758425552087
2025-09-21 03:32:32.096000+00:00,CVC-USDT-SWAP,9718700.0,1758425552096
2025-09-21 03:32:32.092000+00:00,CVX-USDT-SWAP,376787.0,1758425552092
2025-09-21 03:32:32.096000+00:00,DEGEN-USDT-SWAP,330817800.0,1758425552096
2025-09-21 03:32:32.540000+00:00,DOGE-USDT-SWAP,1394929059.9999995,1758425552540
2025-09-21 03:32:32.544000+00:00,DOGS-USDT-SWAP,15825470000.0,1758425552544
2025-09-21 03:32:32.558000+00:00,DOOD-USDT-SWAP,146327000.0,1758425552558
2025-09-21 03:32:32.549000+00:00,DOT-USDT-SWAP,6323822.0,1758425552549
2025-09-21 03:32:32.544000+00:00,DYDX-USDT-SWAP,13270894.0,1758425552544
2025-09-21 03:32:32.546000+00:00,EGLD-USDT-SWAP,118000.2,1758425552546
2025-09-21 03:32:32.544000+00:00,EIGEN-USDT-SWAP,4744792.0,1758425552544
2025-09-21 03:32:32.681000+00:00,ENJ-USDT-SWAP,14734060.0,1758425552681
2025-09-21 03:32:32.546000+00:00,ENS-USDT-SWAP,328795.3,1758425552546
2025-09-21 03:32:33.107000+00:00,ETC-USDT-SWAP,1207536.4000000004,1758425553107
2025-09-21 03:32:33.120000+00:00,ETH-USDT-SWAP,744088.1719999997,1758425553120
2025-09-21 03:32:33.122000+00:00,ETHFI-USDT-SWAP,7861444.0,1758425553122
2025-09-21 03:32:33.121000+00:00,ETHW-USDT-SWAP,1220635.3,1758425553121
2025-09-21 03:32:33.115000+00:00,FARTCOIN-USDT-SWAP,25124977.0,1758425553115
2025-09-21 03:32:33.108000+00:00,FIL-USDT-SWAP,13620066.6,1758425553108
2025-09-21 03:32:33.118000+00:00,FLM-USDT-SWAP,30781180.0,1758425553118
2025-09-21 03:32:33.109000+00:00,FLOKI-USDT-SWAP,38696300000.0,1758425553109
2025-09-21 03:32:33.119000+00:00,FLOW-USDT-SWAP,4289170.0,1758425553119
2025-09-21 03:32:33.116000+00:00,FXS-USDT-SWAP,353355.0,1758425553116
2025-09-21 03:32:33.683000+00:00,GALA-USDT-SWAP,460661080.0,1758425553683
2025-09-21 03:32:33.579000+00:00,GAS-USDT-SWAP,365968.0,1758425553579
2025-09-21 03:32:33.585000+00:00,GLM-USDT-SWAP,3167740.0,1758425553585
2025-09-21 03:32:33.560000+00:00,GMT-USDT-SWAP,47386480.0,1758425553560
2025-09-21 03:32:33.563000+00:00,GMX-USDT-SWAP,70331.7,1758425553563
2025-09-21 03:32:33.575000+00:00,GOAT-USDT-SWAP,28589530.0,1758425553575
2025-09-21 03:32:33.575000+00:00,GODS-USDT-SWAP,7982736.0,1758425553575
2025-09-21 03:32:33.568000+00:00,GPS-USDT-SWAP,134249240.0,1758425553568
2025-09-21 03:32:33.586000+00:00,GRASS-USDT-SWAP,2659828.0,1758425553586
2025-09-21 03:32:33.578000+00:00,GRIFFAIN-USDT-SWAP,29870180.0,1758425553578
2025-09-21 03:32:34.112000+00:00,GRT-USDT-SWAP,21761550.0,1758425554112
2025-09-21 03:32:34.108000+00:00,H-USDT-SWAP,80173000.0,1758425554108
2025-09-21 03:32:34.116000+00:00,HBAR-USDT-SWAP,81680390.00000006,1758425554116
2025-09-21 03:32:34.115000+00:00,HMSTR-USDT-SWAP,1192773800.0,1758425554115
2025-09-21 03:32:34.119000+00:00,HOME-USDT-SWAP,16101000.0,1758425554119
2025-09-21 03:32:34.107000+00:00,HUMA-USDT-SWAP,69829800.0,1758425554107
2025-09-21 03:32:34.114000+00:00,HYPE-USDT-SWAP,1006577.4,1758425554114
2025-09-21 03:32:34.114000+00:00,ICP-USDT-SWAP,1742402.04,1758425554114
2025-09-21 03:32:34.127000+00:00,ICX-USDT-SWAP,5605820.0,1758425554127
2025-09-21 03:32:34.115000+00:00,IMX-USDT-SWAP,9391822.0,1758425554115
2025-09-21 03:32:34.576000+00:00,INIT-USDT-SWAP,2239930.0,1758425554576
2025-09-21 03:32:34.566000+00:00,INJ-USDT-SWAP,901671.3,1758425554566
2025-09-21 03:32:34.589000+00:00,IOST-USDT-SWAP,269163000.0,1758425554589
2025-09-21 03:32:34.568000+00:00,IOTA-USDT-SWAP,14329990.0,1758425554568
2025-09-21 03:32:34.574000+00:00,IP-USDT-SWAP,5345235.0,1758425554574
2025-09-21 03:32:34.574000+00:00,JELLYJELLY-USDT-SWAP,189815900.0,1758425554574
2025-09-21 03:32:34.571000+00:00,JOE-USDT-SWAP,7419650.0,1758425554571
2025-09-21 03:32:34.572000+00:00,JTO-USDT-SWAP,3835919.0,1758425554572
2025-09-21 03:32:34.573000+00:00,JUP-USDT-SWAP,14331170.0,1758425554573
2025-09-21 03:32:35.035000+00:00,KAITO-USDT-SWAP,4815794.0,1758425555035
2025-09-21 03:32:35.031000+00:00,KMNO-USDT-SWAP,52921200.0,1758425555031
2025-09-21 03:32:35.039000+00:00,KSM-USDT-SWAP,127853.7,1758425555039
2025-09-21 03:32:35.027000+00:00,LA-USDT-SWAP,6415140.0,1758425555027
2025-09-21 03:32:35.033000+00:00,LAUNCHCOIN-USDT-SWAP,40834190.0,1758425555033
2025-09-21 03:32:35.034000+00:00,LAYER-USDT-SWAP,6125265.0,1758425555034
2025-09-21 03:32:35.034000+00:00,LDO-USDT-SWAP,13652382.0,1758425555034
2025-09-21 03:32:35.031000+00:00,LINK-USDT-SWAP,2330427.2,1758425555031
2025-09-21 03:32:35.040000+00:00,LPT-USDT-SWAP,561299.7,1758425555040
2025-09-21 03:32:35.028000+00:00,LQTY-USDT-SWAP,2197212.0,1758425555028
2025-09-21 03:32:35.470000+00:00,LRC-USDT-SWAP,13796750.0,1758425555470
2025-09-21 03:32:35.469000+00:00,LTC-USDT-SWAP,732924.7000000002,1758425555469
2025-09-21 03:32:35.470000+00:00,LUNA-USDT-SWAP,20213871.0,1758425555470
2025-09-21 03:32:35.469000+00:00,MAGIC-USDT-SWAP,16013644.0,1758425555469
2025-09-21 03:32:35.468000+00:00,MAJOR-USDT-SWAP,4640936.0,1758425555468
2025-09-21 03:32:35.487000+00:00,MANA-USDT-SWAP,10627380.0,1758425555487
2025-09-21 03:32:35.481000+00:00,MASK-USDT-SWAP,2954529.0,1758425555481
2025-09-21 03:32:35.470000+00:00,ME-USDT-SWAP,3723785.0,1758425555470
2025-09-21 03:32:35.473000+00:00,MEME-USDT-SWAP,1616898500.0,1758425555473
2025-09-21 03:32:35.939000+00:00,MERL-USDT-SWAP,49433640.0,1758425555939
2025-09-21 03:32:35.934000+00:00,METIS-USDT-SWAP,116011.0,1758425555934
2025-09-21 03:32:35.926000+00:00,MEW-USDT-SWAP,1030662000.0,1758425555926
2025-09-21 03:32:35.927000+00:00,MINA-USDT-SWAP,7551408.0,1758425555927
2025-09-21 03:32:35.925000+00:00,MOG-USDT-SWAP,609829000000.0,1758425555925
2025-09-21 03:32:35.931000+00:00,MOODENG-USDT-SWAP,51306970.0,1758425555931
2025-09-21 03:32:35.943000+00:00,MORPHO-USDT-SWAP,1553914.0,1758425555943
2025-09-21 03:32:35.936000+00:00,MOVE-USDT-SWAP,27987050.0,1758425555936
2025-09-21 03:32:35.935000+00:00,MUBARAK-USDT-SWAP,45896500.0,1758425555935
2025-09-21 03:32:36.375000+00:00,NEAR-USDT-SWAP,7154012.999999997,1758425556375
2025-09-21 03:32:36.374000+00:00,NEIRO-USDT-SWAP,9281582000.0,1758425556374
2025-09-21 03:32:36.371000+00:00,NEO-USDT-SWAP,368411.0,1758425556371
2025-09-21 03:32:36.378000+00:00,NEWT-USDT-SWAP,3428790.0,1758425556378
2025-09-21 03:32:36.371000+00:00,NMR-USDT-SWAP,320100.2,1758425556371
2025-09-21 03:32:36.378000+00:00,NOT-USDT-SWAP,1515105600.0,1758425556378
2025-09-21 03:32:36.368000+00:00,NXPC-USDT-SWAP,1079916.0,1758425556368
2025-09-21 03:32:36.393000+00:00,OL-USDT-SWAP,72210710.0,1758425556393
2025-09-21 03:32:36.372000+00:00,OM-USDT-SWAP,22411705.0,1758425556372
2025-09-21 03:32:36.840000+00:00,ONDO-USDT-SWAP,23877590.0,1758425556840
2025-09-21 03:32:36.836000+00:00,ONE-USDT-SWAP,81494000.0,1758425556836
2025-09-21 03:32:36.858000+00:00,ONT-USDT-SWAP,10319380.0,1758425556858
2025-09-21 03:32:36.839000+00:00,OP-USDT-SWAP,25488192.0,1758425556839
2025-09-21 03:32:36.843000+00:00,ORBS-USDT-SWAP,28960000.0,1758425556843
2025-09-21 03:32:36.841000+00:00,ORDI-USDT-SWAP,1213563.6,1758425556841
2025-09-21 03:32:36.840000+00:00,PARTI-USDT-SWAP,12684520.0,1758425556840
2025-09-21 03:32:36.841000+00:00,PENGU-USDT-SWAP,623150100.0,1758425556841
2025-09-21 03:32:36.843000+00:00,PEOPLE-USDT-SWAP,336717600.0,1758425556843
2025-09-21 03:32:36.839000+00:00,PEPE-USDT-SWAP,8777255000000.004,1758425556839
2025-09-21 03:32:37.304000+00:00,PERP-USDT-SWAP,3152528.0,1758425557304
2025-09-21 03:32:37.290000+00:00,PI-USDT-SWAP,32724455.0,1758425557290
2025-09-21 03:32:37.307000+00:00,PLUME-USDT-SWAP,20299300.0,1758425557307
2025-09-21 03:32:37.301000+00:00,PNUT-USDT-SWAP,36049860.0,1758425557301
2025-09-21 03:32:37.304000+00:00,POL-USDT-SWAP,38092500.0,1758425557304
2025-09-21 03:32:37.294000+00:00,POPCAT-USDT-SWAP,8993080.0,1758425557294
2025-09-21 03:32:37.303000+00:00,PRCL-USDT-SWAP,15413256.0,1758425557303
2025-09-21 03:32:37.310000+00:00,PROMPT-USDT-SWAP,27637580.0,1758425557310
2025-09-21 03:32:37.305000+00:00,PUMP-USDT-SWAP,7917489000.0,1758425557305
2025-09-21 03:32:37.302000+00:00,PYTH-USDT-SWAP,53865170.0,1758425557302
2025-09-21 03:32:37.747000+00:00,QTUM-USDT-SWAP,1040852.0,1758425557747
2025-09-21 03:32:37.758000+00:00,RAY-USDT-SWAP,1499401.0,1758425557758
2025-09-21 03:32:37.758000+00:00,RENDER-USDT-SWAP,1375355.0,1758425557758
2025-09-21 03:32:37.751000+00:00,RESOLV-USDT-SWAP,26306330.0,1758425557751
2025-09-21 03:32:37.755000+00:00,RSR-USDT-SWAP,261970100.0,1758425557755
2025-09-21 03:32:37.752000+00:00,RVN-USDT-SWAP,82140620.0,1758425557752
2025-09-21 03:32:37.748000+00:00,S-USDT-SWAP,12499620.0,1758425557748
2025-09-21 03:32:37.754000+00:00,SAHARA-USDT-SWAP,38183530.0,1758425557754
2025-09-21 03:32:37.841000+00:00,SAND-USDT-SWAP,16910410.0,1758425557841
2025-09-21 03:32:37.748000+00:00,SATS-USDT-SWAP,187221590000000.0,1758425557748
2025-09-21 03:32:38.273000+00:00,SCR-USDT-SWAP,2450861.0,1758425558273
2025-09-21 03:32:38.263000+00:00,SHELL-USDT-SWAP,5139180.0,1758425558263
2025-09-21 03:32:38.272000+00:00,SHIB-USDT-SWAP,1655414700000.0,1758425558272
2025-09-21 03:32:38.268000+00:00,SIGN-USDT-SWAP,48608300.0,1758425558268
2025-09-21 03:32:38.282000+00:00,SLP-USDT-SWAP,402669610.0,1758425558282
2025-09-21 03:32:38.279000+00:00,SNX-USDT-SWAP,2271244.0,1758425558279
2025-09-21 03:32:38.367000+00:00,SOL-USDT-SWAP,3757197.740000003,1758425558367
2025-09-21 03:32:38.276000+00:00,SOLV-USDT-SWAP,56968500.0,1758425558276
2025-09-21 03:32:38.278000+00:00,SONIC-USDT-SWAP,7839390.0,1758425558278
2025-09-21 03:32:38.265000+00:00,SOON-USDT-SWAP,6582300.0,1758425558265
2025-09-21 03:32:38.800000+00:00,SOPH-USDT-SWAP,79937300.0,1758425558800
2025-09-21 03:32:38.788000+00:00,SPK-USDT-SWAP,113692200.0,1758425558788
2025-09-21 03:32:38.793000+00:00,SPX-USDT-SWAP,998227.0,1758425558793
2025-09-21 03:32:38.799000+00:00,SSV-USDT-SWAP,289830.6,1758425558799
2025-09-21 03:32:38.796000+00:00,STORJ-USDT-SWAP,5997230.0,1758425558796
2025-09-21 03:32:38.802000+00:00,STRK-USDT-SWAP,24477246.0,1758425558802
2025-09-21 03:32:38.801000+00:00,STX-USDT-SWAP,7310977.000000001,1758425558801
2025-09-21 03:32:38.826000+00:00,SUI-USDT-SWAP,24144283.0,1758425558826
2025-09-21 03:32:38.800000+00:00,SUSHI-USDT-SWAP,8172499.0,1758425558800
2025-09-21 03:32:38.805000+00:00,SWARMS-USDT-SWAP,77688980.0,1758425558805
2025-09-21 03:32:39.250000+00:00,SYRUP-USDT-SWAP,2404610.0,1758425559250
2025-09-21 03:32:39.256000+00:00,T-USDT-SWAP,41218500.0,1758425559256
2025-09-21 03:32:39.270000+00:00,TAO-USDT-SWAP,14143.76,1758425559270
2025-09-21 03:32:39.260000+00:00,THETA-USDT-SWAP,2846262.0,1758425559260
2025-09-21 03:32:39.261000+00:00,TIA-USDT-SWAP,4997180.0,1758425559261
2025-09-21 03:32:39.263000+00:00,TNSR-USDT-SWAP,9683319.0,1758425559263
2025-09-21 03:32:39.263000+00:00,TON-USDT-SWAP,8268511.0,1758425559263
2025-09-21 03:32:39.262000+00:00,TRB-USDT-SWAP,231285.8,1758425559262
2025-09-21 03:32:39.257000+00:00,TREE-USDT-SWAP,7658965.0,1758425559257
2025-09-21 03:32:39.262000+00:00,TRUMP-USDT-SWAP,5584132.3,1758425559262
2025-09-21 03:32:39.712000+00:00,TRX-USDT-SWAP,82931940.00000015,1758425559712
2025-09-21 03:32:39.729000+00:00,TURBO-USDT-SWAP,846001000.0,1758425559729
2025-09-21 03:32:39.724000+00:00,UMA-USDT-SWAP,1294854.5,1758425559724
2025-09-21 03:32:39.707000+00:00,UNI-USDT-SWAP,3692355.0,1758425559707
2025-09-21 03:32:39.719000+00:00,USDC-USDT-SWAP,929090.0,1758425559719
2025-09-21 03:32:39.717000+00:00,USELESS-USDT-SWAP,19990770.0,1758425559717
2025-09-21 03:32:39.703000+00:00,UXLINK-USDT-SWAP,5707950.0,1758425559703
2025-09-21 03:32:39.717000+00:00,VANA-USDT-SWAP,131306.2,1758425559717
2025-09-21 03:32:39.712000+00:00,VINE-USDT-SWAP,105930510.0,1758425559712
2025-09-21 03:32:40.192000+00:00,VIRTUAL-USDT-SWAP,3674493.0,1758425560192
2025-09-21 03:32:40.184000+00:00,W-USDT-SWAP,71985721.0,1758425560184
2025-09-21 03:32:40.190000+00:00,WAL-USDT-SWAP,1986100.0,1758425560190
2025-09-21 03:32:40.207000+00:00,WCT-USDT-SWAP,9343160.0,1758425560207
2025-09-21 03:32:40.173000+00:00,WIF-USDT-SWAP,18458545.0,1758425560173
2025-09-21 03:32:40.185000+00:00,WLD-USDT-SWAP,27916401.0,1758425560185
2025-09-21 03:32:40.185000+00:00,WLFI-USDT-SWAP,296847920.0,1758425560185
2025-09-21 03:32:40.185000+00:00,WOO-USDT-SWAP,23761110.0,1758425560185
2025-09-21 03:32:40.180000+00:00,XAUT-USDT-SWAP,4566.995,1758425560180
2025-09-21 03:32:40.635000+00:00,XLM-USDT-SWAP,38720640.00000001,1758425560635
2025-09-21 03:32:40.626000+00:00,XPL-USDT-SWAP,10513880.0,1758425560626
2025-09-21 03:32:40.647000+00:00,XRP-USDT-SWAP,106375858.99999994,1758425560647
2025-09-21 03:32:40.629000+00:00,XTZ-USDT-SWAP,5747287.0,1758425560629
2025-09-21 03:32:40.644000+00:00,YFI-USDT-SWAP,395.3515,1758425560644
2025-09-21 03:32:40.637000+00:00,YGG-USDT-SWAP,41421181.0,1758425560637
2025-09-21 03:32:40.637000+00:00,ZENT-USDT-SWAP,187643600.0,1758425560637
2025-09-21 03:32:40.632000+00:00,ZETA-USDT-SWAP,5535880.0,1758425560632
2025-09-21 03:32:40.631000+00:00,ZIL-USDT-SWAP,156892500.0,1758425560631
2025-09-21 03:32:41.099000+00:00,ZK-USDT-SWAP,47678490.0,1758425561099
2025-09-21 03:32:41.090000+00:00,ZRO-USDT-SWAP,2032622.0,1758425561090
2025-09-21 03:32:41.087000+00:00,ZRX-USDT-SWAP,6555550.0,1758425561087
2025-09-21 03:33:41.781000+00:00,1INCH-USDT-SWAP,7070534.0,1758425621781
2025-09-21 03:33:41.781000+00:00,A-USDT-SWAP,11328140.0,1758425621781
2025-09-21 03:33:41.785000+00:00,AAVE-USDT-SWAP,129582.13000000003,1758425621785
2025-09-21 03:33:41.779000+00:00,ACE-USDT-SWAP,2837673.0,1758425621779
2025-09-21 03:33:41.781000+00:00,ACH-USDT-SWAP,95142700.0,1758425621781
2025-09-21 03:33:41.782000+00:00,ACT-USDT-SWAP,98582325.0,1758425621782
2025-09-21 03:33:41.770000+00:00,ADA-USDT-SWAP,93270580.00000001,1758425621770
2025-09-21 03:33:41.784000+00:00,AERO-USDT-SWAP,2353100.0,1758425621784
2025-09-21 03:33:41.787000+00:00,AEVO-USDT-SWAP,28379506.0,1758425621787
2025-09-21 03:33:41.775000+00:00,AGLD-USDT-SWAP,1989183.0,1758425621775
2025-09-21 03:33:42.226000+00:00,AI16Z-USDT-SWAP,50916920.0,1758425622226
2025-09-21 03:33:42.235000+00:00,AIXBT-USDT-SWAP,22544310.0,1758425622235
2025-09-21 03:33:42.236000+00:00,ALGO-USDT-SWAP,27983370.0,1758425622236
2025-09-21 03:33:42.235000+00:00,ANIME-USDT-SWAP,96906590.0,1758425622235
2025-09-21 03:33:42.242000+00:00,APE-USDT-SWAP,7944551.9,1758425622242
2025-09-21 03:33:42.233000+00:00,API3-USDT-SWAP,2070408.0,1758425622233
2025-09-21 03:33:42.247000+00:00,APT-USDT-SWAP,4142939.0,1758425622247
2025-09-21 03:33:42.232000+00:00,AR-USDT-SWAP,532780.1,1758425622232
2025-09-21 03:33:42.721000+00:00,ARB-USDT-SWAP,37019499.999999985,1758425622721
2025-09-21 03:33:43.162000+00:00,ARC-USDT-SWAP,100619730.0,1758425623162
2025-09-21 03:33:43.176000+00:00,ARKM-USDT-SWAP,3415621.0,1758425623176
2025-09-21 03:33:43.175000+00:00,ATH-USDT-SWAP,169844700.0,1758425623175
2025-09-21 03:33:43.168000+00:00,ATOM-USDT-SWAP,2120847.0,1758425623168
2025-09-21 03:33:43.157000+00:00,AUCTION-USDT-SWAP,244994.5,1758425623157
2025-09-21 03:33:43.164000+00:00,AVAAI-USDT-SWAP,88611770.0,1758425623164
2025-09-21 03:33:43.163000+00:00,AVAX-USDT-SWAP,2267510.8000000007,1758425623163
2025-09-21 03:33:43.158000+00:00,AXS-USDT-SWAP,1117608.6,1758425623158
2025-09-21 03:33:43.167000+00:00,BABY-USDT-SWAP,39166880.0,1758425623167
2025-09-21 03:33:43.162000+00:00,BAND-USDT-SWAP,1249581.0,1758425623162
2025-09-21 03:33:43.641000+00:00,BAT-USDT-SWAP,4776560.0,1758425623641
2025-09-21 03:33:43.643000+00:00,BCH-USDT-SWAP,71287.69999999995,1758425623643
2025-09-21 03:33:43.645000+00:00,BERA-USDT-SWAP,2638805.0,1758425623645
2025-09-21 03:33:43.641000+00:00,BICO-USDT-SWAP,7238094.0,1758425623641
2025-09-21 03:33:43.640000+00:00,BIGTIME-USDT-SWAP,39861320.0,1758425623640
2025-09-21 03:33:43.640000+00:00,BIO-USDT-SWAP,67307540.0,1758425623640
2025-09-21 03:33:43.637000+00:00,BLUR-USDT-SWAP,24826070.0,1758425623637
2025-09-21 03:33:43.642000+00:00,BNB-USDT-SWAP,153008.2,1758425623642
2025-09-21 03:33:43.631000+00:00,BNT-USDT-SWAP,733330.0,1758425623631
2025-09-21 03:33:43.638000+00:00,BOME-USDT-SWAP,1021972000.0,1758425623638
2025-09-21 03:33:44.079000+00:00,BONK-USDT-SWAP,480416500000.0,1758425624079
2025-09-21 03:33:44.074000+00:00,BRETT-USDT-SWAP,19365800.0,1758425624074
2025-09-21 03:33:44.082000+00:00,BTC-USDT-SWAP,28009.391300000083,1758425624082
2025-09-21 03:33:44.066000+00:00,CAT-USDT-SWAP,203127800000.0,1758425624066
2025-09-21 03:33:44.079000+00:00,CATI-USDT-SWAP,16071461.0,1758425624079
2025-09-21 03:33:44.077000+00:00,CELO-USDT-SWAP,3741218.0,1758425624077
2025-09-21 03:33:44.078000+00:00,CETUS-USDT-SWAP,22413560.0,1758425624078
2025-09-21 03:33:44.086000+00:00,CFX-USDT-SWAP,75509690.0,1758425624086
2025-09-21 03:33:44.079000+00:00,CHZ-USDT-SWAP,78387690.0,1758425624079
2025-09-21 03:33:44.076000+00:00,COMP-USDT-SWAP,74720.1,1758425624076
2025-09-21 03:33:44.544000+00:00,COOKIE-USDT-SWAP,5017390.0,1758425624544
2025-09-21 03:33:44.527000+00:00,CORE-USDT-SWAP,10024609.0,1758425624527
2025-09-21 03:33:44.540000+00:00,CRO-USDT-SWAP,50995500.0,1758425624540
2025-09-21 03:33:44.531000+00:00,CRV-USDT-SWAP,24911229.0,1758425624531
2025-09-21 03:33:44.539000+00:00,CTC-USDT-SWAP,1677050.0,1758425624539
2025-09-21 03:33:44.543000+00:00,CVC-USDT-SWAP,9718000.0,1758425624543
2025-09-21 03:33:44.547000+00:00,CVX-USDT-SWAP,376790.0,1758425624547
2025-09-21 03:33:44.535000+00:00,DEGEN-USDT-SWAP,330631100.0,1758425624535
2025-09-21 03:33:44.991000+00:00,DOGE-USDT-SWAP,1395488169.9999995,1758425624991
2025-09-21 03:33:44.979000+00:00,DOGS-USDT-SWAP,15825575000.0,1758425624979
2025-09-21 03:33:45+00:00,DOOD-USDT-SWAP,146296000.0,1758425625000
2025-09-21 03:33:44.985000+00:00,DOT-USDT-SWAP,6322007.0,1758425624985
2025-09-21 03:33:44.977000+00:00,DYDX-USDT-SWAP,13268561.0,1758425624977
2025-09-21 03:33:44.995000+00:00,EGLD-USDT-SWAP,118075.5,1758425624995
2025-09-21 03:33:44.986000+00:00,EIGEN-USDT-SWAP,4744050.0,1758425624986
2025-09-21 03:33:44.990000+00:00,ENJ-USDT-SWAP,14736370.0,1758425624990
2025-09-21 03:33:44.995000+00:00,ENS-USDT-SWAP,328752.7,1758425624995
2025-09-21 03:33:45.470000+00:00,ETC-USDT-SWAP,1207529.2000000004,1758425625470
2025-09-21 03:33:45.468000+00:00,ETH-USDT-SWAP,744091.9769999996,1758425625468
2025-09-21 03:33:45.457000+00:00,ETHFI-USDT-SWAP,7861740.0,1758425625457
2025-09-21 03:33:45.458000+00:00,ETHW-USDT-SWAP,1221318.2,1758425625458
2025-09-21 03:33:45.472000+00:00,FARTCOIN-USDT-SWAP,25123910.0,1758425625472
2025-09-21 03:33:45.461000+00:00,FIL-USDT-SWAP,13619264.5,1758425625461
2025-09-21 03:33:45.464000+00:00,FLM-USDT-SWAP,30781160.0,1758425625464
2025-09-21 03:33:45.452000+00:00,FLOKI-USDT-SWAP,38695400000.0,1758425625452
2025-09-21 03:33:45.466000+00:00,FLOW-USDT-SWAP,4287370.0,1758425625466
2025-09-21 03:33:45.455000+00:00,FXS-USDT-SWAP,353322.0,1758425625455
2025-09-21 03:33:45.920000+00:00,GALA-USDT-SWAP,460953730.0,1758425625920
2025-09-21 03:33:45.909000+00:00,GAS-USDT-SWAP,365971.0,1758425625909
2025-09-21 03:33:45.923000+00:00,GLM-USDT-SWAP,3174000.0,1758425625923
2025-09-21 03:33:45.918000+00:00,GMT-USDT-SWAP,47381726.0,1758425625918
2025-09-21 03:33:45.913000+00:00,GMX-USDT-SWAP,70345.8,1758425625913
2025-09-21 03:33:45.919000+00:00,GOAT-USDT-SWAP,28583610.0,1758425625919
2025-09-21 03:33:45.928000+00:00,GODS-USDT-SWAP,7983236.0,1758425625928
2025-09-21 03:33:45.907000+00:00,GPS-USDT-SWAP,134274760.0,1758425625907
2025-09-21 03:33:45.920000+00:00,GRASS-USDT-SWAP,2660507.0,1758425625920
2025-09-21 03:33:46.061000+00:00,GRIFFAIN-USDT-SWAP,30062290.0,1758425626061
2025-09-21 03:33:46.483000+00:00,GRT-USDT-SWAP,21761830.0,1758425626483
2025-09-21 03:33:46.616000+00:00,H-USDT-SWAP,80195200.0,1758425626616
2025-09-21 03:33:46.498000+00:00,HBAR-USDT-SWAP,81679080.00000006,1758425626498
2025-09-21 03:33:46.489000+00:00,HMSTR-USDT-SWAP,1192543900.0,1758425626489
2025-09-21 03:33:46.490000+00:00,HOME-USDT-SWAP,16102500.0,1758425626490
2025-09-21 03:33:46.499000+00:00,HUMA-USDT-SWAP,69831500.0,1758425626499
2025-09-21 03:33:46.496000+00:00,HYPE-USDT-SWAP,1006443.2,1758425626496
2025-09-21 03:33:46.495000+00:00,ICP-USDT-SWAP,1742153.15,1758425626495
2025-09-21 03:33:46.485000+00:00,ICX-USDT-SWAP,5605850.0,1758425626485
2025-09-21 03:33:46.493000+00:00,IMX-USDT-SWAP,9388313.0,1758425626493
2025-09-21 03:33:47.039000+00:00,INIT-USDT-SWAP,2239950.0,1758425627039
2025-09-21 03:33:47.052000+00:00,INJ-USDT-SWAP,901611.1,1758425627052
2025-09-21 03:33:47.058000+00:00,IOST-USDT-SWAP,269166000.0,1758425627058
2025-09-21 03:33:47.044000+00:00,IOTA-USDT-SWAP,14327850.0,1758425627044
2025-09-21 03:33:47.045000+00:00,IP-USDT-SWAP,5345154.0,1758425627045
2025-09-21 03:33:47.048000+00:00,JELLYJELLY-USDT-SWAP,189833700.0,1758425627048
2025-09-21 03:33:47.048000+00:00,JOE-USDT-SWAP,7417760.0,1758425627048
2025-09-21 03:33:47.197000+00:00,JTO-USDT-SWAP,3835162.0,1758425627197
2025-09-21 03:33:47.062000+00:00,JUP-USDT-SWAP,14330270.0,1758425627062
2025-09-21 03:33:47.622000+00:00,KAITO-USDT-SWAP,4816918.0,1758425627622
2025-09-21 03:33:47.625000+00:00,KMNO-USDT-SWAP,52976600.0,1758425627625
2025-09-21 03:33:47.624000+00:00,KSM-USDT-SWAP,127819.7,1758425627624
2025-09-21 03:33:47.624000+00:00,LA-USDT-SWAP,6425030.0,1758425627624
2025-09-21 03:33:47.797000+00:00,LAUNCHCOIN-USDT-SWAP,40812900.0,1758425627797
2025-09-21 03:33:47.674000+00:00,LAYER-USDT-SWAP,6125188.0,1758425627674
2025-09-21 03:33:47.627000+00:00,LDO-USDT-SWAP,13651885.0,1758425627627
2025-09-21 03:33:47.628000+00:00,LINK-USDT-SWAP,2330510.6,1758425627628
2025-09-21 03:33:47.664000+00:00,LPT-USDT-SWAP,561238.7,1758425627664
2025-09-21 03:33:47.627000+00:00,LQTY-USDT-SWAP,2194177.0,1758425627627
2025-09-21 03:33:48.223000+00:00,LRC-USDT-SWAP,13793080.0,1758425628223
2025-09-21 03:33:48.227000+00:00,LTC-USDT-SWAP,732954.6000000002,1758425628227
2025-09-21 03:33:48.236000+00:00,LUNA-USDT-SWAP,20204220.0,1758425628236
2025-09-21 03:33:48.224000+00:00,MAGIC-USDT-SWAP,16025599.0,1758425628224
2025-09-21 03:33:48.234000+00:00,MAJOR-USDT-SWAP,4640638.0,1758425628234
2025-09-21 03:33:48.256000+00:00,MANA-USDT-SWAP,10626210.0,1758425628256
2025-09-21 03:33:48.227000+00:00,MASK-USDT-SWAP,2954589.0,1758425628227
2025-09-21 03:33:48.232000+00:00,ME-USDT-SWAP,3724304.0,1758425628232
2025-09-21 03:33:48.227000+00:00,MEME-USDT-SWAP,1617092800.0,1758425628227
2025-09-21 03:33:48.699000+00:00,MERL-USDT-SWAP,49470192.0,1758425628699
2025-09-21 03:33:48.694000+00:00,METIS-USDT-SWAP,116006.9,1758425628694
2025-09-21 03:33:48.700000+00:00,MEW-USDT-SWAP,1030653000.0,1758425628700
2025-09-21 03:33:48.717000+00:00,MINA-USDT-SWAP,7551550.0,1758425628717
2025-09-21 03:33:48.704000+00:00,MOG-USDT-SWAP,609705000000.0,1758425628704
2025-09-21 03:33:48.707000+00:00,MOODENG-USDT-SWAP,51316330.0,1758425628707
2025-09-21 03:33:48.706000+00:00,MORPHO-USDT-SWAP,1553959.0,1758425628706
2025-09-21 03:33:48.705000+00:00,MOVE-USDT-SWAP,27984180.0,1758425628705
2025-09-21 03:33:48.695000+00:00,MUBARAK-USDT-SWAP,45965000.0,1758425628695
2025-09-21 03:33:49.162000+00:00,NEAR-USDT-SWAP,7151960.999999996,1758425629162
2025-09-21 03:33:49.155000+00:00,NEIRO-USDT-SWAP,9283697000.0,1758425629155
2025-09-21 03:33:49.164000+00:00,NEO-USDT-SWAP,368411.0,1758425629164
2025-09-21 03:33:49.157000+00:00,NEWT-USDT-SWAP,3428560.0,1758425629157
2025-09-21 03:33:49.166000+00:00,NMR-USDT-SWAP,320116.4,1758425629166
2025-09-21 03:33:49.173000+00:00,NOT-USDT-SWAP,1515316100.0,1758425629173
2025-09-21 03:33:49.167000+00:00,NXPC-USDT-SWAP,1079916.0,1758425629167
2025-09-21 03:33:49.165000+00:00,OL-USDT-SWAP,71871800.0,1758425629165
2025-09-21 03:33:49.166000+00:00,OM-USDT-SWAP,22409970.0,1758425629166
2025-09-21 03:33:49.604000+00:00,ONDO-USDT-SWAP,23876130.0,1758425629604
2025-09-21 03:33:49.609000+00:00,ONE-USDT-SWAP,81484600.0,1758425629609
2025-09-21 03:33:49.608000+00:00,ONT-USDT-SWAP,10321260.0,1758425629608
2025-09-21 03:33:49.652000+00:00,OP-USDT-SWAP,25486941.0,1758425629652
2025-09-21 03:33:49.619000+00:00,ORBS-USDT-SWAP,28960000.0,1758425629619
2025-09-21 03:33:49.620000+00:00,ORDI-USDT-SWAP,1213317.4,1758425629620
2025-09-21 03:33:49.616000+00:00,PARTI-USDT-SWAP,12684040.0,1758425629616
2025-09-21 03:33:49.612000+00:00,PENGU-USDT-SWAP,623304800.0,1758425629612
2025-09-21 03:33:49.615000+00:00,PEOPLE-USDT-SWAP,336731100.0,1758425629615
2025-09-21 03:33:49.608000+00:00,PEPE-USDT-SWAP,8776928000000.004,1758425629608
2025-09-21 03:33:50.089000+00:00,PERP-USDT-SWAP,3152411.0,1758425630089
2025-09-21 03:33:50.084000+00:00,PI-USDT-SWAP,32734792.0,1758425630084
2025-09-21 03:33:50.101000+00:00,PLUME-USDT-SWAP,20290270.0,1758425630101
2025-09-21 03:33:50.097000+00:00,PNUT-USDT-SWAP,36060290.0,1758425630097
2025-09-21 03:33:50.109000+00:00,POL-USDT-SWAP,38091710.0,1758425630109
2025-09-21 03:33:50.108000+00:00,POPCAT-USDT-SWAP,8994330.0,1758425630108
2025-09-21 03:33:50.101000+00:00,PRCL-USDT-SWAP,15397730.0,1758425630101
2025-09-21 03:33:50.097000+00:00,PROMPT-USDT-SWAP,27637980.0,1758425630097
2025-09-21 03:33:50.121000+00:00,PUMP-USDT-SWAP,7930738000.0,1758425630121
2025-09-21 03:33:50.092000+00:00,PYTH-USDT-SWAP,53881740.0,1758425630092
2025-09-21 03:33:50.567000+00:00,QTUM-USDT-SWAP,1040709.0,1758425630567
2025-09-21 03:33:50.565000+00:00,RAY-USDT-SWAP,1499384.0,1758425630565
2025-09-21 03:33:50.556000+00:00,RENDER-USDT-SWAP,1375362.0,1758425630556
2025-09-21 03:33:51.045000+00:00,RESOLV-USDT-SWAP,26314370.0,1758425631045
2025-09-21 03:33:50.578000+00:00,RSR-USDT-SWAP,261966300.0,1758425630578
2025-09-21 03:33:50.591000+00:00,RVN-USDT-SWAP,82141930.0,1758425630591
2025-09-21 03:33:50.570000+00:00,S-USDT-SWAP,12502630.0,1758425630570
2025-09-21 03:33:50.706000+00:00,SAHARA-USDT-SWAP,38170970.0,1758425630706
2025-09-21 03:33:50.569000+00:00,SAND-USDT-SWAP,16905710.0,1758425630569
2025-09-21 03:33:50.568000+00:00,SATS-USDT-SWAP,187164170000000.0,1758425630568
2025-09-21 03:33:51.499000+00:00,SCR-USDT-SWAP,2450883.0,1758425631499
2025-09-21 03:33:51.492000+00:00,SHELL-USDT-SWAP,5158390.0,1758425631492
2025-09-21 03:33:51.500000+00:00,SHIB-USDT-SWAP,1654291200000.0002,1758425631500
2025-09-21 03:33:51.497000+00:00,SIGN-USDT-SWAP,48610900.0,1758425631497
2025-09-21 03:33:51.491000+00:00,SLP-USDT-SWAP,402588000.0,1758425631491
2025-09-21 03:33:51.495000+00:00,SNX-USDT-SWAP,2270980.0,1758425631495
2025-09-21 03:33:51.487000+00:00,SOL-USDT-SWAP,3759788.8800000027,1758425631487
2025-09-21 03:33:51.485000+00:00,SOLV-USDT-SWAP,56967000.0,1758425631485
2025-09-21 03:33:51.502000+00:00,SONIC-USDT-SWAP,7839468.0,1758425631502
2025-09-21 03:33:51.497000+00:00,SOON-USDT-SWAP,6582030.0,1758425631497
2025-09-21 03:33:51.952000+00:00,SOPH-USDT-SWAP,79930900.0,1758425631952
2025-09-21 03:33:51.940000+00:00,SPK-USDT-SWAP,113740200.0,1758425631940
2025-09-21 03:33:51.955000+00:00,SPX-USDT-SWAP,998388.0,1758425631955
2025-09-21 03:33:51.941000+00:00,SSV-USDT-SWAP,289745.0,1758425631941
2025-09-21 03:33:51.953000+00:00,STORJ-USDT-SWAP,5997180.0,1758425631953
2025-09-21 03:33:51.942000+00:00,STRK-USDT-SWAP,24478538.0,1758425631942
2025-09-21 03:33:51.952000+00:00,STX-USDT-SWAP,7311375.000000001,1758425631952
2025-09-21 03:33:51.949000+00:00,SUI-USDT-SWAP,24097820.0,1758425631949
2025-09-21 03:33:51.935000+00:00,SUSHI-USDT-SWAP,8171699.0,1758425631935
2025-09-21 03:33:51.947000+00:00,SWARMS-USDT-SWAP,77683740.0,1758425631947
2025-09-21 03:33:52.391000+00:00,SYRUP-USDT-SWAP,2404540.0,1758425632391
2025-09-21 03:33:52.397000+00:00,T-USDT-SWAP,41189500.0,1758425632397
2025-09-21 03:33:52.399000+00:00,TAO-USDT-SWAP,14143.08,1758425632399
2025-09-21 03:33:52.409000+00:00,THETA-USDT-SWAP,2853150.0,1758425632409
2025-09-21 03:33:52.390000+00:00,TIA-USDT-SWAP,4994375.0,1758425632390
2025-09-21 03:33:52.406000+00:00,TNSR-USDT-SWAP,9688482.0,1758425632406
2025-09-21 03:33:52.398000+00:00,TON-USDT-SWAP,8268406.0,1758425632398
2025-09-21 03:33:52.391000+00:00,TRB-USDT-SWAP,231280.7,1758425632391
2025-09-21 03:33:52.399000+00:00,TREE-USDT-SWAP,7690508.0,1758425632399
2025-09-21 03:33:52.401000+00:00,TRUMP-USDT-SWAP,5584219.1,1758425632401
2025-09-21 03:33:52.851000+00:00,TRX-USDT-SWAP,82924960.00000015,1758425632851
2025-09-21 03:33:52.850000+00:00,TURBO-USDT-SWAP,846033000.0,1758425632850
2025-09-21 03:33:52.845000+00:00,UMA-USDT-SWAP,1294086.1,1758425632845
2025-09-21 03:33:52.852000+00:00,UNI-USDT-SWAP,3692030.0,1758425632852
2025-09-21 03:33:52.849000+00:00,USDC-USDT-SWAP,929100.0,1758425632849
2025-09-21 03:33:52.858000+00:00,USELESS-USDT-SWAP,19990420.0,1758425632858
2025-09-21 03:33:52.849000+00:00,UXLINK-USDT-SWAP,5714450.0,1758425632849
2025-09-21 03:33:52.856000+00:00,VANA-USDT-SWAP,131320.8,1758425632856
2025-09-21 03:33:52.852000+00:00,VINE-USDT-SWAP,105919880.0,1758425632852
2025-09-21 03:33:53.307000+00:00,VIRTUAL-USDT-SWAP,3673847.0,1758425633307
2025-09-21 03:33:53.306000+00:00,W-USDT-SWAP,71975452.0,1758425633306
2025-09-21 03:33:53.313000+00:00,WAL-USDT-SWAP,1986060.0,1758425633313
2025-09-21 03:33:53.313000+00:00,WCT-USDT-SWAP,9343130.0,1758425633313
2025-09-21 03:33:53.317000+00:00,WIF-USDT-SWAP,18458988.0,1758425633317
2025-09-21 03:33:53.311000+00:00,WLD-USDT-SWAP,27909399.0,1758425633311
2025-09-21 03:33:53.310000+00:00,WLFI-USDT-SWAP,296334160.0,1758425633310
2025-09-21 03:33:53.310000+00:00,WOO-USDT-SWAP,23752250.0,1758425633310
2025-09-21 03:33:53.311000+00:00,XAUT-USDT-SWAP,4566.971,1758425633311
2025-09-21 03:33:53.760000+00:00,XLM-USDT-SWAP,38711870.00000001,1758425633760
2025-09-21 03:33:53.756000+00:00,XPL-USDT-SWAP,10514310.0,1758425633756
2025-09-21 03:33:53.766000+00:00,XRP-USDT-SWAP,106388361.99999994,1758425633766
2025-09-21 03:33:53.758000+00:00,XTZ-USDT-SWAP,5748311.0,1758425633758
2025-09-21 03:33:53.763000+00:00,YFI-USDT-SWAP,395.3597,1758425633763
2025-09-21 03:33:53.777000+00:00,YGG-USDT-SWAP,41412522.0,1758425633777
2025-09-21 03:33:53.765000+00:00,ZENT-USDT-SWAP,187646900.0,1758425633765
2025-09-21 03:33:53.768000+00:00,ZETA-USDT-SWAP,5534630.0,1758425633768
2025-09-21 03:33:53.759000+00:00,ZIL-USDT-SWAP,156891900.0,1758425633759
2025-09-21 03:33:54.228000+00:00,ZK-USDT-SWAP,47674040.0,1758425634228
2025-09-21 03:33:54.217000+00:00,ZRO-USDT-SWAP,2032670.0,1758425634217
2025-09-21 03:33:54.234000+00:00,ZRX-USDT-SWAP,6557120.0,1758425634234
2025-09-21 03:34:54.929000+00:00,1INCH-USDT-SWAP,7069479.0,1758425694929
2025-09-21 03:34:54.931000+00:00,A-USDT-SWAP,11328140.0,1758425694931
2025-09-21 03:34:54.933000+00:00,AAVE-USDT-SWAP,129554.86000000004,1758425694933
2025-09-21 03:34:54.923000+00:00,ACE-USDT-SWAP,2837316.0,1758425694923
2025-09-21 03:34:54.942000+00:00,ACH-USDT-SWAP,95142800.0,1758425694942
2025-09-21 03:34:54.941000+00:00,ACT-USDT-SWAP,98602830.0,1758425694941
2025-09-21 03:34:54.934000+00:00,ADA-USDT-SWAP,93315360.00000001,1758425694934
2025-09-21 03:34:54.935000+00:00,AERO-USDT-SWAP,2353140.0,1758425694935
2025-09-21 03:34:54.932000+00:00,AEVO-USDT-SWAP,28543526.0,1758425694932
2025-09-21 03:34:54.918000+00:00,AGLD-USDT-SWAP,1989906.0,1758425694918
2025-09-21 03:34:55.387000+00:00,AI16Z-USDT-SWAP,50916769.0,1758425695387
2025-09-21 03:34:55.387000+00:00,AIXBT-USDT-SWAP,22541430.0,1758425695387
2025-09-21 03:34:55.395000+00:00,ALGO-USDT-SWAP,27983500.0,1758425695395
2025-09-21 03:34:55.383000+00:00,ANIME-USDT-SWAP,96906580.0,1758425695383
2025-09-21 03:34:55.394000+00:00,APE-USDT-SWAP,7946849.0,1758425695394
2025-09-21 03:34:55.390000+00:00,API3-USDT-SWAP,2079088.0,1758425695390
2025-09-21 03:34:55.393000+00:00,APT-USDT-SWAP,4140171.0,1758425695393
2025-09-21 03:34:55.391000+00:00,AR-USDT-SWAP,532747.0,1758425695391
2025-09-21 03:34:55.383000+00:00,ARB-USDT-SWAP,37020971.999999985,1758425695383
2025-09-21 03:34:55.842000+00:00,ARC-USDT-SWAP,100601320.0,1758425695842
2025-09-21 03:34:55.841000+00:00,ARKM-USDT-SWAP,3413805.0,1758425695841
2025-09-21 03:34:55.851000+00:00,ATH-USDT-SWAP,169897000.0,1758425695851
2025-09-21 03:34:55.844000+00:00,ATOM-USDT-SWAP,2121392.0,1758425695844
2025-09-21 03:34:55.847000+00:00,AUCTION-USDT-SWAP,244883.0,1758425695847
2025-09-21 03:34:55.846000+00:00,AVAAI-USDT-SWAP,88643160.0,1758425695846
2025-09-21 03:34:55.845000+00:00,AVAX-USDT-SWAP,2266982.000000001,1758425695845
2025-09-21 03:34:55.859000+00:00,AXS-USDT-SWAP,1117720.1,1758425695859
2025-09-21 03:34:55.848000+00:00,BABY-USDT-SWAP,39179890.0,1758425695848
2025-09-21 03:34:55.841000+00:00,BAND-USDT-SWAP,1249645.0,1758425695841
2025-09-21 03:34:56.302000+00:00,BAT-USDT-SWAP,4775060.0,1758425696302
2025-09-21 03:34:56.299000+00:00,BCH-USDT-SWAP,71273.74999999996,1758425696299
2025-09-21 03:34:56.300000+00:00,BERA-USDT-SWAP,2637104.3,1758425696300
2025-09-21 03:34:56.303000+00:00,BICO-USDT-SWAP,7226836.0,1758425696303
2025-09-21 03:34:56.299000+00:00,BIGTIME-USDT-SWAP,39861020.0,1758425696299
2025-09-21 03:34:56.308000+00:00,BIO-USDT-SWAP,67261786.0,1758425696308
2025-09-21 03:34:56.310000+00:00,BLUR-USDT-SWAP,24839690.0,1758425696310
2025-09-21 03:34:56.306000+00:00,BNB-USDT-SWAP,152344.21,1758425696306
2025-09-21 03:34:56.305000+00:00,BNT-USDT-SWAP,733440.0,1758425696305
2025-09-21 03:34:56.317000+00:00,BOME-USDT-SWAP,1021822000.0,1758425696317
2025-09-21 03:34:56.756000+00:00,BONK-USDT-SWAP,480398900000.0,1758425696756
2025-09-21 03:34:56.754000+00:00,BRETT-USDT-SWAP,19366400.0,1758425696754
2025-09-21 03:34:56.764000+00:00,BTC-USDT-SWAP,28014.428900000083,1758425696764
2025-09-21 03:34:56.753000+00:00,CAT-USDT-SWAP,203147700000.0,1758425696753
2025-09-21 03:34:56.765000+00:00,CATI-USDT-SWAP,16069709.0,1758425696765
2025-09-21 03:34:56.766000+00:00,CELO-USDT-SWAP,3739624.0,1758425696766
2025-09-21 03:34:56.761000+00:00,CETUS-USDT-SWAP,22412050.0,1758425696761
2025-09-21 03:34:56.767000+00:00,CFX-USDT-SWAP,75513360.0,1758425696767
2025-09-21 03:34:56.766000+00:00,CHZ-USDT-SWAP,78390260.0,1758425696766
2025-09-21 03:34:56.770000+00:00,COMP-USDT-SWAP,74717.1,1758425696770
2025-09-21 03:34:57.211000+00:00,COOKIE-USDT-SWAP,5017080.0,1758425697211
2025-09-21 03:34:57.219000+00:00,CORE-USDT-SWAP,10027227.0,1758425697219
2025-09-21 03:34:57.232000+00:00,CRO-USDT-SWAP,50995010.0,1758425697232
2025-09-21 03:34:57.218000+00:00,CRV-USDT-SWAP,24908983.0,1758425697218
2025-09-21 03:34:57.217000+00:00,CTC-USDT-SWAP,1677050.0,1758425697217
2025-09-21 03:34:57.216000+00:00,CVC-USDT-SWAP,9719600.0,1758425697216
2025-09-21 03:34:57.221000+00:00,CVX-USDT-SWAP,376917.0,1758425697221
2025-09-21 03:34:57.217000+00:00,DEGEN-USDT-SWAP,330563400.0,1758425697217
2025-09-21 03:34:57.661000+00:00,DOGE-USDT-SWAP,1393782839.9999995,1758425697661
2025-09-21 03:34:57.652000+00:00,DOGS-USDT-SWAP,15822435000.0,1758425697652
2025-09-21 03:34:57.671000+00:00,DOOD-USDT-SWAP,146346000.0,1758425697671
2025-09-21 03:34:57.664000+00:00,DOT-USDT-SWAP,6320961.0,1758425697664
2025-09-21 03:34:57.662000+00:00,DYDX-USDT-SWAP,13284982.0,1758425697662
2025-09-21 03:34:57.667000+00:00,EGLD-USDT-SWAP,118168.6,1758425697667
2025-09-21 03:34:57.653000+00:00,EIGEN-USDT-SWAP,4739088.0,1758425697653
2025-09-21 03:34:57.658000+00:00,ENJ-USDT-SWAP,14737410.0,1758425697658
2025-09-21 03:34:57.676000+00:00,ENS-USDT-SWAP,328875.7,1758425697676
2025-09-21 03:34:58.125000+00:00,ETC-USDT-SWAP,1207558.4000000004,1758425698125
2025-09-21 03:34:58.115000+00:00,ETH-USDT-SWAP,744161.8409999997,1758425698115
2025-09-21 03:34:58.126000+00:00,ETHFI-USDT-SWAP,7863128.0,1758425698126
2025-09-21 03:34:58.120000+00:00,ETHW-USDT-SWAP,1221320.3,1758425698120
2025-09-21 03:34:58.132000+00:00,FARTCOIN-USDT-SWAP,25123857.0,1758425698132
2025-09-21 03:34:58.126000+00:00,FIL-USDT-SWAP,13624206.1,1758425698126
2025-09-21 03:34:58.129000+00:00,FLM-USDT-SWAP,30784490.0,1758425698129
2025-09-21 03:34:58.119000+00:00,FLOKI-USDT-SWAP,38680100000.0,1758425698119
2025-09-21 03:34:58.119000+00:00,FLOW-USDT-SWAP,4286110.0,1758425698119
2025-09-21 03:34:58.125000+00:00,FXS-USDT-SWAP,353322.0,1758425698125
2025-09-21 03:34:58.577000+00:00,GALA-USDT-SWAP,460812330.0,1758425698577
2025-09-21 03:34:58.576000+00:00,GAS-USDT-SWAP,365765.0,1758425698576
2025-09-21 03:34:58.596000+00:00,GLM-USDT-SWAP,3174410.0,1758425698596
2025-09-21 03:34:58.587000+00:00,GMT-USDT-SWAP,47380005.0,1758425698587
2025-09-21 03:34:58.574000+00:00,GMX-USDT-SWAP,70345.8,1758425698574
2025-09-21 03:34:58.580000+00:00,GOAT-USDT-SWAP,28581860.0,1758425698580
2025-09-21 03:34:58.575000+00:00,GODS-USDT-SWAP,7983236.0,1758425698575
2025-09-21 03:34:58.577000+00:00,GPS-USDT-SWAP,134274780.0,1758425698577
2025-09-21 03:34:58.581000+00:00,GRASS-USDT-SWAP,2660812.0,1758425698581
2025-09-21 03:34:58.581000+00:00,GRIFFAIN-USDT-SWAP,30060840.0,1758425698581
2025-09-21 03:34:59.056000+00:00,GRT-USDT-SWAP,21757390.0,1758425699056
2025-09-21 03:34:59.046000+00:00,H-USDT-SWAP,80204800.0,1758425699046
2025-09-21 03:34:59.053000+00:00,HBAR-USDT-SWAP,81679930.00000006,1758425699053
2025-09-21 03:34:59.040000+00:00,HMSTR-USDT-SWAP,1192505400.0,1758425699040
2025-09-21 03:34:59.045000+00:00,HOME-USDT-SWAP,16100900.0,1758425699045
2025-09-21 03:34:59.051000+00:00,HUMA-USDT-SWAP,69847200.0,1758425699051
2025-09-21 03:34:59.051000+00:00,HYPE-USDT-SWAP,1006318.7,1758425699051
2025-09-21 03:34:59.038000+00:00,ICP-USDT-SWAP,1741823.91,1758425699038
2025-09-21 03:34:59.049000+00:00,ICX-USDT-SWAP,5606070.0,1758425699049
2025-09-21 03:34:59.049000+00:00,IMX-USDT-SWAP,9389603.0,1758425699049
2025-09-21 03:34:59.493000+00:00,INIT-USDT-SWAP,2240250.0,1758425699493
2025-09-21 03:34:59.495000+00:00,INJ-USDT-SWAP,901601.4,1758425699495
2025-09-21 03:34:59.496000+00:00,IOST-USDT-SWAP,269276000.0,1758425699496
2025-09-21 03:34:59.497000+00:00,IOTA-USDT-SWAP,14325690.0,1758425699497
2025-09-21 03:34:59.501000+00:00,IP-USDT-SWAP,5348960.0,1758425699501
2025-09-21 03:34:59.492000+00:00,JELLYJELLY-USDT-SWAP,189854100.0,1758425699492
2025-09-21 03:34:59.492000+00:00,JOE-USDT-SWAP,7415670.0,1758425699492
2025-09-21 03:34:59.508000+00:00,JTO-USDT-SWAP,3835198.0,1758425699508
2025-09-21 03:34:59.495000+00:00,JUP-USDT-SWAP,14327200.0,1758425699495
2025-09-21 03:34:59.956000+00:00,KAITO-USDT-SWAP,4812101.0,1758425699956
2025-09-21 03:34:59.951000+00:00,KMNO-USDT-SWAP,53005500.0,1758425699951
2025-09-21 03:34:59.968000+00:00,KSM-USDT-SWAP,127817.9,1758425699968
2025-09-21 03:34:59.972000+00:00,LA-USDT-SWAP,6426150.0,1758425699972
2025-09-21 03:34:59.971000+00:00,LAUNCHCOIN-USDT-SWAP,40809550.0,1758425699971
2025-09-21 03:34:59.962000+00:00,LAYER-USDT-SWAP,6125143.0,1758425699962
2025-09-21 03:34:59.960000+00:00,LDO-USDT-SWAP,13652156.0,1758425699960
2025-09-21 03:34:59.956000+00:00,LINK-USDT-SWAP,2330701.1,1758425699956
2025-09-21 03:34:59.960000+00:00,LPT-USDT-SWAP,561588.5,1758425699960
2025-09-21 03:34:59.954000+00:00,LQTY-USDT-SWAP,2194362.0,1758425699954
2025-09-21 03:35:00.413000+00:00,LRC-USDT-SWAP,13787150.0,1758425700413
2025-09-21 03:35:00.419000+00:00,LTC-USDT-SWAP,732924.2000000002,1758425700419
2025-09-21 03:35:00.436000+00:00,LUNA-USDT-SWAP,20204536.0,1758425700436
2025-09-21 03:35:00.424000+00:00,MAGIC-USDT-SWAP,16015533.0,1758425700424
2025-09-21 03:35:00.421000+00:00,MAJOR-USDT-SWAP,4640638.0,1758425700421
2025-09-21 03:35:00.423000+00:00,MANA-USDT-SWAP,10625720.0,1758425700423
2025-09-21 03:35:00.430000+00:00,MASK-USDT-SWAP,2955658.0,1758425700430
2025-09-21 03:35:00.418000+00:00,ME-USDT-SWAP,3724357.0,1758425700418
2025-09-21 03:35:00.411000+00:00,MEME-USDT-SWAP,1616654300.0,1758425700411
2025-09-21 03:35:00.874000+00:00,MERL-USDT-SWAP,49462170.0,1758425700874
2025-09-21 03:35:00.870000+00:00,METIS-USDT-SWAP,116004.0,1758425700870
2025-09-21 03:35:00.883000+00:00,MEW-USDT-SWAP,1030704000.0,1758425700883
2025-09-21 03:35:00.875000+00:00,MINA-USDT-SWAP,7566518.0,1758425700875
2025-09-21 03:35:00.881000+00:00,MOG-USDT-SWAP,609544000000.0,1758425700881
2025-09-21 03:35:00.888000+00:00,MOODENG-USDT-SWAP,51318550.0,1758425700888
2025-09-21 03:35:00.891000+00:00,MORPHO-USDT-SWAP,1554071.0,1758425700891
2025-09-21 03:35:00.894000+00:00,MOVE-USDT-SWAP,27982450.0,1758425700894
2025-09-21 03:35:01.029000+00:00,MUBARAK-USDT-SWAP,45943500.0,1758425701029
2025-09-21 03:35:01.471000+00:00,NEAR-USDT-SWAP,7150819.999999997,1758425701471
2025-09-21 03:35:01.459000+00:00,NEIRO-USDT-SWAP,9284745000.0,1758425701459
2025-09-21 03:35:01.468000+00:00,NEO-USDT-SWAP,368412.0,1758425701468
2025-09-21 03:35:01.452000+00:00,NEWT-USDT-SWAP,3423630.0,1758425701452
2025-09-21 03:35:01.513000+00:00,NMR-USDT-SWAP,320089.3,1758425701513
2025-09-21 03:35:01.456000+00:00,NOT-USDT-SWAP,1515300400.0,1758425701456
2025-09-21 03:35:01.453000+00:00,NXPC-USDT-SWAP,1079916.0,1758425701453
2025-09-21 03:35:01.470000+00:00,OL-USDT-SWAP,71846140.0,1758425701470
2025-09-21 03:35:01.454000+00:00,OM-USDT-SWAP,22410088.000000004,1758425701454
2025-09-21 03:35:01.932000+00:00,ONDO-USDT-SWAP,23879310.0,1758425701932
2025-09-21 03:35:01.934000+00:00,ONE-USDT-SWAP,81485300.0,1758425701934
2025-09-21 03:35:01.953000+00:00,ONT-USDT-SWAP,10320980.0,1758425701953
2025-09-21 03:35:01.948000+00:00,OP-USDT-SWAP,25482708.0,1758425701948
2025-09-21 03:35:01.941000+00:00,ORBS-USDT-SWAP,28960000.0,1758425701941
2025-09-21 03:35:01.941000+00:00,ORDI-USDT-SWAP,1213388.7,1758425701941
2025-09-21 03:35:01.938000+00:00,PARTI-USDT-SWAP,12683750.0,1758425701938
2025-09-21 03:35:01.941000+00:00,PENGU-USDT-SWAP,623391300.0,1758425701941
2025-09-21 03:35:01.943000+00:00,PEOPLE-USDT-SWAP,336616600.0,1758425701943
2025-09-21 03:35:01.950000+00:00,PEPE-USDT-SWAP,8779061000000.005,1758425701950
2025-09-21 03:35:02.394000+00:00,PERP-USDT-SWAP,3152077.0,1758425702394
2025-09-21 03:35:02.379000+00:00,PI-USDT-SWAP,32740345.0,1758425702379
2025-09-21 03:35:02.402000+00:00,PLUME-USDT-SWAP,20278280.0,1758425702402
2025-09-21 03:35:02.384000+00:00,PNUT-USDT-SWAP,36060310.0,1758425702384
2025-09-21 03:35:02.409000+00:00,POL-USDT-SWAP,38089690.0,1758425702409
2025-09-21 03:35:02.407000+00:00,POPCAT-USDT-SWAP,8995370.0,1758425702407
2025-09-21 03:35:02.387000+00:00,PRCL-USDT-SWAP,15398342.0,1758425702387
2025-09-21 03:35:02.392000+00:00,PROMPT-USDT-SWAP,27638520.0,1758425702392
2025-09-21 03:35:02.395000+00:00,PUMP-USDT-SWAP,7930053000.0,1758425702395
2025-09-21 03:35:02.390000+00:00,PYTH-USDT-SWAP,53898200.0,1758425702390
2025-09-21 03:35:02.849000+00:00,QTUM-USDT-SWAP,1040621.0,1758425702849
2025-09-21 03:35:02.857000+00:00,RAY-USDT-SWAP,1499328.0,1758425702857
2025-09-21 03:35:02.854000+00:00,RENDER-USDT-SWAP,1375554.0,1758425702854
2025-09-21 03:35:02.861000+00:00,RESOLV-USDT-SWAP,26322340.0,1758425702861
2025-09-21 03:35:02.849000+00:00,RSR-USDT-SWAP,261858700.0,1758425702849
2025-09-21 03:35:02.864000+00:00,RVN-USDT-SWAP,82236380.0,1758425702864
2025-09-21 03:35:02.869000+00:00,S-USDT-SWAP,12502750.0,1758425702869
2025-09-21 03:35:02.864000+00:00,SAHARA-USDT-SWAP,38174610.0,1758425702864
2025-09-21 03:35:02.859000+00:00,SAND-USDT-SWAP,16894260.0,1758425702859
2025-09-21 03:35:02.862000+00:00,SATS-USDT-SWAP,187114560000000.0,1758425702862
2025-09-21 03:35:03.303000+00:00,SCR-USDT-SWAP,2451153.0,1758425703303
2025-09-21 03:35:03.307000+00:00,SHELL-USDT-SWAP,5157550.0,1758425703307
2025-09-21 03:35:03.317000+00:00,SHIB-USDT-SWAP,1654202600000.0002,1758425703317
2025-09-21 03:35:03.310000+00:00,SIGN-USDT-SWAP,48610100.0,1758425703310
2025-09-21 03:35:03.435000+00:00,SLP-USDT-SWAP,402570770.0,1758425703435
2025-09-21 03:35:03.319000+00:00,SNX-USDT-SWAP,2270802.0,1758425703319
2025-09-21 03:35:03.331000+00:00,SOL-USDT-SWAP,3762659.7300000032,1758425703331
2025-09-21 03:35:03.305000+00:00,SOLV-USDT-SWAP,56967000.0,1758425703305
2025-09-21 03:35:03.330000+00:00,SONIC-USDT-SWAP,7838860.0,1758425703330
2025-09-21 03:35:03.327000+00:00,SOON-USDT-SWAP,6581690.0,1758425703327
2025-09-21 03:35:03.860000+00:00,SOPH-USDT-SWAP,79930800.0,1758425703860
2025-09-21 03:35:03.854000+00:00,SPK-USDT-SWAP,113717600.0,1758425703854
2025-09-21 03:35:03.870000+00:00,SPX-USDT-SWAP,998348.0,1758425703870
2025-09-21 03:35:03.877000+00:00,SSV-USDT-SWAP,289740.4,1758425703877
2025-09-21 03:35:03.887000+00:00,STORJ-USDT-SWAP,5997190.0,1758425703887
2025-09-21 03:35:03.874000+00:00,STRK-USDT-SWAP,24426710.0,1758425703874
2025-09-21 03:35:03.867000+00:00,STX-USDT-SWAP,7312232.000000001,1758425703867
2025-09-21 03:35:03.861000+00:00,SUI-USDT-SWAP,23844355.0,1758425703861
2025-09-21 03:35:03.863000+00:00,SUSHI-USDT-SWAP,8172475.0,1758425703863
2025-09-21 03:35:03.868000+00:00,SWARMS-USDT-SWAP,77685470.0,1758425703868
2025-09-21 03:35:04.331000+00:00,SYRUP-USDT-SWAP,2404040.0,1758425704331
2025-09-21 03:35:04.341000+00:00,T-USDT-SWAP,41180400.0,1758425704341
2025-09-21 03:35:04.336000+00:00,TAO-USDT-SWAP,14140.57,1758425704336
2025-09-21 03:35:04.333000+00:00,THETA-USDT-SWAP,2851709.0,1758425704333
2025-09-21 03:35:04.341000+00:00,TIA-USDT-SWAP,4994340.0,1758425704341
2025-09-21 03:35:04.337000+00:00,TNSR-USDT-SWAP,9685896.0,1758425704337
2025-09-21 03:35:04.327000+00:00,TON-USDT-SWAP,8268173.0,1758425704327
2025-09-21 03:35:04.331000+00:00,TRB-USDT-SWAP,231238.1,1758425704331
2025-09-21 03:35:04.335000+00:00,TREE-USDT-SWAP,7682764.0,1758425704335
2025-09-21 03:35:04.333000+00:00,TRUMP-USDT-SWAP,5584187.2,1758425704333
2025-09-21 03:35:04.789000+00:00,TRX-USDT-SWAP,82922910.00000015,1758425704789
2025-09-21 03:35:04.793000+00:00,TURBO-USDT-SWAP,846559000.0000001,1758425704793
2025-09-21 03:35:04.796000+00:00,UMA-USDT-SWAP,1294074.4,1758425704796
2025-09-21 03:35:04.787000+00:00,UNI-USDT-SWAP,3692007.0,1758425704787
2025-09-21 03:35:04.797000+00:00,USDC-USDT-SWAP,929100.0,1758425704797
2025-09-21 03:35:04.796000+00:00,USELESS-USDT-SWAP,19998170.0,1758425704796
2025-09-21 03:35:04.792000+00:00,UXLINK-USDT-SWAP,5714510.0,1758425704792
2025-09-21 03:35:04.794000+00:00,VANA-USDT-SWAP,131320.8,1758425704794
2025-09-21 03:35:04.796000+00:00,VINE-USDT-SWAP,105941980.0,1758425704796
2025-09-21 03:35:05.245000+00:00,VIRTUAL-USDT-SWAP,3673865.0,1758425705245
2025-09-21 03:35:05.251000+00:00,W-USDT-SWAP,72011328.0,1758425705251
2025-09-21 03:35:05.257000+00:00,WAL-USDT-SWAP,1986030.0,1758425705257
2025-09-21 03:35:05.248000+00:00,WCT-USDT-SWAP,9342310.0,1758425705248
2025-09-21 03:35:05.256000+00:00,WIF-USDT-SWAP,18468395.0,1758425705256
2025-09-21 03:35:05.259000+00:00,WLD-USDT-SWAP,27907122.0,1758425705259
2025-09-21 03:35:05.261000+00:00,WLFI-USDT-SWAP,296430180.0,1758425705261
2025-09-21 03:35:05.246000+00:00,WOO-USDT-SWAP,23762350.0,1758425705246
2025-09-21 03:35:05.255000+00:00,XAUT-USDT-SWAP,4566.961,1758425705255
2025-09-21 03:35:05.695000+00:00,XLM-USDT-SWAP,38702830.00000001,1758425705695
2025-09-21 03:35:05.697000+00:00,XPL-USDT-SWAP,10523450.0,1758425705697
2025-09-21 03:35:05.726000+00:00,XRP-USDT-SWAP,106406549.99999994,1758425705726
2025-09-21 03:35:05.713000+00:00,XTZ-USDT-SWAP,5747946.0,1758425705713
2025-09-21 03:35:05.711000+00:00,YFI-USDT-SWAP,395.2554,1758425705711
2025-09-21 03:35:05.698000+00:00,YGG-USDT-SWAP,41397159.0,1758425705698
2025-09-21 03:35:05.708000+00:00,ZENT-USDT-SWAP,187697700.0,1758425705708
2025-09-21 03:35:05.708000+00:00,ZETA-USDT-SWAP,5534610.0,1758425705708
2025-09-21 03:35:05.708000+00:00,ZIL-USDT-SWAP,156982000.0,1758425705708
2025-09-21 03:35:06.160000+00:00,ZK-USDT-SWAP,47674930.0,1758425706160
2025-09-21 03:35:06.153000+00:00,ZRO-USDT-SWAP,2030047.0,1758425706153
2025-09-21 03:35:06.151000+00:00,ZRX-USDT-SWAP,6559890.0,1758425706151
2025-09-21 03:36:06.860000+00:00,1INCH-USDT-SWAP,7069012.0,1758425766860
2025-09-21 03:36:06.870000+00:00,A-USDT-SWAP,11328030.0,1758425766870
2025-09-21 03:36:06.840000+00:00,AAVE-USDT-SWAP,129557.81000000004,1758425766840
2025-09-21 03:36:06.851000+00:00,ACE-USDT-SWAP,2837190.0,1758425766851
2025-09-21 03:36:06.853000+00:00,ACH-USDT-SWAP,95142900.0,1758425766853
2025-09-21 03:36:06.857000+00:00,ACT-USDT-SWAP,98604186.0,1758425766857
2025-09-21 03:36:06.852000+00:00,ADA-USDT-SWAP,93309280.00000003,1758425766852
2025-09-21 03:36:06.860000+00:00,AERO-USDT-SWAP,2353740.0,1758425766860
2025-09-21 03:36:06.875000+00:00,AEVO-USDT-SWAP,28676734.0,1758425766875
2025-09-21 03:36:06.863000+00:00,AGLD-USDT-SWAP,1990033.0,1758425766863
2025-09-21 03:36:07.320000+00:00,AI16Z-USDT-SWAP,50920176.0,1758425767320
2025-09-21 03:36:07.325000+00:00,AIXBT-USDT-SWAP,22540520.0,1758425767325
2025-09-21 03:36:07.318000+00:00,ALGO-USDT-SWAP,27981980.0,1758425767318
2025-09-21 03:36:07.311000+00:00,ANIME-USDT-SWAP,96904550.0,1758425767311
2025-09-21 03:36:07.322000+00:00,APE-USDT-SWAP,7947737.2,1758425767322
2025-09-21 03:36:07.320000+00:00,API3-USDT-SWAP,2079056.0,1758425767320
2025-09-21 03:36:07.323000+00:00,APT-USDT-SWAP,4140141.0,1758425767323
2025-09-21 03:36:07.334000+00:00,AR-USDT-SWAP,532800.2,1758425767334
2025-09-21 03:36:07.323000+00:00,ARB-USDT-SWAP,37041416.999999985,1758425767323
2025-09-21 03:36:07.793000+00:00,ARC-USDT-SWAP,100601190.0,1758425767793
2025-09-21 03:36:07.782000+00:00,ARKM-USDT-SWAP,3413779.0,1758425767782
2025-09-21 03:36:07.779000+00:00,ATH-USDT-SWAP,169893800.0,1758425767779
2025-09-21 03:36:07.777000+00:00,ATOM-USDT-SWAP,2120296.0,1758425767777
2025-09-21 03:36:07.789000+00:00,AUCTION-USDT-SWAP,244591.9,1758425767789
2025-09-21 03:36:07.786000+00:00,AVAAI-USDT-SWAP,88642730.0,1758425767786
2025-09-21 03:36:07.777000+00:00,AVAX-USDT-SWAP,2267870.000000001,1758425767777
2025-09-21 03:36:07.775000+00:00,AXS-USDT-SWAP,1117562.4,1758425767775
2025-09-21 03:36:07.778000+00:00,BABY-USDT-SWAP,39180290.0,1758425767778
2025-09-21 03:36:07.807000+00:00,BAND-USDT-SWAP,1249311.0,1758425767807
2025-09-21 03:36:08.231000+00:00,BAT-USDT-SWAP,4775060.0,1758425768231
2025-09-21 03:36:08.249000+00:00,BCH-USDT-SWAP,71269.95999999996,1758425768249
2025-09-21 03:36:08.237000+00:00,BERA-USDT-SWAP,2636954.8,1758425768237
2025-09-21 03:36:08.240000+00:00,BICO-USDT-SWAP,7227788.0,1758425768240
2025-09-21 03:36:08.232000+00:00,BIGTIME-USDT-SWAP,39854150.0,1758425768232
2025-09-21 03:36:08.243000+00:00,BIO-USDT-SWAP,67302723.0,1758425768243
2025-09-21 03:36:08.237000+00:00,BLUR-USDT-SWAP,24841450.0,1758425768237
2025-09-21 03:36:08.258000+00:00,BNB-USDT-SWAP,152399.68,1758425768258
2025-09-21 03:36:08.233000+00:00,BNT-USDT-SWAP,733450.0,1758425768233
2025-09-21 03:36:08.246000+00:00,BOME-USDT-SWAP,1021637000.0,1758425768246
2025-09-21 03:36:08.693000+00:00,BONK-USDT-SWAP,480396600000.0,1758425768693
2025-09-21 03:36:08.694000+00:00,BRETT-USDT-SWAP,19370300.0,1758425768694
2025-09-21 03:36:08.696000+00:00,BTC-USDT-SWAP,28007.241100000083,1758425768696
2025-09-21 03:36:08.715000+00:00,CAT-USDT-SWAP,203143100000.0,1758425768715
2025-09-21 03:36:08.710000+00:00,CATI-USDT-SWAP,16069695.0,1758425768710
2025-09-21 03:36:08.708000+00:00,CELO-USDT-SWAP,3738814.0,1758425768708
2025-09-21 03:36:08.698000+00:00,CETUS-USDT-SWAP,22412770.0,1758425768698
2025-09-21 03:36:08.709000+00:00,CFX-USDT-SWAP,75526690.0,1758425768709
2025-09-21 03:36:08.704000+00:00,CHZ-USDT-SWAP,78384860.0,1758425768704
2025-09-21 03:36:08.708000+00:00,COMP-USDT-SWAP,74716.6,1758425768708
2025-09-21 03:36:09.161000+00:00,COOKIE-USDT-SWAP,5017770.0,1758425769161
2025-09-21 03:36:09.155000+00:00,CORE-USDT-SWAP,10027238.0,1758425769155
2025-09-21 03:36:09.147000+00:00,CRO-USDT-SWAP,50988620.0,1758425769147
2025-09-21 03:36:09.146000+00:00,CRV-USDT-SWAP,24915445.0,1758425769146
2025-09-21 03:36:09.138000+00:00,CTC-USDT-SWAP,1677050.0,1758425769138
2025-09-21 03:36:09.154000+00:00,CVC-USDT-SWAP,9719600.0,1758425769154
2025-09-21 03:36:09.147000+00:00,CVX-USDT-SWAP,376938.0,1758425769147
2025-09-21 03:36:09.146000+00:00,DEGEN-USDT-SWAP,330659500.0,1758425769146
2025-09-21 03:36:09.631000+00:00,DOGE-USDT-SWAP,1393949349.9999995,1758425769631
2025-09-21 03:36:09.607000+00:00,DOGS-USDT-SWAP,15824529000.0,1758425769607
2025-09-21 03:36:09.616000+00:00,DOOD-USDT-SWAP,146548000.0,1758425769616
2025-09-21 03:36:09.608000+00:00,DOT-USDT-SWAP,6320959.0,1758425769608
2025-09-21 03:36:09.613000+00:00,DYDX-USDT-SWAP,13287162.0,1758425769613
2025-09-21 03:36:09.608000+00:00,EGLD-USDT-SWAP,118210.0,1758425769608
2025-09-21 03:36:09.621000+00:00,EIGEN-USDT-SWAP,4741108.0,1758425769621
2025-09-21 03:36:09.615000+00:00,ENJ-USDT-SWAP,14736840.0,1758425769615
2025-09-21 03:36:09.616000+00:00,ENS-USDT-SWAP,328884.1,1758425769616
2025-09-21 03:36:10.074000+00:00,ETC-USDT-SWAP,1207308.9000000004,1758425770074
2025-09-21 03:36:10.074000+00:00,ETH-USDT-SWAP,744299.6829999996,1758425770074
2025-09-21 03:36:10.083000+00:00,ETHFI-USDT-SWAP,7858596.0,1758425770083
2025-09-21 03:36:10.075000+00:00,ETHW-USDT-SWAP,1221320.3,1758425770075
2025-09-21 03:36:10.080000+00:00,FARTCOIN-USDT-SWAP,25116946.0,1758425770080
2025-09-21 03:36:10.078000+00:00,FIL-USDT-SWAP,13621733.5,1758425770078
2025-09-21 03:36:10.078000+00:00,FLM-USDT-SWAP,30794270.0,1758425770078
2025-09-21 03:36:10.071000+00:00,FLOKI-USDT-SWAP,38680200000.0,1758425770071
2025-09-21 03:36:10.083000+00:00,FLOW-USDT-SWAP,4285540.0,1758425770083
2025-09-21 03:36:10.074000+00:00,FXS-USDT-SWAP,353318.0,1758425770074
2025-09-21 03:36:10.525000+00:00,GALA-USDT-SWAP,460798980.0,1758425770525
2025-09-21 03:36:10.510000+00:00,GAS-USDT-SWAP,365765.0,1758425770510
2025-09-21 03:36:10.505000+00:00,GLM-USDT-SWAP,3175400.0,1758425770505
2025-09-21 03:36:10.512000+00:00,GMT-USDT-SWAP,47373765.0,1758425770512
2025-09-21 03:36:10.504000+00:00,GMX-USDT-SWAP,70314.7,1758425770504
2025-09-21 03:36:10.520000+00:00,GOAT-USDT-SWAP,28567050.0,1758425770520
2025-09-21 03:36:10.516000+00:00,GODS-USDT-SWAP,7982594.0,1758425770516
2025-09-21 03:36:10.505000+00:00,GPS-USDT-SWAP,134278440.0,1758425770505
2025-09-21 03:36:10.507000+00:00,GRASS-USDT-SWAP,2661035.0,1758425770507
2025-09-21 03:36:10.518000+00:00,GRIFFAIN-USDT-SWAP,30142510.0,1758425770518
2025-09-21 03:36:10.967000+00:00,GRT-USDT-SWAP,21758770.0,1758425770967
2025-09-21 03:36:10.959000+00:00,H-USDT-SWAP,80225900.0,1758425770959
2025-09-21 03:36:10.978000+00:00,HBAR-USDT-SWAP,81684160.00000006,1758425770978
2025-09-21 03:36:10.970000+00:00,HMSTR-USDT-SWAP,1192413800.0,1758425770970
2025-09-21 03:36:10.970000+00:00,HOME-USDT-SWAP,16112500.0,1758425770970
2025-09-21 03:36:10.971000+00:00,HUMA-USDT-SWAP,69947200.0,1758425770971
2025-09-21 03:36:10.973000+00:00,HYPE-USDT-SWAP,1006212.4,1758425770973
2025-09-21 03:36:10.960000+00:00,ICP-USDT-SWAP,1741831.61,1758425770960
2025-09-21 03:36:10.973000+00:00,ICX-USDT-SWAP,5606070.0,1758425770973
2025-09-21 03:36:10.977000+00:00,IMX-USDT-SWAP,9388533.0,1758425770977
2025-09-21 03:36:11.406000+00:00,INIT-USDT-SWAP,2240270.0,1758425771406
2025-09-21 03:36:11.419000+00:00,INJ-USDT-SWAP,901484.1,1758425771419
2025-09-21 03:36:11.429000+00:00,IOST-USDT-SWAP,269277000.0,1758425771429
2025-09-21 03:36:11.415000+00:00,IOTA-USDT-SWAP,14326740.0,1758425771415
2025-09-21 03:36:11.406000+00:00,IP-USDT-SWAP,5354875.0,1758425771406
2025-09-21 03:36:11.420000+00:00,JELLYJELLY-USDT-SWAP,189682100.0,1758425771420
2025-09-21 03:36:11.412000+00:00,JOE-USDT-SWAP,7413190.0,1758425771412
2025-09-21 03:36:11.421000+00:00,JTO-USDT-SWAP,3836918.0,1758425771421
2025-09-21 03:36:11.417000+00:00,JUP-USDT-SWAP,14324610.0,1758425771417
2025-09-21 03:36:11.890000+00:00,KAITO-USDT-SWAP,4809738.0,1758425771890
2025-09-21 03:36:11.884000+00:00,KMNO-USDT-SWAP,53022200.0,1758425771884
2025-09-21 03:36:11.876000+00:00,KSM-USDT-SWAP,127765.8,1758425771876
2025-09-21 03:36:11.877000+00:00,LA-USDT-SWAP,6416540.0,1758425771877
2025-09-21 03:36:11.872000+00:00,LAUNCHCOIN-USDT-SWAP,40778230.0,1758425771872
2025-09-21 03:36:11.878000+00:00,LAYER-USDT-SWAP,6123982.0,1758425771878
2025-09-21 03:36:11.906000+00:00,LDO-USDT-SWAP,13646733.0,1758425771906
2025-09-21 03:36:11.873000+00:00,LINK-USDT-SWAP,2330698.8,1758425771873
2025-09-21 03:36:11.885000+00:00,LPT-USDT-SWAP,561548.1,1758425771885
2025-09-21 03:36:11.895000+00:00,LQTY-USDT-SWAP,2194496.0,1758425771895
2025-09-21 03:36:12.326000+00:00,LRC-USDT-SWAP,13786840.0,1758425772326
2025-09-21 03:36:12.325000+00:00,LTC-USDT-SWAP,732961.1000000002,1758425772325
2025-09-21 03:36:12.337000+00:00,LUNA-USDT-SWAP,20202735.0,1758425772337
2025-09-21 03:36:12.332000+00:00,MAGIC-USDT-SWAP,16007055.0,1758425772332
2025-09-21 03:36:12.334000+00:00,MAJOR-USDT-SWAP,4640638.0,1758425772334
2025-09-21 03:36:12.352000+00:00,MANA-USDT-SWAP,10625370.0,1758425772352
2025-09-21 03:36:12.327000+00:00,MASK-USDT-SWAP,2955656.0,1758425772327
2025-09-21 03:36:12.327000+00:00,ME-USDT-SWAP,3724504.0,1758425772327
2025-09-21 03:36:12.342000+00:00,MEME-USDT-SWAP,1616054700.0,1758425772342
2025-09-21 03:36:12.783000+00:00,MERL-USDT-SWAP,49465329.0,1758425772783
2025-09-21 03:36:12.784000+00:00,METIS-USDT-SWAP,116008.4,1758425772784
2025-09-21 03:36:12.785000+00:00,MEW-USDT-SWAP,1030786000.0,1758425772785
2025-09-21 03:36:12.784000+00:00,MINA-USDT-SWAP,7565186.0,1758425772784
2025-09-21 03:36:12.788000+00:00,MOG-USDT-SWAP,609162000000.0,1758425772788
2025-09-21 03:36:12.793000+00:00,MOODENG-USDT-SWAP,51308300.0,1758425772793
2025-09-21 03:36:12.776000+00:00,MORPHO-USDT-SWAP,1560918.0,1758425772776
2025-09-21 03:36:12.796000+00:00,MOVE-USDT-SWAP,27978930.0,1758425772796
2025-09-21 03:36:12.798000+00:00,MUBARAK-USDT-SWAP,45946800.0,1758425772798
2025-09-21 03:36:13.250000+00:00,NEAR-USDT-SWAP,7153291.999999997,1758425773250
2025-09-21 03:36:13.223000+00:00,NEIRO-USDT-SWAP,9287295000.0,1758425773223
2025-09-21 03:36:13.237000+00:00,NEO-USDT-SWAP,368434.0,1758425773237
2025-09-21 03:36:13.232000+00:00,NEWT-USDT-SWAP,3418390.0,1758425773232
2025-09-21 03:36:13.230000+00:00,NMR-USDT-SWAP,319992.5,1758425773230
2025-09-21 03:36:13.233000+00:00,NOT-USDT-SWAP,1515301800.0,1758425773233
2025-09-21 03:36:13.232000+00:00,NXPC-USDT-SWAP,1079763.0,1758425773232
2025-09-21 03:36:13.237000+00:00,OL-USDT-SWAP,71845330.0,1758425773237
2025-09-21 03:36:13.239000+00:00,OM-USDT-SWAP,22410084.000000004,1758425773239
2025-09-21 03:36:13.693000+00:00,ONDO-USDT-SWAP,23883020.0,1758425773693
2025-09-21 03:36:13.690000+00:00,ONE-USDT-SWAP,81500800.0,1758425773690
2025-09-21 03:36:13.698000+00:00,ONT-USDT-SWAP,10322500.0,1758425773698
2025-09-21 03:36:13.686000+00:00,OP-USDT-SWAP,25479977.0,1758425773686
2025-09-21 03:36:13.685000+00:00,ORBS-USDT-SWAP,28964300.0,1758425773685
2025-09-21 03:36:13.700000+00:00,ORDI-USDT-SWAP,1213266.0,1758425773700
2025-09-21 03:36:13.692000+00:00,PARTI-USDT-SWAP,12682860.0,1758425773692
2025-09-21 03:36:13.692000+00:00,PENGU-USDT-SWAP,623540000.0,1758425773692
2025-09-21 03:36:13.698000+00:00,PEOPLE-USDT-SWAP,336478600.0,1758425773698
2025-09-21 03:36:13.703000+00:00,PEPE-USDT-SWAP,8779128000000.004,1758425773703
2025-09-21 03:36:14.151000+00:00,PERP-USDT-SWAP,3151941.0,1758425774151
2025-09-21 03:36:14.147000+00:00,PI-USDT-SWAP,32745103.0,1758425774147
2025-09-21 03:36:14.149000+00:00,PLUME-USDT-SWAP,20283240.0,1758425774149
2025-09-21 03:36:14.143000+00:00,PNUT-USDT-SWAP,36075920.0,1758425774143
2025-09-21 03:36:14.162000+00:00,POL-USDT-SWAP,38089670.0,1758425774162
2025-09-21 03:36:14.152000+00:00,POPCAT-USDT-SWAP,8995050.0,1758425774152
2025-09-21 03:36:14.172000+00:00,PRCL-USDT-SWAP,15397284.0,1758425774172
2025-09-21 03:36:14.152000+00:00,PROMPT-USDT-SWAP,27645230.0,1758425774152
2025-09-21 03:36:14.143000+00:00,PUMP-USDT-SWAP,7932091000.0,1758425774143
2025-09-21 03:36:14.156000+00:00,PYTH-USDT-SWAP,53898430.0,1758425774156
2025-09-21 03:36:14.618000+00:00,QTUM-USDT-SWAP,1040555.0,1758425774618
2025-09-21 03:36:14.610000+00:00,RAY-USDT-SWAP,1499389.0,1758425774610
2025-09-21 03:36:14.608000+00:00,RENDER-USDT-SWAP,1375578.0,1758425774608
2025-09-21 03:36:14.610000+00:00,RESOLV-USDT-SWAP,26323080.0,1758425774610
2025-09-21 03:36:14.610000+00:00,RSR-USDT-SWAP,261870400.0,1758425774610
2025-09-21 03:36:14.613000+00:00,RVN-USDT-SWAP,82236520.0,1758425774613
2025-09-21 03:36:14.621000+00:00,S-USDT-SWAP,12502430.0,1758425774621
2025-09-21 03:36:14.605000+00:00,SAHARA-USDT-SWAP,38174830.0,1758425774605
2025-09-21 03:36:14.611000+00:00,SAND-USDT-SWAP,16899100.0,1758425774611
2025-09-21 03:36:14.630000+00:00,SATS-USDT-SWAP,186996840000000.0,1758425774630
2025-09-21 03:36:15.075000+00:00,SCR-USDT-SWAP,2450887.0,1758425775075
2025-09-21 03:36:15.052000+00:00,SHELL-USDT-SWAP,5152770.0,1758425775052
2025-09-21 03:36:15.061000+00:00,SHIB-USDT-SWAP,1654073800000.0002,1758425775061
2025-09-21 03:36:15.063000+00:00,SIGN-USDT-SWAP,48613300.0,1758425775063
2025-09-21 03:36:15.060000+00:00,SLP-USDT-SWAP,402638430.0,1758425775060
2025-09-21 03:36:15.069000+00:00,SNX-USDT-SWAP,2272302.0,1758425775069
2025-09-21 03:36:15.064000+00:00,SOL-USDT-SWAP,3770293.8100000033,1758425775064
2025-09-21 03:36:15.056000+00:00,SOLV-USDT-SWAP,56966500.0,1758425775056
2025-09-21 03:36:15.058000+00:00,SONIC-USDT-SWAP,7838855.0,1758425775058
2025-09-21 03:36:15.077000+00:00,SOON-USDT-SWAP,6583320.0,1758425775077
2025-09-21 03:36:15.514000+00:00,SOPH-USDT-SWAP,79932200.0,1758425775514
2025-09-21 03:36:15.519000+00:00,SPK-USDT-SWAP,113794700.0,1758425775519
2025-09-21 03:36:15.532000+00:00,SPX-USDT-SWAP,998228.0,1758425775532
2025-09-21 03:36:15.513000+00:00,SSV-USDT-SWAP,289718.6,1758425775513
2025-09-21 03:36:15.507000+00:00,STORJ-USDT-SWAP,5997140.0,1758425775507
2025-09-21 03:36:15.514000+00:00,STRK-USDT-SWAP,24429932.0,1758425775514
2025-09-21 03:36:15.517000+00:00,STX-USDT-SWAP,7312931.000000001,1758425775517
2025-09-21 03:36:15.514000+00:00,SUI-USDT-SWAP,23717501.0,1758425775514
2025-09-21 03:36:15.520000+00:00,SUSHI-USDT-SWAP,8171157.0,1758425775520
2025-09-21 03:36:15.528000+00:00,SWARMS-USDT-SWAP,77668710.0,1758425775528
2025-09-21 03:36:15.995000+00:00,SYRUP-USDT-SWAP,2403930.0,1758425775995
2025-09-21 03:36:15.982000+00:00,T-USDT-SWAP,41180400.0,1758425775982
2025-09-21 03:36:15.985000+00:00,TAO-USDT-SWAP,14141.48,1758425775985
2025-09-21 03:36:15.981000+00:00,THETA-USDT-SWAP,2886995.0,1758425775981
2025-09-21 03:36:16.083000+00:00,TIA-USDT-SWAP,4996011.0,1758425776083
2025-09-21 03:36:15.986000+00:00,TNSR-USDT-SWAP,9685595.0,1758425775986
2025-09-21 03:36:15.981000+00:00,TON-USDT-SWAP,8267684.0,1758425775981
2025-09-21 03:36:15.997000+00:00,TRB-USDT-SWAP,231215.5,1758425775997
2025-09-21 03:36:15.982000+00:00,TREE-USDT-SWAP,7675221.0,1758425775982
2025-09-21 03:36:15.990000+00:00,TRUMP-USDT-SWAP,5584082.7,1758425775990
2025-09-21 03:36:16.510000+00:00,TRX-USDT-SWAP,82927420.00000015,1758425776510
2025-09-21 03:36:16.500000+00:00,TURBO-USDT-SWAP,846634000.0,1758425776500
2025-09-21 03:36:16.505000+00:00,UMA-USDT-SWAP,1294074.6,1758425776505
2025-09-21 03:36:16.512000+00:00,UNI-USDT-SWAP,3691801.0,1758425776512
2025-09-21 03:36:16.514000+00:00,USDC-USDT-SWAP,929100.0,1758425776514
2025-09-21 03:36:16.512000+00:00,USELESS-USDT-SWAP,20000970.0,1758425776512
2025-09-21 03:36:16.510000+00:00,UXLINK-USDT-SWAP,5714510.0,1758425776510
2025-09-21 03:36:16.508000+00:00,VANA-USDT-SWAP,131276.8,1758425776508
2025-09-21 03:36:16.518000+00:00,VINE-USDT-SWAP,106000760.0,1758425776518
2025-09-21 03:36:16.952000+00:00,VIRTUAL-USDT-SWAP,3673906.0,1758425776952
2025-09-21 03:36:16.941000+00:00,W-USDT-SWAP,72069435.0,1758425776941
2025-09-21 03:36:16.954000+00:00,WAL-USDT-SWAP,1985980.0,1758425776954
2025-09-21 03:36:16.941000+00:00,WCT-USDT-SWAP,9342470.0,1758425776941
2025-09-21 03:36:16.956000+00:00,WIF-USDT-SWAP,18470102.0,1758425776956
2025-09-21 03:36:16.950000+00:00,WLD-USDT-SWAP,27904039.0,1758425776950
2025-09-21 03:36:16.963000+00:00,WLFI-USDT-SWAP,296621150.0,1758425776963
2025-09-21 03:36:16.942000+00:00,WOO-USDT-SWAP,23761450.0,1758425776942
2025-09-21 03:36:16.957000+00:00,XAUT-USDT-SWAP,4567.058,1758425776957
2025-09-21 03:36:17.853000+00:00,XLM-USDT-SWAP,38695850.00000001,1758425777853
2025-09-21 03:36:17.858000+00:00,XPL-USDT-SWAP,10523680.0,1758425777858
2025-09-21 03:36:17.870000+00:00,XRP-USDT-SWAP,106422242.99999996,1758425777870
2025-09-21 03:36:17.861000+00:00,XTZ-USDT-SWAP,5747897.0,1758425777861
2025-09-21 03:36:17.857000+00:00,YFI-USDT-SWAP,395.2554,1758425777857
2025-09-21 03:36:17.870000+00:00,YGG-USDT-SWAP,41400212.0,1758425777870
2025-09-21 03:36:17.864000+00:00,ZENT-USDT-SWAP,187248500.0,1758425777864
2025-09-21 03:36:17.866000+00:00,ZETA-USDT-SWAP,5534590.0,1758425777866
2025-09-21 03:36:17.860000+00:00,ZIL-USDT-SWAP,156982000.0,1758425777860
2025-09-21 03:36:18.321000+00:00,ZK-USDT-SWAP,47676980.0,1758425778321
2025-09-21 03:36:18.307000+00:00,ZRO-USDT-SWAP,2028201.0,1758425778307
2025-09-21 03:36:18.314000+00:00,ZRX-USDT-SWAP,6557440.0,1758425778314
2025-09-21 03:53:56.001000+00:00,1INCH-USDT-SWAP,7074372.0,1758426836001
2025-09-21 03:53:55.982000+00:00,A-USDT-SWAP,11343610.0,1758426835982
2025-09-21 03:53:55.979000+00:00,AAVE-USDT-SWAP,129459.76000000002,1758426835979
2025-09-21 03:53:56.029000+00:00,ACE-USDT-SWAP,2837197.0,1758426836029
2025-09-21 03:53:56.027000+00:00,ACH-USDT-SWAP,95172300.0,1758426836027
2025-09-21 03:53:55.996000+00:00,ACT-USDT-SWAP,98565475.0,1758426835996
2025-09-21 03:53:56.009000+00:00,ADA-USDT-SWAP,93375560.00000003,1758426836009
2025-09-21 03:53:55.983000+00:00,AERO-USDT-SWAP,2354190.0,1758426835983
2025-09-21 03:53:55.995000+00:00,AEVO-USDT-SWAP,30268259.0,1758426835995
2025-09-21 03:53:56.002000+00:00,AGLD-USDT-SWAP,1986387.0,1758426836002
2025-09-21 03:53:56.453000+00:00,AI16Z-USDT-SWAP,50923680.0,1758426836453
2025-09-21 03:53:56.446000+00:00,AIXBT-USDT-SWAP,22531600.0,1758426836446
2025-09-21 03:53:56.452000+00:00,ALGO-USDT-SWAP,27949040.0,1758426836452
2025-09-21 03:53:56.463000+00:00,ANIME-USDT-SWAP,96546320.0,1758426836463
2025-09-21 03:53:56.456000+00:00,APE-USDT-SWAP,7932373.1,1758426836456
2025-09-21 03:53:56.455000+00:00,API3-USDT-SWAP,2078245.0,1758426836455
2025-09-21 03:53:56.563000+00:00,APT-USDT-SWAP,4150314.0,1758426836563
2025-09-21 03:53:56.467000+00:00,AR-USDT-SWAP,532596.3,1758426836467
2025-09-21 03:53:56.469000+00:00,ARB-USDT-SWAP,37109368.999999985,1758426836469
2025-09-21 03:53:56.997000+00:00,ARC-USDT-SWAP,101071000.0,1758426836997
2025-09-21 03:53:56.987000+00:00,ARKM-USDT-SWAP,3413230.0,1758426836987
2025-09-21 03:53:56.995000+00:00,ATH-USDT-SWAP,170057100.0,1758426836995
2025-09-21 03:53:56.990000+00:00,ATOM-USDT-SWAP,2119240.0,1758426836990
2025-09-21 03:53:56.988000+00:00,AUCTION-USDT-SWAP,244457.6,1758426836988
2025-09-21 03:53:56.993000+00:00,AVAAI-USDT-SWAP,88490080.0,1758426836993
2025-09-21 03:53:57.392000+00:00,AVAX-USDT-SWAP,2269598.4000000013,1758426837392
2025-09-21 03:53:56.988000+00:00,AXS-USDT-SWAP,1119589.4,1758426836988
2025-09-21 03:53:57.002000+00:00,BABY-USDT-SWAP,39154720.0,1758426837002
2025-09-21 03:53:56.998000+00:00,BAND-USDT-SWAP,1250772.0,1758426836998
2025-09-21 03:53:57.828000+00:00,BAT-USDT-SWAP,4763310.0,1758426837828
2025-09-21 03:53:57.827000+00:00,BCH-USDT-SWAP,71261.13999999996,1758426837827
2025-09-21 03:53:57.864000+00:00,BERA-USDT-SWAP,2630271.5,1758426837864
2025-09-21 03:53:57.835000+00:00,BICO-USDT-SWAP,7264439.0,1758426837835
2025-09-21 03:53:57.826000+00:00,BIGTIME-USDT-SWAP,39746850.0,1758426837826
2025-09-21 03:53:57.825000+00:00,BIO-USDT-SWAP,67414097.0,1758426837825
2025-09-21 03:53:57.829000+00:00,BLUR-USDT-SWAP,24829490.0,1758426837829
2025-09-21 03:53:57.830000+00:00,BNB-USDT-SWAP,152978.34,1758426837830
2025-09-21 03:53:57.837000+00:00,BNT-USDT-SWAP,733580.0,1758426837837
2025-09-21 03:53:57.829000+00:00,BOME-USDT-SWAP,1022150000.0,1758426837829
2025-09-21 03:53:58.280000+00:00,BONK-USDT-SWAP,480407300000.0,1758426838280
2025-09-21 03:53:58.284000+00:00,BRETT-USDT-SWAP,19363400.0,1758426838284
2025-09-21 03:53:58.293000+00:00,BTC-USDT-SWAP,28012.14970000008,1758426838293
2025-09-21 03:53:58.292000+00:00,CAT-USDT-SWAP,203765100000.0,1758426838292
2025-09-21 03:53:58.288000+00:00,CATI-USDT-SWAP,16042708.0,1758426838288
2025-09-21 03:53:58.290000+00:00,CELO-USDT-SWAP,3731928.0,1758426838290
2025-09-21 03:53:58.288000+00:00,CETUS-USDT-SWAP,22404230.0,1758426838288
2025-09-21 03:53:58.286000+00:00,CFX-USDT-SWAP,75535960.0,1758426838286
2025-09-21 03:53:58.282000+00:00,CHZ-USDT-SWAP,78400320.0,1758426838282
2025-09-21 03:53:58.285000+00:00,COMP-USDT-SWAP,74762.0,1758426838285
2025-09-21 03:53:58.714000+00:00,COOKIE-USDT-SWAP,5015820.0,1758426838714
2025-09-21 03:53:58.710000+00:00,CORE-USDT-SWAP,10009679.0,1758426838710
2025-09-21 03:53:58.718000+00:00,CRO-USDT-SWAP,50971820.0,1758426838718
2025-09-21 03:53:58.714000+00:00,CRV-USDT-SWAP,24908985.0,1758426838714
2025-09-21 03:53:58.715000+00:00,CTC-USDT-SWAP,1676860.0,1758426838715
2025-09-21 03:53:58.714000+00:00,CVC-USDT-SWAP,9722600.0,1758426838714
2025-09-21 03:53:58.716000+00:00,CVX-USDT-SWAP,376425.0,1758426838716
2025-09-21 03:53:58.715000+00:00,DEGEN-USDT-SWAP,330432200.0,1758426838715
2025-09-21 03:53:59.159000+00:00,DOGE-USDT-SWAP,1394403049.9999993,1758426839159
2025-09-21 03:53:59.648000+00:00,DOGS-USDT-SWAP,15805971000.0,1758426839648
2025-09-21 03:53:59.164000+00:00,DOOD-USDT-SWAP,146875000.0,1758426839164
2025-09-21 03:53:59.156000+00:00,DOT-USDT-SWAP,6314941.0,1758426839156
2025-09-21 03:53:59.160000+00:00,DYDX-USDT-SWAP,13268354.0,1758426839160
2025-09-21 03:53:59.158000+00:00,EGLD-USDT-SWAP,118343.0,1758426839158
2025-09-21 03:53:59.182000+00:00,EIGEN-USDT-SWAP,4735480.0,1758426839182
2025-09-21 03:53:59.153000+00:00,ENJ-USDT-SWAP,14755720.0,1758426839153
2025-09-21 03:53:59.160000+00:00,ENS-USDT-SWAP,329405.8,1758426839160
2025-09-21 03:54:00.084000+00:00,ETC-USDT-SWAP,1205586.5000000005,1758426840084
2025-09-21 03:54:00.081000+00:00,ETH-USDT-SWAP,744991.1509999996,1758426840081
2025-09-21 03:54:00.095000+00:00,ETHFI-USDT-SWAP,7868140.0,1758426840095
2025-09-21 03:54:00.085000+00:00,ETHW-USDT-SWAP,1218370.6,1758426840085
2025-09-21 03:54:00.091000+00:00,FARTCOIN-USDT-SWAP,25096480.0,1758426840091
2025-09-21 03:54:00.084000+00:00,FIL-USDT-SWAP,13622118.6,1758426840084
2025-09-21 03:54:00.102000+00:00,FLM-USDT-SWAP,30772960.0,1758426840102
2025-09-21 03:54:00.083000+00:00,FLOKI-USDT-SWAP,38759100000.0,1758426840083
2025-09-21 03:54:00.089000+00:00,FLOW-USDT-SWAP,4260660.0,1758426840089
2025-09-21 03:54:00.090000+00:00,FXS-USDT-SWAP,353094.0,1758426840090
2025-09-21 03:54:00.521000+00:00,GALA-USDT-SWAP,460690810.0,1758426840521
2025-09-21 03:54:00.550000+00:00,GAS-USDT-SWAP,367322.0,1758426840550
2025-09-21 03:54:00.641000+00:00,GLM-USDT-SWAP,3175250.0,1758426840641
2025-09-21 03:54:00.540000+00:00,GMT-USDT-SWAP,47364495.0,1758426840540
2025-09-21 03:54:00.534000+00:00,GMX-USDT-SWAP,70206.0,1758426840534
2025-09-21 03:54:00.524000+00:00,GOAT-USDT-SWAP,28561490.0,1758426840524
2025-09-21 03:54:00.524000+00:00,GODS-USDT-SWAP,7982964.0,1758426840524
2025-09-21 03:54:00.523000+00:00,GPS-USDT-SWAP,134348400.0,1758426840523
2025-09-21 03:54:00.529000+00:00,GRASS-USDT-SWAP,2661058.0,1758426840529
2025-09-21 03:54:00.528000+00:00,GRIFFAIN-USDT-SWAP,30181150.0,1758426840528
2025-09-21 03:54:01.059000+00:00,GRT-USDT-SWAP,21755960.0,1758426841059
2025-09-21 03:54:01.060000+00:00,H-USDT-SWAP,80569200.0,1758426841060
2025-09-21 03:54:01.064000+00:00,HBAR-USDT-SWAP,81673800.00000006,1758426841064
2025-09-21 03:54:01.062000+00:00,HMSTR-USDT-SWAP,1192573700.0,1758426841062
2025-09-21 03:54:01.061000+00:00,HOME-USDT-SWAP,16150900.0,1758426841061
2025-09-21 03:54:01.066000+00:00,HUMA-USDT-SWAP,70112100.0,1758426841066
2025-09-21 03:54:01.064000+00:00,HYPE-USDT-SWAP,1010412.2,1758426841064
2025-09-21 03:54:01.066000+00:00,ICP-USDT-SWAP,1741583.55,1758426841066
2025-09-21 03:54:01.066000+00:00,ICX-USDT-SWAP,5603970.0,1758426841066
2025-09-21 03:54:01.067000+00:00,IMX-USDT-SWAP,9390818.0,1758426841067
2025-09-21 03:54:01.489000+00:00,INIT-USDT-SWAP,2254460.0,1758426841489
2025-09-21 03:54:01.491000+00:00,INJ-USDT-SWAP,900411.3,1758426841491
2025-09-21 03:54:01.502000+00:00,IOST-USDT-SWAP,269311000.0,1758426841502
2025-09-21 03:54:01.488000+00:00,IOTA-USDT-SWAP,14306120.0,1758426841488
2025-09-21 03:54:01.497000+00:00,IP-USDT-SWAP,5342776.0,1758426841497
2025-09-21 03:54:01.491000+00:00,JELLYJELLY-USDT-SWAP,189665400.0,1758426841491
2025-09-21 03:54:01.494000+00:00,JOE-USDT-SWAP,7371190.0,1758426841494
2025-09-21 03:54:01.518000+00:00,JTO-USDT-SWAP,3837476.0,1758426841518
2025-09-21 03:54:01.500000+00:00,JUP-USDT-SWAP,14297580.0,1758426841500
2025-09-21 03:54:01.936000+00:00,KAITO-USDT-SWAP,4799035.0,1758426841936
2025-09-21 03:54:01.930000+00:00,KMNO-USDT-SWAP,53372500.0,1758426841930
2025-09-21 03:54:01.950000+00:00,KSM-USDT-SWAP,127591.7,1758426841950
2025-09-21 03:54:01.937000+00:00,LA-USDT-SWAP,6260840.0,1758426841937
2025-09-21 03:54:01.940000+00:00,LAUNCHCOIN-USDT-SWAP,40758450.0,1758426841940
2025-09-21 03:54:01.936000+00:00,LAYER-USDT-SWAP,6101904.0,1758426841936
2025-09-21 03:54:01.942000+00:00,LDO-USDT-SWAP,13659234.0,1758426841942
2025-09-21 03:54:01.992000+00:00,LINK-USDT-SWAP,2331571.7,1758426841992
2025-09-21 03:54:01.951000+00:00,LPT-USDT-SWAP,561452.2,1758426841951
2025-09-21 03:54:01.950000+00:00,LQTY-USDT-SWAP,2196689.0,1758426841950
2025-09-21 03:54:02.424000+00:00,LRC-USDT-SWAP,13764200.0,1758426842424
2025-09-21 03:54:02.420000+00:00,LTC-USDT-SWAP,732018.4000000001,1758426842420
2025-09-21 03:54:02.428000+00:00,LUNA-USDT-SWAP,20211619.0,1758426842428
2025-09-21 03:54:02.422000+00:00,MAGIC-USDT-SWAP,16025240.0,1758426842422
2025-09-21 03:54:02.422000+00:00,MAJOR-USDT-SWAP,4641018.0,1758426842422
2025-09-21 03:54:02.436000+00:00,MANA-USDT-SWAP,10615810.0,1758426842436
2025-09-21 03:54:02.435000+00:00,MASK-USDT-SWAP,2958669.0,1758426842435
2025-09-21 03:54:02.422000+00:00,ME-USDT-SWAP,3712695.0,1758426842422
2025-09-21 03:54:02.436000+00:00,MEME-USDT-SWAP,1596074800.0,1758426842436
2025-09-21 03:54:02.864000+00:00,MERL-USDT-SWAP,49544072.0,1758426842864
2025-09-21 03:54:02.859000+00:00,METIS-USDT-SWAP,115989.9,1758426842859
2025-09-21 03:54:02.866000+00:00,MEW-USDT-SWAP,1031237000.0,1758426842866
2025-09-21 03:54:02.875000+00:00,MINA-USDT-SWAP,7563689.0,1758426842875
2025-09-21 03:54:02.870000+00:00,MOG-USDT-SWAP,621801000000.0,1758426842870
2025-09-21 03:54:02.873000+00:00,MOODENG-USDT-SWAP,51244470.0,1758426842873
2025-09-21 03:54:02.883000+00:00,MORPHO-USDT-SWAP,1561512.0,1758426842883
2025-09-21 03:54:02.877000+00:00,MOVE-USDT-SWAP,28032900.0,1758426842877
2025-09-21 03:54:02.893000+00:00,MUBARAK-USDT-SWAP,45964300.0,1758426842893
2025-09-21 03:54:03.327000+00:00,NEAR-USDT-SWAP,7148437.999999997,1758426843327
2025-09-21 03:54:03.334000+00:00,NEIRO-USDT-SWAP,9296938000.0,1758426843334
2025-09-21 03:54:03.326000+00:00,NEO-USDT-SWAP,368532.0,1758426843326
2025-09-21 03:54:03.320000+00:00,NEWT-USDT-SWAP,3414160.0,1758426843320
2025-09-21 03:54:03.329000+00:00,NMR-USDT-SWAP,318159.3,1758426843329
2025-09-21 03:54:03.329000+00:00,NOT-USDT-SWAP,1516071900.0,1758426843329
2025-09-21 03:54:03.334000+00:00,NXPC-USDT-SWAP,1079872.0,1758426843334
2025-09-21 03:54:03.328000+00:00,OL-USDT-SWAP,71981270.0,1758426843328
2025-09-21 03:54:03.321000+00:00,OM-USDT-SWAP,22410736.000000004,1758426843321
2025-09-21 03:54:03.788000+00:00,ONDO-USDT-SWAP,23917430.0,1758426843788
2025-09-21 03:54:03.773000+00:00,ONE-USDT-SWAP,81469100.0,1758426843773
2025-09-21 03:54:03.798000+00:00,ONT-USDT-SWAP,10336460.0,1758426843798
2025-09-21 03:54:03.778000+00:00,OP-USDT-SWAP,25507864.0,1758426843778
2025-09-21 03:54:03.773000+00:00,ORBS-USDT-SWAP,28951400.0,1758426843773
2025-09-21 03:54:04.199000+00:00,ORDI-USDT-SWAP,1214013.7,1758426844199
2025-09-21 03:54:03.780000+00:00,PARTI-USDT-SWAP,12670420.0,1758426843780
2025-09-21 03:54:03.785000+00:00,PENGU-USDT-SWAP,625060100.0,1758426843785
2025-09-21 03:54:03.786000+00:00,PEOPLE-USDT-SWAP,336417000.0,1758426843786
2025-09-21 03:54:03.779000+00:00,PEPE-USDT-SWAP,8788971000000.004,1758426843779
2025-09-21 03:54:04.640000+00:00,PERP-USDT-SWAP,3154931.0,1758426844640
2025-09-21 03:54:04.639000+00:00,PI-USDT-SWAP,32808419.0,1758426844639
2025-09-21 03:54:04.636000+00:00,PLUME-USDT-SWAP,20256310.0,1758426844636
2025-09-21 03:54:04.636000+00:00,PNUT-USDT-SWAP,36095450.0,1758426844636
2025-09-21 03:54:04.636000+00:00,POL-USDT-SWAP,38074780.0,1758426844636
2025-09-21 03:54:04.650000+00:00,POPCAT-USDT-SWAP,8990310.0,1758426844650
2025-09-21 03:54:04.654000+00:00,PRCL-USDT-SWAP,15405483.0,1758426844654
2025-09-21 03:54:04.639000+00:00,PROMPT-USDT-SWAP,27670780.0,1758426844639
2025-09-21 03:54:04.645000+00:00,PUMP-USDT-SWAP,7927386000.0,1758426844645
2025-09-21 03:54:04.643000+00:00,PYTH-USDT-SWAP,53885380.0,1758426844643
2025-09-21 03:54:05.079000+00:00,QTUM-USDT-SWAP,1040738.0,1758426845079
2025-09-21 03:54:05.074000+00:00,RAY-USDT-SWAP,1495217.0,1758426845074
2025-09-21 03:54:05.112000+00:00,RENDER-USDT-SWAP,1375960.0,1758426845112
2025-09-21 03:54:05.078000+00:00,RESOLV-USDT-SWAP,26267780.0,1758426845078
2025-09-21 03:54:05.076000+00:00,RSR-USDT-SWAP,261920400.0,1758426845076
2025-09-21 03:54:05.091000+00:00,RVN-USDT-SWAP,82319720.0,1758426845091
2025-09-21 03:54:05.079000+00:00,S-USDT-SWAP,12497400.0,1758426845079
2025-09-21 03:54:05.072000+00:00,SAHARA-USDT-SWAP,38142430.0,1758426845072
2025-09-21 03:54:05.087000+00:00,SAND-USDT-SWAP,16905840.0,1758426845087
2025-09-21 03:54:05.082000+00:00,SATS-USDT-SWAP,186920500000000.0,1758426845082
2025-09-21 03:54:05.545000+00:00,SCR-USDT-SWAP,2449427.0,1758426845545
2025-09-21 03:54:05.542000+00:00,SHELL-USDT-SWAP,5140650.0,1758426845542
2025-09-21 03:54:05.552000+00:00,SHIB-USDT-SWAP,1649759800000.0,1758426845552
2025-09-21 03:54:05.543000+00:00,SIGN-USDT-SWAP,48674200.0,1758426845543
2025-09-21 03:54:05.549000+00:00,SLP-USDT-SWAP,403115640.0,1758426845549
2025-09-21 03:54:05.556000+00:00,SNX-USDT-SWAP,2272898.0,1758426845556
2025-09-21 03:54:05.548000+00:00,SOL-USDT-SWAP,3777315.590000003,1758426845548
2025-09-21 03:54:05.640000+00:00,SOLV-USDT-SWAP,56960600.0,1758426845640
2025-09-21 03:54:05.683000+00:00,SONIC-USDT-SWAP,7839489.0,1758426845683
2025-09-21 03:54:05.565000+00:00,SOON-USDT-SWAP,6574440.0,1758426845565
2025-09-21 03:54:06.099000+00:00,SOPH-USDT-SWAP,80000800.0,1758426846099
2025-09-21 03:54:06.098000+00:00,SPK-USDT-SWAP,113902800.0,1758426846098
2025-09-21 03:54:06.111000+00:00,SPX-USDT-SWAP,1003518.0,1758426846111
2025-09-21 03:54:06.101000+00:00,SSV-USDT-SWAP,289448.7,1758426846101
2025-09-21 03:54:06.099000+00:00,STORJ-USDT-SWAP,6000670.0,1758426846099
2025-09-21 03:54:06.105000+00:00,STRK-USDT-SWAP,24435118.0,1758426846105
2025-09-21 03:54:06.105000+00:00,STX-USDT-SWAP,7317546.0,1758426846105
2025-09-21 03:54:06.104000+00:00,SUI-USDT-SWAP,23697161.0,1758426846104
2025-09-21 03:54:06.115000+00:00,SUSHI-USDT-SWAP,8170871.0,1758426846115
2025-09-21 03:54:06.110000+00:00,SWARMS-USDT-SWAP,77813060.0,1758426846110
2025-09-21 03:54:06.537000+00:00,SYRUP-USDT-SWAP,2400120.0,1758426846537
2025-09-21 03:54:06.536000+00:00,T-USDT-SWAP,41321000.0,1758426846536
2025-09-21 03:54:06.559000+00:00,TAO-USDT-SWAP,14116.8,1758426846559
2025-09-21 03:54:06.538000+00:00,THETA-USDT-SWAP,2886955.0,1758426846538
2025-09-21 03:54:06.536000+00:00,TIA-USDT-SWAP,5003945.0,1758426846536
2025-09-21 03:54:06.543000+00:00,TNSR-USDT-SWAP,9692925.0,1758426846543
2025-09-21 03:54:06.544000+00:00,TON-USDT-SWAP,8264144.0,1758426846544
2025-09-21 03:54:06.557000+00:00,TRB-USDT-SWAP,231137.0,1758426846557
2025-09-21 03:54:06.543000+00:00,TREE-USDT-SWAP,7581885.0,1758426846543
2025-09-21 03:54:06.539000+00:00,TRUMP-USDT-SWAP,5581717.8,1758426846539
2025-09-21 03:54:06.989000+00:00,TRX-USDT-SWAP,83069060.00000015,1758426846989
2025-09-21 03:54:06.988000+00:00,TURBO-USDT-SWAP,847693000.0000001,1758426846988
2025-09-21 03:54:06.995000+00:00,UMA-USDT-SWAP,1294629.0,1758426846995
2025-09-21 03:54:06.992000+00:00,UNI-USDT-SWAP,3697163.0,1758426846992
2025-09-21 03:54:06.998000+00:00,USDC-USDT-SWAP,929100.0,1758426846998
2025-09-21 03:54:06.991000+00:00,USELESS-USDT-SWAP,19966590.0,1758426846991
2025-09-21 03:54:07.057000+00:00,UXLINK-USDT-SWAP,5715510.0,1758426847057
2025-09-21 03:54:06.984000+00:00,VANA-USDT-SWAP,131260.1,1758426846984
2025-09-21 03:54:06.998000+00:00,VINE-USDT-SWAP,105351900.0,1758426846998
2025-09-21 03:54:07.479000+00:00,VIRTUAL-USDT-SWAP,3673651.0,1758426847479
2025-09-21 03:54:07.477000+00:00,W-USDT-SWAP,72416270.0,1758426847477
2025-09-21 03:54:07.489000+00:00,WAL-USDT-SWAP,1986300.0,1758426847489
2025-09-21 03:54:07.476000+00:00,WCT-USDT-SWAP,9344200.0,1758426847476
2025-09-21 03:54:07.487000+00:00,WIF-USDT-SWAP,18460363.0,1758426847487
2025-09-21 03:54:07.481000+00:00,WLD-USDT-SWAP,27881698.0,1758426847481
2025-09-21 03:54:07.489000+00:00,WLFI-USDT-SWAP,298490660.0,1758426847489
2025-09-21 03:54:07.490000+00:00,WOO-USDT-SWAP,23796360.0,1758426847490
2025-09-21 03:54:07.489000+00:00,XAUT-USDT-SWAP,4561.188,1758426847489
2025-09-21 03:54:07.917000+00:00,XLM-USDT-SWAP,38721350.0,1758426847917
2025-09-21 03:54:07.912000+00:00,XPL-USDT-SWAP,10694900.0,1758426847912
2025-09-21 03:54:07.931000+00:00,XRP-USDT-SWAP,106417124.99999993,1758426847931
2025-09-21 03:54:07.921000+00:00,XTZ-USDT-SWAP,5747553.0,1758426847921
2025-09-21 03:54:07.915000+00:00,YFI-USDT-SWAP,394.7724,1758426847915
2025-09-21 03:54:07.917000+00:00,YGG-USDT-SWAP,41457400.0,1758426847917
2025-09-21 03:54:07.917000+00:00,ZENT-USDT-SWAP,187479400.0,1758426847917
2025-09-21 03:54:07.925000+00:00,ZETA-USDT-SWAP,5535930.0,1758426847925
2025-09-21 03:54:07.921000+00:00,ZIL-USDT-SWAP,156910700.0,1758426847921
2025-09-21 03:54:08.349000+00:00,ZK-USDT-SWAP,47830190.0,1758426848349
2025-09-21 03:54:08.344000+00:00,ZRO-USDT-SWAP,2033046.0,1758426848344
2025-09-21 03:54:08.361000+00:00,ZRX-USDT-SWAP,6552610.0,1758426848361
2025-09-21 03:55:09.124000+00:00,1INCH-USDT-SWAP,7074398.0,1758426909124
2025-09-21 03:55:09.134000+00:00,A-USDT-SWAP,11343610.0,1758426909134
2025-09-21 03:55:09.138000+00:00,AAVE-USDT-SWAP,129526.53000000003,1758426909138
2025-09-21 03:55:09.124000+00:00,ACE-USDT-SWAP,2837004.0,1758426909124
2025-09-21 03:55:09.129000+00:00,ACH-USDT-SWAP,95180900.0,1758426909129
2025-09-21 03:55:09.135000+00:00,ACT-USDT-SWAP,98564751.0,1758426909135
2025-09-21 03:55:09.119000+00:00,ADA-USDT-SWAP,93398070.00000003,1758426909119
2025-09-21 03:55:09.157000+00:00,AERO-USDT-SWAP,2354390.0,1758426909157
2025-09-21 03:55:09.141000+00:00,AEVO-USDT-SWAP,30358040.0,1758426909141
2025-09-21 03:55:09.116000+00:00,AGLD-USDT-SWAP,1986387.0,1758426909116
2025-09-21 03:55:09.627000+00:00,AI16Z-USDT-SWAP,50923337.0,1758426909627
2025-09-21 03:55:09.609000+00:00,AIXBT-USDT-SWAP,22538580.0,1758426909609
2025-09-21 03:55:09.602000+00:00,ALGO-USDT-SWAP,27948890.0,1758426909602
2025-09-21 03:55:09.599000+00:00,ANIME-USDT-SWAP,96546340.0,1758426909599
2025-09-21 03:55:09.593000+00:00,APE-USDT-SWAP,7932917.2,1758426909593
2025-09-21 03:55:09.605000+00:00,API3-USDT-SWAP,2078248.0,1758426909605
2025-09-21 03:55:09.598000+00:00,APT-USDT-SWAP,4150209.0,1758426909598
2025-09-21 03:55:09.599000+00:00,AR-USDT-SWAP,532603.3,1758426909599
2025-09-21 03:55:09.598000+00:00,ARB-USDT-SWAP,37105061.999999985,1758426909598
2025-09-21 03:55:10.061000+00:00,ARC-USDT-SWAP,101070990.0,1758426910061
2025-09-21 03:55:10.047000+00:00,ARKM-USDT-SWAP,3413215.0,1758426910047
2025-09-21 03:55:10.049000+00:00,ATH-USDT-SWAP,170048200.0,1758426910049
2025-09-21 03:55:10.068000+00:00,ATOM-USDT-SWAP,2117697.0,1758426910068
2025-09-21 03:55:10.055000+00:00,AUCTION-USDT-SWAP,245254.8,1758426910055
2025-09-21 03:55:10.053000+00:00,AVAAI-USDT-SWAP,88448250.0,1758426910053
2025-09-21 03:55:10.067000+00:00,AVAX-USDT-SWAP,2269225.9000000013,1758426910067
2025-09-21 03:55:10.063000+00:00,AXS-USDT-SWAP,1119562.8,1758426910063
2025-09-21 03:55:10.054000+00:00,BABY-USDT-SWAP,39154670.0,1758426910054
2025-09-21 03:55:10.054000+00:00,BAND-USDT-SWAP,1250772.0,1758426910054
2025-09-21 03:55:10.491000+00:00,BAT-USDT-SWAP,4763310.0,1758426910491
2025-09-21 03:55:10.497000+00:00,BCH-USDT-SWAP,71262.78999999995,1758426910497
2025-09-21 03:55:10.490000+00:00,BERA-USDT-SWAP,2628144.1,1758426910490
2025-09-21 03:55:10.501000+00:00,BICO-USDT-SWAP,7254225.0,1758426910501
2025-09-21 03:55:10.491000+00:00,BIGTIME-USDT-SWAP,39740690.0,1758426910491
2025-09-21 03:55:10.492000+00:00,BIO-USDT-SWAP,67402198.0,1758426910492
2025-09-21 03:55:10.618000+00:00,BLUR-USDT-SWAP,24829310.0,1758426910618
2025-09-21 03:55:10.492000+00:00,BNB-USDT-SWAP,152998.87,1758426910492
2025-09-21 03:55:10.492000+00:00,BNT-USDT-SWAP,733580.0,1758426910492
2025-09-21 03:55:10.502000+00:00,BOME-USDT-SWAP,1022058000.0,1758426910502
2025-09-21 03:55:11.050000+00:00,BONK-USDT-SWAP,480293700000.0,1758426911050
2025-09-21 03:55:11.049000+00:00,BRETT-USDT-SWAP,19377300.0,1758426911049
2025-09-21 03:55:11.045000+00:00,BTC-USDT-SWAP,28029.42840000008,1758426911045
2025-09-21 03:55:11.061000+00:00,CAT-USDT-SWAP,203816400000.0,1758426911061
2025-09-21 03:55:11.055000+00:00,CATI-USDT-SWAP,16040798.0,1758426911055
2025-09-21 03:55:11.058000+00:00,CELO-USDT-SWAP,3731682.0,1758426911058
2025-09-21 03:55:11.057000+00:00,CETUS-USDT-SWAP,22404310.0,1758426911057
2025-09-21 03:55:11.061000+00:00,CFX-USDT-SWAP,75532360.0,1758426911061
2025-09-21 03:55:11.054000+00:00,CHZ-USDT-SWAP,78401810.0,1758426911054
2025-09-21 03:55:11.048000+00:00,COMP-USDT-SWAP,74761.8,1758426911048
2025-09-21 03:55:11.496000+00:00,COOKIE-USDT-SWAP,5015590.0,1758426911496
2025-09-21 03:55:11.493000+00:00,CORE-USDT-SWAP,10009679.0,1758426911493
2025-09-21 03:55:11.491000+00:00,CRO-USDT-SWAP,50970750.0,1758426911491
2025-09-21 03:55:11.504000+00:00,CRV-USDT-SWAP,24909250.0,1758426911504
2025-09-21 03:55:11.498000+00:00,CTC-USDT-SWAP,1676860.0,1758426911498
2025-09-21 03:55:11.497000+00:00,CVC-USDT-SWAP,9722600.0,1758426911497
2025-09-21 03:55:11.519000+00:00,CVX-USDT-SWAP,376408.0,1758426911519
2025-09-21 03:55:11.496000+00:00,DEGEN-USDT-SWAP,330432200.0,1758426911496
2025-09-21 03:55:11.951000+00:00,DOGE-USDT-SWAP,1394673719.9999993,1758426911951
2025-09-21 03:55:11.943000+00:00,DOGS-USDT-SWAP,15807714000.0,1758426911943
2025-09-21 03:55:11.951000+00:00,DOOD-USDT-SWAP,146885000.0,1758426911951
2025-09-21 03:55:11.971000+00:00,DOT-USDT-SWAP,6314938.0,1758426911971
2025-09-21 03:55:11.945000+00:00,DYDX-USDT-SWAP,13262229.0,1758426911945
2025-09-21 03:55:11.955000+00:00,EGLD-USDT-SWAP,118337.8,1758426911955
2025-09-21 03:55:11.947000+00:00,EIGEN-USDT-SWAP,4736389.0,1758426911947
2025-09-21 03:55:11.947000+00:00,ENJ-USDT-SWAP,14755720.0,1758426911947
2025-09-21 03:55:11.939000+00:00,ENS-USDT-SWAP,329499.0,1758426911939
2025-09-21 03:55:12.397000+00:00,ETC-USDT-SWAP,1205563.4000000004,1758426912397
2025-09-21 03:55:12.389000+00:00,ETH-USDT-SWAP,744937.5719999997,1758426912389
2025-09-21 03:55:12.393000+00:00,ETHFI-USDT-SWAP,7865225.0,1758426912393
2025-09-21 03:55:12.398000+00:00,ETHW-USDT-SWAP,1218370.6,1758426912398
2025-09-21 03:55:12.391000+00:00,FARTCOIN-USDT-SWAP,25097301.0,1758426912391
2025-09-21 03:55:12.394000+00:00,FIL-USDT-SWAP,13628831.5,1758426912394
2025-09-21 03:55:12.406000+00:00,FLM-USDT-SWAP,30770560.0,1758426912406
2025-09-21 03:55:12.399000+00:00,FLOKI-USDT-SWAP,38762300000.0,1758426912399
2025-09-21 03:55:12.394000+00:00,FLOW-USDT-SWAP,4261660.0,1758426912394
2025-09-21 03:55:12.407000+00:00,FXS-USDT-SWAP,353094.0,1758426912407
2025-09-21 03:55:12.858000+00:00,GALA-USDT-SWAP,460688600.0,1758426912858
2025-09-21 03:55:12.858000+00:00,GAS-USDT-SWAP,367322.0,1758426912858
2025-09-21 03:55:12.836000+00:00,GLM-USDT-SWAP,3175250.0,1758426912836
2025-09-21 03:55:12.840000+00:00,GMT-USDT-SWAP,47364488.0,1758426912840
2025-09-21 03:55:12.878000+00:00,GMX-USDT-SWAP,70196.7,1758426912878
2025-09-21 03:55:12.842000+00:00,GOAT-USDT-SWAP,28560650.0,1758426912842
2025-09-21 03:55:12.843000+00:00,GODS-USDT-SWAP,7982964.0,1758426912843
2025-09-21 03:55:12.842000+00:00,GPS-USDT-SWAP,134297440.0,1758426912842
2025-09-21 03:55:12.836000+00:00,GRASS-USDT-SWAP,2660969.0,1758426912836
2025-09-21 03:55:12.835000+00:00,GRIFFAIN-USDT-SWAP,30179890.0,1758426912835
2025-09-21 03:55:13.314000+00:00,GRT-USDT-SWAP,21755800.0,1758426913314
2025-09-21 03:55:13.325000+00:00,H-USDT-SWAP,80494000.0,1758426913325
2025-09-21 03:55:13.317000+00:00,HBAR-USDT-SWAP,81678560.00000006,1758426913317
2025-09-21 03:55:13.317000+00:00,HMSTR-USDT-SWAP,1192578500.0,1758426913317
2025-09-21 03:55:13.316000+00:00,HOME-USDT-SWAP,16151800.0,1758426913316
2025-09-21 03:55:13.469000+00:00,HUMA-USDT-SWAP,69961100.0,1758426913469
2025-09-21 03:55:13.321000+00:00,HYPE-USDT-SWAP,1009926.3,1758426913321
2025-09-21 03:55:13.323000+00:00,ICP-USDT-SWAP,1741560.94,1758426913323
2025-09-21 03:55:13.318000+00:00,ICX-USDT-SWAP,5603970.0,1758426913318
2025-09-21 03:55:13.316000+00:00,IMX-USDT-SWAP,9390918.0,1758426913316
2025-09-21 03:55:14.039000+00:00,INIT-USDT-SWAP,2254380.0,1758426914039
2025-09-21 03:55:13.887000+00:00,INJ-USDT-SWAP,900413.5,1758426913887
2025-09-21 03:55:13.894000+00:00,IOST-USDT-SWAP,269316000.0,1758426913894
2025-09-21 03:55:13.904000+00:00,IOTA-USDT-SWAP,14302810.0,1758426913904
2025-09-21 03:55:13.900000+00:00,IP-USDT-SWAP,5340574.0,1758426913900
2025-09-21 03:55:13.921000+00:00,JELLYJELLY-USDT-SWAP,189651200.0,1758426913921
2025-09-21 03:55:13.997000+00:00,JOE-USDT-SWAP,7371150.0,1758426913997
2025-09-21 03:55:13.893000+00:00,JTO-USDT-SWAP,3837144.0,1758426913893
2025-09-21 03:55:13.905000+00:00,JUP-USDT-SWAP,14314690.0,1758426913905
2025-09-21 03:55:14.465000+00:00,KAITO-USDT-SWAP,4799871.0,1758426914465
2025-09-21 03:55:14.466000+00:00,KMNO-USDT-SWAP,53352300.0,1758426914466
2025-09-21 03:55:14.457000+00:00,KSM-USDT-SWAP,127591.7,1758426914457
2025-09-21 03:55:14.463000+00:00,LA-USDT-SWAP,6264150.0,1758426914463
2025-09-21 03:55:14.545000+00:00,LAUNCHCOIN-USDT-SWAP,40761220.0,1758426914545
2025-09-21 03:55:14.461000+00:00,LAYER-USDT-SWAP,6101958.0,1758426914461
2025-09-21 03:55:14.461000+00:00,LDO-USDT-SWAP,13658363.0,1758426914461
2025-09-21 03:55:14.468000+00:00,LINK-USDT-SWAP,2331542.1,1758426914468
2025-09-21 03:55:14.461000+00:00,LPT-USDT-SWAP,561452.2,1758426914461
2025-09-21 03:55:14.460000+00:00,LQTY-USDT-SWAP,2196796.0,1758426914460
2025-09-21 03:55:14.969000+00:00,LRC-USDT-SWAP,13764200.0,1758426914969
2025-09-21 03:55:14.962000+00:00,LTC-USDT-SWAP,732009.0000000001,1758426914962
2025-09-21 03:55:14.970000+00:00,LUNA-USDT-SWAP,20208013.0,1758426914970
2025-09-21 03:55:14.976000+00:00,MAGIC-USDT-SWAP,16025293.0,1758426914976
2025-09-21 03:55:15.120000+00:00,MAJOR-USDT-SWAP,4641018.0,1758426915120
2025-09-21 03:55:14.971000+00:00,MANA-USDT-SWAP,10615930.0,1758426914971
2025-09-21 03:55:14.968000+00:00,MASK-USDT-SWAP,2958094.0,1758426914968
2025-09-21 03:55:14.975000+00:00,ME-USDT-SWAP,3712675.0,1758426914975
2025-09-21 03:55:14.974000+00:00,MEME-USDT-SWAP,1592794600.0,1758426914974
2025-09-21 03:55:15.538000+00:00,MERL-USDT-SWAP,49550757.0,1758426915538
2025-09-21 03:55:15.544000+00:00,METIS-USDT-SWAP,115989.9,1758426915544
2025-09-21 03:55:15.544000+00:00,MEW-USDT-SWAP,1031237000.0,1758426915544
2025-09-21 03:55:15.546000+00:00,MINA-USDT-SWAP,7563675.0,1758426915546
2025-09-21 03:55:15.584000+00:00,MOG-USDT-SWAP,621869000000.0,1758426915584
2025-09-21 03:55:15.557000+00:00,MOODENG-USDT-SWAP,51236050.0,1758426915557
2025-09-21 03:55:15.557000+00:00,MORPHO-USDT-SWAP,1561520.0,1758426915557
2025-09-21 03:55:15.542000+00:00,MOVE-USDT-SWAP,28032700.0,1758426915542
2025-09-21 03:55:15.541000+00:00,MUBARAK-USDT-SWAP,46072500.0,1758426915541
2025-09-21 03:55:16.006000+00:00,NEAR-USDT-SWAP,7148290.999999998,1758426916006
2025-09-21 03:55:16.017000+00:00,NEIRO-USDT-SWAP,9296941000.0,1758426916017
2025-09-21 03:55:16.022000+00:00,NEO-USDT-SWAP,368532.0,1758426916022
2025-09-21 03:55:16.016000+00:00,NEWT-USDT-SWAP,3414160.0,1758426916016
2025-09-21 03:55:16.024000+00:00,NMR-USDT-SWAP,317989.4,1758426916024
2025-09-21 03:55:16.017000+00:00,NOT-USDT-SWAP,1516029900.0,1758426916017
2025-09-21 03:55:16.012000+00:00,NXPC-USDT-SWAP,1079870.0,1758426916012
2025-09-21 03:55:16.018000+00:00,OL-USDT-SWAP,71972800.0,1758426916018
2025-09-21 03:55:16.035000+00:00,OM-USDT-SWAP,22433004.0,1758426916035
2025-09-21 03:55:16.449000+00:00,ONDO-USDT-SWAP,23918650.0,1758426916449
2025-09-21 03:55:16.456000+00:00,ONE-USDT-SWAP,81469200.0,1758426916456
2025-09-21 03:55:16.456000+00:00,ONT-USDT-SWAP,10336460.0,1758426916456
2025-09-21 03:55:16.453000+00:00,OP-USDT-SWAP,25490476.0,1758426916453
2025-09-21 03:55:16.455000+00:00,ORBS-USDT-SWAP,28951400.0,1758426916455
2025-09-21 03:55:16.462000+00:00,ORDI-USDT-SWAP,1213594.7,1758426916462
2025-09-21 03:55:16.470000+00:00,PARTI-USDT-SWAP,12668960.0,1758426916470
2025-09-21 03:55:16.456000+00:00,PENGU-USDT-SWAP,625129300.0,1758426916456
2025-09-21 03:55:16.463000+00:00,PEOPLE-USDT-SWAP,336440200.0,1758426916463
2025-09-21 03:55:16.448000+00:00,PEPE-USDT-SWAP,8788587000000.004,1758426916448
2025-09-21 03:55:16.892000+00:00,PERP-USDT-SWAP,3154939.0,1758426916892
2025-09-21 03:55:16.901000+00:00,PI-USDT-SWAP,32811102.0,1758426916901
2025-09-21 03:55:16.892000+00:00,PLUME-USDT-SWAP,20257210.0,1758426916892
2025-09-21 03:55:17.297000+00:00,PNUT-USDT-SWAP,36095380.0,1758426917297
2025-09-21 03:55:16.892000+00:00,POL-USDT-SWAP,38074750.0,1758426916892
2025-09-21 03:55:16.901000+00:00,POPCAT-USDT-SWAP,8990310.0,1758426916901
2025-09-21 03:55:16.906000+00:00,PRCL-USDT-SWAP,15402374.0,1758426916906
2025-09-21 03:55:16.898000+00:00,PROMPT-USDT-SWAP,27657540.0,1758426916898
2025-09-21 03:55:16.896000+00:00,PUMP-USDT-SWAP,7933795000.0,1758426916896
2025-09-21 03:55:16.900000+00:00,PYTH-USDT-SWAP,53866110.0,1758426916900
2025-09-21 03:55:17.753000+00:00,QTUM-USDT-SWAP,1040738.0,1758426917753
2025-09-21 03:55:17.759000+00:00,RAY-USDT-SWAP,1495474.0,1758426917759
2025-09-21 03:55:17.750000+00:00,RENDER-USDT-SWAP,1375981.0,1758426917750
2025-09-21 03:55:17.768000+00:00,RESOLV-USDT-SWAP,26268860.0,1758426917768
2025-09-21 03:55:17.751000+00:00,RSR-USDT-SWAP,261920400.0,1758426917751
2025-09-21 03:55:17.745000+00:00,RVN-USDT-SWAP,82318950.0,1758426917745
2025-09-21 03:55:17.759000+00:00,S-USDT-SWAP,12497400.0,1758426917759
2025-09-21 03:55:17.751000+00:00,SAHARA-USDT-SWAP,38144770.0,1758426917751
2025-09-21 03:55:17.753000+00:00,SAND-USDT-SWAP,16904750.0,1758426917753
2025-09-21 03:55:17.761000+00:00,SATS-USDT-SWAP,186878160000000.0,1758426917761
2025-09-21 03:55:18.202000+00:00,SCR-USDT-SWAP,2449441.0,1758426918202
2025-09-21 03:55:18.202000+00:00,SHELL-USDT-SWAP,5140840.0,1758426918202
2025-09-21 03:55:18.199000+00:00,SHIB-USDT-SWAP,1649816700000.0,1758426918199
2025-09-21 03:55:18.199000+00:00,SIGN-USDT-SWAP,48641900.0,1758426918199
2025-09-21 03:55:18.184000+00:00,SLP-USDT-SWAP,403115640.0,1758426918184
2025-09-21 03:55:18.196000+00:00,SNX-USDT-SWAP,2272873.0,1758426918196
2025-09-21 03:55:18.202000+00:00,SOL-USDT-SWAP,3777182.340000003,1758426918202
2025-09-21 03:55:18.209000+00:00,SOLV-USDT-SWAP,56960600.0,1758426918209
2025-09-21 03:55:18.192000+00:00,SONIC-USDT-SWAP,7839603.0,1758426918192
2025-09-21 03:55:18.208000+00:00,SOON-USDT-SWAP,6573230.0,1758426918208
2025-09-21 03:55:18.639000+00:00,SOPH-USDT-SWAP,79995700.0,1758426918639
2025-09-21 03:55:18.649000+00:00,SPK-USDT-SWAP,113872700.0,1758426918649
2025-09-21 03:55:18.674000+00:00,SPX-USDT-SWAP,1003620.0,1758426918674
2025-09-21 03:55:18.655000+00:00,SSV-USDT-SWAP,289448.7,1758426918655
2025-09-21 03:55:18.643000+00:00,STORJ-USDT-SWAP,6000740.0,1758426918643
2025-09-21 03:55:18.708000+00:00,STRK-USDT-SWAP,24435843.0,1758426918708
2025-09-21 03:55:18.693000+00:00,STX-USDT-SWAP,7316974.000000001,1758426918693
2025-09-21 03:55:18.639000+00:00,SUI-USDT-SWAP,23697090.0,1758426918639
2025-09-21 03:55:18.645000+00:00,SUSHI-USDT-SWAP,8170772.0,1758426918645
2025-09-21 03:55:18.641000+00:00,SWARMS-USDT-SWAP,77813060.0,1758426918641
2025-09-21 03:55:19.120000+00:00,SYRUP-USDT-SWAP,2400120.0,1758426919120
2025-09-21 03:55:19.126000+00:00,T-USDT-SWAP,41321000.0,1758426919126
2025-09-21 03:55:19.128000+00:00,TAO-USDT-SWAP,14116.8,1758426919128
2025-09-21 03:55:19.132000+00:00,THETA-USDT-SWAP,2886938.0,1758426919132
2025-09-21 03:55:19.132000+00:00,TIA-USDT-SWAP,5003831.0,1758426919132
2025-09-21 03:55:19.134000+00:00,TNSR-USDT-SWAP,9692925.0,1758426919134
2025-09-21 03:55:19.126000+00:00,TON-USDT-SWAP,8264144.0,1758426919126
2025-09-21 03:55:19.131000+00:00,TRB-USDT-SWAP,231156.8,1758426919131
2025-09-21 03:55:19.230000+00:00,TREE-USDT-SWAP,7580434.0,1758426919230
2025-09-21 03:55:19.133000+00:00,TRUMP-USDT-SWAP,5581343.3,1758426919133
2025-09-21 03:55:19.684000+00:00,TRX-USDT-SWAP,83069030.00000015,1758426919684
2025-09-21 03:55:19.653000+00:00,TURBO-USDT-SWAP,847678000.0000001,1758426919653
2025-09-21 03:55:19.673000+00:00,UMA-USDT-SWAP,1291873.5,1758426919673
2025-09-21 03:55:19.660000+00:00,UNI-USDT-SWAP,3697588.0,1758426919660
2025-09-21 03:55:19.649000+00:00,USDC-USDT-SWAP,929100.0,1758426919649
2025-09-21 03:55:19.666000+00:00,USELESS-USDT-SWAP,19963130.0,1758426919666
2025-09-21 03:55:19.653000+00:00,UXLINK-USDT-SWAP,5715510.0,1758426919653
2025-09-21 03:55:19.654000+00:00,VANA-USDT-SWAP,131269.2,1758426919654
2025-09-21 03:55:19.655000+00:00,VINE-USDT-SWAP,105250230.0,1758426919655
2025-09-21 03:55:20.100000+00:00,VIRTUAL-USDT-SWAP,3673625.0,1758426920100
2025-09-21 03:55:20.107000+00:00,W-USDT-SWAP,75093481.0,1758426920107
2025-09-21 03:55:20.103000+00:00,WAL-USDT-SWAP,1986360.0,1758426920103
2025-09-21 03:55:20.114000+00:00,WCT-USDT-SWAP,9344200.0,1758426920114
2025-09-21 03:55:20.148000+00:00,WIF-USDT-SWAP,18457995.0,1758426920148
2025-09-21 03:55:20.113000+00:00,WLD-USDT-SWAP,27904153.0,1758426920113
2025-09-21 03:55:20.107000+00:00,WLFI-USDT-SWAP,298606340.0,1758426920107
2025-09-21 03:55:20.112000+00:00,WOO-USDT-SWAP,23822700.0,1758426920112
2025-09-21 03:55:20.105000+00:00,XAUT-USDT-SWAP,4561.153,1758426920105
2025-09-21 03:55:20.574000+00:00,XLM-USDT-SWAP,38718440.0,1758426920574
2025-09-21 03:55:20.571000+00:00,XPL-USDT-SWAP,10689960.0,1758426920571
2025-09-21 03:55:20.586000+00:00,XRP-USDT-SWAP,106422870.99999994,1758426920586
2025-09-21 03:55:20.582000+00:00,XTZ-USDT-SWAP,5747566.0,1758426920582
2025-09-21 03:55:20.576000+00:00,YFI-USDT-SWAP,394.6722,1758426920576
2025-09-21 03:55:20.584000+00:00,YGG-USDT-SWAP,41458391.0,1758426920584
2025-09-21 03:55:20.569000+00:00,ZENT-USDT-SWAP,187471300.0,1758426920569
2025-09-21 03:55:20.575000+00:00,ZETA-USDT-SWAP,5535930.0,1758426920575
2025-09-21 03:55:20.570000+00:00,ZIL-USDT-SWAP,156910700.0,1758426920570
2025-09-21 03:55:21.008000+00:00,ZK-USDT-SWAP,47832380.0,1758426921008
2025-09-21 03:55:21.006000+00:00,ZRO-USDT-SWAP,2033035.0,1758426921006
2025-09-21 03:55:21.002000+00:00,ZRX-USDT-SWAP,6552610.0,1758426921002
2025-09-21 03:56:21.776000+00:00,1INCH-USDT-SWAP,7074371.0,1758426981776
2025-09-21 03:56:21.787000+00:00,A-USDT-SWAP,11343610.0,1758426981787
2025-09-21 03:56:21.777000+00:00,AAVE-USDT-SWAP,129529.35000000002,1758426981777
2025-09-21 03:56:21.784000+00:00,ACE-USDT-SWAP,2837111.0,1758426981784
2025-09-21 03:56:21.771000+00:00,ACH-USDT-SWAP,95180900.0,1758426981771
2025-09-21 03:56:21.833000+00:00,ACT-USDT-SWAP,98602915.0,1758426981833
2025-09-21 03:56:21.784000+00:00,ADA-USDT-SWAP,93408730.00000003,1758426981784
2025-09-21 03:56:21.784000+00:00,AERO-USDT-SWAP,2354520.0,1758426981784
2025-09-21 03:56:21.780000+00:00,AEVO-USDT-SWAP,30341511.0,1758426981780
2025-09-21 03:56:21.788000+00:00,AGLD-USDT-SWAP,1984834.0,1758426981788
2025-09-21 03:56:22.281000+00:00,AI16Z-USDT-SWAP,50922622.0,1758426982281
2025-09-21 03:56:22.281000+00:00,AIXBT-USDT-SWAP,22538420.0,1758426982281
2025-09-21 03:56:22.265000+00:00,ALGO-USDT-SWAP,27948670.0,1758426982265
2025-09-21 03:56:22.269000+00:00,ANIME-USDT-SWAP,96550960.0,1758426982269
2025-09-21 03:56:22.280000+00:00,APE-USDT-SWAP,7932039.2,1758426982280
2025-09-21 03:56:22.271000+00:00,API3-USDT-SWAP,2078290.0,1758426982271
2025-09-21 03:56:22.274000+00:00,APT-USDT-SWAP,4150185.0,1758426982274
2025-09-21 03:56:22.278000+00:00,AR-USDT-SWAP,532594.7,1758426982278
2025-09-21 03:56:22.286000+00:00,ARB-USDT-SWAP,37105894.999999985,1758426982286
2025-09-21 03:56:22.702000+00:00,ARC-USDT-SWAP,101070970.0,1758426982702
2025-09-21 03:56:22.706000+00:00,ARKM-USDT-SWAP,3412685.0,1758426982706
2025-09-21 03:56:22.716000+00:00,ATH-USDT-SWAP,170017100.0,1758426982716
2025-09-21 03:56:22.709000+00:00,ATOM-USDT-SWAP,2117569.0,1758426982709
2025-09-21 03:56:22.706000+00:00,AUCTION-USDT-SWAP,245350.9,1758426982706
2025-09-21 03:56:22.715000+00:00,AVAAI-USDT-SWAP,88434570.0,1758426982715
2025-09-21 03:56:22.702000+00:00,AVAX-USDT-SWAP,2270213.300000001,1758426982702
2025-09-21 03:56:22.704000+00:00,AXS-USDT-SWAP,1119554.8,1758426982704
2025-09-21 03:56:22.713000+00:00,BABY-USDT-SWAP,39171660.0,1758426982713
2025-09-21 03:56:22.702000+00:00,BAND-USDT-SWAP,1250766.0,1758426982702
2025-09-21 03:56:23.151000+00:00,BAT-USDT-SWAP,4763310.0,1758426983151
2025-09-21 03:56:23.148000+00:00,BCH-USDT-SWAP,71261.52999999996,1758426983148
2025-09-21 03:56:23.151000+00:00,BERA-USDT-SWAP,2627982.8,1758426983151
2025-09-21 03:56:23.153000+00:00,BICO-USDT-SWAP,7272423.0,1758426983153
2025-09-21 03:56:23.148000+00:00,BIGTIME-USDT-SWAP,39740700.0,1758426983148
2025-09-21 03:56:23.152000+00:00,BIO-USDT-SWAP,67451543.0,1758426983152
2025-09-21 03:56:23.150000+00:00,BLUR-USDT-SWAP,24828180.0,1758426983150
2025-09-21 03:56:23.155000+00:00,BNB-USDT-SWAP,153022.06,1758426983155
2025-09-21 03:56:23.157000+00:00,BNT-USDT-SWAP,733560.0,1758426983157
2025-09-21 03:56:23.149000+00:00,BOME-USDT-SWAP,1022016000.0,1758426983149
2025-09-21 03:56:23.585000+00:00,BONK-USDT-SWAP,480241500000.0,1758426983585
2025-09-21 03:56:23.588000+00:00,BRETT-USDT-SWAP,19376600.0,1758426983588
2025-09-21 03:56:23.604000+00:00,BTC-USDT-SWAP,28030.681000000084,1758426983604
2025-09-21 03:56:23.586000+00:00,CAT-USDT-SWAP,203988100000.0,1758426983586
2025-09-21 03:56:23.586000+00:00,CATI-USDT-SWAP,16033509.0,1758426983586
2025-09-21 03:56:23.584000+00:00,CELO-USDT-SWAP,3732089.0,1758426983584
2025-09-21 03:56:23.583000+00:00,CETUS-USDT-SWAP,22404360.0,1758426983583
2025-09-21 03:56:23.589000+00:00,CFX-USDT-SWAP,75543980.0,1758426983589
2025-09-21 03:56:23.599000+00:00,CHZ-USDT-SWAP,78404360.0,1758426983599
2025-09-21 03:56:23.592000+00:00,COMP-USDT-SWAP,74761.8,1758426983592
2025-09-21 03:56:24.028000+00:00,COOKIE-USDT-SWAP,5015640.0,1758426984028
2025-09-21 03:56:24.025000+00:00,CORE-USDT-SWAP,10009659.0,1758426984025
2025-09-21 03:56:24.034000+00:00,CRO-USDT-SWAP,50976490.0,1758426984034
2025-09-21 03:56:24.029000+00:00,CRV-USDT-SWAP,24904447.0,1758426984029
2025-09-21 03:56:24.158000+00:00,CTC-USDT-SWAP,1676960.0,1758426984158
2025-09-21 03:56:24.028000+00:00,CVC-USDT-SWAP,9722600.0,1758426984028
2025-09-21 03:56:24.027000+00:00,CVX-USDT-SWAP,376236.0,1758426984027
2025-09-21 03:56:24.027000+00:00,DEGEN-USDT-SWAP,330434900.0,1758426984027
2025-09-21 03:56:24.579000+00:00,DOGE-USDT-SWAP,1392628929.9999993,1758426984579
2025-09-21 03:56:24.589000+00:00,DOGS-USDT-SWAP,15809180000.0,1758426984589
2025-09-21 03:56:24.593000+00:00,DOOD-USDT-SWAP,146969000.0,1758426984593
2025-09-21 03:56:24.586000+00:00,DOT-USDT-SWAP,6317698.0,1758426984586
2025-09-21 03:56:24.585000+00:00,DYDX-USDT-SWAP,13263887.0,1758426984585
2025-09-21 03:56:24.584000+00:00,EGLD-USDT-SWAP,118469.2,1758426984584
2025-09-21 03:56:24.585000+00:00,EIGEN-USDT-SWAP,4735117.0,1758426984585
2025-09-21 03:56:24.598000+00:00,ENJ-USDT-SWAP,14755410.0,1758426984598
2025-09-21 03:56:24.588000+00:00,ENS-USDT-SWAP,329682.2,1758426984588
2025-09-21 03:56:25.019000+00:00,ETC-USDT-SWAP,1205563.4000000004,1758426985019
2025-09-21 03:56:25.025000+00:00,ETH-USDT-SWAP,744961.8899999998,1758426985025
2025-09-21 03:56:25.024000+00:00,ETHFI-USDT-SWAP,7863936.0,1758426985024
2025-09-21 03:56:25.015000+00:00,ETHW-USDT-SWAP,1218370.6,1758426985015
2025-09-21 03:56:25.023000+00:00,FARTCOIN-USDT-SWAP,25087870.0,1758426985023
2025-09-21 03:56:25.026000+00:00,FIL-USDT-SWAP,13623677.0,1758426985026
2025-09-21 03:56:25.053000+00:00,FLM-USDT-SWAP,30774160.0,1758426985053
2025-09-21 03:56:25.025000+00:00,FLOKI-USDT-SWAP,38763600000.0,1758426985025
2025-09-21 03:56:25.026000+00:00,FLOW-USDT-SWAP,4257130.0,1758426985026
2025-09-21 03:56:25.033000+00:00,FXS-USDT-SWAP,353099.0,1758426985033
2025-09-21 03:56:25.491000+00:00,GALA-USDT-SWAP,460656560.0,1758426985491
2025-09-21 03:56:25.492000+00:00,GAS-USDT-SWAP,367311.0,1758426985492
2025-09-21 03:56:25.488000+00:00,GLM-USDT-SWAP,3177320.0,1758426985488
2025-09-21 03:56:25.485000+00:00,GMT-USDT-SWAP,47364474.0,1758426985485
2025-09-21 03:56:25.488000+00:00,GMX-USDT-SWAP,70149.8,1758426985488
2025-09-21 03:56:25.489000+00:00,GOAT-USDT-SWAP,28561200.0,1758426985489
2025-09-21 03:56:25.497000+00:00,GODS-USDT-SWAP,7982964.0,1758426985497
2025-09-21 03:56:25.487000+00:00,GPS-USDT-SWAP,134295790.0,1758426985487
2025-09-21 03:56:25.482000+00:00,GRASS-USDT-SWAP,2662374.0,1758426985482
2025-09-21 03:56:25.485000+00:00,GRIFFAIN-USDT-SWAP,30176870.0,1758426985485
2025-09-21 03:56:25.916000+00:00,GRT-USDT-SWAP,21755880.0,1758426985916
2025-09-21 03:56:25.924000+00:00,H-USDT-SWAP,80424500.0,1758426985924
2025-09-21 03:56:25.924000+00:00,HBAR-USDT-SWAP,81676460.00000006,1758426985924
2025-09-21 03:56:25.935000+00:00,HMSTR-USDT-SWAP,1192817000.0,1758426985935
2025-09-21 03:56:25.933000+00:00,HOME-USDT-SWAP,16160500.0,1758426985933
2025-09-21 03:56:25.922000+00:00,HUMA-USDT-SWAP,69958100.0,1758426985922
2025-09-21 03:56:25.925000+00:00,HYPE-USDT-SWAP,1010515.7,1758426985925
2025-09-21 03:56:25.922000+00:00,ICP-USDT-SWAP,1741689.5,1758426985922
2025-09-21 03:56:25.937000+00:00,ICX-USDT-SWAP,5603970.0,1758426985937
2025-09-21 03:56:25.935000+00:00,IMX-USDT-SWAP,9387749.0,1758426985935
2025-09-21 03:56:26.376000+00:00,INIT-USDT-SWAP,2254520.0,1758426986376
2025-09-21 03:56:26.422000+00:00,INJ-USDT-SWAP,900400.1,1758426986422
2025-09-21 03:56:26.381000+00:00,IOST-USDT-SWAP,269316000.0,1758426986381
2025-09-21 03:56:26.396000+00:00,IOTA-USDT-SWAP,14297550.0,1758426986396
2025-09-21 03:56:26.381000+00:00,IP-USDT-SWAP,5359964.0,1758426986381
2025-09-21 03:56:26.392000+00:00,JELLYJELLY-USDT-SWAP,189704800.0,1758426986392
2025-09-21 03:56:26.378000+00:00,JOE-USDT-SWAP,7371150.0,1758426986378
2025-09-21 03:56:26.388000+00:00,JTO-USDT-SWAP,3837785.0,1758426986388
2025-09-21 03:56:26.395000+00:00,JUP-USDT-SWAP,14326870.0,1758426986395
2025-09-21 03:56:26.847000+00:00,KAITO-USDT-SWAP,4803950.0,1758426986847
2025-09-21 03:56:26.846000+00:00,KMNO-USDT-SWAP,53428800.0,1758426986846
2025-09-21 03:56:26.838000+00:00,KSM-USDT-SWAP,127551.8,1758426986838
2025-09-21 03:56:26.843000+00:00,LA-USDT-SWAP,6281750.0,1758426986843
2025-09-21 03:56:26.851000+00:00,LAUNCHCOIN-USDT-SWAP,40746690.0,1758426986851
2025-09-21 03:56:26.854000+00:00,LAYER-USDT-SWAP,6101957.0,1758426986854
2025-09-21 03:56:26.848000+00:00,LDO-USDT-SWAP,13658727.0,1758426986848
2025-09-21 03:56:26.843000+00:00,LINK-USDT-SWAP,2331419.7,1758426986843
2025-09-21 03:56:26.842000+00:00,LPT-USDT-SWAP,561437.0,1758426986842
2025-09-21 03:56:26.855000+00:00,LQTY-USDT-SWAP,2196784.0,1758426986855
2025-09-21 03:56:27.280000+00:00,LRC-USDT-SWAP,13760780.0,1758426987280
2025-09-21 03:56:27.280000+00:00,LTC-USDT-SWAP,732018.7000000002,1758426987280
2025-09-21 03:56:27.286000+00:00,LUNA-USDT-SWAP,20207639.0,1758426987286
2025-09-21 03:56:27.287000+00:00,MAGIC-USDT-SWAP,16023737.0,1758426987287
2025-09-21 03:56:27.292000+00:00,MAJOR-USDT-SWAP,4641018.0,1758426987292
2025-09-21 03:56:27.305000+00:00,MANA-USDT-SWAP,10617460.0,1758426987305
2025-09-21 03:56:27.282000+00:00,MASK-USDT-SWAP,2958104.0,1758426987282
2025-09-21 03:56:27.290000+00:00,ME-USDT-SWAP,3712548.0,1758426987290
2025-09-21 03:56:27.283000+00:00,MEME-USDT-SWAP,1593593000.0,1758426987283
2025-09-21 03:56:27.730000+00:00,MERL-USDT-SWAP,49559028.0,1758426987730
2025-09-21 03:56:27.756000+00:00,METIS-USDT-SWAP,115966.0,1758426987756
2025-09-21 03:56:27.736000+00:00,MEW-USDT-SWAP,1031239000.0,1758426987736
2025-09-21 03:56:27.738000+00:00,MINA-USDT-SWAP,7563670.0,1758426987738
2025-09-21 03:56:27.739000+00:00,MOG-USDT-SWAP,621951000000.0,1758426987739
2025-09-21 03:56:27.739000+00:00,MOODENG-USDT-SWAP,51242800.0,1758426987739
2025-09-21 03:56:27.738000+00:00,MORPHO-USDT-SWAP,1557372.0,1758426987738
2025-09-21 03:56:27.740000+00:00,MOVE-USDT-SWAP,28032670.0,1758426987740
2025-09-21 03:56:27.736000+00:00,MUBARAK-USDT-SWAP,45999600.0,1758426987736
2025-09-21 03:56:28.176000+00:00,NEAR-USDT-SWAP,7149726.999999998,1758426988176
2025-09-21 03:56:28.182000+00:00,NEIRO-USDT-SWAP,9298347000.0,1758426988182
2025-09-21 03:56:28.178000+00:00,NEO-USDT-SWAP,368579.0,1758426988178
2025-09-21 03:56:28.319000+00:00,NEWT-USDT-SWAP,3426460.0,1758426988319
2025-09-21 03:56:28.226000+00:00,NMR-USDT-SWAP,317930.1,1758426988226
2025-09-21 03:56:28.192000+00:00,NOT-USDT-SWAP,1516029000.0,1758426988192
2025-09-21 03:56:28.178000+00:00,NXPC-USDT-SWAP,1079870.0,1758426988178
2025-09-21 03:56:28.185000+00:00,OL-USDT-SWAP,71912590.0,1758426988185
2025-09-21 03:56:28.186000+00:00,OM-USDT-SWAP,22431799.0,1758426988186
2025-09-21 03:56:28.750000+00:00,ONDO-USDT-SWAP,23918610.0,1758426988750
2025-09-21 03:56:28.746000+00:00,ONE-USDT-SWAP,81469700.0,1758426988746
2025-09-21 03:56:28.752000+00:00,ONT-USDT-SWAP,10335100.0,1758426988752
2025-09-21 03:56:28.892000+00:00,OP-USDT-SWAP,25423844.0,1758426988892
2025-09-21 03:56:28.743000+00:00,ORBS-USDT-SWAP,28951400.0,1758426988743
2025-09-21 03:56:28.748000+00:00,ORDI-USDT-SWAP,1213596.7,1758426988748
2025-09-21 03:56:28.757000+00:00,PARTI-USDT-SWAP,12668940.0,1758426988757
2025-09-21 03:56:28.745000+00:00,PENGU-USDT-SWAP,624901700.0,1758426988745
2025-09-21 03:56:28.752000+00:00,PEOPLE-USDT-SWAP,336468500.0,1758426988752
2025-09-21 03:56:28.751000+00:00,PEPE-USDT-SWAP,8788174000000.004,1758426988751
2025-09-21 03:56:29.315000+00:00,PERP-USDT-SWAP,3154939.0,1758426989315
2025-09-21 03:56:29.314000+00:00,PI-USDT-SWAP,32811672.0,1758426989314
2025-09-21 03:56:29.314000+00:00,PLUME-USDT-SWAP,20288820.0,1758426989314
2025-09-21 03:56:29.312000+00:00,PNUT-USDT-SWAP,36095440.0,1758426989312
2025-09-21 03:56:29.310000+00:00,POL-USDT-SWAP,38071820.0,1758426989310
2025-09-21 03:56:29.318000+00:00,POPCAT-USDT-SWAP,8990100.0,1758426989318
2025-09-21 03:56:29.311000+00:00,PRCL-USDT-SWAP,15400197.0,1758426989311
2025-09-21 03:56:29.317000+00:00,PROMPT-USDT-SWAP,27656880.0,1758426989317
2025-09-21 03:56:29.317000+00:00,PUMP-USDT-SWAP,7940475000.0,1758426989317
2025-09-21 03:56:29.322000+00:00,PYTH-USDT-SWAP,53860690.0,1758426989322
2025-09-21 03:56:29.759000+00:00,QTUM-USDT-SWAP,1040599.0,1758426989759
2025-09-21 03:56:29.750000+00:00,RAY-USDT-SWAP,1495592.0,1758426989750
2025-09-21 03:56:29.743000+00:00,RENDER-USDT-SWAP,1375984.0,1758426989743
2025-09-21 03:56:29.747000+00:00,RESOLV-USDT-SWAP,26267740.0,1758426989747
2025-09-21 03:56:29.750000+00:00,RSR-USDT-SWAP,261900400.0,1758426989750
2025-09-21 03:56:29.750000+00:00,RVN-USDT-SWAP,82318950.0,1758426989750
2025-09-21 03:56:29.751000+00:00,S-USDT-SWAP,12497050.0,1758426989751
2025-09-21 03:56:29.759000+00:00,SAHARA-USDT-SWAP,38144830.0,1758426989759
2025-09-21 03:56:29.753000+00:00,SAND-USDT-SWAP,16904740.0,1758426989753
2025-09-21 03:56:29.770000+00:00,SATS-USDT-SWAP,186876530000000.0,1758426989770
2025-09-21 03:56:30.188000+00:00,SCR-USDT-SWAP,2449453.0,1758426990188
2025-09-21 03:56:30.214000+00:00,SHELL-USDT-SWAP,5143850.0,1758426990214
2025-09-21 03:56:30.196000+00:00,SHIB-USDT-SWAP,1649620000000.0,1758426990196
2025-09-21 03:56:30.202000+00:00,SIGN-USDT-SWAP,48664900.0,1758426990202
2025-09-21 03:56:30.190000+00:00,SLP-USDT-SWAP,403114190.0,1758426990190
2025-09-21 03:56:30.193000+00:00,SNX-USDT-SWAP,2272125.0,1758426990193
2025-09-21 03:56:30.189000+00:00,SOL-USDT-SWAP,3776992.640000003,1758426990189
2025-09-21 03:56:30.197000+00:00,SOLV-USDT-SWAP,56960000.0,1758426990197
2025-09-21 03:56:30.190000+00:00,SONIC-USDT-SWAP,7839602.0,1758426990190
2025-09-21 03:56:30.198000+00:00,SOON-USDT-SWAP,6573940.0,1758426990198
2025-09-21 03:56:30.631000+00:00,SOPH-USDT-SWAP,79995500.0,1758426990631
2025-09-21 03:56:30.636000+00:00,SPK-USDT-SWAP,113901100.0,1758426990636
2025-09-21 03:56:30.632000+00:00,SPX-USDT-SWAP,1003291.0,1758426990632
2025-09-21 03:56:30.640000+00:00,SSV-USDT-SWAP,289603.2,1758426990640
2025-09-21 03:56:30.636000+00:00,STORJ-USDT-SWAP,6000740.0,1758426990636
2025-09-21 03:56:30.635000+00:00,STRK-USDT-SWAP,24463097.0,1758426990635
2025-09-21 03:56:30.639000+00:00,STX-USDT-SWAP,7316251.000000001,1758426990639
2025-09-21 03:56:30.637000+00:00,SUI-USDT-SWAP,23695705.0,1758426990637
2025-09-21 03:56:30.640000+00:00,SUSHI-USDT-SWAP,8170757.0,1758426990640
2025-09-21 03:56:30.643000+00:00,SWARMS-USDT-SWAP,77809980.0,1758426990643
2025-09-21 03:56:31.081000+00:00,SYRUP-USDT-SWAP,2400120.0,1758426991081
2025-09-21 03:56:31.082000+00:00,T-USDT-SWAP,41321000.0,1758426991082
2025-09-21 03:56:31.088000+00:00,TAO-USDT-SWAP,14117.57,1758426991088
2025-09-21 03:56:31.090000+00:00,THETA-USDT-SWAP,2886939.0,1758426991090
2025-09-21 03:56:31.081000+00:00,TIA-USDT-SWAP,5003825.0,1758426991081
2025-09-21 03:56:31.094000+00:00,TNSR-USDT-SWAP,9692929.0,1758426991094
2025-09-21 03:56:31.088000+00:00,TON-USDT-SWAP,8264049.0,1758426991088
2025-09-21 03:56:31.091000+00:00,TRB-USDT-SWAP,231147.3,1758426991091
2025-09-21 03:56:31.086000+00:00,TREE-USDT-SWAP,7578258.0,1758426991086
2025-09-21 03:56:31.086000+00:00,TRUMP-USDT-SWAP,5581389.0,1758426991086
2025-09-21 03:56:31.520000+00:00,TRX-USDT-SWAP,83051300.00000015,1758426991520
2025-09-21 03:56:31.519000+00:00,TURBO-USDT-SWAP,847701000.0000001,1758426991519
2025-09-21 03:56:31.528000+00:00,UMA-USDT-SWAP,1291867.3,1758426991528
2025-09-21 03:56:31.530000+00:00,UNI-USDT-SWAP,3699262.0,1758426991530
2025-09-21 03:56:31.527000+00:00,USDC-USDT-SWAP,928740.0,1758426991527
2025-09-21 03:56:31.523000+00:00,USELESS-USDT-SWAP,19963770.0,1758426991523
2025-09-21 03:56:31.524000+00:00,UXLINK-USDT-SWAP,5715510.0,1758426991524
2025-09-21 03:56:31.530000+00:00,VANA-USDT-SWAP,131222.1,1758426991530
2025-09-21 03:56:31.562000+00:00,VINE-USDT-SWAP,105120070.0,1758426991562
2025-09-21 03:56:31.988000+00:00,VIRTUAL-USDT-SWAP,3673141.0,1758426991988
2025-09-21 03:56:31.985000+00:00,W-USDT-SWAP,75050242.0,1758426991985
2025-09-21 03:56:32.009000+00:00,WAL-USDT-SWAP,1986360.0,1758426992009
2025-09-21 03:56:31.983000+00:00,WCT-USDT-SWAP,9344430.0,1758426991983
2025-09-21 03:56:31.984000+00:00,WIF-USDT-SWAP,18463919.0,1758426991984
2025-09-21 03:56:31.983000+00:00,WLD-USDT-SWAP,27892192.0,1758426991983
2025-09-21 03:56:31.980000+00:00,WLFI-USDT-SWAP,299315480.0,1758426991980
2025-09-21 03:56:31.979000+00:00,WOO-USDT-SWAP,23831050.0,1758426991979
2025-09-21 03:56:31.982000+00:00,XAUT-USDT-SWAP,4560.152,1758426991982
2025-09-21 03:56:32.446000+00:00,XLM-USDT-SWAP,38714350.0,1758426992446
2025-09-21 03:56:32.444000+00:00,XPL-USDT-SWAP,10696880.0,1758426992444
2025-09-21 03:56:32.454000+00:00,XRP-USDT-SWAP,106425446.99999994,1758426992454
2025-09-21 03:56:32.449000+00:00,XTZ-USDT-SWAP,5747183.0,1758426992449
2025-09-21 03:56:32.467000+00:00,YFI-USDT-SWAP,394.6626,1758426992467
2025-09-21 03:56:32.450000+00:00,YGG-USDT-SWAP,41466617.0,1758426992450
2025-09-21 03:56:32.448000+00:00,ZENT-USDT-SWAP,187441400.0,1758426992448
2025-09-21 03:56:32.451000+00:00,ZETA-USDT-SWAP,5535970.0,1758426992451
2025-09-21 03:56:32.446000+00:00,ZIL-USDT-SWAP,156910700.0,1758426992446
2025-09-21 03:56:33.019000+00:00,ZK-USDT-SWAP,47828620.0,1758426993019
2025-09-21 03:56:32.887000+00:00,ZRO-USDT-SWAP,2032004.0,1758426992887
2025-09-21 03:56:32.886000+00:00,ZRX-USDT-SWAP,6552520.0,1758426992886
2025-09-21 03:57:33.766000+00:00,1INCH-USDT-SWAP,7074658.0,1758427053766
2025-09-21 03:57:33.755000+00:00,A-USDT-SWAP,11343610.0,1758427053755
2025-09-21 03:57:33.785000+00:00,AAVE-USDT-SWAP,129535.34000000003,1758427053785
2025-09-21 03:57:33.771000+00:00,ACE-USDT-SWAP,2837131.0,1758427053771
2025-09-21 03:57:33.748000+00:00,ACH-USDT-SWAP,95180900.0,1758427053748
2025-09-21 03:57:33.787000+00:00,ACT-USDT-SWAP,98680748.0,1758427053787
2025-09-21 03:57:33.765000+00:00,ADA-USDT-SWAP,93410130.00000003,1758427053765
2025-09-21 03:57:33.775000+00:00,AERO-USDT-SWAP,2354920.0,1758427053775
2025-09-21 03:57:33.774000+00:00,AEVO-USDT-SWAP,30335587.0,1758427053774
2025-09-21 03:57:33.759000+00:00,AGLD-USDT-SWAP,1984833.0,1758427053759
2025-09-21 03:57:34.327000+00:00,AI16Z-USDT-SWAP,50922455.0,1758427054327
2025-09-21 03:57:34.318000+00:00,AIXBT-USDT-SWAP,22537720.0,1758427054318
2025-09-21 03:57:34.329000+00:00,ALGO-USDT-SWAP,27954300.0,1758427054329
2025-09-21 03:57:34.374000+00:00,ANIME-USDT-SWAP,96606650.0,1758427054374
2025-09-21 03:57:34.329000+00:00,APE-USDT-SWAP,7932281.2,1758427054329
2025-09-21 03:57:34.341000+00:00,API3-USDT-SWAP,2078600.0,1758427054341
2025-09-21 03:57:34.334000+00:00,APT-USDT-SWAP,4150341.0,1758427054334
2025-09-21 03:57:34.333000+00:00,AR-USDT-SWAP,532563.5,1758427054333
2025-09-21 03:57:34.323000+00:00,ARB-USDT-SWAP,37128018.999999985,1758427054323
2025-09-21 03:57:34.797000+00:00,ARC-USDT-SWAP,101068050.0,1758427054797
2025-09-21 03:57:34.797000+00:00,ARKM-USDT-SWAP,3412434.0,1758427054797
2025-09-21 03:57:34.801000+00:00,ATH-USDT-SWAP,170061100.0,1758427054801
2025-09-21 03:57:34.799000+00:00,ATOM-USDT-SWAP,2117475.0,1758427054799
2025-09-21 03:57:34.811000+00:00,AUCTION-USDT-SWAP,242555.2,1758427054811
2025-09-21 03:57:34.800000+00:00,AVAAI-USDT-SWAP,88420900.0,1758427054800
2025-09-21 03:57:34.807000+00:00,AVAX-USDT-SWAP,2270739.500000001,1758427054807
2025-09-21 03:57:34.796000+00:00,AXS-USDT-SWAP,1119556.0,1758427054796
2025-09-21 03:57:34.800000+00:00,BABY-USDT-SWAP,39182130.0,1758427054800
2025-09-21 03:57:34.791000+00:00,BAND-USDT-SWAP,1250749.0,1758427054791
2025-09-21 03:57:35.235000+00:00,BAT-USDT-SWAP,4763310.0,1758427055235
2025-09-21 03:57:35.244000+00:00,BCH-USDT-SWAP,71260.94999999995,1758427055244
2025-09-21 03:57:35.242000+00:00,BERA-USDT-SWAP,2627973.8,1758427055242
2025-09-21 03:57:35.241000+00:00,BICO-USDT-SWAP,7288195.0,1758427055241
2025-09-21 03:57:35.240000+00:00,BIGTIME-USDT-SWAP,39766890.0,1758427055240
2025-09-21 03:57:35.242000+00:00,BIO-USDT-SWAP,67421021.0,1758427055242
2025-09-21 03:57:35.246000+00:00,BLUR-USDT-SWAP,24828120.0,1758427055246
2025-09-21 03:57:35.249000+00:00,BNB-USDT-SWAP,153239.13,1758427055249
2025-09-21 03:57:35.247000+00:00,BNT-USDT-SWAP,733560.0,1758427055247
2025-09-21 03:57:35.241000+00:00,BOME-USDT-SWAP,1021879000.0,1758427055241
2025-09-21 03:57:35.691000+00:00,BONK-USDT-SWAP,480234700000.0,1758427055691
2025-09-21 03:57:35.668000+00:00,BRETT-USDT-SWAP,19377000.0,1758427055668
2025-09-21 03:57:35.670000+00:00,BTC-USDT-SWAP,28031.07670000008,1758427055670
2025-09-21 03:57:35.672000+00:00,CAT-USDT-SWAP,204056500000.0,1758427055672
2025-09-21 03:57:35.679000+00:00,CATI-USDT-SWAP,16033152.0,1758427055679
2025-09-21 03:57:35.676000+00:00,CELO-USDT-SWAP,3732081.0,1758427055676
2025-09-21 03:57:35.684000+00:00,CETUS-USDT-SWAP,22404000.0,1758427055684
2025-09-21 03:57:35.684000+00:00,CFX-USDT-SWAP,75545810.0,1758427055684
2025-09-21 03:57:35.685000+00:00,CHZ-USDT-SWAP,78404320.0,1758427055685
2025-09-21 03:57:35.671000+00:00,COMP-USDT-SWAP,74761.6,1758427055671
2025-09-21 03:57:36.114000+00:00,COOKIE-USDT-SWAP,5015500.0,1758427056114
2025-09-21 03:57:36.118000+00:00,CORE-USDT-SWAP,10009666.0,1758427056118
2025-09-21 03:57:36.137000+00:00,CRO-USDT-SWAP,50974070.0,1758427056137
2025-09-21 03:57:36.117000+00:00,CRV-USDT-SWAP,24889653.0,1758427056117
2025-09-21 03:57:36.139000+00:00,CTC-USDT-SWAP,1676960.0,1758427056139
2025-09-21 03:57:36.126000+00:00,CVC-USDT-SWAP,9722600.0,1758427056126
2025-09-21 03:57:36.132000+00:00,CVX-USDT-SWAP,376279.0,1758427056132
2025-09-21 03:57:36.134000+00:00,DEGEN-USDT-SWAP,329926200.0,1758427056134
2025-09-21 03:57:36.557000+00:00,DOGE-USDT-SWAP,1392987659.999999,1758427056557
2025-09-21 03:57:36.554000+00:00,DOGS-USDT-SWAP,15810044000.0,1758427056554
2025-09-21 03:57:36.597000+00:00,DOOD-USDT-SWAP,146886000.0,1758427056597
2025-09-21 03:57:36.566000+00:00,DOT-USDT-SWAP,6317801.0,1758427056566
2025-09-21 03:57:36.570000+00:00,DYDX-USDT-SWAP,13262701.0,1758427056570
2025-09-21 03:57:36.579000+00:00,EGLD-USDT-SWAP,118468.7,1758427056579
2025-09-21 03:57:36.579000+00:00,EIGEN-USDT-SWAP,4735977.0,1758427056579
2025-09-21 03:57:36.569000+00:00,ENJ-USDT-SWAP,14755330.0,1758427056569
2025-09-21 03:57:36.574000+00:00,ENS-USDT-SWAP,329827.4,1758427056574
2025-09-21 03:57:37.019000+00:00,ETC-USDT-SWAP,1205502.0000000005,1758427057019
2025-09-21 03:57:37.012000+00:00,ETH-USDT-SWAP,744984.3179999999,1758427057012
2025-09-21 03:57:37.014000+00:00,ETHFI-USDT-SWAP,7865552.0,1758427057014
2025-09-21 03:57:37.023000+00:00,ETHW-USDT-SWAP,1218370.6,1758427057023
2025-09-21 03:57:37.016000+00:00,FARTCOIN-USDT-SWAP,25089492.0,1758427057016
2025-09-21 03:57:37.047000+00:00,FIL-USDT-SWAP,13623437.1,1758427057047
2025-09-21 03:57:37.035000+00:00,FLM-USDT-SWAP,30773810.0,1758427057035
2025-09-21 03:57:37.016000+00:00,FLOKI-USDT-SWAP,38768600000.0,1758427057016
2025-09-21 03:57:37.020000+00:00,FLOW-USDT-SWAP,4256050.0,1758427057020
2025-09-21 03:57:37.011000+00:00,FXS-USDT-SWAP,353099.0,1758427057011
2025-09-21 03:57:37.472000+00:00,GALA-USDT-SWAP,460659430.0,1758427057472
2025-09-21 03:57:37.475000+00:00,GAS-USDT-SWAP,367311.0,1758427057475
2025-09-21 03:57:37.476000+00:00,GLM-USDT-SWAP,3176550.0,1758427057476
2025-09-21 03:57:37.477000+00:00,GMT-USDT-SWAP,47364523.0,1758427057477
2025-09-21 03:57:37.478000+00:00,GMX-USDT-SWAP,70091.5,1758427057478
2025-09-21 03:57:37.472000+00:00,GOAT-USDT-SWAP,28561410.0,1758427057472
2025-09-21 03:57:37.496000+00:00,GODS-USDT-SWAP,7986534.0,1758427057496
2025-09-21 03:57:37.470000+00:00,GPS-USDT-SWAP,134295770.0,1758427057470
2025-09-21 03:57:37.477000+00:00,GRASS-USDT-SWAP,2663186.0,1758427057477
2025-09-21 03:57:37.481000+00:00,GRIFFAIN-USDT-SWAP,30176600.0,1758427057481
2025-09-21 03:57:37.941000+00:00,GRT-USDT-SWAP,21755900.0,1758427057941
2025-09-21 03:57:37.944000+00:00,H-USDT-SWAP,80406900.0,1758427057944
2025-09-21 03:57:37.940000+00:00,HBAR-USDT-SWAP,81680970.00000006,1758427057940
2025-09-21 03:57:37.948000+00:00,HMSTR-USDT-SWAP,1192739300.0,1758427057948
2025-09-21 03:57:38.008000+00:00,HOME-USDT-SWAP,16156100.0,1758427058008
2025-09-21 03:57:37.943000+00:00,HUMA-USDT-SWAP,70248900.0,1758427057943
2025-09-21 03:57:37.971000+00:00,HYPE-USDT-SWAP,1010531.0,1758427057971
2025-09-21 03:57:37.947000+00:00,ICP-USDT-SWAP,1741691.86,1758427057947
2025-09-21 03:57:37.945000+00:00,ICX-USDT-SWAP,5603970.0,1758427057945
2025-09-21 03:57:37.950000+00:00,IMX-USDT-SWAP,9396700.0,1758427057950
2025-09-21 03:57:38.445000+00:00,INIT-USDT-SWAP,2256590.0,1758427058445
2025-09-21 03:57:38.435000+00:00,INJ-USDT-SWAP,900381.3,1758427058435
2025-09-21 03:57:38.452000+00:00,IOST-USDT-SWAP,269282000.0,1758427058452
2025-09-21 03:57:38.449000+00:00,IOTA-USDT-SWAP,14297140.0,1758427058449
2025-09-21 03:57:38.446000+00:00,IP-USDT-SWAP,5359774.0,1758427058446
2025-09-21 03:57:38.449000+00:00,JELLYJELLY-USDT-SWAP,189675800.0,1758427058449
2025-09-21 03:57:38.463000+00:00,JOE-USDT-SWAP,7369590.0,1758427058463
2025-09-21 03:57:38.448000+00:00,JTO-USDT-SWAP,3837795.0,1758427058448
2025-09-21 03:57:38.446000+00:00,JUP-USDT-SWAP,14326090.0,1758427058446
2025-09-21 03:57:38.900000+00:00,KAITO-USDT-SWAP,4802729.0,1758427058900
2025-09-21 03:57:38.891000+00:00,KMNO-USDT-SWAP,53421800.0,1758427058891
2025-09-21 03:57:38.900000+00:00,KSM-USDT-SWAP,127567.8,1758427058900
2025-09-21 03:57:38.899000+00:00,LA-USDT-SWAP,6284190.0,1758427058899
2025-09-21 03:57:38.892000+00:00,LAUNCHCOIN-USDT-SWAP,40743440.0,1758427058892
2025-09-21 03:57:38.904000+00:00,LAYER-USDT-SWAP,6101482.0,1758427058904
2025-09-21 03:57:38.939000+00:00,LDO-USDT-SWAP,13658489.0,1758427058939
2025-09-21 03:57:38.894000+00:00,LINK-USDT-SWAP,2331598.3,1758427058894
2025-09-21 03:57:38.905000+00:00,LPT-USDT-SWAP,561393.4,1758427058905
2025-09-21 03:57:38.907000+00:00,LQTY-USDT-SWAP,2196810.0,1758427058907
2025-09-21 03:57:39.370000+00:00,LRC-USDT-SWAP,13758110.0,1758427059370
2025-09-21 03:57:39.364000+00:00,LTC-USDT-SWAP,732066.9000000001,1758427059364
2025-09-21 03:57:39.378000+00:00,LUNA-USDT-SWAP,20208818.0,1758427059378
2025-09-21 03:57:39.376000+00:00,MAGIC-USDT-SWAP,16022493.0,1758427059376
2025-09-21 03:57:39.424000+00:00,MAJOR-USDT-SWAP,4641018.0,1758427059424
2025-09-21 03:57:39.400000+00:00,MANA-USDT-SWAP,10617550.0,1758427059400
2025-09-21 03:57:39.377000+00:00,MASK-USDT-SWAP,2957932.0,1758427059377
2025-09-21 03:57:39.372000+00:00,ME-USDT-SWAP,3712686.0,1758427059372
2025-09-21 03:57:39.369000+00:00,MEME-USDT-SWAP,1594593700.0,1758427059369
2025-09-21 03:57:39.867000+00:00,MERL-USDT-SWAP,49556787.0,1758427059867
2025-09-21 03:57:40.009000+00:00,METIS-USDT-SWAP,115966.0,1758427060009
2025-09-21 03:57:39.878000+00:00,MEW-USDT-SWAP,1031192000.0,1758427059878
2025-09-21 03:57:39.884000+00:00,MINA-USDT-SWAP,7563670.0,1758427059884
2025-09-21 03:57:39.867000+00:00,MOG-USDT-SWAP,621968000000.0,1758427059867
2025-09-21 03:57:39.878000+00:00,MOODENG-USDT-SWAP,51206350.0,1758427059878
2025-09-21 03:57:39.876000+00:00,MORPHO-USDT-SWAP,1557197.0,1758427059876
2025-09-21 03:57:39.880000+00:00,MOVE-USDT-SWAP,28030600.0,1758427059880
2025-09-21 03:57:39.879000+00:00,MUBARAK-USDT-SWAP,46004500.0,1758427059879
2025-09-21 03:57:40.431000+00:00,NEAR-USDT-SWAP,7149688.999999998,1758427060431
2025-09-21 03:57:40.436000+00:00,NEIRO-USDT-SWAP,9301562000.0,1758427060436
2025-09-21 03:57:40.434000+00:00,NEO-USDT-SWAP,368579.0,1758427060434
2025-09-21 03:57:40.444000+00:00,NEWT-USDT-SWAP,3426830.0,1758427060444
2025-09-21 03:57:40.445000+00:00,NMR-USDT-SWAP,317921.4,1758427060445
2025-09-21 03:57:40.450000+00:00,NOT-USDT-SWAP,1516017900.0,1758427060450
2025-09-21 03:57:40.437000+00:00,NXPC-USDT-SWAP,1079871.0,1758427060437
2025-09-21 03:57:40.437000+00:00,OL-USDT-SWAP,71883680.0,1758427060437
2025-09-21 03:57:40.455000+00:00,OM-USDT-SWAP,22431799.0,1758427060455
2025-09-21 03:57:40.873000+00:00,ONDO-USDT-SWAP,23914410.0,1758427060873
2025-09-21 03:57:40.877000+00:00,ONE-USDT-SWAP,81469500.0,1758427060877
2025-09-21 03:57:40.882000+00:00,ONT-USDT-SWAP,10333230.0,1758427060882
2025-09-21 03:57:40.876000+00:00,OP-USDT-SWAP,25423933.0,1758427060876
2025-09-21 03:57:40.871000+00:00,ORBS-USDT-SWAP,28951400.0,1758427060871
2025-09-21 03:57:40.876000+00:00,ORDI-USDT-SWAP,1213671.3,1758427060876
2025-09-21 03:57:40.905000+00:00,PARTI-USDT-SWAP,12663660.0,1758427060905
2025-09-21 03:57:40.870000+00:00,PENGU-USDT-SWAP,625234500.0,1758427060870
2025-09-21 03:57:40.878000+00:00,PEOPLE-USDT-SWAP,336469300.0,1758427060878
2025-09-21 03:57:40.882000+00:00,PEPE-USDT-SWAP,8785107000000.004,1758427060882
2025-09-21 03:57:41.357000+00:00,PERP-USDT-SWAP,3154771.0,1758427061357
2025-09-21 03:57:41.354000+00:00,PI-USDT-SWAP,32811858.0,1758427061354
2025-09-21 03:57:41.354000+00:00,PLUME-USDT-SWAP,20288820.0,1758427061354
2025-09-21 03:57:41.358000+00:00,PNUT-USDT-SWAP,36095030.0,1758427061358
2025-09-21 03:57:41.362000+00:00,POL-USDT-SWAP,38071900.0,1758427061362
2025-09-21 03:57:41.369000+00:00,POPCAT-USDT-SWAP,8990100.0,1758427061369
2025-09-21 03:57:41.378000+00:00,PRCL-USDT-SWAP,15401175.0,1758427061378
2025-09-21 03:57:41.357000+00:00,PROMPT-USDT-SWAP,27645550.0,1758427061357
2025-09-21 03:57:41.362000+00:00,PUMP-USDT-SWAP,7941942000.0,1758427061362
2025-09-21 03:57:41.359000+00:00,PYTH-USDT-SWAP,53836180.0,1758427061359
2025-09-21 03:57:41.820000+00:00,QTUM-USDT-SWAP,1040599.0,1758427061820
2025-09-21 03:57:41.821000+00:00,RAY-USDT-SWAP,1495591.0,1758427061821
2025-09-21 03:57:41.825000+00:00,RENDER-USDT-SWAP,1376088.0,1758427061825
2025-09-21 03:57:41.834000+00:00,RESOLV-USDT-SWAP,26275480.0,1758427061834
2025-09-21 03:57:41.823000+00:00,RSR-USDT-SWAP,261900400.0,1758427061823
2025-09-21 03:57:41.826000+00:00,RVN-USDT-SWAP,82318950.0,1758427061826
2025-09-21 03:57:41.839000+00:00,S-USDT-SWAP,12494890.0,1758427061839
2025-09-21 03:57:41.830000+00:00,SAHARA-USDT-SWAP,38146360.0,1758427061830
2025-09-21 03:57:41.825000+00:00,SAND-USDT-SWAP,16908220.0,1758427061825
2025-09-21 03:57:41.825000+00:00,SATS-USDT-SWAP,186864430000000.0,1758427061825
2025-09-21 03:57:42.265000+00:00,SCR-USDT-SWAP,2449456.0,1758427062265
2025-09-21 03:57:42.264000+00:00,SHELL-USDT-SWAP,5144040.0,1758427062264
2025-09-21 03:57:42.311000+00:00,SHIB-USDT-SWAP,1650710800000.0,1758427062311
2025-09-21 03:57:42.269000+00:00,SIGN-USDT-SWAP,48664600.0,1758427062269
2025-09-21 03:57:42.275000+00:00,SLP-USDT-SWAP,403114190.0,1758427062275
2025-09-21 03:57:42.270000+00:00,SNX-USDT-SWAP,2272055.0,1758427062270
2025-09-21 03:57:42.271000+00:00,SOL-USDT-SWAP,3776635.330000003,1758427062271
2025-09-21 03:57:42.274000+00:00,SOLV-USDT-SWAP,56960000.0,1758427062274
2025-09-21 03:57:42.270000+00:00,SONIC-USDT-SWAP,7839603.0,1758427062270
2025-09-21 03:57:42.274000+00:00,SOON-USDT-SWAP,6566270.0,1758427062274
2025-09-21 03:57:42.733000+00:00,SOPH-USDT-SWAP,79995000.0,1758427062733
2025-09-21 03:57:42.744000+00:00,SPK-USDT-SWAP,113850600.0,1758427062744
2025-09-21 03:57:42.734000+00:00,SPX-USDT-SWAP,1002946.0,1758427062734
2025-09-21 03:57:42.737000+00:00,SSV-USDT-SWAP,289495.3,1758427062737
2025-09-21 03:57:42.733000+00:00,STORJ-USDT-SWAP,6000740.0,1758427062733
2025-09-21 03:57:42.743000+00:00,STRK-USDT-SWAP,24465391.0,1758427062743
2025-09-21 03:57:42.740000+00:00,STX-USDT-SWAP,7316251.000000001,1758427062740
2025-09-21 03:57:42.746000+00:00,SUI-USDT-SWAP,23694439.0,1758427062746
2025-09-21 03:57:42.739000+00:00,SUSHI-USDT-SWAP,8170683.0,1758427062739
2025-09-21 03:57:42.738000+00:00,SWARMS-USDT-SWAP,77809980.0,1758427062738
2025-09-21 03:57:43.165000+00:00,SYRUP-USDT-SWAP,2405600.0,1758427063165
2025-09-21 03:57:43.190000+00:00,T-USDT-SWAP,41334200.0,1758427063190
2025-09-21 03:57:43.175000+00:00,TAO-USDT-SWAP,14117.51,1758427063175
2025-09-21 03:57:43.169000+00:00,THETA-USDT-SWAP,2886910.0,1758427063169
2025-09-21 03:57:43.173000+00:00,TIA-USDT-SWAP,5005577.0,1758427063173
2025-09-21 03:57:43.185000+00:00,TNSR-USDT-SWAP,9692929.0,1758427063185
2025-09-21 03:57:43.182000+00:00,TON-USDT-SWAP,8263968.0,1758427063182
2025-09-21 03:57:43.183000+00:00,TRB-USDT-SWAP,231147.5,1758427063183
2025-09-21 03:57:43.169000+00:00,TREE-USDT-SWAP,7580046.0,1758427063169
2025-09-21 03:57:43.165000+00:00,TRUMP-USDT-SWAP,5581387.8,1758427063165
2025-09-21 03:57:43.610000+00:00,TRX-USDT-SWAP,83049870.00000015,1758427063610
2025-09-21 03:57:43.606000+00:00,TURBO-USDT-SWAP,847709000.0,1758427063606
2025-09-21 03:57:43.607000+00:00,UMA-USDT-SWAP,1290205.3,1758427063607
2025-09-21 03:57:43.613000+00:00,UNI-USDT-SWAP,3698816.0,1758427063613
2025-09-21 03:57:43.620000+00:00,USDC-USDT-SWAP,928740.0,1758427063620
2025-09-21 03:57:43.614000+00:00,USELESS-USDT-SWAP,19967340.0,1758427063614
2025-09-21 03:57:43.616000+00:00,UXLINK-USDT-SWAP,5715510.0,1758427063616
2025-09-21 03:57:43.612000+00:00,VANA-USDT-SWAP,131169.5,1758427063612
2025-09-21 03:57:43.608000+00:00,VINE-USDT-SWAP,105072610.0,1758427063608
2025-09-21 03:57:44.060000+00:00,VIRTUAL-USDT-SWAP,3672989.0,1758427064060
2025-09-21 03:57:44.059000+00:00,W-USDT-SWAP,75099914.0,1758427064059
2025-09-21 03:57:44.056000+00:00,WAL-USDT-SWAP,1986370.0,1758427064056
2025-09-21 03:57:44.084000+00:00,WCT-USDT-SWAP,9344560.0,1758427064084
2025-09-21 03:57:44.052000+00:00,WIF-USDT-SWAP,18463383.0,1758427064052
2025-09-21 03:57:44.202000+00:00,WLD-USDT-SWAP,27909274.0,1758427064202
2025-09-21 03:57:44.063000+00:00,WLFI-USDT-SWAP,298728240.0,1758427064063
2025-09-21 03:57:44.054000+00:00,WOO-USDT-SWAP,23831850.0,1758427064054
2025-09-21 03:57:44.053000+00:00,XAUT-USDT-SWAP,4561.201,1758427064053
2025-09-21 03:57:44.639000+00:00,XLM-USDT-SWAP,38714050.0,1758427064639
2025-09-21 03:57:44.635000+00:00,XPL-USDT-SWAP,10703220.0,1758427064635
2025-09-21 03:57:44.641000+00:00,XRP-USDT-SWAP,106453859.99999994,1758427064641
2025-09-21 03:57:44.640000+00:00,XTZ-USDT-SWAP,5747182.0,1758427064640
2025-09-21 03:57:44.651000+00:00,YFI-USDT-SWAP,394.6625,1758427064651
2025-09-21 03:57:44.655000+00:00,YGG-USDT-SWAP,41466033.0,1758427064655
2025-09-21 03:57:44.674000+00:00,ZENT-USDT-SWAP,187438800.0,1758427064674
2025-09-21 03:57:44.645000+00:00,ZETA-USDT-SWAP,5535970.0,1758427064645
2025-09-21 03:57:44.645000+00:00,ZIL-USDT-SWAP,156910700.0,1758427064645
2025-09-21 03:57:45.105000+00:00,ZK-USDT-SWAP,47824210.0,1758427065105
2025-09-21 03:57:45.096000+00:00,ZRO-USDT-SWAP,2032011.0,1758427065096
2025-09-21 03:57:45.097000+00:00,ZRX-USDT-SWAP,6552480.0,1758427065097
2025-09-21 03:58:45.885000+00:00,1INCH-USDT-SWAP,7075253.0,1758427125885
2025-09-21 03:58:45.880000+00:00,A-USDT-SWAP,11343610.0,1758427125880
2025-09-21 03:58:45.885000+00:00,AAVE-USDT-SWAP,129547.97000000003,1758427125885
2025-09-21 03:58:45.887000+00:00,ACE-USDT-SWAP,2835555.0,1758427125887
2025-09-21 03:58:45.955000+00:00,ACH-USDT-SWAP,95180900.0,1758427125955
2025-09-21 03:58:45.870000+00:00,ACT-USDT-SWAP,98677182.0,1758427125870
2025-09-21 03:58:45.876000+00:00,ADA-USDT-SWAP,93419120.00000003,1758427125876
2025-09-21 03:58:45.891000+00:00,AERO-USDT-SWAP,2355930.0,1758427125891
2025-09-21 03:58:45.901000+00:00,AEVO-USDT-SWAP,30451674.0,1758427125901
2025-09-21 03:58:45.876000+00:00,AGLD-USDT-SWAP,1984833.0,1758427125876
2025-09-21 03:58:46.375000+00:00,AI16Z-USDT-SWAP,50922821.0,1758427126375
2025-09-21 03:58:46.372000+00:00,AIXBT-USDT-SWAP,22536900.0,1758427126372
2025-09-21 03:58:46.384000+00:00,ALGO-USDT-SWAP,27953740.0,1758427126384
2025-09-21 03:58:46.384000+00:00,ANIME-USDT-SWAP,96606660.0,1758427126384
2025-09-21 03:58:46.383000+00:00,APE-USDT-SWAP,7932058.8,1758427126383
2025-09-21 03:58:46.465000+00:00,API3-USDT-SWAP,2078703.0,1758427126465
2025-09-21 03:58:46.384000+00:00,APT-USDT-SWAP,4149966.0,1758427126384
2025-09-21 03:58:46.384000+00:00,AR-USDT-SWAP,532509.8,1758427126384
2025-09-21 03:58:46.387000+00:00,ARB-USDT-SWAP,37127558.999999985,1758427126387
2025-09-21 03:58:46.915000+00:00,ARC-USDT-SWAP,101074800.0,1758427126915
2025-09-21 03:58:46.914000+00:00,ARKM-USDT-SWAP,3411508.0,1758427126914
2025-09-21 03:58:46.930000+00:00,ATH-USDT-SWAP,170059700.0,1758427126930
2025-09-21 03:58:46.921000+00:00,ATOM-USDT-SWAP,2116832.0,1758427126921
2025-09-21 03:58:46.917000+00:00,AUCTION-USDT-SWAP,242183.4,1758427126917
2025-09-21 03:58:46.912000+00:00,AVAAI-USDT-SWAP,88422330.0,1758427126912
2025-09-21 03:58:46.914000+00:00,AVAX-USDT-SWAP,2272846.400000001,1758427126914
2025-09-21 03:58:46.917000+00:00,AXS-USDT-SWAP,1119616.1,1758427126917
2025-09-21 03:58:46.916000+00:00,BABY-USDT-SWAP,39158690.0,1758427126916
2025-09-21 03:58:46.919000+00:00,BAND-USDT-SWAP,1250701.0,1758427126919
2025-09-21 03:58:47.357000+00:00,BAT-USDT-SWAP,4763310.0,1758427127357
2025-09-21 03:58:47.363000+00:00,BCH-USDT-SWAP,71262.57999999996,1758427127363
2025-09-21 03:58:47.356000+00:00,BERA-USDT-SWAP,2627568.9,1758427127356
2025-09-21 03:58:47.363000+00:00,BICO-USDT-SWAP,7302623.0,1758427127363
2025-09-21 03:58:47.366000+00:00,BIGTIME-USDT-SWAP,39766830.0,1758427127366
2025-09-21 03:58:47.354000+00:00,BIO-USDT-SWAP,67449902.0,1758427127354
2025-09-21 03:58:47.375000+00:00,BLUR-USDT-SWAP,24828270.0,1758427127375
2025-09-21 03:58:47.349000+00:00,BNB-USDT-SWAP,153244.48,1758427127349
2025-09-21 03:58:47.358000+00:00,BNT-USDT-SWAP,733560.0,1758427127358
2025-09-21 03:58:47.400000+00:00,BOME-USDT-SWAP,1021480000.0,1758427127400
2025-09-21 03:58:47.816000+00:00,BONK-USDT-SWAP,480185500000.0,1758427127816
2025-09-21 03:58:47.809000+00:00,BRETT-USDT-SWAP,19374800.0,1758427127809
2025-09-21 03:58:47.817000+00:00,BTC-USDT-SWAP,28031.731500000085,1758427127817
2025-09-21 03:58:47.834000+00:00,CAT-USDT-SWAP,203598100000.0,1758427127834
2025-09-21 03:58:47.823000+00:00,CATI-USDT-SWAP,16030978.0,1758427127823
2025-09-21 03:58:47.961000+00:00,CELO-USDT-SWAP,3733847.0,1758427127961
2025-09-21 03:58:47.830000+00:00,CETUS-USDT-SWAP,22418410.0,1758427127830
2025-09-21 03:58:47.817000+00:00,CFX-USDT-SWAP,75544010.0,1758427127817
2025-09-21 03:58:47.824000+00:00,CHZ-USDT-SWAP,78404730.0,1758427127824
2025-09-21 03:58:47.838000+00:00,COMP-USDT-SWAP,74758.2,1758427127838
2025-09-21 03:58:48.378000+00:00,COOKIE-USDT-SWAP,5015650.0,1758427128378
2025-09-21 03:58:48.386000+00:00,CORE-USDT-SWAP,10002890.0,1758427128386
2025-09-21 03:58:48.382000+00:00,CRO-USDT-SWAP,50970950.0,1758427128382
2025-09-21 03:58:48.383000+00:00,CRV-USDT-SWAP,24887523.0,1758427128383
2025-09-21 03:58:48.383000+00:00,CTC-USDT-SWAP,1676950.0,1758427128383
2025-09-21 03:58:48.515000+00:00,CVC-USDT-SWAP,9722600.0,1758427128515
2025-09-21 03:58:48.383000+00:00,CVX-USDT-SWAP,376225.0,1758427128383
2025-09-21 03:58:48.383000+00:00,DEGEN-USDT-SWAP,329911000.0,1758427128383
2025-09-21 03:58:48.939000+00:00,DOGE-USDT-SWAP,1393072459.999999,1758427128939
2025-09-21 03:58:48.942000+00:00,DOGS-USDT-SWAP,15813299000.0,1758427128942
2025-09-21 03:58:48.944000+00:00,DOOD-USDT-SWAP,146886000.0,1758427128944
2025-09-21 03:58:48.956000+00:00,DOT-USDT-SWAP,6317487.0,1758427128956
2025-09-21 03:58:48.936000+00:00,DYDX-USDT-SWAP,13273036.0,1758427128936
2025-09-21 03:58:48.944000+00:00,EGLD-USDT-SWAP,118468.7,1758427128944
2025-09-21 03:58:48.942000+00:00,EIGEN-USDT-SWAP,4735105.0,1758427128942
2025-09-21 03:58:48.940000+00:00,ENJ-USDT-SWAP,14754830.0,1758427128940
2025-09-21 03:58:48.941000+00:00,ENS-USDT-SWAP,329881.4,1758427128941
2025-09-21 03:58:49.384000+00:00,ETC-USDT-SWAP,1205502.0000000005,1758427129384
2025-09-21 03:58:49.395000+00:00,ETH-USDT-SWAP,744969.2779999998,1758427129395
2025-09-21 03:58:49.384000+00:00,ETHFI-USDT-SWAP,7868821.0,1758427129384
2025-09-21 03:58:49.385000+00:00,ETHW-USDT-SWAP,1218370.6,1758427129385
2025-09-21 03:58:49.375000+00:00,FARTCOIN-USDT-SWAP,25090159.0,1758427129375
2025-09-21 03:58:49.384000+00:00,FIL-USDT-SWAP,13619679.6,1758427129384
2025-09-21 03:58:49.383000+00:00,FLM-USDT-SWAP,30773810.0,1758427129383
2025-09-21 03:58:49.388000+00:00,FLOKI-USDT-SWAP,38768800000.0,1758427129388
2025-09-21 03:58:49.382000+00:00,FLOW-USDT-SWAP,4256520.0,1758427129382
2025-09-21 03:58:49.515000+00:00,FXS-USDT-SWAP,353091.0,1758427129515
2025-09-21 03:58:49.935000+00:00,GALA-USDT-SWAP,460659520.0,1758427129935
2025-09-21 03:58:49.926000+00:00,GAS-USDT-SWAP,367311.0,1758427129926
2025-09-21 03:58:49.934000+00:00,GLM-USDT-SWAP,3176550.0,1758427129934
2025-09-21 03:58:49.932000+00:00,GMT-USDT-SWAP,47348779.0,1758427129932
2025-09-21 03:58:49.947000+00:00,GMX-USDT-SWAP,70053.2,1758427129947
2025-09-21 03:58:49.941000+00:00,GOAT-USDT-SWAP,28561470.0,1758427129941
2025-09-21 03:58:49.934000+00:00,GODS-USDT-SWAP,7986534.0,1758427129934
2025-09-21 03:58:49.938000+00:00,GPS-USDT-SWAP,134349020.0,1758427129938
2025-09-21 03:58:49.949000+00:00,GRASS-USDT-SWAP,2662908.0,1758427129949
2025-09-21 03:58:49.946000+00:00,GRIFFAIN-USDT-SWAP,30176690.0,1758427129946
2025-09-21 03:58:50.477000+00:00,GRT-USDT-SWAP,21755470.0,1758427130477
2025-09-21 03:58:50.481000+00:00,H-USDT-SWAP,80278200.0,1758427130481
2025-09-21 03:58:50.485000+00:00,HBAR-USDT-SWAP,81683360.00000006,1758427130485
2025-09-21 03:58:50.619000+00:00,HMSTR-USDT-SWAP,1192689300.0,1758427130619
2025-09-21 03:58:50.484000+00:00,HOME-USDT-SWAP,16156100.0,1758427130484
2025-09-21 03:58:50.477000+00:00,HUMA-USDT-SWAP,70206500.0,1758427130477
2025-09-21 03:58:50.478000+00:00,HYPE-USDT-SWAP,1010561.3,1758427130478
2025-09-21 03:58:50.483000+00:00,ICP-USDT-SWAP,1742061.83,1758427130483
2025-09-21 03:58:50.484000+00:00,ICX-USDT-SWAP,5603970.0,1758427130484
2025-09-21 03:58:50.490000+00:00,IMX-USDT-SWAP,9400917.0,1758427130490
2025-09-21 03:58:51.046000+00:00,INIT-USDT-SWAP,2256830.0,1758427131046
2025-09-21 03:58:51.051000+00:00,INJ-USDT-SWAP,900320.1,1758427131051
2025-09-21 03:58:51.049000+00:00,IOST-USDT-SWAP,269283000.0,1758427131049
2025-09-21 03:58:51.057000+00:00,IOTA-USDT-SWAP,14297140.0,1758427131057
2025-09-21 03:58:51.051000+00:00,IP-USDT-SWAP,5359782.0,1758427131051
2025-09-21 03:58:51.046000+00:00,JELLYJELLY-USDT-SWAP,189669900.0,1758427131046
2025-09-21 03:58:51.052000+00:00,JOE-USDT-SWAP,7366410.0,1758427131052
2025-09-21 03:58:51.052000+00:00,JTO-USDT-SWAP,3837796.0,1758427131052
2025-09-21 03:58:51.049000+00:00,JUP-USDT-SWAP,14323990.0,1758427131049
2025-09-21 03:58:51.535000+00:00,KAITO-USDT-SWAP,4807544.0,1758427131535
2025-09-21 03:58:51.537000+00:00,KMNO-USDT-SWAP,53426700.0,1758427131537
2025-09-21 03:58:51.540000+00:00,KSM-USDT-SWAP,127584.5,1758427131540
2025-09-21 03:58:51.552000+00:00,LA-USDT-SWAP,6339240.0,1758427131552
2025-09-21 03:58:51.550000+00:00,LAUNCHCOIN-USDT-SWAP,40747250.0,1758427131550
2025-09-21 03:58:51.575000+00:00,LAYER-USDT-SWAP,6101195.0,1758427131575
2025-09-21 03:58:51.538000+00:00,LDO-USDT-SWAP,13659039.0,1758427131538
2025-09-21 03:58:51.531000+00:00,LINK-USDT-SWAP,2331527.8,1758427131531
2025-09-21 03:58:51.541000+00:00,LPT-USDT-SWAP,561345.2,1758427131541
2025-09-21 03:58:51.558000+00:00,LQTY-USDT-SWAP,2196647.0,1758427131558
2025-09-21 03:58:52.003000+00:00,LRC-USDT-SWAP,13758110.0,1758427132003
2025-09-21 03:58:51.984000+00:00,LTC-USDT-SWAP,732070.6000000002,1758427131984
2025-09-21 03:58:52+00:00,LUNA-USDT-SWAP,20219664.0,1758427132000
2025-09-21 03:58:52.004000+00:00,MAGIC-USDT-SWAP,16020609.0,1758427132004
2025-09-21 03:58:51.996000+00:00,MAJOR-USDT-SWAP,4641459.0,1758427131996
2025-09-21 03:58:52.003000+00:00,MANA-USDT-SWAP,10619760.0,1758427132003
2025-09-21 03:58:51.987000+00:00,MASK-USDT-SWAP,2957934.0,1758427131987
2025-09-21 03:58:52.001000+00:00,ME-USDT-SWAP,3712631.0,1758427132001
2025-09-21 03:58:52.001000+00:00,MEME-USDT-SWAP,1594230500.0,1758427132001
2025-09-21 03:58:52.436000+00:00,MERL-USDT-SWAP,49559897.0,1758427132436
2025-09-21 03:58:52.429000+00:00,METIS-USDT-SWAP,115996.6,1758427132429
2025-09-21 03:58:52.430000+00:00,MEW-USDT-SWAP,1031180000.0,1758427132430
2025-09-21 03:58:52.461000+00:00,MINA-USDT-SWAP,7563670.0,1758427132461
2025-09-21 03:58:52.432000+00:00,MOG-USDT-SWAP,622000000000.0,1758427132432
2025-09-21 03:58:52.436000+00:00,MOODENG-USDT-SWAP,51203420.0,1758427132436
2025-09-21 03:58:52.430000+00:00,MORPHO-USDT-SWAP,1557393.0,1758427132430
2025-09-21 03:58:52.432000+00:00,MOVE-USDT-SWAP,28030300.0,1758427132432
2025-09-21 03:58:52.434000+00:00,MUBARAK-USDT-SWAP,45899300.0,1758427132434
2025-09-21 03:58:52.918000+00:00,NEAR-USDT-SWAP,7154967.999999998,1758427132918
2025-09-21 03:58:52.914000+00:00,NEIRO-USDT-SWAP,9304721000.0,1758427132914
2025-09-21 03:58:52.976000+00:00,NEO-USDT-SWAP,368586.0,1758427132976
2025-09-21 03:58:52.916000+00:00,NEWT-USDT-SWAP,3426340.0,1758427132916
2025-09-21 03:58:52.920000+00:00,NMR-USDT-SWAP,317896.7,1758427132920
2025-09-21 03:58:52.921000+00:00,NOT-USDT-SWAP,1515992400.0,1758427132921
2025-09-21 03:58:52.923000+00:00,NXPC-USDT-SWAP,1079899.0,1758427132923
2025-09-21 03:58:52.927000+00:00,OL-USDT-SWAP,71866110.0,1758427132927
2025-09-21 03:58:52.924000+00:00,OM-USDT-SWAP,22431799.0,1758427132924
2025-09-21 03:58:53.419000+00:00,ONDO-USDT-SWAP,23914650.0,1758427133419
2025-09-21 03:58:53.425000+00:00,ONE-USDT-SWAP,81469800.0,1758427133425
2025-09-21 03:58:53.428000+00:00,ONT-USDT-SWAP,10335550.0,1758427133428
2025-09-21 03:58:53.433000+00:00,OP-USDT-SWAP,25425340.0,1758427133433
2025-09-21 03:58:53.423000+00:00,ORBS-USDT-SWAP,28951400.0,1758427133423
2025-09-21 03:58:53.426000+00:00,ORDI-USDT-SWAP,1213692.1,1758427133426
2025-09-21 03:58:53.426000+00:00,PARTI-USDT-SWAP,12663660.0,1758427133426
2025-09-21 03:58:53.418000+00:00,PENGU-USDT-SWAP,625204500.0,1758427133418
2025-09-21 03:58:53.427000+00:00,PEOPLE-USDT-SWAP,336474200.0,1758427133427
2025-09-21 03:58:53.424000+00:00,PEPE-USDT-SWAP,8785847000000.004,1758427133424
2025-09-21 03:58:53.855000+00:00,PERP-USDT-SWAP,3154771.0,1758427133855
2025-09-21 03:58:53.845000+00:00,PI-USDT-SWAP,32809989.0,1758427133845
2025-09-21 03:58:53.853000+00:00,PLUME-USDT-SWAP,20288820.0,1758427133853
2025-09-21 03:58:53.862000+00:00,PNUT-USDT-SWAP,36116460.0,1758427133862
2025-09-21 03:58:53.881000+00:00,POL-USDT-SWAP,38071770.0,1758427133881
2025-09-21 03:58:53.857000+00:00,POPCAT-USDT-SWAP,8990090.0,1758427133857
2025-09-21 03:58:53.880000+00:00,PRCL-USDT-SWAP,15406455.0,1758427133880
2025-09-21 03:58:53.861000+00:00,PROMPT-USDT-SWAP,27637090.0,1758427133861
2025-09-21 03:58:53.860000+00:00,PUMP-USDT-SWAP,7936091000.0,1758427133860
2025-09-21 03:58:53.864000+00:00,PYTH-USDT-SWAP,53825830.0,1758427133864
2025-09-21 03:58:54.297000+00:00,QTUM-USDT-SWAP,1040279.0,1758427134297
2025-09-21 03:58:54.292000+00:00,RAY-USDT-SWAP,1495570.0,1758427134292
2025-09-21 03:58:54.308000+00:00,RENDER-USDT-SWAP,1376097.0,1758427134308
2025-09-21 03:58:54.304000+00:00,RESOLV-USDT-SWAP,26269510.0,1758427134304
2025-09-21 03:58:54.306000+00:00,RSR-USDT-SWAP,261878700.0,1758427134306
2025-09-21 03:58:54.299000+00:00,RVN-USDT-SWAP,82318950.0,1758427134299
2025-09-21 03:58:54.297000+00:00,S-USDT-SWAP,12494890.0,1758427134297
2025-09-21 03:58:54.306000+00:00,SAHARA-USDT-SWAP,38144060.0,1758427134306
2025-09-21 03:58:54.317000+00:00,SAND-USDT-SWAP,16908210.0,1758427134317
2025-09-21 03:58:54.309000+00:00,SATS-USDT-SWAP,186864450000000.0,1758427134309
2025-09-21 03:58:54.747000+00:00,SCR-USDT-SWAP,2449471.0,1758427134747
2025-09-21 03:58:54.757000+00:00,SHELL-USDT-SWAP,5159740.0,1758427134757
2025-09-21 03:58:54.749000+00:00,SHIB-USDT-SWAP,1650723800000.0,1758427134749
2025-09-21 03:58:54.749000+00:00,SIGN-USDT-SWAP,48674100.0,1758427134749
2025-09-21 03:58:54.746000+00:00,SLP-USDT-SWAP,403113620.0,1758427134746
2025-09-21 03:58:54.749000+00:00,SNX-USDT-SWAP,2271896.0,1758427134749
2025-09-21 03:58:54.748000+00:00,SOL-USDT-SWAP,3777226.8400000026,1758427134748
2025-09-21 03:58:54.750000+00:00,SOLV-USDT-SWAP,56951300.0,1758427134750
2025-09-21 03:58:54.752000+00:00,SONIC-USDT-SWAP,7836651.0,1758427134752
2025-09-21 03:58:54.750000+00:00,SOON-USDT-SWAP,6565380.0,1758427134750
2025-09-21 03:58:55.178000+00:00,SOPH-USDT-SWAP,79994800.0,1758427135178
2025-09-21 03:58:55.189000+00:00,SPK-USDT-SWAP,114104200.0,1758427135189
2025-09-21 03:58:55.185000+00:00,SPX-USDT-SWAP,1002620.0,1758427135185
2025-09-21 03:58:55.226000+00:00,SSV-USDT-SWAP,289494.1,1758427135226
2025-09-21 03:58:55.174000+00:00,STORJ-USDT-SWAP,6000490.0,1758427135174
2025-09-21 03:58:55.180000+00:00,STRK-USDT-SWAP,24467766.0,1758427135180
2025-09-21 03:58:55.184000+00:00,STX-USDT-SWAP,7315549.000000001,1758427135184
2025-09-21 03:58:55.189000+00:00,SUI-USDT-SWAP,23694283.0,1758427135189
2025-09-21 03:58:55.185000+00:00,SUSHI-USDT-SWAP,8170337.0,1758427135185
2025-09-21 03:58:55.189000+00:00,SWARMS-USDT-SWAP,77804530.0,1758427135189
2025-09-21 03:58:55.647000+00:00,SYRUP-USDT-SWAP,2405530.0,1758427135647
2025-09-21 03:58:55.653000+00:00,T-USDT-SWAP,41334200.0,1758427135653
2025-09-21 03:58:55.648000+00:00,TAO-USDT-SWAP,14116.82,1758427135648
2025-09-21 03:58:55.655000+00:00,THETA-USDT-SWAP,2887002.0,1758427135655
2025-09-21 03:58:55.656000+00:00,TIA-USDT-SWAP,5008143.0,1758427135656
2025-09-21 03:58:55.649000+00:00,TNSR-USDT-SWAP,9692929.0,1758427135649
2025-09-21 03:58:55.644000+00:00,TON-USDT-SWAP,8263704.0,1758427135644
2025-09-21 03:58:55.652000+00:00,TRB-USDT-SWAP,231122.7,1758427135652
2025-09-21 03:58:55.649000+00:00,TREE-USDT-SWAP,7574025.0,1758427135649
2025-09-21 03:58:55.666000+00:00,TRUMP-USDT-SWAP,5580313.0,1758427135666
2025-09-21 03:58:56.105000+00:00,TRX-USDT-SWAP,83045400.00000015,1758427136105
2025-09-21 03:58:56.104000+00:00,TURBO-USDT-SWAP,847715000.0,1758427136104
2025-09-21 03:58:56.109000+00:00,UMA-USDT-SWAP,1290205.3,1758427136109
2025-09-21 03:58:56.124000+00:00,UNI-USDT-SWAP,3698744.0,1758427136124
2025-09-21 03:58:56.113000+00:00,USDC-USDT-SWAP,928740.0,1758427136113
2025-09-21 03:58:56.107000+00:00,USELESS-USDT-SWAP,19992170.0,1758427136107
2025-09-21 03:58:56.108000+00:00,UXLINK-USDT-SWAP,5715280.0,1758427136108
2025-09-21 03:58:56.108000+00:00,VANA-USDT-SWAP,131162.9,1758427136108
2025-09-21 03:58:56.106000+00:00,VINE-USDT-SWAP,105081730.0,1758427136106
2025-09-21 03:58:56.590000+00:00,VIRTUAL-USDT-SWAP,3673036.0,1758427136590
2025-09-21 03:58:56.546000+00:00,W-USDT-SWAP,75097043.0,1758427136546
2025-09-21 03:58:56.555000+00:00,WAL-USDT-SWAP,1986370.0,1758427136555
2025-09-21 03:58:56.553000+00:00,WCT-USDT-SWAP,9341140.0,1758427136553
2025-09-21 03:58:56.560000+00:00,WIF-USDT-SWAP,18461067.0,1758427136560
2025-09-21 03:58:56.553000+00:00,WLD-USDT-SWAP,27942548.0,1758427136553
2025-09-21 03:58:56.543000+00:00,WLFI-USDT-SWAP,298993190.0,1758427136543
2025-09-21 03:58:56.552000+00:00,WOO-USDT-SWAP,23828220.0,1758427136552
2025-09-21 03:58:56.558000+00:00,XAUT-USDT-SWAP,4561.201,1758427136558
2025-09-21 03:58:57.019000+00:00,XLM-USDT-SWAP,38712700.0,1758427137019
2025-09-21 03:58:57.014000+00:00,XPL-USDT-SWAP,10704830.0,1758427137014
2025-09-21 03:58:57.023000+00:00,XRP-USDT-SWAP,106410655.99999993,1758427137023
2025-09-21 03:58:57.023000+00:00,XTZ-USDT-SWAP,5746102.0,1758427137023
2025-09-21 03:58:57.017000+00:00,YFI-USDT-SWAP,394.6625,1758427137017
2025-09-21 03:58:57.016000+00:00,YGG-USDT-SWAP,41465602.0,1758427137016
2025-09-21 03:58:57.016000+00:00,ZENT-USDT-SWAP,187438400.0,1758427137016
2025-09-21 03:58:57.025000+00:00,ZETA-USDT-SWAP,5535950.0,1758427137025
2025-09-21 03:58:57.023000+00:00,ZIL-USDT-SWAP,156923300.0,1758427137023
2025-09-21 03:58:57.449000+00:00,ZK-USDT-SWAP,47824120.0,1758427137449
2025-09-21 03:58:57.449000+00:00,ZRO-USDT-SWAP,2031340.0,1758427137449
2025-09-21 03:58:57.448000+00:00,ZRX-USDT-SWAP,6552480.0,1758427137448
2025-09-21 04:24:14.324000+00:00,1INCH-USDT-SWAP,7095090.0,1758428654324
2025-09-21 04:24:14.333000+00:00,A-USDT-SWAP,11351330.0,1758428654333
2025-09-21 04:24:14.324000+00:00,AAVE-USDT-SWAP,129739.50000000003,1758428654324
2025-09-21 04:24:14.322000+00:00,ACE-USDT-SWAP,2838822.0,1758428654322
2025-09-21 04:24:14.359000+00:00,ACH-USDT-SWAP,95294500.0,1758428654359
2025-09-21 04:24:14.344000+00:00,ACT-USDT-SWAP,98679694.0,1758428654344
2025-09-21 04:24:14.329000+00:00,ADA-USDT-SWAP,93303210.00000003,1758428654329
2025-09-21 04:24:14.327000+00:00,AERO-USDT-SWAP,2322090.0,1758428654327
2025-09-21 04:24:14.320000+00:00,AEVO-USDT-SWAP,32226364.0,1758428654320
2025-09-21 04:24:14.318000+00:00,AGLD-USDT-SWAP,1988965.0,1758428654318
2025-09-21 04:24:14.779000+00:00,AI16Z-USDT-SWAP,50860546.0,1758428654779
2025-09-21 04:24:14.779000+00:00,AIXBT-USDT-SWAP,22437170.0,1758428654779
2025-09-21 04:24:14.791000+00:00,ALGO-USDT-SWAP,27942630.0,1758428654791
2025-09-21 04:24:14.787000+00:00,ANIME-USDT-SWAP,96702850.0,1758428654787
2025-09-21 04:24:14.778000+00:00,APE-USDT-SWAP,7932225.5,1758428654778
2025-09-21 04:24:14.783000+00:00,API3-USDT-SWAP,2074738.0,1758428654783
2025-09-21 04:24:14.784000+00:00,APT-USDT-SWAP,4156778.0,1758428654784
2025-09-21 04:24:14.785000+00:00,AR-USDT-SWAP,533234.5,1758428654785
2025-09-21 04:24:14.782000+00:00,ARB-USDT-SWAP,37164150.99999998,1758428654782
2025-09-21 04:24:15.243000+00:00,ARC-USDT-SWAP,100017190.0,1758428655243
2025-09-21 04:24:15.217000+00:00,ARKM-USDT-SWAP,3410263.0,1758428655217
2025-09-21 04:24:15.234000+00:00,ATH-USDT-SWAP,170517900.0,1758428655234
2025-09-21 04:24:15.203000+00:00,ATOM-USDT-SWAP,2136178.0,1758428655203
2025-09-21 04:24:15.210000+00:00,AUCTION-USDT-SWAP,240054.5,1758428655210
2025-09-21 04:24:15.253000+00:00,AVAAI-USDT-SWAP,88431330.0,1758428655253
2025-09-21 04:24:15.209000+00:00,AVAX-USDT-SWAP,2285466.1000000015,1758428655209
2025-09-21 04:24:15.211000+00:00,AXS-USDT-SWAP,1123310.4,1758428655211
2025-09-21 04:24:15.211000+00:00,BABY-USDT-SWAP,39256060.0,1758428655211
2025-09-21 04:24:15.207000+00:00,BAND-USDT-SWAP,1247126.0,1758428655207
2025-09-21 04:24:15.661000+00:00,BAT-USDT-SWAP,4765550.0,1758428655661
2025-09-21 04:24:15.665000+00:00,BCH-USDT-SWAP,71360.93999999996,1758428655665
2025-09-21 04:24:15.695000+00:00,BERA-USDT-SWAP,2630887.4,1758428655695
2025-09-21 04:24:15.673000+00:00,BICO-USDT-SWAP,7250935.0,1758428655673
2025-09-21 04:24:15.669000+00:00,BIGTIME-USDT-SWAP,39805130.0,1758428655669
2025-09-21 04:24:15.666000+00:00,BIO-USDT-SWAP,67519029.0,1758428655666
2025-09-21 04:24:15.668000+00:00,BLUR-USDT-SWAP,24646590.0,1758428655668
2025-09-21 04:24:15.665000+00:00,BNB-USDT-SWAP,149892.48,1758428655665
2025-09-21 04:24:15.711000+00:00,BNT-USDT-SWAP,731690.0,1758428655711
2025-09-21 04:24:15.668000+00:00,BOME-USDT-SWAP,1023362000.0,1758428655668
2025-09-21 04:24:16.120000+00:00,BONK-USDT-SWAP,479220300000.0,1758428656120
2025-09-21 04:24:16.123000+00:00,BRETT-USDT-SWAP,19255700.0,1758428656123
2025-09-21 04:24:16.129000+00:00,BTC-USDT-SWAP,28048.14780000008,1758428656129
2025-09-21 04:24:16.124000+00:00,CAT-USDT-SWAP,204217000000.0,1758428656124
2025-09-21 04:24:16.132000+00:00,CATI-USDT-SWAP,16034865.0,1758428656132
2025-09-21 04:24:16.122000+00:00,CELO-USDT-SWAP,3742535.0,1758428656122
2025-09-21 04:24:16.128000+00:00,CETUS-USDT-SWAP,22328230.0,1758428656128
2025-09-21 04:24:16.145000+00:00,CFX-USDT-SWAP,75585450.0,1758428656145
2025-09-21 04:24:16.127000+00:00,CHZ-USDT-SWAP,78222350.0,1758428656127
2025-09-21 04:24:16.126000+00:00,COMP-USDT-SWAP,74711.5,1758428656126
2025-09-21 04:24:16.555000+00:00,COOKIE-USDT-SWAP,5015920.0,1758428656555
2025-09-21 04:24:16.579000+00:00,CORE-USDT-SWAP,9987538.0,1758428656579
2025-09-21 04:24:16.564000+00:00,CRO-USDT-SWAP,51090530.0,1758428656564
2025-09-21 04:24:16.564000+00:00,CRV-USDT-SWAP,24938336.0,1758428656564
2025-09-21 04:24:16.569000+00:00,CTC-USDT-SWAP,1677410.0,1758428656569
2025-09-21 04:24:16.562000+00:00,CVC-USDT-SWAP,9749900.0,1758428656562
2025-09-21 04:24:16.565000+00:00,CVX-USDT-SWAP,374313.0,1758428656565
2025-09-21 04:24:16.562000+00:00,DEGEN-USDT-SWAP,329390100.0,1758428656562
2025-09-21 04:24:17.008000+00:00,DOGE-USDT-SWAP,1395922229.9999993,1758428657008
2025-09-21 04:24:17.008000+00:00,DOGS-USDT-SWAP,15795262000.0,1758428657008
2025-09-21 04:24:17.026000+00:00,DOOD-USDT-SWAP,146883000.0,1758428657026
2025-09-21 04:24:17.023000+00:00,DOT-USDT-SWAP,6328024.0,1758428657023
2025-09-21 04:24:17.013000+00:00,DYDX-USDT-SWAP,13301151.0,1758428657013
2025-09-21 04:24:17.018000+00:00,EGLD-USDT-SWAP,118771.9,1758428657018
2025-09-21 04:24:17.014000+00:00,EIGEN-USDT-SWAP,4711799.0,1758428657014
2025-09-21 04:24:17.020000+00:00,ENJ-USDT-SWAP,14752600.0,1758428657020
2025-09-21 04:24:17.026000+00:00,ENS-USDT-SWAP,331387.9,1758428657026
2025-09-21 04:24:17.443000+00:00,ETC-USDT-SWAP,1204993.6000000006,1758428657443
2025-09-21 04:24:17.473000+00:00,ETH-USDT-SWAP,746189.562,1758428657473
2025-09-21 04:24:17.462000+00:00,ETHFI-USDT-SWAP,7880433.0,1758428657462
2025-09-21 04:24:17.453000+00:00,ETHW-USDT-SWAP,1218148.6,1758428657453
2025-09-21 04:24:17.457000+00:00,FARTCOIN-USDT-SWAP,24993924.0,1758428657457
2025-09-21 04:24:17.452000+00:00,FIL-USDT-SWAP,13645061.2,1758428657452
2025-09-21 04:24:17.459000+00:00,FLM-USDT-SWAP,30728750.0,1758428657459
2025-09-21 04:24:17.454000+00:00,FLOKI-USDT-SWAP,38609300000.0,1758428657454
2025-09-21 04:24:17.466000+00:00,FLOW-USDT-SWAP,4256390.0,1758428657466
2025-09-21 04:24:17.455000+00:00,FXS-USDT-SWAP,353030.0,1758428657455
2025-09-21 04:24:17.885000+00:00,GALA-USDT-SWAP,459993030.0,1758428657885
2025-09-21 04:24:17.883000+00:00,GAS-USDT-SWAP,367468.0,1758428657883
2025-09-21 04:24:17.890000+00:00,GLM-USDT-SWAP,3200210.0,1758428657890
2025-09-21 04:24:17.887000+00:00,GMT-USDT-SWAP,47212024.0,1758428657887
2025-09-21 04:24:17.887000+00:00,GMX-USDT-SWAP,70041.0,1758428657887
2025-09-21 04:24:17.896000+00:00,GOAT-USDT-SWAP,28499580.0,1758428657896
2025-09-21 04:24:17.889000+00:00,GODS-USDT-SWAP,8000294.0,1758428657889
2025-09-21 04:24:17.889000+00:00,GPS-USDT-SWAP,135012180.0,1758428657889
2025-09-21 04:24:17.912000+00:00,GRASS-USDT-SWAP,2692632.0,1758428657912
2025-09-21 04:24:17.901000+00:00,GRIFFAIN-USDT-SWAP,30137060.0,1758428657901
2025-09-21 04:24:18.334000+00:00,GRT-USDT-SWAP,21784500.0,1758428658334
2025-09-21 04:24:18.349000+00:00,H-USDT-SWAP,80104000.0,1758428658349
2025-09-21 04:24:18.350000+00:00,HBAR-USDT-SWAP,81813090.00000006,1758428658350
2025-09-21 04:24:18.337000+00:00,HMSTR-USDT-SWAP,1190879900.0,1758428658337
2025-09-21 04:24:18.336000+00:00,HOME-USDT-SWAP,16102200.0,1758428658336
2025-09-21 04:24:18.341000+00:00,HUMA-USDT-SWAP,71062800.0,1758428658341
2025-09-21 04:24:18.343000+00:00,HYPE-USDT-SWAP,1010287.1,1758428658343
2025-09-21 04:24:18.337000+00:00,ICP-USDT-SWAP,1742791.87,1758428658337
2025-09-21 04:24:18.381000+00:00,ICX-USDT-SWAP,5632890.0,1758428658381
2025-09-21 04:24:18.343000+00:00,IMX-USDT-SWAP,9393441.0,1758428658343
2025-09-21 04:24:18.789000+00:00,INIT-USDT-SWAP,2229910.0,1758428658789
2025-09-21 04:24:18.793000+00:00,INJ-USDT-SWAP,900023.7,1758428658793
2025-09-21 04:24:18.801000+00:00,IOST-USDT-SWAP,269053000.0,1758428658801
2025-09-21 04:24:18.791000+00:00,IOTA-USDT-SWAP,14269860.0,1758428658791
2025-09-21 04:24:18.798000+00:00,IP-USDT-SWAP,5349337.0,1758428658798
2025-09-21 04:24:18.797000+00:00,JELLYJELLY-USDT-SWAP,189411600.0,1758428658797
2025-09-21 04:24:18.802000+00:00,JOE-USDT-SWAP,7383890.0,1758428658802
2025-09-21 04:24:18.797000+00:00,JTO-USDT-SWAP,3834581.0,1758428658797
2025-09-21 04:24:18.797000+00:00,JUP-USDT-SWAP,14356110.0,1758428658797
2025-09-21 04:24:19.228000+00:00,KAITO-USDT-SWAP,4796593.0,1758428659228
2025-09-21 04:24:19.226000+00:00,KMNO-USDT-SWAP,53033000.0,1758428659226
2025-09-21 04:24:19.232000+00:00,KSM-USDT-SWAP,127327.4,1758428659232
2025-09-21 04:24:19.227000+00:00,LA-USDT-SWAP,6093150.0,1758428659227
2025-09-21 04:24:19.226000+00:00,LAUNCHCOIN-USDT-SWAP,40722770.0,1758428659226
2025-09-21 04:24:19.231000+00:00,LAYER-USDT-SWAP,6101794.0,1758428659231
2025-09-21 04:24:19.226000+00:00,LDO-USDT-SWAP,13675696.0,1758428659226
2025-09-21 04:24:19.228000+00:00,LINK-USDT-SWAP,2332334.9,1758428659228
2025-09-21 04:24:19.230000+00:00,LPT-USDT-SWAP,561835.1,1758428659230
2025-09-21 04:24:19.228000+00:00,LQTY-USDT-SWAP,2193308.0,1758428659228
2025-09-21 04:24:19.660000+00:00,LRC-USDT-SWAP,13739640.0,1758428659660
2025-09-21 04:24:19.663000+00:00,LTC-USDT-SWAP,732478.5000000002,1758428659663
2025-09-21 04:24:19.672000+00:00,LUNA-USDT-SWAP,20265014.0,1758428659672
2025-09-21 04:24:19.669000+00:00,MAGIC-USDT-SWAP,15940199.0,1758428659669
2025-09-21 04:24:19.666000+00:00,MAJOR-USDT-SWAP,4652000.0,1758428659666
2025-09-21 04:24:19.670000+00:00,MANA-USDT-SWAP,10632350.0,1758428659670
2025-09-21 04:24:19.664000+00:00,MASK-USDT-SWAP,2958487.0,1758428659664
2025-09-21 04:24:19.669000+00:00,ME-USDT-SWAP,3715087.0,1758428659669
2025-09-21 04:24:19.673000+00:00,MEME-USDT-SWAP,1576244900.0,1758428659673
2025-09-21 04:24:20.096000+00:00,MERL-USDT-SWAP,49526520.0,1758428660096
2025-09-21 04:24:20.116000+00:00,METIS-USDT-SWAP,116459.4,1758428660116
2025-09-21 04:24:20.100000+00:00,MEW-USDT-SWAP,1028957000.0,1758428660100
2025-09-21 04:24:20.092000+00:00,MINA-USDT-SWAP,7575730.0,1758428660092
2025-09-21 04:24:20.093000+00:00,MOG-USDT-SWAP,620822000000.0,1758428660093
2025-09-21 04:24:20.094000+00:00,MOODENG-USDT-SWAP,51117940.0,1758428660094
2025-09-21 04:24:20.092000+00:00,MORPHO-USDT-SWAP,1556990.0,1758428660092
2025-09-21 04:24:20.095000+00:00,MOVE-USDT-SWAP,28007760.0,1758428660095
2025-09-21 04:24:20.095000+00:00,MUBARAK-USDT-SWAP,45751900.0,1758428660095
2025-09-21 04:24:20.538000+00:00,NEAR-USDT-SWAP,7141741.999999998,1758428660538
2025-09-21 04:24:20.542000+00:00,NEIRO-USDT-SWAP,9336311000.0,1758428660542
2025-09-21 04:24:20.542000+00:00,NEO-USDT-SWAP,369663.0,1758428660542
2025-09-21 04:24:20.547000+00:00,NEWT-USDT-SWAP,3437320.0,1758428660547
2025-09-21 04:24:20.559000+00:00,NMR-USDT-SWAP,318422.8,1758428660559
2025-09-21 04:24:20.545000+00:00,NOT-USDT-SWAP,1515837700.0,1758428660545
2025-09-21 04:24:20.546000+00:00,NXPC-USDT-SWAP,1077414.0,1758428660546
2025-09-21 04:24:20.547000+00:00,OL-USDT-SWAP,71765480.0,1758428660547
2025-09-21 04:24:20.554000+00:00,OM-USDT-SWAP,22388460.0,1758428660554
2025-09-21 04:24:20.964000+00:00,ONDO-USDT-SWAP,23951680.0,1758428660964
2025-09-21 04:24:20.999000+00:00,ONE-USDT-SWAP,81331600.0,1758428660999
2025-09-21 04:24:20.981000+00:00,ONT-USDT-SWAP,10315740.0,1758428660981
2025-09-21 04:24:20.971000+00:00,OP-USDT-SWAP,25409597.0,1758428660971
2025-09-21 04:24:20.970000+00:00,ORBS-USDT-SWAP,29055800.0,1758428660970
2025-09-21 04:24:20.970000+00:00,ORDI-USDT-SWAP,1213062.9,1758428660970
2025-09-21 04:24:20.974000+00:00,PARTI-USDT-SWAP,12676920.0,1758428660974
2025-09-21 04:24:20.966000+00:00,PENGU-USDT-SWAP,625450500.0,1758428660966
2025-09-21 04:24:20.974000+00:00,PEOPLE-USDT-SWAP,337515500.0,1758428660974
2025-09-21 04:24:20.973000+00:00,PEPE-USDT-SWAP,8786135000000.004,1758428660973
2025-09-21 04:24:21.443000+00:00,PERP-USDT-SWAP,3134022.0,1758428661443
2025-09-21 04:24:21.424000+00:00,PI-USDT-SWAP,32802058.0,1758428661424
2025-09-21 04:24:21.426000+00:00,PLUME-USDT-SWAP,20278620.0,1758428661426
2025-09-21 04:24:21.422000+00:00,PNUT-USDT-SWAP,36111740.0,1758428661422
2025-09-21 04:24:21.425000+00:00,POL-USDT-SWAP,38114690.0,1758428661425
2025-09-21 04:24:21.430000+00:00,POPCAT-USDT-SWAP,8994240.0,1758428661430
2025-09-21 04:24:21.432000+00:00,PRCL-USDT-SWAP,15307780.0,1758428661432
2025-09-21 04:24:21.422000+00:00,PROMPT-USDT-SWAP,27514310.0,1758428661422
2025-09-21 04:24:21.432000+00:00,PUMP-USDT-SWAP,8004941000.0,1758428661432
2025-09-21 04:24:21.428000+00:00,PYTH-USDT-SWAP,53696570.0,1758428661428
2025-09-21 04:24:21.851000+00:00,QTUM-USDT-SWAP,1052517.0,1758428661851
2025-09-21 04:24:21.857000+00:00,RAY-USDT-SWAP,1504008.0,1758428661857
2025-09-21 04:24:21.860000+00:00,RENDER-USDT-SWAP,1375205.0,1758428661860
2025-09-21 04:24:21.863000+00:00,RESOLV-USDT-SWAP,26240650.0,1758428661863
2025-09-21 04:24:21.853000+00:00,RSR-USDT-SWAP,261989800.0,1758428661853
2025-09-21 04:24:21.859000+00:00,RVN-USDT-SWAP,82555680.0,1758428661859
2025-09-21 04:24:21.860000+00:00,S-USDT-SWAP,12525360.0,1758428661860
2025-09-21 04:24:21.857000+00:00,SAHARA-USDT-SWAP,38207410.0,1758428661857
2025-09-21 04:24:21.860000+00:00,SAND-USDT-SWAP,16928450.0,1758428661860
2025-09-21 04:24:21.857000+00:00,SATS-USDT-SWAP,186700110000000.0,1758428661857
2025-09-21 04:24:22.277000+00:00,SCR-USDT-SWAP,2448303.0,1758428662277
2025-09-21 04:24:22.278000+00:00,SHELL-USDT-SWAP,5171250.0,1758428662278
2025-09-21 04:24:22.284000+00:00,SHIB-USDT-SWAP,1652092200000.0002,1758428662284
2025-09-21 04:24:22.278000+00:00,SIGN-USDT-SWAP,48388000.0,1758428662278
2025-09-21 04:24:22.285000+00:00,SLP-USDT-SWAP,402506280.0,1758428662285
2025-09-21 04:24:22.279000+00:00,SNX-USDT-SWAP,2274532.0,1758428662279
2025-09-21 04:24:22.281000+00:00,SOL-USDT-SWAP,3774583.1600000034,1758428662281
2025-09-21 04:24:22.280000+00:00,SOLV-USDT-SWAP,57003100.0,1758428662280
2025-09-21 04:24:22.283000+00:00,SONIC-USDT-SWAP,7836490.0,1758428662283
2025-09-21 04:24:22.311000+00:00,SOON-USDT-SWAP,6543860.0,1758428662311
2025-09-21 04:24:22.721000+00:00,SOPH-USDT-SWAP,79985500.0,1758428662721
2025-09-21 04:24:22.742000+00:00,SPK-USDT-SWAP,114190900.0,1758428662742
2025-09-21 04:24:23.168000+00:00,SPX-USDT-SWAP,1000988.0,1758428663168
2025-09-21 04:24:22.727000+00:00,SSV-USDT-SWAP,289425.3,1758428662727
2025-09-21 04:24:22.728000+00:00,STORJ-USDT-SWAP,6011120.0,1758428662728
2025-09-21 04:24:22.724000+00:00,STRK-USDT-SWAP,24447967.0,1758428662724
2025-09-21 04:24:22.732000+00:00,STX-USDT-SWAP,7326636.0,1758428662732
2025-09-21 04:24:22.725000+00:00,SUI-USDT-SWAP,23750812.0,1758428662725
2025-09-21 04:24:22.750000+00:00,SUSHI-USDT-SWAP,8182575.0,1758428662750
2025-09-21 04:24:22.738000+00:00,SWARMS-USDT-SWAP,77621150.0,1758428662738
2025-09-21 04:24:23.599000+00:00,SYRUP-USDT-SWAP,2397830.0,1758428663599
2025-09-21 04:24:23.597000+00:00,T-USDT-SWAP,41320600.0,1758428663597
2025-09-21 04:24:23.616000+00:00,TAO-USDT-SWAP,14152.48,1758428663616
2025-09-21 04:24:23.603000+00:00,THETA-USDT-SWAP,2883536.0,1758428663603
2025-09-21 04:24:23.601000+00:00,TIA-USDT-SWAP,5006729.0,1758428663601
2025-09-21 04:24:23.601000+00:00,TNSR-USDT-SWAP,9693073.0,1758428663601
2025-09-21 04:24:23.619000+00:00,TON-USDT-SWAP,8270344.0,1758428663619
2025-09-21 04:24:23.599000+00:00,TRB-USDT-SWAP,230989.8,1758428663599
2025-09-21 04:24:23.603000+00:00,TREE-USDT-SWAP,7701673.0,1758428663603
2025-09-21 04:24:23.603000+00:00,TRUMP-USDT-SWAP,5565641.2,1758428663603
2025-09-21 04:24:24.034000+00:00,TRX-USDT-SWAP,82933590.00000015,1758428664034
2025-09-21 04:24:24.043000+00:00,TURBO-USDT-SWAP,847211000.0,1758428664043
2025-09-21 04:24:24.045000+00:00,UMA-USDT-SWAP,1284437.3,1758428664045
2025-09-21 04:24:24.037000+00:00,UNI-USDT-SWAP,3698699.0,1758428664037
2025-09-21 04:24:24.051000+00:00,USDC-USDT-SWAP,928810.0,1758428664051
2025-09-21 04:24:24.044000+00:00,USELESS-USDT-SWAP,19864940.0,1758428664044
2025-09-21 04:24:24.038000+00:00,UXLINK-USDT-SWAP,5713040.0,1758428664038
2025-09-21 04:24:24.037000+00:00,VANA-USDT-SWAP,131565.0,1758428664037
2025-09-21 04:24:24.043000+00:00,VINE-USDT-SWAP,104137950.0,1758428664043
2025-09-21 04:24:24.462000+00:00,VIRTUAL-USDT-SWAP,3665929.0,1758428664462
2025-09-21 04:24:24.469000+00:00,W-USDT-SWAP,75708885.0,1758428664469
2025-09-21 04:24:24.471000+00:00,WAL-USDT-SWAP,1988400.0,1758428664471
2025-09-21 04:24:24.469000+00:00,WCT-USDT-SWAP,9415780.0,1758428664469
2025-09-21 04:24:24.469000+00:00,WIF-USDT-SWAP,18466489.0,1758428664469
2025-09-21 04:24:24.475000+00:00,WLD-USDT-SWAP,28454152.0,1758428664475
2025-09-21 04:24:24.471000+00:00,WLFI-USDT-SWAP,297879120.0,1758428664471
2025-09-21 04:24:24.472000+00:00,WOO-USDT-SWAP,24020250.0,1758428664472
2025-09-21 04:24:24.471000+00:00,XAUT-USDT-SWAP,4564.098,1758428664471
2025-09-21 04:24:24.906000+00:00,XLM-USDT-SWAP,38769100.00000001,1758428664906
2025-09-21 04:24:24.930000+00:00,XPL-USDT-SWAP,10688540.0,1758428664930
2025-09-21 04:24:24.915000+00:00,XRP-USDT-SWAP,106397047.99999993,1758428664915
2025-09-21 04:24:24.908000+00:00,XTZ-USDT-SWAP,5736367.0,1758428664908
2025-09-21 04:24:24.914000+00:00,YFI-USDT-SWAP,394.7703,1758428664914
2025-09-21 04:24:24.915000+00:00,YGG-USDT-SWAP,41550891.0,1758428664915
2025-09-21 04:24:24.915000+00:00,ZENT-USDT-SWAP,187527100.0,1758428664915
2025-09-21 04:24:24.916000+00:00,ZETA-USDT-SWAP,5517620.0,1758428664916
2025-09-21 04:24:24.911000+00:00,ZIL-USDT-SWAP,156979400.0,1758428664911
2025-09-21 04:24:25.355000+00:00,ZK-USDT-SWAP,47975830.0,1758428665355
2025-09-21 04:24:25.368000+00:00,ZRO-USDT-SWAP,2041957.0,1758428665368
2025-09-21 04:24:25.359000+00:00,ZRX-USDT-SWAP,6553500.0,1758428665359
2025-09-21 04:25:26.060000+00:00,1INCH-USDT-SWAP,7095069.0,1758428726060
2025-09-21 04:25:26.055000+00:00,A-USDT-SWAP,11351330.0,1758428726055
2025-09-21 04:25:26.062000+00:00,AAVE-USDT-SWAP,129731.55000000003,1758428726062
2025-09-21 04:25:26.054000+00:00,ACE-USDT-SWAP,2838420.0,1758428726054
2025-09-21 04:25:26.059000+00:00,ACH-USDT-SWAP,95299500.0,1758428726059
2025-09-21 04:25:26.063000+00:00,ACT-USDT-SWAP,98666590.0,1758428726063
2025-09-21 04:25:26.058000+00:00,ADA-USDT-SWAP,93294370.00000003,1758428726058
2025-09-21 04:25:26.065000+00:00,AERO-USDT-SWAP,2320150.0,1758428726065
2025-09-21 04:25:26.061000+00:00,AEVO-USDT-SWAP,32414431.0,1758428726061
2025-09-21 04:25:26.067000+00:00,AGLD-USDT-SWAP,1988896.0,1758428726067
2025-09-21 04:25:26.480000+00:00,AI16Z-USDT-SWAP,50862726.0,1758428726480
2025-09-21 04:25:26.473000+00:00,AIXBT-USDT-SWAP,22438780.0,1758428726473
2025-09-21 04:25:26.487000+00:00,ALGO-USDT-SWAP,27951170.0,1758428726487
2025-09-21 04:25:26.485000+00:00,ANIME-USDT-SWAP,96711690.0,1758428726485
2025-09-21 04:25:26.483000+00:00,APE-USDT-SWAP,7933840.4,1758428726483
2025-09-21 04:25:26.486000+00:00,API3-USDT-SWAP,2074927.0,1758428726486
2025-09-21 04:25:26.493000+00:00,APT-USDT-SWAP,4158950.0,1758428726493
2025-09-21 04:25:26.483000+00:00,AR-USDT-SWAP,533318.0,1758428726483
2025-09-21 04:25:26.485000+00:00,ARB-USDT-SWAP,37166581.99999998,1758428726485
2025-09-21 04:25:26.917000+00:00,ARC-USDT-SWAP,100061720.0,1758428726917
2025-09-21 04:25:26.970000+00:00,ARKM-USDT-SWAP,3410539.0,1758428726970
2025-09-21 04:25:26.939000+00:00,ATH-USDT-SWAP,170491100.0,1758428726939
2025-09-21 04:25:26.924000+00:00,ATOM-USDT-SWAP,2136335.0,1758428726924
2025-09-21 04:25:26.927000+00:00,AUCTION-USDT-SWAP,240185.3,1758428726927
2025-09-21 04:25:26.938000+00:00,AVAAI-USDT-SWAP,88433710.0,1758428726938
2025-09-21 04:25:26.926000+00:00,AVAX-USDT-SWAP,2283251.2000000016,1758428726926
2025-09-21 04:25:26.922000+00:00,AXS-USDT-SWAP,1123325.9,1758428726922
2025-09-21 04:25:26.924000+00:00,BABY-USDT-SWAP,39244300.0,1758428726924
2025-09-21 04:25:26.924000+00:00,BAND-USDT-SWAP,1247090.0,1758428726924
2025-09-21 04:25:27.377000+00:00,BAT-USDT-SWAP,4765550.0,1758428727377
2025-09-21 04:25:27.378000+00:00,BCH-USDT-SWAP,71363.96999999996,1758428727378
2025-09-21 04:25:27.395000+00:00,BERA-USDT-SWAP,2630817.1,1758428727395
2025-09-21 04:25:27.383000+00:00,BICO-USDT-SWAP,7252487.0,1758428727383
2025-09-21 04:25:27.389000+00:00,BIGTIME-USDT-SWAP,39816350.0,1758428727389
2025-09-21 04:25:27.427000+00:00,BIO-USDT-SWAP,67530331.0,1758428727427
2025-09-21 04:25:27.386000+00:00,BLUR-USDT-SWAP,24646550.0,1758428727386
2025-09-21 04:25:27.381000+00:00,BNB-USDT-SWAP,149899.95,1758428727381
2025-09-21 04:25:27.385000+00:00,BNT-USDT-SWAP,731690.0,1758428727385
2025-09-21 04:25:27.393000+00:00,BOME-USDT-SWAP,1024273000.0,1758428727393
2025-09-21 04:25:27.840000+00:00,BONK-USDT-SWAP,479223300000.0,1758428727840
2025-09-21 04:25:27.836000+00:00,BRETT-USDT-SWAP,19292800.0,1758428727836
2025-09-21 04:25:27.844000+00:00,BTC-USDT-SWAP,28049.90830000008,1758428727844
2025-09-21 04:25:27.843000+00:00,CAT-USDT-SWAP,204139500000.0,1758428727843
2025-09-21 04:25:27.847000+00:00,CATI-USDT-SWAP,16032095.0,1758428727847
2025-09-21 04:25:27.843000+00:00,CELO-USDT-SWAP,3742535.0,1758428727843
2025-09-21 04:25:27.884000+00:00,CETUS-USDT-SWAP,22332030.0,1758428727884
2025-09-21 04:25:27.839000+00:00,CFX-USDT-SWAP,75590050.0,1758428727839
2025-09-21 04:25:27.843000+00:00,CHZ-USDT-SWAP,78222350.0,1758428727843
2025-09-21 04:25:27.874000+00:00,COMP-USDT-SWAP,74709.5,1758428727874
2025-09-21 04:25:28.300000+00:00,COOKIE-USDT-SWAP,5015570.0,1758428728300
2025-09-21 04:25:28.297000+00:00,CORE-USDT-SWAP,9989702.0,1758428728297
2025-09-21 04:25:28.305000+00:00,CRO-USDT-SWAP,51085090.0,1758428728305
2025-09-21 04:25:28.333000+00:00,CRV-USDT-SWAP,24939781.0,1758428728333
2025-09-21 04:25:28.303000+00:00,CTC-USDT-SWAP,1677410.0,1758428728303
2025-09-21 04:25:28.311000+00:00,CVC-USDT-SWAP,9750300.0,1758428728311
2025-09-21 04:25:28.303000+00:00,CVX-USDT-SWAP,374324.0,1758428728303
2025-09-21 04:25:28.296000+00:00,DEGEN-USDT-SWAP,329347100.0,1758428728296
2025-09-21 04:25:28.850000+00:00,DOGE-USDT-SWAP,1395960489.9999993,1758428728850
2025-09-21 04:25:28.843000+00:00,DOGS-USDT-SWAP,15794140000.0,1758428728843
2025-09-21 04:25:28.855000+00:00,DOOD-USDT-SWAP,146889000.0,1758428728855
2025-09-21 04:25:28.849000+00:00,DOT-USDT-SWAP,6328233.0,1758428728849
2025-09-21 04:25:28.857000+00:00,DYDX-USDT-SWAP,13293691.0,1758428728857
2025-09-21 04:25:28.857000+00:00,EGLD-USDT-SWAP,118811.4,1758428728857
2025-09-21 04:25:28.876000+00:00,EIGEN-USDT-SWAP,4715244.0,1758428728876
2025-09-21 04:25:28.858000+00:00,ENJ-USDT-SWAP,14752370.0,1758428728858
2025-09-21 04:25:28.862000+00:00,ENS-USDT-SWAP,331421.8,1758428728862
2025-09-21 04:25:29.296000+00:00,ETC-USDT-SWAP,1204987.9000000004,1758428729296
2025-09-21 04:25:29.297000+00:00,ETH-USDT-SWAP,746171.231,1758428729297
2025-09-21 04:25:29.303000+00:00,ETHFI-USDT-SWAP,7879525.0,1758428729303
2025-09-21 04:25:29.342000+00:00,ETHW-USDT-SWAP,1218099.9,1758428729342
2025-09-21 04:25:29.301000+00:00,FARTCOIN-USDT-SWAP,24992072.0,1758428729301
2025-09-21 04:25:29.308000+00:00,FIL-USDT-SWAP,13645044.0,1758428729308
2025-09-21 04:25:29.309000+00:00,FLM-USDT-SWAP,30728730.0,1758428729309
2025-09-21 04:25:29.297000+00:00,FLOKI-USDT-SWAP,38614200000.0,1758428729297
2025-09-21 04:25:29.312000+00:00,FLOW-USDT-SWAP,4255910.0,1758428729312
2025-09-21 04:25:29.308000+00:00,FXS-USDT-SWAP,353030.0,1758428729308
2025-09-21 04:25:29.750000+00:00,GALA-USDT-SWAP,460008460.0,1758428729750
2025-09-21 04:25:29.757000+00:00,GAS-USDT-SWAP,367468.0,1758428729757
2025-09-21 04:25:29.759000+00:00,GLM-USDT-SWAP,3200210.0,1758428729759
2025-09-21 04:25:29.765000+00:00,GMT-USDT-SWAP,47193872.0,1758428729765
2025-09-21 04:25:29.760000+00:00,GMX-USDT-SWAP,70109.9,1758428729760
2025-09-21 04:25:29.756000+00:00,GOAT-USDT-SWAP,28496850.0,1758428729756
2025-09-21 04:25:29.757000+00:00,GODS-USDT-SWAP,8000107.0,1758428729757
2025-09-21 04:25:29.754000+00:00,GPS-USDT-SWAP,135011560.0,1758428729754
2025-09-21 04:25:29.764000+00:00,GRASS-USDT-SWAP,2695091.0,1758428729764
2025-09-21 04:25:29.763000+00:00,GRIFFAIN-USDT-SWAP,30134630.0,1758428729763
2025-09-21 04:25:30.176000+00:00,GRT-USDT-SWAP,21784120.0,1758428730176
2025-09-21 04:25:30.180000+00:00,H-USDT-SWAP,80106300.0,1758428730180
2025-09-21 04:25:30.197000+00:00,HBAR-USDT-SWAP,81813990.00000006,1758428730197
2025-09-21 04:25:30.188000+00:00,HMSTR-USDT-SWAP,1190919400.0,1758428730188
2025-09-21 04:25:30.192000+00:00,HOME-USDT-SWAP,16101700.0,1758428730192
2025-09-21 04:25:30.183000+00:00,HUMA-USDT-SWAP,71099300.0,1758428730183
2025-09-21 04:25:30.191000+00:00,HYPE-USDT-SWAP,1010579.4,1758428730191
2025-09-21 04:25:30.179000+00:00,ICP-USDT-SWAP,1743006.32,1758428730179
2025-09-21 04:25:30.190000+00:00,ICX-USDT-SWAP,5632890.0,1758428730190
2025-09-21 04:25:30.187000+00:00,IMX-USDT-SWAP,9403340.0,1758428730187
2025-09-21 04:25:30.623000+00:00,INIT-USDT-SWAP,2229940.0,1758428730623
2025-09-21 04:25:30.623000+00:00,INJ-USDT-SWAP,899966.4,1758428730623
2025-09-21 04:25:30.665000+00:00,IOST-USDT-SWAP,269053000.0,1758428730665
2025-09-21 04:25:30.634000+00:00,IOTA-USDT-SWAP,14269860.0,1758428730634
2025-09-21 04:25:30.631000+00:00,IP-USDT-SWAP,5350767.0,1758428730631
2025-09-21 04:25:30.634000+00:00,JELLYJELLY-USDT-SWAP,189376800.0,1758428730634
2025-09-21 04:25:30.640000+00:00,JOE-USDT-SWAP,7384050.0,1758428730640
2025-09-21 04:25:30.633000+00:00,JTO-USDT-SWAP,3834603.0,1758428730633
2025-09-21 04:25:30.662000+00:00,JUP-USDT-SWAP,14358100.0,1758428730662
2025-09-21 04:25:31.089000+00:00,KAITO-USDT-SWAP,4795842.0,1758428731089
2025-09-21 04:25:31.086000+00:00,KMNO-USDT-SWAP,52981500.0,1758428731086
2025-09-21 04:25:31.101000+00:00,KSM-USDT-SWAP,127325.3,1758428731101
2025-09-21 04:25:31.121000+00:00,LA-USDT-SWAP,6083550.0,1758428731121
2025-09-21 04:25:31.108000+00:00,LAUNCHCOIN-USDT-SWAP,40773330.0,1758428731108
2025-09-21 04:25:31.114000+00:00,LAYER-USDT-SWAP,6101798.0,1758428731114
2025-09-21 04:25:31.103000+00:00,LDO-USDT-SWAP,13675772.0,1758428731103
2025-09-21 04:25:31.095000+00:00,LINK-USDT-SWAP,2332321.3,1758428731095
2025-09-21 04:25:31.092000+00:00,LPT-USDT-SWAP,561807.4,1758428731092
2025-09-21 04:25:31.099000+00:00,LQTY-USDT-SWAP,2193083.0,1758428731099
2025-09-21 04:25:31.540000+00:00,LRC-USDT-SWAP,13733620.0,1758428731540
2025-09-21 04:25:31.542000+00:00,LTC-USDT-SWAP,732477.0000000002,1758428731542
2025-09-21 04:25:31.549000+00:00,LUNA-USDT-SWAP,20263961.0,1758428731549
2025-09-21 04:25:31.548000+00:00,MAGIC-USDT-SWAP,15942605.0,1758428731548
2025-09-21 04:25:31.548000+00:00,MAJOR-USDT-SWAP,4652000.0,1758428731548
2025-09-21 04:25:31.552000+00:00,MANA-USDT-SWAP,10631560.0,1758428731552
2025-09-21 04:25:31.556000+00:00,MASK-USDT-SWAP,2958502.0,1758428731556
2025-09-21 04:25:31.548000+00:00,ME-USDT-SWAP,3715793.0,1758428731548
2025-09-21 04:25:31.550000+00:00,MEME-USDT-SWAP,1576417600.0,1758428731550
2025-09-21 04:25:31.986000+00:00,MERL-USDT-SWAP,49526032.0,1758428731986
2025-09-21 04:25:31.987000+00:00,METIS-USDT-SWAP,116459.1,1758428731987
2025-09-21 04:25:31.996000+00:00,MEW-USDT-SWAP,1028922000.0,1758428731996
2025-09-21 04:25:31.990000+00:00,MINA-USDT-SWAP,7575761.0,1758428731990
2025-09-21 04:25:31.996000+00:00,MOG-USDT-SWAP,621292000000.0,1758428731996
2025-09-21 04:25:31.999000+00:00,MOODENG-USDT-SWAP,51137230.0,1758428731999
2025-09-21 04:25:31.990000+00:00,MORPHO-USDT-SWAP,1556563.0,1758428731990
2025-09-21 04:25:31.996000+00:00,MOVE-USDT-SWAP,28007700.0,1758428731996
2025-09-21 04:25:31.998000+00:00,MUBARAK-USDT-SWAP,45686300.0,1758428731998
2025-09-21 04:25:32.412000+00:00,NEAR-USDT-SWAP,7141456.999999997,1758428732412
2025-09-21 04:25:32.426000+00:00,NEIRO-USDT-SWAP,9336768000.0,1758428732426
2025-09-21 04:25:32.422000+00:00,NEO-USDT-SWAP,369667.0,1758428732422
2025-09-21 04:25:32.416000+00:00,NEWT-USDT-SWAP,3437790.0,1758428732416
2025-09-21 04:25:32.437000+00:00,NMR-USDT-SWAP,318408.9,1758428732437
2025-09-21 04:25:32.426000+00:00,NOT-USDT-SWAP,1515838200.0,1758428732426
2025-09-21 04:25:32.416000+00:00,NXPC-USDT-SWAP,1077410.0,1758428732416
2025-09-21 04:25:32.834000+00:00,OL-USDT-SWAP,71764530.0,1758428732834
2025-09-21 04:25:32.447000+00:00,OM-USDT-SWAP,22381090.0,1758428732447
2025-09-21 04:25:33.256000+00:00,ONDO-USDT-SWAP,23952590.0,1758428733256
2025-09-21 04:25:33.267000+00:00,ONE-USDT-SWAP,81331600.0,1758428733267
2025-09-21 04:25:33.270000+00:00,ONT-USDT-SWAP,10313250.0,1758428733270
2025-09-21 04:25:33.266000+00:00,OP-USDT-SWAP,25416248.0,1758428733266
2025-09-21 04:25:33.272000+00:00,ORBS-USDT-SWAP,29055800.0,1758428733272
2025-09-21 04:25:33.263000+00:00,ORDI-USDT-SWAP,1213073.3,1758428733263
2025-09-21 04:25:33.263000+00:00,PARTI-USDT-SWAP,12676940.0,1758428733263
2025-09-21 04:25:33.256000+00:00,PENGU-USDT-SWAP,625574700.0,1758428733256
2025-09-21 04:25:33.265000+00:00,PEOPLE-USDT-SWAP,337546800.0,1758428733265
2025-09-21 04:25:33.268000+00:00,PEPE-USDT-SWAP,8790999000000.004,1758428733268
2025-09-21 04:25:33.702000+00:00,PERP-USDT-SWAP,3134233.0,1758428733702
2025-09-21 04:25:33.703000+00:00,PI-USDT-SWAP,32802013.0,1758428733703
2025-09-21 04:25:33.703000+00:00,PLUME-USDT-SWAP,20292060.0,1758428733703
2025-09-21 04:25:33.693000+00:00,PNUT-USDT-SWAP,36124420.0,1758428733693
2025-09-21 04:25:33.690000+00:00,POL-USDT-SWAP,38113380.0,1758428733690
2025-09-21 04:25:33.695000+00:00,POPCAT-USDT-SWAP,8994320.0,1758428733695
2025-09-21 04:25:33.699000+00:00,PRCL-USDT-SWAP,15307855.0,1758428733699
2025-09-21 04:25:33.692000+00:00,PROMPT-USDT-SWAP,27516780.0,1758428733692
2025-09-21 04:25:33.701000+00:00,PUMP-USDT-SWAP,8011377000.0,1758428733701
2025-09-21 04:25:33.696000+00:00,PYTH-USDT-SWAP,53688340.0,1758428733696
2025-09-21 04:25:34.176000+00:00,QTUM-USDT-SWAP,1052524.0,1758428734176
2025-09-21 04:25:34.179000+00:00,RAY-USDT-SWAP,1504333.0,1758428734179
2025-09-21 04:25:34.195000+00:00,RENDER-USDT-SWAP,1375176.0,1758428734195
2025-09-21 04:25:34.208000+00:00,RESOLV-USDT-SWAP,26244200.0,1758428734208
2025-09-21 04:25:34.191000+00:00,RSR-USDT-SWAP,262067200.0,1758428734191
2025-09-21 04:25:34.187000+00:00,RVN-USDT-SWAP,82555680.0,1758428734187
2025-09-21 04:25:34.186000+00:00,S-USDT-SWAP,12525050.0,1758428734186
2025-09-21 04:25:34.181000+00:00,SAHARA-USDT-SWAP,38206070.0,1758428734181
2025-09-21 04:25:34.185000+00:00,SAND-USDT-SWAP,16925170.0,1758428734185
2025-09-21 04:25:34.192000+00:00,SATS-USDT-SWAP,186771740000000.0,1758428734192
2025-09-21 04:25:34.632000+00:00,SCR-USDT-SWAP,2448287.0,1758428734632
2025-09-21 04:25:34.631000+00:00,SHELL-USDT-SWAP,5180420.0,1758428734631
2025-09-21 04:25:34.652000+00:00,SHIB-USDT-SWAP,1651914300000.0,1758428734652
2025-09-21 04:25:34.632000+00:00,SIGN-USDT-SWAP,48386100.0,1758428734632
2025-09-21 04:25:34.635000+00:00,SLP-USDT-SWAP,402507670.0,1758428734635
2025-09-21 04:25:34.635000+00:00,SNX-USDT-SWAP,2274525.0,1758428734635
2025-09-21 04:25:34.634000+00:00,SOL-USDT-SWAP,3774172.3400000036,1758428734634
2025-09-21 04:25:34.631000+00:00,SOLV-USDT-SWAP,57006700.0,1758428734631
2025-09-21 04:25:34.645000+00:00,SONIC-USDT-SWAP,7836490.0,1758428734645
2025-09-21 04:25:34.637000+00:00,SOON-USDT-SWAP,6544500.0,1758428734637
2025-09-21 04:25:35.073000+00:00,SOPH-USDT-SWAP,79983700.0,1758428735073
2025-09-21 04:25:35.069000+00:00,SPK-USDT-SWAP,114199600.0,1758428735069
2025-09-21 04:25:35.083000+00:00,SPX-USDT-SWAP,1000934.0,1758428735083
2025-09-21 04:25:35.078000+00:00,SSV-USDT-SWAP,289425.2,1758428735078
2025-09-21 04:25:35.082000+00:00,STORJ-USDT-SWAP,6011120.0,1758428735082
2025-09-21 04:25:35.080000+00:00,STRK-USDT-SWAP,24448230.0,1758428735080
2025-09-21 04:25:35.078000+00:00,STX-USDT-SWAP,7326466.0,1758428735078
2025-09-21 04:25:35.086000+00:00,SUI-USDT-SWAP,23754438.0,1758428735086
2025-09-21 04:25:35.075000+00:00,SUSHI-USDT-SWAP,8182509.0,1758428735075
2025-09-21 04:25:35.082000+00:00,SWARMS-USDT-SWAP,77634860.0,1758428735082
2025-09-21 04:25:35.518000+00:00,SYRUP-USDT-SWAP,2397580.0,1758428735518
2025-09-21 04:25:35.504000+00:00,T-USDT-SWAP,41320600.0,1758428735504
2025-09-21 04:25:35.547000+00:00,TAO-USDT-SWAP,14150.38,1758428735547
2025-09-21 04:25:35.516000+00:00,THETA-USDT-SWAP,2883986.0,1758428735516
2025-09-21 04:25:35.512000+00:00,TIA-USDT-SWAP,5007114.0,1758428735512
2025-09-21 04:25:35.515000+00:00,TNSR-USDT-SWAP,9693073.0,1758428735515
2025-09-21 04:25:35.526000+00:00,TON-USDT-SWAP,8270361.0,1758428735526
2025-09-21 04:25:35.509000+00:00,TRB-USDT-SWAP,230975.7,1758428735509
2025-09-21 04:25:35.519000+00:00,TREE-USDT-SWAP,7716606.0,1758428735519
2025-09-21 04:25:35.521000+00:00,TRUMP-USDT-SWAP,5564129.0,1758428735521
2025-09-21 04:25:35.965000+00:00,TRX-USDT-SWAP,82931550.00000015,1758428735965
2025-09-21 04:25:35.964000+00:00,TURBO-USDT-SWAP,847341000.0,1758428735964
2025-09-21 04:25:35.987000+00:00,UMA-USDT-SWAP,1285496.0,1758428735987
2025-09-21 04:25:35.976000+00:00,UNI-USDT-SWAP,3697461.0,1758428735976
2025-09-21 04:25:35.971000+00:00,USDC-USDT-SWAP,928810.0,1758428735971
2025-09-21 04:25:35.975000+00:00,USELESS-USDT-SWAP,19866070.0,1758428735975
2025-09-21 04:25:35.975000+00:00,UXLINK-USDT-SWAP,5712810.0,1758428735975
2025-09-21 04:25:35.976000+00:00,VANA-USDT-SWAP,131727.8,1758428735976
2025-09-21 04:25:35.989000+00:00,VINE-USDT-SWAP,104086590.0,1758428735989
2025-09-21 04:25:36.410000+00:00,VIRTUAL-USDT-SWAP,3665136.0,1758428736410
2025-09-21 04:25:36.412000+00:00,W-USDT-SWAP,75669620.0,1758428736412
2025-09-21 04:25:36.418000+00:00,WAL-USDT-SWAP,1988400.0,1758428736418
2025-09-21 04:25:36.415000+00:00,WCT-USDT-SWAP,9422160.0,1758428736415
2025-09-21 04:25:36.415000+00:00,WIF-USDT-SWAP,18532515.0,1758428736415
2025-09-21 04:25:36.428000+00:00,WLD-USDT-SWAP,28453780.0,1758428736428
2025-09-21 04:25:36.412000+00:00,WLFI-USDT-SWAP,298128060.0,1758428736412
2025-09-21 04:25:36.417000+00:00,WOO-USDT-SWAP,24027310.0,1758428736417
2025-09-21 04:25:36.425000+00:00,XAUT-USDT-SWAP,4563.667,1758428736425
2025-09-21 04:25:36.846000+00:00,XLM-USDT-SWAP,38765110.00000001,1758428736846
2025-09-21 04:25:36.842000+00:00,XPL-USDT-SWAP,10675570.0,1758428736842
2025-09-21 04:25:36.855000+00:00,XRP-USDT-SWAP,106422350.99999993,1758428736855
2025-09-21 04:25:36.851000+00:00,XTZ-USDT-SWAP,5736005.0,1758428736851
2025-09-21 04:25:36.845000+00:00,YFI-USDT-SWAP,394.7667,1758428736845
2025-09-21 04:25:36.849000+00:00,YGG-USDT-SWAP,41548117.0,1758428736849
2025-09-21 04:25:36.849000+00:00,ZENT-USDT-SWAP,187530600.0,1758428736849
2025-09-21 04:25:36.851000+00:00,ZETA-USDT-SWAP,5517620.0,1758428736851
2025-09-21 04:25:36.853000+00:00,ZIL-USDT-SWAP,156979400.0,1758428736853
2025-09-21 04:25:37.260000+00:00,ZK-USDT-SWAP,47975310.0,1758428737260
2025-09-21 04:25:37.256000+00:00,ZRO-USDT-SWAP,2043190.0,1758428737256
2025-09-21 04:25:37.263000+00:00,ZRX-USDT-SWAP,6553840.0,1758428737263
2025-09-21 04:26:37.957000+00:00,1INCH-USDT-SWAP,7095028.0,1758428797957
2025-09-21 04:26:37.945000+00:00,A-USDT-SWAP,11352390.0,1758428797945
2025-09-21 04:26:37.956000+00:00,AAVE-USDT-SWAP,129730.64000000004,1758428797956
2025-09-21 04:26:37.942000+00:00,ACE-USDT-SWAP,2838394.0,1758428797942
2025-09-21 04:26:37.955000+00:00,ACH-USDT-SWAP,95299100.0,1758428797955
2025-09-21 04:26:37.954000+00:00,ACT-USDT-SWAP,98643403.0,1758428797954
2025-09-21 04:26:37.954000+00:00,ADA-USDT-SWAP,93298140.00000003,1758428797954
2025-09-21 04:26:37.954000+00:00,AERO-USDT-SWAP,2317170.0,1758428797954
2025-09-21 04:26:37.954000+00:00,AEVO-USDT-SWAP,32961242.0,1758428797954
2025-09-21 04:26:37.959000+00:00,AGLD-USDT-SWAP,1988939.0,1758428797959
2025-09-21 04:26:38.396000+00:00,AI16Z-USDT-SWAP,50867283.0,1758428798396
2025-09-21 04:26:38.398000+00:00,AIXBT-USDT-SWAP,22430710.0,1758428798398
2025-09-21 04:26:38.400000+00:00,ALGO-USDT-SWAP,27954130.0,1758428798400
2025-09-21 04:26:38.399000+00:00,ANIME-USDT-SWAP,96712060.0,1758428798399
2025-09-21 04:26:38.400000+00:00,APE-USDT-SWAP,7934157.3,1758428798400
2025-09-21 04:26:38.416000+00:00,API3-USDT-SWAP,2073735.0,1758428798416
2025-09-21 04:26:38.397000+00:00,APT-USDT-SWAP,4159172.0,1758428798397
2025-09-21 04:26:38.400000+00:00,AR-USDT-SWAP,533285.4,1758428798400
2025-09-21 04:26:38.398000+00:00,ARB-USDT-SWAP,37160159.99999998,1758428798398
2025-09-21 04:26:38.826000+00:00,ARC-USDT-SWAP,100011280.0,1758428798826
2025-09-21 04:26:38.819000+00:00,ARKM-USDT-SWAP,3410428.0,1758428798819
2025-09-21 04:26:38.839000+00:00,ATH-USDT-SWAP,170597000.0,1758428798839
2025-09-21 04:26:38.840000+00:00,ATOM-USDT-SWAP,2135551.0,1758428798840
2025-09-21 04:26:38.833000+00:00,AUCTION-USDT-SWAP,240049.5,1758428798833
2025-09-21 04:26:38.833000+00:00,AVAAI-USDT-SWAP,88444900.0,1758428798833
2025-09-21 04:26:38.832000+00:00,AVAX-USDT-SWAP,2284263.1000000015,1758428798832
2025-09-21 04:26:38.824000+00:00,AXS-USDT-SWAP,1123374.6,1758428798824
2025-09-21 04:26:38.835000+00:00,BABY-USDT-SWAP,39212710.0,1758428798835
2025-09-21 04:26:38.830000+00:00,BAND-USDT-SWAP,1245359.0,1758428798830
2025-09-21 04:26:39.261000+00:00,BAT-USDT-SWAP,4764370.0,1758428799261
2025-09-21 04:26:39.270000+00:00,BCH-USDT-SWAP,71366.25999999997,1758428799270
2025-09-21 04:26:39.270000+00:00,BERA-USDT-SWAP,2630538.0,1758428799270
2025-09-21 04:26:39.263000+00:00,BICO-USDT-SWAP,7252235.0,1758428799263
2025-09-21 04:26:39.265000+00:00,BIGTIME-USDT-SWAP,39817890.0,1758428799265
2025-09-21 04:26:39.270000+00:00,BIO-USDT-SWAP,67499471.0,1758428799270
2025-09-21 04:26:39.274000+00:00,BLUR-USDT-SWAP,24658540.0,1758428799274
2025-09-21 04:26:39.275000+00:00,BNB-USDT-SWAP,149925.11,1758428799275
2025-09-21 04:26:39.304000+00:00,BNT-USDT-SWAP,731690.0,1758428799304
2025-09-21 04:26:39.270000+00:00,BOME-USDT-SWAP,1024292000.0,1758428799270
2025-09-21 04:26:39.727000+00:00,BONK-USDT-SWAP,479071300000.0,1758428799727
2025-09-21 04:26:39.738000+00:00,BRETT-USDT-SWAP,19264600.0,1758428799738
2025-09-21 04:26:39.732000+00:00,BTC-USDT-SWAP,28050.52520000008,1758428799732
2025-09-21 04:26:39.732000+00:00,CAT-USDT-SWAP,204190000000.0,1758428799732
2025-09-21 04:26:39.734000+00:00,CATI-USDT-SWAP,16032131.0,1758428799734
2025-09-21 04:26:39.734000+00:00,CELO-USDT-SWAP,3742505.0,1758428799734
2025-09-21 04:26:39.733000+00:00,CETUS-USDT-SWAP,22332140.0,1758428799733
2025-09-21 04:26:39.726000+00:00,CFX-USDT-SWAP,75583060.0,1758428799726
2025-09-21 04:26:39.765000+00:00,CHZ-USDT-SWAP,78224080.0,1758428799765
2025-09-21 04:26:39.750000+00:00,COMP-USDT-SWAP,74706.3,1758428799750
2025-09-21 04:26:40.189000+00:00,COOKIE-USDT-SWAP,5015230.0,1758428800189
2025-09-21 04:26:40.203000+00:00,CORE-USDT-SWAP,9989271.0,1758428800203
2025-09-21 04:26:40.204000+00:00,CRO-USDT-SWAP,51086080.0,1758428800204
2025-09-21 04:26:40.194000+00:00,CRV-USDT-SWAP,24992313.0,1758428800194
2025-09-21 04:26:40.213000+00:00,CTC-USDT-SWAP,1677410.0,1758428800213
2025-09-21 04:26:40.204000+00:00,CVC-USDT-SWAP,9749600.0,1758428800204
2025-09-21 04:26:40.201000+00:00,CVX-USDT-SWAP,374366.0,1758428800201
2025-09-21 04:26:40.208000+00:00,DEGEN-USDT-SWAP,329708300.0,1758428800208
2025-09-21 04:26:41.034000+00:00,DOGE-USDT-SWAP,1395953169.9999993,1758428801034
2025-09-21 04:26:41.035000+00:00,DOGS-USDT-SWAP,15784400000.0,1758428801035
2025-09-21 04:26:41.041000+00:00,DOOD-USDT-SWAP,146887000.0,1758428801041
2025-09-21 04:26:41.042000+00:00,DOT-USDT-SWAP,6328156.0,1758428801042
2025-09-21 04:26:41.045000+00:00,DYDX-USDT-SWAP,13290469.0,1758428801045
2025-09-21 04:26:41.049000+00:00,EGLD-USDT-SWAP,118790.4,1758428801049
2025-09-21 04:26:41.037000+00:00,EIGEN-USDT-SWAP,4714195.0,1758428801037
2025-09-21 04:26:41.041000+00:00,ENJ-USDT-SWAP,14752480.0,1758428801041
2025-09-21 04:26:41.045000+00:00,ENS-USDT-SWAP,331657.9,1758428801045
2025-09-21 04:26:41.465000+00:00,ETC-USDT-SWAP,1204601.3000000005,1758428801465
2025-09-21 04:26:41.464000+00:00,ETH-USDT-SWAP,746163.4990000001,1758428801464
2025-09-21 04:26:41.479000+00:00,ETHFI-USDT-SWAP,7879499.0,1758428801479
2025-09-21 04:26:41.471000+00:00,ETHW-USDT-SWAP,1218102.5,1758428801471
2025-09-21 04:26:41.477000+00:00,FARTCOIN-USDT-SWAP,24997152.0,1758428801477
2025-09-21 04:26:41.483000+00:00,FIL-USDT-SWAP,13640908.5,1758428801483
2025-09-21 04:26:41.495000+00:00,FLM-USDT-SWAP,30750280.0,1758428801495
2025-09-21 04:26:41.467000+00:00,FLOKI-USDT-SWAP,38618000000.0,1758428801467
2025-09-21 04:26:41.471000+00:00,FLOW-USDT-SWAP,4255570.0,1758428801471
2025-09-21 04:26:41.471000+00:00,FXS-USDT-SWAP,353030.0,1758428801471
2025-09-21 04:26:41.913000+00:00,GALA-USDT-SWAP,460004690.0,1758428801913
2025-09-21 04:26:41.918000+00:00,GAS-USDT-SWAP,367468.0,1758428801918
2025-09-21 04:26:41.915000+00:00,GLM-USDT-SWAP,3196050.0,1758428801915
2025-09-21 04:26:41.943000+00:00,GMT-USDT-SWAP,47193667.0,1758428801943
2025-09-21 04:26:41.927000+00:00,GMX-USDT-SWAP,70102.7,1758428801927
2025-09-21 04:26:41.912000+00:00,GOAT-USDT-SWAP,28497710.0,1758428801912
2025-09-21 04:26:41.915000+00:00,GODS-USDT-SWAP,8000107.0,1758428801915
2025-09-21 04:26:41.908000+00:00,GPS-USDT-SWAP,134985030.0,1758428801908
2025-09-21 04:26:41.945000+00:00,GRASS-USDT-SWAP,2693418.0,1758428801945
2025-09-21 04:26:41.916000+00:00,GRIFFAIN-USDT-SWAP,30132670.0,1758428801916
2025-09-21 04:26:42.504000+00:00,GRT-USDT-SWAP,21784470.0,1758428802504
2025-09-21 04:26:42.365000+00:00,H-USDT-SWAP,79997500.0,1758428802365
2025-09-21 04:26:42.373000+00:00,HBAR-USDT-SWAP,81815990.00000006,1758428802373
2025-09-21 04:26:42.383000+00:00,HMSTR-USDT-SWAP,1190873600.0,1758428802383
2025-09-21 04:26:42.381000+00:00,HOME-USDT-SWAP,16099300.0,1758428802381
2025-09-21 04:26:42.372000+00:00,HUMA-USDT-SWAP,71089000.0,1758428802372
2025-09-21 04:26:42.375000+00:00,HYPE-USDT-SWAP,1010660.6,1758428802375
2025-09-21 04:26:42.369000+00:00,ICP-USDT-SWAP,1742959.88,1758428802369
2025-09-21 04:26:42.374000+00:00,ICX-USDT-SWAP,5635570.0,1758428802374
2025-09-21 04:26:42.373000+00:00,IMX-USDT-SWAP,9402121.0,1758428802373
2025-09-21 04:26:42.921000+00:00,INIT-USDT-SWAP,2229880.0,1758428802921
2025-09-21 04:26:42.915000+00:00,INJ-USDT-SWAP,899924.9,1758428802915
2025-09-21 04:26:42.926000+00:00,IOST-USDT-SWAP,269073000.0,1758428802926
2025-09-21 04:26:42.935000+00:00,IOTA-USDT-SWAP,14268040.0,1758428802935
2025-09-21 04:26:42.926000+00:00,IP-USDT-SWAP,5351055.0,1758428802926
2025-09-21 04:26:42.926000+00:00,JELLYJELLY-USDT-SWAP,189380300.0,1758428802926
2025-09-21 04:26:43.059000+00:00,JOE-USDT-SWAP,7384620.0,1758428803059
2025-09-21 04:26:42.934000+00:00,JTO-USDT-SWAP,3833940.0,1758428802934
2025-09-21 04:26:42.940000+00:00,JUP-USDT-SWAP,14358450.0,1758428802940
2025-09-21 04:26:43.474000+00:00,KAITO-USDT-SWAP,4791791.0,1758428803474
2025-09-21 04:26:43.467000+00:00,KMNO-USDT-SWAP,52899900.0,1758428803467
2025-09-21 04:26:43.476000+00:00,KSM-USDT-SWAP,127331.2,1758428803476
2025-09-21 04:26:43.474000+00:00,LA-USDT-SWAP,6092470.0,1758428803474
2025-09-21 04:26:43.476000+00:00,LAUNCHCOIN-USDT-SWAP,40775510.0,1758428803476
2025-09-21 04:26:43.482000+00:00,LAYER-USDT-SWAP,6101094.0,1758428803482
2025-09-21 04:26:43.484000+00:00,LDO-USDT-SWAP,13671260.0,1758428803484
2025-09-21 04:26:43.470000+00:00,LINK-USDT-SWAP,2332341.8,1758428803470
2025-09-21 04:26:43.475000+00:00,LPT-USDT-SWAP,561803.6,1758428803475
2025-09-21 04:26:43.481000+00:00,LQTY-USDT-SWAP,2192979.0,1758428803481
2025-09-21 04:26:43.898000+00:00,LRC-USDT-SWAP,13733480.0,1758428803898
2025-09-21 04:26:43.895000+00:00,LTC-USDT-SWAP,732471.9000000003,1758428803895
2025-09-21 04:26:43.903000+00:00,LUNA-USDT-SWAP,20259097.0,1758428803903
2025-09-21 04:26:43.910000+00:00,MAGIC-USDT-SWAP,15939008.0,1758428803910
2025-09-21 04:26:43.904000+00:00,MAJOR-USDT-SWAP,4652000.0,1758428803904
2025-09-21 04:26:43.907000+00:00,MANA-USDT-SWAP,10631050.0,1758428803907
2025-09-21 04:26:43.911000+00:00,MASK-USDT-SWAP,2958506.0,1758428803911
2025-09-21 04:26:43.900000+00:00,ME-USDT-SWAP,3715600.0,1758428803900
2025-09-21 04:26:43.904000+00:00,MEME-USDT-SWAP,1575525600.0,1758428803904
2025-09-21 04:26:44.327000+00:00,MERL-USDT-SWAP,49526500.0,1758428804327
2025-09-21 04:26:44.338000+00:00,METIS-USDT-SWAP,116459.1,1758428804338
2025-09-21 04:26:44.334000+00:00,MEW-USDT-SWAP,1028993000.0,1758428804334
2025-09-21 04:26:44.338000+00:00,MINA-USDT-SWAP,7575478.0,1758428804338
2025-09-21 04:26:44.354000+00:00,MOG-USDT-SWAP,619269000000.0,1758428804354
2025-09-21 04:26:44.338000+00:00,MOODENG-USDT-SWAP,51122720.0,1758428804338
2025-09-21 04:26:44.362000+00:00,MORPHO-USDT-SWAP,1556439.0,1758428804362
2025-09-21 04:26:44.339000+00:00,MOVE-USDT-SWAP,27995170.0,1758428804339
2025-09-21 04:26:44.340000+00:00,MUBARAK-USDT-SWAP,45727700.0,1758428804340
2025-09-21 04:26:44.788000+00:00,NEAR-USDT-SWAP,7140531.999999998,1758428804788
2025-09-21 04:26:44.793000+00:00,NEIRO-USDT-SWAP,9331707000.0,1758428804793
2025-09-21 04:26:44.794000+00:00,NEO-USDT-SWAP,369518.0,1758428804794
2025-09-21 04:26:44.793000+00:00,NEWT-USDT-SWAP,3437780.0,1758428804793
2025-09-21 04:26:44.786000+00:00,NMR-USDT-SWAP,318994.5,1758428804786
2025-09-21 04:26:44.800000+00:00,NOT-USDT-SWAP,1515861700.0,1758428804800
2025-09-21 04:26:44.783000+00:00,NXPC-USDT-SWAP,1077410.0,1758428804783
2025-09-21 04:26:44.800000+00:00,OL-USDT-SWAP,71762620.0,1758428804800
2025-09-21 04:26:44.792000+00:00,OM-USDT-SWAP,22383370.0,1758428804792
2025-09-21 04:26:45.229000+00:00,ONDO-USDT-SWAP,23954860.0,1758428805229
2025-09-21 04:26:45.220000+00:00,ONE-USDT-SWAP,81331800.0,1758428805220
2025-09-21 04:26:45.229000+00:00,ONT-USDT-SWAP,10313190.0,1758428805229
2025-09-21 04:26:45.267000+00:00,OP-USDT-SWAP,25415882.0,1758428805267
2025-09-21 04:26:45.235000+00:00,ORBS-USDT-SWAP,29055800.0,1758428805235
2025-09-21 04:26:45.240000+00:00,ORDI-USDT-SWAP,1212992.5,1758428805240
2025-09-21 04:26:45.228000+00:00,PARTI-USDT-SWAP,12674210.0,1758428805228
2025-09-21 04:26:45.221000+00:00,PENGU-USDT-SWAP,625540700.0,1758428805221
2025-09-21 04:26:45.226000+00:00,PEOPLE-USDT-SWAP,337526000.0,1758428805226
2025-09-21 04:26:45.235000+00:00,PEPE-USDT-SWAP,8792977000000.004,1758428805235
2025-09-21 04:26:45.684000+00:00,PERP-USDT-SWAP,3137792.0,1758428805684
2025-09-21 04:26:45.677000+00:00,PI-USDT-SWAP,32807401.0,1758428805677
2025-09-21 04:26:45.686000+00:00,PLUME-USDT-SWAP,20296620.0,1758428805686
2025-09-21 04:26:45.724000+00:00,PNUT-USDT-SWAP,36125510.0,1758428805724
2025-09-21 04:26:45.687000+00:00,POL-USDT-SWAP,38112980.0,1758428805687
2025-09-21 04:26:45.687000+00:00,POPCAT-USDT-SWAP,8994310.0,1758428805687
2025-09-21 04:26:45.728000+00:00,PRCL-USDT-SWAP,15307046.0,1758428805728
2025-09-21 04:26:45.685000+00:00,PROMPT-USDT-SWAP,27530030.0,1758428805685
2025-09-21 04:26:45.689000+00:00,PUMP-USDT-SWAP,8008309000.0,1758428805689
2025-09-21 04:26:45.700000+00:00,PYTH-USDT-SWAP,53669830.0,1758428805700
2025-09-21 04:26:46.146000+00:00,QTUM-USDT-SWAP,1052383.0,1758428806146
2025-09-21 04:26:46.157000+00:00,RAY-USDT-SWAP,1504456.0,1758428806157
2025-09-21 04:26:46.153000+00:00,RENDER-USDT-SWAP,1374525.0,1758428806153
2025-09-21 04:26:46.147000+00:00,RESOLV-USDT-SWAP,26244660.0,1758428806147
2025-09-21 04:26:46.152000+00:00,RSR-USDT-SWAP,262065600.0,1758428806152
2025-09-21 04:26:46.154000+00:00,RVN-USDT-SWAP,82561310.0,1758428806154
2025-09-21 04:26:46.153000+00:00,S-USDT-SWAP,12525930.0,1758428806153
2025-09-21 04:26:46.148000+00:00,SAHARA-USDT-SWAP,38202490.0,1758428806148
2025-09-21 04:26:46.148000+00:00,SAND-USDT-SWAP,16923910.0,1758428806148
2025-09-21 04:26:46.154000+00:00,SATS-USDT-SWAP,186779800000000.0,1758428806154
2025-09-21 04:26:46.597000+00:00,SCR-USDT-SWAP,2448565.0,1758428806597
2025-09-21 04:26:46.608000+00:00,SHELL-USDT-SWAP,5183530.0,1758428806608
2025-09-21 04:26:46.607000+00:00,SHIB-USDT-SWAP,1651443900000.0,1758428806607
2025-09-21 04:26:46.600000+00:00,SIGN-USDT-SWAP,48373600.0,1758428806600
2025-09-21 04:26:46.603000+00:00,SLP-USDT-SWAP,402507670.0,1758428806603
2025-09-21 04:26:46.604000+00:00,SNX-USDT-SWAP,2274072.0,1758428806604
2025-09-21 04:26:46.603000+00:00,SOL-USDT-SWAP,3773788.8800000036,1758428806603
2025-09-21 04:26:46.607000+00:00,SOLV-USDT-SWAP,57006300.0,1758428806607
2025-09-21 04:26:46.607000+00:00,SONIC-USDT-SWAP,7836540.0,1758428806607
2025-09-21 04:26:46.608000+00:00,SOON-USDT-SWAP,6543950.0,1758428806608
2025-09-21 04:26:47.034000+00:00,SOPH-USDT-SWAP,79980000.0,1758428807034
2025-09-21 04:26:47.028000+00:00,SPK-USDT-SWAP,114197500.0,1758428807028
2025-09-21 04:26:47.038000+00:00,SPX-USDT-SWAP,1001300.0,1758428807038
2025-09-21 04:26:47.037000+00:00,SSV-USDT-SWAP,289373.8,1758428807037
2025-09-21 04:26:47.036000+00:00,STORJ-USDT-SWAP,6011150.0,1758428807036
2025-09-21 04:26:47.038000+00:00,STRK-USDT-SWAP,24465386.0,1758428807038
2025-09-21 04:26:47.062000+00:00,STX-USDT-SWAP,7327143.0,1758428807062
2025-09-21 04:26:47.036000+00:00,SUI-USDT-SWAP,23765599.0,1758428807036
2025-09-21 04:26:47.041000+00:00,SUSHI-USDT-SWAP,8183341.0,1758428807041
2025-09-21 04:26:47.045000+00:00,SWARMS-USDT-SWAP,77576890.0,1758428807045
2025-09-21 04:26:47.486000+00:00,SYRUP-USDT-SWAP,2397190.0,1758428807486
2025-09-21 04:26:47.487000+00:00,T-USDT-SWAP,41320600.0,1758428807487
2025-09-21 04:26:47.492000+00:00,TAO-USDT-SWAP,14164.56,1758428807492
2025-09-21 04:26:47.497000+00:00,THETA-USDT-SWAP,2883866.0,1758428807497
2025-09-21 04:26:47.492000+00:00,TIA-USDT-SWAP,5006997.0,1758428807492
2025-09-21 04:26:47.489000+00:00,TNSR-USDT-SWAP,9693073.0,1758428807489
2025-09-21 04:26:47.493000+00:00,TON-USDT-SWAP,8270215.0,1758428807493
2025-09-21 04:26:47.488000+00:00,TRB-USDT-SWAP,230960.2,1758428807488
2025-09-21 04:26:47.492000+00:00,TREE-USDT-SWAP,7743186.0,1758428807492
2025-09-21 04:26:47.492000+00:00,TRUMP-USDT-SWAP,5563950.8,1758428807492
2025-09-21 04:26:47.914000+00:00,TRX-USDT-SWAP,82931170.00000015,1758428807914
2025-09-21 04:26:47.912000+00:00,TURBO-USDT-SWAP,847448000.0,1758428807912
2025-09-21 04:26:47.917000+00:00,UMA-USDT-SWAP,1284341.8,1758428807917
2025-09-21 04:26:47.915000+00:00,UNI-USDT-SWAP,3697360.0,1758428807915
2025-09-21 04:26:47.918000+00:00,USDC-USDT-SWAP,928810.0,1758428807918
2025-09-21 04:26:47.919000+00:00,USELESS-USDT-SWAP,19865550.0,1758428807919
2025-09-21 04:26:47.945000+00:00,UXLINK-USDT-SWAP,5707430.0,1758428807945
2025-09-21 04:26:47.961000+00:00,VANA-USDT-SWAP,131725.3,1758428807961
2025-09-21 04:26:47.930000+00:00,VINE-USDT-SWAP,104097550.0,1758428807930
2025-09-21 04:26:48.378000+00:00,VIRTUAL-USDT-SWAP,3664393.0,1758428808378
2025-09-21 04:26:48.388000+00:00,W-USDT-SWAP,75605634.0,1758428808388
2025-09-21 04:26:48.387000+00:00,WAL-USDT-SWAP,1988400.0,1758428808387
2025-09-21 04:26:48.385000+00:00,WCT-USDT-SWAP,9420160.0,1758428808385
2025-09-21 04:26:48.385000+00:00,WIF-USDT-SWAP,18539420.0,1758428808385
2025-09-21 04:26:48.386000+00:00,WLD-USDT-SWAP,28425998.0,1758428808386
2025-09-21 04:26:48.387000+00:00,WLFI-USDT-SWAP,297974520.0,1758428808387
2025-09-21 04:26:48.393000+00:00,WOO-USDT-SWAP,24026950.0,1758428808393
2025-09-21 04:26:48.406000+00:00,XAUT-USDT-SWAP,4564.485,1758428808406
2025-09-21 04:26:48.820000+00:00,XLM-USDT-SWAP,38766160.00000001,1758428808820
2025-09-21 04:26:48.817000+00:00,XPL-USDT-SWAP,10670360.0,1758428808817
2025-09-21 04:26:48.825000+00:00,XRP-USDT-SWAP,106416236.99999994,1758428808825
2025-09-21 04:26:48.822000+00:00,XTZ-USDT-SWAP,5735355.0,1758428808822
2025-09-21 04:26:48.825000+00:00,YFI-USDT-SWAP,394.7737,1758428808825
2025-09-21 04:26:48.831000+00:00,YGG-USDT-SWAP,41544301.0,1758428808831
2025-09-21 04:26:48.826000+00:00,ZENT-USDT-SWAP,187469700.0,1758428808826
2025-09-21 04:26:48.825000+00:00,ZETA-USDT-SWAP,5517520.0,1758428808825
2025-09-21 04:26:48.829000+00:00,ZIL-USDT-SWAP,156884700.0,1758428808829
2025-09-21 04:26:49.263000+00:00,ZK-USDT-SWAP,47974950.0,1758428809263
2025-09-21 04:26:49.276000+00:00,ZRO-USDT-SWAP,2042449.0,1758428809276
2025-09-21 04:26:49.269000+00:00,ZRX-USDT-SWAP,6552960.0,1758428809269
2025-09-21 04:27:50.016000+00:00,1INCH-USDT-SWAP,7095078.0,1758428870016
2025-09-21 04:27:49.988000+00:00,A-USDT-SWAP,11352390.0,1758428869988
2025-09-21 04:27:49.960000+00:00,AAVE-USDT-SWAP,129721.01000000004,1758428869960
2025-09-21 04:27:50.006000+00:00,ACE-USDT-SWAP,2838390.0,1758428870006
2025-09-21 04:27:49.992000+00:00,ACH-USDT-SWAP,95299100.0,1758428869992
2025-09-21 04:27:49.990000+00:00,ACT-USDT-SWAP,98641871.0,1758428869990
2025-09-21 04:27:49.986000+00:00,ADA-USDT-SWAP,93287520.00000003,1758428869986
2025-09-21 04:27:49.995000+00:00,AERO-USDT-SWAP,2317170.0,1758428869995
2025-09-21 04:27:49.982000+00:00,AEVO-USDT-SWAP,33255741.0,1758428869982
2025-09-21 04:27:49.981000+00:00,AGLD-USDT-SWAP,1988937.0,1758428869981
2025-09-21 04:27:50.431000+00:00,AI16Z-USDT-SWAP,50868259.0,1758428870431
2025-09-21 04:27:50.428000+00:00,AIXBT-USDT-SWAP,22429730.0,1758428870428
2025-09-21 04:27:50.438000+00:00,ALGO-USDT-SWAP,27958800.0,1758428870438
2025-09-21 04:27:50.565000+00:00,ANIME-USDT-SWAP,96712060.0,1758428870565
2025-09-21 04:27:50.436000+00:00,APE-USDT-SWAP,7934159.9,1758428870436
2025-09-21 04:27:50.439000+00:00,API3-USDT-SWAP,2073750.0,1758428870439
2025-09-21 04:27:50.435000+00:00,APT-USDT-SWAP,4159075.0,1758428870435
2025-09-21 04:27:50.439000+00:00,AR-USDT-SWAP,533308.1,1758428870439
2025-09-21 04:27:50.440000+00:00,ARB-USDT-SWAP,37157485.99999998,1758428870440
2025-09-21 04:27:50.972000+00:00,ARC-USDT-SWAP,100011280.0,1758428870972
2025-09-21 04:27:50.990000+00:00,ARKM-USDT-SWAP,3410552.0,1758428870990
2025-09-21 04:27:50.984000+00:00,ATH-USDT-SWAP,170595800.0,1758428870984
2025-09-21 04:27:51.013000+00:00,ATOM-USDT-SWAP,2136348.0,1758428871013
2025-09-21 04:27:50.984000+00:00,AUCTION-USDT-SWAP,239998.7,1758428870984
2025-09-21 04:27:50.985000+00:00,AVAAI-USDT-SWAP,88438540.0,1758428870985
2025-09-21 04:27:50.982000+00:00,AVAX-USDT-SWAP,2284850.200000001,1758428870982
2025-09-21 04:27:50.991000+00:00,AXS-USDT-SWAP,1123376.4,1758428870991
2025-09-21 04:27:50.986000+00:00,BABY-USDT-SWAP,39209000.0,1758428870986
2025-09-21 04:27:50.991000+00:00,BAND-USDT-SWAP,1245359.0,1758428870991
2025-09-21 04:27:51.431000+00:00,BAT-USDT-SWAP,4764370.0,1758428871431
2025-09-21 04:27:51.436000+00:00,BCH-USDT-SWAP,71375.56999999996,1758428871436
2025-09-21 04:27:51.440000+00:00,BERA-USDT-SWAP,2630289.2,1758428871440
2025-09-21 04:27:51.446000+00:00,BICO-USDT-SWAP,7252235.0,1758428871446
2025-09-21 04:27:51.447000+00:00,BIGTIME-USDT-SWAP,39867450.0,1758428871447
2025-09-21 04:27:51.437000+00:00,BIO-USDT-SWAP,67493723.0,1758428871437
2025-09-21 04:27:51.439000+00:00,BLUR-USDT-SWAP,24658600.0,1758428871439
2025-09-21 04:27:51.434000+00:00,BNB-USDT-SWAP,149982.3,1758428871434
2025-09-21 04:27:51.437000+00:00,BNT-USDT-SWAP,731690.0,1758428871437
2025-09-21 04:27:51.445000+00:00,BOME-USDT-SWAP,1024292000.0,1758428871445
2025-09-21 04:27:51.869000+00:00,BONK-USDT-SWAP,479070800000.0,1758428871869
2025-09-21 04:27:51.989000+00:00,BRETT-USDT-SWAP,19264200.0,1758428871989
2025-09-21 04:27:51.876000+00:00,BTC-USDT-SWAP,28051.132400000082,1758428871876
2025-09-21 04:27:51.878000+00:00,CAT-USDT-SWAP,204205300000.0,1758428871878
2025-09-21 04:27:51.879000+00:00,CATI-USDT-SWAP,16031297.0,1758428871879
2025-09-21 04:27:51.873000+00:00,CELO-USDT-SWAP,3742531.0,1758428871873
2025-09-21 04:27:51.873000+00:00,CETUS-USDT-SWAP,22324570.0,1758428871873
2025-09-21 04:27:51.889000+00:00,CFX-USDT-SWAP,75571240.0,1758428871889
2025-09-21 04:27:51.875000+00:00,CHZ-USDT-SWAP,78226820.0,1758428871875
2025-09-21 04:27:51.879000+00:00,COMP-USDT-SWAP,74706.1,1758428871879
2025-09-21 04:27:52.398000+00:00,COOKIE-USDT-SWAP,5015400.0,1758428872398
2025-09-21 04:27:52.398000+00:00,CORE-USDT-SWAP,9990741.0,1758428872398
2025-09-21 04:27:52.408000+00:00,CRO-USDT-SWAP,51089540.0,1758428872408
2025-09-21 04:27:52.419000+00:00,CRV-USDT-SWAP,25061932.0,1758428872419
2025-09-21 04:27:52.410000+00:00,CTC-USDT-SWAP,1677410.0,1758428872410
2025-09-21 04:27:52.404000+00:00,CVC-USDT-SWAP,9749600.0,1758428872404
2025-09-21 04:27:52.406000+00:00,CVX-USDT-SWAP,374362.0,1758428872406
2025-09-21 04:27:52.405000+00:00,DEGEN-USDT-SWAP,329710700.0,1758428872405
2025-09-21 04:27:52.830000+00:00,DOGE-USDT-SWAP,1396105559.9999993,1758428872830
2025-09-21 04:27:52.830000+00:00,DOGS-USDT-SWAP,15786011000.0,1758428872830
2025-09-21 04:27:52.839000+00:00,DOOD-USDT-SWAP,146890000.0,1758428872839
2025-09-21 04:27:52.838000+00:00,DOT-USDT-SWAP,6328005.0,1758428872838
2025-09-21 04:27:52.835000+00:00,DYDX-USDT-SWAP,13296878.0,1758428872835
2025-09-21 04:27:52.842000+00:00,EGLD-USDT-SWAP,118790.4,1758428872842
2025-09-21 04:27:52.834000+00:00,EIGEN-USDT-SWAP,4713485.0,1758428872834
2025-09-21 04:27:52.837000+00:00,ENJ-USDT-SWAP,14752480.0,1758428872837
2025-09-21 04:27:52.837000+00:00,ENS-USDT-SWAP,331704.7,1758428872837
2025-09-21 04:27:53.248000+00:00,ETC-USDT-SWAP,1204598.3000000005,1758428873248
2025-09-21 04:27:53.254000+00:00,ETH-USDT-SWAP,746138.4040000001,1758428873254
2025-09-21 04:27:53.256000+00:00,ETHFI-USDT-SWAP,7881061.0,1758428873256
2025-09-21 04:27:53.258000+00:00,ETHW-USDT-SWAP,1218102.5,1758428873258
2025-09-21 04:27:53.251000+00:00,FARTCOIN-USDT-SWAP,25018231.0,1758428873251
2025-09-21 04:27:53.257000+00:00,FIL-USDT-SWAP,13641212.4,1758428873257
2025-09-21 04:27:53.258000+00:00,FLM-USDT-SWAP,30748000.0,1758428873258
2025-09-21 04:27:53.256000+00:00,FLOKI-USDT-SWAP,38618500000.0,1758428873256
2025-09-21 04:27:53.258000+00:00,FLOW-USDT-SWAP,4256580.0,1758428873258
2025-09-21 04:27:53.262000+00:00,FXS-USDT-SWAP,353028.0,1758428873262
2025-09-21 04:27:53.678000+00:00,GALA-USDT-SWAP,459833290.0,1758428873678
2025-09-21 04:27:53.676000+00:00,GAS-USDT-SWAP,367468.0,1758428873676
2025-09-21 04:27:53.681000+00:00,GLM-USDT-SWAP,3195920.0,1758428873681
2025-09-21 04:27:53.689000+00:00,GMT-USDT-SWAP,47193590.0,1758428873689
2025-09-21 04:27:53.683000+00:00,GMX-USDT-SWAP,70089.8,1758428873683
2025-09-21 04:27:53.681000+00:00,GOAT-USDT-SWAP,28497540.0,1758428873681
2025-09-21 04:27:53.684000+00:00,GODS-USDT-SWAP,8000107.0,1758428873684
2025-09-21 04:27:53.681000+00:00,GPS-USDT-SWAP,134988360.0,1758428873681
2025-09-21 04:27:53.776000+00:00,GRASS-USDT-SWAP,2693338.0,1758428873776
2025-09-21 04:27:53.684000+00:00,GRIFFAIN-USDT-SWAP,30131690.0,1758428873684
2025-09-21 04:27:54.186000+00:00,GRT-USDT-SWAP,21784440.0,1758428874186
2025-09-21 04:27:54.198000+00:00,H-USDT-SWAP,80191700.0,1758428874198
2025-09-21 04:27:54.193000+00:00,HBAR-USDT-SWAP,81816190.00000006,1758428874193
2025-09-21 04:27:54.189000+00:00,HMSTR-USDT-SWAP,1190873600.0,1758428874189
2025-09-21 04:27:54.188000+00:00,HOME-USDT-SWAP,16099300.0,1758428874188
2025-09-21 04:27:54.193000+00:00,HUMA-USDT-SWAP,71061100.0,1758428874193
2025-09-21 04:27:54.192000+00:00,HYPE-USDT-SWAP,1010608.0,1758428874192
2025-09-21 04:27:54.204000+00:00,ICP-USDT-SWAP,1743023.15,1758428874204
2025-09-21 04:27:54.190000+00:00,ICX-USDT-SWAP,5635570.0,1758428874190
2025-09-21 04:27:54.198000+00:00,IMX-USDT-SWAP,9404467.0,1758428874198
2025-09-21 04:27:54.629000+00:00,INIT-USDT-SWAP,2229900.0,1758428874629
2025-09-21 04:27:54.625000+00:00,INJ-USDT-SWAP,899908.0,1758428874625
2025-09-21 04:27:54.645000+00:00,IOST-USDT-SWAP,269055000.0,1758428874645
2025-09-21 04:27:54.635000+00:00,IOTA-USDT-SWAP,14268040.0,1758428874635
2025-09-21 04:27:54.628000+00:00,IP-USDT-SWAP,5350694.0,1758428874628
2025-09-21 04:27:54.634000+00:00,JELLYJELLY-USDT-SWAP,189381600.0,1758428874634
2025-09-21 04:27:54.639000+00:00,JOE-USDT-SWAP,7384780.0,1758428874639
2025-09-21 04:27:54.636000+00:00,JTO-USDT-SWAP,3834240.0,1758428874636
2025-09-21 04:27:54.636000+00:00,JUP-USDT-SWAP,14350480.0,1758428874636
2025-09-21 04:27:55.057000+00:00,KAITO-USDT-SWAP,4789138.0,1758428875057
2025-09-21 04:27:55.060000+00:00,KMNO-USDT-SWAP,52868800.0,1758428875060
2025-09-21 04:27:55.075000+00:00,KSM-USDT-SWAP,127331.2,1758428875075
2025-09-21 04:27:55.065000+00:00,LA-USDT-SWAP,6076690.0,1758428875065
2025-09-21 04:27:55.068000+00:00,LAUNCHCOIN-USDT-SWAP,40777840.0,1758428875068
2025-09-21 04:27:55.070000+00:00,LAYER-USDT-SWAP,6101094.0,1758428875070
2025-09-21 04:27:55.105000+00:00,LDO-USDT-SWAP,13673679.0,1758428875105
2025-09-21 04:27:55.062000+00:00,LINK-USDT-SWAP,2332352.3,1758428875062
2025-09-21 04:27:55.065000+00:00,LPT-USDT-SWAP,561804.5,1758428875065
2025-09-21 04:27:55.066000+00:00,LQTY-USDT-SWAP,2193518.0,1758428875066
2025-09-21 04:27:55.511000+00:00,LRC-USDT-SWAP,13733830.0,1758428875511
2025-09-21 04:27:55.513000+00:00,LTC-USDT-SWAP,732489.5000000002,1758428875513
2025-09-21 04:27:55.521000+00:00,LUNA-USDT-SWAP,20259108.0,1758428875521
2025-09-21 04:27:55.518000+00:00,MAGIC-USDT-SWAP,15918795.0,1758428875518
2025-09-21 04:27:55.520000+00:00,MAJOR-USDT-SWAP,4652000.0,1758428875520
2025-09-21 04:27:55.635000+00:00,MANA-USDT-SWAP,10630290.0,1758428875635
2025-09-21 04:27:55.517000+00:00,MASK-USDT-SWAP,2958549.0,1758428875517
2025-09-21 04:27:55.518000+00:00,ME-USDT-SWAP,3715110.0,1758428875518
2025-09-21 04:27:55.535000+00:00,MEME-USDT-SWAP,1575531700.0,1758428875535
2025-09-21 04:27:56.041000+00:00,MERL-USDT-SWAP,49525987.0,1758428876041
2025-09-21 04:27:56.042000+00:00,METIS-USDT-SWAP,116459.1,1758428876042
2025-09-21 04:27:56.049000+00:00,MEW-USDT-SWAP,1028991000.0,1758428876049
2025-09-21 04:27:56.050000+00:00,MINA-USDT-SWAP,7575023.0,1758428876050
2025-09-21 04:27:56.050000+00:00,MOG-USDT-SWAP,627551000000.0,1758428876050
2025-09-21 04:27:56.049000+00:00,MOODENG-USDT-SWAP,51082760.0,1758428876049
2025-09-21 04:27:56.049000+00:00,MORPHO-USDT-SWAP,1556282.0,1758428876049
2025-09-21 04:27:56.067000+00:00,MOVE-USDT-SWAP,27997790.0,1758428876067
2025-09-21 04:27:56.050000+00:00,MUBARAK-USDT-SWAP,45787600.0,1758428876050
2025-09-21 04:27:56.495000+00:00,NEAR-USDT-SWAP,7140656.999999997,1758428876495
2025-09-21 04:27:56.493000+00:00,NEIRO-USDT-SWAP,9332531000.0,1758428876493
2025-09-21 04:27:56.509000+00:00,NEO-USDT-SWAP,369655.0,1758428876509
2025-09-21 04:27:56.504000+00:00,NEWT-USDT-SWAP,3436430.0,1758428876504
2025-09-21 04:27:56.497000+00:00,NMR-USDT-SWAP,318272.7,1758428876497
2025-09-21 04:27:56.517000+00:00,NOT-USDT-SWAP,1515850900.0,1758428876517
2025-09-21 04:27:56.494000+00:00,NXPC-USDT-SWAP,1077335.0,1758428876494
2025-09-21 04:27:56.496000+00:00,OL-USDT-SWAP,71762550.0,1758428876496
2025-09-21 04:27:56.504000+00:00,OM-USDT-SWAP,22383249.0,1758428876504
2025-09-21 04:27:56.932000+00:00,ONDO-USDT-SWAP,23953900.0,1758428876932
2025-09-21 04:27:56.929000+00:00,ONE-USDT-SWAP,81331900.0,1758428876929
2025-09-21 04:27:56.935000+00:00,ONT-USDT-SWAP,10313190.0,1758428876935
2025-09-21 04:27:56.935000+00:00,OP-USDT-SWAP,25415738.0,1758428876935
2025-09-21 04:27:56.943000+00:00,ORBS-USDT-SWAP,29055800.0,1758428876943
2025-09-21 04:27:56.931000+00:00,ORDI-USDT-SWAP,1212982.5,1758428876931
2025-09-21 04:27:56.934000+00:00,PARTI-USDT-SWAP,12674220.0,1758428876934
2025-09-21 04:27:56.959000+00:00,PENGU-USDT-SWAP,625496200.0,1758428876959
2025-09-21 04:27:56.929000+00:00,PEOPLE-USDT-SWAP,337526000.0,1758428876929
2025-09-21 04:27:56.945000+00:00,PEPE-USDT-SWAP,8792134000000.004,1758428876945
2025-09-21 04:27:57.369000+00:00,PERP-USDT-SWAP,3137796.0,1758428877369
2025-09-21 04:27:57.369000+00:00,PI-USDT-SWAP,32807442.0,1758428877369
2025-09-21 04:27:57.381000+00:00,PLUME-USDT-SWAP,20294300.0,1758428877381
2025-09-21 04:27:57.383000+00:00,PNUT-USDT-SWAP,36125520.0,1758428877383
2025-09-21 04:27:57.370000+00:00,POL-USDT-SWAP,38112980.0,1758428877370
2025-09-21 04:27:57.375000+00:00,POPCAT-USDT-SWAP,8993950.0,1758428877375
2025-09-21 04:27:57.375000+00:00,PRCL-USDT-SWAP,15306703.0,1758428877375
2025-09-21 04:27:57.377000+00:00,PROMPT-USDT-SWAP,27514450.0,1758428877377
2025-09-21 04:27:57.388000+00:00,PUMP-USDT-SWAP,8002784000.0,1758428877388
2025-09-21 04:27:57.396000+00:00,PYTH-USDT-SWAP,53611950.0,1758428877396
2025-09-21 04:27:57.853000+00:00,QTUM-USDT-SWAP,1052383.0,1758428877853
2025-09-21 04:27:57.864000+00:00,RAY-USDT-SWAP,1504487.0,1758428877864
2025-09-21 04:27:57.860000+00:00,RENDER-USDT-SWAP,1374430.0,1758428877860
2025-09-21 04:27:57.863000+00:00,RESOLV-USDT-SWAP,26240110.0,1758428877863
2025-09-21 04:27:57.969000+00:00,RSR-USDT-SWAP,262065600.0,1758428877969
2025-09-21 04:27:57.876000+00:00,RVN-USDT-SWAP,82559250.0,1758428877876
2025-09-21 04:27:57.863000+00:00,S-USDT-SWAP,12526800.0,1758428877863
2025-09-21 04:27:57.857000+00:00,SAHARA-USDT-SWAP,38202490.0,1758428877857
2025-09-21 04:27:57.859000+00:00,SAND-USDT-SWAP,16923910.0,1758428877859
2025-09-21 04:27:57.863000+00:00,SATS-USDT-SWAP,186771880000000.0,1758428877863
2025-09-21 04:27:58.380000+00:00,SCR-USDT-SWAP,2448565.0,1758428878380
2025-09-21 04:27:58.393000+00:00,SHELL-USDT-SWAP,5180990.0,1758428878393
2025-09-21 04:27:58.390000+00:00,SHIB-USDT-SWAP,1651429400000.0002,1758428878390
2025-09-21 04:27:58.385000+00:00,SIGN-USDT-SWAP,48379700.0,1758428878385
2025-09-21 04:27:58.388000+00:00,SLP-USDT-SWAP,402507630.0,1758428878388
2025-09-21 04:27:58.391000+00:00,SNX-USDT-SWAP,2274307.0,1758428878391
2025-09-21 04:27:58.387000+00:00,SOL-USDT-SWAP,3773787.960000004,1758428878387
2025-09-21 04:27:58.390000+00:00,SOLV-USDT-SWAP,57006300.0,1758428878390
2025-09-21 04:27:58.385000+00:00,SONIC-USDT-SWAP,7836540.0,1758428878385
2025-09-21 04:27:58.402000+00:00,SOON-USDT-SWAP,6543800.0,1758428878402
2025-09-21 04:27:58.815000+00:00,SOPH-USDT-SWAP,79979800.0,1758428878815
2025-09-21 04:27:58.815000+00:00,SPK-USDT-SWAP,114208000.0,1758428878815
2025-09-21 04:27:58.847000+00:00,SPX-USDT-SWAP,1001224.0,1758428878847
2025-09-21 04:27:58.826000+00:00,SSV-USDT-SWAP,289373.8,1758428878826
2025-09-21 04:27:58.837000+00:00,STORJ-USDT-SWAP,6011150.0,1758428878837
2025-09-21 04:27:58.846000+00:00,STRK-USDT-SWAP,24465386.0,1758428878846
2025-09-21 04:27:58.826000+00:00,STX-USDT-SWAP,7326919.0,1758428878826
2025-09-21 04:27:58.823000+00:00,SUI-USDT-SWAP,23765993.0,1758428878823
2025-09-21 04:27:58.825000+00:00,SUSHI-USDT-SWAP,8183316.0,1758428878825
2025-09-21 04:27:58.833000+00:00,SWARMS-USDT-SWAP,77577020.0,1758428878833
2025-09-21 04:27:59.266000+00:00,SYRUP-USDT-SWAP,2397170.0,1758428879266
2025-09-21 04:27:59.268000+00:00,T-USDT-SWAP,41320600.0,1758428879268
2025-09-21 04:27:59.282000+00:00,TAO-USDT-SWAP,14159.16,1758428879282
2025-09-21 04:27:59.271000+00:00,THETA-USDT-SWAP,2883834.0,1758428879271
2025-09-21 04:27:59.268000+00:00,TIA-USDT-SWAP,5007007.0,1758428879268
2025-09-21 04:27:59.269000+00:00,TNSR-USDT-SWAP,9687363.0,1758428879269
2025-09-21 04:27:59.270000+00:00,TON-USDT-SWAP,8270280.0,1758428879270
2025-09-21 04:27:59.271000+00:00,TRB-USDT-SWAP,230959.6,1758428879271
2025-09-21 04:27:59.274000+00:00,TREE-USDT-SWAP,7739479.0,1758428879274
2025-09-21 04:27:59.284000+00:00,TRUMP-USDT-SWAP,5564020.6,1758428879284
2025-09-21 04:27:59.694000+00:00,TRX-USDT-SWAP,82931540.00000015,1758428879694
2025-09-21 04:27:59.700000+00:00,TURBO-USDT-SWAP,847434000.0,1758428879700
2025-09-21 04:27:59.727000+00:00,UMA-USDT-SWAP,1284341.8,1758428879727
2025-09-21 04:27:59.717000+00:00,UNI-USDT-SWAP,3697417.0,1758428879717
2025-09-21 04:27:59.713000+00:00,USDC-USDT-SWAP,928810.0,1758428879713
2025-09-21 04:27:59.705000+00:00,USELESS-USDT-SWAP,19919990.0,1758428879705
2025-09-21 04:27:59.701000+00:00,UXLINK-USDT-SWAP,5707430.0,1758428879701
2025-09-21 04:27:59.714000+00:00,VANA-USDT-SWAP,131723.2,1758428879714
2025-09-21 04:27:59.728000+00:00,VINE-USDT-SWAP,104082210.0,1758428879728
2025-09-21 04:28:00.140000+00:00,VIRTUAL-USDT-SWAP,3664620.0,1758428880140
2025-09-21 04:28:00.151000+00:00,W-USDT-SWAP,75654190.0,1758428880151
2025-09-21 04:28:00.149000+00:00,WAL-USDT-SWAP,1988400.0,1758428880149
2025-09-21 04:28:00.142000+00:00,WCT-USDT-SWAP,9392550.0,1758428880142
2025-09-21 04:28:00.176000+00:00,WIF-USDT-SWAP,18542995.0,1758428880176
2025-09-21 04:28:00.279000+00:00,WLD-USDT-SWAP,28423096.0,1758428880279
2025-09-21 04:28:00.151000+00:00,WLFI-USDT-SWAP,297789310.0,1758428880151
2025-09-21 04:28:00.153000+00:00,WOO-USDT-SWAP,24026870.0,1758428880153
2025-09-21 04:28:00.152000+00:00,XAUT-USDT-SWAP,4565.237,1758428880152
2025-09-21 04:28:00.688000+00:00,XLM-USDT-SWAP,38765320.0,1758428880688
2025-09-21 04:28:00.691000+00:00,XPL-USDT-SWAP,10659450.0,1758428880691
2025-09-21 04:28:00.700000+00:00,XRP-USDT-SWAP,106437331.99999994,1758428880700
2025-09-21 04:28:00.689000+00:00,XTZ-USDT-SWAP,5735341.0,1758428880689
2025-09-21 04:28:00.693000+00:00,YFI-USDT-SWAP,394.7679,1758428880693
2025-09-21 04:28:00.696000+00:00,YGG-USDT-SWAP,41543265.0,1758428880696
2025-09-21 04:28:00.692000+00:00,ZENT-USDT-SWAP,187469700.0,1758428880692
2025-09-21 04:28:00.699000+00:00,ZETA-USDT-SWAP,5517520.0,1758428880699
2025-09-21 04:28:00.709000+00:00,ZIL-USDT-SWAP,156879300.0,1758428880709
2025-09-21 04:28:01.117000+00:00,ZK-USDT-SWAP,47979940.0,1758428881117
2025-09-21 04:28:01.113000+00:00,ZRO-USDT-SWAP,2042413.0,1758428881113
2025-09-21 04:28:01.116000+00:00,ZRX-USDT-SWAP,6552960.0,1758428881116
2025-09-21 04:29:01.800000+00:00,1INCH-USDT-SWAP,7096254.0,1758428941800
2025-09-21 04:29:01.808000+00:00,A-USDT-SWAP,11352390.0,1758428941808
2025-09-21 04:29:01.819000+00:00,AAVE-USDT-SWAP,129722.52000000003,1758428941819
2025-09-21 04:29:01.814000+00:00,ACE-USDT-SWAP,2838394.0,1758428941814
2025-09-21 04:29:01.939000+00:00,ACH-USDT-SWAP,95301300.0,1758428941939
2025-09-21 04:29:01.815000+00:00,ACT-USDT-SWAP,98653563.0,1758428941815
2025-09-21 04:29:01.815000+00:00,ADA-USDT-SWAP,93293940.00000001,1758428941815
2025-09-21 04:29:01.803000+00:00,AERO-USDT-SWAP,2317070.0,1758428941803
2025-09-21 04:29:01.817000+00:00,AEVO-USDT-SWAP,33939322.0,1758428941817
2025-09-21 04:29:01.900000+00:00,AGLD-USDT-SWAP,1988905.0,1758428941900
2025-09-21 04:29:02.354000+00:00,AI16Z-USDT-SWAP,50863496.0,1758428942354
2025-09-21 04:29:02.357000+00:00,AIXBT-USDT-SWAP,22471930.0,1758428942357
2025-09-21 04:29:02.361000+00:00,ALGO-USDT-SWAP,27957710.0,1758428942361
2025-09-21 04:29:02.369000+00:00,ANIME-USDT-SWAP,96725350.0,1758428942369
2025-09-21 04:29:02.359000+00:00,APE-USDT-SWAP,7932757.4,1758428942359
2025-09-21 04:29:02.357000+00:00,API3-USDT-SWAP,2074139.0,1758428942357
2025-09-21 04:29:02.358000+00:00,APT-USDT-SWAP,4158072.0,1758428942358
2025-09-21 04:29:02.360000+00:00,AR-USDT-SWAP,533274.7,1758428942360
2025-09-21 04:29:02.363000+00:00,ARB-USDT-SWAP,37157173.99999998,1758428942363
2025-09-21 04:29:02.779000+00:00,ARC-USDT-SWAP,99629280.0,1758428942779
2025-09-21 04:29:02.787000+00:00,ARKM-USDT-SWAP,3410582.0,1758428942787
2025-09-21 04:29:02.786000+00:00,ATH-USDT-SWAP,170603300.0,1758428942786
2025-09-21 04:29:02.788000+00:00,ATOM-USDT-SWAP,2136072.0,1758428942788
2025-09-21 04:29:02.782000+00:00,AUCTION-USDT-SWAP,239939.6,1758428942782
2025-09-21 04:29:02.921000+00:00,AVAAI-USDT-SWAP,88429440.0,1758428942921
2025-09-21 04:29:02.815000+00:00,AVAX-USDT-SWAP,2284690.7000000016,1758428942815
2025-09-21 04:29:02.785000+00:00,AXS-USDT-SWAP,1123681.6,1758428942785
2025-09-21 04:29:02.788000+00:00,BABY-USDT-SWAP,39200120.0,1758428942788
2025-09-21 04:29:02.794000+00:00,BAND-USDT-SWAP,1245128.0,1758428942794
2025-09-21 04:29:03.326000+00:00,BAT-USDT-SWAP,4764430.0,1758428943326
2025-09-21 04:29:03.472000+00:00,BCH-USDT-SWAP,71369.74999999996,1758428943472
2025-09-21 04:29:03.371000+00:00,BERA-USDT-SWAP,2629656.8,1758428943371
2025-09-21 04:29:03.337000+00:00,BICO-USDT-SWAP,7251325.0,1758428943337
2025-09-21 04:29:03.329000+00:00,BIGTIME-USDT-SWAP,39868860.0,1758428943329
2025-09-21 04:29:03.330000+00:00,BIO-USDT-SWAP,67431375.0,1758428943330
2025-09-21 04:29:03.332000+00:00,BLUR-USDT-SWAP,24678570.0,1758428943332
2025-09-21 04:29:03.337000+00:00,BNB-USDT-SWAP,150022.61,1758428943337
2025-09-21 04:29:03.334000+00:00,BNT-USDT-SWAP,731840.0,1758428943334
2025-09-21 04:29:03.337000+00:00,BOME-USDT-SWAP,1024302000.0,1758428943337
2025-09-21 04:29:03.880000+00:00,BONK-USDT-SWAP,479022500000.0,1758428943880
2025-09-21 04:29:03.882000+00:00,BRETT-USDT-SWAP,19274400.0,1758428943882
2025-09-21 04:29:03.888000+00:00,BTC-USDT-SWAP,28050.66130000008,1758428943888
2025-09-21 04:29:03.890000+00:00,CAT-USDT-SWAP,204132100000.0,1758428943890
2025-09-21 04:29:03.895000+00:00,CATI-USDT-SWAP,16020528.0,1758428943895
2025-09-21 04:29:03.906000+00:00,CELO-USDT-SWAP,3742722.0,1758428943906
2025-09-21 04:29:03.889000+00:00,CETUS-USDT-SWAP,22374640.0,1758428943889
2025-09-21 04:29:03.883000+00:00,CFX-USDT-SWAP,75562570.0,1758428943883
2025-09-21 04:29:03.888000+00:00,CHZ-USDT-SWAP,78229460.0,1758428943888
2025-09-21 04:29:03.895000+00:00,COMP-USDT-SWAP,74705.8,1758428943895
2025-09-21 04:29:04.315000+00:00,COOKIE-USDT-SWAP,5015830.0,1758428944315
2025-09-21 04:29:04.347000+00:00,CORE-USDT-SWAP,9990641.0,1758428944347
2025-09-21 04:29:04.345000+00:00,CRO-USDT-SWAP,51077090.0,1758428944345
2025-09-21 04:29:04.324000+00:00,CRV-USDT-SWAP,25201108.0,1758428944324
2025-09-21 04:29:04.316000+00:00,CTC-USDT-SWAP,1677410.0,1758428944316
2025-09-21 04:29:04.321000+00:00,CVC-USDT-SWAP,9749900.0,1758428944321
2025-09-21 04:29:04.326000+00:00,CVX-USDT-SWAP,374323.0,1758428944326
2025-09-21 04:29:04.322000+00:00,DEGEN-USDT-SWAP,329684700.0,1758428944322
2025-09-21 04:29:04.771000+00:00,DOGE-USDT-SWAP,1396057609.9999993,1758428944771
2025-09-21 04:29:04.776000+00:00,DOGS-USDT-SWAP,15828322000.0,1758428944776
2025-09-21 04:29:04.779000+00:00,DOOD-USDT-SWAP,146887000.0,1758428944779
2025-09-21 04:29:04.775000+00:00,DOT-USDT-SWAP,6326172.0,1758428944775
2025-09-21 04:29:04.773000+00:00,DYDX-USDT-SWAP,13290235.0,1758428944773
2025-09-21 04:29:04.776000+00:00,EGLD-USDT-SWAP,118790.2,1758428944776
2025-09-21 04:29:04.777000+00:00,EIGEN-USDT-SWAP,4713998.0,1758428944777
2025-09-21 04:29:04.776000+00:00,ENJ-USDT-SWAP,14760720.0,1758428944776
2025-09-21 04:29:04.775000+00:00,ENS-USDT-SWAP,331721.7,1758428944775
2025-09-21 04:29:05.209000+00:00,ETC-USDT-SWAP,1204191.7000000004,1758428945209
2025-09-21 04:29:05.210000+00:00,ETH-USDT-SWAP,746204.1150000001,1758428945210
2025-09-21 04:29:05.220000+00:00,ETHFI-USDT-SWAP,7880701.0,1758428945220
2025-09-21 04:29:05.210000+00:00,ETHW-USDT-SWAP,1217713.7,1758428945210
2025-09-21 04:29:05.205000+00:00,FARTCOIN-USDT-SWAP,25010297.0,1758428945205
2025-09-21 04:29:05.215000+00:00,FIL-USDT-SWAP,13646153.8,1758428945215
2025-09-21 04:29:05.224000+00:00,FLM-USDT-SWAP,30746460.0,1758428945224
2025-09-21 04:29:05.208000+00:00,FLOKI-USDT-SWAP,38618200000.0,1758428945208
2025-09-21 04:29:05.233000+00:00,FLOW-USDT-SWAP,4255560.0,1758428945233
2025-09-21 04:29:05.210000+00:00,FXS-USDT-SWAP,352958.0,1758428945210
2025-09-21 04:29:05.658000+00:00,GALA-USDT-SWAP,460022730.0,1758428945658
2025-09-21 04:29:05.651000+00:00,GAS-USDT-SWAP,367468.0,1758428945651
2025-09-21 04:29:05.657000+00:00,GLM-USDT-SWAP,3195080.0,1758428945657
2025-09-21 04:29:05.655000+00:00,GMT-USDT-SWAP,47187116.0,1758428945655
2025-09-21 04:29:05.654000+00:00,GMX-USDT-SWAP,70081.2,1758428945654
2025-09-21 04:29:05.656000+00:00,GOAT-USDT-SWAP,28481290.0,1758428945656
2025-09-21 04:29:05.682000+00:00,GODS-USDT-SWAP,8001465.0,1758428945682
2025-09-21 04:29:05.659000+00:00,GPS-USDT-SWAP,135009080.0,1758428945659
2025-09-21 04:29:05.665000+00:00,GRASS-USDT-SWAP,2693337.0,1758428945665
2025-09-21 04:29:05.664000+00:00,GRIFFAIN-USDT-SWAP,30130920.0,1758428945664
2025-09-21 04:29:06.114000+00:00,GRT-USDT-SWAP,21784440.0,1758428946114
2025-09-21 04:29:06.597000+00:00,H-USDT-SWAP,80523300.0,1758428946597
2025-09-21 04:29:06.123000+00:00,HBAR-USDT-SWAP,81813200.00000006,1758428946123
2025-09-21 04:29:06.123000+00:00,HMSTR-USDT-SWAP,1190524300.0,1758428946123
2025-09-21 04:29:06.119000+00:00,HOME-USDT-SWAP,16100100.0,1758428946119
2025-09-21 04:29:06.124000+00:00,HUMA-USDT-SWAP,71371500.0,1758428946124
2025-09-21 04:29:06.126000+00:00,HYPE-USDT-SWAP,1010516.4,1758428946126
2025-09-21 04:29:06.126000+00:00,ICP-USDT-SWAP,1743023.37,1758428946126
2025-09-21 04:29:06.136000+00:00,ICX-USDT-SWAP,5635570.0,1758428946136
2025-09-21 04:29:06.123000+00:00,IMX-USDT-SWAP,9393721.0,1758428946123
2025-09-21 04:29:07.018000+00:00,INIT-USDT-SWAP,2229790.0,1758428947018
2025-09-21 04:29:07.018000+00:00,INJ-USDT-SWAP,899859.1,1758428947018
2025-09-21 04:29:07.026000+00:00,IOST-USDT-SWAP,269055000.0,1758428947026
2025-09-21 04:29:07.027000+00:00,IOTA-USDT-SWAP,14268580.0,1758428947027
2025-09-21 04:29:07.064000+00:00,IP-USDT-SWAP,5348656.0,1758428947064
2025-09-21 04:29:07.026000+00:00,JELLYJELLY-USDT-SWAP,189250500.0,1758428947026
2025-09-21 04:29:07.027000+00:00,JOE-USDT-SWAP,7382430.0,1758428947027
2025-09-21 04:29:07.026000+00:00,JTO-USDT-SWAP,3834593.0,1758428947026
2025-09-21 04:29:07.029000+00:00,JUP-USDT-SWAP,14350350.0,1758428947029
2025-09-21 04:29:07.468000+00:00,KAITO-USDT-SWAP,4797071.0,1758428947468
2025-09-21 04:29:07.479000+00:00,KMNO-USDT-SWAP,52859900.0,1758428947479
2025-09-21 04:29:07.492000+00:00,KSM-USDT-SWAP,127336.7,1758428947492
2025-09-21 04:29:07.487000+00:00,LA-USDT-SWAP,6059920.0,1758428947487
2025-09-21 04:29:07.477000+00:00,LAUNCHCOIN-USDT-SWAP,40763430.0,1758428947477
2025-09-21 04:29:07.477000+00:00,LAYER-USDT-SWAP,6101107.0,1758428947477
2025-09-21 04:29:07.479000+00:00,LDO-USDT-SWAP,13676213.0,1758428947479
2025-09-21 04:29:07.477000+00:00,LINK-USDT-SWAP,2332319.0999999996,1758428947477
2025-09-21 04:29:07.485000+00:00,LPT-USDT-SWAP,561768.9,1758428947485
2025-09-21 04:29:07.479000+00:00,LQTY-USDT-SWAP,2193402.0,1758428947479
2025-09-21 04:29:07.902000+00:00,LRC-USDT-SWAP,13729180.0,1758428947902
2025-09-21 04:29:07.908000+00:00,LTC-USDT-SWAP,732484.7000000002,1758428947908
2025-09-21 04:29:07.915000+00:00,LUNA-USDT-SWAP,20247747.0,1758428947915
2025-09-21 04:29:07.916000+00:00,MAGIC-USDT-SWAP,15916091.0,1758428947916
2025-09-21 04:29:07.914000+00:00,MAJOR-USDT-SWAP,4649460.0,1758428947914
2025-09-21 04:29:07.911000+00:00,MANA-USDT-SWAP,10630420.0,1758428947911
2025-09-21 04:29:07.907000+00:00,MASK-USDT-SWAP,2958734.0,1758428947907
2025-09-21 04:29:07.923000+00:00,ME-USDT-SWAP,3715110.0,1758428947923
2025-09-21 04:29:07.910000+00:00,MEME-USDT-SWAP,1576640300.0,1758428947910
2025-09-21 04:29:08.337000+00:00,MERL-USDT-SWAP,49529520.0,1758428948337
2025-09-21 04:29:08.343000+00:00,METIS-USDT-SWAP,116696.5,1758428948343
2025-09-21 04:29:08.344000+00:00,MEW-USDT-SWAP,1029027000.0,1758428948344
2025-09-21 04:29:08.342000+00:00,MINA-USDT-SWAP,7580173.0,1758428948342
2025-09-21 04:29:08.345000+00:00,MOG-USDT-SWAP,627422000000.0,1758428948345
2025-09-21 04:29:08.344000+00:00,MOODENG-USDT-SWAP,51079520.0,1758428948344
2025-09-21 04:29:08.347000+00:00,MORPHO-USDT-SWAP,1556257.0,1758428948347
2025-09-21 04:29:08.344000+00:00,MOVE-USDT-SWAP,27997030.0,1758428948344
2025-09-21 04:29:08.363000+00:00,MUBARAK-USDT-SWAP,45791000.0,1758428948363
2025-09-21 04:29:08.770000+00:00,NEAR-USDT-SWAP,7140536.999999998,1758428948770
2025-09-21 04:29:08.774000+00:00,NEIRO-USDT-SWAP,9334615000.0,1758428948774
2025-09-21 04:29:08.780000+00:00,NEO-USDT-SWAP,369536.0,1758428948780
2025-09-21 04:29:08.776000+00:00,NEWT-USDT-SWAP,3436470.0,1758428948776
2025-09-21 04:29:08.782000+00:00,NMR-USDT-SWAP,318101.0,1758428948782
2025-09-21 04:29:08.777000+00:00,NOT-USDT-SWAP,1516062600.0,1758428948777
2025-09-21 04:29:08.784000+00:00,NXPC-USDT-SWAP,1077333.0,1758428948784
2025-09-21 04:29:08.780000+00:00,OL-USDT-SWAP,71771930.0,1758428948780
2025-09-21 04:29:08.780000+00:00,OM-USDT-SWAP,22446128.0,1758428948780
2025-09-21 04:29:09.189000+00:00,ONDO-USDT-SWAP,23957380.0,1758428949189
2025-09-21 04:29:09.224000+00:00,ONE-USDT-SWAP,81302800.0,1758428949224
2025-09-21 04:29:09.204000+00:00,ONT-USDT-SWAP,10313190.0,1758428949204
2025-09-21 04:29:09.204000+00:00,OP-USDT-SWAP,25400525.0,1758428949204
2025-09-21 04:29:09.197000+00:00,ORBS-USDT-SWAP,29055800.0,1758428949197
2025-09-21 04:29:09.198000+00:00,ORDI-USDT-SWAP,1212432.3,1758428949198
2025-09-21 04:29:09.205000+00:00,PARTI-USDT-SWAP,12671640.0,1758428949205
2025-09-21 04:29:09.202000+00:00,PENGU-USDT-SWAP,625441300.0,1758428949202
2025-09-21 04:29:09.214000+00:00,PEOPLE-USDT-SWAP,337523400.0,1758428949214
2025-09-21 04:29:09.205000+00:00,PEPE-USDT-SWAP,8790089000000.004,1758428949205
2025-09-21 04:29:09.646000+00:00,PERP-USDT-SWAP,3137212.0,1758428949646
2025-09-21 04:29:09.654000+00:00,PI-USDT-SWAP,32836023.0,1758428949654
2025-09-21 04:29:09.695000+00:00,PLUME-USDT-SWAP,20294860.0,1758428949695
2025-09-21 04:29:09.653000+00:00,PNUT-USDT-SWAP,36123510.0,1758428949653
2025-09-21 04:29:09.646000+00:00,POL-USDT-SWAP,38112870.0,1758428949646
2025-09-21 04:29:09.649000+00:00,POPCAT-USDT-SWAP,8993360.0,1758428949649
2025-09-21 04:29:09.653000+00:00,PRCL-USDT-SWAP,15306837.0,1758428949653
2025-09-21 04:29:09.712000+00:00,PROMPT-USDT-SWAP,27519540.0,1758428949712
2025-09-21 04:29:09.653000+00:00,PUMP-USDT-SWAP,8006697000.0,1758428949653
2025-09-21 04:29:09.652000+00:00,PYTH-USDT-SWAP,53596270.0,1758428949652
2025-09-21 04:29:10.127000+00:00,QTUM-USDT-SWAP,1052305.0,1758428950127
2025-09-21 04:29:10.122000+00:00,RAY-USDT-SWAP,1504923.0,1758428950122
2025-09-21 04:29:10.127000+00:00,RENDER-USDT-SWAP,1374437.0,1758428950127
2025-09-21 04:29:10.127000+00:00,RESOLV-USDT-SWAP,26244490.0,1758428950127
2025-09-21 04:29:10.128000+00:00,RSR-USDT-SWAP,262047100.0,1758428950128
2025-09-21 04:29:10.125000+00:00,RVN-USDT-SWAP,82559170.0,1758428950125
2025-09-21 04:29:10.127000+00:00,S-USDT-SWAP,12527080.0,1758428950127
2025-09-21 04:29:10.127000+00:00,SAHARA-USDT-SWAP,38195650.0,1758428950127
2025-09-21 04:29:10.127000+00:00,SAND-USDT-SWAP,16928730.0,1758428950127
2025-09-21 04:29:10.135000+00:00,SATS-USDT-SWAP,186781110000000.0,1758428950135
2025-09-21 04:29:10.552000+00:00,SCR-USDT-SWAP,2448585.0,1758428950552
2025-09-21 04:29:10.558000+00:00,SHELL-USDT-SWAP,5182600.0,1758428950558
2025-09-21 04:29:10.561000+00:00,SHIB-USDT-SWAP,1651500600000.0002,1758428950561
2025-09-21 04:29:10.557000+00:00,SIGN-USDT-SWAP,48379300.0,1758428950557
2025-09-21 04:29:10.555000+00:00,SLP-USDT-SWAP,402585900.0,1758428950555
2025-09-21 04:29:10.562000+00:00,SNX-USDT-SWAP,2274386.0,1758428950562
2025-09-21 04:29:10.569000+00:00,SOL-USDT-SWAP,3773633.4600000037,1758428950569
2025-09-21 04:29:10.561000+00:00,SOLV-USDT-SWAP,57011100.0,1758428950561
2025-09-21 04:29:10.564000+00:00,SONIC-USDT-SWAP,7835684.0,1758428950564
2025-09-21 04:29:10.557000+00:00,SOON-USDT-SWAP,6545660.0,1758428950557
2025-09-21 04:29:10.984000+00:00,SOPH-USDT-SWAP,79943000.0,1758428950984
2025-09-21 04:29:11.009000+00:00,SPK-USDT-SWAP,114204200.0,1758428951009
2025-09-21 04:29:10.986000+00:00,SPX-USDT-SWAP,998933.0,1758428950986
2025-09-21 04:29:10.996000+00:00,SSV-USDT-SWAP,289084.5,1758428950996
2025-09-21 04:29:10.992000+00:00,STORJ-USDT-SWAP,6010920.0,1758428950992
2025-09-21 04:29:10.987000+00:00,STRK-USDT-SWAP,24518505.0,1758428950987
2025-09-21 04:29:10.985000+00:00,STX-USDT-SWAP,7326975.0,1758428950985
2025-09-21 04:29:10.986000+00:00,SUI-USDT-SWAP,23764309.0,1758428950986
2025-09-21 04:29:10.988000+00:00,SUSHI-USDT-SWAP,8183177.0,1758428950988
2025-09-21 04:29:10.990000+00:00,SWARMS-USDT-SWAP,77544680.0,1758428950990
2025-09-21 04:29:11.434000+00:00,SYRUP-USDT-SWAP,2396210.0,1758428951434
2025-09-21 04:29:11.439000+00:00,T-USDT-SWAP,41320600.0,1758428951439
2025-09-21 04:29:11.438000+00:00,TAO-USDT-SWAP,14158.66,1758428951438
2025-09-21 04:29:11.441000+00:00,THETA-USDT-SWAP,2883851.0,1758428951441
2025-09-21 04:29:11.441000+00:00,TIA-USDT-SWAP,4999666.0,1758428951441
2025-09-21 04:29:11.442000+00:00,TNSR-USDT-SWAP,9687367.0,1758428951442
2025-09-21 04:29:11.446000+00:00,TON-USDT-SWAP,8271948.0,1758428951446
2025-09-21 04:29:11.436000+00:00,TRB-USDT-SWAP,230966.0,1758428951436
2025-09-21 04:29:11.445000+00:00,TREE-USDT-SWAP,7732221.0,1758428951445
2025-09-21 04:29:11.437000+00:00,TRUMP-USDT-SWAP,5563854.8,1758428951437
2025-09-21 04:29:11.860000+00:00,TRX-USDT-SWAP,82935010.00000015,1758428951860
2025-09-21 04:29:11.861000+00:00,TURBO-USDT-SWAP,847610000.0,1758428951861
2025-09-21 04:29:11.872000+00:00,UMA-USDT-SWAP,1284240.9,1758428951872
2025-09-21 04:29:11.864000+00:00,UNI-USDT-SWAP,3697397.0,1758428951864
2025-09-21 04:29:11.866000+00:00,USDC-USDT-SWAP,928810.0,1758428951866
2025-09-21 04:29:11.869000+00:00,USELESS-USDT-SWAP,19919920.0,1758428951869
2025-09-21 04:29:11.863000+00:00,UXLINK-USDT-SWAP,5707530.0,1758428951863
2025-09-21 04:29:11.866000+00:00,VANA-USDT-SWAP,131726.2,1758428951866
2025-09-21 04:29:11.866000+00:00,VINE-USDT-SWAP,104041150.0,1758428951866
2025-09-21 04:29:12.328000+00:00,VIRTUAL-USDT-SWAP,3664379.0,1758428952328
2025-09-21 04:29:12.331000+00:00,W-USDT-SWAP,75667806.0,1758428952331
2025-09-21 04:29:12.325000+00:00,WAL-USDT-SWAP,1988400.0,1758428952325
2025-09-21 04:29:12.318000+00:00,WCT-USDT-SWAP,9381120.0,1758428952318
2025-09-21 04:29:12.324000+00:00,WIF-USDT-SWAP,18542862.0,1758428952324
2025-09-21 04:29:12.326000+00:00,WLD-USDT-SWAP,28423713.0,1758428952326
2025-09-21 04:29:12.325000+00:00,WLFI-USDT-SWAP,297947150.0,1758428952325
2025-09-21 04:29:12.325000+00:00,WOO-USDT-SWAP,24034760.0,1758428952325
2025-09-21 04:29:12.327000+00:00,XAUT-USDT-SWAP,4564.846,1758428952327
2025-09-21 04:29:12.741000+00:00,XLM-USDT-SWAP,38766890.00000001,1758428952741
2025-09-21 04:29:12.744000+00:00,XPL-USDT-SWAP,10676940.0,1758428952744
2025-09-21 04:29:12.750000+00:00,XRP-USDT-SWAP,106416737.99999993,1758428952750
2025-09-21 04:29:12.749000+00:00,XTZ-USDT-SWAP,5735656.0,1758428952749
2025-09-21 04:29:12.744000+00:00,YFI-USDT-SWAP,394.7694,1758428952744
2025-09-21 04:29:12.749000+00:00,YGG-USDT-SWAP,41528757.0,1758428952749
2025-09-21 04:29:12.748000+00:00,ZENT-USDT-SWAP,187471600.0,1758428952748
2025-09-21 04:29:12.749000+00:00,ZETA-USDT-SWAP,5515250.0,1758428952749
2025-09-21 04:29:12.745000+00:00,ZIL-USDT-SWAP,156884000.0,1758428952745
2025-09-21 04:29:13.157000+00:00,ZK-USDT-SWAP,47976270.0,1758428953157
2025-09-21 04:29:13.163000+00:00,ZRO-USDT-SWAP,2043749.0,1758428953163
2025-09-21 04:29:13.157000+00:00,ZRX-USDT-SWAP,6551610.0,1758428953157
2025-09-21 04:42:45.408000+00:00,1INCH-USDT-SWAP,7103605.0,1758429765408
2025-09-21 04:42:45.405000+00:00,A-USDT-SWAP,11380210.0,1758429765405
2025-09-21 04:42:45.410000+00:00,AAVE-USDT-SWAP,129525.15000000004,1758429765410
2025-09-21 04:42:45.398000+00:00,ACE-USDT-SWAP,2841746.0,1758429765398
2025-09-21 04:42:45.399000+00:00,ACH-USDT-SWAP,95426900.0,1758429765399
2025-09-21 04:42:45.404000+00:00,ACT-USDT-SWAP,98740342.0,1758429765404
2025-09-21 04:42:45.417000+00:00,ADA-USDT-SWAP,93275340.00000003,1758429765417
2025-09-21 04:42:45.401000+00:00,AERO-USDT-SWAP,2325870.0,1758429765401
2025-09-21 04:42:45.398000+00:00,AEVO-USDT-SWAP,33853593.0,1758429765398
2025-09-21 04:42:45.407000+00:00,AGLD-USDT-SWAP,1990867.0,1758429765407
2025-09-21 04:42:45.868000+00:00,AI16Z-USDT-SWAP,50847321.0,1758429765868
2025-09-21 04:42:45.867000+00:00,AIXBT-USDT-SWAP,22526440.0,1758429765867
2025-09-21 04:42:45.866000+00:00,ALGO-USDT-SWAP,27967680.0,1758429765866
2025-09-21 04:42:45.887000+00:00,ANIME-USDT-SWAP,96671900.0,1758429765887
2025-09-21 04:42:45.880000+00:00,APE-USDT-SWAP,7940094.3,1758429765880
2025-09-21 04:42:45.867000+00:00,API3-USDT-SWAP,2074528.0,1758429765867
2025-09-21 04:42:45.864000+00:00,APT-USDT-SWAP,4153417.0,1758429765864
2025-09-21 04:42:45.868000+00:00,AR-USDT-SWAP,533352.1,1758429765868
2025-09-21 04:42:45.864000+00:00,ARB-USDT-SWAP,37172019.99999998,1758429765864
2025-09-21 04:42:46.323000+00:00,ARC-USDT-SWAP,99784270.0,1758429766323
2025-09-21 04:42:46.324000+00:00,ARKM-USDT-SWAP,3456316.0,1758429766324
2025-09-21 04:42:46.324000+00:00,ATH-USDT-SWAP,170498800.0,1758429766324
2025-09-21 04:42:46.323000+00:00,ATOM-USDT-SWAP,2135854.0,1758429766323
2025-09-21 04:42:46.433000+00:00,AUCTION-USDT-SWAP,240296.1,1758429766433
2025-09-21 04:42:46.327000+00:00,AVAAI-USDT-SWAP,88264220.0,1758429766327
2025-09-21 04:42:46.335000+00:00,AVAX-USDT-SWAP,2281295.300000001,1758429766335
2025-09-21 04:42:46.322000+00:00,AXS-USDT-SWAP,1123936.8,1758429766322
2025-09-21 04:42:46.331000+00:00,BABY-USDT-SWAP,39186830.0,1758429766331
2025-09-21 04:42:46.324000+00:00,BAND-USDT-SWAP,1253279.0,1758429766324
2025-09-21 04:42:46.870000+00:00,BAT-USDT-SWAP,4761970.0,1758429766870
2025-09-21 04:42:46.867000+00:00,BCH-USDT-SWAP,71377.22999999997,1758429766867
2025-09-21 04:42:46.871000+00:00,BERA-USDT-SWAP,2627836.6,1758429766871
2025-09-21 04:42:46.869000+00:00,BICO-USDT-SWAP,7234089.0,1758429766869
2025-09-21 04:42:46.875000+00:00,BIGTIME-USDT-SWAP,39824070.0,1758429766875
2025-09-21 04:42:46.875000+00:00,BIO-USDT-SWAP,67585378.0,1758429766875
2025-09-21 04:42:46.879000+00:00,BLUR-USDT-SWAP,24669870.0,1758429766879
2025-09-21 04:42:46.871000+00:00,BNB-USDT-SWAP,150179.43,1758429766871
2025-09-21 04:42:46.877000+00:00,BNT-USDT-SWAP,731330.0,1758429766877
2025-09-21 04:42:46.868000+00:00,BOME-USDT-SWAP,1025472000.0,1758429766868
2025-09-21 04:42:47.327000+00:00,BONK-USDT-SWAP,478976400000.0,1758429767327
2025-09-21 04:42:47.325000+00:00,BRETT-USDT-SWAP,19289000.0,1758429767325
2025-09-21 04:42:47.342000+00:00,BTC-USDT-SWAP,28080.36010000008,1758429767342
2025-09-21 04:42:47.330000+00:00,CAT-USDT-SWAP,203518900000.0,1758429767330
2025-09-21 04:42:47.324000+00:00,CATI-USDT-SWAP,16004153.0,1758429767324
2025-09-21 04:42:47.331000+00:00,CELO-USDT-SWAP,3748989.0,1758429767331
2025-09-21 04:42:47.328000+00:00,CETUS-USDT-SWAP,22363730.0,1758429767328
2025-09-21 04:42:47.329000+00:00,CFX-USDT-SWAP,75390570.0,1758429767329
2025-09-21 04:42:47.329000+00:00,CHZ-USDT-SWAP,78198160.0,1758429767329
2025-09-21 04:42:47.336000+00:00,COMP-USDT-SWAP,74725.1,1758429767336
2025-09-21 04:42:47.775000+00:00,COOKIE-USDT-SWAP,5036000.0,1758429767775
2025-09-21 04:42:47.770000+00:00,CORE-USDT-SWAP,9991725.0,1758429767770
2025-09-21 04:42:47.783000+00:00,CRO-USDT-SWAP,51115930.0,1758429767783
2025-09-21 04:42:47.772000+00:00,CRV-USDT-SWAP,25160782.0,1758429767772
2025-09-21 04:42:47.777000+00:00,CTC-USDT-SWAP,1678080.0,1758429767777
2025-09-21 04:42:47.777000+00:00,CVC-USDT-SWAP,9752700.0,1758429767777
2025-09-21 04:42:47.780000+00:00,CVX-USDT-SWAP,374730.0,1758429767780
2025-09-21 04:42:47.781000+00:00,DEGEN-USDT-SWAP,330055400.0,1758429767781
2025-09-21 04:42:48.229000+00:00,DOGE-USDT-SWAP,1396524079.999999,1758429768229
2025-09-21 04:42:48.223000+00:00,DOGS-USDT-SWAP,15799975000.0,1758429768223
2025-09-21 04:42:48.227000+00:00,DOOD-USDT-SWAP,146992000.0,1758429768227
2025-09-21 04:42:48.229000+00:00,DOT-USDT-SWAP,6331777.0,1758429768229
2025-09-21 04:42:48.226000+00:00,DYDX-USDT-SWAP,13294352.0,1758429768226
2025-09-21 04:42:48.233000+00:00,EGLD-USDT-SWAP,118980.8,1758429768233
2025-09-21 04:42:48.236000+00:00,EIGEN-USDT-SWAP,4738573.0,1758429768236
2025-09-21 04:42:48.234000+00:00,ENJ-USDT-SWAP,14764840.0,1758429768234
2025-09-21 04:42:48.236000+00:00,ENS-USDT-SWAP,332338.8,1758429768236
2025-09-21 04:42:48.733000+00:00,ETC-USDT-SWAP,1204527.8000000005,1758429768733
2025-09-21 04:42:48.677000+00:00,ETH-USDT-SWAP,746498.9440000003,1758429768677
2025-09-21 04:42:48.698000+00:00,ETHFI-USDT-SWAP,7901429.0,1758429768698
2025-09-21 04:42:48.683000+00:00,ETHW-USDT-SWAP,1217524.9,1758429768683
2025-09-21 04:42:48.684000+00:00,FARTCOIN-USDT-SWAP,25003846.0,1758429768684
2025-09-21 04:42:48.693000+00:00,FIL-USDT-SWAP,13637075.9,1758429768693
2025-09-21 04:42:48.695000+00:00,FLM-USDT-SWAP,30719160.0,1758429768695
2025-09-21 04:42:48.682000+00:00,FLOKI-USDT-SWAP,38605600000.0,1758429768682
2025-09-21 04:42:48.686000+00:00,FLOW-USDT-SWAP,4248690.0,1758429768686
2025-09-21 04:42:48.685000+00:00,FXS-USDT-SWAP,352078.0,1758429768685
2025-09-21 04:42:49.160000+00:00,GALA-USDT-SWAP,459912300.0,1758429769160
2025-09-21 04:42:49.166000+00:00,GAS-USDT-SWAP,368755.0,1758429769166
2025-09-21 04:42:49.169000+00:00,GLM-USDT-SWAP,3196020.0,1758429769169
2025-09-21 04:42:49.165000+00:00,GMT-USDT-SWAP,47111490.0,1758429769165
2025-09-21 04:42:49.175000+00:00,GMX-USDT-SWAP,69872.0,1758429769175
2025-09-21 04:42:49.167000+00:00,GOAT-USDT-SWAP,28450640.0,1758429769167
2025-09-21 04:42:49.164000+00:00,GODS-USDT-SWAP,7997698.0,1758429769164
2025-09-21 04:42:49.166000+00:00,GPS-USDT-SWAP,135065850.0,1758429769166
2025-09-21 04:42:49.168000+00:00,GRASS-USDT-SWAP,2692444.0,1758429769168
2025-09-21 04:42:49.170000+00:00,GRIFFAIN-USDT-SWAP,30125010.0,1758429769170
2025-09-21 04:42:49.609000+00:00,GRT-USDT-SWAP,21750300.0,1758429769609
2025-09-21 04:42:49.605000+00:00,H-USDT-SWAP,80603400.0,1758429769605
2025-09-21 04:42:49.611000+00:00,HBAR-USDT-SWAP,81797370.00000006,1758429769611
2025-09-21 04:42:49.613000+00:00,HMSTR-USDT-SWAP,1193379200.0,1758429769613
2025-09-21 04:42:49.618000+00:00,HOME-USDT-SWAP,16095400.0,1758429769618
2025-09-21 04:42:49.610000+00:00,HUMA-USDT-SWAP,71453600.0,1758429769610
2025-09-21 04:42:49.612000+00:00,HYPE-USDT-SWAP,1009832.6,1758429769612
2025-09-21 04:42:49.615000+00:00,ICP-USDT-SWAP,1743769.7,1758429769615
2025-09-21 04:42:49.613000+00:00,ICX-USDT-SWAP,5639540.0,1758429769613
2025-09-21 04:42:49.623000+00:00,IMX-USDT-SWAP,9407965.0,1758429769623
2025-09-21 04:42:50.157000+00:00,INIT-USDT-SWAP,2225440.0,1758429770157
2025-09-21 04:42:50.056000+00:00,INJ-USDT-SWAP,900165.1,1758429770056
2025-09-21 04:42:50.063000+00:00,IOST-USDT-SWAP,269042000.0,1758429770063
2025-09-21 04:42:50.061000+00:00,IOTA-USDT-SWAP,14268270.0,1758429770061
2025-09-21 04:42:50.053000+00:00,IP-USDT-SWAP,5353377.0,1758429770053
2025-09-21 04:42:50.061000+00:00,JELLYJELLY-USDT-SWAP,189242100.0,1758429770061
2025-09-21 04:42:50.059000+00:00,JOE-USDT-SWAP,7381490.0,1758429770059
2025-09-21 04:42:50.051000+00:00,JTO-USDT-SWAP,3834468.0,1758429770051
2025-09-21 04:42:50.058000+00:00,JUP-USDT-SWAP,14356790.0,1758429770058
2025-09-21 04:42:50.590000+00:00,KAITO-USDT-SWAP,4773927.0,1758429770590
2025-09-21 04:42:50.586000+00:00,KMNO-USDT-SWAP,53150800.0,1758429770586
2025-09-21 04:42:50.594000+00:00,KSM-USDT-SWAP,127267.0,1758429770594
2025-09-21 04:42:50.589000+00:00,LA-USDT-SWAP,6245210.0,1758429770589
2025-09-21 04:42:50.585000+00:00,LAUNCHCOIN-USDT-SWAP,40842200.0,1758429770585
2025-09-21 04:42:50.591000+00:00,LAYER-USDT-SWAP,6100708.0,1758429770591
2025-09-21 04:42:50.587000+00:00,LDO-USDT-SWAP,13681340.0,1758429770587
2025-09-21 04:42:50.587000+00:00,LINK-USDT-SWAP,2351106.8,1758429770587
2025-09-21 04:42:50.604000+00:00,LPT-USDT-SWAP,561766.4,1758429770604
2025-09-21 04:42:50.592000+00:00,LQTY-USDT-SWAP,2192676.0,1758429770592
2025-09-21 04:42:51.038000+00:00,LRC-USDT-SWAP,13705770.0,1758429771038
2025-09-21 04:42:51.049000+00:00,LTC-USDT-SWAP,732238.3000000002,1758429771049
2025-09-21 04:42:51.060000+00:00,LUNA-USDT-SWAP,20208921.0,1758429771060
2025-09-21 04:42:51.056000+00:00,MAGIC-USDT-SWAP,15957259.0,1758429771056
2025-09-21 04:42:51.050000+00:00,MAJOR-USDT-SWAP,4649426.0,1758429771050
2025-09-21 04:42:51.039000+00:00,MANA-USDT-SWAP,10640000.0,1758429771039
2025-09-21 04:42:51.055000+00:00,MASK-USDT-SWAP,2956364.0,1758429771055
2025-09-21 04:42:51.052000+00:00,ME-USDT-SWAP,3714557.0,1758429771052
2025-09-21 04:42:51.041000+00:00,MEME-USDT-SWAP,1577239800.0,1758429771041
2025-09-21 04:42:51.503000+00:00,MERL-USDT-SWAP,49566043.0,1758429771503
2025-09-21 04:42:51.497000+00:00,METIS-USDT-SWAP,116809.1,1758429771497
2025-09-21 04:42:51.501000+00:00,MEW-USDT-SWAP,1020621000.0,1758429771501
2025-09-21 04:42:51.503000+00:00,MINA-USDT-SWAP,7582943.0,1758429771503
2025-09-21 04:42:51.508000+00:00,MOG-USDT-SWAP,626552000000.0,1758429771508
2025-09-21 04:42:51.501000+00:00,MOODENG-USDT-SWAP,50974610.0,1758429771501
2025-09-21 04:42:51.504000+00:00,MORPHO-USDT-SWAP,1556741.0,1758429771504
2025-09-21 04:42:51.500000+00:00,MOVE-USDT-SWAP,28093130.0,1758429771500
2025-09-21 04:42:51.509000+00:00,MUBARAK-USDT-SWAP,45277900.0,1758429771509
2025-09-21 04:42:51.940000+00:00,NEAR-USDT-SWAP,7135633.999999997,1758429771940
2025-09-21 04:42:51.938000+00:00,NEIRO-USDT-SWAP,9355429000.0,1758429771938
2025-09-21 04:42:51.942000+00:00,NEO-USDT-SWAP,369927.0,1758429771942
2025-09-21 04:42:52.081000+00:00,NEWT-USDT-SWAP,3436160.0,1758429772081
2025-09-21 04:42:51.945000+00:00,NMR-USDT-SWAP,317695.3,1758429771945
2025-09-21 04:42:51.956000+00:00,NOT-USDT-SWAP,1516632100.0,1758429771956
2025-09-21 04:42:51.949000+00:00,NXPC-USDT-SWAP,1075868.0,1758429771949
2025-09-21 04:42:51.947000+00:00,OL-USDT-SWAP,71746140.0,1758429771947
2025-09-21 04:42:51.952000+00:00,OM-USDT-SWAP,22428580.0,1758429771952
2025-09-21 04:42:52.522000+00:00,ONDO-USDT-SWAP,24045360.0,1758429772522
2025-09-21 04:42:52.507000+00:00,ONE-USDT-SWAP,81255100.0,1758429772507
2025-09-21 04:42:52.519000+00:00,ONT-USDT-SWAP,10316550.0,1758429772519
2025-09-21 04:42:52.515000+00:00,OP-USDT-SWAP,25394055.0,1758429772515
2025-09-21 04:42:52.516000+00:00,ORBS-USDT-SWAP,29043700.0,1758429772516
2025-09-21 04:42:52.510000+00:00,ORDI-USDT-SWAP,1214336.8,1758429772510
2025-09-21 04:42:52.511000+00:00,PARTI-USDT-SWAP,12691910.0,1758429772511
2025-09-21 04:42:52.508000+00:00,PENGU-USDT-SWAP,625584000.0,1758429772508
2025-09-21 04:42:52.524000+00:00,PEOPLE-USDT-SWAP,338362300.0,1758429772524
2025-09-21 04:42:52.510000+00:00,PEPE-USDT-SWAP,8803251000000.006,1758429772510
2025-09-21 04:42:52.958000+00:00,PERP-USDT-SWAP,3137071.0,1758429772958
2025-09-21 04:42:52.958000+00:00,PI-USDT-SWAP,32801540.0,1758429772958
2025-09-21 04:42:52.960000+00:00,PLUME-USDT-SWAP,20277800.0,1758429772960
2025-09-21 04:42:52.959000+00:00,PNUT-USDT-SWAP,36170930.0,1758429772959
2025-09-21 04:42:52.972000+00:00,POL-USDT-SWAP,38114330.0,1758429772972
2025-09-21 04:42:52.973000+00:00,POPCAT-USDT-SWAP,8994190.0,1758429772973
2025-09-21 04:42:52.967000+00:00,PRCL-USDT-SWAP,15348784.0,1758429772967
2025-09-21 04:42:52.969000+00:00,PROMPT-USDT-SWAP,27514320.0,1758429772969
2025-09-21 04:42:52.965000+00:00,PUMP-USDT-SWAP,7976153000.0,1758429772965
2025-09-21 04:42:52.962000+00:00,PYTH-USDT-SWAP,53596040.0,1758429772962
2025-09-21 04:42:53.419000+00:00,QTUM-USDT-SWAP,1052886.0,1758429773419
2025-09-21 04:42:53.420000+00:00,RAY-USDT-SWAP,1506427.0,1758429773420
2025-09-21 04:42:53.422000+00:00,RENDER-USDT-SWAP,1374828.0,1758429773422
2025-09-21 04:42:53.422000+00:00,RESOLV-USDT-SWAP,26103580.0,1758429773422
2025-09-21 04:42:53.426000+00:00,RSR-USDT-SWAP,261735000.0,1758429773426
2025-09-21 04:42:53.418000+00:00,RVN-USDT-SWAP,82414240.0,1758429773418
2025-09-21 04:42:53.417000+00:00,S-USDT-SWAP,12540260.0,1758429773417
2025-09-21 04:42:53.424000+00:00,SAHARA-USDT-SWAP,38195540.0,1758429773424
2025-09-21 04:42:53.425000+00:00,SAND-USDT-SWAP,16927690.0,1758429773425
2025-09-21 04:42:53.430000+00:00,SATS-USDT-SWAP,188133760000000.0,1758429773430
2025-09-21 04:42:53.879000+00:00,SCR-USDT-SWAP,2444110.0,1758429773879
2025-09-21 04:42:53.867000+00:00,SHELL-USDT-SWAP,5187230.0,1758429773867
2025-09-21 04:42:53.877000+00:00,SHIB-USDT-SWAP,1649780900000.0,1758429773877
2025-09-21 04:42:53.873000+00:00,SIGN-USDT-SWAP,48390100.0,1758429773873
2025-09-21 04:42:53.883000+00:00,SLP-USDT-SWAP,402543280.0,1758429773883
2025-09-21 04:42:53.874000+00:00,SNX-USDT-SWAP,2278241.0,1758429773874
2025-09-21 04:42:53.881000+00:00,SOL-USDT-SWAP,3768760.8800000036,1758429773881
2025-09-21 04:42:53.878000+00:00,SOLV-USDT-SWAP,57073200.0,1758429773878
2025-09-21 04:42:53.868000+00:00,SONIC-USDT-SWAP,7843491.0,1758429773868
2025-09-21 04:42:53.877000+00:00,SOON-USDT-SWAP,6560470.0,1758429773877
2025-09-21 04:42:54.324000+00:00,SOPH-USDT-SWAP,79924200.0,1758429774324
2025-09-21 04:42:54.318000+00:00,SPK-USDT-SWAP,114161800.0,1758429774318
2025-09-21 04:42:54.327000+00:00,SPX-USDT-SWAP,996639.0,1758429774327
2025-09-21 04:42:54.321000+00:00,SSV-USDT-SWAP,288188.2,1758429774321
2025-09-21 04:42:54.354000+00:00,STORJ-USDT-SWAP,6013570.0,1758429774354
2025-09-21 04:42:54.329000+00:00,STRK-USDT-SWAP,24524071.0,1758429774329
2025-09-21 04:42:54.331000+00:00,STX-USDT-SWAP,7322521.000000001,1758429774331
2025-09-21 04:42:54.327000+00:00,SUI-USDT-SWAP,23738645.0,1758429774327
2025-09-21 04:42:54.343000+00:00,SUSHI-USDT-SWAP,8184777.0,1758429774343
2025-09-21 04:42:54.332000+00:00,SWARMS-USDT-SWAP,77518660.0,1758429774332
2025-09-21 04:42:54.796000+00:00,SYRUP-USDT-SWAP,2391940.0,1758429774796
2025-09-21 04:42:54.792000+00:00,T-USDT-SWAP,41331700.0,1758429774792
2025-09-21 04:42:54.794000+00:00,TAO-USDT-SWAP,14161.93,1758429774794
2025-09-21 04:42:54.938000+00:00,THETA-USDT-SWAP,2884008.0000000005,1758429774938
2025-09-21 04:42:54.794000+00:00,TIA-USDT-SWAP,5008675.0,1758429774794
2025-09-21 04:42:54.797000+00:00,TNSR-USDT-SWAP,9727249.0,1758429774797
2025-09-21 04:42:54.794000+00:00,TON-USDT-SWAP,8271962.0,1758429774794
2025-09-21 04:42:54.796000+00:00,TRB-USDT-SWAP,231352.0,1758429774796
2025-09-21 04:42:54.801000+00:00,TREE-USDT-SWAP,7839804.0,1758429774801
2025-09-21 04:42:54.802000+00:00,TRUMP-USDT-SWAP,5564233.3,1758429774802
2025-09-21 04:42:55.401000+00:00,TRX-USDT-SWAP,82954070.00000015,1758429775401
2025-09-21 04:42:55.364000+00:00,TURBO-USDT-SWAP,844959000.0000001,1758429775364
2025-09-21 04:42:55.366000+00:00,UMA-USDT-SWAP,1277694.3,1758429775366
2025-09-21 04:42:55.364000+00:00,UNI-USDT-SWAP,3698974.0,1758429775364
2025-09-21 04:42:55.365000+00:00,USDC-USDT-SWAP,928810.0,1758429775365
2025-09-21 04:42:55.369000+00:00,USELESS-USDT-SWAP,19951220.0,1758429775369
2025-09-21 04:42:55.364000+00:00,UXLINK-USDT-SWAP,5623480.0,1758429775364
2025-09-21 04:42:55.362000+00:00,VANA-USDT-SWAP,131283.3,1758429775362
2025-09-21 04:42:55.484000+00:00,VINE-USDT-SWAP,103784180.0,1758429775484
2025-09-21 04:42:55.921000+00:00,VIRTUAL-USDT-SWAP,3664676.0,1758429775921
2025-09-21 04:42:55.910000+00:00,W-USDT-SWAP,75559909.0,1758429775910
2025-09-21 04:42:55.921000+00:00,WAL-USDT-SWAP,1988460.0,1758429775921
2025-09-21 04:42:55.929000+00:00,WCT-USDT-SWAP,9393470.0,1758429775929
2025-09-21 04:42:55.920000+00:00,WIF-USDT-SWAP,18532484.0,1758429775920
2025-09-21 04:42:55.912000+00:00,WLD-USDT-SWAP,28482122.0,1758429775912
2025-09-21 04:42:55.912000+00:00,WLFI-USDT-SWAP,299583080.0,1758429775912
2025-09-21 04:42:56.073000+00:00,WOO-USDT-SWAP,23663940.0,1758429776073
2025-09-21 04:42:55.918000+00:00,XAUT-USDT-SWAP,4562.649,1758429775918
2025-09-21 04:42:56.538000+00:00,XLM-USDT-SWAP,38773700.00000001,1758429776538
2025-09-21 04:42:56.503000+00:00,XPL-USDT-SWAP,10677150.0,1758429776503
2025-09-21 04:42:56.504000+00:00,XRP-USDT-SWAP,106365402.99999994,1758429776504
2025-09-21 04:42:56.506000+00:00,XTZ-USDT-SWAP,5742061.0,1758429776506
2025-09-21 04:42:56.496000+00:00,YFI-USDT-SWAP,394.9177,1758429776496
2025-09-21 04:42:56.504000+00:00,YGG-USDT-SWAP,41549159.0,1758429776504
2025-09-21 04:42:56.498000+00:00,ZENT-USDT-SWAP,187470100.0,1758429776498
2025-09-21 04:42:56.494000+00:00,ZETA-USDT-SWAP,5527840.0,1758429776494
2025-09-21 04:42:56.500000+00:00,ZIL-USDT-SWAP,156813200.0,1758429776500
2025-09-21 04:42:56.970000+00:00,ZK-USDT-SWAP,48205020.0,1758429776970
2025-09-21 04:42:56.968000+00:00,ZRO-USDT-SWAP,2048978.0,1758429776968
2025-09-21 04:42:56.970000+00:00,ZRX-USDT-SWAP,6551840.0,1758429776970
2025-09-21 04:43:57.684000+00:00,1INCH-USDT-SWAP,7103624.0,1758429837684
2025-09-21 04:43:57.666000+00:00,A-USDT-SWAP,11380210.0,1758429837666
2025-09-21 04:43:57.657000+00:00,AAVE-USDT-SWAP,129524.01000000004,1758429837657
2025-09-21 04:43:57.661000+00:00,ACE-USDT-SWAP,2841666.0,1758429837661
2025-09-21 04:43:57.673000+00:00,ACH-USDT-SWAP,95426900.0,1758429837673
2025-09-21 04:43:57.676000+00:00,ACT-USDT-SWAP,98730816.0,1758429837676
2025-09-21 04:43:57.665000+00:00,ADA-USDT-SWAP,93287330.00000001,1758429837665
2025-09-21 04:43:57.670000+00:00,AERO-USDT-SWAP,2329590.0,1758429837670
2025-09-21 04:43:57.669000+00:00,AEVO-USDT-SWAP,33614308.0,1758429837669
2025-09-21 04:43:57.672000+00:00,AGLD-USDT-SWAP,1990865.0,1758429837672
2025-09-21 04:43:58.115000+00:00,AI16Z-USDT-SWAP,50848466.0,1758429838115
2025-09-21 04:43:58.117000+00:00,AIXBT-USDT-SWAP,22527390.0,1758429838117
2025-09-21 04:43:58.127000+00:00,ALGO-USDT-SWAP,27968080.0,1758429838127
2025-09-21 04:43:58.108000+00:00,ANIME-USDT-SWAP,96671910.0,1758429838108
2025-09-21 04:43:58.126000+00:00,APE-USDT-SWAP,7940059.1,1758429838126
2025-09-21 04:43:58.118000+00:00,API3-USDT-SWAP,2074584.0,1758429838118
2025-09-21 04:43:58.121000+00:00,APT-USDT-SWAP,4153877.0,1758429838121
2025-09-21 04:43:58.118000+00:00,AR-USDT-SWAP,533499.8,1758429838118
2025-09-21 04:43:58.125000+00:00,ARB-USDT-SWAP,37170074.99999998,1758429838125
2025-09-21 04:43:58.571000+00:00,ARC-USDT-SWAP,99784250.0,1758429838571
2025-09-21 04:43:58.583000+00:00,ARKM-USDT-SWAP,3433698.0,1758429838583
2025-09-21 04:43:58.579000+00:00,ATH-USDT-SWAP,170490100.0,1758429838579
2025-09-21 04:43:58.584000+00:00,ATOM-USDT-SWAP,2135509.0,1758429838584
2025-09-21 04:43:58.580000+00:00,AUCTION-USDT-SWAP,240144.2,1758429838580
2025-09-21 04:43:58.584000+00:00,AVAAI-USDT-SWAP,88248570.0,1758429838584
2025-09-21 04:43:58.581000+00:00,AVAX-USDT-SWAP,2281382.0000000014,1758429838581
2025-09-21 04:43:58.567000+00:00,AXS-USDT-SWAP,1123532.3,1758429838567
2025-09-21 04:43:58.582000+00:00,BABY-USDT-SWAP,39187310.0,1758429838582
2025-09-21 04:43:58.579000+00:00,BAND-USDT-SWAP,1253252.0,1758429838579
2025-09-21 04:43:59.033000+00:00,BAT-USDT-SWAP,4761970.0,1758429839033
2025-09-21 04:43:59.033000+00:00,BCH-USDT-SWAP,71381.59999999996,1758429839033
2025-09-21 04:43:59.037000+00:00,BERA-USDT-SWAP,2625837.1,1758429839037
2025-09-21 04:43:59.041000+00:00,BICO-USDT-SWAP,7233846.0,1758429839041
2025-09-21 04:43:59.020000+00:00,BIGTIME-USDT-SWAP,39824170.0,1758429839020
2025-09-21 04:43:59.035000+00:00,BIO-USDT-SWAP,67591505.0,1758429839035
2025-09-21 04:43:59.038000+00:00,BLUR-USDT-SWAP,24669850.0,1758429839038
2025-09-21 04:43:59.027000+00:00,BNB-USDT-SWAP,150157.89,1758429839027
2025-09-21 04:43:59.035000+00:00,BNT-USDT-SWAP,731320.0,1758429839035
2025-09-21 04:43:59.036000+00:00,BOME-USDT-SWAP,1027362000.0,1758429839036
2025-09-21 04:43:59.479000+00:00,BONK-USDT-SWAP,478688300000.0,1758429839479
2025-09-21 04:43:59.486000+00:00,BRETT-USDT-SWAP,19288800.0,1758429839486
2025-09-21 04:43:59.484000+00:00,BTC-USDT-SWAP,28081.00510000008,1758429839484
2025-09-21 04:43:59.488000+00:00,CAT-USDT-SWAP,203551500000.0,1758429839488
2025-09-21 04:43:59.485000+00:00,CATI-USDT-SWAP,15998229.0,1758429839485
2025-09-21 04:43:59.503000+00:00,CELO-USDT-SWAP,3748155.0,1758429839503
2025-09-21 04:43:59.493000+00:00,CETUS-USDT-SWAP,22362290.0,1758429839493
2025-09-21 04:43:59.480000+00:00,CFX-USDT-SWAP,75394610.0,1758429839480
2025-09-21 04:43:59.484000+00:00,CHZ-USDT-SWAP,78198160.0,1758429839484
2025-09-21 04:43:59.496000+00:00,COMP-USDT-SWAP,74725.0,1758429839496
2025-09-21 04:43:59.945000+00:00,COOKIE-USDT-SWAP,5036000.0,1758429839945
2025-09-21 04:43:59.946000+00:00,CORE-USDT-SWAP,9991927.0,1758429839946
2025-09-21 04:43:59.950000+00:00,CRO-USDT-SWAP,51106890.0,1758429839950
2025-09-21 04:43:59.953000+00:00,CRV-USDT-SWAP,25160893.0,1758429839953
2025-09-21 04:43:59.937000+00:00,CTC-USDT-SWAP,1678080.0,1758429839937
2025-09-21 04:43:59.963000+00:00,CVC-USDT-SWAP,9752700.0,1758429839963
2025-09-21 04:43:59.946000+00:00,CVX-USDT-SWAP,374651.0,1758429839946
2025-09-21 04:43:59.937000+00:00,DEGEN-USDT-SWAP,330055600.0,1758429839937
2025-09-21 04:44:00.393000+00:00,DOGE-USDT-SWAP,1396560989.999999,1758429840393
2025-09-21 04:44:00.398000+00:00,DOGS-USDT-SWAP,15809792000.0,1758429840398
2025-09-21 04:44:00.398000+00:00,DOOD-USDT-SWAP,146911000.0,1758429840398
2025-09-21 04:44:00.396000+00:00,DOT-USDT-SWAP,6332507.0,1758429840396
2025-09-21 04:44:00.402000+00:00,DYDX-USDT-SWAP,13313981.0,1758429840402
2025-09-21 04:44:00.404000+00:00,EGLD-USDT-SWAP,118975.2,1758429840404
2025-09-21 04:44:00.391000+00:00,EIGEN-USDT-SWAP,4736252.0,1758429840391
2025-09-21 04:44:00.392000+00:00,ENJ-USDT-SWAP,14765500.0,1758429840392
2025-09-21 04:44:00.397000+00:00,ENS-USDT-SWAP,332260.8,1758429840397
2025-09-21 04:44:00.897000+00:00,ETC-USDT-SWAP,1204532.7000000004,1758429840897
2025-09-21 04:44:00.888000+00:00,ETH-USDT-SWAP,746501.8950000001,1758429840888
2025-09-21 04:44:00.895000+00:00,ETHFI-USDT-SWAP,7929588.0,1758429840895
2025-09-21 04:44:00.922000+00:00,ETHW-USDT-SWAP,1217525.0,1758429840922
2025-09-21 04:44:00.889000+00:00,FARTCOIN-USDT-SWAP,25003995.0,1758429840889
2025-09-21 04:44:00.892000+00:00,FIL-USDT-SWAP,13636574.5,1758429840892
2025-09-21 04:44:00.901000+00:00,FLM-USDT-SWAP,30717400.0,1758429840901
2025-09-21 04:44:00.942000+00:00,FLOKI-USDT-SWAP,38607400000.0,1758429840942
2025-09-21 04:44:00.894000+00:00,FLOW-USDT-SWAP,4248570.0,1758429840894
2025-09-21 04:44:00.889000+00:00,FXS-USDT-SWAP,352078.0,1758429840889
2025-09-21 04:44:01.392000+00:00,GALA-USDT-SWAP,459912860.0,1758429841392
2025-09-21 04:44:01.378000+00:00,GAS-USDT-SWAP,368755.0,1758429841378
2025-09-21 04:44:01.378000+00:00,GLM-USDT-SWAP,3196020.0,1758429841378
2025-09-21 04:44:01.379000+00:00,GMT-USDT-SWAP,47111159.0,1758429841379
2025-09-21 04:44:01.374000+00:00,GMX-USDT-SWAP,69882.6,1758429841374
2025-09-21 04:44:01.372000+00:00,GOAT-USDT-SWAP,28459670.0,1758429841372
2025-09-21 04:44:01.369000+00:00,GODS-USDT-SWAP,7997698.0,1758429841369
2025-09-21 04:44:01.373000+00:00,GPS-USDT-SWAP,135074780.0,1758429841373
2025-09-21 04:44:01.367000+00:00,GRASS-USDT-SWAP,2691660.0,1758429841367
2025-09-21 04:44:01.383000+00:00,GRIFFAIN-USDT-SWAP,30125160.0,1758429841383
2025-09-21 04:44:01.832000+00:00,GRT-USDT-SWAP,21750300.0,1758429841832
2025-09-21 04:44:01.831000+00:00,H-USDT-SWAP,80483100.0,1758429841831
2025-09-21 04:44:01.834000+00:00,HBAR-USDT-SWAP,81788090.00000006,1758429841834
2025-09-21 04:44:01.830000+00:00,HMSTR-USDT-SWAP,1193346600.0,1758429841830
2025-09-21 04:44:01.818000+00:00,HOME-USDT-SWAP,16095500.0,1758429841818
2025-09-21 04:44:01.837000+00:00,HUMA-USDT-SWAP,71476700.0,1758429841837
2025-09-21 04:44:01.834000+00:00,HYPE-USDT-SWAP,1009765.3,1758429841834
2025-09-21 04:44:01.822000+00:00,ICP-USDT-SWAP,1743771.81,1758429841822
2025-09-21 04:44:01.828000+00:00,ICX-USDT-SWAP,5640100.0,1758429841828
2025-09-21 04:44:01.837000+00:00,IMX-USDT-SWAP,9409017.0,1758429841837
2025-09-21 04:44:02.289000+00:00,INIT-USDT-SWAP,2226990.0,1758429842289
2025-09-21 04:44:02.289000+00:00,INJ-USDT-SWAP,900190.4,1758429842289
2025-09-21 04:44:02.294000+00:00,IOST-USDT-SWAP,269042000.0,1758429842294
2025-09-21 04:44:02.291000+00:00,IOTA-USDT-SWAP,14268930.0,1758429842291
2025-09-21 04:44:02.286000+00:00,IP-USDT-SWAP,5356732.0,1758429842286
2025-09-21 04:44:02.299000+00:00,JELLYJELLY-USDT-SWAP,189244500.0,1758429842299
2025-09-21 04:44:02.281000+00:00,JOE-USDT-SWAP,7381810.0,1758429842281
2025-09-21 04:44:02.283000+00:00,JTO-USDT-SWAP,3834458.0,1758429842283
2025-09-21 04:44:02.290000+00:00,JUP-USDT-SWAP,14355270.0,1758429842290
2025-09-21 04:44:02.877000+00:00,KAITO-USDT-SWAP,4773877.0,1758429842877
2025-09-21 04:44:02.733000+00:00,KMNO-USDT-SWAP,53036700.0,1758429842733
2025-09-21 04:44:02.735000+00:00,KSM-USDT-SWAP,127267.0,1758429842735
2025-09-21 04:44:02.729000+00:00,LA-USDT-SWAP,6257110.0,1758429842729
2025-09-21 04:44:02.747000+00:00,LAUNCHCOIN-USDT-SWAP,40841810.0,1758429842747
2025-09-21 04:44:02.749000+00:00,LAYER-USDT-SWAP,6099457.0,1758429842749
2025-09-21 04:44:02.738000+00:00,LDO-USDT-SWAP,13681534.0,1758429842738
2025-09-21 04:44:03.225000+00:00,LINK-USDT-SWAP,2351098.3,1758429843225
2025-09-21 04:44:02.728000+00:00,LPT-USDT-SWAP,561733.0,1758429842728
2025-09-21 04:44:02.736000+00:00,LQTY-USDT-SWAP,2192677.0,1758429842736
2025-09-21 04:44:03.676000+00:00,LRC-USDT-SWAP,13705780.0,1758429843676
2025-09-21 04:44:03.675000+00:00,LTC-USDT-SWAP,732254.6000000002,1758429843675
2025-09-21 04:44:03.689000+00:00,LUNA-USDT-SWAP,20208921.0,1758429843689
2025-09-21 04:44:03.668000+00:00,MAGIC-USDT-SWAP,15957143.0,1758429843668
2025-09-21 04:44:03.682000+00:00,MAJOR-USDT-SWAP,4649426.0,1758429843682
2025-09-21 04:44:03.681000+00:00,MANA-USDT-SWAP,10640530.0,1758429843681
2025-09-21 04:44:03.677000+00:00,MASK-USDT-SWAP,2956373.0,1758429843677
2025-09-21 04:44:03.680000+00:00,ME-USDT-SWAP,3714396.0,1758429843680
2025-09-21 04:44:03.677000+00:00,MEME-USDT-SWAP,1575412500.0,1758429843677
2025-09-21 04:44:04.122000+00:00,MERL-USDT-SWAP,49603328.0,1758429844122
2025-09-21 04:44:04.130000+00:00,METIS-USDT-SWAP,116808.9,1758429844130
2025-09-21 04:44:04.122000+00:00,MEW-USDT-SWAP,1020621000.0,1758429844122
2025-09-21 04:44:04.132000+00:00,MINA-USDT-SWAP,7582943.0,1758429844132
2025-09-21 04:44:04.124000+00:00,MOG-USDT-SWAP,626528000000.0,1758429844124
2025-09-21 04:44:04.128000+00:00,MOODENG-USDT-SWAP,50978270.0,1758429844128
2025-09-21 04:44:04.123000+00:00,MORPHO-USDT-SWAP,1556574.0,1758429844123
2025-09-21 04:44:04.120000+00:00,MOVE-USDT-SWAP,28093430.0,1758429844120
2025-09-21 04:44:04.128000+00:00,MUBARAK-USDT-SWAP,45259800.0,1758429844128
2025-09-21 04:44:04.573000+00:00,NEAR-USDT-SWAP,7135592.999999997,1758429844573
2025-09-21 04:44:04.578000+00:00,NEIRO-USDT-SWAP,9355701000.0,1758429844578
2025-09-21 04:44:04.578000+00:00,NEO-USDT-SWAP,369928.0,1758429844578
2025-09-21 04:44:04.584000+00:00,NEWT-USDT-SWAP,3436260.0,1758429844584
2025-09-21 04:44:04.582000+00:00,NMR-USDT-SWAP,317708.4,1758429844582
2025-09-21 04:44:04.583000+00:00,NOT-USDT-SWAP,1516632100.0,1758429844583
2025-09-21 04:44:04.574000+00:00,NXPC-USDT-SWAP,1076017.0,1758429844574
2025-09-21 04:44:04.581000+00:00,OL-USDT-SWAP,71746150.0,1758429844581
2025-09-21 04:44:04.589000+00:00,OM-USDT-SWAP,22428001.0,1758429844589
2025-09-21 04:44:05.025000+00:00,ONDO-USDT-SWAP,24045380.0,1758429845025
2025-09-21 04:44:05.034000+00:00,ONE-USDT-SWAP,81258000.0,1758429845034
2025-09-21 04:44:05.032000+00:00,ONT-USDT-SWAP,10316550.0,1758429845032
2025-09-21 04:44:05.032000+00:00,OP-USDT-SWAP,25393827.0,1758429845032
2025-09-21 04:44:05.024000+00:00,ORBS-USDT-SWAP,29043700.0,1758429845024
2025-09-21 04:44:05.036000+00:00,ORDI-USDT-SWAP,1214338.5,1758429845036
2025-09-21 04:44:05.028000+00:00,PARTI-USDT-SWAP,12694480.0,1758429845028
2025-09-21 04:44:05.031000+00:00,PENGU-USDT-SWAP,625589100.0,1758429845031
2025-09-21 04:44:05.032000+00:00,PEOPLE-USDT-SWAP,338371100.0,1758429845032
2025-09-21 04:44:05.037000+00:00,PEPE-USDT-SWAP,8802156000000.006,1758429845037
2025-09-21 04:44:05.488000+00:00,PERP-USDT-SWAP,3138434.0,1758429845488
2025-09-21 04:44:05.493000+00:00,PI-USDT-SWAP,32802250.0,1758429845493
2025-09-21 04:44:05.491000+00:00,PLUME-USDT-SWAP,20277780.0,1758429845491
2025-09-21 04:44:05.493000+00:00,PNUT-USDT-SWAP,36170930.0,1758429845493
2025-09-21 04:44:05.485000+00:00,POL-USDT-SWAP,38114330.0,1758429845485
2025-09-21 04:44:05.493000+00:00,POPCAT-USDT-SWAP,8994190.0,1758429845493
2025-09-21 04:44:05.497000+00:00,PRCL-USDT-SWAP,15345549.0,1758429845497
2025-09-21 04:44:05.486000+00:00,PROMPT-USDT-SWAP,27518670.0,1758429845486
2025-09-21 04:44:05.492000+00:00,PUMP-USDT-SWAP,7975978000.0,1758429845492
2025-09-21 04:44:05.496000+00:00,PYTH-USDT-SWAP,53592490.0,1758429845496
2025-09-21 04:44:05.948000+00:00,QTUM-USDT-SWAP,1052886.0,1758429845948
2025-09-21 04:44:05.945000+00:00,RAY-USDT-SWAP,1506757.0,1758429845945
2025-09-21 04:44:05.953000+00:00,RENDER-USDT-SWAP,1374828.0,1758429845953
2025-09-21 04:44:05.950000+00:00,RESOLV-USDT-SWAP,26096190.0,1758429845950
2025-09-21 04:44:05.942000+00:00,RSR-USDT-SWAP,261735000.0,1758429845942
2025-09-21 04:44:05.951000+00:00,RVN-USDT-SWAP,82414240.0,1758429845951
2025-09-21 04:44:05.944000+00:00,S-USDT-SWAP,12540240.0,1758429845944
2025-09-21 04:44:05.944000+00:00,SAHARA-USDT-SWAP,38196990.0,1758429845944
2025-09-21 04:44:05.951000+00:00,SAND-USDT-SWAP,16926070.0,1758429845951
2025-09-21 04:44:05.953000+00:00,SATS-USDT-SWAP,188175540000000.0,1758429845953
2025-09-21 04:44:06.402000+00:00,SCR-USDT-SWAP,2444110.0,1758429846402
2025-09-21 04:44:06.404000+00:00,SHELL-USDT-SWAP,5196870.0,1758429846404
2025-09-21 04:44:06.412000+00:00,SHIB-USDT-SWAP,1649775700000.0,1758429846412
2025-09-21 04:44:06.394000+00:00,SIGN-USDT-SWAP,48387600.0,1758429846394
2025-09-21 04:44:06.402000+00:00,SLP-USDT-SWAP,402581580.0,1758429846402
2025-09-21 04:44:06.411000+00:00,SNX-USDT-SWAP,2277588.0,1758429846411
2025-09-21 04:44:06.408000+00:00,SOL-USDT-SWAP,3768689.7400000035,1758429846408
2025-09-21 04:44:06.397000+00:00,SOLV-USDT-SWAP,57073200.0,1758429846397
2025-09-21 04:44:06.397000+00:00,SONIC-USDT-SWAP,7842666.0,1758429846397
2025-09-21 04:44:06.427000+00:00,SOON-USDT-SWAP,6558380.0,1758429846427
2025-09-21 04:44:06.877000+00:00,SOPH-USDT-SWAP,79924100.0,1758429846877
2025-09-21 04:44:06.871000+00:00,SPK-USDT-SWAP,114152900.0,1758429846871
2025-09-21 04:44:06.875000+00:00,SPX-USDT-SWAP,996718.0,1758429846875
2025-09-21 04:44:06.876000+00:00,SSV-USDT-SWAP,288188.9,1758429846876
2025-09-21 04:44:06.863000+00:00,STORJ-USDT-SWAP,6013570.0,1758429846863
2025-09-21 04:44:07.021000+00:00,STRK-USDT-SWAP,24524486.0,1758429847021
2025-09-21 04:44:06.872000+00:00,STX-USDT-SWAP,7322513.000000001,1758429846872
2025-09-21 04:44:06.870000+00:00,SUI-USDT-SWAP,23738816.0,1758429846870
2025-09-21 04:44:06.873000+00:00,SUSHI-USDT-SWAP,8184789.0,1758429846873
2025-09-21 04:44:06.870000+00:00,SWARMS-USDT-SWAP,77518660.0,1758429846870
2025-09-21 04:44:07.452000+00:00,SYRUP-USDT-SWAP,2391490.0,1758429847452
2025-09-21 04:44:07.465000+00:00,T-USDT-SWAP,41331700.0,1758429847465
2025-09-21 04:44:07.459000+00:00,TAO-USDT-SWAP,14161.83,1758429847459
2025-09-21 04:44:07.470000+00:00,THETA-USDT-SWAP,2884008.0000000005,1758429847470
2025-09-21 04:44:07.452000+00:00,TIA-USDT-SWAP,5008669.0,1758429847452
2025-09-21 04:44:07.458000+00:00,TNSR-USDT-SWAP,9727253.0,1758429847458
2025-09-21 04:44:07.472000+00:00,TON-USDT-SWAP,8295764.0,1758429847472
2025-09-21 04:44:07.459000+00:00,TRB-USDT-SWAP,231308.8,1758429847459
2025-09-21 04:44:07.459000+00:00,TREE-USDT-SWAP,7835793.0,1758429847459
2025-09-21 04:44:07.455000+00:00,TRUMP-USDT-SWAP,5564288.7,1758429847455
2025-09-21 04:44:07.919000+00:00,TRX-USDT-SWAP,82946270.00000015,1758429847919
2025-09-21 04:44:07.925000+00:00,TURBO-USDT-SWAP,844977000.0000001,1758429847925
2025-09-21 04:44:07.921000+00:00,UMA-USDT-SWAP,1277671.3,1758429847921
2025-09-21 04:44:07.921000+00:00,UNI-USDT-SWAP,3699027.0,1758429847921
2025-09-21 04:44:07.908000+00:00,USDC-USDT-SWAP,928810.0,1758429847908
2025-09-21 04:44:07.926000+00:00,USELESS-USDT-SWAP,19951730.0,1758429847926
2025-09-21 04:44:07.915000+00:00,UXLINK-USDT-SWAP,5623480.0,1758429847915
2025-09-21 04:44:07.917000+00:00,VANA-USDT-SWAP,131343.5,1758429847917
2025-09-21 04:44:07.927000+00:00,VINE-USDT-SWAP,103779250.0,1758429847927
2025-09-21 04:44:08.394000+00:00,VIRTUAL-USDT-SWAP,3664651.0,1758429848394
2025-09-21 04:44:08.365000+00:00,W-USDT-SWAP,75537733.0,1758429848365
2025-09-21 04:44:08.378000+00:00,WAL-USDT-SWAP,1988510.0,1758429848378
2025-09-21 04:44:08.374000+00:00,WCT-USDT-SWAP,9380260.0,1758429848374
2025-09-21 04:44:08.524000+00:00,WIF-USDT-SWAP,18540350.0,1758429848524
2025-09-21 04:44:08.382000+00:00,WLD-USDT-SWAP,28483652.0,1758429848382
2025-09-21 04:44:08.372000+00:00,WLFI-USDT-SWAP,299499930.0,1758429848372
2025-09-21 04:44:08.372000+00:00,WOO-USDT-SWAP,23653420.0,1758429848372
2025-09-21 04:44:08.389000+00:00,XAUT-USDT-SWAP,4562.305,1758429848389
2025-09-21 04:44:08.960000+00:00,XLM-USDT-SWAP,38773880.00000001,1758429848960
2025-09-21 04:44:08.962000+00:00,XPL-USDT-SWAP,10692250.0,1758429848962
2025-09-21 04:44:08.964000+00:00,XRP-USDT-SWAP,106366992.99999994,1758429848964
2025-09-21 04:44:08.955000+00:00,XTZ-USDT-SWAP,5742526.0,1758429848955
2025-09-21 04:44:08.956000+00:00,YFI-USDT-SWAP,394.9177,1758429848956
2025-09-21 04:44:08.959000+00:00,YGG-USDT-SWAP,41551362.0,1758429848959
2025-09-21 04:44:08.962000+00:00,ZENT-USDT-SWAP,187474400.0,1758429848962
2025-09-21 04:44:08.960000+00:00,ZETA-USDT-SWAP,5527840.0,1758429848960
2025-09-21 04:44:08.942000+00:00,ZIL-USDT-SWAP,156813200.0,1758429848942
2025-09-21 04:44:09.415000+00:00,ZK-USDT-SWAP,48205010.0,1758429849415
2025-09-21 04:44:09.400000+00:00,ZRO-USDT-SWAP,2049484.0,1758429849400
2025-09-21 04:44:09.405000+00:00,ZRX-USDT-SWAP,6551840.0,1758429849405
2025-09-21 04:45:10.113000+00:00,1INCH-USDT-SWAP,7103149.0,1758429910113
2025-09-21 04:45:10.091000+00:00,A-USDT-SWAP,11380210.0,1758429910091
2025-09-21 04:45:10.098000+00:00,AAVE-USDT-SWAP,129523.15000000005,1758429910098
2025-09-21 04:45:10.096000+00:00,ACE-USDT-SWAP,2842135.0,1758429910096
2025-09-21 04:45:10.114000+00:00,ACH-USDT-SWAP,95426500.0,1758429910114
2025-09-21 04:45:10.095000+00:00,ACT-USDT-SWAP,99131281.0,1758429910095
2025-09-21 04:45:10.109000+00:00,ADA-USDT-SWAP,93286410.00000001,1758429910109
2025-09-21 04:45:10.096000+00:00,AERO-USDT-SWAP,2350050.0,1758429910096
2025-09-21 04:45:10.091000+00:00,AEVO-USDT-SWAP,33734825.0,1758429910091
2025-09-21 04:45:10.091000+00:00,AGLD-USDT-SWAP,1990867.0,1758429910091
2025-09-21 04:45:10.554000+00:00,AI16Z-USDT-SWAP,50966301.0,1758429910554
2025-09-21 04:45:10.553000+00:00,AIXBT-USDT-SWAP,22526990.0,1758429910553
2025-09-21 04:45:10.561000+00:00,ALGO-USDT-SWAP,27966900.0,1758429910561
2025-09-21 04:45:10.563000+00:00,ANIME-USDT-SWAP,96671900.0,1758429910563
2025-09-21 04:45:10.558000+00:00,APE-USDT-SWAP,7940087.2,1758429910558
2025-09-21 04:45:10.562000+00:00,API3-USDT-SWAP,2074461.0,1758429910562
2025-09-21 04:45:10.553000+00:00,APT-USDT-SWAP,4152720.0,1758429910553
2025-09-21 04:45:10.583000+00:00,AR-USDT-SWAP,533493.5,1758429910583
2025-09-21 04:45:10.562000+00:00,ARB-USDT-SWAP,37165811.99999998,1758429910562
2025-09-21 04:45:11.015000+00:00,ARC-USDT-SWAP,99759190.0,1758429911015
2025-09-21 04:45:11.011000+00:00,ARKM-USDT-SWAP,3438306.0,1758429911011
2025-09-21 04:45:11.011000+00:00,ATH-USDT-SWAP,170494900.0,1758429911011
2025-09-21 04:45:11.013000+00:00,ATOM-USDT-SWAP,2133857.0,1758429911013
2025-09-21 04:45:11.015000+00:00,AUCTION-USDT-SWAP,239576.1,1758429911015
2025-09-21 04:45:11.020000+00:00,AVAAI-USDT-SWAP,88216880.0,1758429911020
2025-09-21 04:45:11.028000+00:00,AVAX-USDT-SWAP,2280698.300000001,1758429911028
2025-09-21 04:45:11.008000+00:00,AXS-USDT-SWAP,1123439.6,1758429911008
2025-09-21 04:45:11.017000+00:00,BABY-USDT-SWAP,39186930.0,1758429911017
2025-09-21 04:45:11.020000+00:00,BAND-USDT-SWAP,1253237.0,1758429911020
2025-09-21 04:45:11.471000+00:00,BAT-USDT-SWAP,4761970.0,1758429911471
2025-09-21 04:45:11.463000+00:00,BCH-USDT-SWAP,71376.72999999997,1758429911463
2025-09-21 04:45:11.465000+00:00,BERA-USDT-SWAP,2625638.2,1758429911465
2025-09-21 04:45:11.468000+00:00,BICO-USDT-SWAP,7235089.0,1758429911468
2025-09-21 04:45:11.461000+00:00,BIGTIME-USDT-SWAP,39825080.0,1758429911461
2025-09-21 04:45:11.481000+00:00,BIO-USDT-SWAP,67589876.0,1758429911481
2025-09-21 04:45:11.469000+00:00,BLUR-USDT-SWAP,24668070.0,1758429911469
2025-09-21 04:45:11.481000+00:00,BNB-USDT-SWAP,150158.46,1758429911481
2025-09-21 04:45:11.475000+00:00,BNT-USDT-SWAP,731320.0,1758429911475
2025-09-21 04:45:11.469000+00:00,BOME-USDT-SWAP,1027393000.0,1758429911469
2025-09-21 04:45:11.918000+00:00,BONK-USDT-SWAP,478612500000.0,1758429911918
2025-09-21 04:45:11.908000+00:00,BRETT-USDT-SWAP,19286300.0,1758429911908
2025-09-21 04:45:11.915000+00:00,BTC-USDT-SWAP,28083.19150000008,1758429911915
2025-09-21 04:45:12.051000+00:00,CAT-USDT-SWAP,203727500000.0,1758429912051
2025-09-21 04:45:11.940000+00:00,CATI-USDT-SWAP,15999071.0,1758429911940
2025-09-21 04:45:11.921000+00:00,CELO-USDT-SWAP,3747357.0,1758429911921
2025-09-21 04:45:11.920000+00:00,CETUS-USDT-SWAP,22362200.0,1758429911920
2025-09-21 04:45:11.912000+00:00,CFX-USDT-SWAP,75389570.0,1758429911912
2025-09-21 04:45:11.924000+00:00,CHZ-USDT-SWAP,78198150.0,1758429911924
2025-09-21 04:45:11.924000+00:00,COMP-USDT-SWAP,74726.1,1758429911924
2025-09-21 04:45:12.479000+00:00,COOKIE-USDT-SWAP,5033700.0,1758429912479
2025-09-21 04:45:12.473000+00:00,CORE-USDT-SWAP,9991940.0,1758429912473
2025-09-21 04:45:12.492000+00:00,CRO-USDT-SWAP,51102630.0,1758429912492
2025-09-21 04:45:12.489000+00:00,CRV-USDT-SWAP,25159885.0,1758429912489
2025-09-21 04:45:12.492000+00:00,CTC-USDT-SWAP,1678080.0,1758429912492
2025-09-21 04:45:12.484000+00:00,CVC-USDT-SWAP,9752700.0,1758429912484
2025-09-21 04:45:12.486000+00:00,CVX-USDT-SWAP,374638.0,1758429912486
2025-09-21 04:45:12.482000+00:00,DEGEN-USDT-SWAP,330072000.0,1758429912482
2025-09-21 04:45:12.953000+00:00,DOGE-USDT-SWAP,1396525629.9999993,1758429912953
2025-09-21 04:45:12.949000+00:00,DOGS-USDT-SWAP,15852792000.0,1758429912949
2025-09-21 04:45:12.968000+00:00,DOOD-USDT-SWAP,146910000.0,1758429912968
2025-09-21 04:45:12.947000+00:00,DOT-USDT-SWAP,6332440.0,1758429912947
2025-09-21 04:45:12.951000+00:00,DYDX-USDT-SWAP,13329666.0,1758429912951
2025-09-21 04:45:12.947000+00:00,EGLD-USDT-SWAP,119017.4,1758429912947
2025-09-21 04:45:12.987000+00:00,EIGEN-USDT-SWAP,4738103.0,1758429912987
2025-09-21 04:45:13.084000+00:00,ENJ-USDT-SWAP,14764400.0,1758429913084
2025-09-21 04:45:12.958000+00:00,ENS-USDT-SWAP,332277.5,1758429912958
2025-09-21 04:45:13.518000+00:00,ETC-USDT-SWAP,1204471.5000000005,1758429913518
2025-09-21 04:45:13.507000+00:00,ETH-USDT-SWAP,746536.9260000002,1758429913507
2025-09-21 04:45:13.529000+00:00,ETHFI-USDT-SWAP,7921785.0,1758429913529
2025-09-21 04:45:13.522000+00:00,ETHW-USDT-SWAP,1217525.0,1758429913522
2025-09-21 04:45:13.523000+00:00,FARTCOIN-USDT-SWAP,25003529.0,1758429913523
2025-09-21 04:45:13.511000+00:00,FIL-USDT-SWAP,13636548.1,1758429913511
2025-09-21 04:45:13.513000+00:00,FLM-USDT-SWAP,30718010.0,1758429913513
2025-09-21 04:45:13.509000+00:00,FLOKI-USDT-SWAP,38607300000.0,1758429913509
2025-09-21 04:45:13.517000+00:00,FLOW-USDT-SWAP,4248580.0,1758429913517
2025-09-21 04:45:13.511000+00:00,FXS-USDT-SWAP,352078.0,1758429913511
2025-09-21 04:45:13.992000+00:00,GALA-USDT-SWAP,459931720.0,1758429913992
2025-09-21 04:45:13.971000+00:00,GAS-USDT-SWAP,368755.0,1758429913971
2025-09-21 04:45:13.978000+00:00,GLM-USDT-SWAP,3196020.0,1758429913978
2025-09-21 04:45:13.992000+00:00,GMT-USDT-SWAP,47109589.0,1758429913992
2025-09-21 04:45:13.975000+00:00,GMX-USDT-SWAP,69890.0,1758429913975
2025-09-21 04:45:13.982000+00:00,GOAT-USDT-SWAP,28456620.0,1758429913982
2025-09-21 04:45:13.972000+00:00,GODS-USDT-SWAP,7997698.0,1758429913972
2025-09-21 04:45:13.980000+00:00,GPS-USDT-SWAP,135093330.0,1758429913980
2025-09-21 04:45:13.988000+00:00,GRASS-USDT-SWAP,2692107.0,1758429913988
2025-09-21 04:45:13.988000+00:00,GRIFFAIN-USDT-SWAP,30124850.0,1758429913988
2025-09-21 04:45:14.432000+00:00,GRT-USDT-SWAP,21750370.0,1758429914432
2025-09-21 04:45:14.434000+00:00,H-USDT-SWAP,80514500.0,1758429914434
2025-09-21 04:45:14.428000+00:00,HBAR-USDT-SWAP,81789950.00000006,1758429914428
2025-09-21 04:45:14.436000+00:00,HMSTR-USDT-SWAP,1193217900.0,1758429914436
2025-09-21 04:45:14.434000+00:00,HOME-USDT-SWAP,16096100.0,1758429914434
2025-09-21 04:45:14.434000+00:00,HUMA-USDT-SWAP,71464100.0,1758429914434
2025-09-21 04:45:14.437000+00:00,HYPE-USDT-SWAP,1009816.7,1758429914437
2025-09-21 04:45:14.433000+00:00,ICP-USDT-SWAP,1743783.23,1758429914433
2025-09-21 04:45:14.442000+00:00,ICX-USDT-SWAP,5640100.0,1758429914442
2025-09-21 04:45:14.435000+00:00,IMX-USDT-SWAP,9408566.0,1758429914435
2025-09-21 04:45:14.885000+00:00,INIT-USDT-SWAP,2226960.0,1758429914885
2025-09-21 04:45:14.875000+00:00,INJ-USDT-SWAP,900174.4,1758429914875
2025-09-21 04:45:14.895000+00:00,IOST-USDT-SWAP,269042000.0,1758429914895
2025-09-21 04:45:14.885000+00:00,IOTA-USDT-SWAP,14268600.0,1758429914885
2025-09-21 04:45:14.877000+00:00,IP-USDT-SWAP,5358490.0,1758429914877
2025-09-21 04:45:14.872000+00:00,JELLYJELLY-USDT-SWAP,189249900.0,1758429914872
2025-09-21 04:45:14.877000+00:00,JOE-USDT-SWAP,7379250.0,1758429914877
2025-09-21 04:45:14.883000+00:00,JTO-USDT-SWAP,3834032.0,1758429914883
2025-09-21 04:45:14.875000+00:00,JUP-USDT-SWAP,14348620.0,1758429914875
2025-09-21 04:45:15.365000+00:00,KAITO-USDT-SWAP,4772919.0,1758429915365
2025-09-21 04:45:15.343000+00:00,KMNO-USDT-SWAP,52937400.0,1758429915343
2025-09-21 04:45:15.351000+00:00,KSM-USDT-SWAP,127264.6,1758429915351
2025-09-21 04:45:15.352000+00:00,LA-USDT-SWAP,6275980.0,1758429915352
2025-09-21 04:45:15.343000+00:00,LAUNCHCOIN-USDT-SWAP,40799920.0,1758429915343
2025-09-21 04:45:15.336000+00:00,LAYER-USDT-SWAP,6099445.0,1758429915336
2025-09-21 04:45:15.344000+00:00,LDO-USDT-SWAP,13678690.0,1758429915344
2025-09-21 04:45:15.341000+00:00,LINK-USDT-SWAP,2351046.6999999997,1758429915341
2025-09-21 04:45:15.491000+00:00,LPT-USDT-SWAP,561466.3,1758429915491
2025-09-21 04:45:15.343000+00:00,LQTY-USDT-SWAP,2192584.0,1758429915343
2025-09-21 04:45:15.921000+00:00,LRC-USDT-SWAP,13705520.0,1758429915921
2025-09-21 04:45:15.921000+00:00,LTC-USDT-SWAP,732210.2000000002,1758429915921
2025-09-21 04:45:15.925000+00:00,LUNA-USDT-SWAP,20208921.0,1758429915925
2025-09-21 04:45:15.970000+00:00,MAGIC-USDT-SWAP,15960630.0,1758429915970
2025-09-21 04:45:15.923000+00:00,MAJOR-USDT-SWAP,4649426.0,1758429915923
2025-09-21 04:45:15.924000+00:00,MANA-USDT-SWAP,10640120.0,1758429915924
2025-09-21 04:45:15.921000+00:00,MASK-USDT-SWAP,2956391.0,1758429915921
2025-09-21 04:45:15.930000+00:00,ME-USDT-SWAP,3714714.0,1758429915930
2025-09-21 04:45:15.925000+00:00,MEME-USDT-SWAP,1574934200.0,1758429915925
2025-09-21 04:45:16.411000+00:00,MERL-USDT-SWAP,49590848.0,1758429916411
2025-09-21 04:45:16.392000+00:00,METIS-USDT-SWAP,116815.2,1758429916392
2025-09-21 04:45:16.400000+00:00,MEW-USDT-SWAP,1020947000.0,1758429916400
2025-09-21 04:45:16.519000+00:00,MINA-USDT-SWAP,7582967.0,1758429916519
2025-09-21 04:45:16.396000+00:00,MOG-USDT-SWAP,626471000000.0,1758429916396
2025-09-21 04:45:16.406000+00:00,MOODENG-USDT-SWAP,50975980.0,1758429916406
2025-09-21 04:45:16.393000+00:00,MORPHO-USDT-SWAP,1558385.0,1758429916393
2025-09-21 04:45:16.468000+00:00,MOVE-USDT-SWAP,28133760.0,1758429916468
2025-09-21 04:45:16.404000+00:00,MUBARAK-USDT-SWAP,45312800.0,1758429916404
2025-09-21 04:45:16.951000+00:00,NEAR-USDT-SWAP,7138224.999999997,1758429916951
2025-09-21 04:45:16.941000+00:00,NEIRO-USDT-SWAP,9356192000.0,1758429916941
2025-09-21 04:45:16.961000+00:00,NEO-USDT-SWAP,369929.0,1758429916961
2025-09-21 04:45:16.943000+00:00,NEWT-USDT-SWAP,3437630.0,1758429916943
2025-09-21 04:45:16.954000+00:00,NMR-USDT-SWAP,317561.8,1758429916954
2025-09-21 04:45:16.947000+00:00,NOT-USDT-SWAP,1516632100.0,1758429916947
2025-09-21 04:45:16.945000+00:00,NXPC-USDT-SWAP,1075967.0,1758429916945
2025-09-21 04:45:16.954000+00:00,OL-USDT-SWAP,71745620.0,1758429916954
2025-09-21 04:45:16.949000+00:00,OM-USDT-SWAP,22428101.0,1758429916949
2025-09-21 04:45:17.412000+00:00,ONDO-USDT-SWAP,24049690.0,1758429917412
2025-09-21 04:45:17.404000+00:00,ONE-USDT-SWAP,81257800.0,1758429917404
2025-09-21 04:45:17.425000+00:00,ONT-USDT-SWAP,10316550.0,1758429917425
2025-09-21 04:45:17.420000+00:00,OP-USDT-SWAP,25382623.0,1758429917420
2025-09-21 04:45:17.415000+00:00,ORBS-USDT-SWAP,29043700.0,1758429917415
2025-09-21 04:45:17.409000+00:00,ORDI-USDT-SWAP,1214360.4,1758429917409
2025-09-21 04:45:17.417000+00:00,PARTI-USDT-SWAP,12703300.0,1758429917417
2025-09-21 04:45:17.403000+00:00,PENGU-USDT-SWAP,625633000.0,1758429917403
2025-09-21 04:45:17.406000+00:00,PEOPLE-USDT-SWAP,338364600.0,1758429917406
2025-09-21 04:45:17.415000+00:00,PEPE-USDT-SWAP,8802605000000.006,1758429917415
2025-09-21 04:45:17.886000+00:00,PERP-USDT-SWAP,3136638.0,1758429917886
2025-09-21 04:45:17.878000+00:00,PI-USDT-SWAP,32805482.0,1758429917878
2025-09-21 04:45:17.910000+00:00,PLUME-USDT-SWAP,20274820.0,1758429917910
2025-09-21 04:45:17.878000+00:00,PNUT-USDT-SWAP,36175730.0,1758429917878
2025-09-21 04:45:17.873000+00:00,POL-USDT-SWAP,38113710.0,1758429917873
2025-09-21 04:45:17.876000+00:00,POPCAT-USDT-SWAP,8994190.0,1758429917876
2025-09-21 04:45:17.876000+00:00,PRCL-USDT-SWAP,15348020.0,1758429917876
2025-09-21 04:45:17.873000+00:00,PROMPT-USDT-SWAP,27521410.0,1758429917873
2025-09-21 04:45:17.882000+00:00,PUMP-USDT-SWAP,7974516000.0,1758429917882
2025-09-21 04:45:17.870000+00:00,PYTH-USDT-SWAP,53586250.0,1758429917870
2025-09-21 04:45:18.360000+00:00,QTUM-USDT-SWAP,1052666.0,1758429918360
2025-09-21 04:45:18.347000+00:00,RAY-USDT-SWAP,1506819.0,1758429918347
2025-09-21 04:45:18.371000+00:00,RENDER-USDT-SWAP,1374836.0,1758429918371
2025-09-21 04:45:18.360000+00:00,RESOLV-USDT-SWAP,26100760.0,1758429918360
2025-09-21 04:45:18.362000+00:00,RSR-USDT-SWAP,261714000.0,1758429918362
2025-09-21 04:45:18.350000+00:00,RVN-USDT-SWAP,82433810.0,1758429918350
2025-09-21 04:45:18.362000+00:00,S-USDT-SWAP,12540530.0,1758429918362
2025-09-21 04:45:18.350000+00:00,SAHARA-USDT-SWAP,38197000.0,1758429918350
2025-09-21 04:45:18.366000+00:00,SAND-USDT-SWAP,16924060.0,1758429918366
2025-09-21 04:45:18.356000+00:00,SATS-USDT-SWAP,188243000000000.0,1758429918356
2025-09-21 04:45:18.831000+00:00,SCR-USDT-SWAP,2444110.0,1758429918831
2025-09-21 04:45:18.812000+00:00,SHELL-USDT-SWAP,5200370.0,1758429918812
2025-09-21 04:45:18.828000+00:00,SHIB-USDT-SWAP,1649739200000.0,1758429918828
2025-09-21 04:45:18.820000+00:00,SIGN-USDT-SWAP,48384900.0,1758429918820
2025-09-21 04:45:18.818000+00:00,SLP-USDT-SWAP,402581580.0,1758429918818
2025-09-21 04:45:18.825000+00:00,SNX-USDT-SWAP,2278029.0,1758429918825
2025-09-21 04:45:18.815000+00:00,SOL-USDT-SWAP,3768869.8700000034,1758429918815
2025-09-21 04:45:18.819000+00:00,SOLV-USDT-SWAP,57069000.0,1758429918819
2025-09-21 04:45:18.825000+00:00,SONIC-USDT-SWAP,7840530.0,1758429918825
2025-09-21 04:45:18.822000+00:00,SOON-USDT-SWAP,6557630.0,1758429918822
2025-09-21 04:45:19.278000+00:00,SOPH-USDT-SWAP,79926900.0,1758429919278
2025-09-21 04:45:19.274000+00:00,SPK-USDT-SWAP,114148800.0,1758429919274
2025-09-21 04:45:19.276000+00:00,SPX-USDT-SWAP,996411.0,1758429919276
2025-09-21 04:45:19.275000+00:00,SSV-USDT-SWAP,288032.1,1758429919275
2025-09-21 04:45:19.278000+00:00,STORJ-USDT-SWAP,6013300.0,1758429919278
2025-09-21 04:45:19.273000+00:00,STRK-USDT-SWAP,24529925.0,1758429919273
2025-09-21 04:45:19.281000+00:00,STX-USDT-SWAP,7322846.000000001,1758429919281
2025-09-21 04:45:19.272000+00:00,SUI-USDT-SWAP,23741453.0,1758429919272
2025-09-21 04:45:19.275000+00:00,SUSHI-USDT-SWAP,8184295.0,1758429919275
2025-09-21 04:45:19.271000+00:00,SWARMS-USDT-SWAP,77518260.0,1758429919271
2025-09-21 04:45:19.715000+00:00,SYRUP-USDT-SWAP,2391470.0,1758429919715
2025-09-21 04:45:19.714000+00:00,T-USDT-SWAP,41331700.0,1758429919714
2025-09-21 04:45:19.726000+00:00,TAO-USDT-SWAP,14161.73,1758429919726
2025-09-21 04:45:19.725000+00:00,THETA-USDT-SWAP,2883988.0000000005,1758429919725
2025-09-21 04:45:19.725000+00:00,TIA-USDT-SWAP,5008774.0,1758429919725
2025-09-21 04:45:19.723000+00:00,TNSR-USDT-SWAP,9728031.0,1758429919723
2025-09-21 04:45:19.727000+00:00,TON-USDT-SWAP,8295776.0,1758429919727
2025-09-21 04:45:19.717000+00:00,TRB-USDT-SWAP,231432.2,1758429919717
2025-09-21 04:45:19.729000+00:00,TREE-USDT-SWAP,7832772.0,1758429919729
2025-09-21 04:45:19.730000+00:00,TRUMP-USDT-SWAP,5564353.1,1758429919730
2025-09-21 04:45:20.170000+00:00,TRX-USDT-SWAP,82939100.00000015,1758429920170
2025-09-21 04:45:20.167000+00:00,TURBO-USDT-SWAP,844972000.0000001,1758429920167
2025-09-21 04:45:20.191000+00:00,UMA-USDT-SWAP,1276836.0,1758429920191
2025-09-21 04:45:20.182000+00:00,UNI-USDT-SWAP,3699138.0,1758429920182
2025-09-21 04:45:20.177000+00:00,USDC-USDT-SWAP,928810.0,1758429920177
2025-09-21 04:45:20.177000+00:00,USELESS-USDT-SWAP,19941730.0,1758429920177
2025-09-21 04:45:20.180000+00:00,UXLINK-USDT-SWAP,5622360.0,1758429920180
2025-09-21 04:45:20.184000+00:00,VANA-USDT-SWAP,131321.8,1758429920184
2025-09-21 04:45:20.183000+00:00,VINE-USDT-SWAP,103757600.0,1758429920183
2025-09-21 04:45:20.644000+00:00,VIRTUAL-USDT-SWAP,3664635.0,1758429920644
2025-09-21 04:45:20.636000+00:00,W-USDT-SWAP,75574684.0,1758429920636
2025-09-21 04:45:20.652000+00:00,WAL-USDT-SWAP,1988310.0,1758429920652
2025-09-21 04:45:20.635000+00:00,WCT-USDT-SWAP,9383480.0,1758429920635
2025-09-21 04:45:20.658000+00:00,WIF-USDT-SWAP,18541790.0,1758429920658
2025-09-21 04:45:20.643000+00:00,WLD-USDT-SWAP,28481210.0,1758429920643
2025-09-21 04:45:20.639000+00:00,WLFI-USDT-SWAP,299410150.0,1758429920639
2025-09-21 04:45:20.642000+00:00,WOO-USDT-SWAP,23650380.0,1758429920642
2025-09-21 04:45:20.639000+00:00,XAUT-USDT-SWAP,4562.305,1758429920639
2025-09-21 04:45:21.099000+00:00,XLM-USDT-SWAP,38772940.00000001,1758429921099
2025-09-21 04:45:21.108000+00:00,XPL-USDT-SWAP,10712090.0,1758429921108
2025-09-21 04:45:21.104000+00:00,XRP-USDT-SWAP,106372714.99999994,1758429921104
2025-09-21 04:45:21.113000+00:00,XTZ-USDT-SWAP,5753617.0,1758429921113
2025-09-21 04:45:21.109000+00:00,YFI-USDT-SWAP,395.0315,1758429921109
2025-09-21 04:45:21.101000+00:00,YGG-USDT-SWAP,41529068.0,1758429921101
2025-09-21 04:45:21.108000+00:00,ZENT-USDT-SWAP,187460400.0,1758429921108
2025-09-21 04:45:21.113000+00:00,ZETA-USDT-SWAP,5529320.0,1758429921113
2025-09-21 04:45:21.112000+00:00,ZIL-USDT-SWAP,156813200.0,1758429921112
2025-09-21 04:45:21.576000+00:00,ZK-USDT-SWAP,48207570.0,1758429921576
2025-09-21 04:45:21.551000+00:00,ZRO-USDT-SWAP,2049918.0,1758429921551
2025-09-21 04:45:21.554000+00:00,ZRX-USDT-SWAP,6542370.0,1758429921554
2025-09-21 04:46:22.258000+00:00,1INCH-USDT-SWAP,7103186.0,1758429982258
2025-09-21 04:46:22.267000+00:00,A-USDT-SWAP,11380190.0,1758429982267
2025-09-21 04:46:22.267000+00:00,AAVE-USDT-SWAP,129517.20000000004,1758429982267
2025-09-21 04:46:22.278000+00:00,ACE-USDT-SWAP,2842713.0,1758429982278
2025-09-21 04:46:22.277000+00:00,ACH-USDT-SWAP,95426500.0,1758429982277
2025-09-21 04:46:22.259000+00:00,ACT-USDT-SWAP,99131071.0,1758429982259
2025-09-21 04:46:22.317000+00:00,ADA-USDT-SWAP,93284440.00000001,1758429982317
2025-09-21 04:46:22.257000+00:00,AERO-USDT-SWAP,2351420.0,1758429982257
2025-09-21 04:46:22.257000+00:00,AEVO-USDT-SWAP,33994288.0,1758429982257
2025-09-21 04:46:22.258000+00:00,AGLD-USDT-SWAP,1990870.0,1758429982258
2025-09-21 04:46:22.749000+00:00,AI16Z-USDT-SWAP,50970330.0,1758429982749
2025-09-21 04:46:22.747000+00:00,AIXBT-USDT-SWAP,22527720.0,1758429982747
2025-09-21 04:46:22.768000+00:00,ALGO-USDT-SWAP,27970820.0,1758429982768
2025-09-21 04:46:22.752000+00:00,ANIME-USDT-SWAP,96671900.0,1758429982752
2025-09-21 04:46:22.749000+00:00,APE-USDT-SWAP,7956254.0,1758429982749
2025-09-21 04:46:22.743000+00:00,API3-USDT-SWAP,2075445.0,1758429982743
2025-09-21 04:46:22.755000+00:00,APT-USDT-SWAP,4153996.0,1758429982755
2025-09-21 04:46:22.749000+00:00,AR-USDT-SWAP,533432.2,1758429982749
2025-09-21 04:46:22.745000+00:00,ARB-USDT-SWAP,37164240.99999998,1758429982745
2025-09-21 04:46:23.206000+00:00,ARC-USDT-SWAP,99772360.0,1758429983206
2025-09-21 04:46:23.212000+00:00,ARKM-USDT-SWAP,3428988.0,1758429983212
2025-09-21 04:46:23.222000+00:00,ATH-USDT-SWAP,170527000.0,1758429983222
2025-09-21 04:46:23.224000+00:00,ATOM-USDT-SWAP,2133176.0,1758429983224
2025-09-21 04:46:23.213000+00:00,AUCTION-USDT-SWAP,239437.5,1758429983213
2025-09-21 04:46:23.210000+00:00,AVAAI-USDT-SWAP,88265860.0,1758429983210
2025-09-21 04:46:23.213000+00:00,AVAX-USDT-SWAP,2280684.9000000013,1758429983213
2025-09-21 04:46:23.216000+00:00,AXS-USDT-SWAP,1123390.5,1758429983216
2025-09-21 04:46:23.212000+00:00,BABY-USDT-SWAP,39229740.0,1758429983212
2025-09-21 04:46:23.214000+00:00,BAND-USDT-SWAP,1255807.0,1758429983214
2025-09-21 04:46:23.654000+00:00,BAT-USDT-SWAP,4760960.0,1758429983654
2025-09-21 04:46:23.657000+00:00,BCH-USDT-SWAP,71367.59999999996,1758429983657
2025-09-21 04:46:23.673000+00:00,BERA-USDT-SWAP,2624882.6,1758429983673
2025-09-21 04:46:23.650000+00:00,BICO-USDT-SWAP,7235814.0,1758429983650
2025-09-21 04:46:23.669000+00:00,BIGTIME-USDT-SWAP,39825810.0,1758429983669
2025-09-21 04:46:23.659000+00:00,BIO-USDT-SWAP,67597932.0,1758429983659
2025-09-21 04:46:23.659000+00:00,BLUR-USDT-SWAP,24666090.0,1758429983659
2025-09-21 04:46:23.661000+00:00,BNB-USDT-SWAP,149958.92,1758429983661
2025-09-21 04:46:23.661000+00:00,BNT-USDT-SWAP,731550.0,1758429983661
2025-09-21 04:46:23.659000+00:00,BOME-USDT-SWAP,1027591000.0,1758429983659
2025-09-21 04:46:24.120000+00:00,BONK-USDT-SWAP,478465000000.0,1758429984120
2025-09-21 04:46:24.114000+00:00,BRETT-USDT-SWAP,19284900.0,1758429984114
2025-09-21 04:46:24.139000+00:00,BTC-USDT-SWAP,28082.78560000008,1758429984139
2025-09-21 04:46:24.133000+00:00,CAT-USDT-SWAP,203696100000.0,1758429984133
2025-09-21 04:46:24.132000+00:00,CATI-USDT-SWAP,15992552.0,1758429984132
2025-09-21 04:46:24.125000+00:00,CELO-USDT-SWAP,3747551.0,1758429984125
2025-09-21 04:46:24.126000+00:00,CETUS-USDT-SWAP,22364240.0,1758429984126
2025-09-21 04:46:24.117000+00:00,CFX-USDT-SWAP,75386740.0,1758429984117
2025-09-21 04:46:24.131000+00:00,CHZ-USDT-SWAP,78198170.0,1758429984131
2025-09-21 04:46:24.124000+00:00,COMP-USDT-SWAP,74725.3,1758429984124
2025-09-21 04:46:24.616000+00:00,COOKIE-USDT-SWAP,5027560.0,1758429984616
2025-09-21 04:46:24.620000+00:00,CORE-USDT-SWAP,9991940.0,1758429984620
2025-09-21 04:46:24.635000+00:00,CRO-USDT-SWAP,51103020.0,1758429984635
2025-09-21 04:46:24.631000+00:00,CRV-USDT-SWAP,25162294.0,1758429984631
2025-09-21 04:46:24.630000+00:00,CTC-USDT-SWAP,1678080.0,1758429984630
2025-09-21 04:46:24.628000+00:00,CVC-USDT-SWAP,9754300.0,1758429984628
2025-09-21 04:46:24.631000+00:00,CVX-USDT-SWAP,374608.0,1758429984631
2025-09-21 04:46:24.627000+00:00,DEGEN-USDT-SWAP,330047900.0,1758429984627
2025-09-21 04:46:25.076000+00:00,DOGE-USDT-SWAP,1396528839.999999,1758429985076
2025-09-21 04:46:25.071000+00:00,DOGS-USDT-SWAP,15879728000.0,1758429985071
2025-09-21 04:46:25.097000+00:00,DOOD-USDT-SWAP,146910000.0,1758429985097
2025-09-21 04:46:25.098000+00:00,DOT-USDT-SWAP,6332286.0,1758429985098
2025-09-21 04:46:25.077000+00:00,DYDX-USDT-SWAP,13343241.0,1758429985077
2025-09-21 04:46:25.082000+00:00,EGLD-USDT-SWAP,119015.1,1758429985082
2025-09-21 04:46:25.086000+00:00,EIGEN-USDT-SWAP,4749757.0,1758429985086
2025-09-21 04:46:25.087000+00:00,ENJ-USDT-SWAP,14764840.0,1758429985087
2025-09-21 04:46:25.090000+00:00,ENS-USDT-SWAP,332293.5,1758429985090
2025-09-21 04:46:25.543000+00:00,ETC-USDT-SWAP,1204482.9000000004,1758429985543
2025-09-21 04:46:25.544000+00:00,ETH-USDT-SWAP,746542.6560000002,1758429985544
2025-09-21 04:46:25.549000+00:00,ETHFI-USDT-SWAP,7924984.0,1758429985549
2025-09-21 04:46:25.552000+00:00,ETHW-USDT-SWAP,1217526.9,1758429985552
2025-09-21 04:46:25.551000+00:00,FARTCOIN-USDT-SWAP,25002620.0,1758429985551
2025-09-21 04:46:25.539000+00:00,FIL-USDT-SWAP,13636990.5,1758429985539
2025-09-21 04:46:25.549000+00:00,FLM-USDT-SWAP,30737510.0,1758429985549
2025-09-21 04:46:25.542000+00:00,FLOKI-USDT-SWAP,38604000000.0,1758429985542
2025-09-21 04:46:25.555000+00:00,FLOW-USDT-SWAP,4249190.0,1758429985555
2025-09-21 04:46:25.552000+00:00,FXS-USDT-SWAP,352051.0,1758429985552
2025-09-21 04:46:25.989000+00:00,GALA-USDT-SWAP,459933460.0,1758429985989
2025-09-21 04:46:25.982000+00:00,GAS-USDT-SWAP,368747.0,1758429985982
2025-09-21 04:46:25.992000+00:00,GLM-USDT-SWAP,3196020.0,1758429985992
2025-09-21 04:46:25.997000+00:00,GMT-USDT-SWAP,47107366.0,1758429985997
2025-09-21 04:46:25.994000+00:00,GMX-USDT-SWAP,69934.2,1758429985994
2025-09-21 04:46:25.992000+00:00,GOAT-USDT-SWAP,28455790.0,1758429985992
2025-09-21 04:46:25.982000+00:00,GODS-USDT-SWAP,7997698.0,1758429985982
2025-09-21 04:46:25.982000+00:00,GPS-USDT-SWAP,135090460.0,1758429985982
2025-09-21 04:46:25.989000+00:00,GRASS-USDT-SWAP,2691361.0,1758429985989
2025-09-21 04:46:25.990000+00:00,GRIFFAIN-USDT-SWAP,30124980.0,1758429985990
2025-09-21 04:46:26.437000+00:00,GRT-USDT-SWAP,21749420.0,1758429986437
2025-09-21 04:46:26.437000+00:00,H-USDT-SWAP,80566100.0,1758429986437
2025-09-21 04:46:26.447000+00:00,HBAR-USDT-SWAP,81781430.00000006,1758429986447
2025-09-21 04:46:26.448000+00:00,HMSTR-USDT-SWAP,1193113600.0,1758429986448
2025-09-21 04:46:26.444000+00:00,HOME-USDT-SWAP,16096100.0,1758429986444
2025-09-21 04:46:26.435000+00:00,HUMA-USDT-SWAP,71490900.0,1758429986435
2025-09-21 04:46:26.447000+00:00,HYPE-USDT-SWAP,1009681.6,1758429986447
2025-09-21 04:46:26.450000+00:00,ICP-USDT-SWAP,1743841.99,1758429986450
2025-09-21 04:46:26.446000+00:00,ICX-USDT-SWAP,5644640.0,1758429986446
2025-09-21 04:46:26.443000+00:00,IMX-USDT-SWAP,9408514.0,1758429986443
2025-09-21 04:46:26.886000+00:00,INIT-USDT-SWAP,2226500.0,1758429986886
2025-09-21 04:46:26.889000+00:00,INJ-USDT-SWAP,901351.6,1758429986889
2025-09-21 04:46:26.886000+00:00,IOST-USDT-SWAP,269049000.0,1758429986886
2025-09-21 04:46:26.891000+00:00,IOTA-USDT-SWAP,14268570.0,1758429986891
2025-09-21 04:46:26.896000+00:00,IP-USDT-SWAP,5357999.0,1758429986896
2025-09-21 04:46:26.894000+00:00,JELLYJELLY-USDT-SWAP,189197000.0,1758429986894
2025-09-21 04:46:26.886000+00:00,JOE-USDT-SWAP,7379430.0,1758429986886
2025-09-21 04:46:26.896000+00:00,JTO-USDT-SWAP,3834486.0,1758429986896
2025-09-21 04:46:26.894000+00:00,JUP-USDT-SWAP,14348730.0,1758429986894
2025-09-21 04:46:27.335000+00:00,KAITO-USDT-SWAP,4767618.0,1758429987335
2025-09-21 04:46:27.354000+00:00,KMNO-USDT-SWAP,52895600.0,1758429987354
2025-09-21 04:46:27.343000+00:00,KSM-USDT-SWAP,127201.6,1758429987343
2025-09-21 04:46:27.361000+00:00,LA-USDT-SWAP,6283870.0,1758429987361
2025-09-21 04:46:27.346000+00:00,LAUNCHCOIN-USDT-SWAP,40800250.0,1758429987346
2025-09-21 04:46:27.341000+00:00,LAYER-USDT-SWAP,6099385.0,1758429987341
2025-09-21 04:46:27.345000+00:00,LDO-USDT-SWAP,13676999.0,1758429987345
2025-09-21 04:46:27.352000+00:00,LINK-USDT-SWAP,2351052.8999999994,1758429987352
2025-09-21 04:46:27.359000+00:00,LPT-USDT-SWAP,561364.8,1758429987359
2025-09-21 04:46:27.355000+00:00,LQTY-USDT-SWAP,2192578.0,1758429987355
2025-09-21 04:46:27.796000+00:00,LRC-USDT-SWAP,13700970.0,1758429987796
2025-09-21 04:46:27.803000+00:00,LTC-USDT-SWAP,732223.7000000002,1758429987803
2025-09-21 04:46:27.805000+00:00,LUNA-USDT-SWAP,20209271.0,1758429987805
2025-09-21 04:46:27.796000+00:00,MAGIC-USDT-SWAP,15968112.0,1758429987796
2025-09-21 04:46:27.795000+00:00,MAJOR-USDT-SWAP,4649436.0,1758429987795
2025-09-21 04:46:27.807000+00:00,MANA-USDT-SWAP,10640280.0,1758429987807
2025-09-21 04:46:27.803000+00:00,MASK-USDT-SWAP,2956400.0,1758429987803
2025-09-21 04:46:27.811000+00:00,ME-USDT-SWAP,3715147.0,1758429987811
2025-09-21 04:46:27.809000+00:00,MEME-USDT-SWAP,1574267500.0,1758429987809
2025-09-21 04:46:28.369000+00:00,MERL-USDT-SWAP,49601538.0,1758429988369
2025-09-21 04:46:28.375000+00:00,METIS-USDT-SWAP,116811.9,1758429988375
2025-09-21 04:46:28.387000+00:00,MEW-USDT-SWAP,1020947000.0,1758429988387
2025-09-21 04:46:28.385000+00:00,MINA-USDT-SWAP,7582957.0,1758429988385
2025-09-21 04:46:28.379000+00:00,MOG-USDT-SWAP,622783000000.0,1758429988379
2025-09-21 04:46:28.386000+00:00,MOODENG-USDT-SWAP,50969600.0,1758429988386
2025-09-21 04:46:28.378000+00:00,MORPHO-USDT-SWAP,1558690.0,1758429988378
2025-09-21 04:46:28.390000+00:00,MOVE-USDT-SWAP,28133150.0,1758429988390
2025-09-21 04:46:28.378000+00:00,MUBARAK-USDT-SWAP,45271900.0,1758429988378
2025-09-21 04:46:28.826000+00:00,NEAR-USDT-SWAP,7138564.999999997,1758429988826
2025-09-21 04:46:28.818000+00:00,NEIRO-USDT-SWAP,9354652000.0,1758429988818
2025-09-21 04:46:28.829000+00:00,NEO-USDT-SWAP,369924.0,1758429988829
2025-09-21 04:46:28.834000+00:00,NEWT-USDT-SWAP,3438030.0,1758429988834
2025-09-21 04:46:28.836000+00:00,NMR-USDT-SWAP,317568.9,1758429988836
2025-09-21 04:46:28.838000+00:00,NOT-USDT-SWAP,1516601400.0,1758429988838
2025-09-21 04:46:28.836000+00:00,NXPC-USDT-SWAP,1075967.0,1758429988836
2025-09-21 04:46:28.834000+00:00,OL-USDT-SWAP,71721310.0,1758429988834
2025-09-21 04:46:28.849000+00:00,OM-USDT-SWAP,22428314.000000004,1758429988849
2025-09-21 04:46:29.281000+00:00,ONDO-USDT-SWAP,24093840.0,1758429989281
2025-09-21 04:46:29.285000+00:00,ONE-USDT-SWAP,81258700.0,1758429989285
2025-09-21 04:46:29.301000+00:00,ONT-USDT-SWAP,10316520.0,1758429989301
2025-09-21 04:46:29.297000+00:00,OP-USDT-SWAP,25381909.0,1758429989297
2025-09-21 04:46:29.293000+00:00,ORBS-USDT-SWAP,29043700.0,1758429989293
2025-09-21 04:46:29.290000+00:00,ORDI-USDT-SWAP,1214531.3,1758429989290
2025-09-21 04:46:29.295000+00:00,PARTI-USDT-SWAP,12701900.0,1758429989295
2025-09-21 04:46:29.292000+00:00,PENGU-USDT-SWAP,625632300.0,1758429989292
2025-09-21 04:46:29.292000+00:00,PEOPLE-USDT-SWAP,338567200.0,1758429989292
2025-09-21 04:46:29.327000+00:00,PEPE-USDT-SWAP,8803234000000.006,1758429989327
2025-09-21 04:46:29.764000+00:00,PERP-USDT-SWAP,3135140.0,1758429989764
2025-09-21 04:46:29.769000+00:00,PI-USDT-SWAP,32806338.0,1758429989769
2025-09-21 04:46:29.781000+00:00,PLUME-USDT-SWAP,20271960.0,1758429989781
2025-09-21 04:46:29.787000+00:00,PNUT-USDT-SWAP,36172560.0,1758429989787
2025-09-21 04:46:29.781000+00:00,POL-USDT-SWAP,38113710.0,1758429989781
2025-09-21 04:46:29.776000+00:00,POPCAT-USDT-SWAP,8994180.0,1758429989776
2025-09-21 04:46:29.773000+00:00,PRCL-USDT-SWAP,15343377.0,1758429989773
2025-09-21 04:46:29.779000+00:00,PROMPT-USDT-SWAP,27523420.0,1758429989779
2025-09-21 04:46:29.781000+00:00,PUMP-USDT-SWAP,7975195000.0,1758429989781
2025-09-21 04:46:29.770000+00:00,PYTH-USDT-SWAP,53580070.0,1758429989770
2025-09-21 04:46:30.232000+00:00,QTUM-USDT-SWAP,1052648.0,1758429990232
2025-09-21 04:46:30.226000+00:00,RAY-USDT-SWAP,1507116.0,1758429990226
2025-09-21 04:46:30.236000+00:00,RENDER-USDT-SWAP,1374842.0,1758429990236
2025-09-21 04:46:30.237000+00:00,RESOLV-USDT-SWAP,26090270.0,1758429990237
2025-09-21 04:46:30.231000+00:00,RSR-USDT-SWAP,261711700.0,1758429990231
2025-09-21 04:46:30.229000+00:00,RVN-USDT-SWAP,82433500.0,1758429990229
2025-09-21 04:46:30.228000+00:00,S-USDT-SWAP,12535880.0,1758429990228
2025-09-21 04:46:30.235000+00:00,SAHARA-USDT-SWAP,38195970.0,1758429990235
2025-09-21 04:46:30.237000+00:00,SAND-USDT-SWAP,16930500.0,1758429990237
2025-09-21 04:46:30.228000+00:00,SATS-USDT-SWAP,188099510000000.0,1758429990228
2025-09-21 04:46:30.664000+00:00,SCR-USDT-SWAP,2444087.0,1758429990664
2025-09-21 04:46:30.665000+00:00,SHELL-USDT-SWAP,5199810.0,1758429990665
2025-09-21 04:46:30.667000+00:00,SHIB-USDT-SWAP,1649592900000.0,1758429990667
2025-09-21 04:46:30.692000+00:00,SIGN-USDT-SWAP,48384000.0,1758429990692
2025-09-21 04:46:30.671000+00:00,SLP-USDT-SWAP,402581580.0,1758429990671
2025-09-21 04:46:30.669000+00:00,SNX-USDT-SWAP,2276990.0,1758429990669
2025-09-21 04:46:30.671000+00:00,SOL-USDT-SWAP,3768483.1600000034,1758429990671
2025-09-21 04:46:30.687000+00:00,SOLV-USDT-SWAP,57071400.0,1758429990687
2025-09-21 04:46:30.679000+00:00,SONIC-USDT-SWAP,7840544.0,1758429990679
2025-09-21 04:46:30.679000+00:00,SOON-USDT-SWAP,6558610.0,1758429990679
2025-09-21 04:46:31.122000+00:00,SOPH-USDT-SWAP,79926800.0,1758429991122
2025-09-21 04:46:31.116000+00:00,SPK-USDT-SWAP,114111000.0,1758429991116
2025-09-21 04:46:31.259000+00:00,SPX-USDT-SWAP,996353.0,1758429991259
2025-09-21 04:46:31.137000+00:00,SSV-USDT-SWAP,288012.8,1758429991137
2025-09-21 04:46:31.122000+00:00,STORJ-USDT-SWAP,6012950.0,1758429991122
2025-09-21 04:46:31.134000+00:00,STRK-USDT-SWAP,24529868.0,1758429991134
2025-09-21 04:46:31.135000+00:00,STX-USDT-SWAP,7322963.000000001,1758429991135
2025-09-21 04:46:31.122000+00:00,SUI-USDT-SWAP,23742189.0,1758429991122
2025-09-21 04:46:31.133000+00:00,SUSHI-USDT-SWAP,8183570.0,1758429991133
2025-09-21 04:46:31.117000+00:00,SWARMS-USDT-SWAP,77518700.0,1758429991117
2025-09-21 04:46:31.687000+00:00,SYRUP-USDT-SWAP,2391530.0,1758429991687
2025-09-21 04:46:31.687000+00:00,T-USDT-SWAP,41332500.0,1758429991687
2025-09-21 04:46:31.684000+00:00,TAO-USDT-SWAP,14161.12,1758429991684
2025-09-21 04:46:31.705000+00:00,THETA-USDT-SWAP,2883580.0,1758429991705
2025-09-21 04:46:31.699000+00:00,TIA-USDT-SWAP,5008851.0,1758429991699
2025-09-21 04:46:31.693000+00:00,TNSR-USDT-SWAP,9728038.0,1758429991693
2025-09-21 04:46:31.699000+00:00,TON-USDT-SWAP,8295723.0,1758429991699
2025-09-21 04:46:31.685000+00:00,TRB-USDT-SWAP,231480.1,1758429991685
2025-09-21 04:46:31.695000+00:00,TREE-USDT-SWAP,7833985.0,1758429991695
2025-09-21 04:46:31.691000+00:00,TRUMP-USDT-SWAP,5564346.5,1758429991691
2025-09-21 04:46:32.140000+00:00,TRX-USDT-SWAP,82939100.00000015,1758429992140
2025-09-21 04:46:32.155000+00:00,TURBO-USDT-SWAP,845181000.0000001,1758429992155
2025-09-21 04:46:32.151000+00:00,UMA-USDT-SWAP,1277117.5,1758429992151
2025-09-21 04:46:32.151000+00:00,UNI-USDT-SWAP,3698922.0,1758429992151
2025-09-21 04:46:32.150000+00:00,USDC-USDT-SWAP,928810.0,1758429992150
2025-09-21 04:46:32.146000+00:00,USELESS-USDT-SWAP,19941730.0,1758429992146
2025-09-21 04:46:32.148000+00:00,UXLINK-USDT-SWAP,5617950.0,1758429992148
2025-09-21 04:46:32.144000+00:00,VANA-USDT-SWAP,131321.1,1758429992144
2025-09-21 04:46:32.155000+00:00,VINE-USDT-SWAP,103773270.0,1758429992155
2025-09-21 04:46:32.596000+00:00,VIRTUAL-USDT-SWAP,3663589.0,1758429992596
2025-09-21 04:46:32.612000+00:00,W-USDT-SWAP,75508340.0,1758429992612
2025-09-21 04:46:32.612000+00:00,WAL-USDT-SWAP,1988330.0,1758429992612
2025-09-21 04:46:32.600000+00:00,WCT-USDT-SWAP,9379790.0,1758429992600
2025-09-21 04:46:32.601000+00:00,WIF-USDT-SWAP,18541568.0,1758429992601
2025-09-21 04:46:33.067000+00:00,WLD-USDT-SWAP,28474890.0,1758429993067
2025-09-21 04:46:32.641000+00:00,WLFI-USDT-SWAP,299517410.0,1758429992641
2025-09-21 04:46:32.603000+00:00,WOO-USDT-SWAP,23644020.0,1758429992603
2025-09-21 04:46:32.610000+00:00,XAUT-USDT-SWAP,4562.682,1758429992610
2025-09-21 04:46:33.502000+00:00,XLM-USDT-SWAP,38775630.00000001,1758429993502
2025-09-21 04:46:33.511000+00:00,XPL-USDT-SWAP,10667850.0,1758429993511
2025-09-21 04:46:33.518000+00:00,XRP-USDT-SWAP,106369656.99999994,1758429993518
2025-09-21 04:46:33.524000+00:00,XTZ-USDT-SWAP,5754033.0,1758429993524
2025-09-21 04:46:33.516000+00:00,YFI-USDT-SWAP,395.091,1758429993516
2025-09-21 04:46:33.512000+00:00,YGG-USDT-SWAP,41514666.0,1758429993512
2025-09-21 04:46:33.517000+00:00,ZENT-USDT-SWAP,187451200.0,1758429993517
2025-09-21 04:46:33.511000+00:00,ZETA-USDT-SWAP,5529300.0,1758429993511
2025-09-21 04:46:33.521000+00:00,ZIL-USDT-SWAP,156813600.0,1758429993521
2025-09-21 04:46:33.963000+00:00,ZK-USDT-SWAP,48207210.0,1758429993963
2025-09-21 04:46:33.962000+00:00,ZRO-USDT-SWAP,2051833.0,1758429993962
2025-09-21 04:46:33.955000+00:00,ZRX-USDT-SWAP,6541980.0,1758429993955
2025-09-21 04:47:34.680000+00:00,1INCH-USDT-SWAP,7103219.0,1758430054680
2025-09-21 04:47:34.648000+00:00,A-USDT-SWAP,11378620.0,1758430054648
2025-09-21 04:47:34.684000+00:00,AAVE-USDT-SWAP,129518.13000000003,1758430054684
2025-09-21 04:47:34.662000+00:00,ACE-USDT-SWAP,2842710.0,1758430054662
2025-09-21 04:47:34.683000+00:00,ACH-USDT-SWAP,95426500.0,1758430054683
2025-09-21 04:47:34.662000+00:00,ACT-USDT-SWAP,99143639.0,1758430054662
2025-09-21 04:47:34.665000+00:00,ADA-USDT-SWAP,93286360.00000001,1758430054665
2025-09-21 04:47:34.680000+00:00,AERO-USDT-SWAP,2351390.0,1758430054680
2025-09-21 04:47:34.662000+00:00,AEVO-USDT-SWAP,34001759.0,1758430054662
2025-09-21 04:47:34.665000+00:00,AGLD-USDT-SWAP,1990866.0,1758430054665
2025-09-21 04:47:35.130000+00:00,AI16Z-USDT-SWAP,50969636.0,1758430055130
2025-09-21 04:47:35.130000+00:00,AIXBT-USDT-SWAP,22527780.0,1758430055130
2025-09-21 04:47:35.137000+00:00,ALGO-USDT-SWAP,27970820.0,1758430055137
2025-09-21 04:47:35.156000+00:00,ANIME-USDT-SWAP,96671960.0,1758430055156
2025-09-21 04:47:35.135000+00:00,APE-USDT-SWAP,7957933.7,1758430055135
2025-09-21 04:47:35.132000+00:00,API3-USDT-SWAP,2075396.0,1758430055132
2025-09-21 04:47:35.134000+00:00,APT-USDT-SWAP,4154364.0,1758430055134
2025-09-21 04:47:35.125000+00:00,AR-USDT-SWAP,533349.6,1758430055125
2025-09-21 04:47:35.133000+00:00,ARB-USDT-SWAP,37169990.99999998,1758430055133
2025-09-21 04:47:35.586000+00:00,ARC-USDT-SWAP,99783280.0,1758430055586
2025-09-21 04:47:35.582000+00:00,ARKM-USDT-SWAP,3429987.0,1758430055582
2025-09-21 04:47:35.608000+00:00,ATH-USDT-SWAP,170552500.0,1758430055608
2025-09-21 04:47:35.592000+00:00,ATOM-USDT-SWAP,2132901.0,1758430055592
2025-09-21 04:47:35.587000+00:00,AUCTION-USDT-SWAP,239381.4,1758430055587
2025-09-21 04:47:35.583000+00:00,AVAAI-USDT-SWAP,88275910.0,1758430055583
2025-09-21 04:47:35.588000+00:00,AVAX-USDT-SWAP,2280543.800000001,1758430055588
2025-09-21 04:47:35.593000+00:00,AXS-USDT-SWAP,1123416.4,1758430055593
2025-09-21 04:47:35.584000+00:00,BABY-USDT-SWAP,39634340.0,1758430055584
2025-09-21 04:47:35.602000+00:00,BAND-USDT-SWAP,1255807.0,1758430055602
2025-09-21 04:47:36.053000+00:00,BAT-USDT-SWAP,4760960.0,1758430056053
2025-09-21 04:47:36.048000+00:00,BCH-USDT-SWAP,71366.53999999996,1758430056048
2025-09-21 04:47:36.054000+00:00,BERA-USDT-SWAP,2625359.3,1758430056054
2025-09-21 04:47:36.055000+00:00,BICO-USDT-SWAP,7240828.0,1758430056055
2025-09-21 04:47:36.045000+00:00,BIGTIME-USDT-SWAP,39835360.0,1758430056045
2025-09-21 04:47:36.050000+00:00,BIO-USDT-SWAP,67636144.0,1758430056050
2025-09-21 04:47:36.051000+00:00,BLUR-USDT-SWAP,24666070.0,1758430056051
2025-09-21 04:47:36.046000+00:00,BNB-USDT-SWAP,149976.53,1758430056046
2025-09-21 04:47:36.052000+00:00,BNT-USDT-SWAP,731550.0,1758430056052
2025-09-21 04:47:36.067000+00:00,BOME-USDT-SWAP,1027815000.0,1758430056067
2025-09-21 04:47:36.515000+00:00,BONK-USDT-SWAP,478476600000.0,1758430056515
2025-09-21 04:47:36.501000+00:00,BRETT-USDT-SWAP,19285000.0,1758430056501
2025-09-21 04:47:36.518000+00:00,BTC-USDT-SWAP,28084.71060000008,1758430056518
2025-09-21 04:47:36.511000+00:00,CAT-USDT-SWAP,204083000000.0,1758430056511
2025-09-21 04:47:36.508000+00:00,CATI-USDT-SWAP,15993246.0,1758430056508
2025-09-21 04:47:36.525000+00:00,CELO-USDT-SWAP,3747339.0,1758430056525
2025-09-21 04:47:36.516000+00:00,CETUS-USDT-SWAP,22365280.0,1758430056516
2025-09-21 04:47:36.513000+00:00,CFX-USDT-SWAP,75381430.0,1758430056513
2025-09-21 04:47:36.506000+00:00,CHZ-USDT-SWAP,78209530.0,1758430056506
2025-09-21 04:47:36.519000+00:00,COMP-USDT-SWAP,74725.1,1758430056519
2025-09-21 04:47:36.950000+00:00,COOKIE-USDT-SWAP,5027230.0,1758430056950
2025-09-21 04:47:36.943000+00:00,CORE-USDT-SWAP,9991940.0,1758430056943
2025-09-21 04:47:36.957000+00:00,CRO-USDT-SWAP,51149130.0,1758430056957
2025-09-21 04:47:36.963000+00:00,CRV-USDT-SWAP,25160580.0,1758430056963
2025-09-21 04:47:36.960000+00:00,CTC-USDT-SWAP,1678080.0,1758430056960
2025-09-21 04:47:36.959000+00:00,CVC-USDT-SWAP,9754400.0,1758430056959
2025-09-21 04:47:36.945000+00:00,CVX-USDT-SWAP,374607.0,1758430056945
2025-09-21 04:47:36.959000+00:00,DEGEN-USDT-SWAP,330049100.0,1758430056959
2025-09-21 04:47:37.390000+00:00,DOGE-USDT-SWAP,1396643339.9999988,1758430057390
2025-09-21 04:47:37.388000+00:00,DOGS-USDT-SWAP,15879679000.0,1758430057388
2025-09-21 04:47:37.395000+00:00,DOOD-USDT-SWAP,147012000.0,1758430057395
2025-09-21 04:47:37.402000+00:00,DOT-USDT-SWAP,6326825.0,1758430057402
2025-09-21 04:47:37.396000+00:00,DYDX-USDT-SWAP,13335553.0,1758430057396
2025-09-21 04:47:37.396000+00:00,EGLD-USDT-SWAP,119015.1,1758430057396
2025-09-21 04:47:37.396000+00:00,EIGEN-USDT-SWAP,4771313.0,1758430057396
2025-09-21 04:47:37.387000+00:00,ENJ-USDT-SWAP,14778400.0,1758430057387
2025-09-21 04:47:37.393000+00:00,ENS-USDT-SWAP,332307.1,1758430057393
2025-09-21 04:47:37.828000+00:00,ETC-USDT-SWAP,1204693.9000000004,1758430057828
2025-09-21 04:47:37.828000+00:00,ETH-USDT-SWAP,746603.5820000002,1758430057828
2025-09-21 04:47:37.836000+00:00,ETHFI-USDT-SWAP,7927550.0,1758430057836
2025-09-21 04:47:37.831000+00:00,ETHW-USDT-SWAP,1217528.9,1758430057831
2025-09-21 04:47:37.835000+00:00,FARTCOIN-USDT-SWAP,25005941.0,1758430057835
2025-09-21 04:47:37.841000+00:00,FIL-USDT-SWAP,13637359.4,1758430057841
2025-09-21 04:47:37.839000+00:00,FLM-USDT-SWAP,30737780.0,1758430057839
2025-09-21 04:47:37.828000+00:00,FLOKI-USDT-SWAP,38594000000.0,1758430057828
2025-09-21 04:47:37.837000+00:00,FLOW-USDT-SWAP,4250610.0,1758430057837
2025-09-21 04:47:37.843000+00:00,FXS-USDT-SWAP,352051.0,1758430057843
2025-09-21 04:47:38.302000+00:00,GALA-USDT-SWAP,459985360.0,1758430058302
2025-09-21 04:47:38.292000+00:00,GAS-USDT-SWAP,368741.0,1758430058292
2025-09-21 04:47:38.297000+00:00,GLM-USDT-SWAP,3196020.0,1758430058297
2025-09-21 04:47:38.293000+00:00,GMT-USDT-SWAP,47107016.0,1758430058293
2025-09-21 04:47:38.289000+00:00,GMX-USDT-SWAP,69950.8,1758430058289
2025-09-21 04:47:38.300000+00:00,GOAT-USDT-SWAP,28453840.0,1758430058300
2025-09-21 04:47:38.292000+00:00,GODS-USDT-SWAP,7997698.0,1758430058292
2025-09-21 04:47:38.287000+00:00,GPS-USDT-SWAP,135120630.0,1758430058287
2025-09-21 04:47:38.293000+00:00,GRASS-USDT-SWAP,2693964.0,1758430058293
2025-09-21 04:47:38.296000+00:00,GRIFFAIN-USDT-SWAP,30123140.0,1758430058296
2025-09-21 04:47:38.761000+00:00,GRT-USDT-SWAP,21747020.0,1758430058761
2025-09-21 04:47:38.744000+00:00,H-USDT-SWAP,80452900.0,1758430058744
2025-09-21 04:47:38.751000+00:00,HBAR-USDT-SWAP,81779580.00000006,1758430058751
2025-09-21 04:47:38.747000+00:00,HMSTR-USDT-SWAP,1193107400.0,1758430058747
2025-09-21 04:47:38.748000+00:00,HOME-USDT-SWAP,16096300.0,1758430058748
2025-09-21 04:47:38.750000+00:00,HUMA-USDT-SWAP,71536000.0,1758430058750
2025-09-21 04:47:38.752000+00:00,HYPE-USDT-SWAP,1009669.0,1758430058752
2025-09-21 04:47:38.742000+00:00,ICP-USDT-SWAP,1744296.35,1758430058742
2025-09-21 04:47:38.752000+00:00,ICX-USDT-SWAP,5644640.0,1758430058752
2025-09-21 04:47:38.761000+00:00,IMX-USDT-SWAP,9411767.0,1758430058761
2025-09-21 04:47:39.214000+00:00,INIT-USDT-SWAP,2226400.0,1758430059214
2025-09-21 04:47:39.211000+00:00,INJ-USDT-SWAP,901367.6,1758430059211
2025-09-21 04:47:39.223000+00:00,IOST-USDT-SWAP,269030000.0,1758430059223
2025-09-21 04:47:39.215000+00:00,IOTA-USDT-SWAP,14268380.0,1758430059215
2025-09-21 04:47:39.216000+00:00,IP-USDT-SWAP,5338681.0,1758430059216
2025-09-21 04:47:39.224000+00:00,JELLYJELLY-USDT-SWAP,189190400.0,1758430059224
2025-09-21 04:47:39.221000+00:00,JOE-USDT-SWAP,7378990.0,1758430059221
2025-09-21 04:47:39.214000+00:00,JTO-USDT-SWAP,3833424.0,1758430059214
2025-09-21 04:47:39.213000+00:00,JUP-USDT-SWAP,14349050.0,1758430059213
2025-09-21 04:47:39.677000+00:00,KAITO-USDT-SWAP,4767584.0,1758430059677
2025-09-21 04:47:39.675000+00:00,KMNO-USDT-SWAP,52866000.0,1758430059675
2025-09-21 04:47:39.683000+00:00,KSM-USDT-SWAP,127201.6,1758430059683
2025-09-21 04:47:39.682000+00:00,LA-USDT-SWAP,6282720.0,1758430059682
2025-09-21 04:47:39.672000+00:00,LAUNCHCOIN-USDT-SWAP,40790210.0,1758430059672
2025-09-21 04:47:39.679000+00:00,LAYER-USDT-SWAP,6099381.0,1758430059679
2025-09-21 04:47:39.686000+00:00,LDO-USDT-SWAP,13673866.0,1758430059686
2025-09-21 04:47:39.671000+00:00,LINK-USDT-SWAP,2350482.2999999993,1758430059671
2025-09-21 04:47:39.676000+00:00,LPT-USDT-SWAP,561367.1,1758430059676
2025-09-21 04:47:39.675000+00:00,LQTY-USDT-SWAP,2192577.0,1758430059675
2025-09-21 04:47:40.270000+00:00,LRC-USDT-SWAP,13703660.0,1758430060270
2025-09-21 04:47:40.126000+00:00,LTC-USDT-SWAP,732201.0000000002,1758430060126
2025-09-21 04:47:40.139000+00:00,LUNA-USDT-SWAP,20209390.0,1758430060139
2025-09-21 04:47:40.132000+00:00,MAGIC-USDT-SWAP,15964685.0,1758430060132
2025-09-21 04:47:40.137000+00:00,MAJOR-USDT-SWAP,4649839.0,1758430060137
2025-09-21 04:47:40.140000+00:00,MANA-USDT-SWAP,10639670.0,1758430060140
2025-09-21 04:47:40.139000+00:00,MASK-USDT-SWAP,2956400.0,1758430060139
2025-09-21 04:47:40.142000+00:00,ME-USDT-SWAP,3715174.0,1758430060142
2025-09-21 04:47:40.151000+00:00,MEME-USDT-SWAP,1573255600.0,1758430060151
2025-09-21 04:47:40.697000+00:00,MERL-USDT-SWAP,49612098.0,1758430060697
2025-09-21 04:47:40.700000+00:00,METIS-USDT-SWAP,116812.0,1758430060700
2025-09-21 04:47:40.714000+00:00,MEW-USDT-SWAP,1020944000.0,1758430060714
2025-09-21 04:47:40.725000+00:00,MINA-USDT-SWAP,7582880.0,1758430060725
2025-09-21 04:47:40.717000+00:00,MOG-USDT-SWAP,622583000000.0,1758430060717
2025-09-21 04:47:40.713000+00:00,MOODENG-USDT-SWAP,50947890.0,1758430060713
2025-09-21 04:47:40.696000+00:00,MORPHO-USDT-SWAP,1557579.0,1758430060696
2025-09-21 04:47:40.712000+00:00,MOVE-USDT-SWAP,28134900.0,1758430060712
2025-09-21 04:47:40.716000+00:00,MUBARAK-USDT-SWAP,45281700.0,1758430060716
2025-09-21 04:47:41.164000+00:00,NEAR-USDT-SWAP,7136502.999999997,1758430061164
2025-09-21 04:47:41.154000+00:00,NEIRO-USDT-SWAP,9355903000.0,1758430061154
2025-09-21 04:47:41.166000+00:00,NEO-USDT-SWAP,370052.0,1758430061166
2025-09-21 04:47:41.157000+00:00,NEWT-USDT-SWAP,3441860.0,1758430061157
2025-09-21 04:47:41.311000+00:00,NMR-USDT-SWAP,317540.8,1758430061311
2025-09-21 04:47:41.157000+00:00,NOT-USDT-SWAP,1517007800.0,1758430061157
2025-09-21 04:47:41.161000+00:00,NXPC-USDT-SWAP,1075965.0,1758430061161
2025-09-21 04:47:41.164000+00:00,OL-USDT-SWAP,71717030.0,1758430061164
2025-09-21 04:47:41.158000+00:00,OM-USDT-SWAP,22427349.000000004,1758430061158
2025-09-21 04:47:41.738000+00:00,ONDO-USDT-SWAP,24092410.0,1758430061738
2025-09-21 04:47:41.746000+00:00,ONE-USDT-SWAP,81284400.0,1758430061746
2025-09-21 04:47:41.754000+00:00,ONT-USDT-SWAP,10316390.0,1758430061754
2025-09-21 04:47:41.744000+00:00,OP-USDT-SWAP,25375455.0,1758430061744
2025-09-21 04:47:41.736000+00:00,ORBS-USDT-SWAP,29043700.0,1758430061736
2025-09-21 04:47:41.741000+00:00,ORDI-USDT-SWAP,1214520.3,1758430061741
2025-09-21 04:47:41.747000+00:00,PARTI-USDT-SWAP,12700080.0,1758430061747
2025-09-21 04:47:41.744000+00:00,PENGU-USDT-SWAP,625742200.0,1758430061744
2025-09-21 04:47:41.739000+00:00,PEOPLE-USDT-SWAP,338596600.0,1758430061739
2025-09-21 04:47:41.743000+00:00,PEPE-USDT-SWAP,8803981000000.006,1758430061743
2025-09-21 04:47:42.190000+00:00,PERP-USDT-SWAP,3223183.0,1758430062190
2025-09-21 04:47:42.183000+00:00,PI-USDT-SWAP,32807893.0,1758430062183
2025-09-21 04:47:42.190000+00:00,PLUME-USDT-SWAP,20273210.0,1758430062190
2025-09-21 04:47:42.196000+00:00,PNUT-USDT-SWAP,36175480.0,1758430062196
2025-09-21 04:47:42.195000+00:00,POL-USDT-SWAP,38111870.0,1758430062195
2025-09-21 04:47:42.195000+00:00,POPCAT-USDT-SWAP,8994170.0,1758430062195
2025-09-21 04:47:42.204000+00:00,PRCL-USDT-SWAP,15361508.0,1758430062204
2025-09-21 04:47:42.195000+00:00,PROMPT-USDT-SWAP,27517420.0,1758430062195
2025-09-21 04:47:42.193000+00:00,PUMP-USDT-SWAP,7982017000.0,1758430062193
2025-09-21 04:47:42.203000+00:00,PYTH-USDT-SWAP,53577300.0,1758430062203
2025-09-21 04:47:42.657000+00:00,QTUM-USDT-SWAP,1052816.0,1758430062657
2025-09-21 04:47:42.637000+00:00,RAY-USDT-SWAP,1507337.0,1758430062637
2025-09-21 04:47:42.657000+00:00,RENDER-USDT-SWAP,1374754.0,1758430062657
2025-09-21 04:47:42.657000+00:00,RESOLV-USDT-SWAP,26091830.0,1758430062657
2025-09-21 04:47:42.647000+00:00,RSR-USDT-SWAP,261711700.0,1758430062647
2025-09-21 04:47:42.656000+00:00,RVN-USDT-SWAP,82433480.0,1758430062656
2025-09-21 04:47:42.659000+00:00,S-USDT-SWAP,12535720.0,1758430062659
2025-09-21 04:47:42.646000+00:00,SAHARA-USDT-SWAP,38196640.0,1758430062646
2025-09-21 04:47:42.652000+00:00,SAND-USDT-SWAP,16930110.0,1758430062652
2025-09-21 04:47:42.660000+00:00,SATS-USDT-SWAP,188151440000000.0,1758430062660
2025-09-21 04:47:43.116000+00:00,SCR-USDT-SWAP,2444087.0,1758430063116
2025-09-21 04:47:43.105000+00:00,SHELL-USDT-SWAP,5200220.0,1758430063105
2025-09-21 04:47:43.111000+00:00,SHIB-USDT-SWAP,1649579700000.0,1758430063111
2025-09-21 04:47:43.109000+00:00,SIGN-USDT-SWAP,48380500.0,1758430063109
2025-09-21 04:47:43.127000+00:00,SLP-USDT-SWAP,402589290.0,1758430063127
2025-09-21 04:47:43.115000+00:00,SNX-USDT-SWAP,2276339.0,1758430063115
2025-09-21 04:47:43.244000+00:00,SOL-USDT-SWAP,3768135.710000003,1758430063244
2025-09-21 04:47:43.110000+00:00,SOLV-USDT-SWAP,57064200.0,1758430063110
2025-09-21 04:47:43.118000+00:00,SONIC-USDT-SWAP,7838635.0,1758430063118
2025-09-21 04:47:43.111000+00:00,SOON-USDT-SWAP,6558680.0,1758430063111
2025-09-21 04:47:43.680000+00:00,SOPH-USDT-SWAP,79918500.0,1758430063680
2025-09-21 04:47:43.678000+00:00,SPK-USDT-SWAP,114111900.0,1758430063678
2025-09-21 04:47:43.673000+00:00,SPX-USDT-SWAP,989525.0,1758430063673
2025-09-21 04:47:43.758000+00:00,SSV-USDT-SWAP,287933.9,1758430063758
2025-09-21 04:47:43.669000+00:00,STORJ-USDT-SWAP,6013020.0,1758430063669
2025-09-21 04:47:43.671000+00:00,STRK-USDT-SWAP,24529862.0,1758430063671
2025-09-21 04:47:43.682000+00:00,STX-USDT-SWAP,7322958.000000001,1758430063682
2025-09-21 04:47:43.660000+00:00,SUI-USDT-SWAP,23742181.0,1758430063660
2025-09-21 04:47:43.677000+00:00,SUSHI-USDT-SWAP,8183964.0,1758430063677
2025-09-21 04:47:43.683000+00:00,SWARMS-USDT-SWAP,77518480.0,1758430063683
2025-09-21 04:47:44.193000+00:00,SYRUP-USDT-SWAP,2392590.0,1758430064193
2025-09-21 04:47:44.187000+00:00,T-USDT-SWAP,41332500.0,1758430064187
2025-09-21 04:47:44.190000+00:00,TAO-USDT-SWAP,14161.36,1758430064190
2025-09-21 04:47:44.196000+00:00,THETA-USDT-SWAP,2883365.0000000005,1758430064196
2025-09-21 04:47:44.185000+00:00,TIA-USDT-SWAP,5009286.0,1758430064185
2025-09-21 04:47:44.206000+00:00,TNSR-USDT-SWAP,9728044.0,1758430064206
2025-09-21 04:47:44.199000+00:00,TON-USDT-SWAP,8295667.0,1758430064199
2025-09-21 04:47:44.201000+00:00,TRB-USDT-SWAP,231520.1,1758430064201
2025-09-21 04:47:44.187000+00:00,TREE-USDT-SWAP,7832996.0,1758430064187
2025-09-21 04:47:44.200000+00:00,TRUMP-USDT-SWAP,5553099.9,1758430064200
2025-09-21 04:47:44.653000+00:00,TRX-USDT-SWAP,82959560.00000015,1758430064653
2025-09-21 04:47:44.649000+00:00,TURBO-USDT-SWAP,845461000.0000001,1758430064649
2025-09-21 04:47:44.654000+00:00,UMA-USDT-SWAP,1277073.6,1758430064654
2025-09-21 04:47:44.646000+00:00,UNI-USDT-SWAP,3698570.0,1758430064646
2025-09-21 04:47:44.654000+00:00,USDC-USDT-SWAP,928810.0,1758430064654
2025-09-21 04:47:44.656000+00:00,USELESS-USDT-SWAP,19939540.0,1758430064656
2025-09-21 04:47:44.653000+00:00,UXLINK-USDT-SWAP,5617950.0,1758430064653
2025-09-21 04:47:44.643000+00:00,VANA-USDT-SWAP,131298.9,1758430064643
2025-09-21 04:47:44.667000+00:00,VINE-USDT-SWAP,103786880.0,1758430064667
2025-09-21 04:47:45.113000+00:00,VIRTUAL-USDT-SWAP,3663586.0,1758430065113
2025-09-21 04:47:45.110000+00:00,W-USDT-SWAP,75512216.0,1758430065110
2025-09-21 04:47:45.122000+00:00,WAL-USDT-SWAP,1988330.0,1758430065122
2025-09-21 04:47:45.109000+00:00,WCT-USDT-SWAP,9386620.0,1758430065109
2025-09-21 04:47:45.111000+00:00,WIF-USDT-SWAP,18539099.0,1758430065111
2025-09-21 04:47:45.130000+00:00,WLD-USDT-SWAP,28476486.0,1758430065130
2025-09-21 04:47:45.105000+00:00,WLFI-USDT-SWAP,299467060.0,1758430065105
2025-09-21 04:47:45.121000+00:00,WOO-USDT-SWAP,23646160.0,1758430065121
2025-09-21 04:47:45.115000+00:00,XAUT-USDT-SWAP,4562.732,1758430065115
2025-09-21 04:47:45.584000+00:00,XLM-USDT-SWAP,38777700.00000001,1758430065584
2025-09-21 04:47:45.583000+00:00,XPL-USDT-SWAP,10670680.0,1758430065583
2025-09-21 04:47:45.586000+00:00,XRP-USDT-SWAP,106351048.99999994,1758430065586
2025-09-21 04:47:45.587000+00:00,XTZ-USDT-SWAP,5754111.0,1758430065587
2025-09-21 04:47:45.584000+00:00,YFI-USDT-SWAP,395.091,1758430065584
2025-09-21 04:47:45.585000+00:00,YGG-USDT-SWAP,41516381.0,1758430065585
2025-09-21 04:47:45.595000+00:00,ZENT-USDT-SWAP,187441300.0,1758430065595
2025-09-21 04:47:45.587000+00:00,ZETA-USDT-SWAP,5529410.0,1758430065587
2025-09-21 04:47:45.589000+00:00,ZIL-USDT-SWAP,156813500.0,1758430065589
2025-09-21 04:47:46.047000+00:00,ZK-USDT-SWAP,48206820.0,1758430066047
2025-09-21 04:47:46.042000+00:00,ZRO-USDT-SWAP,2051792.0,1758430066042
2025-09-21 04:47:46.040000+00:00,ZRX-USDT-SWAP,6542030.0,1758430066040
