datetime_utc,symbol,oi_value,timestamp_ms
2025-09-15 01:53:41.813000+00:00,1INCH-USDT-SWAP,7441714.0,1757901221813
2025-09-15 01:53:41.740000+00:00,A-USDT-SWAP,10752770.0,1757901221740
2025-09-15 01:53:41.749000+00:00,AAVE-USDT-SWAP,137264.07000000004,1757901221749
2025-09-15 01:53:41.807000+00:00,ACE-USDT-SWAP,2957688.0,1757901221807
2025-09-15 01:53:41.805000+00:00,ACH-USDT-SWAP,88607300.0,1757901221805
2025-09-15 01:53:41.737000+00:00,ACT-USDT-SWAP,87650620.0,1757901221737
2025-09-15 01:53:41.828000+00:00,ADA-USDT-SWAP,84134110.00000009,1757901221828
2025-09-15 01:53:41.756000+00:00,AERO-USDT-SWAP,1834610.0,1757901221756
2025-09-15 01:53:41.795000+00:00,AEVO-USDT-SWAP,13910997.0,1757901221795
2025-09-15 01:53:41.734000+00:00,AGLD-USDT-SWAP,2055554.0,1757901221734
2025-09-15 01:53:42.463000+00:00,AI16Z-USDT-SWAP,52308254.0,1757901222463
2025-09-15 01:53:42.257000+00:00,AIXBT-USDT-SWAP,23399090.0,1757901222257
2025-09-15 01:53:42.314000+00:00,ALGO-USDT-SWAP,28866350.0,1757901222314
2025-09-15 01:53:42.265000+00:00,ANIME-USDT-SWAP,94238690.0,1757901222265
2025-09-15 01:53:42.262000+00:00,APE-USDT-SWAP,8181969.0,1757901222262
2025-09-15 01:53:42.285000+00:00,API3-USDT-SWAP,2461660.0,1757901222285
2025-09-15 01:53:42.278000+00:00,APT-USDT-SWAP,3743669.0,1757901222278
2025-09-15 01:53:42.441000+00:00,AR-USDT-SWAP,519311.8,1757901222441
2025-09-15 01:53:42.269000+00:00,ARB-USDT-SWAP,33881292.999999985,1757901222269
2025-09-15 01:53:43.109000+00:00,ARC-USDT-SWAP,77772380.0,1757901223109
2025-09-15 01:53:42.906000+00:00,ARKM-USDT-SWAP,3764129.0,1757901222906
2025-09-15 01:53:42.926000+00:00,ATH-USDT-SWAP,181453700.0,1757901222926
2025-09-15 01:53:42.933000+00:00,ATOM-USDT-SWAP,1916356.0,1757901222933
2025-09-15 01:53:42.892000+00:00,AUCTION-USDT-SWAP,215497.7,1757901222892
2025-09-15 01:53:43.029000+00:00,AVAAI-USDT-SWAP,74577700.0,1757901223029
2025-09-15 01:53:42.912000+00:00,AVAX-USDT-SWAP,2104176.0999999996,1757901222912
2025-09-15 01:53:42.918000+00:00,AXS-USDT-SWAP,1153304.7,1757901222918
2025-09-15 01:53:43.038000+00:00,BABY-USDT-SWAP,35315420.0,1757901223038
2025-09-15 01:53:42.893000+00:00,BAND-USDT-SWAP,1379158.0,1757901222893
2025-09-15 01:53:43.702000+00:00,BAT-USDT-SWAP,5025060.0,1757901223702
2025-09-15 01:53:43.541000+00:00,BCH-USDT-SWAP,66488.09999999999,1757901223541
2025-09-15 01:53:43.572000+00:00,BERA-USDT-SWAP,2537494.1,1757901223572
2025-09-15 01:53:43.708000+00:00,BICO-USDT-SWAP,8009337.0,1757901223708
2025-09-15 01:53:43.562000+00:00,BIGTIME-USDT-SWAP,39296900.0,1757901223562
2025-09-15 01:53:43.541000+00:00,BIO-USDT-SWAP,60067247.0,1757901223541
2025-09-15 01:53:43.557000+00:00,BLUR-USDT-SWAP,26104190.0,1757901223557
2025-09-15 01:53:43.740000+00:00,BNB-USDT-SWAP,104972.8,1757901223740
2025-09-15 01:53:43.584000+00:00,BNT-USDT-SWAP,717140.0,1757901223584
2025-09-15 01:53:43.555000+00:00,BOME-USDT-SWAP,1359941000.0,1757901223555
2025-09-15 01:53:44.351000+00:00,BONK-USDT-SWAP,503513300000.0,1757901224351
2025-09-15 01:53:44.346000+00:00,BRETT-USDT-SWAP,15049200.0,1757901224346
2025-09-15 01:53:44.194000+00:00,BTC-USDT-SWAP,26522.862000000063,1757901224194
2025-09-15 01:53:44.265000+00:00,CAT-USDT-SWAP,153184000000.0,1757901224265
2025-09-15 01:53:44.175000+00:00,CATI-USDT-SWAP,13132648.0,1757901224175
2025-09-15 01:53:44.172000+00:00,CELO-USDT-SWAP,4657791.0,1757901224172
2025-09-15 01:53:44.304000+00:00,CETUS-USDT-SWAP,22903580.0,1757901224304
2025-09-15 01:53:44.191000+00:00,CFX-USDT-SWAP,73781890.0,1757901224191
2025-09-15 01:53:44.314000+00:00,CHZ-USDT-SWAP,79498240.0,1757901224314
2025-09-15 01:53:44.285000+00:00,COMP-USDT-SWAP,85321.9,1757901224285
2025-09-15 01:53:44.940000+00:00,COOKIE-USDT-SWAP,4125990.0,1757901224940
2025-09-15 01:53:44.785000+00:00,CORE-USDT-SWAP,9707731.0,1757901224785
2025-09-15 01:53:44.849000+00:00,CRO-USDT-SWAP,58627360.0,1757901224849
2025-09-15 01:53:44.806000+00:00,CRV-USDT-SWAP,24009964.0,1757901224806
2025-09-15 01:53:44.807000+00:00,CTC-USDT-SWAP,1798360.0,1757901224807
2025-09-15 01:53:44.799000+00:00,CVC-USDT-SWAP,8835500.0,1757901224799
2025-09-15 01:53:44.900000+00:00,CVX-USDT-SWAP,357957.0,1757901224900
2025-09-15 01:53:44.813000+00:00,DEGEN-USDT-SWAP,310251900.0,1757901224813
2025-09-15 01:53:45.422000+00:00,DOGE-USDT-SWAP,1815093500.0000005,1757901225422
2025-09-15 01:53:45.378000+00:00,DOGS-USDT-SWAP,17038698000.0,1757901225378
2025-09-15 01:53:45.406000+00:00,DOOD-USDT-SWAP,181028000.0,1757901225406
2025-09-15 01:53:45.402000+00:00,DOT-USDT-SWAP,6396032.0,1757901225402
2025-09-15 01:53:45.552000+00:00,DUCK-USDT-SWAP,675702900.0,1757901225552
2025-09-15 01:53:45.494000+00:00,DYDX-USDT-SWAP,11540244.0,1757901225494
2025-09-15 01:53:45.384000+00:00,EGLD-USDT-SWAP,128390.2,1757901225384
2025-09-15 01:53:45.402000+00:00,EIGEN-USDT-SWAP,3431094.0,1757901225402
2025-09-15 01:53:45.412000+00:00,ENJ-USDT-SWAP,13959850.0,1757901225412
2025-09-15 01:53:45.385000+00:00,ENS-USDT-SWAP,325858.5,1757901225385
2025-09-15 01:53:46.022000+00:00,ETC-USDT-SWAP,1129745.3000000005,1757901226022
2025-09-15 01:53:45.995000+00:00,ETH-USDT-SWAP,780159.4730000021,1757901225995
2025-09-15 01:53:46.020000+00:00,ETHFI-USDT-SWAP,8162545.0,1757901226020
2025-09-15 01:53:46.029000+00:00,ETHW-USDT-SWAP,1242937.6,1757901226029
2025-09-15 01:53:46.100000+00:00,FARTCOIN-USDT-SWAP,20117453.0,1757901226100
2025-09-15 01:53:46.007000+00:00,FIL-USDT-SWAP,14288780.0,1757901226007
2025-09-15 01:53:46+00:00,FLM-USDT-SWAP,41904900.0,1757901226000
2025-09-15 01:53:46.015000+00:00,FLOKI-USDT-SWAP,40996500000.0,1757901226015
2025-09-15 01:53:46.020000+00:00,FLOW-USDT-SWAP,5050430.0,1757901226020
2025-09-15 01:53:45.998000+00:00,FXS-USDT-SWAP,391418.0,1757901225998
2025-09-15 01:53:46.588000+00:00,GALA-USDT-SWAP,447768830.0,1757901226588
2025-09-15 01:53:46.530000+00:00,GAS-USDT-SWAP,359741.0,1757901226530
2025-09-15 01:53:46.563000+00:00,GLM-USDT-SWAP,2996890.0,1757901226563
2025-09-15 01:53:46.678000+00:00,GMT-USDT-SWAP,42709355.0,1757901226678
2025-09-15 01:53:46.556000+00:00,GMX-USDT-SWAP,61333.6,1757901226556
2025-09-15 01:53:46.542000+00:00,GOAT-USDT-SWAP,31940130.0,1757901226542
2025-09-15 01:53:46.546000+00:00,GODS-USDT-SWAP,6714845.0,1757901226546
2025-09-15 01:53:46.555000+00:00,GPS-USDT-SWAP,153192180.0,1757901226555
2025-09-15 01:53:46.568000+00:00,GRASS-USDT-SWAP,2771671.0,1757901226568
2025-09-15 01:53:46.558000+00:00,GRIFFAIN-USDT-SWAP,28824880.0,1757901226558
2025-09-15 01:53:47.153000+00:00,GRT-USDT-SWAP,22282710.0,1757901227153
2025-09-15 01:53:47.239000+00:00,H-USDT-SWAP,78632700.0,1757901227239
2025-09-15 01:53:47.135000+00:00,HBAR-USDT-SWAP,77589750.0,1757901227135
2025-09-15 01:53:47.133000+00:00,HMSTR-USDT-SWAP,1075317500.0,1757901227133
2025-09-15 01:53:47.191000+00:00,HOME-USDT-SWAP,22074500.0,1757901227191
2025-09-15 01:53:47.112000+00:00,HUMA-USDT-SWAP,68358700.0,1757901227112
2025-09-15 01:53:47.119000+00:00,HYPE-USDT-SWAP,889252.4,1757901227119
2025-09-15 01:53:47.133000+00:00,ICP-USDT-SWAP,1506686.06,1757901227133
2025-09-15 01:53:47.230000+00:00,ICX-USDT-SWAP,5902540.0,1757901227230
2025-09-15 01:53:47.300000+00:00,IMX-USDT-SWAP,7212144.0,1757901227300
2025-09-15 01:53:47.764000+00:00,INIT-USDT-SWAP,2463360.0,1757901227764
2025-09-15 01:53:47.740000+00:00,INJ-USDT-SWAP,902425.0,1757901227740
2025-09-15 01:53:47.756000+00:00,IOST-USDT-SWAP,280733000.0,1757901227756
2025-09-15 01:53:47.765000+00:00,IOTA-USDT-SWAP,15540560.0,1757901227765
2025-09-15 01:53:47.740000+00:00,IP-USDT-SWAP,2448148.0,1757901227740
2025-09-15 01:53:47.838000+00:00,JELLYJELLY-USDT-SWAP,178949900.0,1757901227838
2025-09-15 01:53:47.776000+00:00,JOE-USDT-SWAP,5912880.0,1757901227776
2025-09-15 01:53:47.869000+00:00,JTO-USDT-SWAP,4164294.0,1757901227869
2025-09-15 01:53:47.738000+00:00,JUP-USDT-SWAP,15207650.0,1757901227738
2025-09-15 01:53:48.488000+00:00,KAITO-USDT-SWAP,4357026.0,1757901228488
2025-09-15 01:53:48.350000+00:00,KMNO-USDT-SWAP,27542400.0,1757901228350
2025-09-15 01:53:48.358000+00:00,KSM-USDT-SWAP,130047.5,1757901228358
2025-09-15 01:53:48.480000+00:00,LA-USDT-SWAP,2797480.0,1757901228480
2025-09-15 01:53:48.331000+00:00,LAUNCHCOIN-USDT-SWAP,51199070.0,1757901228331
2025-09-15 01:53:48.476000+00:00,LAYER-USDT-SWAP,5930451.0,1757901228476
2025-09-15 01:53:48.336000+00:00,LDO-USDT-SWAP,14177831.0,1757901228336
2025-09-15 01:53:48.466000+00:00,LINK-USDT-SWAP,2583614.0,1757901228466
2025-09-15 01:53:48.356000+00:00,LPT-USDT-SWAP,712595.8,1757901228356
2025-09-15 01:53:48.341000+00:00,LQTY-USDT-SWAP,1561321.0,1757901228341
2025-09-15 01:53:48.938000+00:00,LRC-USDT-SWAP,17848210.0,1757901228938
2025-09-15 01:53:48.918000+00:00,LTC-USDT-SWAP,700834.4999999998,1757901228918
2025-09-15 01:53:48.972000+00:00,LUNA-USDT-SWAP,16360445.0,1757901228972
2025-09-15 01:53:48.946000+00:00,LUNC-USDT-SWAP,28322010000.0,1757901228946
2025-09-15 01:53:48.917000+00:00,MAGIC-USDT-SWAP,17808041.0,1757901228917
2025-09-15 01:53:48.991000+00:00,MAJOR-USDT-SWAP,5424614.0,1757901228991
2025-09-15 01:53:48.931000+00:00,MANA-USDT-SWAP,11366330.0,1757901228931
2025-09-15 01:53:49.096000+00:00,MASK-USDT-SWAP,3005455.0,1757901229096
2025-09-15 01:53:48.946000+00:00,ME-USDT-SWAP,3624625.0,1757901228946
2025-09-15 01:53:49.050000+00:00,MEME-USDT-SWAP,1382313900.0,1757901229050
2025-09-15 01:53:49.554000+00:00,MERL-USDT-SWAP,46030572.0,1757901229554
2025-09-15 01:53:49.549000+00:00,METIS-USDT-SWAP,106274.7,1757901229549
2025-09-15 01:53:49.556000+00:00,MEW-USDT-SWAP,1150814000.0,1757901229556
2025-09-15 01:53:49.669000+00:00,MINA-USDT-SWAP,7427293.0,1757901229669
2025-09-15 01:53:49.555000+00:00,MOG-USDT-SWAP,659643000000.0,1757901229555
2025-09-15 01:53:49.549000+00:00,MOODENG-USDT-SWAP,67800980.0,1757901229549
2025-09-15 01:53:49.668000+00:00,MORPHO-USDT-SWAP,1483466.0,1757901229668
2025-09-15 01:53:49.565000+00:00,MOVE-USDT-SWAP,26405120.0,1757901229565
2025-09-15 01:53:49.546000+00:00,MUBARAK-USDT-SWAP,12514900.0,1757901229546
2025-09-15 01:53:50.268000+00:00,NEAR-USDT-SWAP,5329532.000000001,1757901230268
2025-09-15 01:53:50.098000+00:00,NEIRO-USDT-SWAP,10477929000.0,1757901230098
2025-09-15 01:53:50.129000+00:00,NEO-USDT-SWAP,354667.0,1757901230129
2025-09-15 01:53:50.226000+00:00,NEWT-USDT-SWAP,3064050.0,1757901230226
2025-09-15 01:53:50.111000+00:00,NMR-USDT-SWAP,395467.4,1757901230111
2025-09-15 01:53:50.121000+00:00,NOT-USDT-SWAP,1629591600.0,1757901230121
2025-09-15 01:53:50.225000+00:00,NXPC-USDT-SWAP,1199242.0,1757901230225
2025-09-15 01:53:50.262000+00:00,OL-USDT-SWAP,76311250.0,1757901230262
2025-09-15 01:53:50.108000+00:00,OM-USDT-SWAP,23536214.999999996,1757901230108
2025-09-15 01:53:50.726000+00:00,ONDO-USDT-SWAP,22886300.0,1757901230726
2025-09-15 01:53:50.698000+00:00,ONE-USDT-SWAP,85974300.0,1757901230698
2025-09-15 01:53:50.732000+00:00,ONT-USDT-SWAP,10969710.0,1757901230732
2025-09-15 01:53:50.778000+00:00,OP-USDT-SWAP,26031948.0,1757901230778
2025-09-15 01:53:50.708000+00:00,ORBS-USDT-SWAP,27107800.0,1757901230708
2025-09-15 01:53:50.825000+00:00,ORDI-USDT-SWAP,1385645.2,1757901230825
2025-09-15 01:53:50.821000+00:00,PARTI-USDT-SWAP,15168370.0,1757901230821
2025-09-15 01:53:50.813000+00:00,PENGU-USDT-SWAP,630096200.0,1757901230813
2025-09-15 01:53:50.729000+00:00,PEOPLE-USDT-SWAP,387831600.0,1757901230729
2025-09-15 01:53:50.783000+00:00,PEPE-USDT-SWAP,8289400000000.005,1757901230783
2025-09-15 01:53:51.371000+00:00,PERP-USDT-SWAP,3212677.0,1757901231371
2025-09-15 01:53:51.262000+00:00,PI-USDT-SWAP,33499544.0,1757901231262
2025-09-15 01:53:51.300000+00:00,PLUME-USDT-SWAP,23145440.0,1757901231300
2025-09-15 01:53:51.310000+00:00,PNUT-USDT-SWAP,42498370.0,1757901231310
2025-09-15 01:53:51.384000+00:00,POL-USDT-SWAP,36636490.0,1757901231384
2025-09-15 01:53:51.429000+00:00,POPCAT-USDT-SWAP,10019290.0,1757901231429
2025-09-15 01:53:51.370000+00:00,PRCL-USDT-SWAP,25739742.0,1757901231370
2025-09-15 01:53:51.286000+00:00,PROMPT-USDT-SWAP,34476150.0,1757901231286
2025-09-15 01:53:51.305000+00:00,PUMP-USDT-SWAP,6816423000.0,1757901231305
2025-09-15 01:53:51.269000+00:00,PYTH-USDT-SWAP,48721990.0,1757901231269
2025-09-15 01:53:51.980000+00:00,QTUM-USDT-SWAP,1193972.0,1757901231980
2025-09-15 01:53:51.875000+00:00,RAY-USDT-SWAP,1152011.0,1757901231875
2025-09-15 01:53:51.887000+00:00,RENDER-USDT-SWAP,1336709.0,1757901231887
2025-09-15 01:53:51.887000+00:00,RESOLV-USDT-SWAP,24454590.0,1757901231887
2025-09-15 01:53:51.863000+00:00,RSR-USDT-SWAP,253316100.0,1757901231863
2025-09-15 01:53:51.868000+00:00,RVN-USDT-SWAP,70660690.0,1757901231868
2025-09-15 01:53:51.908000+00:00,S-USDT-SWAP,11866240.0,1757901231908
2025-09-15 01:53:52.011000+00:00,SAHARA-USDT-SWAP,41405020.0,1757901232011
2025-09-15 01:53:51.891000+00:00,SAND-USDT-SWAP,17939830.0,1757901231891
2025-09-15 01:53:51.867000+00:00,SATS-USDT-SWAP,204058440000000.0,1757901231867
2025-09-15 01:53:52.641000+00:00,SCR-USDT-SWAP,2707768.0,1757901232641
2025-09-15 01:53:52.437000+00:00,SHELL-USDT-SWAP,5405730.0,1757901232437
2025-09-15 01:53:52.477000+00:00,SHIB-USDT-SWAP,1761302500000.0005,1757901232477
2025-09-15 01:53:52.492000+00:00,SIGN-USDT-SWAP,43436800.0,1757901232492
2025-09-15 01:53:52.448000+00:00,SLP-USDT-SWAP,416858140.0,1757901232448
2025-09-15 01:53:52.443000+00:00,SNX-USDT-SWAP,2443013.0,1757901232443
2025-09-15 01:53:52.466000+00:00,SOL-USDT-SWAP,3502858.430000002,1757901232466
2025-09-15 01:53:52.458000+00:00,SOLV-USDT-SWAP,56380400.0,1757901232458
2025-09-15 01:53:52.465000+00:00,SONIC-USDT-SWAP,7684946.0,1757901232465
2025-09-15 01:53:52.456000+00:00,SOON-USDT-SWAP,7716050.0,1757901232456
2025-09-15 01:53:53.093000+00:00,SOPH-USDT-SWAP,75639400.0,1757901233093
2025-09-15 01:53:53.270000+00:00,SPK-USDT-SWAP,108483500.0,1757901233270
2025-09-15 01:53:53.099000+00:00,SPX-USDT-SWAP,989708.0,1757901233099
2025-09-15 01:53:53.146000+00:00,SSV-USDT-SWAP,312168.2,1757901233146
2025-09-15 01:53:53.079000+00:00,STORJ-USDT-SWAP,5441030.0,1757901233079
2025-09-15 01:53:53.082000+00:00,STRK-USDT-SWAP,23941122.0,1757901233082
2025-09-15 01:53:53.284000+00:00,STX-USDT-SWAP,6660897.999999999,1757901233284
2025-09-15 01:53:53.204000+00:00,SUI-USDT-SWAP,20638737.0,1757901233204
2025-09-15 01:53:53.128000+00:00,SUSHI-USDT-SWAP,8674036.0,1757901233128
2025-09-15 01:53:53.084000+00:00,SWARMS-USDT-SWAP,79744480.0,1757901233084
2025-09-15 01:53:53.739000+00:00,SYRUP-USDT-SWAP,2428980.0,1757901233739
2025-09-15 01:53:54.207000+00:00,T-USDT-SWAP,45485400.0,1757901234207
2025-09-15 01:53:53.740000+00:00,TAO-USDT-SWAP,13539.96,1757901233740
2025-09-15 01:53:53.819000+00:00,THETA-USDT-SWAP,3078858.000000001,1757901233819
2025-09-15 01:53:53.727000+00:00,TIA-USDT-SWAP,5411284.0,1757901233727
2025-09-15 01:53:53.729000+00:00,TNSR-USDT-SWAP,8444723.0,1757901233729
2025-09-15 01:53:53.726000+00:00,TON-USDT-SWAP,8927921.0,1757901233726
2025-09-15 01:53:53.736000+00:00,TRB-USDT-SWAP,250729.5,1757901233736
2025-09-15 01:53:53.743000+00:00,TREE-USDT-SWAP,9129963.0,1757901233743
2025-09-15 01:53:53.744000+00:00,TRUMP-USDT-SWAP,5511300.4,1757901233744
2025-09-15 01:53:54.705000+00:00,TRX-USDT-SWAP,92936050.00000006,1757901234705
2025-09-15 01:53:54.688000+00:00,TURBO-USDT-SWAP,947815000.0,1757901234688
2025-09-15 01:53:54.718000+00:00,UMA-USDT-SWAP,1435619.7,1757901234718
2025-09-15 01:53:54.900000+00:00,UNI-USDT-SWAP,3809653.0,1757901234900
2025-09-15 01:53:54.801000+00:00,USDC-USDT-SWAP,1005420.0,1757901234801
2025-09-15 01:53:54.794000+00:00,USELESS-USDT-SWAP,11440680.0,1757901234794
2025-09-15 01:53:54.808000+00:00,USTC-USDT-SWAP,109418200.0,1757901234808
2025-09-15 01:53:54.713000+00:00,UXLINK-USDT-SWAP,6609000.0,1757901234713
2025-09-15 01:53:54.713000+00:00,VANA-USDT-SWAP,140205.4,1757901234713
2025-09-15 01:53:54.685000+00:00,VINE-USDT-SWAP,114709380.0,1757901234685
2025-09-15 01:53:55.364000+00:00,VIRTUAL-USDT-SWAP,3737960.0,1757901235364
2025-09-15 01:53:55.342000+00:00,W-USDT-SWAP,48741876.0,1757901235342
2025-09-15 01:53:55.376000+00:00,WAL-USDT-SWAP,2235790.0,1757901235376
2025-09-15 01:53:55.336000+00:00,WCT-USDT-SWAP,10217950.0,1757901235336
2025-09-15 01:53:55.356000+00:00,WIF-USDT-SWAP,16832747.0,1757901235356
2025-09-15 01:53:55.351000+00:00,WLD-USDT-SWAP,29673385.0,1757901235351
2025-09-15 01:53:55.369000+00:00,WLFI-USDT-SWAP,273188950.0,1757901235369
2025-09-15 01:53:55.363000+00:00,WOO-USDT-SWAP,20505490.0,1757901235363
2025-09-15 01:53:55.339000+00:00,XAUT-USDT-SWAP,5251.188,1757901235339
2025-09-15 01:53:55.967000+00:00,XLM-USDT-SWAP,42504700.0,1757901235967
2025-09-15 01:53:55.834000+00:00,XPL-USDT-SWAP,6767590.0,1757901235834
2025-09-15 01:53:56.005000+00:00,XRP-USDT-SWAP,95690299.99999997,1757901236005
2025-09-15 01:53:55.848000+00:00,XTZ-USDT-SWAP,5656840.0,1757901235848
2025-09-15 01:53:55.976000+00:00,YFI-USDT-SWAP,373.4546,1757901235976
2025-09-15 01:53:55.839000+00:00,YGG-USDT-SWAP,41454074.0,1757901235839
2025-09-15 01:53:55.906000+00:00,ZENT-USDT-SWAP,179901800.0,1757901235906
2025-09-15 01:53:55.852000+00:00,ZETA-USDT-SWAP,5504120.0,1757901235852
2025-09-15 01:53:55.820000+00:00,ZIL-USDT-SWAP,166325400.0,1757901235820
2025-09-15 01:53:56.448000+00:00,ZK-USDT-SWAP,49991700.0,1757901236448
2025-09-15 01:53:56.433000+00:00,ZRO-USDT-SWAP,1706865.0,1757901236433
2025-09-15 01:53:56.428000+00:00,ZRX-USDT-SWAP,7437230.0,1757901236428
2025-09-15 01:54:57.246000+00:00,1INCH-USDT-SWAP,7441635.0,1757901297246
2025-09-15 01:54:57.223000+00:00,A-USDT-SWAP,10752720.0,1757901297223
2025-09-15 01:54:57.234000+00:00,AAVE-USDT-SWAP,137260.65000000002,1757901297234
2025-09-15 01:54:57.159000+00:00,ACE-USDT-SWAP,2960211.0,1757901297159
2025-09-15 01:54:57.168000+00:00,ACH-USDT-SWAP,88596900.0,1757901297168
2025-09-15 01:54:57.218000+00:00,ACT-USDT-SWAP,87645986.0,1757901297218
2025-09-15 01:54:57.186000+00:00,ADA-USDT-SWAP,84109360.00000009,1757901297186
2025-09-15 01:54:57.282000+00:00,AERO-USDT-SWAP,1834040.0,1757901297282
2025-09-15 01:54:57.152000+00:00,AEVO-USDT-SWAP,13910400.0,1757901297152
2025-09-15 01:54:57.243000+00:00,AGLD-USDT-SWAP,2056660.0,1757901297243
2025-09-15 01:54:57.713000+00:00,AI16Z-USDT-SWAP,52251772.0,1757901297713
2025-09-15 01:54:57.766000+00:00,AIXBT-USDT-SWAP,23416790.0,1757901297766
2025-09-15 01:54:57.722000+00:00,ALGO-USDT-SWAP,28869120.0,1757901297722
2025-09-15 01:54:57.775000+00:00,ANIME-USDT-SWAP,94381740.0,1757901297775
2025-09-15 01:54:57.739000+00:00,APE-USDT-SWAP,8179247.9,1757901297739
2025-09-15 01:54:57.768000+00:00,API3-USDT-SWAP,2460219.0,1757901297768
2025-09-15 01:54:57.735000+00:00,APT-USDT-SWAP,3743385.0,1757901297735
2025-09-15 01:54:57.728000+00:00,AR-USDT-SWAP,519522.9,1757901297728
2025-09-15 01:54:57.720000+00:00,ARB-USDT-SWAP,33899650.999999985,1757901297720
2025-09-15 01:54:58.208000+00:00,ARC-USDT-SWAP,77759140.0,1757901298208
2025-09-15 01:54:58.231000+00:00,ARKM-USDT-SWAP,3764320.0,1757901298231
2025-09-15 01:54:58.218000+00:00,ATH-USDT-SWAP,181385400.0,1757901298218
2025-09-15 01:54:58.221000+00:00,ATOM-USDT-SWAP,1916211.0,1757901298221
2025-09-15 01:54:58.228000+00:00,AUCTION-USDT-SWAP,215494.8,1757901298228
2025-09-15 01:54:58.321000+00:00,AVAAI-USDT-SWAP,74560810.0,1757901298321
2025-09-15 01:54:58.231000+00:00,AVAX-USDT-SWAP,2105618.0,1757901298231
2025-09-15 01:54:58.219000+00:00,AXS-USDT-SWAP,1153296.3,1757901298219
2025-09-15 01:54:58.330000+00:00,BABY-USDT-SWAP,35318030.0,1757901298330
2025-09-15 01:54:58.217000+00:00,BAND-USDT-SWAP,1379071.0,1757901298217
2025-09-15 01:54:58.765000+00:00,BAT-USDT-SWAP,5029480.0,1757901298765
2025-09-15 01:54:58.892000+00:00,BCH-USDT-SWAP,66510.50999999998,1757901298892
2025-09-15 01:54:58.807000+00:00,BERA-USDT-SWAP,2536910.6,1757901298807
2025-09-15 01:54:58.828000+00:00,BICO-USDT-SWAP,8011040.0,1757901298828
2025-09-15 01:54:58.783000+00:00,BIGTIME-USDT-SWAP,39291810.0,1757901298783
2025-09-15 01:54:58.791000+00:00,BIO-USDT-SWAP,60059056.0,1757901298791
2025-09-15 01:54:58.790000+00:00,BLUR-USDT-SWAP,26112720.0,1757901298790
2025-09-15 01:54:58.768000+00:00,BNB-USDT-SWAP,104979.98,1757901298768
2025-09-15 01:54:58.776000+00:00,BNT-USDT-SWAP,717250.0,1757901298776
2025-09-15 01:54:58.782000+00:00,BOME-USDT-SWAP,1359422000.0,1757901298782
2025-09-15 01:54:59.340000+00:00,BONK-USDT-SWAP,503590700000.0,1757901299340
2025-09-15 01:54:59.343000+00:00,BRETT-USDT-SWAP,15085500.0,1757901299343
2025-09-15 01:54:59.320000+00:00,BTC-USDT-SWAP,26526.74400000006,1757901299320
2025-09-15 01:54:59.334000+00:00,CAT-USDT-SWAP,153517900000.0,1757901299334
2025-09-15 01:54:59.348000+00:00,CATI-USDT-SWAP,13131018.0,1757901299348
2025-09-15 01:54:59.343000+00:00,CELO-USDT-SWAP,4658385.0,1757901299343
2025-09-15 01:54:59.441000+00:00,CETUS-USDT-SWAP,22902620.0,1757901299441
2025-09-15 01:54:59.344000+00:00,CFX-USDT-SWAP,73729820.0,1757901299344
2025-09-15 01:54:59.336000+00:00,CHZ-USDT-SWAP,79510870.0,1757901299336
2025-09-15 01:54:59.332000+00:00,COMP-USDT-SWAP,85309.7,1757901299332
2025-09-15 01:54:59.915000+00:00,COOKIE-USDT-SWAP,4126970.0,1757901299915
2025-09-15 01:54:59.899000+00:00,CORE-USDT-SWAP,9708331.0,1757901299899
2025-09-15 01:54:59.930000+00:00,CRO-USDT-SWAP,58666300.0,1757901299930
2025-09-15 01:54:59.889000+00:00,CRV-USDT-SWAP,24003885.0,1757901299889
2025-09-15 01:54:59.902000+00:00,CTC-USDT-SWAP,1798100.0,1757901299902
2025-09-15 01:54:59.902000+00:00,CVC-USDT-SWAP,8836300.0,1757901299902
2025-09-15 01:54:59.908000+00:00,CVX-USDT-SWAP,358012.0,1757901299908
2025-09-15 01:54:59.882000+00:00,DEGEN-USDT-SWAP,311485900.0,1757901299882
2025-09-15 01:55:00.519000+00:00,DOGE-USDT-SWAP,1814908620.0000005,1757901300519
2025-09-15 01:55:00.528000+00:00,DOGS-USDT-SWAP,17038246000.0,1757901300528
2025-09-15 01:55:00.518000+00:00,DOOD-USDT-SWAP,181117000.0,1757901300518
2025-09-15 01:55:00.515000+00:00,DOT-USDT-SWAP,6396250.0,1757901300515
2025-09-15 01:55:00.624000+00:00,DUCK-USDT-SWAP,675677100.0,1757901300624
2025-09-15 01:55:00.658000+00:00,DYDX-USDT-SWAP,11536976.0,1757901300658
2025-09-15 01:55:00.725000+00:00,EGLD-USDT-SWAP,128253.0,1757901300725
2025-09-15 01:55:00.521000+00:00,EIGEN-USDT-SWAP,3430225.0,1757901300521
2025-09-15 01:55:00.523000+00:00,ENJ-USDT-SWAP,13956080.0,1757901300523
2025-09-15 01:55:00.619000+00:00,ENS-USDT-SWAP,325853.5,1757901300619
2025-09-15 01:55:01.164000+00:00,ETC-USDT-SWAP,1129857.2000000007,1757901301164
2025-09-15 01:55:01.323000+00:00,ETH-USDT-SWAP,780259.0240000021,1757901301323
2025-09-15 01:55:01.168000+00:00,ETHFI-USDT-SWAP,8160290.0,1757901301168
2025-09-15 01:55:01.179000+00:00,ETHW-USDT-SWAP,1242988.9,1757901301179
2025-09-15 01:55:01.298000+00:00,FARTCOIN-USDT-SWAP,20111514.0,1757901301298
2025-09-15 01:55:01.298000+00:00,FIL-USDT-SWAP,14281972.9,1757901301298
2025-09-15 01:55:01.195000+00:00,FLM-USDT-SWAP,41919440.0,1757901301195
2025-09-15 01:55:01.170000+00:00,FLOKI-USDT-SWAP,40990400000.0,1757901301170
2025-09-15 01:55:01.162000+00:00,FLOW-USDT-SWAP,5048880.0,1757901301162
2025-09-15 01:55:01.167000+00:00,FXS-USDT-SWAP,391419.0,1757901301167
2025-09-15 01:55:01.758000+00:00,GALA-USDT-SWAP,447907020.0,1757901301758
2025-09-15 01:55:01.867000+00:00,GAS-USDT-SWAP,359737.0,1757901301867
2025-09-15 01:55:01.898000+00:00,GLM-USDT-SWAP,2995160.0,1757901301898
2025-09-15 01:55:01.766000+00:00,GMT-USDT-SWAP,42725209.0,1757901301766
2025-09-15 01:55:01.778000+00:00,GMX-USDT-SWAP,61340.3,1757901301778
2025-09-15 01:55:01.790000+00:00,GOAT-USDT-SWAP,31954500.0,1757901301790
2025-09-15 01:55:01.787000+00:00,GODS-USDT-SWAP,6714687.0,1757901301787
2025-09-15 01:55:01.756000+00:00,GPS-USDT-SWAP,152902500.0,1757901301756
2025-09-15 01:55:01.777000+00:00,GRASS-USDT-SWAP,2771621.0,1757901301777
2025-09-15 01:55:01.763000+00:00,GRIFFAIN-USDT-SWAP,28814860.0,1757901301763
2025-09-15 01:55:02.456000+00:00,GRT-USDT-SWAP,22117570.0,1757901302456
2025-09-15 01:55:02.352000+00:00,H-USDT-SWAP,78694600.0,1757901302352
2025-09-15 01:55:02.364000+00:00,HBAR-USDT-SWAP,77562430.0,1757901302364
2025-09-15 01:55:02.354000+00:00,HMSTR-USDT-SWAP,1075470800.0,1757901302354
2025-09-15 01:55:02.370000+00:00,HOME-USDT-SWAP,22071100.0,1757901302370
2025-09-15 01:55:02.361000+00:00,HUMA-USDT-SWAP,68323300.0,1757901302361
2025-09-15 01:55:02.370000+00:00,HYPE-USDT-SWAP,893534.8,1757901302370
2025-09-15 01:55:02.344000+00:00,ICP-USDT-SWAP,1506584.01,1757901302344
2025-09-15 01:55:02.343000+00:00,ICX-USDT-SWAP,5903130.0,1757901302343
2025-09-15 01:55:02.351000+00:00,IMX-USDT-SWAP,7215985.0,1757901302351
2025-09-15 01:55:02.904000+00:00,INIT-USDT-SWAP,2463340.0,1757901302904
2025-09-15 01:55:03.013000+00:00,INJ-USDT-SWAP,902426.2,1757901303013
2025-09-15 01:55:02.895000+00:00,IOST-USDT-SWAP,280733000.0,1757901302895
2025-09-15 01:55:02.897000+00:00,IOTA-USDT-SWAP,15542270.0,1757901302897
2025-09-15 01:55:03.038000+00:00,IP-USDT-SWAP,2447728.0,1757901303038
2025-09-15 01:55:02.953000+00:00,JELLYJELLY-USDT-SWAP,178944400.0,1757901302953
2025-09-15 01:55:02.933000+00:00,JOE-USDT-SWAP,5902190.0,1757901302933
2025-09-15 01:55:02.898000+00:00,JTO-USDT-SWAP,4165879.0,1757901302898
2025-09-15 01:55:03.022000+00:00,JUP-USDT-SWAP,15206950.0,1757901303022
2025-09-15 01:55:03.479000+00:00,KAITO-USDT-SWAP,4357915.0,1757901303479
2025-09-15 01:55:03.510000+00:00,KMNO-USDT-SWAP,27808800.0,1757901303510
2025-09-15 01:55:03.496000+00:00,KSM-USDT-SWAP,130045.9,1757901303496
2025-09-15 01:55:03.474000+00:00,LA-USDT-SWAP,2807080.0,1757901303474
2025-09-15 01:55:03.498000+00:00,LAUNCHCOIN-USDT-SWAP,51212530.0,1757901303498
2025-09-15 01:55:03.623000+00:00,LAYER-USDT-SWAP,5930473.0,1757901303623
2025-09-15 01:55:03.507000+00:00,LDO-USDT-SWAP,14179704.0,1757901303507
2025-09-15 01:55:03.475000+00:00,LINK-USDT-SWAP,2583551.1999999997,1757901303475
2025-09-15 01:55:03.474000+00:00,LPT-USDT-SWAP,712620.2,1757901303474
2025-09-15 01:55:03.484000+00:00,LQTY-USDT-SWAP,1561215.0,1757901303484
2025-09-15 01:55:04.060000+00:00,LRC-USDT-SWAP,17852720.0,1757901304060
2025-09-15 01:55:04.077000+00:00,LTC-USDT-SWAP,700746.1999999998,1757901304077
2025-09-15 01:55:04.068000+00:00,LUNA-USDT-SWAP,16360443.0,1757901304068
2025-09-15 01:55:04.071000+00:00,LUNC-USDT-SWAP,28323880000.0,1757901304071
2025-09-15 01:55:04.189000+00:00,MAGIC-USDT-SWAP,17803593.0,1757901304189
2025-09-15 01:55:04.080000+00:00,MAJOR-USDT-SWAP,5424605.0,1757901304080
2025-09-15 01:55:04.199000+00:00,MANA-USDT-SWAP,11365470.0,1757901304199
2025-09-15 01:55:04.059000+00:00,MASK-USDT-SWAP,3005499.0,1757901304059
2025-09-15 01:55:04.205000+00:00,ME-USDT-SWAP,3624355.0,1757901304205
2025-09-15 01:55:04.069000+00:00,MEME-USDT-SWAP,1382436100.0,1757901304069
2025-09-15 01:55:04.643000+00:00,MERL-USDT-SWAP,46035464.0,1757901304643
2025-09-15 01:55:04.669000+00:00,METIS-USDT-SWAP,106274.2,1757901304669
2025-09-15 01:55:04.764000+00:00,MEW-USDT-SWAP,1150644000.0,1757901304764
2025-09-15 01:55:04.638000+00:00,MINA-USDT-SWAP,7426438.0,1757901304638
2025-09-15 01:55:04.665000+00:00,MOG-USDT-SWAP,660123000000.0,1757901304665
2025-09-15 01:55:04.680000+00:00,MOODENG-USDT-SWAP,67706820.0,1757901304680
2025-09-15 01:55:04.639000+00:00,MORPHO-USDT-SWAP,1485476.0,1757901304639
2025-09-15 01:55:04.647000+00:00,MOVE-USDT-SWAP,26404000.0,1757901304647
2025-09-15 01:55:04.641000+00:00,MUBARAK-USDT-SWAP,12514500.0,1757901304641
2025-09-15 01:55:05.212000+00:00,NEAR-USDT-SWAP,5333365.000000001,1757901305212
2025-09-15 01:55:05.314000+00:00,NEIRO-USDT-SWAP,10479517000.0,1757901305314
2025-09-15 01:55:05.201000+00:00,NEO-USDT-SWAP,354652.0,1757901305201
2025-09-15 01:55:05.226000+00:00,NEWT-USDT-SWAP,3064440.0,1757901305226
2025-09-15 01:55:05.254000+00:00,NMR-USDT-SWAP,395523.7,1757901305254
2025-09-15 01:55:05.249000+00:00,NOT-USDT-SWAP,1629810900.0,1757901305249
2025-09-15 01:55:05.196000+00:00,NXPC-USDT-SWAP,1199179.0,1757901305196
2025-09-15 01:55:05.301000+00:00,OL-USDT-SWAP,76310730.0,1757901305301
2025-09-15 01:55:05.338000+00:00,OM-USDT-SWAP,23534806.999999996,1757901305338
2025-09-15 01:55:05.778000+00:00,ONDO-USDT-SWAP,22905260.0,1757901305778
2025-09-15 01:55:05.790000+00:00,ONE-USDT-SWAP,85974000.0,1757901305790
2025-09-15 01:55:05.783000+00:00,ONT-USDT-SWAP,10964040.0,1757901305783
2025-09-15 01:55:05.793000+00:00,OP-USDT-SWAP,26032066.0,1757901305793
2025-09-15 01:55:05.917000+00:00,ORBS-USDT-SWAP,27107800.0,1757901305917
2025-09-15 01:55:05.813000+00:00,ORDI-USDT-SWAP,1385483.4,1757901305813
2025-09-15 01:55:05.803000+00:00,PARTI-USDT-SWAP,15164430.0,1757901305803
2025-09-15 01:55:05.819000+00:00,PENGU-USDT-SWAP,630034000.0,1757901305819
2025-09-15 01:55:05.842000+00:00,PEOPLE-USDT-SWAP,387832300.0,1757901305842
2025-09-15 01:55:05.787000+00:00,PEPE-USDT-SWAP,8293464000000.004,1757901305787
2025-09-15 01:55:06.364000+00:00,PERP-USDT-SWAP,3212751.0,1757901306364
2025-09-15 01:55:06.371000+00:00,PI-USDT-SWAP,33499859.0,1757901306371
2025-09-15 01:55:06.363000+00:00,PLUME-USDT-SWAP,23147320.0,1757901306363
2025-09-15 01:55:06.350000+00:00,PNUT-USDT-SWAP,42495270.0,1757901306350
2025-09-15 01:55:06.376000+00:00,POL-USDT-SWAP,36636640.0,1757901306376
2025-09-15 01:55:06.381000+00:00,POPCAT-USDT-SWAP,10019270.0,1757901306381
2025-09-15 01:55:06.382000+00:00,PRCL-USDT-SWAP,25666513.0,1757901306382
2025-09-15 01:55:06.371000+00:00,PROMPT-USDT-SWAP,34483120.0,1757901306371
2025-09-15 01:55:06.387000+00:00,PUMP-USDT-SWAP,6823033000.0,1757901306387
2025-09-15 01:55:06.466000+00:00,PYTH-USDT-SWAP,48710690.0,1757901306466
2025-09-15 01:55:06.915000+00:00,QTUM-USDT-SWAP,1194150.0,1757901306915
2025-09-15 01:55:06.922000+00:00,RAY-USDT-SWAP,1151628.0,1757901306922
2025-09-15 01:55:06.907000+00:00,RENDER-USDT-SWAP,1336729.0,1757901306907
2025-09-15 01:55:06.912000+00:00,RESOLV-USDT-SWAP,24453420.0,1757901306912
2025-09-15 01:55:06.927000+00:00,RSR-USDT-SWAP,253313100.0,1757901306927
2025-09-15 01:55:06.936000+00:00,RVN-USDT-SWAP,70807750.0,1757901306936
2025-09-15 01:55:07.042000+00:00,S-USDT-SWAP,11864250.0,1757901307042
2025-09-15 01:55:06.907000+00:00,SAHARA-USDT-SWAP,41404570.0,1757901306907
2025-09-15 01:55:06.908000+00:00,SAND-USDT-SWAP,17951600.0,1757901306908
2025-09-15 01:55:07.022000+00:00,SATS-USDT-SWAP,204021080000000.0,1757901307022
2025-09-15 01:55:07.525000+00:00,SCR-USDT-SWAP,2707748.0,1757901307525
2025-09-15 01:55:07.550000+00:00,SHELL-USDT-SWAP,5406800.0,1757901307550
2025-09-15 01:55:07.486000+00:00,SHIB-USDT-SWAP,1761415500000.0005,1757901307486
2025-09-15 01:55:07.482000+00:00,SIGN-USDT-SWAP,43435000.0,1757901307482
2025-09-15 01:55:07.511000+00:00,SLP-USDT-SWAP,416912140.0,1757901307511
2025-09-15 01:55:07.663000+00:00,SNX-USDT-SWAP,2443153.0,1757901307663
2025-09-15 01:55:07.502000+00:00,SOL-USDT-SWAP,3503256.9300000016,1757901307502
2025-09-15 01:55:07.484000+00:00,SOLV-USDT-SWAP,56379100.0,1757901307484
2025-09-15 01:55:07.626000+00:00,SONIC-USDT-SWAP,7685629.0,1757901307626
2025-09-15 01:55:07.610000+00:00,SOON-USDT-SWAP,7715960.0,1757901307610
2025-09-15 01:55:08.126000+00:00,SOPH-USDT-SWAP,75652500.0,1757901308126
2025-09-15 01:55:08.120000+00:00,SPK-USDT-SWAP,108522100.0,1757901308120
2025-09-15 01:55:08.103000+00:00,SPX-USDT-SWAP,990391.0,1757901308103
2025-09-15 01:55:08.095000+00:00,SSV-USDT-SWAP,312154.5,1757901308095
2025-09-15 01:55:08.123000+00:00,STORJ-USDT-SWAP,5444200.0,1757901308123
2025-09-15 01:55:08.188000+00:00,STRK-USDT-SWAP,23952032.0,1757901308188
2025-09-15 01:55:08.130000+00:00,STX-USDT-SWAP,6660883.999999999,1757901308130
2025-09-15 01:55:08.091000+00:00,SUI-USDT-SWAP,20647765.0,1757901308091
2025-09-15 01:55:08.112000+00:00,SUSHI-USDT-SWAP,8674071.0,1757901308112
2025-09-15 01:55:08.136000+00:00,SWARMS-USDT-SWAP,79733830.0,1757901308136
2025-09-15 01:55:08.630000+00:00,SYRUP-USDT-SWAP,2427830.0,1757901308630
2025-09-15 01:55:08.655000+00:00,T-USDT-SWAP,45475700.0,1757901308655
2025-09-15 01:55:08.642000+00:00,TAO-USDT-SWAP,13538.2,1757901308642
2025-09-15 01:55:08.644000+00:00,THETA-USDT-SWAP,3078881.000000001,1757901308644
2025-09-15 01:55:08.772000+00:00,TIA-USDT-SWAP,5419587.0,1757901308772
2025-09-15 01:55:08.667000+00:00,TNSR-USDT-SWAP,8443610.0,1757901308667
2025-09-15 01:55:08.854000+00:00,TON-USDT-SWAP,8929397.0,1757901308854
2025-09-15 01:55:08.709000+00:00,TRB-USDT-SWAP,250730.2,1757901308709
2025-09-15 01:55:08.646000+00:00,TREE-USDT-SWAP,9120641.0,1757901308646
2025-09-15 01:55:08.764000+00:00,TRUMP-USDT-SWAP,5512498.4,1757901308764
2025-09-15 01:55:09.296000+00:00,TRX-USDT-SWAP,92939950.00000006,1757901309296
2025-09-15 01:55:09.418000+00:00,TURBO-USDT-SWAP,947789000.0,1757901309418
2025-09-15 01:55:09.300000+00:00,UMA-USDT-SWAP,1435754.7,1757901309300
2025-09-15 01:55:09.301000+00:00,UNI-USDT-SWAP,3808587.0,1757901309301
2025-09-15 01:55:09.314000+00:00,USDC-USDT-SWAP,1005420.0,1757901309314
2025-09-15 01:55:09.312000+00:00,USELESS-USDT-SWAP,11439730.0,1757901309312
2025-09-15 01:55:09.441000+00:00,USTC-USDT-SWAP,109447200.0,1757901309441
2025-09-15 01:55:09.298000+00:00,UXLINK-USDT-SWAP,6607720.0,1757901309298
2025-09-15 01:55:09.301000+00:00,VANA-USDT-SWAP,140192.8,1757901309301
2025-09-15 01:55:09.297000+00:00,VINE-USDT-SWAP,114627300.0,1757901309297
2025-09-15 01:55:09.876000+00:00,VIRTUAL-USDT-SWAP,3739835.0,1757901309876
2025-09-15 01:55:09.890000+00:00,W-USDT-SWAP,48870048.0,1757901309890
2025-09-15 01:55:09.896000+00:00,WAL-USDT-SWAP,2235220.0,1757901309896
2025-09-15 01:55:09.890000+00:00,WCT-USDT-SWAP,10219820.0,1757901309890
2025-09-15 01:55:09.909000+00:00,WIF-USDT-SWAP,16828981.0,1757901309909
2025-09-15 01:55:10.020000+00:00,WLD-USDT-SWAP,29684708.0,1757901310020
2025-09-15 01:55:09.876000+00:00,WLFI-USDT-SWAP,273390300.0,1757901309876
2025-09-15 01:55:09.882000+00:00,WOO-USDT-SWAP,20505510.0,1757901309882
2025-09-15 01:55:09.886000+00:00,XAUT-USDT-SWAP,5251.198,1757901309886
2025-09-15 01:55:10.447000+00:00,XLM-USDT-SWAP,42502750.0,1757901310447
2025-09-15 01:55:10.469000+00:00,XPL-USDT-SWAP,6766320.0,1757901310469
2025-09-15 01:55:10.464000+00:00,XRP-USDT-SWAP,95695731.99999997,1757901310464
2025-09-15 01:55:10.558000+00:00,XTZ-USDT-SWAP,5656580.0,1757901310558
2025-09-15 01:55:10.470000+00:00,YFI-USDT-SWAP,373.4557,1757901310470
2025-09-15 01:55:10.543000+00:00,YGG-USDT-SWAP,41424347.0,1757901310543
2025-09-15 01:55:10.477000+00:00,ZENT-USDT-SWAP,179922200.0,1757901310477
2025-09-15 01:55:10.582000+00:00,ZETA-USDT-SWAP,5504020.0,1757901310582
2025-09-15 01:55:10.460000+00:00,ZIL-USDT-SWAP,166331600.0,1757901310460
2025-09-15 01:55:11.017000+00:00,ZK-USDT-SWAP,49994350.0,1757901311017
2025-09-15 01:55:11.036000+00:00,ZRO-USDT-SWAP,1706680.0,1757901311036
2025-09-15 01:55:11.043000+00:00,ZRX-USDT-SWAP,7437190.0,1757901311043
2025-09-15 01:56:11.814000+00:00,1INCH-USDT-SWAP,7446148.0,1757901371814
2025-09-15 01:56:11.907000+00:00,A-USDT-SWAP,10753050.0,1757901371907
2025-09-15 01:56:11.817000+00:00,AAVE-USDT-SWAP,137250.53000000006,1757901371817
2025-09-15 01:56:11.838000+00:00,ACE-USDT-SWAP,2959773.0,1757901371838
2025-09-15 01:56:11.862000+00:00,ACH-USDT-SWAP,88633600.0,1757901371862
2025-09-15 01:56:11.849000+00:00,ACT-USDT-SWAP,87655547.0,1757901371849
2025-09-15 01:56:11.764000+00:00,ADA-USDT-SWAP,84121600.00000007,1757901371764
2025-09-15 01:56:11.817000+00:00,AERO-USDT-SWAP,1834770.0,1757901371817
2025-09-15 01:56:11.764000+00:00,AEVO-USDT-SWAP,13909065.0,1757901371764
2025-09-15 01:56:11.829000+00:00,AGLD-USDT-SWAP,2056554.0,1757901371829
2025-09-15 01:56:12.340000+00:00,AI16Z-USDT-SWAP,52211965.0,1757901372340
2025-09-15 01:56:12.354000+00:00,AIXBT-USDT-SWAP,23409660.0,1757901372354
2025-09-15 01:56:12.367000+00:00,ALGO-USDT-SWAP,28870200.0,1757901372367
2025-09-15 01:56:12.369000+00:00,ANIME-USDT-SWAP,94431200.0,1757901372369
2025-09-15 01:56:12.450000+00:00,APE-USDT-SWAP,8178169.7,1757901372450
2025-09-15 01:56:12.377000+00:00,API3-USDT-SWAP,2459081.0,1757901372377
2025-09-15 01:56:12.343000+00:00,APT-USDT-SWAP,3743365.0,1757901372343
2025-09-15 01:56:12.344000+00:00,AR-USDT-SWAP,519386.3,1757901372344
2025-09-15 01:56:12.363000+00:00,ARB-USDT-SWAP,33899901.99999999,1757901372363
2025-09-15 01:56:12.881000+00:00,ARC-USDT-SWAP,77726670.0,1757901372881
2025-09-15 01:56:12.903000+00:00,ARKM-USDT-SWAP,3763668.0,1757901372903
2025-09-15 01:56:12.881000+00:00,ATH-USDT-SWAP,181262300.0,1757901372881
2025-09-15 01:56:12.909000+00:00,ATOM-USDT-SWAP,1916215.0,1757901372909
2025-09-15 01:56:12.903000+00:00,AUCTION-USDT-SWAP,215517.2,1757901372903
2025-09-15 01:56:12.915000+00:00,AVAAI-USDT-SWAP,74558870.0,1757901372915
2025-09-15 01:56:12.910000+00:00,AVAX-USDT-SWAP,2105412.4,1757901372910
2025-09-15 01:56:12.902000+00:00,AXS-USDT-SWAP,1153266.1,1757901372902
2025-09-15 01:56:12.966000+00:00,BABY-USDT-SWAP,35411490.0,1757901372966
2025-09-15 01:56:13.022000+00:00,BAND-USDT-SWAP,1379081.0,1757901373022
2025-09-15 01:56:13.509000+00:00,BAT-USDT-SWAP,5026320.0,1757901373509
2025-09-15 01:56:13.488000+00:00,BCH-USDT-SWAP,66484.07999999999,1757901373488
2025-09-15 01:56:13.471000+00:00,BERA-USDT-SWAP,2537207.9,1757901373471
2025-09-15 01:56:13.493000+00:00,BICO-USDT-SWAP,8011162.0,1757901373493
2025-09-15 01:56:13.490000+00:00,BIGTIME-USDT-SWAP,39296200.0,1757901373490
2025-09-15 01:56:13.501000+00:00,BIO-USDT-SWAP,60090400.0,1757901373501
2025-09-15 01:56:13.502000+00:00,BLUR-USDT-SWAP,26108670.0,1757901373502
2025-09-15 01:56:13.464000+00:00,BNB-USDT-SWAP,104985.39,1757901373464
2025-09-15 01:56:13.474000+00:00,BNT-USDT-SWAP,717410.0,1757901373474
2025-09-15 01:56:14.126000+00:00,BOME-USDT-SWAP,1359204000.0,1757901374126
2025-09-15 01:56:14.573000+00:00,BONK-USDT-SWAP,503347400000.0,1757901374573
2025-09-15 01:56:14.582000+00:00,BRETT-USDT-SWAP,15085400.0,1757901374582
2025-09-15 01:56:14.571000+00:00,BTC-USDT-SWAP,26530.87890000006,1757901374571
2025-09-15 01:56:14.584000+00:00,CAT-USDT-SWAP,153433400000.0,1757901374584
2025-09-15 01:56:14.587000+00:00,CATI-USDT-SWAP,13126751.0,1757901374587
2025-09-15 01:56:14.715000+00:00,CELO-USDT-SWAP,4658356.0,1757901374715
2025-09-15 01:56:14.591000+00:00,CETUS-USDT-SWAP,22901770.0,1757901374591
2025-09-15 01:56:14.567000+00:00,CFX-USDT-SWAP,73722060.0,1757901374567
2025-09-15 01:56:14.569000+00:00,CHZ-USDT-SWAP,79507400.0,1757901374569
2025-09-15 01:56:14.624000+00:00,COMP-USDT-SWAP,85308.9,1757901374624
2025-09-15 01:56:15.175000+00:00,COOKIE-USDT-SWAP,4128260.0,1757901375175
2025-09-15 01:56:15.166000+00:00,CORE-USDT-SWAP,9708347.0,1757901375166
2025-09-15 01:56:15.166000+00:00,CRO-USDT-SWAP,58709410.0,1757901375166
2025-09-15 01:56:15.168000+00:00,CRV-USDT-SWAP,23995908.0,1757901375168
2025-09-15 01:56:15.173000+00:00,CTC-USDT-SWAP,1798080.0,1757901375173
2025-09-15 01:56:15.177000+00:00,CVC-USDT-SWAP,8837300.0,1757901375177
2025-09-15 01:56:15.190000+00:00,CVX-USDT-SWAP,358014.0,1757901375190
2025-09-15 01:56:15.224000+00:00,DEGEN-USDT-SWAP,312095800.0,1757901375224
2025-09-15 01:56:15.703000+00:00,DOGE-USDT-SWAP,1815077440.0000005,1757901375703
2025-09-15 01:56:15.700000+00:00,DOGS-USDT-SWAP,17038698000.0,1757901375700
2025-09-15 01:56:15.678000+00:00,DOOD-USDT-SWAP,181210000.0,1757901375678
2025-09-15 01:56:15.702000+00:00,DOT-USDT-SWAP,6393532.0,1757901375702
2025-09-15 01:56:15.706000+00:00,DUCK-USDT-SWAP,675682000.0,1757901375706
2025-09-15 01:56:15.730000+00:00,DYDX-USDT-SWAP,11537709.0,1757901375730
2025-09-15 01:56:15.707000+00:00,EGLD-USDT-SWAP,128219.2,1757901375707
2025-09-15 01:56:15.676000+00:00,EIGEN-USDT-SWAP,3426673.0,1757901375676
2025-09-15 01:56:15.765000+00:00,ENJ-USDT-SWAP,13955580.0,1757901375765
2025-09-15 01:56:15.809000+00:00,ENS-USDT-SWAP,325854.1,1757901375809
2025-09-15 01:56:16.266000+00:00,ETC-USDT-SWAP,1130393.9000000006,1757901376266
2025-09-15 01:56:16.264000+00:00,ETH-USDT-SWAP,780232.558000002,1757901376264
2025-09-15 01:56:16.253000+00:00,ETHFI-USDT-SWAP,8159564.0,1757901376253
2025-09-15 01:56:16.274000+00:00,ETHW-USDT-SWAP,1242859.2,1757901376274
2025-09-15 01:56:16.271000+00:00,FARTCOIN-USDT-SWAP,20079969.0,1757901376271
2025-09-15 01:56:16.276000+00:00,FIL-USDT-SWAP,14286376.9,1757901376276
2025-09-15 01:56:16.342000+00:00,FLM-USDT-SWAP,41916670.0,1757901376342
2025-09-15 01:56:16.247000+00:00,FLOKI-USDT-SWAP,40971500000.0,1757901376247
2025-09-15 01:56:16.256000+00:00,FLOW-USDT-SWAP,5048210.0,1757901376256
2025-09-15 01:56:16.270000+00:00,FXS-USDT-SWAP,391238.0,1757901376270
2025-09-15 01:56:16.783000+00:00,GALA-USDT-SWAP,447794830.0,1757901376783
2025-09-15 01:56:16.791000+00:00,GAS-USDT-SWAP,359731.0,1757901376791
2025-09-15 01:56:16.786000+00:00,GLM-USDT-SWAP,2992170.0,1757901376786
2025-09-15 01:56:16.792000+00:00,GMT-USDT-SWAP,42723429.0,1757901376792
2025-09-15 01:56:16.801000+00:00,GMX-USDT-SWAP,61365.5,1757901376801
2025-09-15 01:56:16.800000+00:00,GOAT-USDT-SWAP,31955600.0,1757901376800
2025-09-15 01:56:16.804000+00:00,GODS-USDT-SWAP,6714637.0,1757901376804
2025-09-15 01:56:16.778000+00:00,GPS-USDT-SWAP,153264720.0,1757901376778
2025-09-15 01:56:16.784000+00:00,GRASS-USDT-SWAP,2769996.0,1757901376784
2025-09-15 01:56:16.813000+00:00,GRIFFAIN-USDT-SWAP,28815150.0,1757901376813
2025-09-15 01:56:17.256000+00:00,GRT-USDT-SWAP,22110200.0,1757901377256
2025-09-15 01:56:17.290000+00:00,H-USDT-SWAP,78650500.0,1757901377290
2025-09-15 01:56:17.293000+00:00,HBAR-USDT-SWAP,77546760.0,1757901377293
2025-09-15 01:56:17.283000+00:00,HMSTR-USDT-SWAP,1083823200.0,1757901377283
2025-09-15 01:56:17.276000+00:00,HOME-USDT-SWAP,22084700.0,1757901377276
2025-09-15 01:56:17.394000+00:00,HUMA-USDT-SWAP,68327900.0,1757901377394
2025-09-15 01:56:17.292000+00:00,HYPE-USDT-SWAP,893526.1,1757901377292
2025-09-15 01:56:17.269000+00:00,ICP-USDT-SWAP,1506399.86,1757901377269
2025-09-15 01:56:17.349000+00:00,ICX-USDT-SWAP,5903180.0,1757901377349
2025-09-15 01:56:17.284000+00:00,IMX-USDT-SWAP,7213286.0,1757901377284
2025-09-15 01:56:17.843000+00:00,INIT-USDT-SWAP,2463340.0,1757901377843
2025-09-15 01:56:17.855000+00:00,INJ-USDT-SWAP,902431.4,1757901377855
2025-09-15 01:56:17.899000+00:00,IOST-USDT-SWAP,280731000.0,1757901377899
2025-09-15 01:56:17.863000+00:00,IOTA-USDT-SWAP,15541240.0,1757901377863
2025-09-15 01:56:17.994000+00:00,IP-USDT-SWAP,2448088.0,1757901377994
2025-09-15 01:56:17.853000+00:00,JELLYJELLY-USDT-SWAP,178911000.0,1757901377853
2025-09-15 01:56:17.854000+00:00,JOE-USDT-SWAP,5900620.0,1757901377854
2025-09-15 01:56:17.838000+00:00,JTO-USDT-SWAP,4164380.0,1757901377838
2025-09-15 01:56:17.867000+00:00,JUP-USDT-SWAP,15206000.0,1757901377867
2025-09-15 01:56:18.440000+00:00,KAITO-USDT-SWAP,4362225.0,1757901378440
2025-09-15 01:56:18.447000+00:00,KMNO-USDT-SWAP,27822600.0,1757901378447
2025-09-15 01:56:18.457000+00:00,KSM-USDT-SWAP,130049.0,1757901378457
2025-09-15 01:56:18.444000+00:00,LA-USDT-SWAP,2814970.0,1757901378444
2025-09-15 01:56:18.519000+00:00,LAUNCHCOIN-USDT-SWAP,51230960.0,1757901378519
2025-09-15 01:56:18.469000+00:00,LAYER-USDT-SWAP,5931159.0,1757901378469
2025-09-15 01:56:18.454000+00:00,LDO-USDT-SWAP,14182680.0,1757901378454
2025-09-15 01:56:18.481000+00:00,LINK-USDT-SWAP,2583397.6999999997,1757901378481
2025-09-15 01:56:18.432000+00:00,LPT-USDT-SWAP,712213.9,1757901378432
2025-09-15 01:56:18.502000+00:00,LQTY-USDT-SWAP,1562205.0,1757901378502
2025-09-15 01:56:18.953000+00:00,LRC-USDT-SWAP,17852360.0,1757901378953
2025-09-15 01:56:18.985000+00:00,LTC-USDT-SWAP,700844.3999999998,1757901378985
2025-09-15 01:56:18.951000+00:00,LUNA-USDT-SWAP,16362584.0,1757901378951
2025-09-15 01:56:19.110000+00:00,LUNC-USDT-SWAP,28323680000.0,1757901379110
2025-09-15 01:56:19.115000+00:00,MAGIC-USDT-SWAP,17805109.0,1757901379115
2025-09-15 01:56:18.978000+00:00,MAJOR-USDT-SWAP,5424542.0,1757901378978
2025-09-15 01:56:18.975000+00:00,MANA-USDT-SWAP,11361910.0,1757901378975
2025-09-15 01:56:18.968000+00:00,MASK-USDT-SWAP,3005575.0,1757901378968
2025-09-15 01:56:18.959000+00:00,ME-USDT-SWAP,3624275.0,1757901378959
2025-09-15 01:56:19.090000+00:00,MEME-USDT-SWAP,1382268800.0,1757901379090
2025-09-15 01:56:19.556000+00:00,MERL-USDT-SWAP,46058020.0,1757901379556
2025-09-15 01:56:19.565000+00:00,METIS-USDT-SWAP,106270.8,1757901379565
2025-09-15 01:56:19.628000+00:00,MEW-USDT-SWAP,1150528000.0,1757901379628
2025-09-15 01:56:19.578000+00:00,MINA-USDT-SWAP,7436170.0,1757901379578
2025-09-15 01:56:19.572000+00:00,MOG-USDT-SWAP,659323000000.0,1757901379572
2025-09-15 01:56:19.576000+00:00,MOODENG-USDT-SWAP,67657510.0,1757901379576
2025-09-15 01:56:19.548000+00:00,MORPHO-USDT-SWAP,1485464.0,1757901379548
2025-09-15 01:56:19.567000+00:00,MOVE-USDT-SWAP,26403850.0,1757901379567
2025-09-15 01:56:19.575000+00:00,MUBARAK-USDT-SWAP,12522000.0,1757901379575
2025-09-15 01:56:20.115000+00:00,NEAR-USDT-SWAP,5333928.000000001,1757901380115
2025-09-15 01:56:20.253000+00:00,NEIRO-USDT-SWAP,10476906000.0,1757901380253
2025-09-15 01:56:20.133000+00:00,NEO-USDT-SWAP,354855.0,1757901380133
2025-09-15 01:56:20.139000+00:00,NEWT-USDT-SWAP,3060470.0,1757901380139
2025-09-15 01:56:20.145000+00:00,NMR-USDT-SWAP,395533.2,1757901380145
2025-09-15 01:56:20.146000+00:00,NOT-USDT-SWAP,1629892400.0,1757901380146
2025-09-15 01:56:20.116000+00:00,NXPC-USDT-SWAP,1198800.0,1757901380116
2025-09-15 01:56:20.125000+00:00,OL-USDT-SWAP,76306010.0,1757901380125
2025-09-15 01:56:20.191000+00:00,OM-USDT-SWAP,23533205.999999996,1757901380191
2025-09-15 01:56:20.692000+00:00,ONDO-USDT-SWAP,22900170.0,1757901380692
2025-09-15 01:56:20.706000+00:00,ONE-USDT-SWAP,85970300.0,1757901380706
2025-09-15 01:56:20.702000+00:00,ONT-USDT-SWAP,10966320.0,1757901380702
2025-09-15 01:56:20.708000+00:00,OP-USDT-SWAP,26042931.0,1757901380708
2025-09-15 01:56:20.720000+00:00,ORBS-USDT-SWAP,27107800.0,1757901380720
2025-09-15 01:56:20.716000+00:00,ORDI-USDT-SWAP,1385509.7,1757901380716
2025-09-15 01:56:20.726000+00:00,PARTI-USDT-SWAP,15164760.0,1757901380726
2025-09-15 01:56:20.782000+00:00,PENGU-USDT-SWAP,629924100.0,1757901380782
2025-09-15 01:56:20.741000+00:00,PEOPLE-USDT-SWAP,387870500.0,1757901380741
2025-09-15 01:56:20.718000+00:00,PEPE-USDT-SWAP,8297445000000.003,1757901380718
2025-09-15 01:56:21.215000+00:00,PERP-USDT-SWAP,3214354.0,1757901381215
2025-09-15 01:56:21.227000+00:00,PI-USDT-SWAP,33491804.0,1757901381227
2025-09-15 01:56:21.215000+00:00,PLUME-USDT-SWAP,23158540.0,1757901381215
2025-09-15 01:56:21.237000+00:00,PNUT-USDT-SWAP,42512350.0,1757901381237
2025-09-15 01:56:21.247000+00:00,POL-USDT-SWAP,36626190.0,1757901381247
2025-09-15 01:56:21.241000+00:00,POPCAT-USDT-SWAP,10018260.0,1757901381241
2025-09-15 01:56:21.259000+00:00,PRCL-USDT-SWAP,25585262.0,1757901381259
2025-09-15 01:56:21.212000+00:00,PROMPT-USDT-SWAP,34484770.0,1757901381212
2025-09-15 01:56:21.262000+00:00,PUMP-USDT-SWAP,6818074000.0,1757901381262
2025-09-15 01:56:21.243000+00:00,PYTH-USDT-SWAP,48702140.0,1757901381243
2025-09-15 01:56:21.711000+00:00,QTUM-USDT-SWAP,1193746.0,1757901381711
2025-09-15 01:56:21.840000+00:00,RAY-USDT-SWAP,1150554.0,1757901381840
2025-09-15 01:56:21.720000+00:00,RENDER-USDT-SWAP,1336788.0,1757901381720
2025-09-15 01:56:21.741000+00:00,RESOLV-USDT-SWAP,24452720.0,1757901381741
2025-09-15 01:56:21.733000+00:00,RSR-USDT-SWAP,253310300.0,1757901381733
2025-09-15 01:56:21.736000+00:00,RVN-USDT-SWAP,70807750.0,1757901381736
2025-09-15 01:56:21.732000+00:00,S-USDT-SWAP,11864180.0,1757901381732
2025-09-15 01:56:21.723000+00:00,SAHARA-USDT-SWAP,41417650.0,1757901381723
2025-09-15 01:56:21.721000+00:00,SAND-USDT-SWAP,17963400.0,1757901381721
2025-09-15 01:56:21.735000+00:00,SATS-USDT-SWAP,204075220000000.0,1757901381735
2025-09-15 01:56:22.271000+00:00,SCR-USDT-SWAP,2706980.0,1757901382271
2025-09-15 01:56:22.295000+00:00,SHELL-USDT-SWAP,5406780.0,1757901382295
2025-09-15 01:56:22.267000+00:00,SHIB-USDT-SWAP,1762246200000.0002,1757901382267
2025-09-15 01:56:22.310000+00:00,SIGN-USDT-SWAP,43433600.0,1757901382310
2025-09-15 01:56:22.303000+00:00,SLP-USDT-SWAP,417062870.0,1757901382303
2025-09-15 01:56:22.303000+00:00,SNX-USDT-SWAP,2444358.0,1757901382303
2025-09-15 01:56:22.292000+00:00,SOL-USDT-SWAP,3503346.980000002,1757901382292
2025-09-15 01:56:22.279000+00:00,SOLV-USDT-SWAP,56404100.0,1757901382279
2025-09-15 01:56:22.352000+00:00,SONIC-USDT-SWAP,7684431.0,1757901382352
2025-09-15 01:56:22.294000+00:00,SOON-USDT-SWAP,7715930.0,1757901382294
2025-09-15 01:56:22.778000+00:00,SOPH-USDT-SWAP,75661400.0,1757901382778
2025-09-15 01:56:22.808000+00:00,SPK-USDT-SWAP,108500500.0,1757901382808
2025-09-15 01:56:22.792000+00:00,SPX-USDT-SWAP,990355.0,1757901382792
2025-09-15 01:56:22.803000+00:00,SSV-USDT-SWAP,312151.4,1757901382803
2025-09-15 01:56:22.847000+00:00,STORJ-USDT-SWAP,5444600.0,1757901382847
2025-09-15 01:56:22.904000+00:00,STRK-USDT-SWAP,23952023.0,1757901382904
2025-09-15 01:56:22.807000+00:00,STX-USDT-SWAP,6660905.999999999,1757901382807
2025-09-15 01:56:22.788000+00:00,SUI-USDT-SWAP,20648267.0,1757901382788
2025-09-15 01:56:22.794000+00:00,SUSHI-USDT-SWAP,8674180.0,1757901382794
2025-09-15 01:56:22.819000+00:00,SWARMS-USDT-SWAP,79780240.0,1757901382819
2025-09-15 01:56:23.343000+00:00,SYRUP-USDT-SWAP,2427230.0,1757901383343
2025-09-15 01:56:23.474000+00:00,T-USDT-SWAP,45475800.0,1757901383474
2025-09-15 01:56:23.343000+00:00,TAO-USDT-SWAP,13539.01,1757901383343
2025-09-15 01:56:23.436000+00:00,THETA-USDT-SWAP,3080893.000000001,1757901383436
2025-09-15 01:56:23.372000+00:00,TIA-USDT-SWAP,5417466.0,1757901383372
2025-09-15 01:56:23.363000+00:00,TNSR-USDT-SWAP,8443613.0,1757901383363
2025-09-15 01:56:23.361000+00:00,TON-USDT-SWAP,8929417.0,1757901383361
2025-09-15 01:56:23.373000+00:00,TRB-USDT-SWAP,250573.1,1757901383373
2025-09-15 01:56:23.525000+00:00,TREE-USDT-SWAP,9130234.0,1757901383525
2025-09-15 01:56:23.375000+00:00,TRUMP-USDT-SWAP,5512607.0,1757901383375
2025-09-15 01:56:23.973000+00:00,TRX-USDT-SWAP,92948840.00000006,1757901383973
2025-09-15 01:56:23.983000+00:00,TURBO-USDT-SWAP,947781000.0,1757901383983
2025-09-15 01:56:23.969000+00:00,UMA-USDT-SWAP,1435867.6,1757901383969
2025-09-15 01:56:23.988000+00:00,UNI-USDT-SWAP,3809387.0,1757901383988
2025-09-15 01:56:24.009000+00:00,USDC-USDT-SWAP,1005420.0,1757901384009
2025-09-15 01:56:23.988000+00:00,USELESS-USDT-SWAP,11439790.0,1757901383988
2025-09-15 01:56:24.037000+00:00,USTC-USDT-SWAP,109491200.0,1757901384037
2025-09-15 01:56:23.976000+00:00,UXLINK-USDT-SWAP,6608500.0,1757901383976
2025-09-15 01:56:24.020000+00:00,VANA-USDT-SWAP,140203.1,1757901384020
2025-09-15 01:56:24.069000+00:00,VINE-USDT-SWAP,114589120.0,1757901384069
2025-09-15 01:56:24.501000+00:00,VIRTUAL-USDT-SWAP,3739675.0,1757901384501
2025-09-15 01:56:24.555000+00:00,W-USDT-SWAP,48902966.0,1757901384555
2025-09-15 01:56:24.502000+00:00,WAL-USDT-SWAP,2235130.0,1757901384502
2025-09-15 01:56:24.522000+00:00,WCT-USDT-SWAP,10209850.0,1757901384522
2025-09-15 01:56:24.532000+00:00,WIF-USDT-SWAP,16822654.0,1757901384532
2025-09-15 01:56:24.522000+00:00,WLD-USDT-SWAP,29685835.0,1757901384522
2025-09-15 01:56:24.553000+00:00,WLFI-USDT-SWAP,273674210.0,1757901384553
2025-09-15 01:56:24.508000+00:00,WOO-USDT-SWAP,20505400.0,1757901384508
2025-09-15 01:56:24.527000+00:00,XAUT-USDT-SWAP,5251.651,1757901384527
2025-09-15 01:56:24.986000+00:00,XLM-USDT-SWAP,42500000.0,1757901384986
2025-09-15 01:56:25.006000+00:00,XPL-USDT-SWAP,6768910.0,1757901385006
2025-09-15 01:56:24.989000+00:00,XRP-USDT-SWAP,95700760.99999997,1757901384989
2025-09-15 01:56:25.004000+00:00,XTZ-USDT-SWAP,5656405.0,1757901385004
2025-09-15 01:56:25.008000+00:00,YFI-USDT-SWAP,373.4614,1757901385008
2025-09-15 01:56:25.017000+00:00,YGG-USDT-SWAP,41453921.0,1757901385017
2025-09-15 01:56:25.027000+00:00,ZENT-USDT-SWAP,179905800.0,1757901385027
2025-09-15 01:56:25.072000+00:00,ZETA-USDT-SWAP,5504020.0,1757901385072
2025-09-15 01:56:25.023000+00:00,ZIL-USDT-SWAP,166327600.0,1757901385023
2025-09-15 01:56:25.503000+00:00,ZK-USDT-SWAP,49992820.0,1757901385503
2025-09-15 01:56:25.522000+00:00,ZRO-USDT-SWAP,1706575.0,1757901385522
2025-09-15 01:56:25.686000+00:00,ZRX-USDT-SWAP,7436590.0,1757901385686
2025-09-15 01:57:26.462000+00:00,1INCH-USDT-SWAP,7444007.0,1757901446462
2025-09-15 01:57:26.431000+00:00,A-USDT-SWAP,10754790.0,1757901446431
2025-09-15 01:57:26.384000+00:00,AAVE-USDT-SWAP,137231.32000000004,1757901446384
2025-09-15 01:57:26.463000+00:00,ACE-USDT-SWAP,2960567.0,1757901446463
2025-09-15 01:57:26.391000+00:00,ACH-USDT-SWAP,88611300.0,1757901446391
2025-09-15 01:57:26.391000+00:00,ACT-USDT-SWAP,87707745.0,1757901446391
2025-09-15 01:57:26.429000+00:00,ADA-USDT-SWAP,84115190.00000009,1757901446429
2025-09-15 01:57:26.428000+00:00,AERO-USDT-SWAP,1834760.0,1757901446428
2025-09-15 01:57:26.397000+00:00,AEVO-USDT-SWAP,13907901.0,1757901446397
2025-09-15 01:57:26.417000+00:00,AGLD-USDT-SWAP,2057319.0,1757901446417
2025-09-15 01:57:27.007000+00:00,AI16Z-USDT-SWAP,52203237.0,1757901447007
2025-09-15 01:57:26.908000+00:00,AIXBT-USDT-SWAP,23405670.0,1757901446908
2025-09-15 01:57:26.908000+00:00,ALGO-USDT-SWAP,28868260.0,1757901446908
2025-09-15 01:57:26.898000+00:00,ANIME-USDT-SWAP,94629960.0,1757901446898
2025-09-15 01:57:27.085000+00:00,APE-USDT-SWAP,8173790.5,1757901447085
2025-09-15 01:57:26.919000+00:00,API3-USDT-SWAP,2460042.0,1757901446919
2025-09-15 01:57:26.903000+00:00,APT-USDT-SWAP,3742977.0,1757901446903
2025-09-15 01:57:26.915000+00:00,AR-USDT-SWAP,519383.2,1757901446915
2025-09-15 01:57:26.911000+00:00,ARB-USDT-SWAP,33901905.999999985,1757901446911
2025-09-15 01:57:27.538000+00:00,ARC-USDT-SWAP,77728570.0,1757901447538
2025-09-15 01:57:27.546000+00:00,ARKM-USDT-SWAP,3763634.0,1757901447546
2025-09-15 01:57:27.551000+00:00,ATH-USDT-SWAP,181006100.0,1757901447551
2025-09-15 01:57:27.547000+00:00,ATOM-USDT-SWAP,1917131.0,1757901447547
2025-09-15 01:57:27.544000+00:00,AUCTION-USDT-SWAP,215510.4,1757901447544
2025-09-15 01:57:27.532000+00:00,AVAAI-USDT-SWAP,74526300.0,1757901447532
2025-09-15 01:57:27.556000+00:00,AVAX-USDT-SWAP,2105348.9,1757901447556
2025-09-15 01:57:27.640000+00:00,AXS-USDT-SWAP,1153258.7,1757901447640
2025-09-15 01:57:27.570000+00:00,BABY-USDT-SWAP,35410350.0,1757901447570
2025-09-15 01:57:27.533000+00:00,BAND-USDT-SWAP,1378721.0,1757901447533
2025-09-15 01:57:28.158000+00:00,BAT-USDT-SWAP,5018810.0,1757901448158
2025-09-15 01:57:28.102000+00:00,BCH-USDT-SWAP,66499.84,1757901448102
2025-09-15 01:57:28.087000+00:00,BERA-USDT-SWAP,2535635.6,1757901448087
2025-09-15 01:57:28.863000+00:00,BICO-USDT-SWAP,8021106.0,1757901448863
2025-09-15 01:57:28.075000+00:00,BIGTIME-USDT-SWAP,39296090.0,1757901448075
2025-09-15 01:57:28.068000+00:00,BIO-USDT-SWAP,60058497.0,1757901448068
2025-09-15 01:57:28.105000+00:00,BLUR-USDT-SWAP,26109290.0,1757901448105
2025-09-15 01:57:28.089000+00:00,BNB-USDT-SWAP,105095.98,1757901448089
2025-09-15 01:57:28.087000+00:00,BNT-USDT-SWAP,717440.0,1757901448087
2025-09-15 01:57:28.088000+00:00,BOME-USDT-SWAP,1359180000.0,1757901448088
2025-09-15 01:57:29.310000+00:00,BONK-USDT-SWAP,503303800000.0,1757901449310
2025-09-15 01:57:29.471000+00:00,BRETT-USDT-SWAP,15085100.0,1757901449471
2025-09-15 01:57:29.303000+00:00,BTC-USDT-SWAP,26528.07210000006,1757901449303
2025-09-15 01:57:29.323000+00:00,CAT-USDT-SWAP,153433600000.0,1757901449323
2025-09-15 01:57:29.292000+00:00,CATI-USDT-SWAP,13119661.0,1757901449292
2025-09-15 01:57:29.298000+00:00,CELO-USDT-SWAP,4658684.0,1757901449298
2025-09-15 01:57:29.299000+00:00,CETUS-USDT-SWAP,22903090.0,1757901449299
2025-09-15 01:57:29.441000+00:00,CFX-USDT-SWAP,73697420.0,1757901449441
2025-09-15 01:57:29.912000+00:00,CHZ-USDT-SWAP,79507280.0,1757901449912
2025-09-15 01:57:30.080000+00:00,COMP-USDT-SWAP,85305.5,1757901450080
2025-09-15 01:57:30.728000+00:00,COOKIE-USDT-SWAP,4125870.0,1757901450728
2025-09-15 01:57:30.720000+00:00,CORE-USDT-SWAP,9709026.0,1757901450720
2025-09-15 01:57:30.528000+00:00,CRO-USDT-SWAP,58712150.0,1757901450528
2025-09-15 01:57:30.517000+00:00,CRV-USDT-SWAP,24002127.0,1757901450517
2025-09-15 01:57:30.525000+00:00,CTC-USDT-SWAP,1798090.0,1757901450525
2025-09-15 01:57:30.512000+00:00,CVC-USDT-SWAP,8837300.0,1757901450512
2025-09-15 01:57:30.528000+00:00,CVX-USDT-SWAP,358040.0,1757901450528
2025-09-15 01:57:30.611000+00:00,DEGEN-USDT-SWAP,311990500.0,1757901450611
2025-09-15 01:57:31.169000+00:00,DOGE-USDT-SWAP,1815377490.0000005,1757901451169
2025-09-15 01:57:31.177000+00:00,DOGS-USDT-SWAP,17038555000.0,1757901451177
2025-09-15 01:57:31.181000+00:00,DOOD-USDT-SWAP,181173000.0,1757901451181
2025-09-15 01:57:31.313000+00:00,DOT-USDT-SWAP,6394114.0,1757901451313
2025-09-15 01:57:31.190000+00:00,DUCK-USDT-SWAP,675635700.0,1757901451190
2025-09-15 01:57:31.174000+00:00,DYDX-USDT-SWAP,11533273.0,1757901451174
2025-09-15 01:57:31.169000+00:00,EGLD-USDT-SWAP,128170.8,1757901451169
2025-09-15 01:57:31.166000+00:00,EIGEN-USDT-SWAP,3428999.0,1757901451166
2025-09-15 01:57:31.180000+00:00,ENJ-USDT-SWAP,13954280.0,1757901451180
2025-09-15 01:57:31.188000+00:00,ENS-USDT-SWAP,325813.7,1757901451188
2025-09-15 01:57:31.756000+00:00,ETC-USDT-SWAP,1131253.1000000006,1757901451756
2025-09-15 01:57:31.772000+00:00,ETH-USDT-SWAP,780430.1780000019,1757901451772
2025-09-15 01:57:31.766000+00:00,ETHFI-USDT-SWAP,8158309.0,1757901451766
2025-09-15 01:57:31.753000+00:00,ETHW-USDT-SWAP,1242686.4,1757901451753
2025-09-15 01:57:31.757000+00:00,FARTCOIN-USDT-SWAP,20102273.0,1757901451757
2025-09-15 01:57:31.764000+00:00,FIL-USDT-SWAP,14288703.0,1757901451764
2025-09-15 01:57:31.837000+00:00,FLM-USDT-SWAP,41837080.0,1757901451837
2025-09-15 01:57:31.753000+00:00,FLOKI-USDT-SWAP,40971000000.0,1757901451753
2025-09-15 01:57:31.772000+00:00,FLOW-USDT-SWAP,5048930.0,1757901451772
2025-09-15 01:57:31.819000+00:00,FXS-USDT-SWAP,391192.0,1757901451819
2025-09-15 01:57:32.288000+00:00,GALA-USDT-SWAP,447713820.0,1757901452288
2025-09-15 01:57:32.279000+00:00,GAS-USDT-SWAP,359730.0,1757901452279
2025-09-15 01:57:32.282000+00:00,GLM-USDT-SWAP,2991570.0,1757901452282
2025-09-15 01:57:32.274000+00:00,GMT-USDT-SWAP,42721803.0,1757901452274
2025-09-15 01:57:32.269000+00:00,GMX-USDT-SWAP,61365.5,1757901452269
2025-09-15 01:57:32.303000+00:00,GOAT-USDT-SWAP,31958160.0,1757901452303
2025-09-15 01:57:32.290000+00:00,GODS-USDT-SWAP,6713882.0,1757901452290
2025-09-15 01:57:32.285000+00:00,GPS-USDT-SWAP,153198100.0,1757901452285
2025-09-15 01:57:32.309000+00:00,GRASS-USDT-SWAP,2769857.0,1757901452309
2025-09-15 01:57:32.278000+00:00,GRIFFAIN-USDT-SWAP,28814580.0,1757901452278
2025-09-15 01:57:32.862000+00:00,GRT-USDT-SWAP,22111220.0,1757901452862
2025-09-15 01:57:32.773000+00:00,H-USDT-SWAP,78964700.0,1757901452773
2025-09-15 01:57:32.817000+00:00,HBAR-USDT-SWAP,77552150.0,1757901452817
2025-09-15 01:57:32.756000+00:00,HMSTR-USDT-SWAP,1084794900.0,1757901452756
2025-09-15 01:57:32.757000+00:00,HOME-USDT-SWAP,22148400.0,1757901452757
2025-09-15 01:57:32.756000+00:00,HUMA-USDT-SWAP,68536300.0,1757901452756
2025-09-15 01:57:32.759000+00:00,HYPE-USDT-SWAP,893793.8,1757901452759
2025-09-15 01:57:32.893000+00:00,ICP-USDT-SWAP,1506631.66,1757901452893
2025-09-15 01:57:32.782000+00:00,ICX-USDT-SWAP,5894700.0,1757901452782
2025-09-15 01:57:32.764000+00:00,IMX-USDT-SWAP,7212112.0,1757901452764
2025-09-15 01:57:33.332000+00:00,INIT-USDT-SWAP,2463380.0,1757901453332
2025-09-15 01:57:33.352000+00:00,INJ-USDT-SWAP,902418.8,1757901453352
2025-09-15 01:57:33.490000+00:00,IOST-USDT-SWAP,280776000.0,1757901453490
2025-09-15 01:57:33.428000+00:00,IOTA-USDT-SWAP,15542720.0,1757901453428
2025-09-15 01:57:33.519000+00:00,IP-USDT-SWAP,2448529.0,1757901453519
2025-09-15 01:57:33.338000+00:00,JELLYJELLY-USDT-SWAP,178954400.0,1757901453338
2025-09-15 01:57:33.340000+00:00,JOE-USDT-SWAP,5896480.0,1757901453340
2025-09-15 01:57:33.353000+00:00,JTO-USDT-SWAP,4162583.0,1757901453353
2025-09-15 01:57:33.466000+00:00,JUP-USDT-SWAP,15205740.0,1757901453466
2025-09-15 01:57:33.960000+00:00,KAITO-USDT-SWAP,4363000.0,1757901453960
2025-09-15 01:57:33.958000+00:00,KMNO-USDT-SWAP,27691500.0,1757901453958
2025-09-15 01:57:33.976000+00:00,KSM-USDT-SWAP,130046.1,1757901453976
2025-09-15 01:57:33.953000+00:00,LA-USDT-SWAP,2812910.0,1757901453953
2025-09-15 01:57:33.951000+00:00,LAUNCHCOIN-USDT-SWAP,51200150.0,1757901453951
2025-09-15 01:57:33.957000+00:00,LAYER-USDT-SWAP,5931224.0,1757901453957
2025-09-15 01:57:33.962000+00:00,LDO-USDT-SWAP,14194838.0,1757901453962
2025-09-15 01:57:34.035000+00:00,LINK-USDT-SWAP,2584439.3,1757901454035
2025-09-15 01:57:34.069000+00:00,LPT-USDT-SWAP,712177.3,1757901454069
2025-09-15 01:57:33.969000+00:00,LQTY-USDT-SWAP,1562127.0,1757901453969
2025-09-15 01:57:34.525000+00:00,LRC-USDT-SWAP,17850600.0,1757901454525
2025-09-15 01:57:34.523000+00:00,LTC-USDT-SWAP,700732.5999999997,1757901454523
2025-09-15 01:57:34.528000+00:00,LUNA-USDT-SWAP,16362609.0,1757901454528
2025-09-15 01:57:34.509000+00:00,LUNC-USDT-SWAP,28332090000.0,1757901454509
2025-09-15 01:57:34.500000+00:00,MAGIC-USDT-SWAP,17807205.0,1757901454500
2025-09-15 01:57:34.511000+00:00,MAJOR-USDT-SWAP,5420632.0,1757901454511
2025-09-15 01:57:34.515000+00:00,MANA-USDT-SWAP,11379440.0,1757901454515
2025-09-15 01:57:34.503000+00:00,MASK-USDT-SWAP,3005657.0,1757901454503
2025-09-15 01:57:34.515000+00:00,ME-USDT-SWAP,3623363.0,1757901454515
2025-09-15 01:57:34.515000+00:00,MEME-USDT-SWAP,1382611700.0,1757901454515
2025-09-15 01:57:34.968000+00:00,MERL-USDT-SWAP,46080105.0,1757901454968
2025-09-15 01:57:35.096000+00:00,METIS-USDT-SWAP,106238.5,1757901455096
2025-09-15 01:57:34.977000+00:00,MEW-USDT-SWAP,1150662000.0,1757901454977
2025-09-15 01:57:35.114000+00:00,MINA-USDT-SWAP,7436024.0,1757901455114
2025-09-15 01:57:34.961000+00:00,MOG-USDT-SWAP,659541000000.0,1757901454961
2025-09-15 01:57:34.970000+00:00,MOODENG-USDT-SWAP,67588890.0,1757901454970
2025-09-15 01:57:34.959000+00:00,MORPHO-USDT-SWAP,1485708.0,1757901454959
2025-09-15 01:57:34.979000+00:00,MOVE-USDT-SWAP,26403910.0,1757901454979
2025-09-15 01:57:34.981000+00:00,MUBARAK-USDT-SWAP,12520300.0,1757901454981
2025-09-15 01:57:35.571000+00:00,NEAR-USDT-SWAP,5334267.000000001,1757901455571
2025-09-15 01:57:35.698000+00:00,NEIRO-USDT-SWAP,10477479000.0,1757901455698
2025-09-15 01:57:35.549000+00:00,NEO-USDT-SWAP,354708.0,1757901455549
2025-09-15 01:57:35.557000+00:00,NEWT-USDT-SWAP,3064700.0,1757901455557
2025-09-15 01:57:35.559000+00:00,NMR-USDT-SWAP,395493.3,1757901455559
2025-09-15 01:57:35.572000+00:00,NOT-USDT-SWAP,1630604400.0,1757901455572
2025-09-15 01:57:35.547000+00:00,NXPC-USDT-SWAP,1198798.0,1757901455547
2025-09-15 01:57:35.569000+00:00,OL-USDT-SWAP,76308640.0,1757901455569
2025-09-15 01:57:35.567000+00:00,OM-USDT-SWAP,23537798.999999996,1757901455567
2025-09-15 01:57:36.692000+00:00,ONDO-USDT-SWAP,22905520.0,1757901456692
2025-09-15 01:57:36.240000+00:00,ONE-USDT-SWAP,85966500.0,1757901456240
2025-09-15 01:57:36.148000+00:00,ONT-USDT-SWAP,10966250.0,1757901456148
2025-09-15 01:57:36.137000+00:00,OP-USDT-SWAP,26037879.0,1757901456137
2025-09-15 01:57:36.135000+00:00,ORBS-USDT-SWAP,27107800.0,1757901456135
2025-09-15 01:57:36.153000+00:00,ORDI-USDT-SWAP,1389590.7,1757901456153
2025-09-15 01:57:36.255000+00:00,PARTI-USDT-SWAP,15164740.0,1757901456255
2025-09-15 01:57:36.129000+00:00,PENGU-USDT-SWAP,630031200.0,1757901456129
2025-09-15 01:57:36.154000+00:00,PEOPLE-USDT-SWAP,388111300.0,1757901456154
2025-09-15 01:57:36.163000+00:00,PEPE-USDT-SWAP,8297470000000.003,1757901456163
2025-09-15 01:57:37.154000+00:00,PERP-USDT-SWAP,3214358.0,1757901457154
2025-09-15 01:57:37.141000+00:00,PI-USDT-SWAP,33531547.0,1757901457141
2025-09-15 01:57:37.135000+00:00,PLUME-USDT-SWAP,23166100.0,1757901457135
2025-09-15 01:57:37.234000+00:00,PNUT-USDT-SWAP,42473350.0,1757901457234
2025-09-15 01:57:37.165000+00:00,POL-USDT-SWAP,36631280.0,1757901457165
2025-09-15 01:57:37.121000+00:00,POPCAT-USDT-SWAP,10014020.0,1757901457121
2025-09-15 01:57:37.142000+00:00,PRCL-USDT-SWAP,25557162.0,1757901457142
2025-09-15 01:57:37.126000+00:00,PROMPT-USDT-SWAP,34506320.0,1757901457126
2025-09-15 01:57:37.142000+00:00,PUMP-USDT-SWAP,6824259000.0,1757901457142
2025-09-15 01:57:37.145000+00:00,PYTH-USDT-SWAP,48694960.0,1757901457145
2025-09-15 01:57:37.711000+00:00,QTUM-USDT-SWAP,1193777.0,1757901457711
2025-09-15 01:57:37.827000+00:00,RAY-USDT-SWAP,1150486.0,1757901457827
2025-09-15 01:57:37.796000+00:00,RENDER-USDT-SWAP,1336847.0,1757901457796
2025-09-15 01:57:37.684000+00:00,RESOLV-USDT-SWAP,24472700.0,1757901457684
2025-09-15 01:57:37.687000+00:00,RSR-USDT-SWAP,253264500.0,1757901457687
2025-09-15 01:57:37.665000+00:00,RVN-USDT-SWAP,70799940.0,1757901457665
2025-09-15 01:57:38.337000+00:00,S-USDT-SWAP,11865940.0,1757901458337
2025-09-15 01:57:37.694000+00:00,SAHARA-USDT-SWAP,41407450.0,1757901457694
2025-09-15 01:57:37.688000+00:00,SAND-USDT-SWAP,17983780.0,1757901457688
2025-09-15 01:57:38.300000+00:00,SATS-USDT-SWAP,204215610000000.0,1757901458300
2025-09-15 01:57:38.797000+00:00,SCR-USDT-SWAP,2706599.0,1757901458797
2025-09-15 01:57:38.810000+00:00,SHELL-USDT-SWAP,5410200.0,1757901458810
2025-09-15 01:57:38.797000+00:00,SHIB-USDT-SWAP,1762069600000.0005,1757901458797
2025-09-15 01:57:38.896000+00:00,SIGN-USDT-SWAP,43433200.0,1757901458896
2025-09-15 01:57:38.978000+00:00,SLP-USDT-SWAP,417085740.0,1757901458978
2025-09-15 01:57:38.794000+00:00,SNX-USDT-SWAP,2444434.0,1757901458794
2025-09-15 01:57:38.792000+00:00,SOL-USDT-SWAP,3503558.070000002,1757901458792
2025-09-15 01:57:38.801000+00:00,SOLV-USDT-SWAP,56414900.0,1757901458801
2025-09-15 01:57:38.800000+00:00,SONIC-USDT-SWAP,7684213.0,1757901458800
2025-09-15 01:57:38.799000+00:00,SOON-USDT-SWAP,7711380.0,1757901458799
2025-09-15 01:57:39.419000+00:00,SOPH-USDT-SWAP,75672900.0,1757901459419
2025-09-15 01:57:39.436000+00:00,SPK-USDT-SWAP,108462300.0,1757901459436
2025-09-15 01:57:39.429000+00:00,SPX-USDT-SWAP,990408.0,1757901459429
2025-09-15 01:57:39.420000+00:00,SSV-USDT-SWAP,312092.1,1757901459420
2025-09-15 01:57:39.427000+00:00,STORJ-USDT-SWAP,5448330.0,1757901459427
2025-09-15 01:57:39.424000+00:00,STRK-USDT-SWAP,23964943.0,1757901459424
2025-09-15 01:57:39.434000+00:00,STX-USDT-SWAP,6660517.999999999,1757901459434
2025-09-15 01:57:39.536000+00:00,SUI-USDT-SWAP,20647242.0,1757901459536
2025-09-15 01:57:39.432000+00:00,SUSHI-USDT-SWAP,8673778.0,1757901459432
2025-09-15 01:57:39.422000+00:00,SWARMS-USDT-SWAP,79780980.0,1757901459422
2025-09-15 01:57:39.986000+00:00,SYRUP-USDT-SWAP,2427020.0,1757901459986
2025-09-15 01:57:39.986000+00:00,T-USDT-SWAP,45474700.0,1757901459986
2025-09-15 01:57:39.988000+00:00,TAO-USDT-SWAP,13535.36,1757901459988
2025-09-15 01:57:39.975000+00:00,THETA-USDT-SWAP,3080889.000000001,1757901459975
2025-09-15 01:57:40.081000+00:00,TIA-USDT-SWAP,5417868.0,1757901460081
2025-09-15 01:57:39.991000+00:00,TNSR-USDT-SWAP,8442362.0,1757901459991
2025-09-15 01:57:39.988000+00:00,TON-USDT-SWAP,8932608.0,1757901459988
2025-09-15 01:57:39.985000+00:00,TRB-USDT-SWAP,250573.5,1757901459985
2025-09-15 01:57:39.994000+00:00,TREE-USDT-SWAP,9222111.0,1757901459994
2025-09-15 01:57:40.274000+00:00,TRUMP-USDT-SWAP,5511104.6,1757901460274
2025-09-15 01:57:40.945000+00:00,TRX-USDT-SWAP,92972390.00000004,1757901460945
2025-09-15 01:57:40.725000+00:00,TURBO-USDT-SWAP,947720000.0,1757901460725
2025-09-15 01:57:40.721000+00:00,UMA-USDT-SWAP,1436515.7,1757901460721
2025-09-15 01:57:40.716000+00:00,UNI-USDT-SWAP,3809961.0,1757901460716
2025-09-15 01:57:40.710000+00:00,USDC-USDT-SWAP,1005420.0,1757901460710
2025-09-15 01:57:40.989000+00:00,USELESS-USDT-SWAP,11443670.0,1757901460989
2025-09-15 01:57:40.734000+00:00,USTC-USDT-SWAP,109509800.0,1757901460734
2025-09-15 01:57:40.706000+00:00,UXLINK-USDT-SWAP,6607880.0,1757901460706
2025-09-15 01:57:40.723000+00:00,VANA-USDT-SWAP,139984.4,1757901460723
2025-09-15 01:57:40.734000+00:00,VINE-USDT-SWAP,114669140.0,1757901460734
2025-09-15 01:57:41.434000+00:00,VIRTUAL-USDT-SWAP,3735705.0,1757901461434
2025-09-15 01:57:41.436000+00:00,W-USDT-SWAP,48872986.0,1757901461436
2025-09-15 01:57:41.433000+00:00,WAL-USDT-SWAP,2235100.0,1757901461433
2025-09-15 01:57:41.432000+00:00,WCT-USDT-SWAP,10208670.0,1757901461432
2025-09-15 01:57:41.418000+00:00,WIF-USDT-SWAP,16820904.0,1757901461418
2025-09-15 01:57:41.445000+00:00,WLD-USDT-SWAP,29683064.0,1757901461445
2025-09-15 01:57:41.426000+00:00,WLFI-USDT-SWAP,273789730.0,1757901461426
2025-09-15 01:57:41.433000+00:00,WOO-USDT-SWAP,20507670.0,1757901461433
2025-09-15 01:57:41.438000+00:00,XAUT-USDT-SWAP,5250.055,1757901461438
2025-09-15 01:57:41.888000+00:00,XLM-USDT-SWAP,42499760.0,1757901461888
2025-09-15 01:57:41.894000+00:00,XPL-USDT-SWAP,6762500.0,1757901461894
2025-09-15 01:57:41.883000+00:00,XRP-USDT-SWAP,95697334.99999997,1757901461883
2025-09-15 01:57:41.880000+00:00,XTZ-USDT-SWAP,5656224.0,1757901461880
2025-09-15 01:57:41.886000+00:00,YFI-USDT-SWAP,373.4603,1757901461886
2025-09-15 01:57:41.883000+00:00,YGG-USDT-SWAP,41414905.0,1757901461883
2025-09-15 01:57:41.902000+00:00,ZENT-USDT-SWAP,179839100.0,1757901461902
2025-09-15 01:57:41.891000+00:00,ZETA-USDT-SWAP,5502920.0,1757901461891
2025-09-15 01:57:41.888000+00:00,ZIL-USDT-SWAP,166327600.0,1757901461888
2025-09-15 01:57:42.477000+00:00,ZK-USDT-SWAP,49992410.0,1757901462477
2025-09-15 01:57:42.375000+00:00,ZRO-USDT-SWAP,1706814.0,1757901462375
2025-09-15 01:57:42.357000+00:00,ZRX-USDT-SWAP,7436520.0,1757901462357
2025-09-15 01:58:43.231000+00:00,1INCH-USDT-SWAP,7444008.0,1757901523231
2025-09-15 01:58:43.269000+00:00,A-USDT-SWAP,10754780.0,1757901523269
2025-09-15 01:58:43.293000+00:00,AAVE-USDT-SWAP,137231.58000000005,1757901523293
2025-09-15 01:58:43.288000+00:00,ACE-USDT-SWAP,2959553.0,1757901523288
2025-09-15 01:58:43.406000+00:00,ACH-USDT-SWAP,88643500.0,1757901523406
2025-09-15 01:58:43.287000+00:00,ACT-USDT-SWAP,87708897.0,1757901523287
2025-09-15 01:58:43.361000+00:00,ADA-USDT-SWAP,84117240.00000007,1757901523361
2025-09-15 01:58:43.260000+00:00,AERO-USDT-SWAP,1832870.0,1757901523260
2025-09-15 01:58:43.469000+00:00,AEVO-USDT-SWAP,13910272.0,1757901523469
2025-09-15 01:58:43.238000+00:00,AGLD-USDT-SWAP,2057684.0,1757901523238
2025-09-15 01:58:43.905000+00:00,AI16Z-USDT-SWAP,52216410.0,1757901523905
2025-09-15 01:58:43.924000+00:00,AIXBT-USDT-SWAP,23391340.0,1757901523924
2025-09-15 01:58:43.970000+00:00,ALGO-USDT-SWAP,28866460.0,1757901523970
2025-09-15 01:58:43.918000+00:00,ANIME-USDT-SWAP,94625580.0,1757901523918
2025-09-15 01:58:44.056000+00:00,APE-USDT-SWAP,8167186.4,1757901524056
2025-09-15 01:58:43.914000+00:00,API3-USDT-SWAP,2456581.0,1757901523914
2025-09-15 01:58:43.924000+00:00,APT-USDT-SWAP,3742803.0,1757901523924
2025-09-15 01:58:44.042000+00:00,AR-USDT-SWAP,519371.3,1757901524042
2025-09-15 01:58:43.911000+00:00,ARB-USDT-SWAP,33904987.999999985,1757901523911
2025-09-15 01:58:44.489000+00:00,ARC-USDT-SWAP,77727580.0,1757901524489
2025-09-15 01:58:44.500000+00:00,ARKM-USDT-SWAP,3763091.0,1757901524500
2025-09-15 01:58:44.520000+00:00,ATH-USDT-SWAP,181200300.0,1757901524520
2025-09-15 01:58:44.614000+00:00,ATOM-USDT-SWAP,1917625.0,1757901524614
2025-09-15 01:58:44.505000+00:00,AUCTION-USDT-SWAP,215514.0,1757901524505
2025-09-15 01:58:44.511000+00:00,AVAAI-USDT-SWAP,74530300.0,1757901524511
2025-09-15 01:58:44.515000+00:00,AVAX-USDT-SWAP,2105225.1999999997,1757901524515
2025-09-15 01:58:44.555000+00:00,AXS-USDT-SWAP,1153227.7,1757901524555
2025-09-15 01:58:44.528000+00:00,BABY-USDT-SWAP,35409770.0,1757901524528
2025-09-15 01:58:44.516000+00:00,BAND-USDT-SWAP,1378451.0,1757901524516
2025-09-15 01:58:45.194000+00:00,BAT-USDT-SWAP,5018810.0,1757901525194
2025-09-15 01:58:45.061000+00:00,BCH-USDT-SWAP,66487.51999999999,1757901525061
2025-09-15 01:58:45.087000+00:00,BERA-USDT-SWAP,2535839.9,1757901525087
2025-09-15 01:58:45.695000+00:00,BICO-USDT-SWAP,8020666.0,1757901525695
2025-09-15 01:58:45.170000+00:00,BIGTIME-USDT-SWAP,39293660.0,1757901525170
2025-09-15 01:58:45.069000+00:00,BIO-USDT-SWAP,60061519.0,1757901525069
2025-09-15 01:58:45.093000+00:00,BLUR-USDT-SWAP,26108760.0,1757901525093
2025-09-15 01:58:45.071000+00:00,BNB-USDT-SWAP,105102.42,1757901525071
2025-09-15 01:58:45.102000+00:00,BNT-USDT-SWAP,717400.0,1757901525102
2025-09-15 01:58:45.067000+00:00,BOME-USDT-SWAP,1358972000.0,1757901525067
2025-09-15 01:58:46.125000+00:00,BONK-USDT-SWAP,503170300000.0,1757901526125
2025-09-15 01:58:46.615000+00:00,BRETT-USDT-SWAP,15085900.0,1757901526615
2025-09-15 01:58:46.146000+00:00,BTC-USDT-SWAP,26526.53870000006,1757901526146
2025-09-15 01:58:46.149000+00:00,CAT-USDT-SWAP,153438200000.0,1757901526149
2025-09-15 01:58:46.159000+00:00,CATI-USDT-SWAP,13121438.0,1757901526159
2025-09-15 01:58:46.155000+00:00,CELO-USDT-SWAP,4658558.0,1757901526155
2025-09-15 01:58:46.142000+00:00,CETUS-USDT-SWAP,22902990.0,1757901526142
2025-09-15 01:58:46.161000+00:00,CFX-USDT-SWAP,73687620.0,1757901526161
2025-09-15 01:58:46.220000+00:00,CHZ-USDT-SWAP,79503820.0,1757901526220
2025-09-15 01:58:46.152000+00:00,COMP-USDT-SWAP,85305.8,1757901526152
2025-09-15 01:58:47.065000+00:00,COOKIE-USDT-SWAP,4125280.0,1757901527065
2025-09-15 01:58:47.207000+00:00,CORE-USDT-SWAP,9710013.0,1757901527207
2025-09-15 01:58:47.095000+00:00,CRO-USDT-SWAP,58699790.0,1757901527095
2025-09-15 01:58:47.076000+00:00,CRV-USDT-SWAP,23994136.0,1757901527076
2025-09-15 01:58:47.071000+00:00,CTC-USDT-SWAP,1798090.0,1757901527071
2025-09-15 01:58:47.183000+00:00,CVC-USDT-SWAP,8837300.0,1757901527183
2025-09-15 01:58:47.084000+00:00,CVX-USDT-SWAP,358040.0,1757901527084
2025-09-15 01:58:47.101000+00:00,DEGEN-USDT-SWAP,312418000.0,1757901527101
2025-09-15 01:58:47.746000+00:00,DOGE-USDT-SWAP,1815422830.0000007,1757901527746
2025-09-15 01:58:47.747000+00:00,DOGS-USDT-SWAP,17044796000.0,1757901527747
2025-09-15 01:58:47.886000+00:00,DOOD-USDT-SWAP,181074000.0,1757901527886
2025-09-15 01:58:47.852000+00:00,DOT-USDT-SWAP,6394076.0,1757901527852
2025-09-15 01:58:47.758000+00:00,DUCK-USDT-SWAP,675568300.0,1757901527758
2025-09-15 01:58:47.774000+00:00,DYDX-USDT-SWAP,11533261.0,1757901527774
2025-09-15 01:58:47.766000+00:00,EGLD-USDT-SWAP,128176.4,1757901527766
2025-09-15 01:58:47.812000+00:00,EIGEN-USDT-SWAP,3428357.0,1757901527812
2025-09-15 01:58:47.847000+00:00,ENJ-USDT-SWAP,13953080.0,1757901527847
2025-09-15 01:58:47.769000+00:00,ENS-USDT-SWAP,325814.2,1757901527769
2025-09-15 01:58:48.314000+00:00,ETC-USDT-SWAP,1130916.9000000006,1757901528314
2025-09-15 01:58:48.348000+00:00,ETH-USDT-SWAP,780446.440000002,1757901528348
2025-09-15 01:58:48.448000+00:00,ETHFI-USDT-SWAP,8157516.0,1757901528448
2025-09-15 01:58:48.336000+00:00,ETHW-USDT-SWAP,1242435.1,1757901528336
2025-09-15 01:58:48.483000+00:00,FARTCOIN-USDT-SWAP,20099760.0,1757901528483
2025-09-15 01:58:48.482000+00:00,FIL-USDT-SWAP,14290592.6,1757901528482
2025-09-15 01:58:48.334000+00:00,FLM-USDT-SWAP,41837080.0,1757901528334
2025-09-15 01:58:48.336000+00:00,FLOKI-USDT-SWAP,40971200000.0,1757901528336
2025-09-15 01:58:48.477000+00:00,FLOW-USDT-SWAP,5046350.0,1757901528477
2025-09-15 01:58:48.480000+00:00,FXS-USDT-SWAP,391192.0,1757901528480
2025-09-15 01:58:49+00:00,GALA-USDT-SWAP,447574800.0,1757901529000
2025-09-15 01:58:48.944000+00:00,GAS-USDT-SWAP,359730.0,1757901528944
2025-09-15 01:58:49.126000+00:00,GLM-USDT-SWAP,2992100.0,1757901529126
2025-09-15 01:58:48.934000+00:00,GMT-USDT-SWAP,42721565.0,1757901528934
2025-09-15 01:58:48.942000+00:00,GMX-USDT-SWAP,61365.5,1757901528942
2025-09-15 01:58:48.950000+00:00,GOAT-USDT-SWAP,31958980.0,1757901528950
2025-09-15 01:58:49.234000+00:00,GODS-USDT-SWAP,6713882.0,1757901529234
2025-09-15 01:58:49.139000+00:00,GPS-USDT-SWAP,153198240.0,1757901529139
2025-09-15 01:58:49.106000+00:00,GRASS-USDT-SWAP,2770213.0,1757901529106
2025-09-15 01:58:48.929000+00:00,GRIFFAIN-USDT-SWAP,28804590.0,1757901528929
2025-09-15 01:58:49.663000+00:00,GRT-USDT-SWAP,22103070.0,1757901529663
2025-09-15 01:58:49.687000+00:00,H-USDT-SWAP,78889000.0,1757901529687
2025-09-15 01:58:49.864000+00:00,HBAR-USDT-SWAP,77563220.00000001,1757901529864
2025-09-15 01:58:49.674000+00:00,HMSTR-USDT-SWAP,1086972200.0,1757901529674
2025-09-15 01:58:49.695000+00:00,HOME-USDT-SWAP,22147300.0,1757901529695
2025-09-15 01:58:49.690000+00:00,HUMA-USDT-SWAP,68507000.0,1757901529690
2025-09-15 01:58:49.801000+00:00,HYPE-USDT-SWAP,893852.9,1757901529801
2025-09-15 01:58:49.692000+00:00,ICP-USDT-SWAP,1506649.51,1757901529692
2025-09-15 01:58:49.808000+00:00,ICX-USDT-SWAP,5894520.0,1757901529808
2025-09-15 01:58:49.681000+00:00,IMX-USDT-SWAP,7210976.0,1757901529681
2025-09-15 01:58:50.306000+00:00,INIT-USDT-SWAP,2462180.0,1757901530306
2025-09-15 01:58:50.307000+00:00,INJ-USDT-SWAP,902378.2,1757901530307
2025-09-15 01:58:50.312000+00:00,IOST-USDT-SWAP,280776000.0,1757901530312
2025-09-15 01:58:50.310000+00:00,IOTA-USDT-SWAP,15543120.0,1757901530310
2025-09-15 01:58:50.453000+00:00,IP-USDT-SWAP,2448720.0,1757901530453
2025-09-15 01:58:50.338000+00:00,JELLYJELLY-USDT-SWAP,178932600.0,1757901530338
2025-09-15 01:58:50.316000+00:00,JOE-USDT-SWAP,5898720.0,1757901530316
2025-09-15 01:58:50.320000+00:00,JTO-USDT-SWAP,4162886.0,1757901530320
2025-09-15 01:58:50.310000+00:00,JUP-USDT-SWAP,15202200.0,1757901530310
2025-09-15 01:58:50.936000+00:00,KAITO-USDT-SWAP,4363405.0,1757901530936
2025-09-15 01:58:50.895000+00:00,KMNO-USDT-SWAP,27778900.0,1757901530895
2025-09-15 01:58:50.913000+00:00,KSM-USDT-SWAP,130049.3,1757901530913
2025-09-15 01:58:50.901000+00:00,LA-USDT-SWAP,2829630.0,1757901530901
2025-09-15 01:58:51.035000+00:00,LAUNCHCOIN-USDT-SWAP,51190340.0,1757901531035
2025-09-15 01:58:50.911000+00:00,LAYER-USDT-SWAP,5931316.0,1757901530911
2025-09-15 01:58:50.918000+00:00,LDO-USDT-SWAP,14195727.0,1757901530918
2025-09-15 01:58:50.910000+00:00,LINK-USDT-SWAP,2584450.6,1757901530910
2025-09-15 01:58:51.026000+00:00,LPT-USDT-SWAP,712468.7,1757901531026
2025-09-15 01:58:50.904000+00:00,LQTY-USDT-SWAP,1561956.0,1757901530904
2025-09-15 01:58:51.695000+00:00,LRC-USDT-SWAP,17851180.0,1757901531695
2025-09-15 01:58:51.632000+00:00,LTC-USDT-SWAP,700761.7999999998,1757901531632
2025-09-15 01:58:51.500000+00:00,LUNA-USDT-SWAP,16362976.0,1757901531500
2025-09-15 01:58:51.481000+00:00,LUNC-USDT-SWAP,28332090000.0,1757901531481
2025-09-15 01:58:51.486000+00:00,MAGIC-USDT-SWAP,17788137.0,1757901531486
2025-09-15 01:58:51.486000+00:00,MAJOR-USDT-SWAP,5420597.0,1757901531486
2025-09-15 01:58:51.619000+00:00,MANA-USDT-SWAP,11381530.0,1757901531619
2025-09-15 01:58:51.486000+00:00,MASK-USDT-SWAP,3005677.0,1757901531486
2025-09-15 01:58:51.490000+00:00,ME-USDT-SWAP,3623124.0,1757901531490
2025-09-15 01:58:51.498000+00:00,MEME-USDT-SWAP,1382943300.0,1757901531498
2025-09-15 01:58:52.134000+00:00,MERL-USDT-SWAP,46075810.0,1757901532134
2025-09-15 01:58:52.130000+00:00,METIS-USDT-SWAP,106232.4,1757901532130
2025-09-15 01:58:52.152000+00:00,MEW-USDT-SWAP,1150670000.0,1757901532152
2025-09-15 01:58:52.311000+00:00,MINA-USDT-SWAP,7435996.0,1757901532311
2025-09-15 01:58:52.148000+00:00,MOG-USDT-SWAP,659277000000.0,1757901532148
2025-09-15 01:58:52.287000+00:00,MOODENG-USDT-SWAP,67592520.0,1757901532287
2025-09-15 01:58:52.153000+00:00,MORPHO-USDT-SWAP,1485678.0,1757901532153
2025-09-15 01:58:52.243000+00:00,MOVE-USDT-SWAP,26401520.0,1757901532243
2025-09-15 01:58:52.149000+00:00,MUBARAK-USDT-SWAP,12520000.0,1757901532149
2025-09-15 01:58:52.751000+00:00,NEAR-USDT-SWAP,5334335.000000001,1757901532751
2025-09-15 01:58:52.901000+00:00,NEIRO-USDT-SWAP,10477308000.0,1757901532901
2025-09-15 01:58:52.856000+00:00,NEO-USDT-SWAP,354712.0,1757901532856
2025-09-15 01:58:52.765000+00:00,NEWT-USDT-SWAP,3067960.0,1757901532765
2025-09-15 01:58:52.767000+00:00,NMR-USDT-SWAP,395563.6,1757901532767
2025-09-15 01:58:52.760000+00:00,NOT-USDT-SWAP,1629316600.0,1757901532760
2025-09-15 01:58:52.902000+00:00,NXPC-USDT-SWAP,1198127.0,1757901532902
2025-09-15 01:58:52.924000+00:00,OL-USDT-SWAP,76307480.0,1757901532924
2025-09-15 01:58:52.744000+00:00,OM-USDT-SWAP,23537517.0,1757901532744
2025-09-15 01:58:53.361000+00:00,ONDO-USDT-SWAP,22903380.0,1757901533361
2025-09-15 01:58:53.379000+00:00,ONE-USDT-SWAP,85965200.0,1757901533379
2025-09-15 01:58:53.384000+00:00,ONT-USDT-SWAP,10966220.0,1757901533384
2025-09-15 01:58:53.363000+00:00,OP-USDT-SWAP,26037596.0,1757901533363
2025-09-15 01:58:53.368000+00:00,ORBS-USDT-SWAP,27107800.0,1757901533368
2025-09-15 01:58:53.373000+00:00,ORDI-USDT-SWAP,1389460.1,1757901533373
2025-09-15 01:58:53.623000+00:00,PARTI-USDT-SWAP,15164720.0,1757901533623
2025-09-15 01:58:53.376000+00:00,PENGU-USDT-SWAP,630222900.0,1757901533376
2025-09-15 01:58:53.541000+00:00,PEOPLE-USDT-SWAP,388062200.0,1757901533541
2025-09-15 01:58:53.362000+00:00,PEPE-USDT-SWAP,8295078000000.003,1757901533362
2025-09-15 01:58:54.212000+00:00,PERP-USDT-SWAP,3214358.0,1757901534212
2025-09-15 01:58:54.081000+00:00,PI-USDT-SWAP,33521423.0,1757901534081
2025-09-15 01:58:54.157000+00:00,PLUME-USDT-SWAP,23193610.0,1757901534157
2025-09-15 01:58:54.088000+00:00,PNUT-USDT-SWAP,42470360.0,1757901534088
2025-09-15 01:58:54.088000+00:00,POL-USDT-SWAP,36630850.0,1757901534088
2025-09-15 01:58:54.073000+00:00,POPCAT-USDT-SWAP,10013640.0,1757901534073
2025-09-15 01:58:54.087000+00:00,PRCL-USDT-SWAP,25653683.0,1757901534087
2025-09-15 01:58:54.263000+00:00,PROMPT-USDT-SWAP,34508060.0,1757901534263
2025-09-15 01:58:54.217000+00:00,PUMP-USDT-SWAP,6843217000.0,1757901534217
2025-09-15 01:58:54.072000+00:00,PYTH-USDT-SWAP,48690680.0,1757901534072
2025-09-15 01:58:54.698000+00:00,QTUM-USDT-SWAP,1193495.0,1757901534698
2025-09-15 01:58:54.716000+00:00,RAY-USDT-SWAP,1147965.0,1757901534716
2025-09-15 01:58:54.721000+00:00,RENDER-USDT-SWAP,1336847.0,1757901534721
2025-09-15 01:58:54.722000+00:00,RESOLV-USDT-SWAP,24472900.0,1757901534722
2025-09-15 01:58:54.734000+00:00,RSR-USDT-SWAP,253199100.0,1757901534734
2025-09-15 01:58:54.828000+00:00,RVN-USDT-SWAP,70800100.0,1757901534828
2025-09-15 01:58:54.908000+00:00,S-USDT-SWAP,11861320.0,1757901534908
2025-09-15 01:58:54.760000+00:00,SAHARA-USDT-SWAP,41394660.0,1757901534760
2025-09-15 01:58:54.831000+00:00,SAND-USDT-SWAP,17983970.0,1757901534831
2025-09-15 01:58:54.715000+00:00,SATS-USDT-SWAP,204219770000000.0,1757901534715
2025-09-15 01:58:55.345000+00:00,SCR-USDT-SWAP,2701396.0,1757901535345
2025-09-15 01:58:55.360000+00:00,SHELL-USDT-SWAP,5410200.0,1757901535360
2025-09-15 01:58:55.378000+00:00,SHIB-USDT-SWAP,1763302500000.0005,1757901535378
2025-09-15 01:58:55.671000+00:00,SIGN-USDT-SWAP,43434800.0,1757901535671
2025-09-15 01:58:55.358000+00:00,SLP-USDT-SWAP,417085910.0,1757901535358
2025-09-15 01:58:55.599000+00:00,SNX-USDT-SWAP,2445267.0,1757901535599
2025-09-15 01:58:56.125000+00:00,SOL-USDT-SWAP,3503320.740000002,1757901536125
2025-09-15 01:58:55.371000+00:00,SOLV-USDT-SWAP,56429200.0,1757901535371
2025-09-15 01:58:55.456000+00:00,SONIC-USDT-SWAP,7684332.0,1757901535456
2025-09-15 01:58:55.499000+00:00,SOON-USDT-SWAP,7712370.0,1757901535499
2025-09-15 01:58:56.555000+00:00,SOPH-USDT-SWAP,75692100.0,1757901536555
2025-09-15 01:58:56.572000+00:00,SPK-USDT-SWAP,108440300.0,1757901536572
2025-09-15 01:58:56.572000+00:00,SPX-USDT-SWAP,990304.0,1757901536572
2025-09-15 01:58:56.578000+00:00,SSV-USDT-SWAP,312009.8,1757901536578
2025-09-15 01:58:56.741000+00:00,STORJ-USDT-SWAP,5447170.0,1757901536741
2025-09-15 01:58:56.576000+00:00,STRK-USDT-SWAP,23964943.0,1757901536576
2025-09-15 01:58:56.580000+00:00,STX-USDT-SWAP,6660455.999999999,1757901536580
2025-09-15 01:58:56.585000+00:00,SUI-USDT-SWAP,20646162.0,1757901536585
2025-09-15 01:58:56.583000+00:00,SUSHI-USDT-SWAP,8673782.0,1757901536583
2025-09-15 01:58:56.751000+00:00,SWARMS-USDT-SWAP,79804030.0,1757901536751
2025-09-15 01:58:57.287000+00:00,SYRUP-USDT-SWAP,2426980.0,1757901537287
2025-09-15 01:58:57.190000+00:00,T-USDT-SWAP,45474700.0,1757901537190
2025-09-15 01:58:57.200000+00:00,TAO-USDT-SWAP,13535.39,1757901537200
2025-09-15 01:58:57.195000+00:00,THETA-USDT-SWAP,3080713.000000001,1757901537195
2025-09-15 01:58:57.351000+00:00,TIA-USDT-SWAP,5420215.0,1757901537351
2025-09-15 01:58:57.318000+00:00,TNSR-USDT-SWAP,8442362.0,1757901537318
2025-09-15 01:58:57.206000+00:00,TON-USDT-SWAP,8932608.0,1757901537206
2025-09-15 01:58:57.333000+00:00,TRB-USDT-SWAP,250568.9,1757901537333
2025-09-15 01:58:57.307000+00:00,TREE-USDT-SWAP,9220781.0,1757901537307
2025-09-15 01:58:57.323000+00:00,TRUMP-USDT-SWAP,5510801.5,1757901537323
2025-09-15 01:58:58.043000+00:00,TRX-USDT-SWAP,93187430.00000006,1757901538043
2025-09-15 01:58:57.788000+00:00,TURBO-USDT-SWAP,947714000.0,1757901537788
2025-09-15 01:58:57.808000+00:00,UMA-USDT-SWAP,1436518.7,1757901537808
2025-09-15 01:58:57.793000+00:00,UNI-USDT-SWAP,3810218.0,1757901537793
2025-09-15 01:58:57.950000+00:00,USDC-USDT-SWAP,1005420.0,1757901537950
2025-09-15 01:58:57.905000+00:00,USELESS-USDT-SWAP,11442800.0,1757901537905
2025-09-15 01:58:57.799000+00:00,USTC-USDT-SWAP,109509800.0,1757901537799
2025-09-15 01:58:57.942000+00:00,UXLINK-USDT-SWAP,6607880.0,1757901537942
2025-09-15 01:58:57.812000+00:00,VANA-USDT-SWAP,139984.6,1757901537812
2025-09-15 01:58:57.783000+00:00,VINE-USDT-SWAP,114662300.0,1757901537783
2025-09-15 01:58:58.476000+00:00,VIRTUAL-USDT-SWAP,3734196.0,1757901538476
2025-09-15 01:58:58.494000+00:00,W-USDT-SWAP,48866140.0,1757901538494
2025-09-15 01:58:58.488000+00:00,WAL-USDT-SWAP,2235100.0,1757901538488
2025-09-15 01:58:58.484000+00:00,WCT-USDT-SWAP,10206190.0,1757901538484
2025-09-15 01:58:58.604000+00:00,WIF-USDT-SWAP,16819028.0,1757901538604
2025-09-15 01:58:58.639000+00:00,WLD-USDT-SWAP,29683400.0,1757901538639
2025-09-15 01:58:58.626000+00:00,WLFI-USDT-SWAP,273691290.0,1757901538626
2025-09-15 01:58:58.645000+00:00,WOO-USDT-SWAP,20507440.0,1757901538645
2025-09-15 01:58:58.482000+00:00,XAUT-USDT-SWAP,5249.462,1757901538482
2025-09-15 01:58:59.072000+00:00,XLM-USDT-SWAP,42500840.0,1757901539072
2025-09-15 01:58:59.266000+00:00,XPL-USDT-SWAP,6762900.0,1757901539266
2025-09-15 01:58:59.255000+00:00,XRP-USDT-SWAP,95700573.99999997,1757901539255
2025-09-15 01:58:59.096000+00:00,XTZ-USDT-SWAP,5655730.0,1757901539096
2025-09-15 01:58:59.088000+00:00,YFI-USDT-SWAP,373.4683,1757901539088
2025-09-15 01:58:59.277000+00:00,YGG-USDT-SWAP,41369676.0,1757901539277
2025-09-15 01:58:59.105000+00:00,ZENT-USDT-SWAP,179833500.0,1757901539105
2025-09-15 01:58:59.095000+00:00,ZETA-USDT-SWAP,5502920.0,1757901539095
2025-09-15 01:58:59.087000+00:00,ZIL-USDT-SWAP,166327600.0,1757901539087
2025-09-15 01:58:59.707000+00:00,ZK-USDT-SWAP,49986580.0,1757901539707
2025-09-15 01:58:59.717000+00:00,ZRO-USDT-SWAP,1706809.0,1757901539717
2025-09-15 01:58:59.711000+00:00,ZRX-USDT-SWAP,7436990.0,1757901539711
2025-09-15 03:08:35.988000+00:00,1INCH-USDT-SWAP,7413988.0,1757905715988
2025-09-15 03:08:35.978000+00:00,A-USDT-SWAP,10793180.0,1757905715978
2025-09-15 03:08:35.969000+00:00,AAVE-USDT-SWAP,137930.44000000003,1757905715969
2025-09-15 03:08:35.971000+00:00,ACE-USDT-SWAP,2910372.0,1757905715971
2025-09-15 03:08:36.050000+00:00,ACH-USDT-SWAP,88984500.0,1757905716050
2025-09-15 03:08:35.979000+00:00,ACT-USDT-SWAP,87557924.0,1757905715979
2025-09-15 03:08:35.952000+00:00,ADA-USDT-SWAP,83859150.00000009,1757905715952
2025-09-15 03:08:35.996000+00:00,AERO-USDT-SWAP,1828990.0,1757905715996
2025-09-15 03:08:35.983000+00:00,AEVO-USDT-SWAP,14067217.0,1757905715983
2025-09-15 03:08:35.981000+00:00,AGLD-USDT-SWAP,2061926.0,1757905715981
2025-09-15 03:08:36.477000+00:00,AI16Z-USDT-SWAP,52366903.0,1757905716477
2025-09-15 03:08:36.471000+00:00,AIXBT-USDT-SWAP,23498760.0,1757905716471
2025-09-15 03:08:36.549000+00:00,ALGO-USDT-SWAP,29012930.0,1757905716549
2025-09-15 03:08:36.483000+00:00,ANIME-USDT-SWAP,94032210.0,1757905716483
2025-09-15 03:08:36.483000+00:00,APE-USDT-SWAP,8151418.3,1757905716483
2025-09-15 03:08:36.496000+00:00,API3-USDT-SWAP,2438247.0,1757905716496
2025-09-15 03:08:36.608000+00:00,APT-USDT-SWAP,3754523.0,1757905716608
2025-09-15 03:08:36.482000+00:00,AR-USDT-SWAP,518281.3,1757905716482
2025-09-15 03:08:36.617000+00:00,ARB-USDT-SWAP,34034431.999999985,1757905716617
2025-09-15 03:08:37.052000+00:00,ARC-USDT-SWAP,77543680.0,1757905717052
2025-09-15 03:08:37.050000+00:00,ARKM-USDT-SWAP,3765929.0,1757905717050
2025-09-15 03:08:37.058000+00:00,ATH-USDT-SWAP,181301000.0,1757905717058
2025-09-15 03:08:37.056000+00:00,ATOM-USDT-SWAP,1919030.0,1757905717056
2025-09-15 03:08:37.055000+00:00,AUCTION-USDT-SWAP,216920.9,1757905717055
2025-09-15 03:08:37.063000+00:00,AVAAI-USDT-SWAP,74339060.0,1757905717063
2025-09-15 03:08:37.048000+00:00,AVAX-USDT-SWAP,2105996.6,1757905717048
2025-09-15 03:08:37.048000+00:00,AXS-USDT-SWAP,1149656.2,1757905717048
2025-09-15 03:08:37.060000+00:00,BABY-USDT-SWAP,36002140.0,1757905717060
2025-09-15 03:08:37.062000+00:00,BAND-USDT-SWAP,1387270.0,1757905717062
2025-09-15 03:08:37.501000+00:00,BAT-USDT-SWAP,5029390.0,1757905717501
2025-09-15 03:08:37.506000+00:00,BCH-USDT-SWAP,66535.70999999998,1757905717506
2025-09-15 03:08:37.508000+00:00,BERA-USDT-SWAP,2532524.2,1757905717508
2025-09-15 03:08:37.490000+00:00,BICO-USDT-SWAP,8004013.0,1757905717490
2025-09-15 03:08:37.494000+00:00,BIGTIME-USDT-SWAP,39416400.0,1757905717494
2025-09-15 03:08:37.496000+00:00,BIO-USDT-SWAP,60542763.0,1757905717496
2025-09-15 03:08:37.491000+00:00,BLUR-USDT-SWAP,26162160.0,1757905717491
2025-09-15 03:08:37.674000+00:00,BNB-USDT-SWAP,105487.04,1757905717674
2025-09-15 03:08:37.506000+00:00,BNT-USDT-SWAP,725480.0,1757905717506
2025-09-15 03:08:37.509000+00:00,BOME-USDT-SWAP,1343554000.0,1757905717509
2025-09-15 03:08:38.255000+00:00,BONK-USDT-SWAP,499988600000.0,1757905718255
2025-09-15 03:08:38.107000+00:00,BRETT-USDT-SWAP,15037300.0,1757905718107
2025-09-15 03:08:38.111000+00:00,BTC-USDT-SWAP,26372.692100000048,1757905718111
2025-09-15 03:08:38.103000+00:00,CAT-USDT-SWAP,153898200000.0,1757905718103
2025-09-15 03:08:38.102000+00:00,CATI-USDT-SWAP,12789529.0,1757905718102
2025-09-15 03:08:38.108000+00:00,CELO-USDT-SWAP,4664081.0,1757905718108
2025-09-15 03:08:38.101000+00:00,CETUS-USDT-SWAP,22896050.0,1757905718101
2025-09-15 03:08:38.142000+00:00,CFX-USDT-SWAP,75737690.0,1757905718142
2025-09-15 03:08:38.112000+00:00,CHZ-USDT-SWAP,79436810.0,1757905718112
2025-09-15 03:08:38.101000+00:00,COMP-USDT-SWAP,84621.2,1757905718101
2025-09-15 03:08:38.687000+00:00,COOKIE-USDT-SWAP,4111650.0,1757905718687
2025-09-15 03:08:38.770000+00:00,CORE-USDT-SWAP,9715329.0,1757905718770
2025-09-15 03:08:38.687000+00:00,CRO-USDT-SWAP,59172890.0,1757905718687
2025-09-15 03:08:38.691000+00:00,CRV-USDT-SWAP,24110071.0,1757905718691
2025-09-15 03:08:38.754000+00:00,CTC-USDT-SWAP,1804530.0,1757905718754
2025-09-15 03:08:38.688000+00:00,CVC-USDT-SWAP,8801400.0,1757905718688
2025-09-15 03:08:38.697000+00:00,CVX-USDT-SWAP,358266.0,1757905718697
2025-09-15 03:08:38.677000+00:00,DEGEN-USDT-SWAP,316160400.0,1757905718677
2025-09-15 03:08:39.194000+00:00,DOGE-USDT-SWAP,1836091150.000001,1757905719194
2025-09-15 03:08:39.199000+00:00,DOGS-USDT-SWAP,17025639000.0,1757905719199
2025-09-15 03:08:39.257000+00:00,DOOD-USDT-SWAP,179508000.0,1757905719257
2025-09-15 03:08:39.188000+00:00,DOT-USDT-SWAP,6448295.0,1757905719188
2025-09-15 03:08:39.188000+00:00,DUCK-USDT-SWAP,675741200.0,1757905719188
2025-09-15 03:08:39.204000+00:00,DYDX-USDT-SWAP,11491219.0,1757905719204
2025-09-15 03:08:39.189000+00:00,EGLD-USDT-SWAP,126131.0,1757905719189
2025-09-15 03:08:39.197000+00:00,EIGEN-USDT-SWAP,3375444.0,1757905719197
2025-09-15 03:08:39.197000+00:00,ENJ-USDT-SWAP,13767190.0,1757905719197
2025-09-15 03:08:39.200000+00:00,ENS-USDT-SWAP,327028.2,1757905719200
2025-09-15 03:08:39.687000+00:00,ETC-USDT-SWAP,1130375.3000000005,1757905719687
2025-09-15 03:08:39.733000+00:00,ETH-USDT-SWAP,783472.3130000028,1757905719733
2025-09-15 03:08:39.690000+00:00,ETHFI-USDT-SWAP,8141217.0,1757905719690
2025-09-15 03:08:39.690000+00:00,ETHW-USDT-SWAP,1258083.2,1757905719690
2025-09-15 03:08:39.723000+00:00,FARTCOIN-USDT-SWAP,20006205.0,1757905719723
2025-09-15 03:08:39.698000+00:00,FIL-USDT-SWAP,14468567.5,1757905719698
2025-09-15 03:08:39.695000+00:00,FLM-USDT-SWAP,41383110.0,1757905719695
2025-09-15 03:08:39.707000+00:00,FLOKI-USDT-SWAP,40629600000.0,1757905719707
2025-09-15 03:08:39.684000+00:00,FLOW-USDT-SWAP,4981610.0,1757905719684
2025-09-15 03:08:39.695000+00:00,FXS-USDT-SWAP,394539.0,1757905719695
2025-09-15 03:08:40.159000+00:00,GALA-USDT-SWAP,446199900.0,1757905720159
2025-09-15 03:08:40.157000+00:00,GAS-USDT-SWAP,360007.0,1757905720157
2025-09-15 03:08:40.174000+00:00,GLM-USDT-SWAP,2891860.0,1757905720174
2025-09-15 03:08:40.158000+00:00,GMT-USDT-SWAP,42886009.0,1757905720158
2025-09-15 03:08:40.214000+00:00,GMX-USDT-SWAP,61296.0,1757905720214
2025-09-15 03:08:40.175000+00:00,GOAT-USDT-SWAP,32227820.0,1757905720175
2025-09-15 03:08:40.161000+00:00,GODS-USDT-SWAP,6691396.0,1757905720161
2025-09-15 03:08:40.180000+00:00,GPS-USDT-SWAP,151652060.0,1757905720180
2025-09-15 03:08:40.161000+00:00,GRASS-USDT-SWAP,2761665.0,1757905720161
2025-09-15 03:08:40.164000+00:00,GRIFFAIN-USDT-SWAP,28616800.0,1757905720164
2025-09-15 03:08:40.645000+00:00,GRT-USDT-SWAP,21861670.0,1757905720645
2025-09-15 03:08:40.645000+00:00,H-USDT-SWAP,78861000.0,1757905720645
2025-09-15 03:08:40.647000+00:00,HBAR-USDT-SWAP,77357810.00000001,1757905720647
2025-09-15 03:08:40.653000+00:00,HMSTR-USDT-SWAP,1085478000.0,1757905720653
2025-09-15 03:08:40.650000+00:00,HOME-USDT-SWAP,21875500.0,1757905720650
2025-09-15 03:08:40.869000+00:00,HUMA-USDT-SWAP,69345500.0,1757905720869
2025-09-15 03:08:40.649000+00:00,HYPE-USDT-SWAP,902438.7,1757905720649
2025-09-15 03:08:40.670000+00:00,ICP-USDT-SWAP,1509331.3,1757905720670
2025-09-15 03:08:40.651000+00:00,ICX-USDT-SWAP,5915670.0,1757905720651
2025-09-15 03:08:40.652000+00:00,IMX-USDT-SWAP,7563642.0,1757905720652
2025-09-15 03:08:41.295000+00:00,INIT-USDT-SWAP,2463080.0,1757905721295
2025-09-15 03:08:41.293000+00:00,INJ-USDT-SWAP,904375.1,1757905721293
2025-09-15 03:08:41.310000+00:00,IOST-USDT-SWAP,279934000.0,1757905721310
2025-09-15 03:08:41.310000+00:00,IOTA-USDT-SWAP,15604860.0,1757905721310
2025-09-15 03:08:41.296000+00:00,IP-USDT-SWAP,2445540.0,1757905721296
2025-09-15 03:08:41.310000+00:00,JELLYJELLY-USDT-SWAP,178214400.0,1757905721310
2025-09-15 03:08:41.298000+00:00,JOE-USDT-SWAP,5938470.0,1757905721298
2025-09-15 03:08:41.342000+00:00,JTO-USDT-SWAP,4124678.0,1757905721342
2025-09-15 03:08:41.423000+00:00,JUP-USDT-SWAP,15146790.0,1757905721423
2025-09-15 03:08:41.849000+00:00,KAITO-USDT-SWAP,4394287.0,1757905721849
2025-09-15 03:08:41.854000+00:00,KMNO-USDT-SWAP,26727200.0,1757905721854
2025-09-15 03:08:41.902000+00:00,KSM-USDT-SWAP,130084.9,1757905721902
2025-09-15 03:08:41.872000+00:00,LA-USDT-SWAP,2988280.0,1757905721872
2025-09-15 03:08:41.855000+00:00,LAUNCHCOIN-USDT-SWAP,50779500.0,1757905721855
2025-09-15 03:08:41.865000+00:00,LAYER-USDT-SWAP,5942922.0,1757905721865
2025-09-15 03:08:41.853000+00:00,LDO-USDT-SWAP,14250080.0,1757905721853
2025-09-15 03:08:41.855000+00:00,LINK-USDT-SWAP,2579367.3999999994,1757905721855
2025-09-15 03:08:41.864000+00:00,LPT-USDT-SWAP,713792.2,1757905721864
2025-09-15 03:08:41.863000+00:00,LQTY-USDT-SWAP,1552764.0,1757905721863
2025-09-15 03:08:42.333000+00:00,LRC-USDT-SWAP,18056380.0,1757905722333
2025-09-15 03:08:42.328000+00:00,LTC-USDT-SWAP,698192.7999999998,1757905722328
2025-09-15 03:08:42.356000+00:00,LUNA-USDT-SWAP,16363676.0,1757905722356
2025-09-15 03:08:42.336000+00:00,LUNC-USDT-SWAP,28372820000.0,1757905722336
2025-09-15 03:08:42.432000+00:00,MAGIC-USDT-SWAP,18187019.0,1757905722432
2025-09-15 03:08:42.335000+00:00,MAJOR-USDT-SWAP,5371534.0,1757905722335
2025-09-15 03:08:42.386000+00:00,MANA-USDT-SWAP,11270300.0,1757905722386
2025-09-15 03:08:42.352000+00:00,MASK-USDT-SWAP,3005479.0,1757905722352
2025-09-15 03:08:42.341000+00:00,ME-USDT-SWAP,3610773.0,1757905722341
2025-09-15 03:08:42.341000+00:00,MEME-USDT-SWAP,1393998000.0,1757905722341
2025-09-15 03:08:42.863000+00:00,MERL-USDT-SWAP,46162011.0,1757905722863
2025-09-15 03:08:42.861000+00:00,METIS-USDT-SWAP,106284.9,1757905722861
2025-09-15 03:08:42.865000+00:00,MEW-USDT-SWAP,1153592000.0,1757905722865
2025-09-15 03:08:42.864000+00:00,MINA-USDT-SWAP,7419671.0,1757905722864
2025-09-15 03:08:42.867000+00:00,MOG-USDT-SWAP,664231000000.0,1757905722867
2025-09-15 03:08:42.861000+00:00,MOODENG-USDT-SWAP,66487420.0,1757905722861
2025-09-15 03:08:42.868000+00:00,MORPHO-USDT-SWAP,1496316.0,1757905722868
2025-09-15 03:08:42.870000+00:00,MOVE-USDT-SWAP,26275070.0,1757905722870
2025-09-15 03:08:42.858000+00:00,MUBARAK-USDT-SWAP,12396300.0,1757905722858
2025-09-15 03:08:43.357000+00:00,NEAR-USDT-SWAP,5334878.000000003,1757905723357
2025-09-15 03:08:43.355000+00:00,NEIRO-USDT-SWAP,10337762000.0,1757905723355
2025-09-15 03:08:43.354000+00:00,NEO-USDT-SWAP,355042.0,1757905723354
2025-09-15 03:08:43.348000+00:00,NEWT-USDT-SWAP,2995160.0,1757905723348
2025-09-15 03:08:43.353000+00:00,NMR-USDT-SWAP,405426.2,1757905723353
2025-09-15 03:08:43.357000+00:00,NOT-USDT-SWAP,1632117800.0,1757905723357
2025-09-15 03:08:43.361000+00:00,NXPC-USDT-SWAP,1197575.0,1757905723361
2025-09-15 03:08:43.369000+00:00,OL-USDT-SWAP,76491030.0,1757905723369
2025-09-15 03:08:43.364000+00:00,OM-USDT-SWAP,24179368.999999996,1757905723364
2025-09-15 03:08:43.795000+00:00,ONDO-USDT-SWAP,23360000.0,1757905723795
2025-09-15 03:08:43.796000+00:00,ONE-USDT-SWAP,85887800.0,1757905723796
2025-09-15 03:08:43.801000+00:00,ONT-USDT-SWAP,10766780.0,1757905723801
2025-09-15 03:08:43.791000+00:00,OP-USDT-SWAP,26107002.0,1757905723791
2025-09-15 03:08:43.808000+00:00,ORBS-USDT-SWAP,27106400.0,1757905723808
2025-09-15 03:08:43.808000+00:00,ORDI-USDT-SWAP,1394395.8,1757905723808
2025-09-15 03:08:43.802000+00:00,PARTI-USDT-SWAP,15162810.0,1757905723802
2025-09-15 03:08:43.798000+00:00,PENGU-USDT-SWAP,631972800.0,1757905723798
2025-09-15 03:08:43.814000+00:00,PEOPLE-USDT-SWAP,384861500.0,1757905723814
2025-09-15 03:08:43.905000+00:00,PEPE-USDT-SWAP,8345619000000.003,1757905723905
2025-09-15 03:08:44.812000+00:00,PERP-USDT-SWAP,3220896.0,1757905724812
2025-09-15 03:08:44.339000+00:00,PI-USDT-SWAP,32973849.0,1757905724339
2025-09-15 03:08:44.436000+00:00,PLUME-USDT-SWAP,24413990.0,1757905724436
2025-09-15 03:08:44.373000+00:00,PNUT-USDT-SWAP,42684250.0,1757905724373
2025-09-15 03:08:44.338000+00:00,POL-USDT-SWAP,36724480.0,1757905724338
2025-09-15 03:08:44.448000+00:00,POPCAT-USDT-SWAP,10033980.0,1757905724448
2025-09-15 03:08:44.377000+00:00,PRCL-USDT-SWAP,24585003.0,1757905724377
2025-09-15 03:08:44.337000+00:00,PROMPT-USDT-SWAP,34595320.0,1757905724337
2025-09-15 03:08:44.378000+00:00,PUMP-USDT-SWAP,6937433000.0,1757905724378
2025-09-15 03:08:44.332000+00:00,PYTH-USDT-SWAP,48806680.0,1757905724332
2025-09-15 03:08:45.419000+00:00,QTUM-USDT-SWAP,1193955.0,1757905725419
2025-09-15 03:08:45.332000+00:00,RAY-USDT-SWAP,1140481.0,1757905725332
2025-09-15 03:08:45.284000+00:00,RENDER-USDT-SWAP,1336795.0,1757905725284
2025-09-15 03:08:45.287000+00:00,RESOLV-USDT-SWAP,24367260.0,1757905725287
2025-09-15 03:08:45.287000+00:00,RSR-USDT-SWAP,254482800.0,1757905725287
2025-09-15 03:08:45.281000+00:00,RVN-USDT-SWAP,70430280.0,1757905725281
2025-09-15 03:08:45.287000+00:00,S-USDT-SWAP,11829230.0,1757905725287
2025-09-15 03:08:45.389000+00:00,SAHARA-USDT-SWAP,41218540.0,1757905725389
2025-09-15 03:08:45.291000+00:00,SAND-USDT-SWAP,18082040.0,1757905725291
2025-09-15 03:08:45.283000+00:00,SATS-USDT-SWAP,205530090000000.0,1757905725283
2025-09-15 03:08:45.964000+00:00,SCR-USDT-SWAP,2704459.0,1757905725964
2025-09-15 03:08:45.866000+00:00,SHELL-USDT-SWAP,5377120.0,1757905725866
2025-09-15 03:08:46.337000+00:00,SHIB-USDT-SWAP,1763394700000.0002,1757905726337
2025-09-15 03:08:45.844000+00:00,SIGN-USDT-SWAP,43305400.0,1757905725844
2025-09-15 03:08:45.846000+00:00,SLP-USDT-SWAP,417295020.0,1757905725846
2025-09-15 03:08:45.847000+00:00,SNX-USDT-SWAP,2429693.0,1757905725847
2025-09-15 03:08:45.905000+00:00,SOL-USDT-SWAP,3463004.270000002,1757905725905
2025-09-15 03:08:45.839000+00:00,SOLV-USDT-SWAP,56717700.0,1757905725839
2025-09-15 03:08:45.853000+00:00,SONIC-USDT-SWAP,7715657.0,1757905725853
2025-09-15 03:08:45.853000+00:00,SOON-USDT-SWAP,7701960.0,1757905725853
2025-09-15 03:08:46.821000+00:00,SOPH-USDT-SWAP,75336700.0,1757905726821
2025-09-15 03:08:46.891000+00:00,SPK-USDT-SWAP,108372600.0,1757905726891
2025-09-15 03:08:46.804000+00:00,SPX-USDT-SWAP,994756.0,1757905726804
2025-09-15 03:08:46.785000+00:00,SSV-USDT-SWAP,309947.8,1757905726785
2025-09-15 03:08:46.796000+00:00,STORJ-USDT-SWAP,5481800.0,1757905726796
2025-09-15 03:08:46.840000+00:00,STRK-USDT-SWAP,24062113.0,1757905726840
2025-09-15 03:08:46.782000+00:00,STX-USDT-SWAP,6629124.0,1757905726782
2025-09-15 03:08:46.785000+00:00,SUI-USDT-SWAP,20698234.0,1757905726785
2025-09-15 03:08:46.791000+00:00,SUSHI-USDT-SWAP,8661191.0,1757905726791
2025-09-15 03:08:46.783000+00:00,SWARMS-USDT-SWAP,79580270.0,1757905726783
2025-09-15 03:08:47.324000+00:00,SYRUP-USDT-SWAP,2409220.0,1757905727324
2025-09-15 03:08:47.321000+00:00,T-USDT-SWAP,45322600.0,1757905727321
2025-09-15 03:08:47.322000+00:00,TAO-USDT-SWAP,13555.35,1757905727322
2025-09-15 03:08:47.308000+00:00,THETA-USDT-SWAP,3082252.000000001,1757905727308
2025-09-15 03:08:47.314000+00:00,TIA-USDT-SWAP,5409880.0,1757905727314
2025-09-15 03:08:47.323000+00:00,TNSR-USDT-SWAP,8496857.0,1757905727323
2025-09-15 03:08:47.316000+00:00,TON-USDT-SWAP,9035987.0,1757905727316
2025-09-15 03:08:47.314000+00:00,TRB-USDT-SWAP,250808.0,1757905727314
2025-09-15 03:08:47.323000+00:00,TREE-USDT-SWAP,10259057.0,1757905727323
2025-09-15 03:08:47.389000+00:00,TRUMP-USDT-SWAP,5508728.6,1757905727389
2025-09-15 03:08:47.986000+00:00,TRX-USDT-SWAP,92991290.00000006,1757905727986
2025-09-15 03:08:47.810000+00:00,TURBO-USDT-SWAP,945742000.0000001,1757905727810
2025-09-15 03:08:47.830000+00:00,UMA-USDT-SWAP,1436106.1,1757905727830
2025-09-15 03:08:47.815000+00:00,UNI-USDT-SWAP,3829827.0,1757905727815
2025-09-15 03:08:47.809000+00:00,USDC-USDT-SWAP,1003370.0,1757905727809
2025-09-15 03:08:47.818000+00:00,USELESS-USDT-SWAP,11554940.0,1757905727818
2025-09-15 03:08:47.824000+00:00,USTC-USDT-SWAP,109752300.0,1757905727824
2025-09-15 03:08:47.825000+00:00,UXLINK-USDT-SWAP,6637930.0,1757905727825
2025-09-15 03:08:47.899000+00:00,VANA-USDT-SWAP,141122.5,1757905727899
2025-09-15 03:08:47.817000+00:00,VINE-USDT-SWAP,114546700.0,1757905727817
2025-09-15 03:08:48.428000+00:00,VIRTUAL-USDT-SWAP,3753647.0,1757905728428
2025-09-15 03:08:48.420000+00:00,W-USDT-SWAP,48828511.0,1757905728420
2025-09-15 03:08:48.429000+00:00,WAL-USDT-SWAP,2235000.0,1757905728429
2025-09-15 03:08:48.411000+00:00,WCT-USDT-SWAP,10159690.0,1757905728411
2025-09-15 03:08:48.446000+00:00,WIF-USDT-SWAP,16812536.0,1757905728446
2025-09-15 03:08:48.530000+00:00,WLD-USDT-SWAP,30024056.0,1757905728530
2025-09-15 03:08:48.414000+00:00,WLFI-USDT-SWAP,274439990.0,1757905728414
2025-09-15 03:08:48.440000+00:00,WOO-USDT-SWAP,20659120.0,1757905728440
2025-09-15 03:08:48.429000+00:00,XAUT-USDT-SWAP,5233.878,1757905728429
2025-09-15 03:08:48.951000+00:00,XLM-USDT-SWAP,42705029.99999999,1757905728951
2025-09-15 03:08:49.045000+00:00,XPL-USDT-SWAP,6788770.0,1757905729045
2025-09-15 03:08:48.965000+00:00,XRP-USDT-SWAP,95116735.99999997,1757905728965
2025-09-15 03:08:48.952000+00:00,XTZ-USDT-SWAP,5734724.0,1757905728952
2025-09-15 03:08:48.974000+00:00,YFI-USDT-SWAP,376.3277,1757905728974
2025-09-15 03:08:48.967000+00:00,YGG-USDT-SWAP,42221419.0,1757905728967
2025-09-15 03:08:48.953000+00:00,ZENT-USDT-SWAP,190120000.0,1757905728953
2025-09-15 03:08:48.971000+00:00,ZETA-USDT-SWAP,5473710.0,1757905728971
2025-09-15 03:08:48.971000+00:00,ZIL-USDT-SWAP,166102300.0,1757905728971
2025-09-15 03:08:49.473000+00:00,ZK-USDT-SWAP,50184470.0,1757905729473
2025-09-15 03:08:49.540000+00:00,ZRO-USDT-SWAP,1700219.0,1757905729540
2025-09-15 03:08:49.478000+00:00,ZRX-USDT-SWAP,7412720.0,1757905729478
2025-09-15 03:09:50.241000+00:00,1INCH-USDT-SWAP,7413566.0,1757905790241
2025-09-15 03:09:50.236000+00:00,A-USDT-SWAP,10785140.0,1757905790236
2025-09-15 03:09:50.257000+00:00,AAVE-USDT-SWAP,136871.29000000004,1757905790257
2025-09-15 03:09:50.251000+00:00,ACE-USDT-SWAP,2909086.0,1757905790251
2025-09-15 03:09:50.231000+00:00,ACH-USDT-SWAP,88984200.0,1757905790231
2025-09-15 03:09:50.435000+00:00,ACT-USDT-SWAP,87570051.0,1757905790435
2025-09-15 03:09:50.243000+00:00,ADA-USDT-SWAP,83851940.00000009,1757905790243
2025-09-15 03:09:50.246000+00:00,AERO-USDT-SWAP,1829790.0,1757905790246
2025-09-15 03:09:50.293000+00:00,AEVO-USDT-SWAP,14066617.0,1757905790293
2025-09-15 03:09:50.304000+00:00,AGLD-USDT-SWAP,2061936.0,1757905790304
2025-09-15 03:09:50.863000+00:00,AI16Z-USDT-SWAP,52358285.0,1757905790863
2025-09-15 03:09:50.857000+00:00,AIXBT-USDT-SWAP,23534770.0,1757905790857
2025-09-15 03:09:50.906000+00:00,ALGO-USDT-SWAP,29006390.0,1757905790906
2025-09-15 03:09:50.865000+00:00,ANIME-USDT-SWAP,94186360.0,1757905790865
2025-09-15 03:09:50.864000+00:00,APE-USDT-SWAP,8152170.0,1757905790864
2025-09-15 03:09:50.874000+00:00,API3-USDT-SWAP,2438678.0,1757905790874
2025-09-15 03:09:50.861000+00:00,APT-USDT-SWAP,3756686.0,1757905790861
2025-09-15 03:09:50.858000+00:00,AR-USDT-SWAP,517925.1,1757905790858
2025-09-15 03:09:50.927000+00:00,ARB-USDT-SWAP,34038688.999999985,1757905790927
2025-09-15 03:09:51.350000+00:00,ARC-USDT-SWAP,77601650.0,1757905791350
2025-09-15 03:09:51.364000+00:00,ARKM-USDT-SWAP,3763836.0,1757905791364
2025-09-15 03:09:51.369000+00:00,ATH-USDT-SWAP,181348300.0,1757905791369
2025-09-15 03:09:51.480000+00:00,ATOM-USDT-SWAP,1918919.0,1757905791480
2025-09-15 03:09:51.364000+00:00,AUCTION-USDT-SWAP,217023.6,1757905791364
2025-09-15 03:09:51.491000+00:00,AVAAI-USDT-SWAP,74333380.0,1757905791491
2025-09-15 03:09:51.368000+00:00,AVAX-USDT-SWAP,2105322.3000000003,1757905791368
2025-09-15 03:09:51.361000+00:00,AXS-USDT-SWAP,1150645.3,1757905791361
2025-09-15 03:09:51.356000+00:00,BABY-USDT-SWAP,36085280.0,1757905791356
2025-09-15 03:09:51.380000+00:00,BAND-USDT-SWAP,1387269.0,1757905791380
2025-09-15 03:09:51.937000+00:00,BAT-USDT-SWAP,5028420.0,1757905791937
2025-09-15 03:09:51.913000+00:00,BCH-USDT-SWAP,66526.76999999999,1757905791913
2025-09-15 03:09:51.935000+00:00,BERA-USDT-SWAP,2533078.9,1757905791935
2025-09-15 03:09:52.033000+00:00,BICO-USDT-SWAP,8001938.0,1757905792033
2025-09-15 03:09:51.934000+00:00,BIGTIME-USDT-SWAP,39415840.0,1757905791934
2025-09-15 03:09:52.102000+00:00,BIO-USDT-SWAP,60539500.0,1757905792102
2025-09-15 03:09:51.931000+00:00,BLUR-USDT-SWAP,26158210.0,1757905791931
2025-09-15 03:09:51.916000+00:00,BNB-USDT-SWAP,105486.65,1757905791916
2025-09-15 03:09:51.926000+00:00,BNT-USDT-SWAP,726680.0,1757905791926
2025-09-15 03:09:51.931000+00:00,BOME-USDT-SWAP,1343505000.0,1757905791931
2025-09-15 03:09:52.534000+00:00,BONK-USDT-SWAP,499993800000.0,1757905792534
2025-09-15 03:09:52.537000+00:00,BRETT-USDT-SWAP,15037900.0,1757905792537
2025-09-15 03:09:52.531000+00:00,BTC-USDT-SWAP,26383.403800000047,1757905792531
2025-09-15 03:09:52.534000+00:00,CAT-USDT-SWAP,153885000000.0,1757905792534
2025-09-15 03:09:52.551000+00:00,CATI-USDT-SWAP,12789579.0,1757905792551
2025-09-15 03:09:52.534000+00:00,CELO-USDT-SWAP,4663836.0,1757905792534
2025-09-15 03:09:52.535000+00:00,CETUS-USDT-SWAP,22893200.0,1757905792535
2025-09-15 03:09:52.535000+00:00,CFX-USDT-SWAP,75700920.0,1757905792535
2025-09-15 03:09:52.528000+00:00,CHZ-USDT-SWAP,79451300.0,1757905792528
2025-09-15 03:09:52.638000+00:00,COMP-USDT-SWAP,84630.1,1757905792638
2025-09-15 03:09:53.080000+00:00,COOKIE-USDT-SWAP,4111060.0,1757905793080
2025-09-15 03:09:53.062000+00:00,CORE-USDT-SWAP,9714968.0,1757905793062
2025-09-15 03:09:53.072000+00:00,CRO-USDT-SWAP,59185520.0,1757905793072
2025-09-15 03:09:53.078000+00:00,CRV-USDT-SWAP,24110064.0,1757905793078
2025-09-15 03:09:53.063000+00:00,CTC-USDT-SWAP,1804530.0,1757905793063
2025-09-15 03:09:53.073000+00:00,CVC-USDT-SWAP,8801400.0,1757905793073
2025-09-15 03:09:53.070000+00:00,CVX-USDT-SWAP,358249.0,1757905793070
2025-09-15 03:09:53.065000+00:00,DEGEN-USDT-SWAP,316459400.0,1757905793065
2025-09-15 03:09:53.522000+00:00,DOGE-USDT-SWAP,1837004640.000001,1757905793522
2025-09-15 03:09:53.536000+00:00,DOGS-USDT-SWAP,17025272000.0,1757905793536
2025-09-15 03:09:53.541000+00:00,DOOD-USDT-SWAP,179516000.0,1757905793541
2025-09-15 03:09:53.534000+00:00,DOT-USDT-SWAP,6448626.0,1757905793534
2025-09-15 03:09:53.532000+00:00,DUCK-USDT-SWAP,675739000.0,1757905793532
2025-09-15 03:09:53.529000+00:00,DYDX-USDT-SWAP,11499463.0,1757905793529
2025-09-15 03:09:53.632000+00:00,EGLD-USDT-SWAP,126116.2,1757905793632
2025-09-15 03:09:53.545000+00:00,EIGEN-USDT-SWAP,3375605.0,1757905793545
2025-09-15 03:09:53.529000+00:00,ENJ-USDT-SWAP,13764560.0,1757905793529
2025-09-15 03:09:53.764000+00:00,ENS-USDT-SWAP,326993.3,1757905793764
2025-09-15 03:09:54.206000+00:00,ETC-USDT-SWAP,1131395.6000000006,1757905794206
2025-09-15 03:09:54.203000+00:00,ETH-USDT-SWAP,783664.6180000028,1757905794203
2025-09-15 03:09:54.216000+00:00,ETHFI-USDT-SWAP,8155904.0,1757905794216
2025-09-15 03:09:54.235000+00:00,ETHW-USDT-SWAP,1258079.5,1757905794235
2025-09-15 03:09:54.192000+00:00,FARTCOIN-USDT-SWAP,20008029.0,1757905794192
2025-09-15 03:09:54.302000+00:00,FIL-USDT-SWAP,14467740.0,1757905794302
2025-09-15 03:09:54.261000+00:00,FLM-USDT-SWAP,41384890.0,1757905794261
2025-09-15 03:09:54.197000+00:00,FLOKI-USDT-SWAP,40628900000.0,1757905794197
2025-09-15 03:09:54.198000+00:00,FLOW-USDT-SWAP,4980770.0,1757905794198
2025-09-15 03:09:54.221000+00:00,FXS-USDT-SWAP,394537.0,1757905794221
2025-09-15 03:09:54.726000+00:00,GALA-USDT-SWAP,446498860.0,1757905794726
2025-09-15 03:09:54.730000+00:00,GAS-USDT-SWAP,360004.0,1757905794730
2025-09-15 03:09:54.735000+00:00,GLM-USDT-SWAP,2891860.0,1757905794735
2025-09-15 03:09:54.773000+00:00,GMT-USDT-SWAP,42867440.0,1757905794773
2025-09-15 03:09:54.848000+00:00,GMX-USDT-SWAP,61296.0,1757905794848
2025-09-15 03:09:54.820000+00:00,GOAT-USDT-SWAP,32220250.0,1757905794820
2025-09-15 03:09:54.759000+00:00,GODS-USDT-SWAP,6691229.0,1757905794759
2025-09-15 03:09:54.730000+00:00,GPS-USDT-SWAP,151677270.0,1757905794730
2025-09-15 03:09:54.735000+00:00,GRASS-USDT-SWAP,2761647.0,1757905794735
2025-09-15 03:09:54.744000+00:00,GRIFFAIN-USDT-SWAP,28604480.0,1757905794744
2025-09-15 03:09:55.278000+00:00,GRT-USDT-SWAP,21857040.0,1757905795278
2025-09-15 03:09:55.268000+00:00,H-USDT-SWAP,78884200.0,1757905795268
2025-09-15 03:09:55.278000+00:00,HBAR-USDT-SWAP,77338760.00000001,1757905795278
2025-09-15 03:09:55.322000+00:00,HMSTR-USDT-SWAP,1084855200.0,1757905795322
2025-09-15 03:09:55.278000+00:00,HOME-USDT-SWAP,21867100.0,1757905795278
2025-09-15 03:09:55.344000+00:00,HUMA-USDT-SWAP,69350400.0,1757905795344
2025-09-15 03:09:55.350000+00:00,HYPE-USDT-SWAP,902397.0,1757905795350
2025-09-15 03:09:55.272000+00:00,ICP-USDT-SWAP,1509600.89,1757905795272
2025-09-15 03:09:55.271000+00:00,ICX-USDT-SWAP,5917530.0,1757905795271
2025-09-15 03:09:55.277000+00:00,IMX-USDT-SWAP,7563883.0,1757905795277
2025-09-15 03:09:55.771000+00:00,INIT-USDT-SWAP,2463100.0,1757905795771
2025-09-15 03:09:55.772000+00:00,INJ-USDT-SWAP,904462.1,1757905795772
2025-09-15 03:09:55.943000+00:00,IOST-USDT-SWAP,279932000.0,1757905795943
2025-09-15 03:09:55.789000+00:00,IOTA-USDT-SWAP,15604640.0,1757905795789
2025-09-15 03:09:55.775000+00:00,IP-USDT-SWAP,2445313.0,1757905795775
2025-09-15 03:09:55.787000+00:00,JELLYJELLY-USDT-SWAP,178092800.0,1757905795787
2025-09-15 03:09:55.784000+00:00,JOE-USDT-SWAP,5931430.0,1757905795784
2025-09-15 03:09:55.781000+00:00,JTO-USDT-SWAP,4123779.0,1757905795781
2025-09-15 03:09:55.783000+00:00,JUP-USDT-SWAP,15130440.0,1757905795783
2025-09-15 03:09:56.383000+00:00,KAITO-USDT-SWAP,4393976.0,1757905796383
2025-09-15 03:09:56.372000+00:00,KMNO-USDT-SWAP,26739600.0,1757905796372
2025-09-15 03:09:56.378000+00:00,KSM-USDT-SWAP,130075.2,1757905796378
2025-09-15 03:09:56.380000+00:00,LA-USDT-SWAP,2988790.0,1757905796380
2025-09-15 03:09:56.376000+00:00,LAUNCHCOIN-USDT-SWAP,50827280.0,1757905796376
2025-09-15 03:09:56.371000+00:00,LAYER-USDT-SWAP,5942859.0,1757905796371
2025-09-15 03:09:56.380000+00:00,LDO-USDT-SWAP,14247558.0,1757905796380
2025-09-15 03:09:56.390000+00:00,LINK-USDT-SWAP,2577918.3,1757905796390
2025-09-15 03:09:56.387000+00:00,LPT-USDT-SWAP,713814.0,1757905796387
2025-09-15 03:09:56.383000+00:00,LQTY-USDT-SWAP,1552900.0,1757905796383
2025-09-15 03:09:56.949000+00:00,LRC-USDT-SWAP,18065490.0,1757905796949
2025-09-15 03:09:56.824000+00:00,LTC-USDT-SWAP,698126.1999999998,1757905796824
2025-09-15 03:09:56.824000+00:00,LUNA-USDT-SWAP,16363900.0,1757905796824
2025-09-15 03:09:56.874000+00:00,LUNC-USDT-SWAP,28373740000.0,1757905796874
2025-09-15 03:09:56.832000+00:00,MAGIC-USDT-SWAP,18187694.0,1757905796832
2025-09-15 03:09:56.821000+00:00,MAJOR-USDT-SWAP,5372925.0,1757905796821
2025-09-15 03:09:56.830000+00:00,MANA-USDT-SWAP,11303480.0,1757905796830
2025-09-15 03:09:56.820000+00:00,MASK-USDT-SWAP,3005598.0,1757905796820
2025-09-15 03:09:56.838000+00:00,ME-USDT-SWAP,3610736.0,1757905796838
2025-09-15 03:09:56.828000+00:00,MEME-USDT-SWAP,1394129800.0,1757905796828
2025-09-15 03:09:57.370000+00:00,MERL-USDT-SWAP,46166351.0,1757905797370
2025-09-15 03:09:57.385000+00:00,METIS-USDT-SWAP,106284.1,1757905797385
2025-09-15 03:09:57.508000+00:00,MEW-USDT-SWAP,1153167000.0,1757905797508
2025-09-15 03:09:57.376000+00:00,MINA-USDT-SWAP,7419826.0,1757905797376
2025-09-15 03:09:57.386000+00:00,MOG-USDT-SWAP,664210000000.0,1757905797386
2025-09-15 03:09:57.381000+00:00,MOODENG-USDT-SWAP,66455840.0,1757905797381
2025-09-15 03:09:57.384000+00:00,MORPHO-USDT-SWAP,1496325.0,1757905797384
2025-09-15 03:09:57.375000+00:00,MOVE-USDT-SWAP,26274540.0,1757905797375
2025-09-15 03:09:57.377000+00:00,MUBARAK-USDT-SWAP,12402400.0,1757905797377
2025-09-15 03:09:57.941000+00:00,NEAR-USDT-SWAP,5336762.000000003,1757905797941
2025-09-15 03:09:58.006000+00:00,NEIRO-USDT-SWAP,10340504000.0,1757905798006
2025-09-15 03:09:57.945000+00:00,NEO-USDT-SWAP,355014.0,1757905797945
2025-09-15 03:09:57.941000+00:00,NEWT-USDT-SWAP,3000070.0,1757905797941
2025-09-15 03:09:57.949000+00:00,NMR-USDT-SWAP,405403.0,1757905797949
2025-09-15 03:09:57.941000+00:00,NOT-USDT-SWAP,1632105800.0,1757905797941
2025-09-15 03:09:57.951000+00:00,NXPC-USDT-SWAP,1197662.0,1757905797951
2025-09-15 03:09:57.938000+00:00,OL-USDT-SWAP,76441170.0,1757905797938
2025-09-15 03:09:58.041000+00:00,OM-USDT-SWAP,24262686.999999996,1757905798041
2025-09-15 03:09:58.471000+00:00,ONDO-USDT-SWAP,23326500.0,1757905798471
2025-09-15 03:09:58.474000+00:00,ONE-USDT-SWAP,85886500.0,1757905798474
2025-09-15 03:09:58.476000+00:00,ONT-USDT-SWAP,10766780.0,1757905798476
2025-09-15 03:09:58.634000+00:00,OP-USDT-SWAP,26113956.0,1757905798634
2025-09-15 03:09:58.481000+00:00,ORBS-USDT-SWAP,27106400.0,1757905798481
2025-09-15 03:09:58.477000+00:00,ORDI-USDT-SWAP,1394478.8,1757905798477
2025-09-15 03:09:58.585000+00:00,PARTI-USDT-SWAP,15163610.0,1757905798585
2025-09-15 03:09:58.489000+00:00,PENGU-USDT-SWAP,631831500.0,1757905798489
2025-09-15 03:09:58.487000+00:00,PEOPLE-USDT-SWAP,384772500.0,1757905798487
2025-09-15 03:09:58.472000+00:00,PEPE-USDT-SWAP,8348106000000.003,1757905798472
2025-09-15 03:09:59.138000+00:00,PERP-USDT-SWAP,3220906.0,1757905799138
2025-09-15 03:09:59.065000+00:00,PI-USDT-SWAP,33045021.0,1757905799065
2025-09-15 03:09:59.069000+00:00,PLUME-USDT-SWAP,24253180.0,1757905799069
2025-09-15 03:09:59.073000+00:00,PNUT-USDT-SWAP,42758180.0,1757905799073
2025-09-15 03:09:59.070000+00:00,POL-USDT-SWAP,36729040.0,1757905799070
2025-09-15 03:09:59.073000+00:00,POPCAT-USDT-SWAP,10034550.0,1757905799073
2025-09-15 03:09:59.067000+00:00,PRCL-USDT-SWAP,24534602.0,1757905799067
2025-09-15 03:09:59.070000+00:00,PROMPT-USDT-SWAP,34591550.0,1757905799070
2025-09-15 03:09:59.069000+00:00,PUMP-USDT-SWAP,6903900000.0,1757905799069
2025-09-15 03:09:59.067000+00:00,PYTH-USDT-SWAP,48786130.0,1757905799067
2025-09-15 03:09:59.578000+00:00,QTUM-USDT-SWAP,1193829.0,1757905799578
2025-09-15 03:09:59.580000+00:00,RAY-USDT-SWAP,1139681.0,1757905799580
2025-09-15 03:09:59.578000+00:00,RENDER-USDT-SWAP,1336710.0,1757905799578
2025-09-15 03:09:59.571000+00:00,RESOLV-USDT-SWAP,24370020.0,1757905799571
2025-09-15 03:09:59.586000+00:00,RSR-USDT-SWAP,254493900.0,1757905799586
2025-09-15 03:09:59.567000+00:00,RVN-USDT-SWAP,70427460.0,1757905799567
2025-09-15 03:09:59.564000+00:00,S-USDT-SWAP,11818520.0,1757905799564
2025-09-15 03:09:59.582000+00:00,SAHARA-USDT-SWAP,41217560.0,1757905799582
2025-09-15 03:09:59.573000+00:00,SAND-USDT-SWAP,18096460.0,1757905799573
2025-09-15 03:09:59.574000+00:00,SATS-USDT-SWAP,205569920000000.0,1757905799574
2025-09-15 03:10:00.091000+00:00,SCR-USDT-SWAP,2704459.0,1757905800091
2025-09-15 03:10:00.020000+00:00,SHELL-USDT-SWAP,5377430.0,1757905800020
2025-09-15 03:10:00.016000+00:00,SHIB-USDT-SWAP,1763833300000.0002,1757905800016
2025-09-15 03:10:00.023000+00:00,SIGN-USDT-SWAP,43303100.0,1757905800023
2025-09-15 03:10:00.020000+00:00,SLP-USDT-SWAP,417294850.0,1757905800020
2025-09-15 03:10:00.028000+00:00,SNX-USDT-SWAP,2429707.0,1757905800028
2025-09-15 03:10:00.023000+00:00,SOL-USDT-SWAP,3464378.710000002,1757905800023
2025-09-15 03:10:00.052000+00:00,SOLV-USDT-SWAP,56726500.0,1757905800052
2025-09-15 03:10:00.029000+00:00,SONIC-USDT-SWAP,7728423.0,1757905800029
2025-09-15 03:10:00.016000+00:00,SOON-USDT-SWAP,7671830.0,1757905800016
2025-09-15 03:10:00.517000+00:00,SOPH-USDT-SWAP,75319900.0,1757905800517
2025-09-15 03:10:00.512000+00:00,SPK-USDT-SWAP,108384800.0,1757905800512
2025-09-15 03:10:00.522000+00:00,SPX-USDT-SWAP,994770.0,1757905800522
2025-09-15 03:10:00.524000+00:00,SSV-USDT-SWAP,309735.4,1757905800524
2025-09-15 03:10:00.527000+00:00,STORJ-USDT-SWAP,5481210.0,1757905800527
2025-09-15 03:10:00.528000+00:00,STRK-USDT-SWAP,24062115.0,1757905800528
2025-09-15 03:10:00.537000+00:00,STX-USDT-SWAP,6629039.0,1757905800537
2025-09-15 03:10:00.525000+00:00,SUI-USDT-SWAP,20713513.0,1757905800525
2025-09-15 03:10:00.531000+00:00,SUSHI-USDT-SWAP,8662655.0,1757905800531
2025-09-15 03:10:00.716000+00:00,SWARMS-USDT-SWAP,79575340.0,1757905800716
2025-09-15 03:10:01.153000+00:00,SYRUP-USDT-SWAP,2408840.0,1757905801153
2025-09-15 03:10:01.277000+00:00,T-USDT-SWAP,45321900.0,1757905801277
2025-09-15 03:10:01.177000+00:00,TAO-USDT-SWAP,13553.68,1757905801177
2025-09-15 03:10:01.168000+00:00,THETA-USDT-SWAP,3082263.000000001,1757905801168
2025-09-15 03:10:01.162000+00:00,TIA-USDT-SWAP,5411356.0,1757905801162
2025-09-15 03:10:01.172000+00:00,TNSR-USDT-SWAP,8496857.0,1757905801172
2025-09-15 03:10:01.166000+00:00,TON-USDT-SWAP,9035817.0,1757905801166
2025-09-15 03:10:01.162000+00:00,TRB-USDT-SWAP,250781.7,1757905801162
2025-09-15 03:10:01.162000+00:00,TREE-USDT-SWAP,10191604.0,1757905801162
2025-09-15 03:10:01.184000+00:00,TRUMP-USDT-SWAP,5509225.2,1757905801184
2025-09-15 03:10:01.709000+00:00,TRX-USDT-SWAP,92991030.00000006,1757905801709
2025-09-15 03:10:01.714000+00:00,TURBO-USDT-SWAP,945642000.0000001,1757905801714
2025-09-15 03:10:01.717000+00:00,UMA-USDT-SWAP,1436077.2,1757905801717
2025-09-15 03:10:01.725000+00:00,UNI-USDT-SWAP,3828833.0,1757905801725
2025-09-15 03:10:01.726000+00:00,USDC-USDT-SWAP,996340.0,1757905801726
2025-09-15 03:10:01.717000+00:00,USELESS-USDT-SWAP,11557460.0,1757905801717
2025-09-15 03:10:01.742000+00:00,USTC-USDT-SWAP,109759800.0,1757905801742
2025-09-15 03:10:01.714000+00:00,UXLINK-USDT-SWAP,6639730.0,1757905801714
2025-09-15 03:10:01.706000+00:00,VANA-USDT-SWAP,141122.2,1757905801706
2025-09-15 03:10:01.723000+00:00,VINE-USDT-SWAP,114440170.0,1757905801723
2025-09-15 03:10:02.213000+00:00,VIRTUAL-USDT-SWAP,3753558.0,1757905802213
2025-09-15 03:10:02.173000+00:00,W-USDT-SWAP,48839800.0,1757905802173
2025-09-15 03:10:02.176000+00:00,WAL-USDT-SWAP,2235200.0,1757905802176
2025-09-15 03:10:02.175000+00:00,WCT-USDT-SWAP,10158700.0,1757905802175
2025-09-15 03:10:02.309000+00:00,WIF-USDT-SWAP,16811839.0,1757905802309
2025-09-15 03:10:02.187000+00:00,WLD-USDT-SWAP,29974656.0,1757905802187
2025-09-15 03:10:02.183000+00:00,WLFI-USDT-SWAP,274741350.0,1757905802183
2025-09-15 03:10:02.176000+00:00,WOO-USDT-SWAP,20652070.0,1757905802176
2025-09-15 03:10:02.299000+00:00,XAUT-USDT-SWAP,5233.882,1757905802299
2025-09-15 03:10:02.755000+00:00,XLM-USDT-SWAP,42701259.99999999,1757905802755
2025-09-15 03:10:02.753000+00:00,XPL-USDT-SWAP,6789580.0,1757905802753
2025-09-15 03:10:02.763000+00:00,XRP-USDT-SWAP,95114479.99999997,1757905802763
2025-09-15 03:10:02.777000+00:00,XTZ-USDT-SWAP,5736903.0,1757905802777
2025-09-15 03:10:02.768000+00:00,YFI-USDT-SWAP,376.5871,1757905802768
2025-09-15 03:10:02.814000+00:00,YGG-USDT-SWAP,42132593.0,1757905802814
2025-09-15 03:10:02.812000+00:00,ZENT-USDT-SWAP,190379300.0,1757905802812
2025-09-15 03:10:02.765000+00:00,ZETA-USDT-SWAP,5473610.0,1757905802765
2025-09-15 03:10:02.770000+00:00,ZIL-USDT-SWAP,166102300.0,1757905802770
2025-09-15 03:10:03.242000+00:00,ZK-USDT-SWAP,50184490.0,1757905803242
2025-09-15 03:10:03.258000+00:00,ZRO-USDT-SWAP,1700948.0,1757905803258
2025-09-15 03:10:03.248000+00:00,ZRX-USDT-SWAP,7412760.0,1757905803248
2025-09-15 03:11:03.964000+00:00,1INCH-USDT-SWAP,7412181.0,1757905863964
2025-09-15 03:11:03.953000+00:00,A-USDT-SWAP,10783120.0,1757905863953
2025-09-15 03:11:03.969000+00:00,AAVE-USDT-SWAP,136868.99000000005,1757905863969
2025-09-15 03:11:03.953000+00:00,ACE-USDT-SWAP,2905863.0,1757905863953
2025-09-15 03:11:03.946000+00:00,ACH-USDT-SWAP,88959500.0,1757905863946
2025-09-15 03:11:03.953000+00:00,ACT-USDT-SWAP,87571337.0,1757905863953
2025-09-15 03:11:03.953000+00:00,ADA-USDT-SWAP,83875070.00000009,1757905863953
2025-09-15 03:11:03.958000+00:00,AERO-USDT-SWAP,1830120.0,1757905863958
2025-09-15 03:11:03.961000+00:00,AEVO-USDT-SWAP,14066127.0,1757905863961
2025-09-15 03:11:03.973000+00:00,AGLD-USDT-SWAP,2061944.0,1757905863973
2025-09-15 03:11:04.407000+00:00,AI16Z-USDT-SWAP,52240582.0,1757905864407
2025-09-15 03:11:04.412000+00:00,AIXBT-USDT-SWAP,23515350.0,1757905864412
2025-09-15 03:11:04.420000+00:00,ALGO-USDT-SWAP,29002380.0,1757905864420
2025-09-15 03:11:04.439000+00:00,ANIME-USDT-SWAP,94208520.0,1757905864439
2025-09-15 03:11:04.439000+00:00,APE-USDT-SWAP,8153028.6,1757905864439
2025-09-15 03:11:04.488000+00:00,API3-USDT-SWAP,2438227.0,1757905864488
2025-09-15 03:11:04.416000+00:00,APT-USDT-SWAP,3757413.0,1757905864416
2025-09-15 03:11:04.419000+00:00,AR-USDT-SWAP,517878.9,1757905864419
2025-09-15 03:11:04.434000+00:00,ARB-USDT-SWAP,34043668.999999985,1757905864434
2025-09-15 03:11:04.919000+00:00,ARC-USDT-SWAP,77538120.0,1757905864919
2025-09-15 03:11:04.917000+00:00,ARKM-USDT-SWAP,3762974.0,1757905864917
2025-09-15 03:11:04.927000+00:00,ATH-USDT-SWAP,181256000.0,1757905864927
2025-09-15 03:11:04.934000+00:00,ATOM-USDT-SWAP,1918932.0,1757905864934
2025-09-15 03:11:04.911000+00:00,AUCTION-USDT-SWAP,217059.0,1757905864911
2025-09-15 03:11:04.922000+00:00,AVAAI-USDT-SWAP,74358030.0,1757905864922
2025-09-15 03:11:04.927000+00:00,AVAX-USDT-SWAP,2103630.2,1757905864927
2025-09-15 03:11:04.917000+00:00,AXS-USDT-SWAP,1150855.2,1757905864917
2025-09-15 03:11:05.025000+00:00,BABY-USDT-SWAP,36073390.0,1757905865025
2025-09-15 03:11:04.920000+00:00,BAND-USDT-SWAP,1386784.0,1757905864920
2025-09-15 03:11:05.452000+00:00,BAT-USDT-SWAP,5026200.0,1757905865452
2025-09-15 03:11:05.456000+00:00,BCH-USDT-SWAP,66532.52999999998,1757905865456
2025-09-15 03:11:05.462000+00:00,BERA-USDT-SWAP,2534754.0,1757905865462
2025-09-15 03:11:05.464000+00:00,BICO-USDT-SWAP,8001307.0,1757905865464
2025-09-15 03:11:05.464000+00:00,BIGTIME-USDT-SWAP,39434060.0,1757905865464
2025-09-15 03:11:05.492000+00:00,BIO-USDT-SWAP,60549232.0,1757905865492
2025-09-15 03:11:05.578000+00:00,BLUR-USDT-SWAP,26158170.0,1757905865578
2025-09-15 03:11:05.470000+00:00,BNB-USDT-SWAP,105444.33,1757905865470
2025-09-15 03:11:05.454000+00:00,BNT-USDT-SWAP,726680.0,1757905865454
2025-09-15 03:11:05.459000+00:00,BOME-USDT-SWAP,1352432000.0,1757905865459
2025-09-15 03:11:06.151000+00:00,BONK-USDT-SWAP,500277800000.0,1757905866151
2025-09-15 03:11:06.008000+00:00,BRETT-USDT-SWAP,15037100.0,1757905866008
2025-09-15 03:11:06.019000+00:00,BTC-USDT-SWAP,26385.65840000005,1757905866019
2025-09-15 03:11:06.015000+00:00,CAT-USDT-SWAP,153836100000.0,1757905866015
2025-09-15 03:11:06.007000+00:00,CATI-USDT-SWAP,12788108.0,1757905866007
2025-09-15 03:11:06.018000+00:00,CELO-USDT-SWAP,4664556.0,1757905866018
2025-09-15 03:11:06.013000+00:00,CETUS-USDT-SWAP,22891470.0,1757905866013
2025-09-15 03:11:06.037000+00:00,CFX-USDT-SWAP,75661550.0,1757905866037
2025-09-15 03:11:06.010000+00:00,CHZ-USDT-SWAP,79447170.0,1757905866010
2025-09-15 03:11:06.011000+00:00,COMP-USDT-SWAP,84631.2,1757905866011
2025-09-15 03:11:06.575000+00:00,COOKIE-USDT-SWAP,4115760.0,1757905866575
2025-09-15 03:11:06.583000+00:00,CORE-USDT-SWAP,9714985.0,1757905866583
2025-09-15 03:11:06.592000+00:00,CRO-USDT-SWAP,59203030.0,1757905866592
2025-09-15 03:11:06.575000+00:00,CRV-USDT-SWAP,24105901.0,1757905866575
2025-09-15 03:11:06.586000+00:00,CTC-USDT-SWAP,1804530.0,1757905866586
2025-09-15 03:11:06.586000+00:00,CVC-USDT-SWAP,8801400.0,1757905866586
2025-09-15 03:11:06.628000+00:00,CVX-USDT-SWAP,358156.0,1757905866628
2025-09-15 03:11:06.600000+00:00,DEGEN-USDT-SWAP,316389400.0,1757905866600
2025-09-15 03:11:07.077000+00:00,DOGE-USDT-SWAP,1835969570.000001,1757905867077
2025-09-15 03:11:07.062000+00:00,DOGS-USDT-SWAP,17036922000.0,1757905867062
2025-09-15 03:11:07.060000+00:00,DOOD-USDT-SWAP,179541000.0,1757905867060
2025-09-15 03:11:07.059000+00:00,DOT-USDT-SWAP,6449516.0,1757905867059
2025-09-15 03:11:07.056000+00:00,DUCK-USDT-SWAP,675739000.0,1757905867056
2025-09-15 03:11:07.068000+00:00,DYDX-USDT-SWAP,11494104.0,1757905867068
2025-09-15 03:11:07.061000+00:00,EGLD-USDT-SWAP,126089.6,1757905867061
2025-09-15 03:11:07.057000+00:00,EIGEN-USDT-SWAP,3375613.0,1757905867057
2025-09-15 03:11:07.064000+00:00,ENJ-USDT-SWAP,13758710.0,1757905867064
2025-09-15 03:11:07.060000+00:00,ENS-USDT-SWAP,326954.7,1757905867060
2025-09-15 03:11:07.515000+00:00,ETC-USDT-SWAP,1131248.1000000006,1757905867515
2025-09-15 03:11:07.519000+00:00,ETH-USDT-SWAP,784074.3020000026,1757905867519
2025-09-15 03:11:07.532000+00:00,ETHFI-USDT-SWAP,8152999.0,1757905867532
2025-09-15 03:11:07.515000+00:00,ETHW-USDT-SWAP,1258234.7,1757905867515
2025-09-15 03:11:07.514000+00:00,FARTCOIN-USDT-SWAP,20010551.0,1757905867514
2025-09-15 03:11:07.515000+00:00,FIL-USDT-SWAP,14464423.4,1757905867515
2025-09-15 03:11:07.524000+00:00,FLM-USDT-SWAP,41382540.0,1757905867524
2025-09-15 03:11:07.522000+00:00,FLOKI-USDT-SWAP,40620800000.0,1757905867522
2025-09-15 03:11:07.550000+00:00,FLOW-USDT-SWAP,4978170.0,1757905867550
2025-09-15 03:11:07.524000+00:00,FXS-USDT-SWAP,394536.0,1757905867524
2025-09-15 03:11:07.976000+00:00,GALA-USDT-SWAP,446481250.0,1757905867976
2025-09-15 03:11:07.993000+00:00,GAS-USDT-SWAP,360004.0,1757905867993
2025-09-15 03:11:07.995000+00:00,GLM-USDT-SWAP,2891770.0,1757905867995
2025-09-15 03:11:08.076000+00:00,GMT-USDT-SWAP,42875795.0,1757905868076
2025-09-15 03:11:07.975000+00:00,GMX-USDT-SWAP,61293.9,1757905867975
2025-09-15 03:11:07.993000+00:00,GOAT-USDT-SWAP,32256970.0,1757905867993
2025-09-15 03:11:08.001000+00:00,GODS-USDT-SWAP,6691230.0,1757905868001
2025-09-15 03:11:07.989000+00:00,GPS-USDT-SWAP,151565460.0,1757905867989
2025-09-15 03:11:07.991000+00:00,GRASS-USDT-SWAP,2761209.0,1757905867991
2025-09-15 03:11:07.991000+00:00,GRIFFAIN-USDT-SWAP,28603730.0,1757905867991
2025-09-15 03:11:08.507000+00:00,GRT-USDT-SWAP,21853600.0,1757905868507
2025-09-15 03:11:08.503000+00:00,H-USDT-SWAP,78600500.0,1757905868503
2025-09-15 03:11:08.504000+00:00,HBAR-USDT-SWAP,77332820.00000001,1757905868504
2025-09-15 03:11:08.504000+00:00,HMSTR-USDT-SWAP,1086259600.0,1757905868504
2025-09-15 03:11:08.499000+00:00,HOME-USDT-SWAP,21867100.0,1757905868499
2025-09-15 03:11:08.506000+00:00,HUMA-USDT-SWAP,69451800.0,1757905868506
2025-09-15 03:11:08.654000+00:00,HYPE-USDT-SWAP,902449.8,1757905868654
2025-09-15 03:11:08.505000+00:00,ICP-USDT-SWAP,1509597.84,1757905868505
2025-09-15 03:11:08.513000+00:00,ICX-USDT-SWAP,5917330.0,1757905868513
2025-09-15 03:11:08.512000+00:00,IMX-USDT-SWAP,7554412.0,1757905868512
2025-09-15 03:11:09.086000+00:00,INIT-USDT-SWAP,2463190.0,1757905869086
2025-09-15 03:11:09.090000+00:00,INJ-USDT-SWAP,904418.9,1757905869090
2025-09-15 03:11:09.101000+00:00,IOST-USDT-SWAP,279665000.0,1757905869101
2025-09-15 03:11:09.091000+00:00,IOTA-USDT-SWAP,15604770.0,1757905869091
2025-09-15 03:11:09.095000+00:00,IP-USDT-SWAP,2445244.0,1757905869095
2025-09-15 03:11:09.096000+00:00,JELLYJELLY-USDT-SWAP,178182100.0,1757905869096
2025-09-15 03:11:09.093000+00:00,JOE-USDT-SWAP,5934720.0,1757905869093
2025-09-15 03:11:09.092000+00:00,JTO-USDT-SWAP,4123045.0,1757905869092
2025-09-15 03:11:09.090000+00:00,JUP-USDT-SWAP,15130900.0,1757905869090
2025-09-15 03:11:09.529000+00:00,KAITO-USDT-SWAP,4393461.0,1757905869529
2025-09-15 03:11:09.521000+00:00,KMNO-USDT-SWAP,26588400.0,1757905869521
2025-09-15 03:11:09.530000+00:00,KSM-USDT-SWAP,130171.4,1757905869530
2025-09-15 03:11:09.541000+00:00,LA-USDT-SWAP,2981120.0,1757905869541
2025-09-15 03:11:09.690000+00:00,LAUNCHCOIN-USDT-SWAP,50843600.0,1757905869690
2025-09-15 03:11:09.525000+00:00,LAYER-USDT-SWAP,5943274.0,1757905869525
2025-09-15 03:11:09.526000+00:00,LDO-USDT-SWAP,14249177.0,1757905869526
2025-09-15 03:11:09.527000+00:00,LINK-USDT-SWAP,2577753.6999999993,1757905869527
2025-09-15 03:11:09.543000+00:00,LPT-USDT-SWAP,713625.7,1757905869543
2025-09-15 03:11:09.533000+00:00,LQTY-USDT-SWAP,1552404.0,1757905869533
2025-09-15 03:11:10.116000+00:00,LRC-USDT-SWAP,18067530.0,1757905870116
2025-09-15 03:11:10.116000+00:00,LTC-USDT-SWAP,698095.2999999998,1757905870116
2025-09-15 03:11:10.123000+00:00,LUNA-USDT-SWAP,16342811.0,1757905870123
2025-09-15 03:11:10.117000+00:00,LUNC-USDT-SWAP,28374460000.0,1757905870117
2025-09-15 03:11:10.123000+00:00,MAGIC-USDT-SWAP,18173560.0,1757905870123
2025-09-15 03:11:10.210000+00:00,MAJOR-USDT-SWAP,5371271.0,1757905870210
2025-09-15 03:11:10.124000+00:00,MANA-USDT-SWAP,11278450.0,1757905870124
2025-09-15 03:11:10.133000+00:00,MASK-USDT-SWAP,3005606.0,1757905870133
2025-09-15 03:11:10.123000+00:00,ME-USDT-SWAP,3610746.0,1757905870123
2025-09-15 03:11:10.113000+00:00,MEME-USDT-SWAP,1394164900.0,1757905870113
2025-09-15 03:11:10.643000+00:00,MERL-USDT-SWAP,46167994.0,1757905870643
2025-09-15 03:11:10.655000+00:00,METIS-USDT-SWAP,106298.5,1757905870655
2025-09-15 03:11:10.660000+00:00,MEW-USDT-SWAP,1153667000.0,1757905870660
2025-09-15 03:11:10.654000+00:00,MINA-USDT-SWAP,7428346.0,1757905870654
2025-09-15 03:11:10.654000+00:00,MOG-USDT-SWAP,664190000000.0,1757905870654
2025-09-15 03:11:10.653000+00:00,MOODENG-USDT-SWAP,66476080.0,1757905870653
2025-09-15 03:11:10.651000+00:00,MORPHO-USDT-SWAP,1497851.0,1757905870651
2025-09-15 03:11:10.645000+00:00,MOVE-USDT-SWAP,26274530.0,1757905870645
2025-09-15 03:11:10.654000+00:00,MUBARAK-USDT-SWAP,12397700.0,1757905870654
2025-09-15 03:11:11.090000+00:00,NEAR-USDT-SWAP,5336346.000000003,1757905871090
2025-09-15 03:11:11.091000+00:00,NEIRO-USDT-SWAP,10335278000.0,1757905871091
2025-09-15 03:11:11.093000+00:00,NEO-USDT-SWAP,354966.0,1757905871093
2025-09-15 03:11:11.099000+00:00,NEWT-USDT-SWAP,2999110.0,1757905871099
2025-09-15 03:11:11.092000+00:00,NMR-USDT-SWAP,405305.7,1757905871092
2025-09-15 03:11:11.097000+00:00,NOT-USDT-SWAP,1630885400.0,1757905871097
2025-09-15 03:11:11.098000+00:00,NXPC-USDT-SWAP,1197824.0,1757905871098
2025-09-15 03:11:11.091000+00:00,OL-USDT-SWAP,76451930.0,1757905871091
2025-09-15 03:11:11.097000+00:00,OM-USDT-SWAP,24256282.999999996,1757905871097
2025-09-15 03:11:11.525000+00:00,ONDO-USDT-SWAP,23331390.0,1757905871525
2025-09-15 03:11:11.529000+00:00,ONE-USDT-SWAP,85882800.0,1757905871529
2025-09-15 03:11:11.532000+00:00,ONT-USDT-SWAP,10766360.0,1757905871532
2025-09-15 03:11:11.535000+00:00,OP-USDT-SWAP,26097629.0,1757905871535
2025-09-15 03:11:11.529000+00:00,ORBS-USDT-SWAP,27106400.0,1757905871529
2025-09-15 03:11:11.547000+00:00,ORDI-USDT-SWAP,1394648.4,1757905871547
2025-09-15 03:11:11.548000+00:00,PARTI-USDT-SWAP,15160300.0,1757905871548
2025-09-15 03:11:11.533000+00:00,PENGU-USDT-SWAP,631758100.0,1757905871533
2025-09-15 03:11:11.536000+00:00,PEOPLE-USDT-SWAP,384694400.0,1757905871536
2025-09-15 03:11:11.549000+00:00,PEPE-USDT-SWAP,8346851000000.004,1757905871549
2025-09-15 03:11:11.983000+00:00,PERP-USDT-SWAP,3228677.0,1757905871983
2025-09-15 03:11:11.985000+00:00,PI-USDT-SWAP,33043214.0,1757905871985
2025-09-15 03:11:11.988000+00:00,PLUME-USDT-SWAP,24126370.0,1757905871988
2025-09-15 03:11:12+00:00,PNUT-USDT-SWAP,42786430.0,1757905872000
2025-09-15 03:11:11.983000+00:00,POL-USDT-SWAP,36730110.0,1757905871983
2025-09-15 03:11:12.008000+00:00,POPCAT-USDT-SWAP,10031990.0,1757905872008
2025-09-15 03:11:11.992000+00:00,PRCL-USDT-SWAP,24532524.0,1757905871992
2025-09-15 03:11:11.991000+00:00,PROMPT-USDT-SWAP,34577450.0,1757905871991
2025-09-15 03:11:11.985000+00:00,PUMP-USDT-SWAP,6937685000.0,1757905871985
2025-09-15 03:11:11.994000+00:00,PYTH-USDT-SWAP,48775280.0,1757905871994
2025-09-15 03:11:12.486000+00:00,QTUM-USDT-SWAP,1193605.0,1757905872486
2025-09-15 03:11:12.445000+00:00,RAY-USDT-SWAP,1137002.0,1757905872445
2025-09-15 03:11:12.643000+00:00,RENDER-USDT-SWAP,1336880.0,1757905872643
2025-09-15 03:11:12.447000+00:00,RESOLV-USDT-SWAP,24366450.0,1757905872447
2025-09-15 03:11:12.455000+00:00,RSR-USDT-SWAP,254708700.0,1757905872455
2025-09-15 03:11:12.445000+00:00,RVN-USDT-SWAP,70427450.0,1757905872445
2025-09-15 03:11:12.511000+00:00,S-USDT-SWAP,11829280.0,1757905872511
2025-09-15 03:11:12.438000+00:00,SAHARA-USDT-SWAP,41206810.0,1757905872438
2025-09-15 03:11:12.455000+00:00,SAND-USDT-SWAP,18097930.0,1757905872455
2025-09-15 03:11:12.477000+00:00,SATS-USDT-SWAP,205583570000000.0,1757905872477
2025-09-15 03:11:13.078000+00:00,SCR-USDT-SWAP,2704318.0,1757905873078
2025-09-15 03:11:13.080000+00:00,SHELL-USDT-SWAP,5376550.0,1757905873080
2025-09-15 03:11:13.081000+00:00,SHIB-USDT-SWAP,1763807100000.0002,1757905873081
2025-09-15 03:11:13.076000+00:00,SIGN-USDT-SWAP,43303200.0,1757905873076
2025-09-15 03:11:13.079000+00:00,SLP-USDT-SWAP,417436480.0,1757905873079
2025-09-15 03:11:13.075000+00:00,SNX-USDT-SWAP,2429697.0,1757905873075
2025-09-15 03:11:13.100000+00:00,SOL-USDT-SWAP,3465446.330000002,1757905873100
2025-09-15 03:11:13.083000+00:00,SOLV-USDT-SWAP,56743900.0,1757905873083
2025-09-15 03:11:13.092000+00:00,SONIC-USDT-SWAP,7730658.0,1757905873092
2025-09-15 03:11:13.092000+00:00,SOON-USDT-SWAP,7664770.0,1757905873092
2025-09-15 03:11:13.547000+00:00,SOPH-USDT-SWAP,75279900.0,1757905873547
2025-09-15 03:11:13.551000+00:00,SPK-USDT-SWAP,108370700.0,1757905873551
2025-09-15 03:11:13.557000+00:00,SPX-USDT-SWAP,994736.0,1757905873557
2025-09-15 03:11:13.552000+00:00,SSV-USDT-SWAP,309945.9,1757905873552
2025-09-15 03:11:13.549000+00:00,STORJ-USDT-SWAP,5481220.0,1757905873549
2025-09-15 03:11:13.668000+00:00,STRK-USDT-SWAP,24060363.0,1757905873668
2025-09-15 03:11:13.545000+00:00,STX-USDT-SWAP,6629110.999999999,1757905873545
2025-09-15 03:11:13.543000+00:00,SUI-USDT-SWAP,20735130.0,1757905873543
2025-09-15 03:11:13.543000+00:00,SUSHI-USDT-SWAP,8671792.0,1757905873543
2025-09-15 03:11:13.564000+00:00,SWARMS-USDT-SWAP,79583430.0,1757905873564
2025-09-15 03:11:14.094000+00:00,SYRUP-USDT-SWAP,2408070.0,1757905874094
2025-09-15 03:11:14.094000+00:00,T-USDT-SWAP,45311000.0,1757905874094
2025-09-15 03:11:14.095000+00:00,TAO-USDT-SWAP,13555.06,1757905874095
2025-09-15 03:11:14.096000+00:00,THETA-USDT-SWAP,3082263.000000001,1757905874096
2025-09-15 03:11:14.119000+00:00,TIA-USDT-SWAP,5410157.0,1757905874119
2025-09-15 03:11:14.092000+00:00,TNSR-USDT-SWAP,8496680.0,1757905874092
2025-09-15 03:11:14.099000+00:00,TON-USDT-SWAP,9039199.0,1757905874099
2025-09-15 03:11:14.095000+00:00,TRB-USDT-SWAP,250836.9,1757905874095
2025-09-15 03:11:14.311000+00:00,TREE-USDT-SWAP,10169418.0,1757905874311
2025-09-15 03:11:14.100000+00:00,TRUMP-USDT-SWAP,5509665.9,1757905874100
2025-09-15 03:11:14.738000+00:00,TRX-USDT-SWAP,93130560.00000006,1757905874738
2025-09-15 03:11:14.739000+00:00,TURBO-USDT-SWAP,949345000.0000002,1757905874739
2025-09-15 03:11:14.752000+00:00,UMA-USDT-SWAP,1436004.8,1757905874752
2025-09-15 03:11:14.743000+00:00,UNI-USDT-SWAP,3828123.0,1757905874743
2025-09-15 03:11:14.765000+00:00,USDC-USDT-SWAP,996330.0,1757905874765
2025-09-15 03:11:14.740000+00:00,USELESS-USDT-SWAP,11560160.0,1757905874740
2025-09-15 03:11:14.766000+00:00,USTC-USDT-SWAP,109682500.0,1757905874766
2025-09-15 03:11:14.737000+00:00,UXLINK-USDT-SWAP,6639000.0,1757905874737
2025-09-15 03:11:14.740000+00:00,VANA-USDT-SWAP,141122.6,1757905874740
2025-09-15 03:11:14.738000+00:00,VINE-USDT-SWAP,114463220.0,1757905874738
2025-09-15 03:11:15.205000+00:00,VIRTUAL-USDT-SWAP,3750621.0,1757905875205
2025-09-15 03:11:15.215000+00:00,W-USDT-SWAP,48832251.0,1757905875215
2025-09-15 03:11:15.398000+00:00,WAL-USDT-SWAP,2235180.0,1757905875398
2025-09-15 03:11:15.209000+00:00,WCT-USDT-SWAP,10155630.0,1757905875209
2025-09-15 03:11:15.218000+00:00,WIF-USDT-SWAP,16816626.0,1757905875218
2025-09-15 03:11:15.234000+00:00,WLD-USDT-SWAP,29987925.0,1757905875234
2025-09-15 03:11:15.208000+00:00,WLFI-USDT-SWAP,275089330.0,1757905875208
2025-09-15 03:11:15.212000+00:00,WOO-USDT-SWAP,20643760.0,1757905875212
2025-09-15 03:11:15.228000+00:00,XAUT-USDT-SWAP,5233.882,1757905875228
2025-09-15 03:11:15.820000+00:00,XLM-USDT-SWAP,42698569.99999999,1757905875820
2025-09-15 03:11:15.823000+00:00,XPL-USDT-SWAP,6789310.0,1757905875823
2025-09-15 03:11:15.837000+00:00,XRP-USDT-SWAP,95110399.99999997,1757905875837
2025-09-15 03:11:15.827000+00:00,XTZ-USDT-SWAP,5738792.0,1757905875827
2025-09-15 03:11:15.837000+00:00,YFI-USDT-SWAP,376.6787,1757905875837
2025-09-15 03:11:15.831000+00:00,YGG-USDT-SWAP,42129933.0,1757905875831
2025-09-15 03:11:15.834000+00:00,ZENT-USDT-SWAP,190227000.0,1757905875834
2025-09-15 03:11:15.830000+00:00,ZETA-USDT-SWAP,5473500.0,1757905875830
2025-09-15 03:11:15.829000+00:00,ZIL-USDT-SWAP,166096400.0,1757905875829
2025-09-15 03:11:16.260000+00:00,ZK-USDT-SWAP,50184510.0,1757905876260
2025-09-15 03:11:16.262000+00:00,ZRO-USDT-SWAP,1700930.0,1757905876262
2025-09-15 03:11:16.278000+00:00,ZRX-USDT-SWAP,7408020.0,1757905876278
2025-09-15 03:12:16.961000+00:00,1INCH-USDT-SWAP,7412661.0,1757905936961
2025-09-15 03:12:16.985000+00:00,A-USDT-SWAP,10783040.0,1757905936985
2025-09-15 03:12:16.968000+00:00,AAVE-USDT-SWAP,136803.92,1757905936968
2025-09-15 03:12:16.965000+00:00,ACE-USDT-SWAP,2901681.0,1757905936965
2025-09-15 03:12:16.980000+00:00,ACH-USDT-SWAP,88954200.0,1757905936980
2025-09-15 03:12:16.987000+00:00,ACT-USDT-SWAP,87563125.0,1757905936987
2025-09-15 03:12:16.972000+00:00,ADA-USDT-SWAP,83867520.00000009,1757905936972
2025-09-15 03:12:16.966000+00:00,AERO-USDT-SWAP,1828250.0,1757905936966
2025-09-15 03:12:16.966000+00:00,AEVO-USDT-SWAP,14065054.0,1757905936966
2025-09-15 03:12:16.965000+00:00,AGLD-USDT-SWAP,2062134.0,1757905936965
2025-09-15 03:12:17.425000+00:00,AI16Z-USDT-SWAP,52248371.0,1757905937425
2025-09-15 03:12:17.431000+00:00,AIXBT-USDT-SWAP,23525290.0,1757905937431
2025-09-15 03:12:17.429000+00:00,ALGO-USDT-SWAP,28994980.0,1757905937429
2025-09-15 03:12:17.580000+00:00,ANIME-USDT-SWAP,94223280.0,1757905937580
2025-09-15 03:12:17.437000+00:00,APE-USDT-SWAP,8152495.0,1757905937437
2025-09-15 03:12:17.433000+00:00,API3-USDT-SWAP,2439090.0,1757905937433
2025-09-15 03:12:17.432000+00:00,APT-USDT-SWAP,3756825.0,1757905937432
2025-09-15 03:12:17.462000+00:00,AR-USDT-SWAP,518367.2,1757905937462
2025-09-15 03:12:17.505000+00:00,ARB-USDT-SWAP,34040601.999999985,1757905937505
2025-09-15 03:12:18.005000+00:00,ARC-USDT-SWAP,77539080.0,1757905938005
2025-09-15 03:12:18.006000+00:00,ARKM-USDT-SWAP,3762970.0,1757905938006
2025-09-15 03:12:18.035000+00:00,ATH-USDT-SWAP,181118800.0,1757905938035
2025-09-15 03:12:18.008000+00:00,ATOM-USDT-SWAP,1918932.0,1757905938008
2025-09-15 03:12:18.013000+00:00,AUCTION-USDT-SWAP,217099.9,1757905938013
2025-09-15 03:12:18.079000+00:00,AVAAI-USDT-SWAP,74396220.0,1757905938079
2025-09-15 03:12:18.004000+00:00,AVAX-USDT-SWAP,2105557.1999999997,1757905938004
2025-09-15 03:12:18.010000+00:00,AXS-USDT-SWAP,1150913.3,1757905938010
2025-09-15 03:12:18.011000+00:00,BABY-USDT-SWAP,36050580.0,1757905938011
2025-09-15 03:12:18.008000+00:00,BAND-USDT-SWAP,1388076.0,1757905938008
2025-09-15 03:12:18.501000+00:00,BAT-USDT-SWAP,5026010.0,1757905938501
2025-09-15 03:12:18.503000+00:00,BCH-USDT-SWAP,66547.21999999999,1757905938503
2025-09-15 03:12:18.516000+00:00,BERA-USDT-SWAP,2535972.8,1757905938516
2025-09-15 03:12:18.508000+00:00,BICO-USDT-SWAP,8001553.0,1757905938508
2025-09-15 03:12:18.510000+00:00,BIGTIME-USDT-SWAP,39434650.0,1757905938510
2025-09-15 03:12:18.504000+00:00,BIO-USDT-SWAP,60536488.0,1757905938504
2025-09-15 03:12:18.509000+00:00,BLUR-USDT-SWAP,26146410.0,1757905938509
2025-09-15 03:12:18.512000+00:00,BNB-USDT-SWAP,105371.79,1757905938512
2025-09-15 03:12:18.504000+00:00,BNT-USDT-SWAP,726640.0,1757905938504
2025-09-15 03:12:18.510000+00:00,BOME-USDT-SWAP,1351683000.0,1757905938510
2025-09-15 03:12:18.958000+00:00,BONK-USDT-SWAP,500450700000.0,1757905938958
2025-09-15 03:12:18.946000+00:00,BRETT-USDT-SWAP,15037400.0,1757905938946
2025-09-15 03:12:18.950000+00:00,BTC-USDT-SWAP,26392.48420000005,1757905938950
2025-09-15 03:12:18.954000+00:00,CAT-USDT-SWAP,153841800000.0,1757905938954
2025-09-15 03:12:18.958000+00:00,CATI-USDT-SWAP,12790016.0,1757905938958
2025-09-15 03:12:18.948000+00:00,CELO-USDT-SWAP,4664251.0,1757905938948
2025-09-15 03:12:18.953000+00:00,CETUS-USDT-SWAP,22890860.0,1757905938953
2025-09-15 03:12:18.959000+00:00,CFX-USDT-SWAP,75666520.0,1757905938959
2025-09-15 03:12:18.954000+00:00,CHZ-USDT-SWAP,79452600.0,1757905938954
2025-09-15 03:12:18.960000+00:00,COMP-USDT-SWAP,84656.4,1757905938960
2025-09-15 03:12:19.396000+00:00,COOKIE-USDT-SWAP,4113890.0,1757905939396
2025-09-15 03:12:19.395000+00:00,CORE-USDT-SWAP,9714942.0,1757905939395
2025-09-15 03:12:19.394000+00:00,CRO-USDT-SWAP,59208420.0,1757905939394
2025-09-15 03:12:19.399000+00:00,CRV-USDT-SWAP,24099466.0,1757905939399
2025-09-15 03:12:19.409000+00:00,CTC-USDT-SWAP,1804510.0,1757905939409
2025-09-15 03:12:19.402000+00:00,CVC-USDT-SWAP,8801400.0,1757905939402
2025-09-15 03:12:19.396000+00:00,CVX-USDT-SWAP,358165.0,1757905939396
2025-09-15 03:12:19.396000+00:00,DEGEN-USDT-SWAP,316406400.0,1757905939396
2025-09-15 03:12:19.835000+00:00,DOGE-USDT-SWAP,1836835510.0000012,1757905939835
2025-09-15 03:12:19.867000+00:00,DOGS-USDT-SWAP,17037214000.0,1757905939867
2025-09-15 03:12:19.839000+00:00,DOOD-USDT-SWAP,179535000.0,1757905939839
2025-09-15 03:12:19.943000+00:00,DOT-USDT-SWAP,6451544.0,1757905939943
2025-09-15 03:12:19.832000+00:00,DUCK-USDT-SWAP,675738100.0,1757905939832
2025-09-15 03:12:19.830000+00:00,DYDX-USDT-SWAP,11495157.0,1757905939830
2025-09-15 03:12:19.837000+00:00,EGLD-USDT-SWAP,126063.5,1757905939837
2025-09-15 03:12:19.836000+00:00,EIGEN-USDT-SWAP,3372046.0,1757905939836
2025-09-15 03:12:19.843000+00:00,ENJ-USDT-SWAP,13758140.0,1757905939843
2025-09-15 03:12:19.841000+00:00,ENS-USDT-SWAP,327712.3,1757905939841
2025-09-15 03:12:20.379000+00:00,ETC-USDT-SWAP,1133115.5000000005,1757905940379
2025-09-15 03:12:20.376000+00:00,ETH-USDT-SWAP,784493.1800000025,1757905940376
2025-09-15 03:12:20.382000+00:00,ETHFI-USDT-SWAP,8151045.0,1757905940382
2025-09-15 03:12:20.376000+00:00,ETHW-USDT-SWAP,1258232.3,1757905940376
2025-09-15 03:12:20.380000+00:00,FARTCOIN-USDT-SWAP,20011685.0,1757905940380
2025-09-15 03:12:20.374000+00:00,FIL-USDT-SWAP,14466087.7,1757905940374
2025-09-15 03:12:20.375000+00:00,FLM-USDT-SWAP,41381590.0,1757905940375
2025-09-15 03:12:20.387000+00:00,FLOKI-USDT-SWAP,40545500000.0,1757905940387
2025-09-15 03:12:20.384000+00:00,FLOW-USDT-SWAP,4977820.0,1757905940384
2025-09-15 03:12:20.390000+00:00,FXS-USDT-SWAP,394524.0,1757905940390
2025-09-15 03:12:20.812000+00:00,GALA-USDT-SWAP,446752760.0,1757905940812
2025-09-15 03:12:20.823000+00:00,GAS-USDT-SWAP,360072.0,1757905940823
2025-09-15 03:12:20.818000+00:00,GLM-USDT-SWAP,2893080.0,1757905940818
2025-09-15 03:12:20.821000+00:00,GMT-USDT-SWAP,42869752.0,1757905940821
2025-09-15 03:12:20.822000+00:00,GMX-USDT-SWAP,61293.9,1757905940822
2025-09-15 03:12:20.813000+00:00,GOAT-USDT-SWAP,32206150.0,1757905940813
2025-09-15 03:12:20.822000+00:00,GODS-USDT-SWAP,6690807.0,1757905940822
2025-09-15 03:12:20.814000+00:00,GPS-USDT-SWAP,151545520.0,1757905940814
2025-09-15 03:12:20.817000+00:00,GRASS-USDT-SWAP,2760761.0,1757905940817
2025-09-15 03:12:20.826000+00:00,GRIFFAIN-USDT-SWAP,28617810.0,1757905940826
2025-09-15 03:12:21.276000+00:00,GRT-USDT-SWAP,21846540.0,1757905941276
2025-09-15 03:12:21.269000+00:00,H-USDT-SWAP,78716400.0,1757905941269
2025-09-15 03:12:21.281000+00:00,HBAR-USDT-SWAP,77317710.00000001,1757905941281
2025-09-15 03:12:21.270000+00:00,HMSTR-USDT-SWAP,1086001600.0,1757905941270
2025-09-15 03:12:21.271000+00:00,HOME-USDT-SWAP,21847600.0,1757905941271
2025-09-15 03:12:21.266000+00:00,HUMA-USDT-SWAP,69437500.0,1757905941266
2025-09-15 03:12:21.266000+00:00,HYPE-USDT-SWAP,903000.5,1757905941266
2025-09-15 03:12:21.266000+00:00,ICP-USDT-SWAP,1509317.83,1757905941266
2025-09-15 03:12:21.277000+00:00,ICX-USDT-SWAP,5917620.0,1757905941277
2025-09-15 03:12:21.270000+00:00,IMX-USDT-SWAP,7556479.0,1757905941270
2025-09-15 03:12:21.706000+00:00,INIT-USDT-SWAP,2463010.0,1757905941706
2025-09-15 03:12:21.704000+00:00,INJ-USDT-SWAP,904449.5,1757905941704
2025-09-15 03:12:21.713000+00:00,IOST-USDT-SWAP,279662000.0,1757905941713
2025-09-15 03:12:21.719000+00:00,IOTA-USDT-SWAP,15604980.0,1757905941719
2025-09-15 03:12:21.711000+00:00,IP-USDT-SWAP,2444319.0,1757905941711
2025-09-15 03:12:21.706000+00:00,JELLYJELLY-USDT-SWAP,178159100.0,1757905941706
2025-09-15 03:12:21.708000+00:00,JOE-USDT-SWAP,5934720.0,1757905941708
2025-09-15 03:12:21.725000+00:00,JTO-USDT-SWAP,4121385.0,1757905941725
2025-09-15 03:12:21.705000+00:00,JUP-USDT-SWAP,15135140.0,1757905941705
2025-09-15 03:12:22.152000+00:00,KAITO-USDT-SWAP,4395507.0,1757905942152
2025-09-15 03:12:22.168000+00:00,KMNO-USDT-SWAP,26593200.0,1757905942168
2025-09-15 03:12:22.163000+00:00,KSM-USDT-SWAP,130318.8,1757905942163
2025-09-15 03:12:22.152000+00:00,LA-USDT-SWAP,2987260.0,1757905942152
2025-09-15 03:12:22.147000+00:00,LAUNCHCOIN-USDT-SWAP,50834040.0,1757905942147
2025-09-15 03:12:22.167000+00:00,LAYER-USDT-SWAP,5943018.0,1757905942167
2025-09-15 03:12:22.155000+00:00,LDO-USDT-SWAP,14251376.0,1757905942155
2025-09-15 03:12:22.174000+00:00,LINK-USDT-SWAP,2577940.3,1757905942174
2025-09-15 03:12:22.161000+00:00,LPT-USDT-SWAP,713733.4,1757905942161
2025-09-15 03:12:22.161000+00:00,LQTY-USDT-SWAP,1552720.0,1757905942161
2025-09-15 03:12:22.615000+00:00,LRC-USDT-SWAP,18068420.0,1757905942615
2025-09-15 03:12:22.623000+00:00,LTC-USDT-SWAP,698185.8999999998,1757905942623
2025-09-15 03:12:22.655000+00:00,LUNA-USDT-SWAP,16342869.0,1757905942655
2025-09-15 03:12:22.622000+00:00,LUNC-USDT-SWAP,28373230000.0,1757905942622
2025-09-15 03:12:22.623000+00:00,MAGIC-USDT-SWAP,18184349.0,1757905942623
2025-09-15 03:12:22.629000+00:00,MAJOR-USDT-SWAP,5371194.0,1757905942629
2025-09-15 03:12:22.623000+00:00,MANA-USDT-SWAP,11296100.0,1757905942623
2025-09-15 03:12:22.626000+00:00,MASK-USDT-SWAP,3005614.0,1757905942626
2025-09-15 03:12:22.624000+00:00,ME-USDT-SWAP,3610118.0,1757905942624
2025-09-15 03:12:22.622000+00:00,MEME-USDT-SWAP,1394795400.0,1757905942622
2025-09-15 03:12:23.086000+00:00,MERL-USDT-SWAP,46169785.0,1757905943086
2025-09-15 03:12:23.090000+00:00,METIS-USDT-SWAP,106296.6,1757905943090
2025-09-15 03:12:23.096000+00:00,MEW-USDT-SWAP,1153899000.0,1757905943096
2025-09-15 03:12:23.098000+00:00,MINA-USDT-SWAP,7428345.0,1757905943098
2025-09-15 03:12:23.086000+00:00,MOG-USDT-SWAP,665515000000.0,1757905943086
2025-09-15 03:12:23.085000+00:00,MOODENG-USDT-SWAP,66370300.0,1757905943085
2025-09-15 03:12:23.103000+00:00,MORPHO-USDT-SWAP,1497794.0,1757905943103
2025-09-15 03:12:23.086000+00:00,MOVE-USDT-SWAP,26276490.0,1757905943086
2025-09-15 03:12:23.086000+00:00,MUBARAK-USDT-SWAP,12386900.0,1757905943086
2025-09-15 03:12:23.547000+00:00,NEAR-USDT-SWAP,5328401.000000003,1757905943547
2025-09-15 03:12:23.553000+00:00,NEIRO-USDT-SWAP,10343023000.0,1757905943553
2025-09-15 03:12:23.546000+00:00,NEO-USDT-SWAP,354942.0,1757905943546
2025-09-15 03:12:23.542000+00:00,NEWT-USDT-SWAP,2998820.0,1757905943542
2025-09-15 03:12:23.546000+00:00,NMR-USDT-SWAP,404967.5,1757905943546
2025-09-15 03:12:23.547000+00:00,NOT-USDT-SWAP,1631188700.0,1757905943547
2025-09-15 03:12:23.551000+00:00,NXPC-USDT-SWAP,1198034.0,1757905943551
2025-09-15 03:12:23.553000+00:00,OL-USDT-SWAP,76452110.0,1757905943553
2025-09-15 03:12:23.623000+00:00,OM-USDT-SWAP,24248249.999999996,1757905943623
2025-09-15 03:12:24.063000+00:00,ONDO-USDT-SWAP,23337320.0,1757905944063
2025-09-15 03:12:24.072000+00:00,ONE-USDT-SWAP,85962800.0,1757905944072
2025-09-15 03:12:24.060000+00:00,ONT-USDT-SWAP,10765930.0,1757905944060
2025-09-15 03:12:24.055000+00:00,OP-USDT-SWAP,26087931.0,1757905944055
2025-09-15 03:12:24.056000+00:00,ORBS-USDT-SWAP,27106400.0,1757905944056
2025-09-15 03:12:24.065000+00:00,ORDI-USDT-SWAP,1395036.4,1757905944065
2025-09-15 03:12:24.053000+00:00,PARTI-USDT-SWAP,15160190.0,1757905944053
2025-09-15 03:12:24.062000+00:00,PENGU-USDT-SWAP,631967600.0,1757905944062
2025-09-15 03:12:24.057000+00:00,PEOPLE-USDT-SWAP,384853800.0,1757905944057
2025-09-15 03:12:24.052000+00:00,PEPE-USDT-SWAP,8349360000000.004,1757905944052
2025-09-15 03:12:24.509000+00:00,PERP-USDT-SWAP,3228419.0,1757905944509
2025-09-15 03:12:24.515000+00:00,PI-USDT-SWAP,33133479.0,1757905944515
2025-09-15 03:12:24.513000+00:00,PLUME-USDT-SWAP,24158750.0,1757905944513
2025-09-15 03:12:24.518000+00:00,PNUT-USDT-SWAP,42779030.0,1757905944518
2025-09-15 03:12:24.524000+00:00,POL-USDT-SWAP,36729580.0,1757905944524
2025-09-15 03:12:24.513000+00:00,POPCAT-USDT-SWAP,10032540.0,1757905944513
2025-09-15 03:12:24.513000+00:00,PRCL-USDT-SWAP,24502451.0,1757905944513
2025-09-15 03:12:24.513000+00:00,PROMPT-USDT-SWAP,34581440.0,1757905944513
2025-09-15 03:12:24.517000+00:00,PUMP-USDT-SWAP,6932318000.0,1757905944517
2025-09-15 03:12:24.516000+00:00,PYTH-USDT-SWAP,48792760.0,1757905944516
2025-09-15 03:12:24.956000+00:00,QTUM-USDT-SWAP,1193858.0,1757905944956
2025-09-15 03:12:24.968000+00:00,RAY-USDT-SWAP,1138384.0,1757905944968
2025-09-15 03:12:25.009000+00:00,RENDER-USDT-SWAP,1337120.0,1757905945009
2025-09-15 03:12:24.969000+00:00,RESOLV-USDT-SWAP,24384390.0,1757905944969
2025-09-15 03:12:24.954000+00:00,RSR-USDT-SWAP,254713300.0,1757905944954
2025-09-15 03:12:24.955000+00:00,RVN-USDT-SWAP,70408900.0,1757905944955
2025-09-15 03:12:24.961000+00:00,S-USDT-SWAP,11829910.0,1757905944961
2025-09-15 03:12:24.998000+00:00,SAHARA-USDT-SWAP,41203450.0,1757905944998
2025-09-15 03:12:24.965000+00:00,SAND-USDT-SWAP,18098930.0,1757905944965
2025-09-15 03:12:24.964000+00:00,SATS-USDT-SWAP,205619590000000.0,1757905944964
2025-09-15 03:12:25.454000+00:00,SCR-USDT-SWAP,2704277.0,1757905945454
2025-09-15 03:12:25.457000+00:00,SHELL-USDT-SWAP,5376550.0,1757905945457
2025-09-15 03:12:25.539000+00:00,SHIB-USDT-SWAP,1764030500000.0002,1757905945539
2025-09-15 03:12:25.453000+00:00,SIGN-USDT-SWAP,43302300.0,1757905945453
2025-09-15 03:12:25.455000+00:00,SLP-USDT-SWAP,417384160.0,1757905945455
2025-09-15 03:12:25.459000+00:00,SNX-USDT-SWAP,2429570.0,1757905945459
2025-09-15 03:12:25.461000+00:00,SOL-USDT-SWAP,3463349.920000002,1757905945461
2025-09-15 03:12:25.456000+00:00,SOLV-USDT-SWAP,56759700.0,1757905945456
2025-09-15 03:12:25.454000+00:00,SONIC-USDT-SWAP,7517209.0,1757905945454
2025-09-15 03:12:25.462000+00:00,SOON-USDT-SWAP,7656850.0,1757905945462
2025-09-15 03:12:25.970000+00:00,SOPH-USDT-SWAP,75280000.0,1757905945970
2025-09-15 03:12:25.968000+00:00,SPK-USDT-SWAP,108392700.0,1757905945968
2025-09-15 03:12:25.967000+00:00,SPX-USDT-SWAP,994599.0,1757905945967
2025-09-15 03:12:25.965000+00:00,SSV-USDT-SWAP,310106.6,1757905945965
2025-09-15 03:12:25.973000+00:00,STORJ-USDT-SWAP,5481460.0,1757905945973
2025-09-15 03:12:26.155000+00:00,STRK-USDT-SWAP,24056961.0,1757905946155
2025-09-15 03:12:25.972000+00:00,STX-USDT-SWAP,6629050.0,1757905945972
2025-09-15 03:12:25.971000+00:00,SUI-USDT-SWAP,20744977.0,1757905945971
2025-09-15 03:12:26.085000+00:00,SUSHI-USDT-SWAP,8672717.0,1757905946085
2025-09-15 03:12:25.970000+00:00,SWARMS-USDT-SWAP,79575100.0,1757905945970
2025-09-15 03:12:26.585000+00:00,SYRUP-USDT-SWAP,2408340.0,1757905946585
2025-09-15 03:12:26.600000+00:00,T-USDT-SWAP,45311300.0,1757905946600
2025-09-15 03:12:26.594000+00:00,TAO-USDT-SWAP,13553.45,1757905946594
2025-09-15 03:12:26.588000+00:00,THETA-USDT-SWAP,3082388.000000001,1757905946588
2025-09-15 03:12:26.593000+00:00,TIA-USDT-SWAP,5409852.0,1757905946593
2025-09-15 03:12:26.595000+00:00,TNSR-USDT-SWAP,8496992.0,1757905946595
2025-09-15 03:12:26.584000+00:00,TON-USDT-SWAP,9039191.0,1757905946584
2025-09-15 03:12:26.732000+00:00,TRB-USDT-SWAP,250799.2,1757905946732
2025-09-15 03:12:26.593000+00:00,TREE-USDT-SWAP,10194719.0,1757905946593
2025-09-15 03:12:26.594000+00:00,TRUMP-USDT-SWAP,5509559.4,1757905946594
2025-09-15 03:12:27.154000+00:00,TRX-USDT-SWAP,93155790.00000006,1757905947154
2025-09-15 03:12:27.169000+00:00,TURBO-USDT-SWAP,949300000.0000001,1757905947169
2025-09-15 03:12:27.160000+00:00,UMA-USDT-SWAP,1436073.6,1757905947160
2025-09-15 03:12:27.167000+00:00,UNI-USDT-SWAP,3828730.0,1757905947167
2025-09-15 03:12:27.161000+00:00,USDC-USDT-SWAP,996330.0,1757905947161
2025-09-15 03:12:27.160000+00:00,USELESS-USDT-SWAP,11581820.0,1757905947160
2025-09-15 03:12:27.170000+00:00,USTC-USDT-SWAP,109681700.0,1757905947170
2025-09-15 03:12:27.195000+00:00,UXLINK-USDT-SWAP,6638310.0,1757905947195
2025-09-15 03:12:27.172000+00:00,VANA-USDT-SWAP,141149.1,1757905947172
2025-09-15 03:12:27.163000+00:00,VINE-USDT-SWAP,114437350.0,1757905947163
2025-09-15 03:12:27.622000+00:00,VIRTUAL-USDT-SWAP,3749597.0,1757905947622
2025-09-15 03:12:27.632000+00:00,W-USDT-SWAP,48845338.0,1757905947632
2025-09-15 03:12:27.635000+00:00,WAL-USDT-SWAP,2234500.0,1757905947635
2025-09-15 03:12:27.617000+00:00,WCT-USDT-SWAP,10153380.0,1757905947617
2025-09-15 03:12:27.623000+00:00,WIF-USDT-SWAP,16879085.0,1757905947623
2025-09-15 03:12:27.630000+00:00,WLD-USDT-SWAP,29986536.0,1757905947630
2025-09-15 03:12:27.644000+00:00,WLFI-USDT-SWAP,275423740.0,1757905947644
2025-09-15 03:12:27.636000+00:00,WOO-USDT-SWAP,20642750.0,1757905947636
2025-09-15 03:12:27.632000+00:00,XAUT-USDT-SWAP,5233.766,1757905947632
2025-09-15 03:12:28.086000+00:00,XLM-USDT-SWAP,42702610.0,1757905948086
2025-09-15 03:12:28.116000+00:00,XPL-USDT-SWAP,6791930.0,1757905948116
2025-09-15 03:12:28.101000+00:00,XRP-USDT-SWAP,95094720.99999997,1757905948101
2025-09-15 03:12:28.100000+00:00,XTZ-USDT-SWAP,5738472.0,1757905948100
2025-09-15 03:12:28.091000+00:00,YFI-USDT-SWAP,376.5418,1757905948091
2025-09-15 03:12:28.091000+00:00,YGG-USDT-SWAP,42128417.0,1757905948091
2025-09-15 03:12:28.096000+00:00,ZENT-USDT-SWAP,190262500.0,1757905948096
2025-09-15 03:12:28.101000+00:00,ZETA-USDT-SWAP,5473460.0,1757905948101
2025-09-15 03:12:28.099000+00:00,ZIL-USDT-SWAP,166096300.0,1757905948099
2025-09-15 03:12:28.554000+00:00,ZK-USDT-SWAP,50167050.0,1757905948554
2025-09-15 03:12:28.547000+00:00,ZRO-USDT-SWAP,1701079.0,1757905948547
2025-09-15 03:12:28.543000+00:00,ZRX-USDT-SWAP,7407990.0,1757905948543
2025-09-15 03:13:29.243000+00:00,1INCH-USDT-SWAP,7412539.0,1757906009243
2025-09-15 03:13:29.241000+00:00,A-USDT-SWAP,10782760.0,1757906009241
2025-09-15 03:13:29.251000+00:00,AAVE-USDT-SWAP,136795.49000000002,1757906009251
2025-09-15 03:13:29.253000+00:00,ACE-USDT-SWAP,2900667.0,1757906009253
2025-09-15 03:13:29.245000+00:00,ACH-USDT-SWAP,88937000.0,1757906009245
2025-09-15 03:13:29.239000+00:00,ACT-USDT-SWAP,87552931.0,1757906009239
2025-09-15 03:13:29.252000+00:00,ADA-USDT-SWAP,83871270.00000009,1757906009252
2025-09-15 03:13:29.257000+00:00,AERO-USDT-SWAP,1827750.0,1757906009257
2025-09-15 03:13:29.246000+00:00,AEVO-USDT-SWAP,14063788.0,1757906009246
2025-09-15 03:13:29.247000+00:00,AGLD-USDT-SWAP,2061837.0,1757906009247
2025-09-15 03:13:29.699000+00:00,AI16Z-USDT-SWAP,52254021.0,1757906009699
2025-09-15 03:13:29.694000+00:00,AIXBT-USDT-SWAP,23524480.0,1757906009694
2025-09-15 03:13:29.708000+00:00,ALGO-USDT-SWAP,28996310.0,1757906009708
2025-09-15 03:13:29.699000+00:00,ANIME-USDT-SWAP,94224450.0,1757906009699
2025-09-15 03:13:29.693000+00:00,APE-USDT-SWAP,8152484.6,1757906009693
2025-09-15 03:13:29.698000+00:00,API3-USDT-SWAP,2437526.0,1757906009698
2025-09-15 03:13:29.693000+00:00,APT-USDT-SWAP,3760435.0,1757906009693
2025-09-15 03:13:29.698000+00:00,AR-USDT-SWAP,518633.2,1757906009698
2025-09-15 03:13:29.703000+00:00,ARB-USDT-SWAP,34048964.999999985,1757906009703
2025-09-15 03:13:30.135000+00:00,ARC-USDT-SWAP,77377430.0,1757906010135
2025-09-15 03:13:30.132000+00:00,ARKM-USDT-SWAP,3763195.0,1757906010132
2025-09-15 03:13:30.144000+00:00,ATH-USDT-SWAP,181002200.0,1757906010144
2025-09-15 03:13:30.136000+00:00,ATOM-USDT-SWAP,1918922.0,1757906010136
2025-09-15 03:13:30.158000+00:00,AUCTION-USDT-SWAP,217100.4,1757906010158
2025-09-15 03:13:30.190000+00:00,AVAAI-USDT-SWAP,74382890.0,1757906010190
2025-09-15 03:13:30.159000+00:00,AVAX-USDT-SWAP,2105969.6,1757906010159
2025-09-15 03:13:30.139000+00:00,AXS-USDT-SWAP,1150991.6,1757906010139
2025-09-15 03:13:30.139000+00:00,BABY-USDT-SWAP,36046900.0,1757906010139
2025-09-15 03:13:30.240000+00:00,BAND-USDT-SWAP,1387972.0,1757906010240
2025-09-15 03:13:30.668000+00:00,BAT-USDT-SWAP,5026010.0,1757906010668
2025-09-15 03:13:30.666000+00:00,BCH-USDT-SWAP,66552.08999999998,1757906010666
2025-09-15 03:13:30.676000+00:00,BERA-USDT-SWAP,2534858.8,1757906010676
2025-09-15 03:13:30.694000+00:00,BICO-USDT-SWAP,8001407.0,1757906010694
2025-09-15 03:13:30.669000+00:00,BIGTIME-USDT-SWAP,39434490.0,1757906010669
2025-09-15 03:13:30.665000+00:00,BIO-USDT-SWAP,60711996.0,1757906010665
2025-09-15 03:13:30.670000+00:00,BLUR-USDT-SWAP,26145800.0,1757906010670
2025-09-15 03:13:30.663000+00:00,BNB-USDT-SWAP,105330.55,1757906010663
2025-09-15 03:13:30.676000+00:00,BNT-USDT-SWAP,726680.0,1757906010676
2025-09-15 03:13:30.666000+00:00,BOME-USDT-SWAP,1350381000.0,1757906010666
2025-09-15 03:13:31.143000+00:00,BONK-USDT-SWAP,500584600000.0,1757906011143
2025-09-15 03:13:31.125000+00:00,BRETT-USDT-SWAP,15036600.0,1757906011125
2025-09-15 03:13:31.133000+00:00,BTC-USDT-SWAP,26401.02060000005,1757906011133
2025-09-15 03:13:31.133000+00:00,CAT-USDT-SWAP,153848500000.0,1757906011133
2025-09-15 03:13:31.218000+00:00,CATI-USDT-SWAP,12789982.0,1757906011218
2025-09-15 03:13:31.129000+00:00,CELO-USDT-SWAP,4664319.0,1757906011129
2025-09-15 03:13:31.137000+00:00,CETUS-USDT-SWAP,22892130.0,1757906011137
2025-09-15 03:13:31.287000+00:00,CFX-USDT-SWAP,75849370.0,1757906011287
2025-09-15 03:13:31.129000+00:00,CHZ-USDT-SWAP,79454190.0,1757906011129
2025-09-15 03:13:31.131000+00:00,COMP-USDT-SWAP,84654.0,1757906011131
2025-09-15 03:13:31.745000+00:00,COOKIE-USDT-SWAP,4110080.0,1757906011745
2025-09-15 03:13:31.763000+00:00,CORE-USDT-SWAP,9714752.0,1757906011763
2025-09-15 03:13:31.894000+00:00,CRO-USDT-SWAP,59227150.0,1757906011894
2025-09-15 03:13:31.757000+00:00,CRV-USDT-SWAP,24126601.0,1757906011757
2025-09-15 03:13:31.748000+00:00,CTC-USDT-SWAP,1804500.0,1757906011748
2025-09-15 03:13:31.766000+00:00,CVC-USDT-SWAP,8801400.0,1757906011766
2025-09-15 03:13:31.757000+00:00,CVX-USDT-SWAP,358178.0,1757906011757
2025-09-15 03:13:31.760000+00:00,DEGEN-USDT-SWAP,316452500.0,1757906011760
2025-09-15 03:13:32.326000+00:00,DOGE-USDT-SWAP,1836627730.0000012,1757906012326
2025-09-15 03:13:32.327000+00:00,DOGS-USDT-SWAP,17036812000.0,1757906012327
2025-09-15 03:13:32.445000+00:00,DOOD-USDT-SWAP,179529000.0,1757906012445
2025-09-15 03:13:32.359000+00:00,DOT-USDT-SWAP,6445558.0,1757906012359
2025-09-15 03:13:32.323000+00:00,DUCK-USDT-SWAP,675738500.0,1757906012323
2025-09-15 03:13:32.324000+00:00,DYDX-USDT-SWAP,11501505.0,1757906012324
2025-09-15 03:13:32.326000+00:00,EGLD-USDT-SWAP,126025.4,1757906012326
2025-09-15 03:13:32.327000+00:00,EIGEN-USDT-SWAP,3372470.0,1757906012327
2025-09-15 03:13:32.342000+00:00,ENJ-USDT-SWAP,13747530.0,1757906012342
2025-09-15 03:13:32.331000+00:00,ENS-USDT-SWAP,327711.0,1757906012331
2025-09-15 03:13:32.959000+00:00,ETC-USDT-SWAP,1132332.4000000004,1757906012959
2025-09-15 03:13:32.873000+00:00,ETH-USDT-SWAP,784588.4720000025,1757906012873
2025-09-15 03:13:32.884000+00:00,ETHFI-USDT-SWAP,8151396.0,1757906012884
2025-09-15 03:13:32.877000+00:00,ETHW-USDT-SWAP,1258225.6,1757906012877
2025-09-15 03:13:32.875000+00:00,FARTCOIN-USDT-SWAP,20008837.0,1757906012875
2025-09-15 03:13:32.880000+00:00,FIL-USDT-SWAP,14468712.0,1757906012880
2025-09-15 03:13:32.877000+00:00,FLM-USDT-SWAP,41370810.0,1757906012877
2025-09-15 03:13:32.881000+00:00,FLOKI-USDT-SWAP,40544800000.0,1757906012881
2025-09-15 03:13:32.879000+00:00,FLOW-USDT-SWAP,4978140.0,1757906012879
2025-09-15 03:13:32.953000+00:00,FXS-USDT-SWAP,394549.0,1757906012953
2025-09-15 03:13:33.386000+00:00,GALA-USDT-SWAP,446762580.0,1757906013386
2025-09-15 03:13:33.391000+00:00,GAS-USDT-SWAP,360075.0,1757906013391
2025-09-15 03:13:33.398000+00:00,GLM-USDT-SWAP,2893120.0,1757906013398
2025-09-15 03:13:33.403000+00:00,GMT-USDT-SWAP,42868025.0,1757906013403
2025-09-15 03:13:33.392000+00:00,GMX-USDT-SWAP,61293.5,1757906013392
2025-09-15 03:13:33.464000+00:00,GOAT-USDT-SWAP,32202150.0,1757906013464
2025-09-15 03:13:33.505000+00:00,GODS-USDT-SWAP,6690817.0,1757906013505
2025-09-15 03:13:33.387000+00:00,GPS-USDT-SWAP,151799890.0,1757906013387
2025-09-15 03:13:33.389000+00:00,GRASS-USDT-SWAP,2762736.0,1757906013389
2025-09-15 03:13:33.389000+00:00,GRIFFAIN-USDT-SWAP,28623160.0,1757906013389
2025-09-15 03:13:33.974000+00:00,GRT-USDT-SWAP,21845230.0,1757906013974
2025-09-15 03:13:33.987000+00:00,H-USDT-SWAP,78739100.0,1757906013987
2025-09-15 03:13:33.988000+00:00,HBAR-USDT-SWAP,77297480.00000001,1757906013988
2025-09-15 03:13:33.978000+00:00,HMSTR-USDT-SWAP,1085850100.0,1757906013978
2025-09-15 03:13:33.976000+00:00,HOME-USDT-SWAP,21949600.0,1757906013976
2025-09-15 03:13:33.978000+00:00,HUMA-USDT-SWAP,69440400.0,1757906013978
2025-09-15 03:13:34.082000+00:00,HYPE-USDT-SWAP,903069.0,1757906014082
2025-09-15 03:13:33.985000+00:00,ICP-USDT-SWAP,1509332.88,1757906013985
2025-09-15 03:13:33.983000+00:00,ICX-USDT-SWAP,5917650.0,1757906013983
2025-09-15 03:13:33.984000+00:00,IMX-USDT-SWAP,7554619.0,1757906013984
2025-09-15 03:13:34.519000+00:00,INIT-USDT-SWAP,2462790.0,1757906014519
2025-09-15 03:13:34.517000+00:00,INJ-USDT-SWAP,904402.8,1757906014517
2025-09-15 03:13:34.526000+00:00,IOST-USDT-SWAP,279421000.0,1757906014526
2025-09-15 03:13:34.524000+00:00,IOTA-USDT-SWAP,15605180.0,1757906014524
2025-09-15 03:13:34.523000+00:00,IP-USDT-SWAP,2444310.0,1757906014523
2025-09-15 03:13:34.517000+00:00,JELLYJELLY-USDT-SWAP,177900500.0,1757906014517
2025-09-15 03:13:34.515000+00:00,JOE-USDT-SWAP,5926740.0,1757906014515
2025-09-15 03:13:34.524000+00:00,JTO-USDT-SWAP,4120888.0,1757906014524
2025-09-15 03:13:34.520000+00:00,JUP-USDT-SWAP,15135780.0,1757906014520
2025-09-15 03:13:34.957000+00:00,KAITO-USDT-SWAP,4396177.0,1757906014957
2025-09-15 03:13:34.977000+00:00,KMNO-USDT-SWAP,26539300.0,1757906014977
2025-09-15 03:13:34.960000+00:00,KSM-USDT-SWAP,130323.8,1757906014960
2025-09-15 03:13:34.958000+00:00,LA-USDT-SWAP,2985140.0,1757906014958
2025-09-15 03:13:34.956000+00:00,LAUNCHCOIN-USDT-SWAP,50844740.0,1757906014956
2025-09-15 03:13:34.957000+00:00,LAYER-USDT-SWAP,5943024.0,1757906014957
2025-09-15 03:13:34.961000+00:00,LDO-USDT-SWAP,14253628.0,1757906014961
2025-09-15 03:13:34.953000+00:00,LINK-USDT-SWAP,2577704.9999999995,1757906014953
2025-09-15 03:13:34.968000+00:00,LPT-USDT-SWAP,713880.1,1757906014968
2025-09-15 03:13:34.965000+00:00,LQTY-USDT-SWAP,1552523.0,1757906014965
2025-09-15 03:13:35.400000+00:00,LRC-USDT-SWAP,18117980.0,1757906015400
2025-09-15 03:13:35.407000+00:00,LTC-USDT-SWAP,698185.8999999998,1757906015407
2025-09-15 03:13:35.413000+00:00,LUNA-USDT-SWAP,16343488.0,1757906015413
2025-09-15 03:13:35.411000+00:00,LUNC-USDT-SWAP,28362870000.0,1757906015411
2025-09-15 03:13:35.404000+00:00,MAGIC-USDT-SWAP,18190929.0,1757906015404
2025-09-15 03:13:35.415000+00:00,MAJOR-USDT-SWAP,5371075.0,1757906015415
2025-09-15 03:13:35.408000+00:00,MANA-USDT-SWAP,11301940.0,1757906015408
2025-09-15 03:13:35.422000+00:00,MASK-USDT-SWAP,3005530.0,1757906015422
2025-09-15 03:13:35.409000+00:00,ME-USDT-SWAP,3609496.0,1757906015409
2025-09-15 03:13:35.409000+00:00,MEME-USDT-SWAP,1395586600.0,1757906015409
2025-09-15 03:13:35.854000+00:00,MERL-USDT-SWAP,46171409.0,1757906015854
2025-09-15 03:13:35.872000+00:00,METIS-USDT-SWAP,106305.4,1757906015872
2025-09-15 03:13:35.854000+00:00,MEW-USDT-SWAP,1154185000.0,1757906015854
2025-09-15 03:13:35.860000+00:00,MINA-USDT-SWAP,7428319.0,1757906015860
2025-09-15 03:13:35.856000+00:00,MOG-USDT-SWAP,668085000000.0,1757906015856
2025-09-15 03:13:35.857000+00:00,MOODENG-USDT-SWAP,66365030.0,1757906015857
2025-09-15 03:13:35.860000+00:00,MORPHO-USDT-SWAP,1497708.0,1757906015860
2025-09-15 03:13:35.852000+00:00,MOVE-USDT-SWAP,26276230.0,1757906015852
2025-09-15 03:13:35.856000+00:00,MUBARAK-USDT-SWAP,12385600.0,1757906015856
2025-09-15 03:13:36.303000+00:00,NEAR-USDT-SWAP,5328287.000000003,1757906016303
2025-09-15 03:13:36.301000+00:00,NEIRO-USDT-SWAP,10342491000.0,1757906016301
2025-09-15 03:13:36.310000+00:00,NEO-USDT-SWAP,354920.0,1757906016310
2025-09-15 03:13:36.304000+00:00,NEWT-USDT-SWAP,2997910.0,1757906016304
2025-09-15 03:13:36.312000+00:00,NMR-USDT-SWAP,404827.7,1757906016312
2025-09-15 03:13:36.313000+00:00,NOT-USDT-SWAP,1631175200.0,1757906016313
2025-09-15 03:13:36.498000+00:00,NXPC-USDT-SWAP,1197640.0,1757906016498
2025-09-15 03:13:36.301000+00:00,OL-USDT-SWAP,76463660.0,1757906016301
2025-09-15 03:13:36.468000+00:00,OM-USDT-SWAP,24307771.999999996,1757906016468
2025-09-15 03:13:36.922000+00:00,ONDO-USDT-SWAP,23341770.0,1757906016922
2025-09-15 03:13:36.934000+00:00,ONE-USDT-SWAP,85960500.0,1757906016934
2025-09-15 03:13:36.931000+00:00,ONT-USDT-SWAP,10768170.0,1757906016931
2025-09-15 03:13:36.923000+00:00,OP-USDT-SWAP,26080801.0,1757906016923
2025-09-15 03:13:37.018000+00:00,ORBS-USDT-SWAP,27106400.0,1757906017018
2025-09-15 03:13:36.922000+00:00,ORDI-USDT-SWAP,1394851.1,1757906016922
2025-09-15 03:13:36.936000+00:00,PARTI-USDT-SWAP,15156670.0,1757906016936
2025-09-15 03:13:36.937000+00:00,PENGU-USDT-SWAP,631841900.0,1757906016937
2025-09-15 03:13:36.930000+00:00,PEOPLE-USDT-SWAP,385104200.0,1757906016930
2025-09-15 03:13:36.929000+00:00,PEPE-USDT-SWAP,8351585000000.004,1757906016929
2025-09-15 03:13:37.457000+00:00,PERP-USDT-SWAP,3228419.0,1757906017457
2025-09-15 03:13:37.459000+00:00,PI-USDT-SWAP,33135434.0,1757906017459
2025-09-15 03:13:37.458000+00:00,PLUME-USDT-SWAP,24196310.0,1757906017458
2025-09-15 03:13:37.457000+00:00,PNUT-USDT-SWAP,42783810.0,1757906017457
2025-09-15 03:13:37.455000+00:00,POL-USDT-SWAP,36730630.0,1757906017455
2025-09-15 03:13:37.463000+00:00,POPCAT-USDT-SWAP,10032600.0,1757906017463
2025-09-15 03:13:37.459000+00:00,PRCL-USDT-SWAP,24506620.0,1757906017459
2025-09-15 03:13:37.469000+00:00,PROMPT-USDT-SWAP,34573980.0,1757906017469
2025-09-15 03:13:37.463000+00:00,PUMP-USDT-SWAP,6942636000.0,1757906017463
2025-09-15 03:13:37.467000+00:00,PYTH-USDT-SWAP,48863600.0,1757906017467
2025-09-15 03:13:37.938000+00:00,QTUM-USDT-SWAP,1193761.0,1757906017938
2025-09-15 03:13:37.898000+00:00,RAY-USDT-SWAP,1138112.0,1757906017898
2025-09-15 03:13:37.901000+00:00,RENDER-USDT-SWAP,1337121.0,1757906017901
2025-09-15 03:13:37.901000+00:00,RESOLV-USDT-SWAP,24399730.0,1757906017901
2025-09-15 03:13:37.901000+00:00,RSR-USDT-SWAP,254693000.0,1757906017901
2025-09-15 03:13:37.907000+00:00,RVN-USDT-SWAP,70408900.0,1757906017907
2025-09-15 03:13:37.902000+00:00,S-USDT-SWAP,11831750.0,1757906017902
2025-09-15 03:13:37.950000+00:00,SAHARA-USDT-SWAP,41222710.0,1757906017950
2025-09-15 03:13:37.909000+00:00,SAND-USDT-SWAP,18131030.0,1757906017909
2025-09-15 03:13:37.959000+00:00,SATS-USDT-SWAP,205619420000000.0,1757906017959
2025-09-15 03:13:38.388000+00:00,SCR-USDT-SWAP,2704277.0,1757906018388
2025-09-15 03:13:38.392000+00:00,SHELL-USDT-SWAP,5375460.0,1757906018392
2025-09-15 03:13:38.394000+00:00,SHIB-USDT-SWAP,1764304200000.0002,1757906018394
2025-09-15 03:13:38.391000+00:00,SIGN-USDT-SWAP,43300900.0,1757906018391
2025-09-15 03:13:38.386000+00:00,SLP-USDT-SWAP,417454260.0,1757906018386
2025-09-15 03:13:38.392000+00:00,SNX-USDT-SWAP,2429276.0,1757906018392
2025-09-15 03:13:38.391000+00:00,SOL-USDT-SWAP,3462718.220000002,1757906018391
2025-09-15 03:13:38.390000+00:00,SOLV-USDT-SWAP,56770400.0,1757906018390
2025-09-15 03:13:38.389000+00:00,SONIC-USDT-SWAP,7521178.0,1757906018389
2025-09-15 03:13:38.415000+00:00,SOON-USDT-SWAP,7649940.0,1757906018415
2025-09-15 03:13:38.862000+00:00,SOPH-USDT-SWAP,75294400.0,1757906018862
2025-09-15 03:13:38.850000+00:00,SPK-USDT-SWAP,108361900.0,1757906018850
2025-09-15 03:13:38.863000+00:00,SPX-USDT-SWAP,994572.0,1757906018863
2025-09-15 03:13:38.861000+00:00,SSV-USDT-SWAP,310177.5,1757906018861
2025-09-15 03:13:38.855000+00:00,STORJ-USDT-SWAP,5481390.0,1757906018855
2025-09-15 03:13:38.852000+00:00,STRK-USDT-SWAP,24058281.0,1757906018852
2025-09-15 03:13:38.859000+00:00,STX-USDT-SWAP,6628569.0,1757906018859
2025-09-15 03:13:38.853000+00:00,SUI-USDT-SWAP,20745655.0,1757906018853
2025-09-15 03:13:38.859000+00:00,SUSHI-USDT-SWAP,8672260.0,1757906018859
2025-09-15 03:13:38.870000+00:00,SWARMS-USDT-SWAP,79573380.0,1757906018870
2025-09-15 03:13:39.316000+00:00,SYRUP-USDT-SWAP,2407810.0,1757906019316
2025-09-15 03:13:39.322000+00:00,T-USDT-SWAP,45311300.0,1757906019322
2025-09-15 03:13:39.324000+00:00,TAO-USDT-SWAP,13550.97,1757906019324
2025-09-15 03:13:39.322000+00:00,THETA-USDT-SWAP,3082358.000000001,1757906019322
2025-09-15 03:13:39.328000+00:00,TIA-USDT-SWAP,5410490.0,1757906019328
2025-09-15 03:13:39.316000+00:00,TNSR-USDT-SWAP,8489638.0,1757906019316
2025-09-15 03:13:39.325000+00:00,TON-USDT-SWAP,9039194.0,1757906019325
2025-09-15 03:13:39.319000+00:00,TRB-USDT-SWAP,250910.9,1757906019319
2025-09-15 03:13:39.323000+00:00,TREE-USDT-SWAP,10120952.0,1757906019323
2025-09-15 03:13:39.319000+00:00,TRUMP-USDT-SWAP,5508740.1,1757906019319
2025-09-15 03:13:39.755000+00:00,TRX-USDT-SWAP,93148920.00000006,1757906019755
2025-09-15 03:13:39.761000+00:00,TURBO-USDT-SWAP,949220000.0000001,1757906019761
2025-09-15 03:13:39.762000+00:00,UMA-USDT-SWAP,1438364.2,1757906019762
2025-09-15 03:13:39.769000+00:00,UNI-USDT-SWAP,3828402.0,1757906019769
2025-09-15 03:13:39.753000+00:00,USDC-USDT-SWAP,996330.0,1757906019753
2025-09-15 03:13:39.758000+00:00,USELESS-USDT-SWAP,11587260.0,1757906019758
2025-09-15 03:13:39.769000+00:00,USTC-USDT-SWAP,109676700.0,1757906019769
2025-09-15 03:13:39.754000+00:00,UXLINK-USDT-SWAP,6643260.0,1757906019754
2025-09-15 03:13:39.764000+00:00,VANA-USDT-SWAP,141148.4,1757906019764
2025-09-15 03:13:39.760000+00:00,VINE-USDT-SWAP,114495540.0,1757906019760
2025-09-15 03:13:40.190000+00:00,VIRTUAL-USDT-SWAP,3749543.0,1757906020190
2025-09-15 03:13:40.201000+00:00,W-USDT-SWAP,48849947.0,1757906020201
2025-09-15 03:13:40.212000+00:00,WAL-USDT-SWAP,2235670.0,1757906020212
2025-09-15 03:13:40.195000+00:00,WCT-USDT-SWAP,10151990.0,1757906020195
2025-09-15 03:13:40.195000+00:00,WIF-USDT-SWAP,16886449.0,1757906020195
2025-09-15 03:13:40.193000+00:00,WLD-USDT-SWAP,30013852.0,1757906020193
2025-09-15 03:13:40.194000+00:00,WLFI-USDT-SWAP,276014160.0,1757906020194
2025-09-15 03:13:40.203000+00:00,WOO-USDT-SWAP,20642440.0,1757906020203
2025-09-15 03:13:40.201000+00:00,XAUT-USDT-SWAP,5233.789,1757906020201
2025-09-15 03:13:40.740000+00:00,XLM-USDT-SWAP,42703189.99999999,1757906020740
2025-09-15 03:13:40.635000+00:00,XPL-USDT-SWAP,6790470.0,1757906020635
2025-09-15 03:13:40.648000+00:00,XRP-USDT-SWAP,95094389.99999997,1757906020648
2025-09-15 03:13:40.665000+00:00,XTZ-USDT-SWAP,5738712.0,1757906020665
2025-09-15 03:13:40.639000+00:00,YFI-USDT-SWAP,376.3253,1757906020639
2025-09-15 03:13:40.642000+00:00,YGG-USDT-SWAP,42139717.0,1757906020642
2025-09-15 03:13:40.663000+00:00,ZENT-USDT-SWAP,189543000.0,1757906020663
2025-09-15 03:13:40.646000+00:00,ZETA-USDT-SWAP,5473350.0,1757906020646
2025-09-15 03:13:40.658000+00:00,ZIL-USDT-SWAP,166096300.0,1757906020658
2025-09-15 03:13:41.172000+00:00,ZK-USDT-SWAP,50011600.0,1757906021172
2025-09-15 03:13:41.169000+00:00,ZRO-USDT-SWAP,1701081.0,1757906021169
2025-09-15 03:13:41.174000+00:00,ZRX-USDT-SWAP,7407890.0,1757906021174
