datetime_utc,symbol,oi_value,timestamp_ms
2025-09-11 01:07:34.295000+00:00,1INCH-USDT-SWAP,8005891.0,1757552854295
2025-09-11 01:07:34.318000+00:00,A-USDT-SWAP,10778720.0,1757552854318
2025-09-11 01:07:34.276000+00:00,AAVE-USDT-SWAP,134164.90000000002,1757552854276
2025-09-11 01:07:34.312000+00:00,ACE-USDT-SWAP,2437629.0,1757552854312
2025-09-11 01:07:34.288000+00:00,ACH-USDT-SWAP,82264200.0,1757552854288
2025-09-11 01:07:34.291000+00:00,ACT-USDT-SWAP,85699024.0,1757552854291
2025-09-11 01:07:34.286000+00:00,ADA-USDT-SWAP,82527950.00000001,1757552854286
2025-09-11 01:07:34.296000+00:00,AERO-USDT-SWAP,1753700.0,1757552854296
2025-09-11 01:07:34.317000+00:00,AEVO-USDT-SWAP,18007522.0,1757552854317
2025-09-11 01:07:34.292000+00:00,AGLD-USDT-SWAP,1809229.0,1757552854292
2025-09-11 01:07:34.732000+00:00,AI16Z-USDT-SWAP,52536811.0,1757552854732
2025-09-11 01:07:34.751000+00:00,AIXBT-USDT-SWAP,22566460.0,1757552854751
2025-09-11 01:07:34.750000+00:00,ALCH-USDT-SWAP,16715120.0,1757552854750
2025-09-11 01:07:34.748000+00:00,ALGO-USDT-SWAP,27730430.0,1757552854748
2025-09-11 01:07:34.748000+00:00,ANIME-USDT-SWAP,97159690.0,1757552854748
2025-09-11 01:07:34.756000+00:00,APE-USDT-SWAP,8045066.2,1757552854756
2025-09-11 01:07:34.756000+00:00,API3-USDT-SWAP,2837556.0,1757552854756
2025-09-11 01:07:34.760000+00:00,APT-USDT-SWAP,3477345.0,1757552854760
2025-09-11 01:07:34.751000+00:00,AR-USDT-SWAP,490405.9,1757552854751
2025-09-11 01:07:34.760000+00:00,ARB-USDT-SWAP,35754002.999999985,1757552854760
2025-09-11 01:07:35.179000+00:00,ARC-USDT-SWAP,61158650.0,1757552855179
2025-09-11 01:07:35.206000+00:00,ARKM-USDT-SWAP,5079048.0,1757552855206
2025-09-11 01:07:35.190000+00:00,ATH-USDT-SWAP,192842900.0,1757552855190
2025-09-11 01:07:35.182000+00:00,ATOM-USDT-SWAP,2000067.0,1757552855182
2025-09-11 01:07:35.190000+00:00,AUCTION-USDT-SWAP,217636.9,1757552855190
2025-09-11 01:07:35.229000+00:00,AVAAI-USDT-SWAP,72991680.0,1757552855229
2025-09-11 01:07:35.196000+00:00,AVAX-USDT-SWAP,2308062.399999999,1757552855196
2025-09-11 01:07:35.203000+00:00,AXS-USDT-SWAP,1205028.7,1757552855203
2025-09-11 01:07:35.190000+00:00,BABY-USDT-SWAP,37896370.0,1757552855190
2025-09-11 01:07:35.202000+00:00,BAND-USDT-SWAP,1529848.0,1757552855202
2025-09-11 01:07:35.667000+00:00,BAT-USDT-SWAP,5900010.0,1757552855667
2025-09-11 01:07:35.686000+00:00,BCH-USDT-SWAP,71345.45999999998,1757552855686
2025-09-11 01:07:35.693000+00:00,BERA-USDT-SWAP,2428175.0,1757552855693
2025-09-11 01:07:35.677000+00:00,BICO-USDT-SWAP,8007390.0,1757552855677
2025-09-11 01:07:35.668000+00:00,BIGTIME-USDT-SWAP,40208360.0,1757552855668
2025-09-11 01:07:35.671000+00:00,BIO-USDT-SWAP,54486707.0,1757552855671
2025-09-11 01:07:35.677000+00:00,BLUR-USDT-SWAP,26090240.0,1757552855677
2025-09-11 01:07:35.686000+00:00,BNB-USDT-SWAP,106738.52,1757552855686
2025-09-11 01:07:35.669000+00:00,BNT-USDT-SWAP,738640.0,1757552855669
2025-09-11 01:07:35.695000+00:00,BOME-USDT-SWAP,1295233000.0,1757552855695
2025-09-11 01:07:36.107000+00:00,BONK-USDT-SWAP,528699300000.0,1757552856107
2025-09-11 01:07:36.134000+00:00,BRETT-USDT-SWAP,11908100.0,1757552856134
2025-09-11 01:07:36.114000+00:00,BTC-USDT-SWAP,28267.254000000114,1757552856114
2025-09-11 01:07:36.125000+00:00,CAT-USDT-SWAP,140694600000.0,1757552856125
2025-09-11 01:07:36.105000+00:00,CATI-USDT-SWAP,15868270.0,1757552856105
2025-09-11 01:07:36.132000+00:00,CELO-USDT-SWAP,4504106.0,1757552856132
2025-09-11 01:07:36.123000+00:00,CETUS-USDT-SWAP,20872780.0,1757552856123
2025-09-11 01:07:36.544000+00:00,CFX-USDT-SWAP,74879400.0,1757552856544
2025-09-11 01:07:36.114000+00:00,CHZ-USDT-SWAP,79491440.0,1757552856114
2025-09-11 01:07:36.151000+00:00,COMP-USDT-SWAP,88606.8,1757552856151
2025-09-11 01:07:36.955000+00:00,COOKIE-USDT-SWAP,4307370.0,1757552856955
2025-09-11 01:07:36.981000+00:00,CORE-USDT-SWAP,10076502.0,1757552856981
2025-09-11 01:07:36.970000+00:00,CRO-USDT-SWAP,70515920.0,1757552856970
2025-09-11 01:07:36.978000+00:00,CRV-USDT-SWAP,24191812.0,1757552856978
2025-09-11 01:07:36.975000+00:00,CTC-USDT-SWAP,1812510.0,1757552856975
2025-09-11 01:07:36.978000+00:00,CVC-USDT-SWAP,9380300.0,1757552856978
2025-09-11 01:07:36.982000+00:00,CVX-USDT-SWAP,322735.0,1757552856982
2025-09-11 01:07:36.965000+00:00,DEGEN-USDT-SWAP,284224900.0,1757552856965
2025-09-11 01:07:36.969000+00:00,DGB-USDT-SWAP,47023300.0,1757552856969
2025-09-11 01:07:36.981000+00:00,DOG-USDT-SWAP,380167000.0,1757552856981
2025-09-11 01:07:37.403000+00:00,DOGE-USDT-SWAP,1610949149.9999998,1757552857403
2025-09-11 01:07:37.425000+00:00,DOGS-USDT-SWAP,16548891000.0,1757552857425
2025-09-11 01:07:37.426000+00:00,DOOD-USDT-SWAP,182600000.0,1757552857426
2025-09-11 01:07:37.404000+00:00,DOT-USDT-SWAP,6291113.0,1757552857404
2025-09-11 01:07:37.416000+00:00,DUCK-USDT-SWAP,819443500.0,1757552857416
2025-09-11 01:07:37.411000+00:00,DYDX-USDT-SWAP,10144214.0,1757552857411
2025-09-11 01:07:37.414000+00:00,EGLD-USDT-SWAP,110829.2,1757552857414
2025-09-11 01:07:37.415000+00:00,EIGEN-USDT-SWAP,3867946.0,1757552857415
2025-09-11 01:07:37.417000+00:00,ENJ-USDT-SWAP,13176490.0,1757552857417
2025-09-11 01:07:37.420000+00:00,ENS-USDT-SWAP,326344.7,1757552857420
2025-09-11 01:07:37.844000+00:00,ETC-USDT-SWAP,1070645.3000000003,1757552857844
2025-09-11 01:07:37.859000+00:00,ETH-USDT-SWAP,740033.2520000022,1757552857859
2025-09-11 01:07:37.927000+00:00,ETHFI-USDT-SWAP,8097113.0,1757552857927
2025-09-11 01:07:37.851000+00:00,ETHW-USDT-SWAP,1197057.6,1757552857851
2025-09-11 01:07:37.844000+00:00,FARTCOIN-USDT-SWAP,20608636.0,1757552857844
2025-09-11 01:07:37.868000+00:00,FIL-USDT-SWAP,14258752.1,1757552857868
2025-09-11 01:07:37.862000+00:00,FLM-USDT-SWAP,31280310.0,1757552857862
2025-09-11 01:07:37.853000+00:00,FLOKI-USDT-SWAP,37890800000.0,1757552857853
2025-09-11 01:07:37.868000+00:00,FLOW-USDT-SWAP,4744830.0,1757552857868
2025-09-11 01:07:37.887000+00:00,FXS-USDT-SWAP,418714.0,1757552857887
2025-09-11 01:07:38.355000+00:00,GALA-USDT-SWAP,439525650.0,1757552858355
2025-09-11 01:07:38.354000+00:00,GAS-USDT-SWAP,388713.0,1757552858354
2025-09-11 01:07:38.358000+00:00,GLM-USDT-SWAP,2839070.0,1757552858358
2025-09-11 01:07:38.355000+00:00,GMT-USDT-SWAP,44681796.0,1757552858355
2025-09-11 01:07:38.359000+00:00,GMX-USDT-SWAP,68943.6,1757552858359
2025-09-11 01:07:38.355000+00:00,GOAT-USDT-SWAP,28851650.0,1757552858355
2025-09-11 01:07:38.355000+00:00,GODS-USDT-SWAP,7278974.0,1757552858355
2025-09-11 01:07:38.347000+00:00,GPS-USDT-SWAP,168367660.0,1757552858347
2025-09-11 01:07:38.487000+00:00,GRASS-USDT-SWAP,2726720.0,1757552858487
2025-09-11 01:07:38.378000+00:00,GRIFFAIN-USDT-SWAP,24295150.0,1757552858378
2025-09-11 01:07:38.921000+00:00,GRT-USDT-SWAP,24884770.0,1757552858921
2025-09-11 01:07:38.949000+00:00,H-USDT-SWAP,54630400.0,1757552858949
2025-09-11 01:07:38.920000+00:00,HBAR-USDT-SWAP,72751120.00000001,1757552858920
2025-09-11 01:07:38.921000+00:00,HMSTR-USDT-SWAP,1192840400.0,1757552858921
2025-09-11 01:07:38.917000+00:00,HOME-USDT-SWAP,22764200.0,1757552858917
2025-09-11 01:07:38.919000+00:00,HUMA-USDT-SWAP,79737000.0,1757552858919
2025-09-11 01:07:38.922000+00:00,HYPE-USDT-SWAP,1099186.3,1757552858922
2025-09-11 01:07:38.928000+00:00,ICP-USDT-SWAP,1318449.48,1757552858928
2025-09-11 01:07:38.932000+00:00,ICX-USDT-SWAP,5998850.0,1757552858932
2025-09-11 01:07:38.934000+00:00,IMX-USDT-SWAP,6566898.0,1757552858934
2025-09-11 01:07:39.374000+00:00,INIT-USDT-SWAP,3666790.0,1757552859374
2025-09-11 01:07:39.386000+00:00,INJ-USDT-SWAP,888716.0,1757552859386
2025-09-11 01:07:39.382000+00:00,IOST-USDT-SWAP,297258000.0,1757552859382
2025-09-11 01:07:39.380000+00:00,IOTA-USDT-SWAP,14104290.0,1757552859380
2025-09-11 01:07:39.375000+00:00,IP-USDT-SWAP,2888275.0,1757552859375
2025-09-11 01:07:39.388000+00:00,JELLYJELLY-USDT-SWAP,182409700.0,1757552859388
2025-09-11 01:07:39.393000+00:00,JOE-USDT-SWAP,6675850.0,1757552859393
2025-09-11 01:07:39.394000+00:00,JTO-USDT-SWAP,2928869.0,1757552859394
2025-09-11 01:07:39.386000+00:00,JUP-USDT-SWAP,15158260.0,1757552859386
2025-09-11 01:07:39.829000+00:00,KAITO-USDT-SWAP,6237738.0,1757552859829
2025-09-11 01:07:39.885000+00:00,KMNO-USDT-SWAP,20504200.0,1757552859885
2025-09-11 01:07:39.857000+00:00,KSM-USDT-SWAP,133527.3,1757552859857
2025-09-11 01:07:39.827000+00:00,LA-USDT-SWAP,3033330.0,1757552859827
2025-09-11 01:07:39.824000+00:00,LAUNCHCOIN-USDT-SWAP,57899250.0,1757552859824
2025-09-11 01:07:39.830000+00:00,LAYER-USDT-SWAP,7630946.0,1757552859830
2025-09-11 01:07:39.826000+00:00,LDO-USDT-SWAP,14505519.0,1757552859826
2025-09-11 01:07:39.833000+00:00,LINK-USDT-SWAP,2591703.2999999993,1757552859833
2025-09-11 01:07:39.840000+00:00,LPT-USDT-SWAP,770740.6,1757552859840
2025-09-11 01:07:39.846000+00:00,LQTY-USDT-SWAP,1466843.0,1757552859846
2025-09-11 01:07:40.354000+00:00,LRC-USDT-SWAP,19665280.0,1757552860354
2025-09-11 01:07:40.411000+00:00,LTC-USDT-SWAP,709889.1,1757552860411
2025-09-11 01:07:40.378000+00:00,LUNA-USDT-SWAP,15244664.0,1757552860378
2025-09-11 01:07:40.365000+00:00,LUNC-USDT-SWAP,31790550000.0,1757552860365
2025-09-11 01:07:40.801000+00:00,MAGIC-USDT-SWAP,18080615.0,1757552860801
2025-09-11 01:07:40.377000+00:00,MAJOR-USDT-SWAP,4767831.0,1757552860377
2025-09-11 01:07:40.367000+00:00,MANA-USDT-SWAP,10015390.0,1757552860367
2025-09-11 01:07:40.361000+00:00,MASK-USDT-SWAP,2908294.0,1757552860361
2025-09-11 01:07:40.395000+00:00,ME-USDT-SWAP,3599588.0,1757552860395
2025-09-11 01:07:40.371000+00:00,MEME-USDT-SWAP,1436657300.0,1757552860371
2025-09-11 01:07:41.223000+00:00,MERL-USDT-SWAP,50368688.0,1757552861223
2025-09-11 01:07:41.249000+00:00,METIS-USDT-SWAP,100892.5,1757552861249
2025-09-11 01:07:41.245000+00:00,MEW-USDT-SWAP,1045907000.0,1757552861245
2025-09-11 01:07:41.228000+00:00,MINA-USDT-SWAP,7409660.0,1757552861228
2025-09-11 01:07:41.247000+00:00,MOG-USDT-SWAP,621917000000.0,1757552861247
2025-09-11 01:07:41.283000+00:00,MOODENG-USDT-SWAP,47542510.0,1757552861283
2025-09-11 01:07:41.263000+00:00,MORPHO-USDT-SWAP,1557797.0,1757552861263
2025-09-11 01:07:41.240000+00:00,MOVE-USDT-SWAP,28148870.0,1757552861240
2025-09-11 01:07:41.244000+00:00,MUBARAK-USDT-SWAP,13896800.0,1757552861244
2025-09-11 01:07:41.710000+00:00,NEAR-USDT-SWAP,5324722.0,1757552861710
2025-09-11 01:07:41.748000+00:00,NEIRO-USDT-SWAP,9055618000.0,1757552861748
2025-09-11 01:07:41.719000+00:00,NEIROETH-USDT-SWAP,11464100.0,1757552861719
2025-09-11 01:07:41.714000+00:00,NEO-USDT-SWAP,368855.0,1757552861714
2025-09-11 01:07:41.731000+00:00,NEWT-USDT-SWAP,3082870.0,1757552861731
2025-09-11 01:07:41.722000+00:00,NMR-USDT-SWAP,375064.9,1757552861722
2025-09-11 01:07:41.733000+00:00,NOT-USDT-SWAP,1691594600.0,1757552861733
2025-09-11 01:07:41.716000+00:00,NXPC-USDT-SWAP,1107480.0,1757552861716
2025-09-11 01:07:41.729000+00:00,OL-USDT-SWAP,100416290.0,1757552861729
2025-09-11 01:07:41.728000+00:00,OM-USDT-SWAP,24617176.999999996,1757552861728
2025-09-11 01:07:42.242000+00:00,ONDO-USDT-SWAP,23019710.0,1757552862242
2025-09-11 01:07:42.271000+00:00,ONE-USDT-SWAP,83858000.0,1757552862271
2025-09-11 01:07:42.260000+00:00,ONT-USDT-SWAP,10828390.0,1757552862260
2025-09-11 01:07:42.261000+00:00,OP-USDT-SWAP,23990731.0,1757552862261
2025-09-11 01:07:42.246000+00:00,ORBS-USDT-SWAP,30038600.0,1757552862246
2025-09-11 01:07:42.250000+00:00,ORDI-USDT-SWAP,1373262.8,1757552862250
2025-09-11 01:07:42.267000+00:00,PARTI-USDT-SWAP,14126270.0,1757552862267
2025-09-11 01:07:42.261000+00:00,PENGU-USDT-SWAP,644423900.0,1757552862261
2025-09-11 01:07:42.267000+00:00,PEOPLE-USDT-SWAP,353974200.0,1757552862267
2025-09-11 01:07:42.252000+00:00,PEPE-USDT-SWAP,8430515000000.002,1757552862252
2025-09-11 01:07:42.715000+00:00,PERP-USDT-SWAP,3165612.0,1757552862715
2025-09-11 01:07:42.718000+00:00,PI-USDT-SWAP,30182962.0,1757552862718
2025-09-11 01:07:42.712000+00:00,PLUME-USDT-SWAP,21642150.0,1757552862712
2025-09-11 01:07:42.716000+00:00,PNUT-USDT-SWAP,37671550.0,1757552862716
2025-09-11 01:07:42.715000+00:00,POL-USDT-SWAP,39304490.0,1757552862715
2025-09-11 01:07:42.709000+00:00,POPCAT-USDT-SWAP,9580400.0,1757552862709
2025-09-11 01:07:42.721000+00:00,PRCL-USDT-SWAP,26859614.0,1757552862721
2025-09-11 01:07:42.713000+00:00,PROMPT-USDT-SWAP,39779780.0,1757552862713
2025-09-11 01:07:42.713000+00:00,PUMP-USDT-SWAP,6975043000.0,1757552862713
2025-09-11 01:07:42.727000+00:00,PYTH-USDT-SWAP,46728800.0,1757552862727
2025-09-11 01:07:44.169000+00:00,QTUM-USDT-SWAP,1365617.0,1757552864169
2025-09-11 01:07:43.224000+00:00,RAY-USDT-SWAP,1005543.0,1757552863224
2025-09-11 01:07:43.177000+00:00,RENDER-USDT-SWAP,1385581.0,1757552863177
2025-09-11 01:07:43.176000+00:00,RESOLV-USDT-SWAP,23473590.0,1757552863176
2025-09-11 01:07:43.177000+00:00,RSR-USDT-SWAP,259761600.0,1757552863177
2025-09-11 01:07:43.171000+00:00,RVN-USDT-SWAP,70216350.0,1757552863171
2025-09-11 01:07:43.191000+00:00,S-USDT-SWAP,12374330.0,1757552863191
2025-09-11 01:07:43.182000+00:00,SAHARA-USDT-SWAP,54128340.0,1757552863182
2025-09-11 01:07:43.183000+00:00,SAND-USDT-SWAP,18760520.0,1757552863183
2025-09-11 01:07:43.169000+00:00,SATS-USDT-SWAP,232892030000000.0,1757552863169
2025-09-11 01:07:45.682000+00:00,SCR-USDT-SWAP,2927832.0,1757552865682
2025-09-11 01:07:44.663000+00:00,SHELL-USDT-SWAP,6157170.0,1757552864663
2025-09-11 01:07:44.646000+00:00,SHIB-USDT-SWAP,1677655200000.0,1757552864646
2025-09-11 01:07:44.639000+00:00,SIGN-USDT-SWAP,46103400.0,1757552864639
2025-09-11 01:07:44.661000+00:00,SLP-USDT-SWAP,418900200.0,1757552864661
2025-09-11 01:07:44.663000+00:00,SNX-USDT-SWAP,2265429.0,1757552864663
2025-09-11 01:07:44.667000+00:00,SOL-USDT-SWAP,3773807.1199999987,1757552864667
2025-09-11 01:07:44.650000+00:00,SOLV-USDT-SWAP,69160400.0,1757552864650
2025-09-11 01:07:44.654000+00:00,SONIC-USDT-SWAP,7782755.0,1757552864654
2025-09-11 01:07:44.654000+00:00,SOON-USDT-SWAP,8782210.0,1757552864654
2025-09-11 01:07:46.114000+00:00,SOPH-USDT-SWAP,83118400.0,1757552866114
2025-09-11 01:07:46.137000+00:00,SPK-USDT-SWAP,120678200.0,1757552866137
2025-09-11 01:07:46.110000+00:00,SPX-USDT-SWAP,1066466.0,1757552866110
2025-09-11 01:07:46.263000+00:00,SSV-USDT-SWAP,294488.9,1757552866263
2025-09-11 01:07:46.116000+00:00,STORJ-USDT-SWAP,5512920.0,1757552866116
2025-09-11 01:07:46.124000+00:00,STRK-USDT-SWAP,23281368.0,1757552866124
2025-09-11 01:07:46.139000+00:00,STX-USDT-SWAP,6919777.999999999,1757552866139
2025-09-11 01:07:46.172000+00:00,SUI-USDT-SWAP,20160171.0,1757552866172
2025-09-11 01:07:46.150000+00:00,SUSHI-USDT-SWAP,8134642.0,1757552866150
2025-09-11 01:07:46.116000+00:00,SWARMS-USDT-SWAP,94627630.0,1757552866116
2025-09-11 01:07:46.674000+00:00,SYRUP-USDT-SWAP,2731450.0,1757552866674
2025-09-11 01:07:46.699000+00:00,T-USDT-SWAP,46241500.0,1757552866699
2025-09-11 01:07:46.694000+00:00,TAO-USDT-SWAP,14271.44,1757552866694
2025-09-11 01:07:46.694000+00:00,THETA-USDT-SWAP,2872195.0,1757552866694
2025-09-11 01:07:46.683000+00:00,TIA-USDT-SWAP,5169736.0,1757552866683
2025-09-11 01:07:46.692000+00:00,TNSR-USDT-SWAP,8504245.0,1757552866692
2025-09-11 01:07:46.701000+00:00,TON-USDT-SWAP,9410934.0,1757552866701
2025-09-11 01:07:46.682000+00:00,TRB-USDT-SWAP,256493.2,1757552866682
2025-09-11 01:07:46.699000+00:00,TREE-USDT-SWAP,6338874.0,1757552866699
2025-09-11 01:07:46.699000+00:00,TRUMP-USDT-SWAP,5090221.1,1757552866699
2025-09-11 01:07:47.145000+00:00,TRX-USDT-SWAP,93274210.00000006,1757552867145
2025-09-11 01:07:47.203000+00:00,TURBO-USDT-SWAP,914538000.0,1757552867203
2025-09-11 01:07:47.145000+00:00,UMA-USDT-SWAP,1431521.2,1757552867145
2025-09-11 01:07:47.152000+00:00,UNI-USDT-SWAP,3263773.0,1757552867152
2025-09-11 01:07:47.152000+00:00,USDC-USDT-SWAP,1061800.0,1757552867152
2025-09-11 01:07:47.148000+00:00,USELESS-USDT-SWAP,12610730.0,1757552867148
2025-09-11 01:07:47.149000+00:00,USTC-USDT-SWAP,113753200.0,1757552867149
2025-09-11 01:07:47.212000+00:00,UXLINK-USDT-SWAP,5716660.0,1757552867212
2025-09-11 01:07:47.155000+00:00,VANA-USDT-SWAP,156824.9,1757552867155
2025-09-11 01:07:47.156000+00:00,VINE-USDT-SWAP,103252240.0,1757552867156
2025-09-11 01:07:48.055000+00:00,VIRTUAL-USDT-SWAP,3585908.0,1757552868055
2025-09-11 01:07:47.648000+00:00,W-USDT-SWAP,60530055.0,1757552867648
2025-09-11 01:07:47.649000+00:00,WAL-USDT-SWAP,2369940.0,1757552867649
2025-09-11 01:07:47.632000+00:00,WAXP-USDT-SWAP,25468700.0,1757552867632
2025-09-11 01:07:47.676000+00:00,WCT-USDT-SWAP,10554250.0,1757552867676
2025-09-11 01:07:47.651000+00:00,WIF-USDT-SWAP,15714458.0,1757552867651
2025-09-11 01:07:47.643000+00:00,WLD-USDT-SWAP,33144349.0,1757552867643
2025-09-11 01:07:47.643000+00:00,WLFI-USDT-SWAP,268000780.0,1757552867643
2025-09-11 01:07:47.640000+00:00,WOO-USDT-SWAP,20849610.0,1757552867640
2025-09-11 01:07:47.644000+00:00,XAUT-USDT-SWAP,5384.612,1757552867644
2025-09-11 01:07:48.491000+00:00,XLM-USDT-SWAP,41783130.00000001,1757552868491
2025-09-11 01:07:48.504000+00:00,XPL-USDT-SWAP,6415420.0,1757552868504
2025-09-11 01:07:48.597000+00:00,XRP-USDT-SWAP,87704902.99999997,1757552868597
2025-09-11 01:07:48.499000+00:00,XTZ-USDT-SWAP,4873597.0,1757552868499
2025-09-11 01:07:48.504000+00:00,YFI-USDT-SWAP,387.2632,1757552868504
2025-09-11 01:07:48.533000+00:00,YGG-USDT-SWAP,27295038.0,1757552868533
2025-09-11 01:07:48.529000+00:00,ZENT-USDT-SWAP,152656100.0,1757552868529
2025-09-11 01:07:48.515000+00:00,ZEREBRO-USDT-SWAP,55911880.0,1757552868515
2025-09-11 01:07:48.505000+00:00,ZETA-USDT-SWAP,5484820.0,1757552868505
2025-09-11 01:07:48.514000+00:00,ZIL-USDT-SWAP,168563900.0,1757552868514
2025-09-11 01:07:49.003000+00:00,ZK-USDT-SWAP,49494240.0,1757552869003
2025-09-11 01:07:49.032000+00:00,ZRO-USDT-SWAP,1793352.0,1757552869032
2025-09-11 01:07:49.023000+00:00,ZRX-USDT-SWAP,8185600.0,1757552869023
2025-09-11 01:08:49.733000+00:00,1INCH-USDT-SWAP,8006761.0,1757552929733
2025-09-11 01:08:49.907000+00:00,A-USDT-SWAP,10778210.0,1757552929907
2025-09-11 01:08:49.703000+00:00,AAVE-USDT-SWAP,134194.67000000004,1757552929703
2025-09-11 01:08:49.722000+00:00,ACE-USDT-SWAP,2428614.0,1757552929722
2025-09-11 01:08:49.750000+00:00,ACH-USDT-SWAP,82264500.0,1757552929750
2025-09-11 01:08:49.737000+00:00,ACT-USDT-SWAP,85721090.0,1757552929737
2025-09-11 01:08:49.724000+00:00,ADA-USDT-SWAP,82530780.0,1757552929724
2025-09-11 01:08:49.736000+00:00,AERO-USDT-SWAP,1753890.0,1757552929736
2025-09-11 01:08:49.715000+00:00,AEVO-USDT-SWAP,17992731.0,1757552929715
2025-09-11 01:08:49.748000+00:00,AGLD-USDT-SWAP,1809439.0,1757552929748
2025-09-11 01:08:50.370000+00:00,AI16Z-USDT-SWAP,52550687.0,1757552930370
2025-09-11 01:08:50.852000+00:00,AIXBT-USDT-SWAP,22550220.0,1757552930852
2025-09-11 01:08:50.378000+00:00,ALCH-USDT-SWAP,16710870.0,1757552930378
2025-09-11 01:08:50.377000+00:00,ALGO-USDT-SWAP,27730620.0,1757552930377
2025-09-11 01:08:50.371000+00:00,ANIME-USDT-SWAP,97157380.0,1757552930371
2025-09-11 01:08:50.373000+00:00,APE-USDT-SWAP,8045178.3,1757552930373
2025-09-11 01:08:50.380000+00:00,API3-USDT-SWAP,2837106.0,1757552930380
2025-09-11 01:08:50.373000+00:00,APT-USDT-SWAP,3477287.0,1757552930373
2025-09-11 01:08:50.377000+00:00,AR-USDT-SWAP,490343.0,1757552930377
2025-09-11 01:08:50.381000+00:00,ARB-USDT-SWAP,35754753.999999985,1757552930381
2025-09-11 01:08:51.315000+00:00,ARC-USDT-SWAP,61161940.0,1757552931315
2025-09-11 01:08:51.332000+00:00,ARKM-USDT-SWAP,5078400.0,1757552931332
2025-09-11 01:08:51.308000+00:00,ATH-USDT-SWAP,192788800.0,1757552931308
2025-09-11 01:08:51.308000+00:00,ATOM-USDT-SWAP,2000306.0,1757552931308
2025-09-11 01:08:51.312000+00:00,AUCTION-USDT-SWAP,217636.6,1757552931312
2025-09-11 01:08:51.308000+00:00,AVAAI-USDT-SWAP,73001630.0,1757552931308
2025-09-11 01:08:51.310000+00:00,AVAX-USDT-SWAP,2308230.599999999,1757552931310
2025-09-11 01:08:51.319000+00:00,AXS-USDT-SWAP,1204877.4,1757552931319
2025-09-11 01:08:51.300000+00:00,BABY-USDT-SWAP,37896240.0,1757552931300
2025-09-11 01:08:51.321000+00:00,BAND-USDT-SWAP,1529867.0,1757552931321
2025-09-11 01:08:51.785000+00:00,BAT-USDT-SWAP,5916010.0,1757552931785
2025-09-11 01:08:51.792000+00:00,BCH-USDT-SWAP,71348.70999999999,1757552931792
2025-09-11 01:08:51.775000+00:00,BERA-USDT-SWAP,2427205.8,1757552931775
2025-09-11 01:08:51.773000+00:00,BICO-USDT-SWAP,8008448.0,1757552931773
2025-09-11 01:08:51.771000+00:00,BIGTIME-USDT-SWAP,40205810.0,1757552931771
2025-09-11 01:08:51.811000+00:00,BIO-USDT-SWAP,54499533.0,1757552931811
2025-09-11 01:08:51.782000+00:00,BLUR-USDT-SWAP,26088340.0,1757552931782
2025-09-11 01:08:51.788000+00:00,BNB-USDT-SWAP,106721.49,1757552931788
2025-09-11 01:08:51.792000+00:00,BNT-USDT-SWAP,738320.0,1757552931792
2025-09-11 01:08:51.783000+00:00,BOME-USDT-SWAP,1295183000.0,1757552931783
2025-09-11 01:08:52.244000+00:00,BONK-USDT-SWAP,533153400000.0,1757552932244
2025-09-11 01:08:52.257000+00:00,BRETT-USDT-SWAP,11906200.0,1757552932257
2025-09-11 01:08:52.255000+00:00,BTC-USDT-SWAP,28259.118800000113,1757552932255
2025-09-11 01:08:52.257000+00:00,CAT-USDT-SWAP,140698700000.0,1757552932257
2025-09-11 01:08:52.661000+00:00,CATI-USDT-SWAP,15846446.0,1757552932661
2025-09-11 01:08:52.263000+00:00,CELO-USDT-SWAP,4503787.0,1757552932263
2025-09-11 01:08:52.249000+00:00,CETUS-USDT-SWAP,20873390.0,1757552932249
2025-09-11 01:08:52.242000+00:00,CFX-USDT-SWAP,74887680.0,1757552932242
2025-09-11 01:08:52.248000+00:00,CHZ-USDT-SWAP,79319950.0,1757552932248
2025-09-11 01:08:52.256000+00:00,COMP-USDT-SWAP,88560.3,1757552932256
2025-09-11 01:08:53.094000+00:00,COOKIE-USDT-SWAP,4303110.0,1757552933094
2025-09-11 01:08:53.099000+00:00,CORE-USDT-SWAP,10075194.0,1757552933099
2025-09-11 01:08:53.102000+00:00,CRO-USDT-SWAP,70363730.0,1757552933102
2025-09-11 01:08:53.232000+00:00,CRV-USDT-SWAP,24193714.0,1757552933232
2025-09-11 01:08:53.100000+00:00,CTC-USDT-SWAP,1812620.0,1757552933100
2025-09-11 01:08:53.450000+00:00,CVC-USDT-SWAP,9380300.0,1757552933450
2025-09-11 01:08:53.103000+00:00,CVX-USDT-SWAP,322704.0,1757552933103
2025-09-11 01:08:53.104000+00:00,DEGEN-USDT-SWAP,284203200.0,1757552933104
2025-09-11 01:08:53.105000+00:00,DGB-USDT-SWAP,47023600.0,1757552933105
2025-09-11 01:08:53.120000+00:00,DOG-USDT-SWAP,380147000.0,1757552933120
2025-09-11 01:08:53.883000+00:00,DOGE-USDT-SWAP,1613840699.9999995,1757552933883
2025-09-11 01:08:53.882000+00:00,DOGS-USDT-SWAP,16548891000.0,1757552933882
2025-09-11 01:08:53.876000+00:00,DOOD-USDT-SWAP,182296000.0,1757552933876
2025-09-11 01:08:53.874000+00:00,DOT-USDT-SWAP,6296948.0,1757552933874
2025-09-11 01:08:53.863000+00:00,DUCK-USDT-SWAP,819443500.0,1757552933863
2025-09-11 01:08:53.876000+00:00,DYDX-USDT-SWAP,10143420.0,1757552933876
2025-09-11 01:08:53.883000+00:00,EGLD-USDT-SWAP,110851.7,1757552933883
2025-09-11 01:08:53.892000+00:00,EIGEN-USDT-SWAP,3862633.0,1757552933892
2025-09-11 01:08:53.875000+00:00,ENJ-USDT-SWAP,13176600.0,1757552933875
2025-09-11 01:08:53.904000+00:00,ENS-USDT-SWAP,326402.6,1757552933904
2025-09-11 01:08:54.344000+00:00,ETC-USDT-SWAP,1070565.1000000003,1757552934344
2025-09-11 01:08:54.368000+00:00,ETH-USDT-SWAP,740248.3190000022,1757552934368
2025-09-11 01:08:54.337000+00:00,ETHFI-USDT-SWAP,8089201.0,1757552934337
2025-09-11 01:08:54.337000+00:00,ETHW-USDT-SWAP,1196606.7,1757552934337
2025-09-11 01:08:54.333000+00:00,FARTCOIN-USDT-SWAP,20607251.0,1757552934333
2025-09-11 01:08:54.335000+00:00,FIL-USDT-SWAP,14257893.2,1757552934335
2025-09-11 01:08:54.351000+00:00,FLM-USDT-SWAP,31276160.0,1757552934351
2025-09-11 01:08:54.351000+00:00,FLOKI-USDT-SWAP,37890100000.0,1757552934351
2025-09-11 01:08:54.342000+00:00,FLOW-USDT-SWAP,4744860.0,1757552934342
2025-09-11 01:08:54.385000+00:00,FXS-USDT-SWAP,418714.0,1757552934385
2025-09-11 01:08:54.807000+00:00,GALA-USDT-SWAP,439362440.0,1757552934807
2025-09-11 01:08:54.839000+00:00,GAS-USDT-SWAP,390070.0,1757552934839
2025-09-11 01:08:54.814000+00:00,GLM-USDT-SWAP,2839070.0,1757552934814
2025-09-11 01:08:54.807000+00:00,GMT-USDT-SWAP,44687982.0,1757552934807
2025-09-11 01:08:54.812000+00:00,GMX-USDT-SWAP,68943.6,1757552934812
2025-09-11 01:08:54.811000+00:00,GOAT-USDT-SWAP,28845850.0,1757552934811
2025-09-11 01:08:54.817000+00:00,GODS-USDT-SWAP,7278974.0,1757552934817
2025-09-11 01:08:54.808000+00:00,GPS-USDT-SWAP,168266150.0,1757552934808
2025-09-11 01:08:54.822000+00:00,GRASS-USDT-SWAP,2726519.0,1757552934822
2025-09-11 01:08:54.881000+00:00,GRIFFAIN-USDT-SWAP,24292390.0,1757552934881
2025-09-11 01:08:55.295000+00:00,GRT-USDT-SWAP,24884380.0,1757552935295
2025-09-11 01:08:55.302000+00:00,H-USDT-SWAP,54585000.0,1757552935302
2025-09-11 01:08:55.301000+00:00,HBAR-USDT-SWAP,72749370.0,1757552935301
2025-09-11 01:08:55.324000+00:00,HMSTR-USDT-SWAP,1192804700.0,1757552935324
2025-09-11 01:08:55.304000+00:00,HOME-USDT-SWAP,22771100.0,1757552935304
2025-09-11 01:08:55.311000+00:00,HUMA-USDT-SWAP,79715100.0,1757552935311
2025-09-11 01:08:55.310000+00:00,HYPE-USDT-SWAP,1098382.9,1757552935310
2025-09-11 01:08:55.303000+00:00,ICP-USDT-SWAP,1318183.29,1757552935303
2025-09-11 01:08:55.305000+00:00,ICX-USDT-SWAP,5998860.0,1757552935305
2025-09-11 01:08:55.313000+00:00,IMX-USDT-SWAP,6553418.0,1757552935313
2025-09-11 01:08:55.741000+00:00,INIT-USDT-SWAP,3667400.0,1757552935741
2025-09-11 01:08:55.745000+00:00,INJ-USDT-SWAP,888582.1,1757552935745
2025-09-11 01:08:55.752000+00:00,IOST-USDT-SWAP,297260000.0,1757552935752
2025-09-11 01:08:55.747000+00:00,IOTA-USDT-SWAP,14109140.0,1757552935747
2025-09-11 01:08:55.746000+00:00,IP-USDT-SWAP,2891730.0,1757552935746
2025-09-11 01:08:55.755000+00:00,JELLYJELLY-USDT-SWAP,186245300.0,1757552935755
2025-09-11 01:08:55.750000+00:00,JOE-USDT-SWAP,6675390.0,1757552935750
2025-09-11 01:08:55.757000+00:00,JTO-USDT-SWAP,2928825.0,1757552935757
2025-09-11 01:08:55.768000+00:00,JUP-USDT-SWAP,15159000.0,1757552935768
2025-09-11 01:08:56.229000+00:00,KAITO-USDT-SWAP,6228857.0,1757552936229
2025-09-11 01:08:56.361000+00:00,KMNO-USDT-SWAP,20504600.0,1757552936361
2025-09-11 01:08:56.211000+00:00,KSM-USDT-SWAP,133527.4,1757552936211
2025-09-11 01:08:56.200000+00:00,LA-USDT-SWAP,3036760.0,1757552936200
2025-09-11 01:08:56.211000+00:00,LAUNCHCOIN-USDT-SWAP,57939750.0,1757552936211
2025-09-11 01:08:56.201000+00:00,LAYER-USDT-SWAP,7628563.0,1757552936201
2025-09-11 01:08:56.210000+00:00,LDO-USDT-SWAP,14506040.0,1757552936210
2025-09-11 01:08:56.233000+00:00,LINK-USDT-SWAP,2592168.2999999993,1757552936233
2025-09-11 01:08:56.212000+00:00,LPT-USDT-SWAP,770716.9,1757552936212
2025-09-11 01:08:56.221000+00:00,LQTY-USDT-SWAP,1467139.0,1757552936221
2025-09-11 01:08:56.785000+00:00,LRC-USDT-SWAP,19665920.0,1757552936785
2025-09-11 01:08:56.784000+00:00,LTC-USDT-SWAP,709862.2999999999,1757552936784
2025-09-11 01:08:56.789000+00:00,LUNA-USDT-SWAP,15244673.0,1757552936789
2025-09-11 01:08:56.786000+00:00,LUNC-USDT-SWAP,31790510000.0,1757552936786
2025-09-11 01:08:56.776000+00:00,MAGIC-USDT-SWAP,18125199.0,1757552936776
2025-09-11 01:08:56.792000+00:00,MAJOR-USDT-SWAP,4767831.0,1757552936792
2025-09-11 01:08:56.838000+00:00,MANA-USDT-SWAP,10015640.0,1757552936838
2025-09-11 01:08:56.811000+00:00,MASK-USDT-SWAP,2908294.0,1757552936811
2025-09-11 01:08:56.801000+00:00,ME-USDT-SWAP,3599339.0,1757552936801
2025-09-11 01:08:56.815000+00:00,MEME-USDT-SWAP,1436510400.0,1757552936815
2025-09-11 01:08:57.281000+00:00,MERL-USDT-SWAP,50363308.0,1757552937281
2025-09-11 01:08:57.280000+00:00,METIS-USDT-SWAP,100872.9,1757552937280
2025-09-11 01:08:57.279000+00:00,MEW-USDT-SWAP,1046040000.0,1757552937279
2025-09-11 01:08:57.281000+00:00,MINA-USDT-SWAP,7412098.0,1757552937281
2025-09-11 01:08:57.278000+00:00,MOG-USDT-SWAP,621720000000.0,1757552937278
2025-09-11 01:08:57.285000+00:00,MOODENG-USDT-SWAP,47543010.0,1757552937285
2025-09-11 01:08:57.276000+00:00,MORPHO-USDT-SWAP,1558040.0,1757552937276
2025-09-11 01:08:57.278000+00:00,MOVE-USDT-SWAP,28143350.0,1757552937278
2025-09-11 01:08:57.294000+00:00,MUBARAK-USDT-SWAP,13899000.0,1757552937294
2025-09-11 01:08:57.723000+00:00,NEAR-USDT-SWAP,5324735.0,1757552937723
2025-09-11 01:08:57.729000+00:00,NEIRO-USDT-SWAP,9055612000.0,1757552937729
2025-09-11 01:08:57.725000+00:00,NEIROETH-USDT-SWAP,11468800.0,1757552937725
2025-09-11 01:08:57.738000+00:00,NEO-USDT-SWAP,368854.0,1757552937738
2025-09-11 01:08:57.723000+00:00,NEWT-USDT-SWAP,3081450.0,1757552937723
2025-09-11 01:08:57.725000+00:00,NMR-USDT-SWAP,374041.2,1757552937725
2025-09-11 01:08:57.742000+00:00,NOT-USDT-SWAP,1691416600.0,1757552937742
2025-09-11 01:08:57.728000+00:00,NXPC-USDT-SWAP,1107902.0,1757552937728
2025-09-11 01:08:57.741000+00:00,OL-USDT-SWAP,101217870.0,1757552937741
2025-09-11 01:08:57.732000+00:00,OM-USDT-SWAP,24612448.999999996,1757552937732
2025-09-11 01:08:58.177000+00:00,ONDO-USDT-SWAP,23026610.0,1757552938177
2025-09-11 01:08:58.163000+00:00,ONE-USDT-SWAP,83858300.0,1757552938163
2025-09-11 01:08:58.168000+00:00,ONT-USDT-SWAP,10822540.0,1757552938168
2025-09-11 01:08:58.164000+00:00,OP-USDT-SWAP,23991970.0,1757552938164
2025-09-11 01:08:58.165000+00:00,ORBS-USDT-SWAP,30038600.0,1757552938165
2025-09-11 01:08:58.183000+00:00,ORDI-USDT-SWAP,1372808.5,1757552938183
2025-09-11 01:08:58.174000+00:00,PARTI-USDT-SWAP,14126270.0,1757552938174
2025-09-11 01:08:58.188000+00:00,PENGU-USDT-SWAP,644124000.0,1757552938188
2025-09-11 01:08:58.170000+00:00,PEOPLE-USDT-SWAP,353986000.0,1757552938170
2025-09-11 01:08:58.210000+00:00,PEPE-USDT-SWAP,8442269000000.002,1757552938210
2025-09-11 01:08:58.629000+00:00,PERP-USDT-SWAP,3167641.0,1757552938629
2025-09-11 01:08:58.630000+00:00,PI-USDT-SWAP,30182361.0,1757552938630
2025-09-11 01:08:58.652000+00:00,PLUME-USDT-SWAP,21700090.0,1757552938652
2025-09-11 01:08:58.646000+00:00,PNUT-USDT-SWAP,37671700.0,1757552938646
2025-09-11 01:08:58.633000+00:00,POL-USDT-SWAP,39307370.0,1757552938633
2025-09-11 01:08:58.650000+00:00,POPCAT-USDT-SWAP,9574960.0,1757552938650
2025-09-11 01:08:58.651000+00:00,PRCL-USDT-SWAP,26885764.0,1757552938651
2025-09-11 01:08:58.632000+00:00,PROMPT-USDT-SWAP,39795620.0,1757552938632
2025-09-11 01:08:58.633000+00:00,PUMP-USDT-SWAP,6979333000.0,1757552938633
2025-09-11 01:08:58.652000+00:00,PYTH-USDT-SWAP,46749760.0,1757552938652
2025-09-11 01:08:59.099000+00:00,QTUM-USDT-SWAP,1365604.0,1757552939099
2025-09-11 01:08:59.090000+00:00,RAY-USDT-SWAP,1005333.0,1757552939090
2025-09-11 01:08:59.090000+00:00,RENDER-USDT-SWAP,1385527.0,1757552939090
2025-09-11 01:08:59.085000+00:00,RESOLV-USDT-SWAP,23471400.0,1757552939085
2025-09-11 01:08:59.102000+00:00,RSR-USDT-SWAP,259779900.0,1757552939102
2025-09-11 01:08:59.120000+00:00,RVN-USDT-SWAP,70216350.0,1757552939120
2025-09-11 01:08:59.099000+00:00,S-USDT-SWAP,12374780.0,1757552939099
2025-09-11 01:08:59.123000+00:00,SAHARA-USDT-SWAP,54135780.0,1757552939123
2025-09-11 01:08:59.098000+00:00,SAND-USDT-SWAP,18751210.0,1757552939098
2025-09-11 01:08:59.111000+00:00,SATS-USDT-SWAP,232933670000000.0,1757552939111
2025-09-11 01:08:59.547000+00:00,SCR-USDT-SWAP,2927879.0,1757552939547
2025-09-11 01:08:59.547000+00:00,SHELL-USDT-SWAP,6127050.0,1757552939547
2025-09-11 01:08:59.559000+00:00,SHIB-USDT-SWAP,1677526800000.0,1757552939559
2025-09-11 01:08:59.556000+00:00,SIGN-USDT-SWAP,46102400.0,1757552939556
2025-09-11 01:08:59.557000+00:00,SLP-USDT-SWAP,418726000.0,1757552939557
2025-09-11 01:08:59.553000+00:00,SNX-USDT-SWAP,2264861.0,1757552939553
2025-09-11 01:08:59.567000+00:00,SOL-USDT-SWAP,3773377.2399999984,1757552939567
2025-09-11 01:08:59.554000+00:00,SOLV-USDT-SWAP,69153800.0,1757552939554
2025-09-11 01:08:59.629000+00:00,SONIC-USDT-SWAP,7781431.0,1757552939629
2025-09-11 01:08:59.571000+00:00,SOON-USDT-SWAP,8780130.0,1757552939571
2025-09-11 01:09:00.041000+00:00,SOPH-USDT-SWAP,83116600.0,1757552940041
2025-09-11 01:09:00.055000+00:00,SPK-USDT-SWAP,120684200.0,1757552940055
2025-09-11 01:09:00.048000+00:00,SPX-USDT-SWAP,1065528.0,1757552940048
2025-09-11 01:09:00.057000+00:00,SSV-USDT-SWAP,294464.6,1757552940057
2025-09-11 01:09:00.048000+00:00,STORJ-USDT-SWAP,5512270.0,1757552940048
2025-09-11 01:09:00.056000+00:00,STRK-USDT-SWAP,23280227.0,1757552940056
2025-09-11 01:09:00.054000+00:00,STX-USDT-SWAP,6959193.999999999,1757552940054
2025-09-11 01:09:00.062000+00:00,SUI-USDT-SWAP,20173826.0,1757552940062
2025-09-11 01:09:00.062000+00:00,SUSHI-USDT-SWAP,8134317.0,1757552940062
2025-09-11 01:09:00.067000+00:00,SWARMS-USDT-SWAP,94458080.0,1757552940067
2025-09-11 01:09:00.496000+00:00,SYRUP-USDT-SWAP,2731230.0,1757552940496
2025-09-11 01:09:00.484000+00:00,T-USDT-SWAP,46241500.0,1757552940484
2025-09-11 01:09:00.495000+00:00,TAO-USDT-SWAP,14278.47,1757552940495
2025-09-11 01:09:00.491000+00:00,THETA-USDT-SWAP,2872813.0,1757552940491
2025-09-11 01:09:00.492000+00:00,TIA-USDT-SWAP,5169756.0,1757552940492
2025-09-11 01:09:00.500000+00:00,TNSR-USDT-SWAP,8504245.0,1757552940500
2025-09-11 01:09:00.490000+00:00,TON-USDT-SWAP,9408688.0,1757552940490
2025-09-11 01:09:00.558000+00:00,TRB-USDT-SWAP,256539.3,1757552940558
2025-09-11 01:09:00.490000+00:00,TREE-USDT-SWAP,6332673.0,1757552940490
2025-09-11 01:09:00.502000+00:00,TRUMP-USDT-SWAP,5090193.3,1757552940502
2025-09-11 01:09:00.984000+00:00,TRX-USDT-SWAP,93210720.00000007,1757552940984
2025-09-11 01:09:01.003000+00:00,TURBO-USDT-SWAP,914614000.0000001,1757552941003
2025-09-11 01:09:00.977000+00:00,UMA-USDT-SWAP,1431521.2,1757552940977
2025-09-11 01:09:00.987000+00:00,UNI-USDT-SWAP,3264398.0,1757552940987
2025-09-11 01:09:01.029000+00:00,USDC-USDT-SWAP,1061800.0,1757552941029
2025-09-11 01:09:00.986000+00:00,USELESS-USDT-SWAP,12611680.0,1757552940986
2025-09-11 01:09:00.985000+00:00,USTC-USDT-SWAP,113753200.0,1757552940985
2025-09-11 01:09:01.125000+00:00,UXLINK-USDT-SWAP,5716800.0,1757552941125
2025-09-11 01:09:00.997000+00:00,VANA-USDT-SWAP,156697.9,1757552940997
2025-09-11 01:09:00.993000+00:00,VINE-USDT-SWAP,103250010.0,1757552940993
2025-09-11 01:09:01.554000+00:00,VIRTUAL-USDT-SWAP,3585650.0,1757552941554
2025-09-11 01:09:01.556000+00:00,W-USDT-SWAP,60483021.0,1757552941556
2025-09-11 01:09:01.550000+00:00,WAL-USDT-SWAP,2369360.0,1757552941550
2025-09-11 01:09:01.541000+00:00,WAXP-USDT-SWAP,25460100.0,1757552941541
2025-09-11 01:09:01.549000+00:00,WCT-USDT-SWAP,10551100.0,1757552941549
2025-09-11 01:09:01.546000+00:00,WIF-USDT-SWAP,15720391.0,1757552941546
2025-09-11 01:09:01.551000+00:00,WLD-USDT-SWAP,33144798.0,1757552941551
2025-09-11 01:09:01.534000+00:00,WLFI-USDT-SWAP,268033930.0,1757552941534
2025-09-11 01:09:01.564000+00:00,WOO-USDT-SWAP,20854360.0,1757552941564
2025-09-11 01:09:01.605000+00:00,XAUT-USDT-SWAP,5383.571,1757552941605
2025-09-11 01:09:02.041000+00:00,XLM-USDT-SWAP,41740160.00000001,1757552942041
2025-09-11 01:09:02.077000+00:00,XPL-USDT-SWAP,6414910.0,1757552942077
2025-09-11 01:09:02.082000+00:00,XRP-USDT-SWAP,87699581.99999997,1757552942082
2025-09-11 01:09:02.061000+00:00,XTZ-USDT-SWAP,4873568.0,1757552942061
2025-09-11 01:09:02.073000+00:00,YFI-USDT-SWAP,387.2305,1757552942073
2025-09-11 01:09:02.082000+00:00,YGG-USDT-SWAP,27294663.0,1757552942082
2025-09-11 01:09:02.058000+00:00,ZENT-USDT-SWAP,152931000.0,1757552942058
2025-09-11 01:09:02.067000+00:00,ZEREBRO-USDT-SWAP,55928620.0,1757552942067
2025-09-11 01:09:02.063000+00:00,ZETA-USDT-SWAP,5484700.0,1757552942063
2025-09-11 01:09:02.099000+00:00,ZIL-USDT-SWAP,168563900.0,1757552942099
2025-09-11 01:09:02.692000+00:00,ZK-USDT-SWAP,49492940.0,1757552942692
2025-09-11 01:09:02.693000+00:00,ZRO-USDT-SWAP,1793003.0,1757552942693
2025-09-11 01:09:02.698000+00:00,ZRX-USDT-SWAP,8187760.0,1757552942698
2025-09-11 01:10:03.411000+00:00,1INCH-USDT-SWAP,8006389.0,1757553003411
2025-09-11 01:10:03.387000+00:00,A-USDT-SWAP,10777850.0,1757553003387
2025-09-11 01:10:03.410000+00:00,AAVE-USDT-SWAP,134219.73000000004,1757553003410
2025-09-11 01:10:03.392000+00:00,ACE-USDT-SWAP,2430706.0,1757553003392
2025-09-11 01:10:03.402000+00:00,ACH-USDT-SWAP,82303700.0,1757553003402
2025-09-11 01:10:03.391000+00:00,ACT-USDT-SWAP,85704888.0,1757553003391
2025-09-11 01:10:03.400000+00:00,ADA-USDT-SWAP,82532360.0,1757553003400
2025-09-11 01:10:03.396000+00:00,AERO-USDT-SWAP,1753930.0,1757553003396
2025-09-11 01:10:03.384000+00:00,AEVO-USDT-SWAP,17981698.0,1757553003384
2025-09-11 01:10:03.476000+00:00,AGLD-USDT-SWAP,1808637.0,1757553003476
2025-09-11 01:10:03.911000+00:00,AI16Z-USDT-SWAP,52531857.0,1757553003911
2025-09-11 01:10:03.913000+00:00,AIXBT-USDT-SWAP,22568670.0,1757553003913
2025-09-11 01:10:03.941000+00:00,ALCH-USDT-SWAP,16707120.0,1757553003941
2025-09-11 01:10:03.914000+00:00,ALGO-USDT-SWAP,27729600.0,1757553003914
2025-09-11 01:10:03.919000+00:00,ANIME-USDT-SWAP,97157510.0,1757553003919
2025-09-11 01:10:03.926000+00:00,APE-USDT-SWAP,8049050.1,1757553003926
2025-09-11 01:10:03.919000+00:00,API3-USDT-SWAP,2836524.0,1757553003919
2025-09-11 01:10:03.899000+00:00,APT-USDT-SWAP,3476311.0,1757553003899
2025-09-11 01:10:03.918000+00:00,AR-USDT-SWAP,490342.0,1757553003918
2025-09-11 01:10:03.928000+00:00,ARB-USDT-SWAP,35853180.999999985,1757553003928
2025-09-11 01:10:04.383000+00:00,ARC-USDT-SWAP,61189800.0,1757553004383
2025-09-11 01:10:04.372000+00:00,ARKM-USDT-SWAP,5078680.0,1757553004372
2025-09-11 01:10:04.399000+00:00,ATH-USDT-SWAP,192814900.0,1757553004399
2025-09-11 01:10:04.385000+00:00,ATOM-USDT-SWAP,2000323.0,1757553004385
2025-09-11 01:10:04.403000+00:00,AUCTION-USDT-SWAP,217688.5,1757553004403
2025-09-11 01:10:04.363000+00:00,AVAAI-USDT-SWAP,73001720.0,1757553004363
2025-09-11 01:10:04.369000+00:00,AVAX-USDT-SWAP,2308597.7999999993,1757553004369
2025-09-11 01:10:04.363000+00:00,AXS-USDT-SWAP,1204764.7,1757553004363
2025-09-11 01:10:04.376000+00:00,BABY-USDT-SWAP,37909450.0,1757553004376
2025-09-11 01:10:04.383000+00:00,BAND-USDT-SWAP,1529740.0,1757553004383
2025-09-11 01:10:04.859000+00:00,BAT-USDT-SWAP,5915990.0,1757553004859
2025-09-11 01:10:04.841000+00:00,BCH-USDT-SWAP,71343.4,1757553004841
2025-09-11 01:10:04.842000+00:00,BERA-USDT-SWAP,2426670.6,1757553004842
2025-09-11 01:10:04.834000+00:00,BICO-USDT-SWAP,8013107.0,1757553004834
2025-09-11 01:10:04.844000+00:00,BIGTIME-USDT-SWAP,40193780.0,1757553004844
2025-09-11 01:10:04.850000+00:00,BIO-USDT-SWAP,54498437.0,1757553004850
2025-09-11 01:10:04.836000+00:00,BLUR-USDT-SWAP,26083420.0,1757553004836
2025-09-11 01:10:04.830000+00:00,BNB-USDT-SWAP,106701.1,1757553004830
2025-09-11 01:10:04.858000+00:00,BNT-USDT-SWAP,738260.0,1757553004858
2025-09-11 01:10:04.849000+00:00,BOME-USDT-SWAP,1294993000.0,1757553004849
2025-09-11 01:10:05.401000+00:00,BONK-USDT-SWAP,533061700000.0,1757553005401
2025-09-11 01:10:05.377000+00:00,BRETT-USDT-SWAP,11907100.0,1757553005377
2025-09-11 01:10:05.397000+00:00,BTC-USDT-SWAP,28251.615800000116,1757553005397
2025-09-11 01:10:05.379000+00:00,CAT-USDT-SWAP,140693200000.0,1757553005379
2025-09-11 01:10:05.392000+00:00,CATI-USDT-SWAP,15853393.0,1757553005392
2025-09-11 01:10:05.394000+00:00,CELO-USDT-SWAP,4503425.0,1757553005394
2025-09-11 01:10:05.387000+00:00,CETUS-USDT-SWAP,20874320.0,1757553005387
2025-09-11 01:10:05.388000+00:00,CFX-USDT-SWAP,74927890.0,1757553005388
2025-09-11 01:10:05.389000+00:00,CHZ-USDT-SWAP,79271830.0,1757553005389
2025-09-11 01:10:05.398000+00:00,COMP-USDT-SWAP,88554.7,1757553005398
2025-09-11 01:10:05.835000+00:00,COOKIE-USDT-SWAP,4300190.0,1757553005835
2025-09-11 01:10:05.873000+00:00,CORE-USDT-SWAP,10066800.0,1757553005873
2025-09-11 01:10:05.873000+00:00,CRO-USDT-SWAP,70342530.0,1757553005873
2025-09-11 01:10:05.846000+00:00,CRV-USDT-SWAP,24280190.0,1757553005846
2025-09-11 01:10:05.834000+00:00,CTC-USDT-SWAP,1812620.0,1757553005834
2025-09-11 01:10:05.836000+00:00,CVC-USDT-SWAP,9391300.0,1757553005836
2025-09-11 01:10:05.841000+00:00,CVX-USDT-SWAP,322439.0,1757553005841
2025-09-11 01:10:05.839000+00:00,DEGEN-USDT-SWAP,284207400.0,1757553005839
2025-09-11 01:10:05.844000+00:00,DGB-USDT-SWAP,47039300.0,1757553005844
2025-09-11 01:10:05.855000+00:00,DOG-USDT-SWAP,380147000.0,1757553005855
2025-09-11 01:10:06.294000+00:00,DOGE-USDT-SWAP,1614079079.9999998,1757553006294
2025-09-11 01:10:06.299000+00:00,DOGS-USDT-SWAP,16546973000.0,1757553006299
2025-09-11 01:10:06.303000+00:00,DOOD-USDT-SWAP,182313000.0,1757553006303
2025-09-11 01:10:06.317000+00:00,DOT-USDT-SWAP,6297429.0,1757553006317
2025-09-11 01:10:06.292000+00:00,DUCK-USDT-SWAP,819433700.0,1757553006292
2025-09-11 01:10:06.298000+00:00,DYDX-USDT-SWAP,10135952.0,1757553006298
2025-09-11 01:10:06.291000+00:00,EGLD-USDT-SWAP,110882.0,1757553006291
2025-09-11 01:10:06.294000+00:00,EIGEN-USDT-SWAP,3868936.0,1757553006294
2025-09-11 01:10:06.308000+00:00,ENJ-USDT-SWAP,13172860.0,1757553006308
2025-09-11 01:10:06.306000+00:00,ENS-USDT-SWAP,326718.3,1757553006306
2025-09-11 01:10:06.765000+00:00,ETC-USDT-SWAP,1069908.9000000004,1757553006765
2025-09-11 01:10:06.737000+00:00,ETH-USDT-SWAP,740557.2560000023,1757553006737
2025-09-11 01:10:06.769000+00:00,ETHFI-USDT-SWAP,8091446.0,1757553006769
2025-09-11 01:10:06.752000+00:00,ETHW-USDT-SWAP,1196616.4,1757553006752
2025-09-11 01:10:06.757000+00:00,FARTCOIN-USDT-SWAP,20623227.0,1757553006757
2025-09-11 01:10:06.754000+00:00,FIL-USDT-SWAP,14259592.2,1757553006754
2025-09-11 01:10:06.736000+00:00,FLM-USDT-SWAP,31268510.0,1757553006736
2025-09-11 01:10:06.761000+00:00,FLOKI-USDT-SWAP,37728100000.0,1757553006761
2025-09-11 01:10:06.756000+00:00,FLOW-USDT-SWAP,4749990.0,1757553006756
2025-09-11 01:10:06.760000+00:00,FXS-USDT-SWAP,418694.0,1757553006760
2025-09-11 01:10:07.200000+00:00,GALA-USDT-SWAP,439383370.0,1757553007200
2025-09-11 01:10:07.201000+00:00,GAS-USDT-SWAP,390089.0,1757553007201
2025-09-11 01:10:07.218000+00:00,GLM-USDT-SWAP,2839020.0,1757553007218
2025-09-11 01:10:07.207000+00:00,GMT-USDT-SWAP,44691673.0,1757553007207
2025-09-11 01:10:07.223000+00:00,GMX-USDT-SWAP,68934.2,1757553007223
2025-09-11 01:10:07.204000+00:00,GOAT-USDT-SWAP,28838200.0,1757553007204
2025-09-11 01:10:07.200000+00:00,GODS-USDT-SWAP,7280978.0,1757553007200
2025-09-11 01:10:07.207000+00:00,GPS-USDT-SWAP,167997850.0,1757553007207
2025-09-11 01:10:07.216000+00:00,GRASS-USDT-SWAP,2726415.0,1757553007216
2025-09-11 01:10:07.209000+00:00,GRIFFAIN-USDT-SWAP,24287970.0,1757553007209
2025-09-11 01:10:07.689000+00:00,GRT-USDT-SWAP,24877320.0,1757553007689
2025-09-11 01:10:07.688000+00:00,H-USDT-SWAP,54568800.0,1757553007688
2025-09-11 01:10:07.671000+00:00,HBAR-USDT-SWAP,72709170.00000001,1757553007671
2025-09-11 01:10:07.681000+00:00,HMSTR-USDT-SWAP,1192734800.0,1757553007681
2025-09-11 01:10:07.671000+00:00,HOME-USDT-SWAP,22763700.0,1757553007671
2025-09-11 01:10:07.682000+00:00,HUMA-USDT-SWAP,79655700.0,1757553007682
2025-09-11 01:10:07.681000+00:00,HYPE-USDT-SWAP,1098085.1,1757553007681
2025-09-11 01:10:07.769000+00:00,ICP-USDT-SWAP,1318174.17,1757553007769
2025-09-11 01:10:07.703000+00:00,ICX-USDT-SWAP,5998660.0,1757553007703
2025-09-11 01:10:07.689000+00:00,IMX-USDT-SWAP,6553123.0,1757553007689
2025-09-11 01:10:08.205000+00:00,INIT-USDT-SWAP,3667460.0,1757553008205
2025-09-11 01:10:08.196000+00:00,INJ-USDT-SWAP,888665.2,1757553008196
2025-09-11 01:10:08.196000+00:00,IOST-USDT-SWAP,297244000.0,1757553008196
2025-09-11 01:10:08.192000+00:00,IOTA-USDT-SWAP,14109090.0,1757553008192
2025-09-11 01:10:08.197000+00:00,IP-USDT-SWAP,2892943.0,1757553008197
2025-09-11 01:10:08.206000+00:00,JELLYJELLY-USDT-SWAP,185802500.0,1757553008206
2025-09-11 01:10:08.194000+00:00,JOE-USDT-SWAP,6677550.0,1757553008194
2025-09-11 01:10:08.205000+00:00,JTO-USDT-SWAP,2928513.0,1757553008205
2025-09-11 01:10:08.209000+00:00,JUP-USDT-SWAP,15160410.0,1757553008209
2025-09-11 01:10:08.639000+00:00,KAITO-USDT-SWAP,6216436.0,1757553008639
2025-09-11 01:10:08.641000+00:00,KMNO-USDT-SWAP,20497500.0,1757553008641
2025-09-11 01:10:08.659000+00:00,KSM-USDT-SWAP,133526.8,1757553008659
2025-09-11 01:10:08.636000+00:00,LA-USDT-SWAP,2985740.0,1757553008636
2025-09-11 01:10:08.635000+00:00,LAUNCHCOIN-USDT-SWAP,57369610.0,1757553008635
2025-09-11 01:10:08.639000+00:00,LAYER-USDT-SWAP,7624394.0,1757553008639
2025-09-11 01:10:08.638000+00:00,LDO-USDT-SWAP,14504701.0,1757553008638
2025-09-11 01:10:08.646000+00:00,LINK-USDT-SWAP,2593222.9999999995,1757553008646
2025-09-11 01:10:08.684000+00:00,LPT-USDT-SWAP,770534.7,1757553008684
2025-09-11 01:10:08.655000+00:00,LQTY-USDT-SWAP,1470621.0,1757553008655
2025-09-11 01:10:09.131000+00:00,LRC-USDT-SWAP,19674920.0,1757553009131
2025-09-11 01:10:09.149000+00:00,LTC-USDT-SWAP,710056.4,1757553009149
2025-09-11 01:10:09.137000+00:00,LUNA-USDT-SWAP,15240267.0,1757553009137
2025-09-11 01:10:09.124000+00:00,LUNC-USDT-SWAP,31791040000.0,1757553009124
2025-09-11 01:10:09.127000+00:00,MAGIC-USDT-SWAP,18137321.0,1757553009127
2025-09-11 01:10:09.151000+00:00,MAJOR-USDT-SWAP,4768084.0,1757553009151
2025-09-11 01:10:09.127000+00:00,MANA-USDT-SWAP,10016530.0,1757553009127
2025-09-11 01:10:09.136000+00:00,MASK-USDT-SWAP,2909703.0,1757553009136
2025-09-11 01:10:09.142000+00:00,ME-USDT-SWAP,3599763.0,1757553009142
2025-09-11 01:10:09.132000+00:00,MEME-USDT-SWAP,1436162800.0,1757553009132
2025-09-11 01:10:09.585000+00:00,MERL-USDT-SWAP,50380121.0,1757553009585
2025-09-11 01:10:09.599000+00:00,METIS-USDT-SWAP,100885.5,1757553009599
2025-09-11 01:10:09.603000+00:00,MEW-USDT-SWAP,1045991000.0,1757553009603
2025-09-11 01:10:09.600000+00:00,MINA-USDT-SWAP,7412308.0,1757553009600
2025-09-11 01:10:09.623000+00:00,MOG-USDT-SWAP,621782000000.0,1757553009623
2025-09-11 01:10:09.593000+00:00,MOODENG-USDT-SWAP,47543360.0,1757553009593
2025-09-11 01:10:09.591000+00:00,MORPHO-USDT-SWAP,1557707.0,1757553009591
2025-09-11 01:10:09.599000+00:00,MOVE-USDT-SWAP,28144000.0,1757553009599
2025-09-11 01:10:09.612000+00:00,MUBARAK-USDT-SWAP,13898100.0,1757553009612
2025-09-11 01:10:10.076000+00:00,NEAR-USDT-SWAP,5324691.0,1757553010076
2025-09-11 01:10:10.052000+00:00,NEIRO-USDT-SWAP,9053562000.0,1757553010052
2025-09-11 01:10:10.059000+00:00,NEIROETH-USDT-SWAP,11472100.0,1757553010059
2025-09-11 01:10:10.061000+00:00,NEO-USDT-SWAP,368742.0,1757553010061
2025-09-11 01:10:10.086000+00:00,NEWT-USDT-SWAP,3077720.0,1757553010086
2025-09-11 01:10:10.083000+00:00,NMR-USDT-SWAP,373224.7,1757553010083
2025-09-11 01:10:10.062000+00:00,NOT-USDT-SWAP,1690833700.0,1757553010062
2025-09-11 01:10:10.067000+00:00,NXPC-USDT-SWAP,1106910.0,1757553010067
2025-09-11 01:10:10.076000+00:00,OL-USDT-SWAP,101330770.0,1757553010076
2025-09-11 01:10:10.077000+00:00,OM-USDT-SWAP,24599756.999999996,1757553010077
2025-09-11 01:10:10.562000+00:00,ONDO-USDT-SWAP,23044700.0,1757553010562
2025-09-11 01:10:10.556000+00:00,ONE-USDT-SWAP,83858600.0,1757553010556
2025-09-11 01:10:10.570000+00:00,ONT-USDT-SWAP,10820270.0,1757553010570
2025-09-11 01:10:10.555000+00:00,OP-USDT-SWAP,23883873.0,1757553010555
2025-09-11 01:10:10.569000+00:00,ORBS-USDT-SWAP,30038600.0,1757553010569
2025-09-11 01:10:10.594000+00:00,ORDI-USDT-SWAP,1372876.4,1757553010594
2025-09-11 01:10:10.565000+00:00,PARTI-USDT-SWAP,14121530.0,1757553010565
2025-09-11 01:10:10.568000+00:00,PENGU-USDT-SWAP,644089000.0,1757553010568
2025-09-11 01:10:10.569000+00:00,PEOPLE-USDT-SWAP,354005400.0,1757553010569
2025-09-11 01:10:10.572000+00:00,PEPE-USDT-SWAP,8441958000000.002,1757553010572
2025-09-11 01:10:11.048000+00:00,PERP-USDT-SWAP,3167261.0,1757553011048
2025-09-11 01:10:11.034000+00:00,PI-USDT-SWAP,30182795.0,1757553011034
2025-09-11 01:10:11.032000+00:00,PLUME-USDT-SWAP,21715930.0,1757553011032
2025-09-11 01:10:11.019000+00:00,PNUT-USDT-SWAP,37670490.0,1757553011019
2025-09-11 01:10:11.055000+00:00,POL-USDT-SWAP,39297800.0,1757553011055
2025-09-11 01:10:11.043000+00:00,POPCAT-USDT-SWAP,9577900.0,1757553011043
2025-09-11 01:10:11.038000+00:00,PRCL-USDT-SWAP,26861582.0,1757553011038
2025-09-11 01:10:11.035000+00:00,PROMPT-USDT-SWAP,39788460.0,1757553011035
2025-09-11 01:10:11.040000+00:00,PUMP-USDT-SWAP,6979118000.0,1757553011040
2025-09-11 01:10:11.043000+00:00,PYTH-USDT-SWAP,46749850.0,1757553011043
2025-09-11 01:10:11.489000+00:00,QTUM-USDT-SWAP,1365539.0,1757553011489
2025-09-11 01:10:11.485000+00:00,RAY-USDT-SWAP,1003853.0,1757553011485
2025-09-11 01:10:11.491000+00:00,RENDER-USDT-SWAP,1385433.0,1757553011491
2025-09-11 01:10:11.475000+00:00,RESOLV-USDT-SWAP,23515230.0,1757553011475
2025-09-11 01:10:12.497000+00:00,RSR-USDT-SWAP,259855100.0,1757553012497
2025-09-11 01:10:11.484000+00:00,RVN-USDT-SWAP,70244070.0,1757553011484
2025-09-11 01:10:11.474000+00:00,S-USDT-SWAP,12373920.0,1757553011474
2025-09-11 01:10:11.475000+00:00,SAHARA-USDT-SWAP,54128280.0,1757553011475
2025-09-11 01:10:11.485000+00:00,SAND-USDT-SWAP,18771140.0,1757553011485
2025-09-11 01:10:11.497000+00:00,SATS-USDT-SWAP,232876150000000.0,1757553011497
2025-09-11 01:10:12.957000+00:00,SCR-USDT-SWAP,2927861.0,1757553012957
2025-09-11 01:10:12.956000+00:00,SHELL-USDT-SWAP,6103110.0,1757553012956
2025-09-11 01:10:12.960000+00:00,SHIB-USDT-SWAP,1677692900000.0,1757553012960
2025-09-11 01:10:12.956000+00:00,SIGN-USDT-SWAP,46101100.0,1757553012956
2025-09-11 01:10:13.034000+00:00,SLP-USDT-SWAP,418679410.0,1757553013034
2025-09-11 01:10:12.986000+00:00,SNX-USDT-SWAP,2255823.0,1757553012986
2025-09-11 01:10:12.953000+00:00,SOL-USDT-SWAP,3778731.3099999977,1757553012953
2025-09-11 01:10:12.976000+00:00,SOLV-USDT-SWAP,69151500.0,1757553012976
2025-09-11 01:10:12.961000+00:00,SONIC-USDT-SWAP,7783322.0,1757553012961
2025-09-11 01:10:12.977000+00:00,SOON-USDT-SWAP,8784700.0,1757553012977
2025-09-11 01:10:13.521000+00:00,SOPH-USDT-SWAP,83127800.0,1757553013521
2025-09-11 01:10:13.510000+00:00,SPK-USDT-SWAP,120676500.0,1757553013510
2025-09-11 01:10:13.498000+00:00,SPX-USDT-SWAP,1065685.0,1757553013498
2025-09-11 01:10:13.493000+00:00,SSV-USDT-SWAP,294736.9,1757553013493
2025-09-11 01:10:13.537000+00:00,STORJ-USDT-SWAP,5513180.0,1757553013537
2025-09-11 01:10:13.527000+00:00,STRK-USDT-SWAP,23279330.0,1757553013527
2025-09-11 01:10:13.486000+00:00,STX-USDT-SWAP,6962732.0,1757553013486
2025-09-11 01:10:13.514000+00:00,SUI-USDT-SWAP,20185656.0,1757553013514
2025-09-11 01:10:13.495000+00:00,SUSHI-USDT-SWAP,8135269.0,1757553013495
2025-09-11 01:10:13.523000+00:00,SWARMS-USDT-SWAP,94347930.0,1757553013523
2025-09-11 01:10:14.028000+00:00,SYRUP-USDT-SWAP,2730800.0,1757553014028
2025-09-11 01:10:14.031000+00:00,T-USDT-SWAP,46212600.0,1757553014031
2025-09-11 01:10:14.024000+00:00,TAO-USDT-SWAP,14274.13,1757553014024
2025-09-11 01:10:14.033000+00:00,THETA-USDT-SWAP,2873696.0,1757553014033
2025-09-11 01:10:14.066000+00:00,TIA-USDT-SWAP,5166442.0,1757553014066
2025-09-11 01:10:14.032000+00:00,TNSR-USDT-SWAP,8505208.0,1757553014032
2025-09-11 01:10:14.024000+00:00,TON-USDT-SWAP,9407431.0,1757553014024
2025-09-11 01:10:14.018000+00:00,TRB-USDT-SWAP,256534.8,1757553014018
2025-09-11 01:10:14.039000+00:00,TREE-USDT-SWAP,6327148.0,1757553014039
2025-09-11 01:10:14.040000+00:00,TRUMP-USDT-SWAP,5090992.1,1757553014040
2025-09-11 01:10:14.528000+00:00,TRX-USDT-SWAP,93253960.00000006,1757553014528
2025-09-11 01:10:14.516000+00:00,TURBO-USDT-SWAP,914696000.0,1757553014516
2025-09-11 01:10:14.530000+00:00,UMA-USDT-SWAP,1431284.3,1757553014530
2025-09-11 01:10:14.531000+00:00,UNI-USDT-SWAP,3265525.0,1757553014531
2025-09-11 01:10:14.581000+00:00,USDC-USDT-SWAP,1061800.0,1757553014581
2025-09-11 01:10:14.536000+00:00,USELESS-USDT-SWAP,12592750.0,1757553014536
2025-09-11 01:10:14.525000+00:00,USTC-USDT-SWAP,113753100.0,1757553014525
2025-09-11 01:10:14.547000+00:00,UXLINK-USDT-SWAP,5717590.0,1757553014547
2025-09-11 01:10:14.528000+00:00,VANA-USDT-SWAP,156190.8,1757553014528
2025-09-11 01:10:14.549000+00:00,VINE-USDT-SWAP,103232160.0,1757553014549
2025-09-11 01:10:15.033000+00:00,VIRTUAL-USDT-SWAP,3588245.0,1757553015033
2025-09-11 01:10:15.036000+00:00,W-USDT-SWAP,60492741.0,1757553015036
2025-09-11 01:10:15.032000+00:00,WAL-USDT-SWAP,2369070.0,1757553015032
2025-09-11 01:10:15.044000+00:00,WAXP-USDT-SWAP,25458100.0,1757553015044
2025-09-11 01:10:15.077000+00:00,WCT-USDT-SWAP,10549990.0,1757553015077
2025-09-11 01:10:15.042000+00:00,WIF-USDT-SWAP,15710363.0,1757553015042
2025-09-11 01:10:15.033000+00:00,WLD-USDT-SWAP,33136494.0,1757553015033
2025-09-11 01:10:15.031000+00:00,WLFI-USDT-SWAP,268118330.0,1757553015031
2025-09-11 01:10:15.031000+00:00,WOO-USDT-SWAP,20870180.0,1757553015031
2025-09-11 01:10:15.044000+00:00,XAUT-USDT-SWAP,5382.865,1757553015044
2025-09-11 01:10:15.541000+00:00,XLM-USDT-SWAP,41745520.00000001,1757553015541
2025-09-11 01:10:15.541000+00:00,XPL-USDT-SWAP,6415040.0,1757553015541
2025-09-11 01:10:15.539000+00:00,XRP-USDT-SWAP,87684648.99999996,1757553015539
2025-09-11 01:10:15.558000+00:00,XTZ-USDT-SWAP,4872266.0,1757553015558
2025-09-11 01:10:15.626000+00:00,YFI-USDT-SWAP,387.3058,1757553015626
2025-09-11 01:10:15.544000+00:00,YGG-USDT-SWAP,27313466.0,1757553015544
2025-09-11 01:10:15.538000+00:00,ZENT-USDT-SWAP,152915300.0,1757553015538
2025-09-11 01:10:15.565000+00:00,ZEREBRO-USDT-SWAP,55906390.0,1757553015565
2025-09-11 01:10:15.555000+00:00,ZETA-USDT-SWAP,5483260.0,1757553015555
2025-09-11 01:10:15.550000+00:00,ZIL-USDT-SWAP,168541100.0,1757553015550
2025-09-11 01:10:16.098000+00:00,ZK-USDT-SWAP,49492120.0,1757553016098
2025-09-11 01:10:16.041000+00:00,ZRO-USDT-SWAP,1792655.0,1757553016041
2025-09-11 01:10:16.048000+00:00,ZRX-USDT-SWAP,8187930.0,1757553016048
2025-09-11 01:11:16.941000+00:00,1INCH-USDT-SWAP,8002564.0,1757553076941
2025-09-11 01:11:16.872000+00:00,A-USDT-SWAP,10777770.0,1757553076872
2025-09-11 01:11:16.877000+00:00,AAVE-USDT-SWAP,134214.82000000004,1757553076877
2025-09-11 01:11:16.873000+00:00,ACE-USDT-SWAP,2432001.0,1757553076873
2025-09-11 01:11:16.874000+00:00,ACH-USDT-SWAP,82297300.0,1757553076874
2025-09-11 01:11:16.896000+00:00,ACT-USDT-SWAP,85774555.0,1757553076896
2025-09-11 01:11:16.881000+00:00,ADA-USDT-SWAP,82544360.0,1757553076881
2025-09-11 01:11:16.891000+00:00,AERO-USDT-SWAP,1753770.0,1757553076891
2025-09-11 01:11:16.882000+00:00,AEVO-USDT-SWAP,17968371.0,1757553076882
2025-09-11 01:11:16.910000+00:00,AGLD-USDT-SWAP,1808311.0,1757553076910
2025-09-11 01:11:17.404000+00:00,AI16Z-USDT-SWAP,52534792.0,1757553077404
2025-09-11 01:11:17.395000+00:00,AIXBT-USDT-SWAP,22559280.0,1757553077395
2025-09-11 01:11:17.405000+00:00,ALCH-USDT-SWAP,16705270.0,1757553077405
2025-09-11 01:11:17.402000+00:00,ALGO-USDT-SWAP,27724530.0,1757553077402
2025-09-11 01:11:17.399000+00:00,ANIME-USDT-SWAP,97138110.0,1757553077399
2025-09-11 01:11:17.406000+00:00,APE-USDT-SWAP,8050359.4,1757553077406
2025-09-11 01:11:17.400000+00:00,API3-USDT-SWAP,2836174.0,1757553077400
2025-09-11 01:11:17.410000+00:00,APT-USDT-SWAP,3477723.0,1757553077410
2025-09-11 01:11:17.390000+00:00,AR-USDT-SWAP,490373.3,1757553077390
2025-09-11 01:11:17.399000+00:00,ARB-USDT-SWAP,35855557.999999985,1757553077399
2025-09-11 01:11:17.840000+00:00,ARC-USDT-SWAP,61166450.0,1757553077840
2025-09-11 01:11:17.843000+00:00,ARKM-USDT-SWAP,5075197.0,1757553077843
2025-09-11 01:11:17.850000+00:00,ATH-USDT-SWAP,192817300.0,1757553077850
2025-09-11 01:11:17.844000+00:00,ATOM-USDT-SWAP,2003875.0,1757553077844
2025-09-11 01:11:17.848000+00:00,AUCTION-USDT-SWAP,217735.7,1757553077848
2025-09-11 01:11:17.876000+00:00,AVAAI-USDT-SWAP,73067620.0,1757553077876
2025-09-11 01:11:17.871000+00:00,AVAX-USDT-SWAP,2308477.7999999993,1757553077871
2025-09-11 01:11:17.846000+00:00,AXS-USDT-SWAP,1204571.0,1757553077846
2025-09-11 01:11:17.846000+00:00,BABY-USDT-SWAP,37910410.0,1757553077846
2025-09-11 01:11:17.858000+00:00,BAND-USDT-SWAP,1529633.0,1757553077858
2025-09-11 01:11:18.331000+00:00,BAT-USDT-SWAP,5913030.0,1757553078331
2025-09-11 01:11:18.310000+00:00,BCH-USDT-SWAP,71344.12,1757553078310
2025-09-11 01:11:18.317000+00:00,BERA-USDT-SWAP,2426176.2,1757553078317
2025-09-11 01:11:18.321000+00:00,BICO-USDT-SWAP,8019468.0,1757553078321
2025-09-11 01:11:18.332000+00:00,BIGTIME-USDT-SWAP,40191040.0,1757553078332
2025-09-11 01:11:18.325000+00:00,BIO-USDT-SWAP,54466311.0,1757553078325
2025-09-11 01:11:18.333000+00:00,BLUR-USDT-SWAP,26080880.0,1757553078333
2025-09-11 01:11:18.309000+00:00,BNB-USDT-SWAP,106693.56,1757553078309
2025-09-11 01:11:18.307000+00:00,BNT-USDT-SWAP,738250.0,1757553078307
2025-09-11 01:11:18.331000+00:00,BOME-USDT-SWAP,1293425000.0,1757553078331
2025-09-11 01:11:18.767000+00:00,BONK-USDT-SWAP,533796200000.0,1757553078767
2025-09-11 01:11:18.765000+00:00,BRETT-USDT-SWAP,11906700.0,1757553078765
2025-09-11 01:11:18.775000+00:00,BTC-USDT-SWAP,28251.661600000112,1757553078775
2025-09-11 01:11:18.790000+00:00,CAT-USDT-SWAP,140622600000.0,1757553078790
2025-09-11 01:11:18.773000+00:00,CATI-USDT-SWAP,15849318.0,1757553078773
2025-09-11 01:11:18.785000+00:00,CELO-USDT-SWAP,4505299.0,1757553078785
2025-09-11 01:11:18.786000+00:00,CETUS-USDT-SWAP,20873540.0,1757553078786
2025-09-11 01:11:18.773000+00:00,CFX-USDT-SWAP,74870850.0,1757553078773
2025-09-11 01:11:18.770000+00:00,CHZ-USDT-SWAP,79165170.0,1757553078770
2025-09-11 01:11:18.798000+00:00,COMP-USDT-SWAP,88554.4,1757553078798
2025-09-11 01:11:19.220000+00:00,COOKIE-USDT-SWAP,4301160.0,1757553079220
2025-09-11 01:11:19.222000+00:00,CORE-USDT-SWAP,10065815.0,1757553079222
2025-09-11 01:11:19.232000+00:00,CRO-USDT-SWAP,70189700.0,1757553079232
2025-09-11 01:11:19.227000+00:00,CRV-USDT-SWAP,24282012.0,1757553079227
2025-09-11 01:11:19.235000+00:00,CTC-USDT-SWAP,1812180.0,1757553079235
2025-09-11 01:11:19.225000+00:00,CVC-USDT-SWAP,9391300.0,1757553079225
2025-09-11 01:11:19.251000+00:00,CVX-USDT-SWAP,322766.0,1757553079251
2025-09-11 01:11:19.221000+00:00,DEGEN-USDT-SWAP,284267800.0,1757553079221
2025-09-11 01:11:19.220000+00:00,DGB-USDT-SWAP,47039300.0,1757553079220
2025-09-11 01:11:19.259000+00:00,DOG-USDT-SWAP,380172000.0,1757553079259
2025-09-11 01:11:19.699000+00:00,DOGE-USDT-SWAP,1614926519.9999995,1757553079699
2025-09-11 01:11:19.694000+00:00,DOGS-USDT-SWAP,16541675000.0,1757553079694
2025-09-11 01:11:19.718000+00:00,DOOD-USDT-SWAP,182309000.0,1757553079718
2025-09-11 01:11:19.714000+00:00,DOT-USDT-SWAP,6296884.0,1757553079714
2025-09-11 01:11:19.694000+00:00,DUCK-USDT-SWAP,819437000.0,1757553079694
2025-09-11 01:11:19.697000+00:00,DYDX-USDT-SWAP,10136536.0,1757553079697
2025-09-11 01:11:19.716000+00:00,EGLD-USDT-SWAP,110821.2,1757553079716
2025-09-11 01:11:19.695000+00:00,EIGEN-USDT-SWAP,3867199.0,1757553079695
2025-09-11 01:11:19.712000+00:00,ENJ-USDT-SWAP,13171020.0,1757553079712
2025-09-11 01:11:19.740000+00:00,ENS-USDT-SWAP,326740.7,1757553079740
2025-09-11 01:11:20.153000+00:00,ETC-USDT-SWAP,1069687.5000000002,1757553080153
2025-09-11 01:11:20.160000+00:00,ETH-USDT-SWAP,741363.9450000022,1757553080160
2025-09-11 01:11:20.173000+00:00,ETHFI-USDT-SWAP,8112933.0,1757553080173
2025-09-11 01:11:20.183000+00:00,ETHW-USDT-SWAP,1196161.2,1757553080183
2025-09-11 01:11:20.165000+00:00,FARTCOIN-USDT-SWAP,20626496.0,1757553080165
2025-09-11 01:11:20.169000+00:00,FIL-USDT-SWAP,14267596.6,1757553080169
2025-09-11 01:11:20.167000+00:00,FLM-USDT-SWAP,31262380.0,1757553080167
2025-09-11 01:11:20.156000+00:00,FLOKI-USDT-SWAP,37729000000.0,1757553080156
2025-09-11 01:11:20.161000+00:00,FLOW-USDT-SWAP,4750730.0,1757553080161
2025-09-11 01:11:20.198000+00:00,FXS-USDT-SWAP,418692.0,1757553080198
2025-09-11 01:11:20.649000+00:00,GALA-USDT-SWAP,439600210.0,1757553080649
2025-09-11 01:11:20.626000+00:00,GAS-USDT-SWAP,389938.0,1757553080626
2025-09-11 01:11:20.635000+00:00,GLM-USDT-SWAP,2839030.0,1757553080635
2025-09-11 01:11:20.645000+00:00,GMT-USDT-SWAP,44687070.0,1757553080645
2025-09-11 01:11:20.634000+00:00,GMX-USDT-SWAP,68979.7,1757553080634
2025-09-11 01:11:20.634000+00:00,GOAT-USDT-SWAP,28894140.0,1757553080634
2025-09-11 01:11:20.664000+00:00,GODS-USDT-SWAP,7279535.0,1757553080664
2025-09-11 01:11:20.642000+00:00,GPS-USDT-SWAP,167843620.0,1757553080642
2025-09-11 01:11:20.636000+00:00,GRASS-USDT-SWAP,2726193.0,1757553080636
2025-09-11 01:11:20.651000+00:00,GRIFFAIN-USDT-SWAP,24280330.0,1757553080651
2025-09-11 01:11:21.123000+00:00,GRT-USDT-SWAP,24883650.0,1757553081123
2025-09-11 01:11:21.104000+00:00,H-USDT-SWAP,54555500.0,1757553081104
2025-09-11 01:11:21.111000+00:00,HBAR-USDT-SWAP,72702400.00000001,1757553081111
2025-09-11 01:11:21.106000+00:00,HMSTR-USDT-SWAP,1192659800.0,1757553081106
2025-09-11 01:11:21.114000+00:00,HOME-USDT-SWAP,22734100.0,1757553081114
2025-09-11 01:11:21.106000+00:00,HUMA-USDT-SWAP,79587200.0,1757553081106
2025-09-11 01:11:21.113000+00:00,HYPE-USDT-SWAP,1098423.8,1757553081113
2025-09-11 01:11:21.115000+00:00,ICP-USDT-SWAP,1318311.13,1757553081115
2025-09-11 01:11:21.109000+00:00,ICX-USDT-SWAP,5998400.0,1757553081109
2025-09-11 01:11:21.119000+00:00,IMX-USDT-SWAP,6551006.0,1757553081119
2025-09-11 01:11:21.608000+00:00,INIT-USDT-SWAP,3670840.0,1757553081608
2025-09-11 01:11:21.563000+00:00,INJ-USDT-SWAP,887402.6,1757553081563
2025-09-11 01:11:21.590000+00:00,IOST-USDT-SWAP,297202000.0,1757553081590
2025-09-11 01:11:21.571000+00:00,IOTA-USDT-SWAP,14124750.0,1757553081571
2025-09-11 01:11:21.563000+00:00,IP-USDT-SWAP,2892612.0,1757553081563
2025-09-11 01:11:21.571000+00:00,JELLYJELLY-USDT-SWAP,185311900.0,1757553081571
2025-09-11 01:11:21.602000+00:00,JOE-USDT-SWAP,6702000.0,1757553081602
2025-09-11 01:11:21.571000+00:00,JTO-USDT-SWAP,2927993.0,1757553081571
2025-09-11 01:11:21.588000+00:00,JUP-USDT-SWAP,15160330.0,1757553081588
2025-09-11 01:11:22.042000+00:00,KAITO-USDT-SWAP,6216733.0,1757553082042
2025-09-11 01:11:22.071000+00:00,KMNO-USDT-SWAP,20494400.0,1757553082071
2025-09-11 01:11:22.045000+00:00,KSM-USDT-SWAP,133517.2,1757553082045
2025-09-11 01:11:22.045000+00:00,LA-USDT-SWAP,2987560.0,1757553082045
2025-09-11 01:11:22.053000+00:00,LAUNCHCOIN-USDT-SWAP,57594320.0,1757553082053
2025-09-11 01:11:22.052000+00:00,LAYER-USDT-SWAP,7625628.0,1757553082052
2025-09-11 01:11:22.090000+00:00,LDO-USDT-SWAP,14491341.0,1757553082090
2025-09-11 01:11:22.036000+00:00,LINK-USDT-SWAP,2592483.0999999996,1757553082036
2025-09-11 01:11:22.055000+00:00,LPT-USDT-SWAP,770662.0,1757553082055
2025-09-11 01:11:22.061000+00:00,LQTY-USDT-SWAP,1471152.0,1757553082061
2025-09-11 01:11:22.546000+00:00,LRC-USDT-SWAP,19673980.0,1757553082546
2025-09-11 01:11:22.534000+00:00,LTC-USDT-SWAP,709813.8999999999,1757553082534
2025-09-11 01:11:22.551000+00:00,LUNA-USDT-SWAP,15247915.0,1757553082551
2025-09-11 01:11:22.542000+00:00,LUNC-USDT-SWAP,31782670000.0,1757553082542
2025-09-11 01:11:22.548000+00:00,MAGIC-USDT-SWAP,18157318.0,1757553082548
2025-09-11 01:11:22.563000+00:00,MAJOR-USDT-SWAP,4768001.0,1757553082563
2025-09-11 01:11:22.540000+00:00,MANA-USDT-SWAP,10036140.0,1757553082540
2025-09-11 01:11:22.541000+00:00,MASK-USDT-SWAP,2909729.0,1757553082541
2025-09-11 01:11:22.534000+00:00,ME-USDT-SWAP,3597341.0,1757553082534
2025-09-11 01:11:22.565000+00:00,MEME-USDT-SWAP,1435987500.0,1757553082565
2025-09-11 01:11:23.010000+00:00,MERL-USDT-SWAP,50383521.0,1757553083010
2025-09-11 01:11:23.005000+00:00,METIS-USDT-SWAP,100885.2,1757553083005
2025-09-11 01:11:23.005000+00:00,MEW-USDT-SWAP,1045925000.0,1757553083005
2025-09-11 01:11:23.012000+00:00,MINA-USDT-SWAP,7410970.0,1757553083012
2025-09-11 01:11:23.016000+00:00,MOG-USDT-SWAP,619794000000.0,1757553083016
2025-09-11 01:11:23.018000+00:00,MOODENG-USDT-SWAP,47881520.0,1757553083018
2025-09-11 01:11:23.009000+00:00,MORPHO-USDT-SWAP,1557891.0,1757553083009
2025-09-11 01:11:23.004000+00:00,MOVE-USDT-SWAP,28142800.0,1757553083004
2025-09-11 01:11:23.021000+00:00,MUBARAK-USDT-SWAP,13897300.0,1757553083021
2025-09-11 01:11:23.523000+00:00,NEAR-USDT-SWAP,5324838.0,1757553083523
2025-09-11 01:11:23.509000+00:00,NEIRO-USDT-SWAP,9061781000.0,1757553083509
2025-09-11 01:11:23.525000+00:00,NEIROETH-USDT-SWAP,11475400.0,1757553083525
2025-09-11 01:11:23.516000+00:00,NEO-USDT-SWAP,368788.0,1757553083516
2025-09-11 01:11:23.537000+00:00,NEWT-USDT-SWAP,3076330.0,1757553083537
2025-09-11 01:11:23.523000+00:00,NMR-USDT-SWAP,373218.7,1757553083523
2025-09-11 01:11:23.508000+00:00,NOT-USDT-SWAP,1690163700.0,1757553083508
2025-09-11 01:11:23.510000+00:00,NXPC-USDT-SWAP,1107140.0,1757553083510
2025-09-11 01:11:23.510000+00:00,OL-USDT-SWAP,101370270.0,1757553083510
2025-09-11 01:11:23.530000+00:00,OM-USDT-SWAP,24602835.999999996,1757553083530
2025-09-11 01:11:23.970000+00:00,ONDO-USDT-SWAP,23083500.0,1757553083970
2025-09-11 01:11:23.962000+00:00,ONE-USDT-SWAP,83857100.0,1757553083962
2025-09-11 01:11:23.996000+00:00,ONT-USDT-SWAP,10820230.0,1757553083996
2025-09-11 01:11:23.956000+00:00,OP-USDT-SWAP,23884068.0,1757553083956
2025-09-11 01:11:23.983000+00:00,ORBS-USDT-SWAP,30038600.0,1757553083983
2025-09-11 01:11:23.965000+00:00,ORDI-USDT-SWAP,1371481.1,1757553083965
2025-09-11 01:11:23.975000+00:00,PARTI-USDT-SWAP,14121320.0,1757553083975
2025-09-11 01:11:23.964000+00:00,PENGU-USDT-SWAP,643732700.0,1757553083964
2025-09-11 01:11:23.971000+00:00,PEOPLE-USDT-SWAP,353612700.0,1757553083971
2025-09-11 01:11:23.983000+00:00,PEPE-USDT-SWAP,8438304000000.003,1757553083983
2025-09-11 01:11:24.509000+00:00,PERP-USDT-SWAP,3167492.0,1757553084509
2025-09-11 01:11:24.451000+00:00,PI-USDT-SWAP,30181343.0,1757553084451
2025-09-11 01:11:24.495000+00:00,PLUME-USDT-SWAP,21697730.0,1757553084495
2025-09-11 01:11:24.456000+00:00,PNUT-USDT-SWAP,37686640.0,1757553084456
2025-09-11 01:11:24.453000+00:00,POL-USDT-SWAP,39297090.0,1757553084453
2025-09-11 01:11:24.470000+00:00,POPCAT-USDT-SWAP,9578310.0,1757553084470
2025-09-11 01:11:24.472000+00:00,PRCL-USDT-SWAP,26874645.0,1757553084472
2025-09-11 01:11:24.445000+00:00,PROMPT-USDT-SWAP,39876780.0,1757553084445
2025-09-11 01:11:24.450000+00:00,PUMP-USDT-SWAP,6979802000.0,1757553084450
2025-09-11 01:11:24.488000+00:00,PYTH-USDT-SWAP,46740160.0,1757553084488
2025-09-11 01:11:24.953000+00:00,QTUM-USDT-SWAP,1365540.0,1757553084953
2025-09-11 01:11:24.940000+00:00,RAY-USDT-SWAP,1006292.0,1757553084940
2025-09-11 01:11:24.959000+00:00,RENDER-USDT-SWAP,1385519.0,1757553084959
2025-09-11 01:11:24.945000+00:00,RESOLV-USDT-SWAP,23509590.0,1757553084945
2025-09-11 01:11:24.936000+00:00,RSR-USDT-SWAP,259844700.0,1757553084936
2025-09-11 01:11:24.991000+00:00,RVN-USDT-SWAP,70244090.0,1757553084991
2025-09-11 01:11:24.974000+00:00,S-USDT-SWAP,12372470.0,1757553084974
2025-09-11 01:11:24.931000+00:00,SAHARA-USDT-SWAP,54144440.0,1757553084931
2025-09-11 01:11:24.946000+00:00,SAND-USDT-SWAP,18778710.0,1757553084946
2025-09-11 01:11:24.939000+00:00,SATS-USDT-SWAP,232854270000000.0,1757553084939
2025-09-11 01:11:25.549000+00:00,SCR-USDT-SWAP,2927802.0,1757553085549
2025-09-11 01:11:25.433000+00:00,SHELL-USDT-SWAP,6107030.0,1757553085433
2025-09-11 01:11:25.449000+00:00,SHIB-USDT-SWAP,1676693400000.0,1757553085449
2025-09-11 01:11:25.439000+00:00,SIGN-USDT-SWAP,46099100.0,1757553085439
2025-09-11 01:11:25.472000+00:00,SLP-USDT-SWAP,418680750.0,1757553085472
2025-09-11 01:11:25.438000+00:00,SNX-USDT-SWAP,2255804.0,1757553085438
2025-09-11 01:11:25.467000+00:00,SOL-USDT-SWAP,3779208.909999998,1757553085467
2025-09-11 01:11:25.440000+00:00,SOLV-USDT-SWAP,69148900.0,1757553085440
2025-09-11 01:11:25.434000+00:00,SONIC-USDT-SWAP,7783518.0,1757553085434
2025-09-11 01:11:25.452000+00:00,SOON-USDT-SWAP,8754580.0,1757553085452
2025-09-11 01:11:26.017000+00:00,SOPH-USDT-SWAP,83127300.0,1757553086017
2025-09-11 01:11:25.997000+00:00,SPK-USDT-SWAP,120335300.0,1757553085997
2025-09-11 01:11:25.994000+00:00,SPX-USDT-SWAP,1065387.0,1757553085994
2025-09-11 01:11:26.023000+00:00,SSV-USDT-SWAP,295075.9,1757553086023
2025-09-11 01:11:25.997000+00:00,STORJ-USDT-SWAP,5513180.0,1757553085997
2025-09-11 01:11:26.130000+00:00,STRK-USDT-SWAP,23283551.0,1757553086130
2025-09-11 01:11:25.996000+00:00,STX-USDT-SWAP,7014769.0,1757553085996
2025-09-11 01:11:25.983000+00:00,SUI-USDT-SWAP,20181920.0,1757553085983
2025-09-11 01:11:26.005000+00:00,SUSHI-USDT-SWAP,8135074.0,1757553086005
2025-09-11 01:11:26.012000+00:00,SWARMS-USDT-SWAP,93717480.0,1757553086012
2025-09-11 01:11:26.585000+00:00,SYRUP-USDT-SWAP,2730620.0,1757553086585
2025-09-11 01:11:26.553000+00:00,T-USDT-SWAP,46212000.0,1757553086553
2025-09-11 01:11:26.614000+00:00,TAO-USDT-SWAP,14265.48,1757553086614
2025-09-11 01:11:26.553000+00:00,THETA-USDT-SWAP,2872580.0,1757553086553
2025-09-11 01:11:26.553000+00:00,TIA-USDT-SWAP,5166396.0,1757553086553
2025-09-11 01:11:26.568000+00:00,TNSR-USDT-SWAP,8504232.0,1757553086568
2025-09-11 01:11:26.582000+00:00,TON-USDT-SWAP,9407699.0,1757553086582
2025-09-11 01:11:26.558000+00:00,TRB-USDT-SWAP,256562.7,1757553086558
2025-09-11 01:11:26.551000+00:00,TREE-USDT-SWAP,6316081.0,1757553086551
2025-09-11 01:11:26.563000+00:00,TRUMP-USDT-SWAP,5093142.3,1757553086563
2025-09-11 01:11:27.058000+00:00,TRX-USDT-SWAP,93250880.00000006,1757553087058
2025-09-11 01:11:27.035000+00:00,TURBO-USDT-SWAP,915040000.0,1757553087035
2025-09-11 01:11:27.046000+00:00,UMA-USDT-SWAP,1429415.1,1757553087046
2025-09-11 01:11:27.043000+00:00,UNI-USDT-SWAP,3266562.0,1757553087043
2025-09-11 01:11:27.030000+00:00,USDC-USDT-SWAP,1061800.0,1757553087030
2025-09-11 01:11:27.034000+00:00,USELESS-USDT-SWAP,12595560.0,1757553087034
2025-09-11 01:11:27.058000+00:00,USTC-USDT-SWAP,113753100.0,1757553087058
2025-09-11 01:11:27.031000+00:00,UXLINK-USDT-SWAP,5712750.0,1757553087031
2025-09-11 01:11:27.039000+00:00,VANA-USDT-SWAP,156192.8,1757553087039
2025-09-11 01:11:27.054000+00:00,VINE-USDT-SWAP,103205350.0,1757553087054
2025-09-11 01:11:27.526000+00:00,VIRTUAL-USDT-SWAP,3586718.0,1757553087526
2025-09-11 01:11:27.526000+00:00,W-USDT-SWAP,60389622.0,1757553087526
2025-09-11 01:11:27.580000+00:00,WAL-USDT-SWAP,2369310.0,1757553087580
2025-09-11 01:11:27.590000+00:00,WAXP-USDT-SWAP,25450500.0,1757553087590
2025-09-11 01:11:27.556000+00:00,WCT-USDT-SWAP,10549600.0,1757553087556
2025-09-11 01:11:27.524000+00:00,WIF-USDT-SWAP,15702279.0,1757553087524
2025-09-11 01:11:27.536000+00:00,WLD-USDT-SWAP,33128827.0,1757553087536
2025-09-11 01:11:27.523000+00:00,WLFI-USDT-SWAP,268178760.0,1757553087523
2025-09-11 01:11:27.523000+00:00,WOO-USDT-SWAP,20879480.0,1757553087523
2025-09-11 01:11:27.536000+00:00,XAUT-USDT-SWAP,5382.446,1757553087536
2025-09-11 01:11:28.028000+00:00,XLM-USDT-SWAP,41768780.0,1757553088028
2025-09-11 01:11:28.011000+00:00,XPL-USDT-SWAP,6414620.0,1757553088011
2025-09-11 01:11:28.152000+00:00,XRP-USDT-SWAP,87686683.99999996,1757553088152
2025-09-11 01:11:28.007000+00:00,XTZ-USDT-SWAP,4872410.0,1757553088007
2025-09-11 01:11:28.038000+00:00,YFI-USDT-SWAP,387.2971,1757553088038
2025-09-11 01:11:28.014000+00:00,YGG-USDT-SWAP,27312659.0,1757553088014
2025-09-11 01:11:28.029000+00:00,ZENT-USDT-SWAP,152848500.0,1757553088029
2025-09-11 01:11:28.009000+00:00,ZEREBRO-USDT-SWAP,55897710.0,1757553088009
2025-09-11 01:11:28.013000+00:00,ZETA-USDT-SWAP,5484040.0,1757553088013
2025-09-11 01:11:28.039000+00:00,ZIL-USDT-SWAP,168541100.0,1757553088039
2025-09-11 01:11:28.574000+00:00,ZK-USDT-SWAP,49488710.0,1757553088574
2025-09-11 01:11:28.559000+00:00,ZRO-USDT-SWAP,1792633.0,1757553088559
2025-09-11 01:11:28.591000+00:00,ZRX-USDT-SWAP,8186510.0,1757553088591
2025-09-11 01:12:29.350000+00:00,1INCH-USDT-SWAP,8003072.0,1757553149350
2025-09-11 01:12:29.326000+00:00,A-USDT-SWAP,10779360.0,1757553149326
2025-09-11 01:12:29.313000+00:00,AAVE-USDT-SWAP,134217.77000000005,1757553149313
2025-09-11 01:12:29.300000+00:00,ACE-USDT-SWAP,2424888.0,1757553149300
2025-09-11 01:12:29.323000+00:00,ACH-USDT-SWAP,82377400.0,1757553149323
2025-09-11 01:12:29.312000+00:00,ACT-USDT-SWAP,85778625.0,1757553149312
2025-09-11 01:12:29.314000+00:00,ADA-USDT-SWAP,82540570.0,1757553149314
2025-09-11 01:12:29.307000+00:00,AERO-USDT-SWAP,1753240.0,1757553149307
2025-09-11 01:12:29.316000+00:00,AEVO-USDT-SWAP,17958579.0,1757553149316
2025-09-11 01:12:29.313000+00:00,AGLD-USDT-SWAP,1808299.0,1757553149313
2025-09-11 01:12:29.775000+00:00,AI16Z-USDT-SWAP,52516020.0,1757553149775
2025-09-11 01:12:29.764000+00:00,AIXBT-USDT-SWAP,22552930.0,1757553149764
2025-09-11 01:12:29.772000+00:00,ALCH-USDT-SWAP,16705260.0,1757553149772
2025-09-11 01:12:29.774000+00:00,ALGO-USDT-SWAP,27722240.0,1757553149774
2025-09-11 01:12:29.771000+00:00,ANIME-USDT-SWAP,97137940.0,1757553149771
2025-09-11 01:12:29.780000+00:00,APE-USDT-SWAP,8051107.6,1757553149780
2025-09-11 01:12:29.778000+00:00,API3-USDT-SWAP,2834714.0,1757553149778
2025-09-11 01:12:29.780000+00:00,APT-USDT-SWAP,3476502.0,1757553149780
2025-09-11 01:12:29.812000+00:00,AR-USDT-SWAP,490394.7,1757553149812
2025-09-11 01:12:29.772000+00:00,ARB-USDT-SWAP,35868473.99999999,1757553149772
2025-09-11 01:12:30.230000+00:00,ARC-USDT-SWAP,61144310.0,1757553150230
2025-09-11 01:12:30.228000+00:00,ARKM-USDT-SWAP,5076255.0,1757553150228
2025-09-11 01:12:30.223000+00:00,ATH-USDT-SWAP,192822400.0,1757553150223
2025-09-11 01:12:30.249000+00:00,ATOM-USDT-SWAP,2003114.0,1757553150249
2025-09-11 01:12:30.225000+00:00,AUCTION-USDT-SWAP,217737.0,1757553150225
2025-09-11 01:12:30.236000+00:00,AVAAI-USDT-SWAP,72968140.0,1757553150236
2025-09-11 01:12:30.263000+00:00,AVAX-USDT-SWAP,2303927.599999999,1757553150263
2025-09-11 01:12:30.247000+00:00,AXS-USDT-SWAP,1204541.5,1757553150247
2025-09-11 01:12:30.227000+00:00,BABY-USDT-SWAP,37907690.0,1757553150227
2025-09-11 01:12:30.234000+00:00,BAND-USDT-SWAP,1529616.0,1757553150234
2025-09-11 01:12:30.694000+00:00,BAT-USDT-SWAP,5912250.0,1757553150694
2025-09-11 01:12:30.687000+00:00,BCH-USDT-SWAP,71350.66999999998,1757553150687
2025-09-11 01:12:30.700000+00:00,BERA-USDT-SWAP,2426222.7,1757553150700
2025-09-11 01:12:30.696000+00:00,BICO-USDT-SWAP,8020110.0,1757553150696
2025-09-11 01:12:30.678000+00:00,BIGTIME-USDT-SWAP,40177310.0,1757553150678
2025-09-11 01:12:30.694000+00:00,BIO-USDT-SWAP,54484746.0,1757553150694
2025-09-11 01:12:30.693000+00:00,BLUR-USDT-SWAP,26081880.0,1757553150693
2025-09-11 01:12:30.676000+00:00,BNB-USDT-SWAP,106669.04,1757553150676
2025-09-11 01:12:30.689000+00:00,BNT-USDT-SWAP,735420.0,1757553150689
2025-09-11 01:12:30.716000+00:00,BOME-USDT-SWAP,1293421000.0,1757553150716
2025-09-11 01:12:31.130000+00:00,BONK-USDT-SWAP,533639900000.0,1757553151130
2025-09-11 01:12:31.134000+00:00,BRETT-USDT-SWAP,11920100.0,1757553151134
2025-09-11 01:12:31.143000+00:00,BTC-USDT-SWAP,28245.214000000113,1757553151143
2025-09-11 01:12:31.165000+00:00,CAT-USDT-SWAP,140510600000.0,1757553151165
2025-09-11 01:12:31.131000+00:00,CATI-USDT-SWAP,15850629.0,1757553151131
2025-09-11 01:12:31.145000+00:00,CELO-USDT-SWAP,4505037.0,1757553151145
2025-09-11 01:12:31.177000+00:00,CETUS-USDT-SWAP,20872500.0,1757553151177
2025-09-11 01:12:31.136000+00:00,CFX-USDT-SWAP,74879330.0,1757553151136
2025-09-11 01:12:31.131000+00:00,CHZ-USDT-SWAP,79142270.0,1757553151131
2025-09-11 01:12:31.140000+00:00,COMP-USDT-SWAP,88516.7,1757553151140
2025-09-11 01:12:31.667000+00:00,COOKIE-USDT-SWAP,4295510.0,1757553151667
2025-09-11 01:12:31.601000+00:00,CORE-USDT-SWAP,10062738.0,1757553151601
2025-09-11 01:12:31.600000+00:00,CRO-USDT-SWAP,70102520.0,1757553151600
2025-09-11 01:12:31.617000+00:00,CRV-USDT-SWAP,24282637.0,1757553151617
2025-09-11 01:12:31.598000+00:00,CTC-USDT-SWAP,1812180.0,1757553151598
2025-09-11 01:12:31.601000+00:00,CVC-USDT-SWAP,9391800.0,1757553151601
2025-09-11 01:12:31.616000+00:00,CVX-USDT-SWAP,322789.0,1757553151616
2025-09-11 01:12:31.614000+00:00,DEGEN-USDT-SWAP,284253700.0,1757553151614
2025-09-11 01:12:31.604000+00:00,DGB-USDT-SWAP,47039300.0,1757553151604
2025-09-11 01:12:31.611000+00:00,DOG-USDT-SWAP,380560000.0,1757553151611
2025-09-11 01:12:32.083000+00:00,DOGE-USDT-SWAP,1615805199.9999995,1757553152083
2025-09-11 01:12:32.083000+00:00,DOGS-USDT-SWAP,16540469000.0,1757553152083
2025-09-11 01:12:32.082000+00:00,DOOD-USDT-SWAP,182293000.0,1757553152082
2025-09-11 01:12:32.086000+00:00,DOT-USDT-SWAP,6296680.0,1757553152086
2025-09-11 01:12:32.072000+00:00,DUCK-USDT-SWAP,819355300.0,1757553152072
2025-09-11 01:12:32.097000+00:00,DYDX-USDT-SWAP,10128217.0,1757553152097
2025-09-11 01:12:32.089000+00:00,EGLD-USDT-SWAP,110830.6,1757553152089
2025-09-11 01:12:32.084000+00:00,EIGEN-USDT-SWAP,3870883.0,1757553152084
2025-09-11 01:12:32.084000+00:00,ENJ-USDT-SWAP,13172130.0,1757553152084
2025-09-11 01:12:32.089000+00:00,ENS-USDT-SWAP,326932.3,1757553152089
2025-09-11 01:12:32.528000+00:00,ETC-USDT-SWAP,1069525.6000000003,1757553152528
2025-09-11 01:12:32.518000+00:00,ETH-USDT-SWAP,746116.1960000017,1757553152518
2025-09-11 01:12:32.519000+00:00,ETHFI-USDT-SWAP,8109879.0,1757553152519
2025-09-11 01:12:32.519000+00:00,ETHW-USDT-SWAP,1196243.2,1757553152519
2025-09-11 01:12:32.515000+00:00,FARTCOIN-USDT-SWAP,20624746.0,1757553152515
2025-09-11 01:12:32.538000+00:00,FIL-USDT-SWAP,14283165.4,1757553152538
2025-09-11 01:12:32.513000+00:00,FLM-USDT-SWAP,31265830.0,1757553152513
2025-09-11 01:12:32.518000+00:00,FLOKI-USDT-SWAP,37763000000.0,1757553152518
2025-09-11 01:12:32.520000+00:00,FLOW-USDT-SWAP,4750780.0,1757553152520
2025-09-11 01:12:32.522000+00:00,FXS-USDT-SWAP,418687.0,1757553152522
2025-09-11 01:12:32.989000+00:00,GALA-USDT-SWAP,439521220.0,1757553152989
2025-09-11 01:12:32.982000+00:00,GAS-USDT-SWAP,389942.0,1757553152982
2025-09-11 01:12:32.982000+00:00,GLM-USDT-SWAP,2839030.0,1757553152982
2025-09-11 01:12:32.976000+00:00,GMT-USDT-SWAP,44689466.0,1757553152976
2025-09-11 01:12:32.972000+00:00,GMX-USDT-SWAP,68969.5,1757553152972
2025-09-11 01:12:32.978000+00:00,GOAT-USDT-SWAP,28892190.0,1757553152978
2025-09-11 01:12:32.977000+00:00,GODS-USDT-SWAP,7279535.0,1757553152977
2025-09-11 01:12:32.964000+00:00,GPS-USDT-SWAP,167783620.0,1757553152964
2025-09-11 01:12:32.983000+00:00,GRASS-USDT-SWAP,2725912.0,1757553152983
2025-09-11 01:12:32.984000+00:00,GRIFFAIN-USDT-SWAP,24280090.0,1757553152984
2025-09-11 01:12:33.436000+00:00,GRT-USDT-SWAP,24872990.0,1757553153436
2025-09-11 01:12:33.436000+00:00,H-USDT-SWAP,54564500.0,1757553153436
2025-09-11 01:12:33.419000+00:00,HBAR-USDT-SWAP,72691710.00000001,1757553153419
2025-09-11 01:12:33.425000+00:00,HMSTR-USDT-SWAP,1192581400.0,1757553153425
2025-09-11 01:12:33.419000+00:00,HOME-USDT-SWAP,22685300.0,1757553153419
2025-09-11 01:12:33.423000+00:00,HUMA-USDT-SWAP,79576100.0,1757553153423
2025-09-11 01:12:33.415000+00:00,HYPE-USDT-SWAP,1098153.0,1757553153415
2025-09-11 01:12:33.414000+00:00,ICP-USDT-SWAP,1318302.31,1757553153414
2025-09-11 01:12:33.431000+00:00,ICX-USDT-SWAP,5998720.0,1757553153431
2025-09-11 01:12:33.418000+00:00,IMX-USDT-SWAP,6549197.0,1757553153418
2025-09-11 01:12:33.905000+00:00,INIT-USDT-SWAP,3672560.0,1757553153905
2025-09-11 01:12:33.892000+00:00,INJ-USDT-SWAP,887178.3,1757553153892
2025-09-11 01:12:33.884000+00:00,IOST-USDT-SWAP,297197000.0,1757553153884
2025-09-11 01:12:33.903000+00:00,IOTA-USDT-SWAP,14123880.0,1757553153903
2025-09-11 01:12:33.881000+00:00,IP-USDT-SWAP,2891016.0,1757553153881
2025-09-11 01:12:33.911000+00:00,JELLYJELLY-USDT-SWAP,184900500.0,1757553153911
2025-09-11 01:12:33.898000+00:00,JOE-USDT-SWAP,6701990.0,1757553153898
2025-09-11 01:12:33.895000+00:00,JTO-USDT-SWAP,2927511.0,1757553153895
2025-09-11 01:12:33.906000+00:00,JUP-USDT-SWAP,15159580.0,1757553153906
2025-09-11 01:12:34.811000+00:00,KAITO-USDT-SWAP,6170136.0,1757553154811
2025-09-11 01:12:34.364000+00:00,KMNO-USDT-SWAP,20500200.0,1757553154364
2025-09-11 01:12:34.368000+00:00,KSM-USDT-SWAP,133517.2,1757553154368
2025-09-11 01:12:34.383000+00:00,LA-USDT-SWAP,2985710.0,1757553154383
2025-09-11 01:12:34.382000+00:00,LAUNCHCOIN-USDT-SWAP,57630940.0,1757553154382
2025-09-11 01:12:34.403000+00:00,LAYER-USDT-SWAP,7622967.0,1757553154403
2025-09-11 01:12:34.379000+00:00,LDO-USDT-SWAP,14480351.0,1757553154379
2025-09-11 01:12:34.369000+00:00,LINK-USDT-SWAP,2590909.1999999997,1757553154369
2025-09-11 01:12:34.360000+00:00,LPT-USDT-SWAP,770690.3,1757553154360
2025-09-11 01:12:34.383000+00:00,LQTY-USDT-SWAP,1471234.0,1757553154383
2025-09-11 01:12:35.239000+00:00,LRC-USDT-SWAP,19677450.0,1757553155239
2025-09-11 01:12:35.233000+00:00,LTC-USDT-SWAP,709827.0999999999,1757553155233
2025-09-11 01:12:35.240000+00:00,LUNA-USDT-SWAP,15248004.0,1757553155240
2025-09-11 01:12:35.259000+00:00,LUNC-USDT-SWAP,31782690000.0,1757553155259
2025-09-11 01:12:35.232000+00:00,MAGIC-USDT-SWAP,18165497.0,1757553155232
2025-09-11 01:12:35.245000+00:00,MAJOR-USDT-SWAP,4763062.0,1757553155245
2025-09-11 01:12:35.248000+00:00,MANA-USDT-SWAP,10037250.0,1757553155248
2025-09-11 01:12:35.241000+00:00,MASK-USDT-SWAP,2909663.0,1757553155241
2025-09-11 01:12:35.247000+00:00,ME-USDT-SWAP,3597368.0,1757553155247
2025-09-11 01:12:35.255000+00:00,MEME-USDT-SWAP,1436840400.0,1757553155255
2025-09-11 01:12:35.751000+00:00,MERL-USDT-SWAP,50392159.0,1757553155751
2025-09-11 01:12:35.697000+00:00,METIS-USDT-SWAP,100885.0,1757553155697
2025-09-11 01:12:35.696000+00:00,MEW-USDT-SWAP,1045886000.0,1757553155696
2025-09-11 01:12:35.704000+00:00,MINA-USDT-SWAP,7410973.0,1757553155704
2025-09-11 01:12:35.711000+00:00,MOG-USDT-SWAP,620171000000.0,1757553155711
2025-09-11 01:12:35.702000+00:00,MOODENG-USDT-SWAP,47883650.0,1757553155702
2025-09-11 01:12:35.700000+00:00,MORPHO-USDT-SWAP,1558974.0,1757553155700
2025-09-11 01:12:35.710000+00:00,MOVE-USDT-SWAP,28132480.0,1757553155710
2025-09-11 01:12:35.716000+00:00,MUBARAK-USDT-SWAP,13900800.0,1757553155716
2025-09-11 01:12:36.207000+00:00,NEAR-USDT-SWAP,5325952.0,1757553156207
2025-09-11 01:12:36.187000+00:00,NEIRO-USDT-SWAP,9051018000.0,1757553156187
2025-09-11 01:12:36.181000+00:00,NEIROETH-USDT-SWAP,11485600.0,1757553156181
2025-09-11 01:12:36.192000+00:00,NEO-USDT-SWAP,368736.0,1757553156192
2025-09-11 01:12:36.187000+00:00,NEWT-USDT-SWAP,3076210.0,1757553156187
2025-09-11 01:12:36.203000+00:00,NMR-USDT-SWAP,373446.3,1757553156203
2025-09-11 01:12:36.184000+00:00,NOT-USDT-SWAP,1690072500.0,1757553156184
2025-09-11 01:12:36.185000+00:00,NXPC-USDT-SWAP,1107032.0,1757553156185
2025-09-11 01:12:36.196000+00:00,OL-USDT-SWAP,102862440.0,1757553156196
2025-09-11 01:12:36.191000+00:00,OM-USDT-SWAP,24603165.999999996,1757553156191
2025-09-11 01:12:36.821000+00:00,ONDO-USDT-SWAP,23077500.0,1757553156821
2025-09-11 01:12:36.666000+00:00,ONE-USDT-SWAP,83842600.0,1757553156666
2025-09-11 01:12:36.667000+00:00,ONT-USDT-SWAP,10820130.0,1757553156667
2025-09-11 01:12:36.669000+00:00,OP-USDT-SWAP,23856548.0,1757553156669
2025-09-11 01:12:36.673000+00:00,ORBS-USDT-SWAP,30038600.0,1757553156673
2025-09-11 01:12:36.677000+00:00,ORDI-USDT-SWAP,1371763.9,1757553156677
2025-09-11 01:12:36.664000+00:00,PARTI-USDT-SWAP,14120530.0,1757553156664
2025-09-11 01:12:36.658000+00:00,PENGU-USDT-SWAP,643684300.0,1757553156658
2025-09-11 01:12:36.669000+00:00,PEOPLE-USDT-SWAP,353632400.0,1757553156669
2025-09-11 01:12:36.676000+00:00,PEPE-USDT-SWAP,8439120000000.003,1757553156676
2025-09-11 01:12:37.245000+00:00,PERP-USDT-SWAP,3170473.0,1757553157245
2025-09-11 01:12:37.242000+00:00,PI-USDT-SWAP,30175018.0,1757553157242
2025-09-11 01:12:37.242000+00:00,PLUME-USDT-SWAP,21694650.0,1757553157242
2025-09-11 01:12:37.251000+00:00,PNUT-USDT-SWAP,37675270.0,1757553157251
2025-09-11 01:12:37.235000+00:00,POL-USDT-SWAP,39298970.0,1757553157235
2025-09-11 01:12:37.233000+00:00,POPCAT-USDT-SWAP,9577740.0,1757553157233
2025-09-11 01:12:37.246000+00:00,PRCL-USDT-SWAP,26869181.0,1757553157246
2025-09-11 01:12:37.240000+00:00,PROMPT-USDT-SWAP,39892270.0,1757553157240
2025-09-11 01:12:37.260000+00:00,PUMP-USDT-SWAP,6982338000.0,1757553157260
2025-09-11 01:12:37.242000+00:00,PYTH-USDT-SWAP,46727700.0,1757553157242
2025-09-11 01:12:37.694000+00:00,QTUM-USDT-SWAP,1365513.0,1757553157694
2025-09-11 01:12:37.692000+00:00,RAY-USDT-SWAP,1005903.0,1757553157692
2025-09-11 01:12:37.687000+00:00,RENDER-USDT-SWAP,1385407.0,1757553157687
2025-09-11 01:12:37.702000+00:00,RESOLV-USDT-SWAP,23513920.0,1757553157702
2025-09-11 01:12:37.693000+00:00,RSR-USDT-SWAP,259842100.0,1757553157693
2025-09-11 01:12:37.735000+00:00,RVN-USDT-SWAP,70244440.0,1757553157735
2025-09-11 01:12:37.690000+00:00,S-USDT-SWAP,12376570.0,1757553157690
2025-09-11 01:12:37.690000+00:00,SAHARA-USDT-SWAP,54129130.0,1757553157690
2025-09-11 01:12:37.688000+00:00,SAND-USDT-SWAP,18802620.0,1757553157688
2025-09-11 01:12:37.701000+00:00,SATS-USDT-SWAP,232772890000000.0,1757553157701
2025-09-11 01:12:38.177000+00:00,SCR-USDT-SWAP,2927396.0,1757553158177
2025-09-11 01:12:38.168000+00:00,SHELL-USDT-SWAP,6102860.0,1757553158168
2025-09-11 01:12:38.163000+00:00,SHIB-USDT-SWAP,1676489400000.0,1757553158163
2025-09-11 01:12:38.164000+00:00,SIGN-USDT-SWAP,46099900.0,1757553158164
2025-09-11 01:12:38.161000+00:00,SLP-USDT-SWAP,418673510.0,1757553158161
2025-09-11 01:12:38.190000+00:00,SNX-USDT-SWAP,2255716.0,1757553158190
2025-09-11 01:12:38.169000+00:00,SOL-USDT-SWAP,3778765.299999998,1757553158169
2025-09-11 01:12:38.161000+00:00,SOLV-USDT-SWAP,69150800.0,1757553158161
2025-09-11 01:12:38.226000+00:00,SONIC-USDT-SWAP,7783334.0,1757553158226
2025-09-11 01:12:38.164000+00:00,SOON-USDT-SWAP,8738060.0,1757553158164
2025-09-11 01:12:38.650000+00:00,SOPH-USDT-SWAP,83002900.0,1757553158650
2025-09-11 01:12:38.650000+00:00,SPK-USDT-SWAP,120329700.0,1757553158650
2025-09-11 01:12:38.650000+00:00,SPX-USDT-SWAP,1065371.0,1757553158650
2025-09-11 01:12:38.674000+00:00,SSV-USDT-SWAP,295232.5,1757553158674
2025-09-11 01:12:38.653000+00:00,STORJ-USDT-SWAP,5512940.0,1757553158653
2025-09-11 01:12:38.673000+00:00,STRK-USDT-SWAP,23284279.0,1757553158673
2025-09-11 01:12:38.664000+00:00,STX-USDT-SWAP,7057002.999999999,1757553158664
2025-09-11 01:12:38.654000+00:00,SUI-USDT-SWAP,20180303.0,1757553158654
2025-09-11 01:12:38.650000+00:00,SUSHI-USDT-SWAP,8135408.0,1757553158650
2025-09-11 01:12:38.664000+00:00,SWARMS-USDT-SWAP,93693620.0,1757553158664
2025-09-11 01:12:39.152000+00:00,SYRUP-USDT-SWAP,2730310.0,1757553159152
2025-09-11 01:12:39.137000+00:00,T-USDT-SWAP,46212100.0,1757553159137
2025-09-11 01:12:39.120000+00:00,TAO-USDT-SWAP,14255.45,1757553159120
2025-09-11 01:12:39.128000+00:00,THETA-USDT-SWAP,2873233.0,1757553159128
2025-09-11 01:12:39.140000+00:00,TIA-USDT-SWAP,5166209.0,1757553159140
2025-09-11 01:12:39.207000+00:00,TNSR-USDT-SWAP,8504232.0,1757553159207
2025-09-11 01:12:39.143000+00:00,TON-USDT-SWAP,9407634.0,1757553159143
2025-09-11 01:12:39.126000+00:00,TRB-USDT-SWAP,256566.7,1757553159126
2025-09-11 01:12:39.122000+00:00,TREE-USDT-SWAP,6317982.0,1757553159122
2025-09-11 01:12:39.140000+00:00,TRUMP-USDT-SWAP,5092679.1,1757553159140
2025-09-11 01:12:39.655000+00:00,TRX-USDT-SWAP,93341000.00000006,1757553159655
2025-09-11 01:12:39.649000+00:00,TURBO-USDT-SWAP,914921000.0,1757553159649
2025-09-11 01:12:39.653000+00:00,UMA-USDT-SWAP,1429418.5,1757553159653
2025-09-11 01:12:39.662000+00:00,UNI-USDT-SWAP,3269521.0,1757553159662
2025-09-11 01:12:39.651000+00:00,USDC-USDT-SWAP,1061800.0,1757553159651
2025-09-11 01:12:39.680000+00:00,USELESS-USDT-SWAP,12602600.0,1757553159680
2025-09-11 01:12:39.656000+00:00,USTC-USDT-SWAP,115866200.0,1757553159656
2025-09-11 01:12:39.646000+00:00,UXLINK-USDT-SWAP,5711560.0,1757553159646
2025-09-11 01:12:39.655000+00:00,VANA-USDT-SWAP,156095.2,1757553159655
2025-09-11 01:12:39.661000+00:00,VINE-USDT-SWAP,103187240.0,1757553159661
2025-09-11 01:12:40.109000+00:00,VIRTUAL-USDT-SWAP,3588454.0,1757553160109
2025-09-11 01:12:40.098000+00:00,W-USDT-SWAP,60411761.0,1757553160098
2025-09-11 01:12:40.108000+00:00,WAL-USDT-SWAP,2369320.0,1757553160108
2025-09-11 01:12:40.103000+00:00,WAXP-USDT-SWAP,25449100.0,1757553160103
2025-09-11 01:12:40.200000+00:00,WCT-USDT-SWAP,10547000.0,1757553160200
2025-09-11 01:12:40.111000+00:00,WIF-USDT-SWAP,15701345.0,1757553160111
2025-09-11 01:12:40.104000+00:00,WLD-USDT-SWAP,33123651.0,1757553160104
2025-09-11 01:12:40.104000+00:00,WLFI-USDT-SWAP,268259080.0,1757553160104
2025-09-11 01:12:40.112000+00:00,WOO-USDT-SWAP,20881350.0,1757553160112
2025-09-11 01:12:40.127000+00:00,XAUT-USDT-SWAP,5382.384,1757553160127
2025-09-11 01:12:40.626000+00:00,XLM-USDT-SWAP,41747330.0,1757553160626
2025-09-11 01:12:40.618000+00:00,XPL-USDT-SWAP,6413960.0,1757553160618
2025-09-11 01:12:40.617000+00:00,XRP-USDT-SWAP,87664272.99999996,1757553160617
2025-09-11 01:12:40.628000+00:00,XTZ-USDT-SWAP,4872413.0,1757553160628
2025-09-11 01:12:40.619000+00:00,YFI-USDT-SWAP,387.1559,1757553160619
2025-09-11 01:12:40.630000+00:00,YGG-USDT-SWAP,27317785.0,1757553160630
2025-09-11 01:12:40.673000+00:00,ZENT-USDT-SWAP,152909900.0,1757553160673
2025-09-11 01:12:40.617000+00:00,ZEREBRO-USDT-SWAP,55879980.0,1757553160617
2025-09-11 01:12:40.617000+00:00,ZETA-USDT-SWAP,5482840.0,1757553160617
2025-09-11 01:12:40.622000+00:00,ZIL-USDT-SWAP,168475800.0,1757553160622
2025-09-11 01:12:41.114000+00:00,ZK-USDT-SWAP,49438970.0,1757553161114
2025-09-11 01:12:41.086000+00:00,ZRO-USDT-SWAP,1790716.0,1757553161086
2025-09-11 01:12:41.084000+00:00,ZRX-USDT-SWAP,8186650.0,1757553161084
2025-09-11 02:39:17.804000+00:00,1INCH-USDT-SWAP,8014622.0,1757558357804
2025-09-11 02:39:17.810000+00:00,A-USDT-SWAP,10754940.0,1757558357810
2025-09-11 02:39:17.865000+00:00,AAVE-USDT-SWAP,133490.46000000002,1757558357865
2025-09-11 02:39:17.810000+00:00,ACE-USDT-SWAP,2395975.0,1757558357810
2025-09-11 02:39:17.828000+00:00,ACH-USDT-SWAP,82994900.0,1757558357828
2025-09-11 02:39:17.798000+00:00,ACT-USDT-SWAP,86237584.0,1757558357798
2025-09-11 02:39:17.813000+00:00,ADA-USDT-SWAP,82716200.00000001,1757558357813
2025-09-11 02:39:17.798000+00:00,AERO-USDT-SWAP,1756370.0,1757558357798
2025-09-11 02:39:17.820000+00:00,AEVO-USDT-SWAP,18340026.0,1757558357820
2025-09-11 02:39:17.816000+00:00,AGLD-USDT-SWAP,1821343.0,1757558357816
2025-09-11 02:39:18.296000+00:00,AI16Z-USDT-SWAP,53195995.0,1757558358296
2025-09-11 02:39:18.290000+00:00,AIXBT-USDT-SWAP,22772380.0,1757558358290
2025-09-11 02:39:18.313000+00:00,ALCH-USDT-SWAP,16460300.0,1757558358313
2025-09-11 02:39:18.298000+00:00,ALGO-USDT-SWAP,27620510.0,1757558358298
2025-09-11 02:39:18.300000+00:00,ANIME-USDT-SWAP,97664060.0,1757558358300
2025-09-11 02:39:18.298000+00:00,APE-USDT-SWAP,8050116.5,1757558358298
2025-09-11 02:39:18.295000+00:00,API3-USDT-SWAP,2815821.0,1757558358295
2025-09-11 02:39:18.294000+00:00,APT-USDT-SWAP,3477886.0,1757558358294
2025-09-11 02:39:18.307000+00:00,AR-USDT-SWAP,488792.2,1757558358307
2025-09-11 02:39:18.301000+00:00,ARB-USDT-SWAP,36478825.999999985,1757558358301
2025-09-11 02:39:18.878000+00:00,ARC-USDT-SWAP,61936280.0,1757558358878
2025-09-11 02:39:18.734000+00:00,ARKM-USDT-SWAP,5031867.0,1757558358734
2025-09-11 02:39:18.751000+00:00,ATH-USDT-SWAP,194032900.0,1757558358751
2025-09-11 02:39:18.775000+00:00,ATOM-USDT-SWAP,2029857.0,1757558358775
2025-09-11 02:39:18.747000+00:00,AUCTION-USDT-SWAP,218515.2,1757558358747
2025-09-11 02:39:18.733000+00:00,AVAAI-USDT-SWAP,72394660.0,1757558358733
2025-09-11 02:39:18.740000+00:00,AVAX-USDT-SWAP,2298372.1999999997,1757558358740
2025-09-11 02:39:18.744000+00:00,AXS-USDT-SWAP,1202614.0,1757558358744
2025-09-11 02:39:18.747000+00:00,BABY-USDT-SWAP,38019880.0,1757558358747
2025-09-11 02:39:18.766000+00:00,BAND-USDT-SWAP,1536426.0,1757558358766
2025-09-11 02:39:19.292000+00:00,BAT-USDT-SWAP,6035640.0,1757558359292
2025-09-11 02:39:19.291000+00:00,BCH-USDT-SWAP,71398.87999999998,1757558359291
2025-09-11 02:39:19.304000+00:00,BERA-USDT-SWAP,2420990.6,1757558359304
2025-09-11 02:39:19.305000+00:00,BICO-USDT-SWAP,8004636.0,1757558359305
2025-09-11 02:39:19.304000+00:00,BIGTIME-USDT-SWAP,40390280.0,1757558359304
2025-09-11 02:39:19.300000+00:00,BIO-USDT-SWAP,55786794.0,1757558359300
2025-09-11 02:39:19.313000+00:00,BLUR-USDT-SWAP,26073740.0,1757558359313
2025-09-11 02:39:19.312000+00:00,BNB-USDT-SWAP,106886.82,1757558359312
2025-09-11 02:39:19.305000+00:00,BNT-USDT-SWAP,732120.0,1757558359305
2025-09-11 02:39:19.342000+00:00,BOME-USDT-SWAP,1306184000.0,1757558359342
2025-09-11 02:39:19.776000+00:00,BONK-USDT-SWAP,540325600000.0,1757558359776
2025-09-11 02:39:19.777000+00:00,BRETT-USDT-SWAP,11948700.0,1757558359777
2025-09-11 02:39:19.790000+00:00,BTC-USDT-SWAP,28195.01160000011,1757558359790
2025-09-11 02:39:19.794000+00:00,CAT-USDT-SWAP,139335200000.0,1757558359794
2025-09-11 02:39:19.789000+00:00,CATI-USDT-SWAP,15500790.0,1757558359789
2025-09-11 02:39:19.780000+00:00,CELO-USDT-SWAP,4534074.0,1757558359780
2025-09-11 02:39:19.837000+00:00,CETUS-USDT-SWAP,20935960.0,1757558359837
2025-09-11 02:39:19.801000+00:00,CFX-USDT-SWAP,75952170.0,1757558359801
2025-09-11 02:39:19.785000+00:00,CHZ-USDT-SWAP,78742400.0,1757558359785
2025-09-11 02:39:19.801000+00:00,COMP-USDT-SWAP,89584.1,1757558359801
2025-09-11 02:39:20.257000+00:00,COOKIE-USDT-SWAP,4282800.0,1757558360257
2025-09-11 02:39:20.264000+00:00,CORE-USDT-SWAP,9956128.0,1757558360264
2025-09-11 02:39:20.262000+00:00,CRO-USDT-SWAP,65750790.0,1757558360262
2025-09-11 02:39:20.260000+00:00,CRV-USDT-SWAP,24286187.0,1757558360260
2025-09-11 02:39:20.260000+00:00,CTC-USDT-SWAP,1773960.0,1757558360260
2025-09-11 02:39:20.255000+00:00,CVC-USDT-SWAP,9403000.0,1757558360255
2025-09-11 02:39:20.261000+00:00,CVX-USDT-SWAP,325116.0,1757558360261
2025-09-11 02:39:20.257000+00:00,DEGEN-USDT-SWAP,283149900.0,1757558360257
2025-09-11 02:39:20.261000+00:00,DGB-USDT-SWAP,47103900.0,1757558360261
2025-09-11 02:39:20.263000+00:00,DOG-USDT-SWAP,383903000.0,1757558360263
2025-09-11 02:39:20.696000+00:00,DOGE-USDT-SWAP,1614943479.9999998,1757558360696
2025-09-11 02:39:20.703000+00:00,DOGS-USDT-SWAP,16684376000.0,1757558360703
2025-09-11 02:39:20.715000+00:00,DOOD-USDT-SWAP,173802000.0,1757558360715
2025-09-11 02:39:20.716000+00:00,DOT-USDT-SWAP,6303566.0,1757558360716
2025-09-11 02:39:20.703000+00:00,DUCK-USDT-SWAP,821599800.0,1757558360703
2025-09-11 02:39:20.701000+00:00,DYDX-USDT-SWAP,10143655.0,1757558360701
2025-09-11 02:39:20.713000+00:00,EGLD-USDT-SWAP,110437.3,1757558360713
2025-09-11 02:39:20.839000+00:00,EIGEN-USDT-SWAP,3985358.0,1757558360839
2025-09-11 02:39:20.705000+00:00,ENJ-USDT-SWAP,13172010.0,1757558360705
2025-09-11 02:39:20.708000+00:00,ENS-USDT-SWAP,333696.2,1757558360708
2025-09-11 02:39:21.249000+00:00,ETC-USDT-SWAP,1073638.8000000005,1757558361249
2025-09-11 02:39:21.248000+00:00,ETH-USDT-SWAP,751097.6740000014,1757558361248
2025-09-11 02:39:21.261000+00:00,ETHFI-USDT-SWAP,9482947.0,1757558361261
2025-09-11 02:39:21.278000+00:00,ETHW-USDT-SWAP,1227057.5,1757558361278
2025-09-11 02:39:21.258000+00:00,FARTCOIN-USDT-SWAP,21052714.0,1757558361258
2025-09-11 02:39:21.254000+00:00,FIL-USDT-SWAP,14280618.5,1757558361254
2025-09-11 02:39:21.258000+00:00,FLM-USDT-SWAP,31518050.0,1757558361258
2025-09-11 02:39:21.260000+00:00,FLOKI-USDT-SWAP,38056100000.0,1757558361260
2025-09-11 02:39:21.264000+00:00,FLOW-USDT-SWAP,4815830.0,1757558361264
2025-09-11 02:39:21.280000+00:00,FXS-USDT-SWAP,417042.0,1757558361280
2025-09-11 02:39:21.746000+00:00,GALA-USDT-SWAP,439953360.0,1757558361746
2025-09-11 02:39:21.729000+00:00,GAS-USDT-SWAP,393181.0,1757558361729
2025-09-11 02:39:21.742000+00:00,GLM-USDT-SWAP,2852900.0,1757558361742
2025-09-11 02:39:21.736000+00:00,GMT-USDT-SWAP,46065600.0,1757558361736
2025-09-11 02:39:21.732000+00:00,GMX-USDT-SWAP,69036.3,1757558361732
2025-09-11 02:39:21.741000+00:00,GOAT-USDT-SWAP,28718200.0,1757558361741
2025-09-11 02:39:21.749000+00:00,GODS-USDT-SWAP,7268479.0,1757558361749
2025-09-11 02:39:21.737000+00:00,GPS-USDT-SWAP,166643010.0,1757558361737
2025-09-11 02:39:21.739000+00:00,GRASS-USDT-SWAP,2685829.0,1757558361739
2025-09-11 02:39:21.735000+00:00,GRIFFAIN-USDT-SWAP,24326480.0,1757558361735
2025-09-11 02:39:22.181000+00:00,GRT-USDT-SWAP,24888320.0,1757558362181
2025-09-11 02:39:22.196000+00:00,H-USDT-SWAP,53977300.0,1757558362196
2025-09-11 02:39:22.202000+00:00,HBAR-USDT-SWAP,72615720.00000001,1757558362202
2025-09-11 02:39:22.199000+00:00,HMSTR-USDT-SWAP,1184013100.0,1757558362199
2025-09-11 02:39:22.200000+00:00,HOME-USDT-SWAP,22618200.0,1757558362200
2025-09-11 02:39:22.197000+00:00,HUMA-USDT-SWAP,82536900.0,1757558362197
2025-09-11 02:39:22.188000+00:00,HYPE-USDT-SWAP,1096663.3,1757558362188
2025-09-11 02:39:22.189000+00:00,ICP-USDT-SWAP,1331845.77,1757558362189
2025-09-11 02:39:22.212000+00:00,ICX-USDT-SWAP,6035020.0,1757558362212
2025-09-11 02:39:22.186000+00:00,IMX-USDT-SWAP,6456730.0,1757558362186
2025-09-11 02:39:22.631000+00:00,INIT-USDT-SWAP,3671710.0,1757558362631
2025-09-11 02:39:22.631000+00:00,INJ-USDT-SWAP,886940.4,1757558362631
2025-09-11 02:39:22.636000+00:00,IOST-USDT-SWAP,297096000.0,1757558362636
2025-09-11 02:39:22.665000+00:00,IOTA-USDT-SWAP,14102510.0,1757558362665
2025-09-11 02:39:22.641000+00:00,IP-USDT-SWAP,2840126.0,1757558362641
2025-09-11 02:39:22.641000+00:00,JELLYJELLY-USDT-SWAP,182955600.0,1757558362641
2025-09-11 02:39:22.634000+00:00,JOE-USDT-SWAP,6648950.0,1757558362634
2025-09-11 02:39:22.639000+00:00,JTO-USDT-SWAP,2911143.0,1757558362639
2025-09-11 02:39:22.642000+00:00,JUP-USDT-SWAP,15189330.0,1757558362642
2025-09-11 02:39:23.087000+00:00,KAITO-USDT-SWAP,6185714.0,1757558363087
2025-09-11 02:39:23.088000+00:00,KMNO-USDT-SWAP,20568900.0,1757558363088
2025-09-11 02:39:23.110000+00:00,KSM-USDT-SWAP,134913.5,1757558363110
2025-09-11 02:39:23.103000+00:00,LA-USDT-SWAP,2961120.0,1757558363103
2025-09-11 02:39:23.102000+00:00,LAUNCHCOIN-USDT-SWAP,56455570.0,1757558363102
2025-09-11 02:39:23.100000+00:00,LAYER-USDT-SWAP,7656132.0,1757558363100
2025-09-11 02:39:23.092000+00:00,LDO-USDT-SWAP,14984335.0,1757558363092
2025-09-11 02:39:23.094000+00:00,LINK-USDT-SWAP,2601468.0999999996,1757558363094
2025-09-11 02:39:23.110000+00:00,LPT-USDT-SWAP,770520.1,1757558363110
2025-09-11 02:39:23.110000+00:00,LQTY-USDT-SWAP,1477073.0,1757558363110
2025-09-11 02:39:23.562000+00:00,LRC-USDT-SWAP,19582310.0,1757558363562
2025-09-11 02:39:23.549000+00:00,LTC-USDT-SWAP,706206.5,1757558363549
2025-09-11 02:39:23.561000+00:00,LUNA-USDT-SWAP,15245442.0,1757558363561
2025-09-11 02:39:23.560000+00:00,LUNC-USDT-SWAP,31756710000.0,1757558363560
2025-09-11 02:39:23.561000+00:00,MAGIC-USDT-SWAP,18360910.0,1757558363561
2025-09-11 02:39:23.563000+00:00,MAJOR-USDT-SWAP,4729916.0,1757558363563
2025-09-11 02:39:23.554000+00:00,MANA-USDT-SWAP,10031880.0,1757558363554
2025-09-11 02:39:23.593000+00:00,MASK-USDT-SWAP,2900424.0,1757558363593
2025-09-11 02:39:23.546000+00:00,ME-USDT-SWAP,3572408.0,1757558363546
2025-09-11 02:39:23.565000+00:00,MEME-USDT-SWAP,1431662000.0,1757558363565
2025-09-11 02:39:24.013000+00:00,MERL-USDT-SWAP,50949126.0,1757558364013
2025-09-11 02:39:24.013000+00:00,METIS-USDT-SWAP,100903.1,1757558364013
2025-09-11 02:39:24.021000+00:00,MEW-USDT-SWAP,1047658000.0,1757558364021
2025-09-11 02:39:24.016000+00:00,MINA-USDT-SWAP,7468299.0,1757558364016
2025-09-11 02:39:24.010000+00:00,MOG-USDT-SWAP,624946000000.0,1757558364010
2025-09-11 02:39:24.059000+00:00,MOODENG-USDT-SWAP,47982850.0,1757558364059
2025-09-11 02:39:24.018000+00:00,MORPHO-USDT-SWAP,1596724.0,1757558364018
2025-09-11 02:39:24.019000+00:00,MOVE-USDT-SWAP,28138790.0,1757558364019
2025-09-11 02:39:24.058000+00:00,MUBARAK-USDT-SWAP,13771300.0,1757558364058
2025-09-11 02:39:24.503000+00:00,NEAR-USDT-SWAP,5299970.0,1757558364503
2025-09-11 02:39:24.485000+00:00,NEIRO-USDT-SWAP,9116412000.0,1757558364485
2025-09-11 02:39:24.500000+00:00,NEIROETH-USDT-SWAP,12003900.0,1757558364500
2025-09-11 02:39:24.502000+00:00,NEO-USDT-SWAP,368308.0,1757558364502
2025-09-11 02:39:24.517000+00:00,NEWT-USDT-SWAP,3071720.0,1757558364517
2025-09-11 02:39:24.498000+00:00,NMR-USDT-SWAP,374062.4,1757558364498
2025-09-11 02:39:24.497000+00:00,NOT-USDT-SWAP,1685066500.0,1757558364497
2025-09-11 02:39:24.502000+00:00,NXPC-USDT-SWAP,1104299.0,1757558364502
2025-09-11 02:39:24.492000+00:00,OL-USDT-SWAP,99934610.0,1757558364492
2025-09-11 02:39:24.496000+00:00,OM-USDT-SWAP,24762947.0,1757558364496
2025-09-11 02:39:24.940000+00:00,ONDO-USDT-SWAP,23193070.0,1757558364940
2025-09-11 02:39:24.982000+00:00,ONE-USDT-SWAP,83938600.0,1757558364982
2025-09-11 02:39:24.966000+00:00,ONT-USDT-SWAP,10904910.0,1757558364966
2025-09-11 02:39:24.951000+00:00,OP-USDT-SWAP,23934609.0,1757558364951
2025-09-11 02:39:24.938000+00:00,ORBS-USDT-SWAP,30683600.0,1757558364938
2025-09-11 02:39:24.936000+00:00,ORDI-USDT-SWAP,1393100.3,1757558364936
2025-09-11 02:39:24.936000+00:00,PARTI-USDT-SWAP,14270310.0,1757558364936
2025-09-11 02:39:24.946000+00:00,PENGU-USDT-SWAP,651082900.0,1757558364946
2025-09-11 02:39:24.939000+00:00,PEOPLE-USDT-SWAP,353906100.0,1757558364939
2025-09-11 02:39:25+00:00,PEPE-USDT-SWAP,8430821000000.001,1757558365000
2025-09-11 02:39:25.414000+00:00,PERP-USDT-SWAP,3203110.0,1757558365414
2025-09-11 02:39:25.409000+00:00,PI-USDT-SWAP,30193631.0,1757558365409
2025-09-11 02:39:25.420000+00:00,PLUME-USDT-SWAP,21233840.0,1757558365420
2025-09-11 02:39:25.427000+00:00,PNUT-USDT-SWAP,37505750.0,1757558365427
2025-09-11 02:39:25.427000+00:00,POL-USDT-SWAP,38470400.0,1757558365427
2025-09-11 02:39:25.413000+00:00,POPCAT-USDT-SWAP,9548360.0,1757558365413
2025-09-11 02:39:25.433000+00:00,PRCL-USDT-SWAP,25723693.0,1757558365433
2025-09-11 02:39:25.414000+00:00,PROMPT-USDT-SWAP,39749280.0,1757558365414
2025-09-11 02:39:25.436000+00:00,PUMP-USDT-SWAP,7006905000.0,1757558365436
2025-09-11 02:39:25.429000+00:00,PYTH-USDT-SWAP,46662810.0,1757558365429
2025-09-11 02:39:25.916000+00:00,QTUM-USDT-SWAP,1356990.0,1757558365916
2025-09-11 02:39:25.907000+00:00,RAY-USDT-SWAP,1014111.0,1757558365907
2025-09-11 02:39:25.914000+00:00,RENDER-USDT-SWAP,1382621.0,1757558365914
2025-09-11 02:39:25.935000+00:00,RESOLV-USDT-SWAP,23794780.0,1757558365935
2025-09-11 02:39:25.920000+00:00,RSR-USDT-SWAP,264250000.0,1757558365920
2025-09-11 02:39:25.904000+00:00,RVN-USDT-SWAP,70228760.0,1757558365904
2025-09-11 02:39:25.910000+00:00,S-USDT-SWAP,12411170.0,1757558365910
2025-09-11 02:39:25.915000+00:00,SAHARA-USDT-SWAP,53938510.0,1757558365915
2025-09-11 02:39:25.911000+00:00,SAND-USDT-SWAP,18877780.0,1757558365911
2025-09-11 02:39:25.924000+00:00,SATS-USDT-SWAP,230734190000000.0,1757558365924
2025-09-11 02:39:26.352000+00:00,SCR-USDT-SWAP,2937998.0,1757558366352
2025-09-11 02:39:26.343000+00:00,SHELL-USDT-SWAP,5904270.0,1757558366343
2025-09-11 02:39:26.359000+00:00,SHIB-USDT-SWAP,1675515400000.0,1757558366359
2025-09-11 02:39:26.353000+00:00,SIGN-USDT-SWAP,46269300.0,1757558366353
2025-09-11 02:39:26.367000+00:00,SLP-USDT-SWAP,417995660.0,1757558366367
2025-09-11 02:39:26.348000+00:00,SNX-USDT-SWAP,2255460.0,1757558366348
2025-09-11 02:39:26.356000+00:00,SOL-USDT-SWAP,3766772.4999999963,1757558366356
2025-09-11 02:39:26.362000+00:00,SOLV-USDT-SWAP,69304000.0,1757558366362
2025-09-11 02:39:26.358000+00:00,SONIC-USDT-SWAP,7783050.0,1757558366358
2025-09-11 02:39:26.357000+00:00,SOON-USDT-SWAP,10090580.0,1757558366357
2025-09-11 02:39:26.793000+00:00,SOPH-USDT-SWAP,82841400.0,1757558366793
2025-09-11 02:39:26.792000+00:00,SPK-USDT-SWAP,123471500.0,1757558366792
2025-09-11 02:39:26.817000+00:00,SPX-USDT-SWAP,1048314.0,1757558366817
2025-09-11 02:39:26.818000+00:00,SSV-USDT-SWAP,294488.2,1757558366818
2025-09-11 02:39:26.809000+00:00,STORJ-USDT-SWAP,5532880.0,1757558366809
2025-09-11 02:39:26.799000+00:00,STRK-USDT-SWAP,23363105.0,1757558366799
2025-09-11 02:39:26.796000+00:00,STX-USDT-SWAP,7728238.000000001,1757558366796
2025-09-11 02:39:26.802000+00:00,SUI-USDT-SWAP,20375484.0,1757558366802
2025-09-11 02:39:26.795000+00:00,SUSHI-USDT-SWAP,8127069.0,1757558366795
2025-09-11 02:39:26.798000+00:00,SWARMS-USDT-SWAP,92292690.0,1757558366798
2025-09-11 02:39:27.262000+00:00,SYRUP-USDT-SWAP,2689060.0,1757558367262
2025-09-11 02:39:27.244000+00:00,T-USDT-SWAP,45752900.0,1757558367244
2025-09-11 02:39:27.254000+00:00,TAO-USDT-SWAP,14040.27,1757558367254
2025-09-11 02:39:27.267000+00:00,THETA-USDT-SWAP,2875409.0,1757558367267
2025-09-11 02:39:27.250000+00:00,TIA-USDT-SWAP,5146283.0,1757558367250
2025-09-11 02:39:27.253000+00:00,TNSR-USDT-SWAP,8552904.0,1757558367253
2025-09-11 02:39:27.257000+00:00,TON-USDT-SWAP,9340646.0,1757558367257
2025-09-11 02:39:27.258000+00:00,TRB-USDT-SWAP,256780.0,1757558367258
2025-09-11 02:39:27.258000+00:00,TREE-USDT-SWAP,6193819.0,1757558367258
2025-09-11 02:39:27.256000+00:00,TRUMP-USDT-SWAP,5088453.1,1757558367256
2025-09-11 02:39:27.694000+00:00,TRX-USDT-SWAP,92842330.00000009,1757558367694
2025-09-11 02:39:27.698000+00:00,TURBO-USDT-SWAP,917326000.0,1757558367698
2025-09-11 02:39:27.735000+00:00,UMA-USDT-SWAP,1433523.1,1757558367735
2025-09-11 02:39:27.711000+00:00,UNI-USDT-SWAP,3257428.0,1757558367711
2025-09-11 02:39:27.708000+00:00,USDC-USDT-SWAP,1061900.0,1757558367708
2025-09-11 02:39:27.704000+00:00,USELESS-USDT-SWAP,12858880.0,1757558367704
2025-09-11 02:39:27.708000+00:00,USTC-USDT-SWAP,115540000.0,1757558367708
2025-09-11 02:39:27.700000+00:00,UXLINK-USDT-SWAP,5701850.0,1757558367700
2025-09-11 02:39:27.699000+00:00,VANA-USDT-SWAP,158488.5,1757558367699
2025-09-11 02:39:27.701000+00:00,VINE-USDT-SWAP,103338350.0,1757558367701
2025-09-11 02:39:28.160000+00:00,VIRTUAL-USDT-SWAP,3583594.0,1757558368160
2025-09-11 02:39:28.156000+00:00,W-USDT-SWAP,61449001.0,1757558368156
2025-09-11 02:39:28.217000+00:00,WAL-USDT-SWAP,2391400.0,1757558368217
2025-09-11 02:39:28.175000+00:00,WAXP-USDT-SWAP,25504300.0,1757558368175
2025-09-11 02:39:28.599000+00:00,WCT-USDT-SWAP,10523660.0,1757558368599
2025-09-11 02:39:28.170000+00:00,WIF-USDT-SWAP,15656889.0,1757558368170
2025-09-11 02:39:28.169000+00:00,WLD-USDT-SWAP,33033032.0,1757558368169
2025-09-11 02:39:28.179000+00:00,WLFI-USDT-SWAP,271342090.0,1757558368179
2025-09-11 02:39:28.167000+00:00,WOO-USDT-SWAP,20681490.0,1757558368167
2025-09-11 02:39:28.163000+00:00,XAUT-USDT-SWAP,5366.747,1757558368163
2025-09-11 02:39:29.137000+00:00,XLM-USDT-SWAP,41703910.0,1757558369137
2025-09-11 02:39:29.024000+00:00,XPL-USDT-SWAP,6828100.0,1757558369024
2025-09-11 02:39:29.044000+00:00,XRP-USDT-SWAP,87960525.99999999,1757558369044
2025-09-11 02:39:29.069000+00:00,XTZ-USDT-SWAP,4870638.0,1757558369069
2025-09-11 02:39:29.021000+00:00,YFI-USDT-SWAP,385.8862,1757558369021
2025-09-11 02:39:29.024000+00:00,YGG-USDT-SWAP,28058278.0,1757558369024
2025-09-11 02:39:29.027000+00:00,ZENT-USDT-SWAP,153283800.0,1757558369027
2025-09-11 02:39:29.032000+00:00,ZEREBRO-USDT-SWAP,55945850.0,1757558369032
2025-09-11 02:39:29.033000+00:00,ZETA-USDT-SWAP,5464710.0,1757558369033
2025-09-11 02:39:29.038000+00:00,ZIL-USDT-SWAP,169755900.0,1757558369038
2025-09-11 02:39:29.544000+00:00,ZK-USDT-SWAP,49240290.0,1757558369544
2025-09-11 02:39:29.550000+00:00,ZRO-USDT-SWAP,1793261.0,1757558369550
2025-09-11 02:39:29.549000+00:00,ZRX-USDT-SWAP,8108620.0,1757558369549
2025-09-11 02:40:30.248000+00:00,1INCH-USDT-SWAP,8015824.0,1757558430248
2025-09-11 02:40:30.269000+00:00,A-USDT-SWAP,10755160.0,1757558430269
2025-09-11 02:40:30.283000+00:00,AAVE-USDT-SWAP,133489.12000000002,1757558430283
2025-09-11 02:40:30.284000+00:00,ACE-USDT-SWAP,2390438.0,1757558430284
2025-09-11 02:40:30.295000+00:00,ACH-USDT-SWAP,82992900.0,1757558430295
2025-09-11 02:40:30.263000+00:00,ACT-USDT-SWAP,86251453.0,1757558430263
2025-09-11 02:40:30.264000+00:00,ADA-USDT-SWAP,82747150.00000001,1757558430264
2025-09-11 02:40:30.274000+00:00,AERO-USDT-SWAP,1756350.0,1757558430274
2025-09-11 02:40:30.271000+00:00,AEVO-USDT-SWAP,18340449.0,1757558430271
2025-09-11 02:40:30.266000+00:00,AGLD-USDT-SWAP,1821343.0,1757558430266
2025-09-11 02:40:30.713000+00:00,AI16Z-USDT-SWAP,53208354.0,1757558430713
2025-09-11 02:40:30.719000+00:00,AIXBT-USDT-SWAP,22772800.0,1757558430719
2025-09-11 02:40:30.727000+00:00,ALCH-USDT-SWAP,16454180.0,1757558430727
2025-09-11 02:40:30.728000+00:00,ALGO-USDT-SWAP,27614700.0,1757558430728
2025-09-11 02:40:30.725000+00:00,ANIME-USDT-SWAP,97513770.0,1757558430725
2025-09-11 02:40:30.730000+00:00,APE-USDT-SWAP,8050193.6,1757558430730
2025-09-11 02:40:30.724000+00:00,API3-USDT-SWAP,2815583.0,1757558430724
2025-09-11 02:40:30.723000+00:00,APT-USDT-SWAP,3477831.0,1757558430723
2025-09-11 02:40:30.706000+00:00,AR-USDT-SWAP,488771.7,1757558430706
2025-09-11 02:40:30.727000+00:00,ARB-USDT-SWAP,36451998.999999985,1757558430727
2025-09-11 02:40:31.162000+00:00,ARC-USDT-SWAP,61905600.0,1757558431162
2025-09-11 02:40:31.202000+00:00,ARKM-USDT-SWAP,5032399.0,1757558431202
2025-09-11 02:40:31.177000+00:00,ATH-USDT-SWAP,194033700.0,1757558431177
2025-09-11 02:40:31.164000+00:00,ATOM-USDT-SWAP,2029847.0,1757558431164
2025-09-11 02:40:31.167000+00:00,AUCTION-USDT-SWAP,218514.9,1757558431167
2025-09-11 02:40:31.167000+00:00,AVAAI-USDT-SWAP,72408010.0,1757558431167
2025-09-11 02:40:31.166000+00:00,AVAX-USDT-SWAP,2298561.0999999996,1757558431166
2025-09-11 02:40:31.160000+00:00,AXS-USDT-SWAP,1202731.4,1757558431160
2025-09-11 02:40:31.164000+00:00,BABY-USDT-SWAP,38028390.0,1757558431164
2025-09-11 02:40:31.161000+00:00,BAND-USDT-SWAP,1536489.0,1757558431161
2025-09-11 02:40:31.625000+00:00,BAT-USDT-SWAP,6027580.0,1757558431625
2025-09-11 02:40:31.637000+00:00,BCH-USDT-SWAP,71410.07999999997,1757558431637
2025-09-11 02:40:31.636000+00:00,BERA-USDT-SWAP,2420981.9,1757558431636
2025-09-11 02:40:31.647000+00:00,BICO-USDT-SWAP,8004755.0,1757558431647
2025-09-11 02:40:31.641000+00:00,BIGTIME-USDT-SWAP,40410000.0,1757558431641
2025-09-11 02:40:31.639000+00:00,BIO-USDT-SWAP,55931522.0,1757558431639
2025-09-11 02:40:31.629000+00:00,BLUR-USDT-SWAP,26074050.0,1757558431629
2025-09-11 02:40:31.627000+00:00,BNB-USDT-SWAP,106883.54,1757558431627
2025-09-11 02:40:31.635000+00:00,BNT-USDT-SWAP,732070.0,1757558431635
2025-09-11 02:40:31.634000+00:00,BOME-USDT-SWAP,1306398000.0,1757558431634
2025-09-11 02:40:32.063000+00:00,BONK-USDT-SWAP,540921100000.0,1757558432063
2025-09-11 02:40:32.060000+00:00,BRETT-USDT-SWAP,11950700.0,1757558432060
2025-09-11 02:40:32.066000+00:00,BTC-USDT-SWAP,28193.21470000011,1757558432066
2025-09-11 02:40:32.071000+00:00,CAT-USDT-SWAP,139329600000.0,1757558432071
2025-09-11 02:40:32.072000+00:00,CATI-USDT-SWAP,15501374.0,1757558432072
2025-09-11 02:40:32.061000+00:00,CELO-USDT-SWAP,4534821.0,1757558432061
2025-09-11 02:40:32.063000+00:00,CETUS-USDT-SWAP,20934850.0,1757558432063
2025-09-11 02:40:32.061000+00:00,CFX-USDT-SWAP,75984410.0,1757558432061
2025-09-11 02:40:32.097000+00:00,CHZ-USDT-SWAP,78729760.0,1757558432097
2025-09-11 02:40:32.064000+00:00,COMP-USDT-SWAP,89577.3,1757558432064
2025-09-11 02:40:32.520000+00:00,COOKIE-USDT-SWAP,4284950.0,1757558432520
2025-09-11 02:40:32.518000+00:00,CORE-USDT-SWAP,9953848.0,1757558432518
2025-09-11 02:40:32.526000+00:00,CRO-USDT-SWAP,65627750.0,1757558432526
2025-09-11 02:40:32.533000+00:00,CRV-USDT-SWAP,24287947.0,1757558432533
2025-09-11 02:40:32.525000+00:00,CTC-USDT-SWAP,1774050.0,1757558432525
2025-09-11 02:40:32.528000+00:00,CVC-USDT-SWAP,9403000.0,1757558432528
2025-09-11 02:40:32.533000+00:00,CVX-USDT-SWAP,325317.0,1757558432533
2025-09-11 02:40:32.531000+00:00,DEGEN-USDT-SWAP,283157600.0,1757558432531
2025-09-11 02:40:32.543000+00:00,DGB-USDT-SWAP,47102700.0,1757558432543
2025-09-11 02:40:32.522000+00:00,DOG-USDT-SWAP,384120000.0,1757558432522
2025-09-11 02:40:32.972000+00:00,DOGE-USDT-SWAP,1615679899.9999998,1757558432972
2025-09-11 02:40:32.971000+00:00,DOGS-USDT-SWAP,16684371000.0,1757558432971
2025-09-11 02:40:32.969000+00:00,DOOD-USDT-SWAP,173703000.0,1757558432969
2025-09-11 02:40:32.959000+00:00,DOT-USDT-SWAP,6297224.0,1757558432959
2025-09-11 02:40:32.981000+00:00,DUCK-USDT-SWAP,821577900.0,1757558432981
2025-09-11 02:40:32.978000+00:00,DYDX-USDT-SWAP,10138890.0,1757558432978
2025-09-11 02:40:32.953000+00:00,EGLD-USDT-SWAP,110451.2,1757558432953
2025-09-11 02:40:32.967000+00:00,EIGEN-USDT-SWAP,3979670.0,1757558432967
2025-09-11 02:40:32.974000+00:00,ENJ-USDT-SWAP,13171990.0,1757558432974
2025-09-11 02:40:32.962000+00:00,ENS-USDT-SWAP,333557.7,1757558432962
2025-09-11 02:40:33.410000+00:00,ETC-USDT-SWAP,1073658.2000000004,1757558433410
2025-09-11 02:40:33.469000+00:00,ETH-USDT-SWAP,750522.2270000014,1757558433469
2025-09-11 02:40:33.427000+00:00,ETHFI-USDT-SWAP,9477901.0,1757558433427
2025-09-11 02:40:33.421000+00:00,ETHW-USDT-SWAP,1227823.4,1757558433421
2025-09-11 02:40:33.413000+00:00,FARTCOIN-USDT-SWAP,21046734.0,1757558433413
2025-09-11 02:40:33.411000+00:00,FIL-USDT-SWAP,14279734.0,1757558433411
2025-09-11 02:40:33.425000+00:00,FLM-USDT-SWAP,31519750.0,1757558433425
2025-09-11 02:40:33.453000+00:00,FLOKI-USDT-SWAP,38054100000.0,1757558433453
2025-09-11 02:40:33.423000+00:00,FLOW-USDT-SWAP,4815200.0,1757558433423
2025-09-11 02:40:33.416000+00:00,FXS-USDT-SWAP,417038.0,1757558433416
2025-09-11 02:40:33.908000+00:00,GALA-USDT-SWAP,439976100.0,1757558433908
2025-09-11 02:40:33.921000+00:00,GAS-USDT-SWAP,393179.0,1757558433921
2025-09-11 02:40:33.923000+00:00,GLM-USDT-SWAP,2852900.0,1757558433923
2025-09-11 02:40:33.923000+00:00,GMT-USDT-SWAP,46065813.0,1757558433923
2025-09-11 02:40:33.913000+00:00,GMX-USDT-SWAP,69036.3,1757558433913
2025-09-11 02:40:33.921000+00:00,GOAT-USDT-SWAP,28718990.0,1757558433921
2025-09-11 02:40:33.904000+00:00,GODS-USDT-SWAP,7268479.0,1757558433904
2025-09-11 02:40:33.922000+00:00,GPS-USDT-SWAP,166664060.0,1757558433922
2025-09-11 02:40:33.920000+00:00,GRASS-USDT-SWAP,2686722.0,1757558433920
2025-09-11 02:40:33.913000+00:00,GRIFFAIN-USDT-SWAP,24340710.0,1757558433913
2025-09-11 02:40:34.348000+00:00,GRT-USDT-SWAP,24887700.0,1757558434348
2025-09-11 02:40:34.346000+00:00,H-USDT-SWAP,53968800.0,1757558434346
2025-09-11 02:40:34.354000+00:00,HBAR-USDT-SWAP,72617250.00000001,1757558434354
2025-09-11 02:40:34.363000+00:00,HMSTR-USDT-SWAP,1185869700.0,1757558434363
2025-09-11 02:40:34.350000+00:00,HOME-USDT-SWAP,22617500.0,1757558434350
2025-09-11 02:40:34.346000+00:00,HUMA-USDT-SWAP,82535000.0,1757558434346
2025-09-11 02:40:34.351000+00:00,HYPE-USDT-SWAP,1096568.9,1757558434351
2025-09-11 02:40:34.356000+00:00,ICP-USDT-SWAP,1331903.92,1757558434356
2025-09-11 02:40:34.354000+00:00,ICX-USDT-SWAP,5945040.0,1757558434354
2025-09-11 02:40:34.341000+00:00,IMX-USDT-SWAP,6464664.0,1757558434341
2025-09-11 02:40:34.784000+00:00,INIT-USDT-SWAP,3671920.0,1757558434784
2025-09-11 02:40:34.787000+00:00,INJ-USDT-SWAP,890287.0,1757558434787
2025-09-11 02:40:34.782000+00:00,IOST-USDT-SWAP,297096000.0,1757558434782
2025-09-11 02:40:34.774000+00:00,IOTA-USDT-SWAP,14102940.0,1757558434774
2025-09-11 02:40:34.774000+00:00,IP-USDT-SWAP,2840180.0,1757558434774
2025-09-11 02:40:34.785000+00:00,JELLYJELLY-USDT-SWAP,183038400.0,1757558434785
2025-09-11 02:40:34.774000+00:00,JOE-USDT-SWAP,6642820.0,1757558434774
2025-09-11 02:40:34.793000+00:00,JTO-USDT-SWAP,2911602.0,1757558434793
2025-09-11 02:40:34.787000+00:00,JUP-USDT-SWAP,15191420.0,1757558434787
2025-09-11 02:40:35.219000+00:00,KAITO-USDT-SWAP,6185193.0,1757558435219
2025-09-11 02:40:35.228000+00:00,KMNO-USDT-SWAP,20558600.0,1757558435228
2025-09-11 02:40:35.284000+00:00,KSM-USDT-SWAP,134909.4,1757558435284
2025-09-11 02:40:35.229000+00:00,LA-USDT-SWAP,2962990.0,1757558435229
2025-09-11 02:40:35.234000+00:00,LAUNCHCOIN-USDT-SWAP,56418240.0,1757558435234
2025-09-11 02:40:35.226000+00:00,LAYER-USDT-SWAP,7652336.0,1757558435226
2025-09-11 02:40:35.222000+00:00,LDO-USDT-SWAP,14955963.0,1757558435222
2025-09-11 02:40:35.237000+00:00,LINK-USDT-SWAP,2601658.1999999997,1757558435237
2025-09-11 02:40:35.235000+00:00,LPT-USDT-SWAP,770561.0,1757558435235
2025-09-11 02:40:35.224000+00:00,LQTY-USDT-SWAP,1476952.0,1757558435224
2025-09-11 02:40:35.731000+00:00,LRC-USDT-SWAP,19579290.0,1757558435731
2025-09-11 02:40:35.734000+00:00,LTC-USDT-SWAP,706270.8,1757558435734
2025-09-11 02:40:35.731000+00:00,LUNA-USDT-SWAP,15243969.0,1757558435731
2025-09-11 02:40:35.728000+00:00,LUNC-USDT-SWAP,31755690000.0,1757558435728
2025-09-11 02:40:35.727000+00:00,MAGIC-USDT-SWAP,18351734.0,1757558435727
2025-09-11 02:40:35.726000+00:00,MAJOR-USDT-SWAP,4718964.0,1757558435726
2025-09-11 02:40:35.731000+00:00,MANA-USDT-SWAP,10032070.0,1757558435731
2025-09-11 02:40:35.720000+00:00,MASK-USDT-SWAP,2900424.0,1757558435720
2025-09-11 02:40:35.743000+00:00,ME-USDT-SWAP,3570755.0,1757558435743
2025-09-11 02:40:35.727000+00:00,MEME-USDT-SWAP,1431688400.0,1757558435727
2025-09-11 02:40:36.174000+00:00,MERL-USDT-SWAP,50948043.0,1757558436174
2025-09-11 02:40:36.213000+00:00,METIS-USDT-SWAP,100905.0,1757558436213
2025-09-11 02:40:36.206000+00:00,MEW-USDT-SWAP,1048204000.0,1757558436206
2025-09-11 02:40:36.190000+00:00,MINA-USDT-SWAP,7468550.0,1757558436190
2025-09-11 02:40:36.175000+00:00,MOG-USDT-SWAP,624938000000.0,1757558436175
2025-09-11 02:40:36.180000+00:00,MOODENG-USDT-SWAP,47973380.0,1757558436180
2025-09-11 02:40:36.181000+00:00,MORPHO-USDT-SWAP,1597712.0,1757558436181
2025-09-11 02:40:36.184000+00:00,MOVE-USDT-SWAP,28135570.0,1757558436184
2025-09-11 02:40:36.183000+00:00,MUBARAK-USDT-SWAP,13769400.0,1757558436183
2025-09-11 02:40:36.627000+00:00,NEAR-USDT-SWAP,5299043.0,1757558436627
2025-09-11 02:40:36.631000+00:00,NEIRO-USDT-SWAP,9122373000.0,1757558436631
2025-09-11 02:40:36.653000+00:00,NEIROETH-USDT-SWAP,11997400.0,1757558436653
2025-09-11 02:40:36.637000+00:00,NEO-USDT-SWAP,368279.0,1757558436637
2025-09-11 02:40:36.638000+00:00,NEWT-USDT-SWAP,3071410.0,1757558436638
2025-09-11 02:40:36.665000+00:00,NMR-USDT-SWAP,374268.4,1757558436665
2025-09-11 02:40:36.630000+00:00,NOT-USDT-SWAP,1685182000.0,1757558436630
2025-09-11 02:40:36.623000+00:00,NXPC-USDT-SWAP,1104274.0,1757558436623
2025-09-11 02:40:36.632000+00:00,OL-USDT-SWAP,99920570.0,1757558436632
2025-09-11 02:40:36.633000+00:00,OM-USDT-SWAP,24762750.000000004,1757558436633
2025-09-11 02:40:37.082000+00:00,ONDO-USDT-SWAP,23186050.0,1757558437082
2025-09-11 02:40:37.079000+00:00,ONE-USDT-SWAP,83933000.0,1757558437079
2025-09-11 02:40:37.123000+00:00,ONT-USDT-SWAP,10908770.0,1757558437123
2025-09-11 02:40:37.083000+00:00,OP-USDT-SWAP,23926203.0,1757558437083
2025-09-11 02:40:37.082000+00:00,ORBS-USDT-SWAP,30683700.0,1757558437082
2025-09-11 02:40:37.078000+00:00,ORDI-USDT-SWAP,1392960.2,1757558437078
2025-09-11 02:40:37.076000+00:00,PARTI-USDT-SWAP,14269970.0,1757558437076
2025-09-11 02:40:37.086000+00:00,PENGU-USDT-SWAP,650864000.0,1757558437086
2025-09-11 02:40:37.081000+00:00,PEOPLE-USDT-SWAP,353878700.0,1757558437081
2025-09-11 02:40:37.078000+00:00,PEPE-USDT-SWAP,8430784000000.001,1757558437078
2025-09-11 02:40:37.553000+00:00,PERP-USDT-SWAP,3203054.0,1757558437553
2025-09-11 02:40:37.557000+00:00,PI-USDT-SWAP,30193467.0,1757558437557
2025-09-11 02:40:37.551000+00:00,PLUME-USDT-SWAP,21218920.0,1757558437551
2025-09-11 02:40:37.554000+00:00,PNUT-USDT-SWAP,37510850.0,1757558437554
2025-09-11 02:40:37.581000+00:00,POL-USDT-SWAP,38471880.0,1757558437581
2025-09-11 02:40:37.549000+00:00,POPCAT-USDT-SWAP,9548920.0,1757558437549
2025-09-11 02:40:37.546000+00:00,PRCL-USDT-SWAP,25723566.0,1757558437546
2025-09-11 02:40:37.564000+00:00,PROMPT-USDT-SWAP,39743000.0,1757558437564
2025-09-11 02:40:37.566000+00:00,PUMP-USDT-SWAP,7007994000.0,1757558437566
2025-09-11 02:40:37.554000+00:00,PYTH-USDT-SWAP,46653060.0,1757558437554
2025-09-11 02:40:38.039000+00:00,QTUM-USDT-SWAP,1356291.0,1757558438039
2025-09-11 02:40:38.027000+00:00,RAY-USDT-SWAP,1014914.0,1757558438027
2025-09-11 02:40:38.028000+00:00,RENDER-USDT-SWAP,1382465.0,1757558438028
2025-09-11 02:40:38.033000+00:00,RESOLV-USDT-SWAP,23782260.0,1757558438033
2025-09-11 02:40:38.027000+00:00,RSR-USDT-SWAP,264445600.0,1757558438027
2025-09-11 02:40:38.032000+00:00,RVN-USDT-SWAP,70228760.0,1757558438032
2025-09-11 02:40:38.028000+00:00,S-USDT-SWAP,12411170.0,1757558438028
2025-09-11 02:40:38.034000+00:00,SAHARA-USDT-SWAP,53931050.0,1757558438034
2025-09-11 02:40:38.040000+00:00,SAND-USDT-SWAP,18871300.0,1757558438040
2025-09-11 02:40:38.033000+00:00,SATS-USDT-SWAP,230718790000000.0,1757558438033
2025-09-11 02:40:38.467000+00:00,SCR-USDT-SWAP,2937971.0,1757558438467
2025-09-11 02:40:38.480000+00:00,SHELL-USDT-SWAP,5927600.0,1757558438480
2025-09-11 02:40:38.461000+00:00,SHIB-USDT-SWAP,1679708399999.9998,1757558438461
2025-09-11 02:40:38.471000+00:00,SIGN-USDT-SWAP,46266900.0,1757558438471
2025-09-11 02:40:38.473000+00:00,SLP-USDT-SWAP,418000440.0,1757558438473
2025-09-11 02:40:38.474000+00:00,SNX-USDT-SWAP,2255597.0,1757558438474
2025-09-11 02:40:38.455000+00:00,SOL-USDT-SWAP,3765690.9899999965,1757558438455
2025-09-11 02:40:38.466000+00:00,SOLV-USDT-SWAP,69275900.0,1757558438466
2025-09-11 02:40:38.480000+00:00,SONIC-USDT-SWAP,7783028.0,1757558438480
2025-09-11 02:40:38.468000+00:00,SOON-USDT-SWAP,10060400.0,1757558438468
2025-09-11 02:40:38.903000+00:00,SOPH-USDT-SWAP,82856500.0,1757558438903
2025-09-11 02:40:38.909000+00:00,SPK-USDT-SWAP,123420800.0,1757558438909
2025-09-11 02:40:38.928000+00:00,SPX-USDT-SWAP,1048261.0,1757558438928
2025-09-11 02:40:38.912000+00:00,SSV-USDT-SWAP,294573.3,1757558438912
2025-09-11 02:40:38.918000+00:00,STORJ-USDT-SWAP,5532880.0,1757558438918
2025-09-11 02:40:38.920000+00:00,STRK-USDT-SWAP,23366358.0,1757558438920
2025-09-11 02:40:38.910000+00:00,STX-USDT-SWAP,7744506.0,1757558438910
2025-09-11 02:40:38.911000+00:00,SUI-USDT-SWAP,20390085.0,1757558438911
2025-09-11 02:40:38.916000+00:00,SUSHI-USDT-SWAP,8136296.0,1757558438916
2025-09-11 02:40:38.915000+00:00,SWARMS-USDT-SWAP,92273650.0,1757558438915
2025-09-11 02:40:39.352000+00:00,SYRUP-USDT-SWAP,2688580.0,1757558439352
2025-09-11 02:40:39.350000+00:00,T-USDT-SWAP,45753000.0,1757558439350
2025-09-11 02:40:39.354000+00:00,TAO-USDT-SWAP,14035.73,1757558439354
2025-09-11 02:40:39.364000+00:00,THETA-USDT-SWAP,2875420.0,1757558439364
2025-09-11 02:40:39.354000+00:00,TIA-USDT-SWAP,5145601.0,1757558439354
2025-09-11 02:40:39.349000+00:00,TNSR-USDT-SWAP,8552904.0,1757558439349
2025-09-11 02:40:39.344000+00:00,TON-USDT-SWAP,9341646.0,1757558439344
2025-09-11 02:40:39.354000+00:00,TRB-USDT-SWAP,256787.7,1757558439354
2025-09-11 02:40:39.349000+00:00,TREE-USDT-SWAP,6191000.0,1757558439349
2025-09-11 02:40:39.360000+00:00,TRUMP-USDT-SWAP,5088707.3,1757558439360
2025-09-11 02:40:39.791000+00:00,TRX-USDT-SWAP,92851270.00000009,1757558439791
2025-09-11 02:40:39.817000+00:00,TURBO-USDT-SWAP,917925000.0,1757558439817
2025-09-11 02:40:39.796000+00:00,UMA-USDT-SWAP,1433290.3,1757558439796
2025-09-11 02:40:39.794000+00:00,UNI-USDT-SWAP,3255090.0,1757558439794
2025-09-11 02:40:39.785000+00:00,USDC-USDT-SWAP,1061900.0,1757558439785
2025-09-11 02:40:39.785000+00:00,USELESS-USDT-SWAP,12819130.0,1757558439785
2025-09-11 02:40:39.824000+00:00,USTC-USDT-SWAP,115540000.0,1757558439824
2025-09-11 02:40:39.799000+00:00,UXLINK-USDT-SWAP,5717640.0,1757558439799
2025-09-11 02:40:39.791000+00:00,VANA-USDT-SWAP,159579.4,1757558439791
2025-09-11 02:40:39.793000+00:00,VINE-USDT-SWAP,103377660.0,1757558439793
2025-09-11 02:40:40.257000+00:00,VIRTUAL-USDT-SWAP,3589503.0,1757558440257
2025-09-11 02:40:40.254000+00:00,W-USDT-SWAP,61424012.0,1757558440254
2025-09-11 02:40:40.252000+00:00,WAL-USDT-SWAP,2391400.0,1757558440252
2025-09-11 02:40:40.254000+00:00,WAXP-USDT-SWAP,25504300.0,1757558440254
2025-09-11 02:40:40.250000+00:00,WCT-USDT-SWAP,10523630.0,1757558440250
2025-09-11 02:40:40.249000+00:00,WIF-USDT-SWAP,15653743.0,1757558440249
2025-09-11 02:40:40.248000+00:00,WLD-USDT-SWAP,33049937.0,1757558440248
2025-09-11 02:40:40.254000+00:00,WLFI-USDT-SWAP,271382120.0,1757558440254
2025-09-11 02:40:40.248000+00:00,WOO-USDT-SWAP,20681520.0,1757558440248
2025-09-11 02:40:40.264000+00:00,XAUT-USDT-SWAP,5365.091,1757558440264
2025-09-11 02:40:40.683000+00:00,XLM-USDT-SWAP,41699060.0,1757558440683
2025-09-11 02:40:40.689000+00:00,XPL-USDT-SWAP,6826550.0,1757558440689
2025-09-11 02:40:40.687000+00:00,XRP-USDT-SWAP,87961583.99999999,1757558440687
2025-09-11 02:40:40.689000+00:00,XTZ-USDT-SWAP,4870866.0,1757558440689
2025-09-11 02:40:40.689000+00:00,YFI-USDT-SWAP,385.37,1757558440689
2025-09-11 02:40:40.698000+00:00,YGG-USDT-SWAP,28059659.0,1757558440698
2025-09-11 02:40:40.687000+00:00,ZENT-USDT-SWAP,153676300.0,1757558440687
2025-09-11 02:40:40.707000+00:00,ZEREBRO-USDT-SWAP,55945800.0,1757558440707
2025-09-11 02:40:40.682000+00:00,ZETA-USDT-SWAP,5464710.0,1757558440682
2025-09-11 02:40:40.686000+00:00,ZIL-USDT-SWAP,169756900.0,1757558440686
2025-09-11 02:40:41.126000+00:00,ZK-USDT-SWAP,49387170.0,1757558441126
2025-09-11 02:40:41.135000+00:00,ZRO-USDT-SWAP,1793444.0,1757558441135
2025-09-11 02:40:41.200000+00:00,ZRX-USDT-SWAP,8106730.0,1757558441200
2025-09-11 02:41:41.941000+00:00,1INCH-USDT-SWAP,8016040.0,1757558501941
2025-09-11 02:41:41.936000+00:00,A-USDT-SWAP,10755160.0,1757558501936
2025-09-11 02:41:41.927000+00:00,AAVE-USDT-SWAP,133527.40000000005,1757558501927
2025-09-11 02:41:41.932000+00:00,ACE-USDT-SWAP,2392302.0,1757558501932
2025-09-11 02:41:41.951000+00:00,ACH-USDT-SWAP,82992900.0,1757558501951
2025-09-11 02:41:41.956000+00:00,ACT-USDT-SWAP,86254893.0,1757558501956
2025-09-11 02:41:41.942000+00:00,ADA-USDT-SWAP,82752480.00000001,1757558501942
2025-09-11 02:41:41.938000+00:00,AERO-USDT-SWAP,1755910.0,1757558501938
2025-09-11 02:41:41.941000+00:00,AEVO-USDT-SWAP,18345128.0,1757558501941
2025-09-11 02:41:41.926000+00:00,AGLD-USDT-SWAP,1821343.0,1757558501926
2025-09-11 02:41:42.408000+00:00,AI16Z-USDT-SWAP,53241178.0,1757558502408
2025-09-11 02:41:42.419000+00:00,AIXBT-USDT-SWAP,22757830.0,1757558502419
2025-09-11 02:41:42.424000+00:00,ALCH-USDT-SWAP,16451110.0,1757558502424
2025-09-11 02:41:42.420000+00:00,ALGO-USDT-SWAP,27611890.0,1757558502420
2025-09-11 02:41:42.415000+00:00,ANIME-USDT-SWAP,97514600.0,1757558502415
2025-09-11 02:41:42.433000+00:00,APE-USDT-SWAP,8050197.1,1757558502433
2025-09-11 02:41:42.420000+00:00,API3-USDT-SWAP,2815726.0,1757558502420
2025-09-11 02:41:42.421000+00:00,APT-USDT-SWAP,3477839.0,1757558502421
2025-09-11 02:41:42.430000+00:00,AR-USDT-SWAP,488769.6,1757558502430
2025-09-11 02:41:42.414000+00:00,ARB-USDT-SWAP,36397147.999999985,1757558502414
2025-09-11 02:41:42.878000+00:00,ARC-USDT-SWAP,61925160.0,1757558502878
2025-09-11 02:41:42.878000+00:00,ARKM-USDT-SWAP,5021534.0,1757558502878
2025-09-11 02:41:42.871000+00:00,ATH-USDT-SWAP,194053600.0,1757558502871
2025-09-11 02:41:42.870000+00:00,ATOM-USDT-SWAP,2029843.0,1757558502870
2025-09-11 02:41:42.860000+00:00,AUCTION-USDT-SWAP,218514.9,1757558502860
2025-09-11 02:41:42.870000+00:00,AVAAI-USDT-SWAP,72417760.0,1757558502870
2025-09-11 02:41:42.873000+00:00,AVAX-USDT-SWAP,2299933.9999999995,1757558502873
2025-09-11 02:41:42.862000+00:00,AXS-USDT-SWAP,1202728.1,1757558502862
2025-09-11 02:41:42.889000+00:00,BABY-USDT-SWAP,38052010.0,1757558502889
2025-09-11 02:41:42.861000+00:00,BAND-USDT-SWAP,1536654.0,1757558502861
2025-09-11 02:41:43.303000+00:00,BAT-USDT-SWAP,6027580.0,1757558503303
2025-09-11 02:41:43.320000+00:00,BCH-USDT-SWAP,71406.95999999998,1757558503320
2025-09-11 02:41:43.312000+00:00,BERA-USDT-SWAP,2420982.0,1757558503312
2025-09-11 02:41:43.308000+00:00,BICO-USDT-SWAP,8003471.0,1757558503308
2025-09-11 02:41:43.300000+00:00,BIGTIME-USDT-SWAP,40410270.0,1757558503300
2025-09-11 02:41:43.314000+00:00,BIO-USDT-SWAP,56260233.0,1757558503314
2025-09-11 02:41:43.317000+00:00,BLUR-USDT-SWAP,26081110.0,1757558503317
2025-09-11 02:41:43.311000+00:00,BNB-USDT-SWAP,106882.03,1757558503311
2025-09-11 02:41:43.324000+00:00,BNT-USDT-SWAP,732050.0,1757558503324
2025-09-11 02:41:43.305000+00:00,BOME-USDT-SWAP,1306396000.0,1757558503305
2025-09-11 02:41:43.756000+00:00,BONK-USDT-SWAP,540961900000.0,1757558503756
2025-09-11 02:41:43.941000+00:00,BRETT-USDT-SWAP,11966300.0,1757558503941
2025-09-11 02:41:43.760000+00:00,BTC-USDT-SWAP,28189.21530000011,1757558503760
2025-09-11 02:41:43.760000+00:00,CAT-USDT-SWAP,139313200000.0,1757558503760
2025-09-11 02:41:43.759000+00:00,CATI-USDT-SWAP,15500943.0,1757558503759
2025-09-11 02:41:43.766000+00:00,CELO-USDT-SWAP,4534821.0,1757558503766
2025-09-11 02:41:43.771000+00:00,CETUS-USDT-SWAP,20934850.0,1757558503771
2025-09-11 02:41:43.778000+00:00,CFX-USDT-SWAP,75984070.0,1757558503778
2025-09-11 02:41:43.759000+00:00,CHZ-USDT-SWAP,78729760.0,1757558503759
2025-09-11 02:41:43.763000+00:00,COMP-USDT-SWAP,89577.3,1757558503763
2025-09-11 02:41:44.365000+00:00,COOKIE-USDT-SWAP,4284760.0,1757558504365
2025-09-11 02:41:44.362000+00:00,CORE-USDT-SWAP,9954463.0,1757558504362
2025-09-11 02:41:44.377000+00:00,CRO-USDT-SWAP,65586860.0,1757558504377
2025-09-11 02:41:44.366000+00:00,CRV-USDT-SWAP,24286908.0,1757558504366
2025-09-11 02:41:44.358000+00:00,CTC-USDT-SWAP,1774330.0,1757558504358
2025-09-11 02:41:44.372000+00:00,CVC-USDT-SWAP,9403000.0,1757558504372
2025-09-11 02:41:44.376000+00:00,CVX-USDT-SWAP,325309.0,1757558504376
2025-09-11 02:41:44.411000+00:00,DEGEN-USDT-SWAP,283157400.0,1757558504411
2025-09-11 02:41:44.381000+00:00,DGB-USDT-SWAP,47100700.0,1757558504381
2025-09-11 02:41:44.361000+00:00,DOG-USDT-SWAP,384128000.0,1757558504361
2025-09-11 02:41:44.861000+00:00,DOGE-USDT-SWAP,1615674499.9999998,1757558504861
2025-09-11 02:41:44.830000+00:00,DOGS-USDT-SWAP,16684562000.0,1757558504830
2025-09-11 02:41:44.846000+00:00,DOOD-USDT-SWAP,173692000.0,1757558504846
2025-09-11 02:41:44.825000+00:00,DOT-USDT-SWAP,6298820.0,1757558504825
2025-09-11 02:41:44.846000+00:00,DUCK-USDT-SWAP,821546400.0,1757558504846
2025-09-11 02:41:44.840000+00:00,DYDX-USDT-SWAP,10138688.0,1757558504840
2025-09-11 02:41:44.831000+00:00,EGLD-USDT-SWAP,110451.2,1757558504831
2025-09-11 02:41:44.818000+00:00,EIGEN-USDT-SWAP,3958360.0,1757558504818
2025-09-11 02:41:44.827000+00:00,ENJ-USDT-SWAP,13172160.0,1757558504827
2025-09-11 02:41:44.827000+00:00,ENS-USDT-SWAP,333915.2,1757558504827
2025-09-11 02:41:45.295000+00:00,ETC-USDT-SWAP,1073183.8000000005,1757558505295
2025-09-11 02:41:45.297000+00:00,ETH-USDT-SWAP,750592.6380000014,1757558505297
2025-09-11 02:41:45.311000+00:00,ETHFI-USDT-SWAP,9480371.0,1757558505311
2025-09-11 02:41:45.304000+00:00,ETHW-USDT-SWAP,1230778.7,1757558505304
2025-09-11 02:41:45.326000+00:00,FARTCOIN-USDT-SWAP,21042167.0,1757558505326
2025-09-11 02:41:45.307000+00:00,FIL-USDT-SWAP,14276871.6,1757558505307
2025-09-11 02:41:45.294000+00:00,FLM-USDT-SWAP,31516900.0,1757558505294
2025-09-11 02:41:45.297000+00:00,FLOKI-USDT-SWAP,38055400000.0,1757558505297
2025-09-11 02:41:45.311000+00:00,FLOW-USDT-SWAP,4815140.0,1757558505311
2025-09-11 02:41:45.303000+00:00,FXS-USDT-SWAP,417038.0,1757558505303
2025-09-11 02:41:45.761000+00:00,GALA-USDT-SWAP,439975260.0,1757558505761
2025-09-11 02:41:45.752000+00:00,GAS-USDT-SWAP,393179.0,1757558505752
2025-09-11 02:41:45.755000+00:00,GLM-USDT-SWAP,2852900.0,1757558505755
2025-09-11 02:41:45.756000+00:00,GMT-USDT-SWAP,46066060.0,1757558505756
2025-09-11 02:41:45.752000+00:00,GMX-USDT-SWAP,69036.4,1757558505752
2025-09-11 02:41:45.749000+00:00,GOAT-USDT-SWAP,28718730.0,1757558505749
2025-09-11 02:41:45.768000+00:00,GODS-USDT-SWAP,7268479.0,1757558505768
2025-09-11 02:41:45.752000+00:00,GPS-USDT-SWAP,166664090.0,1757558505752
2025-09-11 02:41:45.756000+00:00,GRASS-USDT-SWAP,2686857.0,1757558505756
2025-09-11 02:41:45.752000+00:00,GRIFFAIN-USDT-SWAP,24341520.0,1757558505752
2025-09-11 02:41:46.214000+00:00,GRT-USDT-SWAP,24887920.0,1757558506214
2025-09-11 02:41:46.215000+00:00,H-USDT-SWAP,53891000.0,1757558506215
2025-09-11 02:41:46.217000+00:00,HBAR-USDT-SWAP,72615540.00000001,1757558506217
2025-09-11 02:41:46.206000+00:00,HMSTR-USDT-SWAP,1185869700.0,1757558506206
2025-09-11 02:41:46.210000+00:00,HOME-USDT-SWAP,22617900.0,1757558506210
2025-09-11 02:41:46.211000+00:00,HUMA-USDT-SWAP,82738700.0,1757558506211
2025-09-11 02:41:46.221000+00:00,HYPE-USDT-SWAP,1096407.3,1757558506221
2025-09-11 02:41:46.209000+00:00,ICP-USDT-SWAP,1331863.19,1757558506209
2025-09-11 02:41:46.225000+00:00,ICX-USDT-SWAP,5943830.0,1757558506225
2025-09-11 02:41:46.222000+00:00,IMX-USDT-SWAP,6462705.0,1757558506222
2025-09-11 02:41:46.656000+00:00,INIT-USDT-SWAP,3671920.0,1757558506656
2025-09-11 02:41:46.657000+00:00,INJ-USDT-SWAP,890662.7,1757558506657
2025-09-11 02:41:46.657000+00:00,IOST-USDT-SWAP,297142000.0,1757558506657
2025-09-11 02:41:46.665000+00:00,IOTA-USDT-SWAP,14102940.0,1757558506665
2025-09-11 02:41:46.675000+00:00,IP-USDT-SWAP,2840160.0,1757558506675
2025-09-11 02:41:46.665000+00:00,JELLYJELLY-USDT-SWAP,183147200.0,1757558506665
2025-09-11 02:41:46.669000+00:00,JOE-USDT-SWAP,6637160.0,1757558506669
2025-09-11 02:41:46.664000+00:00,JTO-USDT-SWAP,2911790.0,1757558506664
2025-09-11 02:41:46.656000+00:00,JUP-USDT-SWAP,15199350.0,1757558506656
2025-09-11 02:41:47.108000+00:00,KAITO-USDT-SWAP,6192570.0,1757558507108
2025-09-11 02:41:47.101000+00:00,KMNO-USDT-SWAP,20558400.0,1757558507101
2025-09-11 02:41:47.116000+00:00,KSM-USDT-SWAP,134909.9,1757558507116
2025-09-11 02:41:47.143000+00:00,LA-USDT-SWAP,2962050.0,1757558507143
2025-09-11 02:41:47.100000+00:00,LAUNCHCOIN-USDT-SWAP,56499790.0,1757558507100
2025-09-11 02:41:47.124000+00:00,LAYER-USDT-SWAP,7657576.0,1757558507124
2025-09-11 02:41:47.099000+00:00,LDO-USDT-SWAP,14923491.0,1757558507099
2025-09-11 02:41:47.107000+00:00,LINK-USDT-SWAP,2602276.2999999993,1757558507107
2025-09-11 02:41:47.111000+00:00,LPT-USDT-SWAP,770533.3,1757558507111
2025-09-11 02:41:47.109000+00:00,LQTY-USDT-SWAP,1476753.0,1757558507109
2025-09-11 02:41:47.574000+00:00,LRC-USDT-SWAP,19579380.0,1757558507574
2025-09-11 02:41:47.574000+00:00,LTC-USDT-SWAP,706310.3,1757558507574
2025-09-11 02:41:47.586000+00:00,LUNA-USDT-SWAP,15251220.0,1757558507586
2025-09-11 02:41:47.586000+00:00,LUNC-USDT-SWAP,31755690000.0,1757558507586
2025-09-11 02:41:47.580000+00:00,MAGIC-USDT-SWAP,18260978.0,1757558507580
2025-09-11 02:41:47.589000+00:00,MAJOR-USDT-SWAP,4716666.0,1757558507589
2025-09-11 02:41:47.597000+00:00,MANA-USDT-SWAP,10032060.0,1757558507597
2025-09-11 02:41:47.590000+00:00,MASK-USDT-SWAP,2900424.0,1757558507590
2025-09-11 02:41:47.592000+00:00,ME-USDT-SWAP,3571102.0,1757558507592
2025-09-11 02:41:47.577000+00:00,MEME-USDT-SWAP,1431386000.0,1757558507577
2025-09-11 02:41:48.024000+00:00,MERL-USDT-SWAP,50984925.0,1757558508024
2025-09-11 02:41:48.024000+00:00,METIS-USDT-SWAP,100904.9,1757558508024
2025-09-11 02:41:48.027000+00:00,MEW-USDT-SWAP,1048204000.0,1757558508027
2025-09-11 02:41:48.028000+00:00,MINA-USDT-SWAP,7468550.0,1757558508028
2025-09-11 02:41:48.028000+00:00,MOG-USDT-SWAP,624943000000.0,1757558508028
2025-09-11 02:41:48.050000+00:00,MOODENG-USDT-SWAP,47973410.0,1757558508050
2025-09-11 02:41:48.027000+00:00,MORPHO-USDT-SWAP,1598292.0,1757558508027
2025-09-11 02:41:48.044000+00:00,MOVE-USDT-SWAP,28135600.0,1757558508044
2025-09-11 02:41:48.031000+00:00,MUBARAK-USDT-SWAP,13767300.0,1757558508031
2025-09-11 02:41:48.483000+00:00,NEAR-USDT-SWAP,5296555.0,1757558508483
2025-09-11 02:41:48.481000+00:00,NEIRO-USDT-SWAP,9121556000.0,1757558508481
2025-09-11 02:41:48.479000+00:00,NEIROETH-USDT-SWAP,11969700.0,1757558508479
2025-09-11 02:41:48.477000+00:00,NEO-USDT-SWAP,368279.0,1757558508477
2025-09-11 02:41:48.473000+00:00,NEWT-USDT-SWAP,3071670.0,1757558508473
2025-09-11 02:41:48.482000+00:00,NMR-USDT-SWAP,374334.7,1757558508482
2025-09-11 02:41:48.484000+00:00,NOT-USDT-SWAP,1685181800.0,1757558508484
2025-09-11 02:41:48.480000+00:00,NXPC-USDT-SWAP,1104503.0,1757558508480
2025-09-11 02:41:48.472000+00:00,OL-USDT-SWAP,99811750.0,1757558508472
2025-09-11 02:41:48.484000+00:00,OM-USDT-SWAP,24762750.000000004,1757558508484
2025-09-11 02:41:48.899000+00:00,ONDO-USDT-SWAP,23177890.0,1757558508899
2025-09-11 02:41:48.922000+00:00,ONE-USDT-SWAP,83932300.0,1757558508922
2025-09-11 02:41:48.941000+00:00,ONT-USDT-SWAP,10908770.0,1757558508941
2025-09-11 02:41:48.923000+00:00,OP-USDT-SWAP,23918315.0,1757558508923
2025-09-11 02:41:48.903000+00:00,ORBS-USDT-SWAP,30683700.0,1757558508903
2025-09-11 02:41:48.902000+00:00,ORDI-USDT-SWAP,1392744.0,1757558508902
2025-09-11 02:41:48.918000+00:00,PARTI-USDT-SWAP,14269920.0,1757558508918
2025-09-11 02:41:48.913000+00:00,PENGU-USDT-SWAP,651725700.0,1757558508913
2025-09-11 02:41:48.912000+00:00,PEOPLE-USDT-SWAP,353901400.0,1757558508912
2025-09-11 02:41:48.904000+00:00,PEPE-USDT-SWAP,8431201000000.002,1757558508904
2025-09-11 02:41:49.357000+00:00,PERP-USDT-SWAP,3203051.0,1757558509357
2025-09-11 02:41:49.357000+00:00,PI-USDT-SWAP,30193271.0,1757558509357
2025-09-11 02:41:49.359000+00:00,PLUME-USDT-SWAP,21211450.0,1757558509359
2025-09-11 02:41:49.357000+00:00,PNUT-USDT-SWAP,37509250.0,1757558509357
2025-09-11 02:41:49.354000+00:00,POL-USDT-SWAP,38472700.0,1757558509354
2025-09-11 02:41:49.355000+00:00,POPCAT-USDT-SWAP,9547900.0,1757558509355
2025-09-11 02:41:49.362000+00:00,PRCL-USDT-SWAP,25775803.0,1757558509362
2025-09-11 02:41:49.359000+00:00,PROMPT-USDT-SWAP,39745570.0,1757558509359
2025-09-11 02:41:49.370000+00:00,PUMP-USDT-SWAP,7012684000.0,1757558509370
2025-09-11 02:41:49.358000+00:00,PYTH-USDT-SWAP,46643640.0,1757558509358
2025-09-11 02:41:49.788000+00:00,QTUM-USDT-SWAP,1357330.0,1757558509788
2025-09-11 02:41:49.789000+00:00,RAY-USDT-SWAP,1015437.0,1757558509789
2025-09-11 02:41:49.834000+00:00,RENDER-USDT-SWAP,1382465.0,1757558509834
2025-09-11 02:41:49.787000+00:00,RESOLV-USDT-SWAP,23786450.0,1757558509787
2025-09-11 02:41:49.797000+00:00,RSR-USDT-SWAP,264452200.0,1757558509797
2025-09-11 02:41:49.792000+00:00,RVN-USDT-SWAP,70228720.0,1757558509792
2025-09-11 02:41:49.817000+00:00,S-USDT-SWAP,12408340.0,1757558509817
2025-09-11 02:41:49.789000+00:00,SAHARA-USDT-SWAP,53919880.0,1757558509789
2025-09-11 02:41:49.819000+00:00,SAND-USDT-SWAP,18868940.0,1757558509819
2025-09-11 02:41:49.795000+00:00,SATS-USDT-SWAP,230710030000000.0,1757558509795
2025-09-11 02:41:50.255000+00:00,SCR-USDT-SWAP,2937977.0,1757558510255
2025-09-11 02:41:50.261000+00:00,SHELL-USDT-SWAP,5923570.0,1757558510261
2025-09-11 02:41:50.257000+00:00,SHIB-USDT-SWAP,1680368199999.9998,1757558510257
2025-09-11 02:41:50.260000+00:00,SIGN-USDT-SWAP,46267000.0,1757558510260
2025-09-11 02:41:50.256000+00:00,SLP-USDT-SWAP,417998140.0,1757558510256
2025-09-11 02:41:50.257000+00:00,SNX-USDT-SWAP,2255313.0,1757558510257
2025-09-11 02:41:50.267000+00:00,SOL-USDT-SWAP,3762731.2499999967,1757558510267
2025-09-11 02:41:50.267000+00:00,SOLV-USDT-SWAP,69208600.0,1757558510267
2025-09-11 02:41:50.296000+00:00,SONIC-USDT-SWAP,7777249.0,1757558510296
2025-09-11 02:41:50.258000+00:00,SOON-USDT-SWAP,10081370.0,1757558510258
2025-09-11 02:41:50.721000+00:00,SOPH-USDT-SWAP,82861500.0,1757558510721
2025-09-11 02:41:50.726000+00:00,SPK-USDT-SWAP,123439500.0,1757558510726
2025-09-11 02:41:50.724000+00:00,SPX-USDT-SWAP,1048480.0,1757558510724
2025-09-11 02:41:50.723000+00:00,SSV-USDT-SWAP,294764.0,1757558510723
2025-09-11 02:41:50.715000+00:00,STORJ-USDT-SWAP,5532880.0,1757558510715
2025-09-11 02:41:50.740000+00:00,STRK-USDT-SWAP,23352753.0,1757558510740
2025-09-11 02:41:50.721000+00:00,STX-USDT-SWAP,7748553.0,1757558510721
2025-09-11 02:41:50.721000+00:00,SUI-USDT-SWAP,20388174.0,1757558510721
2025-09-11 02:41:50.722000+00:00,SUSHI-USDT-SWAP,8136060.0,1757558510722
2025-09-11 02:41:50.717000+00:00,SWARMS-USDT-SWAP,92271550.0,1757558510717
2025-09-11 02:41:51.195000+00:00,SYRUP-USDT-SWAP,2691690.0,1757558511195
2025-09-11 02:41:51.175000+00:00,T-USDT-SWAP,45753000.0,1757558511175
2025-09-11 02:41:51.181000+00:00,TAO-USDT-SWAP,14027.63,1757558511181
2025-09-11 02:41:51.177000+00:00,THETA-USDT-SWAP,2875413.0,1757558511177
2025-09-11 02:41:51.167000+00:00,TIA-USDT-SWAP,5145478.0,1757558511167
2025-09-11 02:41:51.183000+00:00,TNSR-USDT-SWAP,8551893.0,1757558511183
2025-09-11 02:41:51.180000+00:00,TON-USDT-SWAP,9341524.0,1757558511180
2025-09-11 02:41:51.177000+00:00,TRB-USDT-SWAP,256788.1,1757558511177
2025-09-11 02:41:51.194000+00:00,TREE-USDT-SWAP,6190955.0,1757558511194
2025-09-11 02:41:51.177000+00:00,TRUMP-USDT-SWAP,5088917.8,1757558511177
2025-09-11 02:41:51.631000+00:00,TRX-USDT-SWAP,92847510.00000007,1757558511631
2025-09-11 02:41:51.628000+00:00,TURBO-USDT-SWAP,917817000.0,1757558511628
2025-09-11 02:41:51.627000+00:00,UMA-USDT-SWAP,1433290.3,1757558511627
2025-09-11 02:41:51.630000+00:00,UNI-USDT-SWAP,3254496.0,1757558511630
2025-09-11 02:41:51.623000+00:00,USDC-USDT-SWAP,1061900.0,1757558511623
2025-09-11 02:41:51.621000+00:00,USELESS-USDT-SWAP,12816840.0,1757558511621
2025-09-11 02:41:51.638000+00:00,USTC-USDT-SWAP,115540000.0,1757558511638
2025-09-11 02:41:51.625000+00:00,UXLINK-USDT-SWAP,5717640.0,1757558511625
2025-09-11 02:41:51.664000+00:00,VANA-USDT-SWAP,159585.3,1757558511664
2025-09-11 02:41:51.629000+00:00,VINE-USDT-SWAP,103370370.0,1757558511629
2025-09-11 02:41:52.093000+00:00,VIRTUAL-USDT-SWAP,3589451.0,1757558512093
2025-09-11 02:41:52.141000+00:00,W-USDT-SWAP,61414050.0,1757558512141
2025-09-11 02:41:52.103000+00:00,WAL-USDT-SWAP,2391600.0,1757558512103
2025-09-11 02:41:52.109000+00:00,WAXP-USDT-SWAP,25504300.0,1757558512109
2025-09-11 02:41:52.094000+00:00,WCT-USDT-SWAP,10522220.0,1757558512094
2025-09-11 02:41:52.093000+00:00,WIF-USDT-SWAP,15653402.0,1757558512093
2025-09-11 02:41:52.105000+00:00,WLD-USDT-SWAP,33047697.0,1757558512105
2025-09-11 02:41:52.105000+00:00,WLFI-USDT-SWAP,271408600.0,1757558512105
2025-09-11 02:41:52.096000+00:00,WOO-USDT-SWAP,20681530.0,1757558512096
2025-09-11 02:41:52.097000+00:00,XAUT-USDT-SWAP,5359.826,1757558512097
2025-09-11 02:41:52.573000+00:00,XLM-USDT-SWAP,41692710.0,1757558512573
2025-09-11 02:41:52.607000+00:00,XPL-USDT-SWAP,6829800.0,1757558512607
2025-09-11 02:41:52.565000+00:00,XRP-USDT-SWAP,87967803.99999999,1757558512565
2025-09-11 02:41:52.602000+00:00,XTZ-USDT-SWAP,4870748.0,1757558512602
2025-09-11 02:41:52.560000+00:00,YFI-USDT-SWAP,385.37,1757558512560
2025-09-11 02:41:52.554000+00:00,YGG-USDT-SWAP,28068936.0,1757558512554
2025-09-11 02:41:52.563000+00:00,ZENT-USDT-SWAP,153683300.0,1757558512563
2025-09-11 02:41:52.560000+00:00,ZEREBRO-USDT-SWAP,55945710.0,1757558512560
2025-09-11 02:41:52.569000+00:00,ZETA-USDT-SWAP,5464710.0,1757558512569
2025-09-11 02:41:52.557000+00:00,ZIL-USDT-SWAP,169756900.0,1757558512557
2025-09-11 02:41:53.043000+00:00,ZK-USDT-SWAP,49425080.0,1757558513043
2025-09-11 02:41:53.048000+00:00,ZRO-USDT-SWAP,1793042.0,1757558513048
2025-09-11 02:41:53.049000+00:00,ZRX-USDT-SWAP,8105090.0,1757558513049
2025-09-11 02:42:53.737000+00:00,1INCH-USDT-SWAP,8017137.0,1757558573737
2025-09-11 02:42:53.761000+00:00,A-USDT-SWAP,10752580.0,1757558573761
2025-09-11 02:42:53.731000+00:00,AAVE-USDT-SWAP,133536.22000000003,1757558573731
2025-09-11 02:42:53.744000+00:00,ACE-USDT-SWAP,2392018.0,1757558573744
2025-09-11 02:42:53.726000+00:00,ACH-USDT-SWAP,83021400.0,1757558573726
2025-09-11 02:42:53.727000+00:00,ACT-USDT-SWAP,86252384.0,1757558573727
2025-09-11 02:42:53.737000+00:00,ADA-USDT-SWAP,82707570.00000001,1757558573737
2025-09-11 02:42:53.739000+00:00,AERO-USDT-SWAP,1755400.0,1757558573739
2025-09-11 02:42:53.756000+00:00,AEVO-USDT-SWAP,18349876.0,1757558573756
2025-09-11 02:42:53.748000+00:00,AGLD-USDT-SWAP,1821343.0,1757558573748
2025-09-11 02:42:54.195000+00:00,AI16Z-USDT-SWAP,53271970.0,1757558574195
2025-09-11 02:42:54.221000+00:00,AIXBT-USDT-SWAP,22756640.0,1757558574221
2025-09-11 02:42:54.203000+00:00,ALCH-USDT-SWAP,16445880.0,1757558574203
2025-09-11 02:42:54.185000+00:00,ALGO-USDT-SWAP,27610980.0,1757558574185
2025-09-11 02:42:54.189000+00:00,ANIME-USDT-SWAP,97514620.0,1757558574189
2025-09-11 02:42:54.207000+00:00,APE-USDT-SWAP,8050698.3,1757558574207
2025-09-11 02:42:54.198000+00:00,API3-USDT-SWAP,2815698.0,1757558574198
2025-09-11 02:42:54.230000+00:00,APT-USDT-SWAP,3477139.0,1757558574230
2025-09-11 02:42:54.187000+00:00,AR-USDT-SWAP,488765.4,1757558574187
2025-09-11 02:42:54.196000+00:00,ARB-USDT-SWAP,36409281.999999985,1757558574196
2025-09-11 02:42:54.656000+00:00,ARC-USDT-SWAP,61925210.0,1757558574656
2025-09-11 02:42:54.663000+00:00,ARKM-USDT-SWAP,5021218.0,1757558574663
2025-09-11 02:42:54.694000+00:00,ATH-USDT-SWAP,194034700.0,1757558574694
2025-09-11 02:42:54.656000+00:00,ATOM-USDT-SWAP,2029723.0,1757558574656
2025-09-11 02:42:54.661000+00:00,AUCTION-USDT-SWAP,218511.7,1757558574661
2025-09-11 02:42:54.672000+00:00,AVAAI-USDT-SWAP,72381960.0,1757558574672
2025-09-11 02:42:54.664000+00:00,AVAX-USDT-SWAP,2300282.7999999993,1757558574664
2025-09-11 02:42:54.675000+00:00,AXS-USDT-SWAP,1202634.7,1757558574675
2025-09-11 02:42:54.651000+00:00,BABY-USDT-SWAP,38057160.0,1757558574651
2025-09-11 02:42:54.658000+00:00,BAND-USDT-SWAP,1536618.0,1757558574658
2025-09-11 02:42:55.111000+00:00,BAT-USDT-SWAP,6027580.0,1757558575111
2025-09-11 02:42:55.120000+00:00,BCH-USDT-SWAP,71409.24999999997,1757558575120
2025-09-11 02:42:55.125000+00:00,BERA-USDT-SWAP,2420871.0,1757558575125
2025-09-11 02:42:55.112000+00:00,BICO-USDT-SWAP,8008746.0,1757558575112
2025-09-11 02:42:55.133000+00:00,BIGTIME-USDT-SWAP,40413610.0,1757558575133
2025-09-11 02:42:55.112000+00:00,BIO-USDT-SWAP,57213526.0,1757558575112
2025-09-11 02:42:55.132000+00:00,BLUR-USDT-SWAP,26084970.0,1757558575132
2025-09-11 02:42:55.125000+00:00,BNB-USDT-SWAP,106879.27,1757558575125
2025-09-11 02:42:55.108000+00:00,BNT-USDT-SWAP,732050.0,1757558575108
2025-09-11 02:42:55.122000+00:00,BOME-USDT-SWAP,1306377000.0,1757558575122
2025-09-11 02:42:55.565000+00:00,BONK-USDT-SWAP,540913600000.0,1757558575565
2025-09-11 02:42:55.570000+00:00,BRETT-USDT-SWAP,11966000.0,1757558575570
2025-09-11 02:42:55.583000+00:00,BTC-USDT-SWAP,28190.102400000113,1757558575583
2025-09-11 02:42:55.571000+00:00,CAT-USDT-SWAP,139256400000.0,1757558575571
2025-09-11 02:42:55.588000+00:00,CATI-USDT-SWAP,15500943.0,1757558575588
2025-09-11 02:42:55.570000+00:00,CELO-USDT-SWAP,4518447.0,1757558575570
2025-09-11 02:42:55.579000+00:00,CETUS-USDT-SWAP,20934830.0,1757558575579
2025-09-11 02:42:55.675000+00:00,CFX-USDT-SWAP,76015440.0,1757558575675
2025-09-11 02:42:55.583000+00:00,CHZ-USDT-SWAP,78729760.0,1757558575583
2025-09-11 02:42:55.574000+00:00,COMP-USDT-SWAP,89577.3,1757558575574
2025-09-11 02:42:56.100000+00:00,COOKIE-USDT-SWAP,4284450.0,1757558576100
2025-09-11 02:42:56.103000+00:00,CORE-USDT-SWAP,9951108.0,1757558576103
2025-09-11 02:42:56.106000+00:00,CRO-USDT-SWAP,65425470.0,1757558576106
2025-09-11 02:42:56.100000+00:00,CRV-USDT-SWAP,24291279.0,1757558576100
2025-09-11 02:42:56.107000+00:00,CTC-USDT-SWAP,1774330.0,1757558576107
2025-09-11 02:42:56.105000+00:00,CVC-USDT-SWAP,9403000.0,1757558576105
2025-09-11 02:42:56.111000+00:00,CVX-USDT-SWAP,325333.0,1757558576111
2025-09-11 02:42:56.108000+00:00,DEGEN-USDT-SWAP,283154200.0,1757558576108
2025-09-11 02:42:56.113000+00:00,DGB-USDT-SWAP,47105900.0,1757558576113
2025-09-11 02:42:56.104000+00:00,DOG-USDT-SWAP,383973000.0,1757558576104
2025-09-11 02:42:56.546000+00:00,DOGE-USDT-SWAP,1615499699.9999998,1757558576546
2025-09-11 02:42:56.543000+00:00,DOGS-USDT-SWAP,16684625000.0,1757558576543
2025-09-11 02:42:56.572000+00:00,DOOD-USDT-SWAP,173520000.0,1757558576572
2025-09-11 02:42:56.536000+00:00,DOT-USDT-SWAP,6300273.0,1757558576536
2025-09-11 02:42:56.558000+00:00,DUCK-USDT-SWAP,821572000.0,1757558576558
2025-09-11 02:42:56.546000+00:00,DYDX-USDT-SWAP,10135877.0,1757558576546
2025-09-11 02:42:56.549000+00:00,EGLD-USDT-SWAP,110451.2,1757558576549
2025-09-11 02:42:56.542000+00:00,EIGEN-USDT-SWAP,3956843.0,1757558576542
2025-09-11 02:42:56.551000+00:00,ENJ-USDT-SWAP,13172140.0,1757558576551
2025-09-11 02:42:56.544000+00:00,ENS-USDT-SWAP,333836.0,1757558576544
2025-09-11 02:42:56.994000+00:00,ETC-USDT-SWAP,1073178.5000000005,1757558576994
2025-09-11 02:42:56.998000+00:00,ETH-USDT-SWAP,750360.7290000014,1757558576998
2025-09-11 02:42:57.006000+00:00,ETHFI-USDT-SWAP,9481815.0,1757558577006
2025-09-11 02:42:56.988000+00:00,ETHW-USDT-SWAP,1237427.4,1757558576988
2025-09-11 02:42:56.994000+00:00,FARTCOIN-USDT-SWAP,21040357.0,1757558576994
2025-09-11 02:42:56.994000+00:00,FIL-USDT-SWAP,14276045.2,1757558576994
2025-09-11 02:42:57.002000+00:00,FLM-USDT-SWAP,31516900.0,1757558577002
2025-09-11 02:42:56.992000+00:00,FLOKI-USDT-SWAP,38061400000.0,1757558576992
2025-09-11 02:42:56.999000+00:00,FLOW-USDT-SWAP,4815530.0,1757558576999
2025-09-11 02:42:57.017000+00:00,FXS-USDT-SWAP,417038.0,1757558577017
2025-09-11 02:42:57.442000+00:00,GALA-USDT-SWAP,439976050.0,1757558577442
2025-09-11 02:42:57.436000+00:00,GAS-USDT-SWAP,393179.0,1757558577436
2025-09-11 02:42:57.447000+00:00,GLM-USDT-SWAP,2852890.0,1757558577447
2025-09-11 02:42:57.429000+00:00,GMT-USDT-SWAP,46067300.0,1757558577429
2025-09-11 02:42:57.438000+00:00,GMX-USDT-SWAP,69036.4,1757558577438
2025-09-11 02:42:57.438000+00:00,GOAT-USDT-SWAP,28703530.0,1757558577438
2025-09-11 02:42:57.446000+00:00,GODS-USDT-SWAP,7268479.0,1757558577446
2025-09-11 02:42:57.437000+00:00,GPS-USDT-SWAP,166665130.0,1757558577437
2025-09-11 02:42:57.429000+00:00,GRASS-USDT-SWAP,2686835.0,1757558577429
2025-09-11 02:42:57.439000+00:00,GRIFFAIN-USDT-SWAP,24341910.0,1757558577439
2025-09-11 02:42:57.867000+00:00,GRT-USDT-SWAP,24890970.0,1757558577867
2025-09-11 02:42:57.873000+00:00,H-USDT-SWAP,53810900.0,1757558577873
2025-09-11 02:42:57.867000+00:00,HBAR-USDT-SWAP,72612980.00000001,1757558577867
2025-09-11 02:42:57.865000+00:00,HMSTR-USDT-SWAP,1185882300.0,1757558577865
2025-09-11 02:42:57.871000+00:00,HOME-USDT-SWAP,22617900.0,1757558577871
2025-09-11 02:42:57.874000+00:00,HUMA-USDT-SWAP,83132900.0,1757558577874
2025-09-11 02:42:57.886000+00:00,HYPE-USDT-SWAP,1096336.2,1757558577886
2025-09-11 02:42:57.866000+00:00,ICP-USDT-SWAP,1331946.37,1757558577866
2025-09-11 02:42:57.878000+00:00,ICX-USDT-SWAP,5943830.0,1757558577878
2025-09-11 02:42:57.871000+00:00,IMX-USDT-SWAP,6463026.0,1757558577871
2025-09-11 02:42:58.307000+00:00,INIT-USDT-SWAP,3672040.0,1757558578307
2025-09-11 02:42:58.304000+00:00,INJ-USDT-SWAP,890646.2,1757558578304
2025-09-11 02:42:58.326000+00:00,IOST-USDT-SWAP,297127000.0,1757558578326
2025-09-11 02:42:58.309000+00:00,IOTA-USDT-SWAP,14102940.0,1757558578309
2025-09-11 02:42:58.298000+00:00,IP-USDT-SWAP,2842714.0,1757558578298
2025-09-11 02:42:58.302000+00:00,JELLYJELLY-USDT-SWAP,183207200.0,1757558578302
2025-09-11 02:42:58.309000+00:00,JOE-USDT-SWAP,6635870.0,1757558578309
2025-09-11 02:42:58.313000+00:00,JTO-USDT-SWAP,2911746.0,1757558578313
2025-09-11 02:42:58.305000+00:00,JUP-USDT-SWAP,15212840.0,1757558578305
2025-09-11 02:42:58.755000+00:00,KAITO-USDT-SWAP,6209564.0,1757558578755
2025-09-11 02:42:58.750000+00:00,KMNO-USDT-SWAP,20558200.0,1757558578750
2025-09-11 02:42:58.757000+00:00,KSM-USDT-SWAP,134918.0,1757558578757
2025-09-11 02:42:58.750000+00:00,LA-USDT-SWAP,2954650.0,1757558578750
2025-09-11 02:42:58.752000+00:00,LAUNCHCOIN-USDT-SWAP,56431140.0,1757558578752
2025-09-11 02:42:58.810000+00:00,LAYER-USDT-SWAP,7668768.0,1757558578810
2025-09-11 02:42:58.755000+00:00,LDO-USDT-SWAP,14916225.0,1757558578755
2025-09-11 02:42:58.752000+00:00,LINK-USDT-SWAP,2602444.0999999996,1757558578752
2025-09-11 02:42:58.749000+00:00,LPT-USDT-SWAP,770496.8,1757558578749
2025-09-11 02:42:58.752000+00:00,LQTY-USDT-SWAP,1477194.0,1757558578752
2025-09-11 02:42:59.237000+00:00,LRC-USDT-SWAP,19578650.0,1757558579237
2025-09-11 02:42:59.240000+00:00,LTC-USDT-SWAP,706424.4,1757558579240
2025-09-11 02:42:59.292000+00:00,LUNA-USDT-SWAP,15251220.0,1757558579292
2025-09-11 02:42:59.236000+00:00,LUNC-USDT-SWAP,31755690000.0,1757558579236
2025-09-11 02:42:59.241000+00:00,MAGIC-USDT-SWAP,18189813.0,1757558579241
2025-09-11 02:42:59.247000+00:00,MAJOR-USDT-SWAP,4716082.0,1757558579247
2025-09-11 02:42:59.257000+00:00,MANA-USDT-SWAP,10031050.0,1757558579257
2025-09-11 02:42:59.235000+00:00,MASK-USDT-SWAP,2900295.0,1757558579235
2025-09-11 02:42:59.236000+00:00,ME-USDT-SWAP,3571639.0,1757558579236
2025-09-11 02:42:59.238000+00:00,MEME-USDT-SWAP,1431446100.0,1757558579238
2025-09-11 02:42:59.709000+00:00,MERL-USDT-SWAP,50989459.0,1757558579709
2025-09-11 02:42:59.716000+00:00,METIS-USDT-SWAP,100841.2,1757558579716
2025-09-11 02:42:59.737000+00:00,MEW-USDT-SWAP,1048221000.0,1757558579737
2025-09-11 02:42:59.703000+00:00,MINA-USDT-SWAP,7468527.0,1757558579703
2025-09-11 02:42:59.720000+00:00,MOG-USDT-SWAP,624983000000.0,1757558579720
2025-09-11 02:42:59.720000+00:00,MOODENG-USDT-SWAP,47967310.0,1757558579720
2025-09-11 02:42:59.722000+00:00,MORPHO-USDT-SWAP,1598822.0,1757558579722
2025-09-11 02:42:59.711000+00:00,MOVE-USDT-SWAP,28152740.0,1757558579711
2025-09-11 02:42:59.713000+00:00,MUBARAK-USDT-SWAP,13769700.0,1757558579713
2025-09-11 02:43:00.153000+00:00,NEAR-USDT-SWAP,5296331.0,1757558580153
2025-09-11 02:43:00.172000+00:00,NEIRO-USDT-SWAP,9121147000.0,1757558580172
2025-09-11 02:43:00.175000+00:00,NEIROETH-USDT-SWAP,11969000.0,1757558580175
2025-09-11 02:43:00.196000+00:00,NEO-USDT-SWAP,368269.0,1757558580196
2025-09-11 02:43:00.152000+00:00,NEWT-USDT-SWAP,3071340.0,1757558580152
2025-09-11 02:43:00.150000+00:00,NMR-USDT-SWAP,375243.5,1757558580150
2025-09-11 02:43:00.151000+00:00,NOT-USDT-SWAP,1684830800.0,1757558580151
2025-09-11 02:43:00.161000+00:00,NXPC-USDT-SWAP,1104604.0,1757558580161
2025-09-11 02:43:00.157000+00:00,OL-USDT-SWAP,99692340.0,1757558580157
2025-09-11 02:43:00.156000+00:00,OM-USDT-SWAP,24777270.0,1757558580156
2025-09-11 02:43:00.615000+00:00,ONDO-USDT-SWAP,23171680.0,1757558580615
2025-09-11 02:43:00.624000+00:00,ONE-USDT-SWAP,83930900.0,1757558580624
2025-09-11 02:43:00.631000+00:00,ONT-USDT-SWAP,10908770.0,1757558580631
2025-09-11 02:43:00.620000+00:00,OP-USDT-SWAP,23924845.0,1757558580620
2025-09-11 02:43:00.622000+00:00,ORBS-USDT-SWAP,30683800.0,1757558580622
2025-09-11 02:43:00.615000+00:00,ORDI-USDT-SWAP,1392750.2,1757558580615
2025-09-11 02:43:00.617000+00:00,PARTI-USDT-SWAP,14270250.0,1757558580617
2025-09-11 02:43:00.615000+00:00,PENGU-USDT-SWAP,651828900.0,1757558580615
2025-09-11 02:43:00.617000+00:00,PEOPLE-USDT-SWAP,353903900.0,1757558580617
2025-09-11 02:43:00.618000+00:00,PEPE-USDT-SWAP,8432689000000.002,1757558580618
2025-09-11 02:43:01.061000+00:00,PERP-USDT-SWAP,3202942.0,1757558581061
2025-09-11 02:43:01.061000+00:00,PI-USDT-SWAP,30193290.0,1757558581061
2025-09-11 02:43:01.070000+00:00,PLUME-USDT-SWAP,21195860.0,1757558581070
2025-09-11 02:43:01.056000+00:00,PNUT-USDT-SWAP,37516140.0,1757558581056
2025-09-11 02:43:01.059000+00:00,POL-USDT-SWAP,38472810.0,1757558581059
2025-09-11 02:43:01.073000+00:00,POPCAT-USDT-SWAP,9548790.0,1757558581073
2025-09-11 02:43:01.070000+00:00,PRCL-USDT-SWAP,25757621.0,1757558581070
2025-09-11 02:43:01.061000+00:00,PROMPT-USDT-SWAP,39746700.0,1757558581061
2025-09-11 02:43:01.065000+00:00,PUMP-USDT-SWAP,7036611000.0,1757558581065
2025-09-11 02:43:01.060000+00:00,PYTH-USDT-SWAP,46637780.0,1757558581060
2025-09-11 02:43:01.599000+00:00,QTUM-USDT-SWAP,1357151.0,1757558581599
2025-09-11 02:43:01.590000+00:00,RAY-USDT-SWAP,1015542.0,1757558581590
2025-09-11 02:43:01.598000+00:00,RENDER-USDT-SWAP,1382465.0,1757558581598
2025-09-11 02:43:01.728000+00:00,RESOLV-USDT-SWAP,23786350.0,1757558581728
2025-09-11 02:43:01.594000+00:00,RSR-USDT-SWAP,264553000.0,1757558581594
2025-09-11 02:43:01.594000+00:00,RVN-USDT-SWAP,70228720.0,1757558581594
2025-09-11 02:43:01.605000+00:00,S-USDT-SWAP,12398860.0,1757558581605
2025-09-11 02:43:01.600000+00:00,SAHARA-USDT-SWAP,53902940.0,1757558581600
2025-09-11 02:43:01.589000+00:00,SAND-USDT-SWAP,18868920.0,1757558581589
2025-09-11 02:43:01.594000+00:00,SATS-USDT-SWAP,230726950000000.0,1757558581594
2025-09-11 02:43:02.157000+00:00,SCR-USDT-SWAP,2938366.0,1757558582157
2025-09-11 02:43:02.161000+00:00,SHELL-USDT-SWAP,5911110.0,1757558582161
2025-09-11 02:43:02.164000+00:00,SHIB-USDT-SWAP,1680369199999.9998,1757558582164
2025-09-11 02:43:02.147000+00:00,SIGN-USDT-SWAP,46269200.0,1757558582147
2025-09-11 02:43:02.182000+00:00,SLP-USDT-SWAP,418048870.0,1757558582182
2025-09-11 02:43:02.151000+00:00,SNX-USDT-SWAP,2264506.0,1757558582151
2025-09-11 02:43:02.158000+00:00,SOL-USDT-SWAP,3761966.059999997,1757558582158
2025-09-11 02:43:02.162000+00:00,SOLV-USDT-SWAP,69204700.0,1757558582162
2025-09-11 02:43:02.149000+00:00,SONIC-USDT-SWAP,7777578.0,1757558582149
2025-09-11 02:43:02.150000+00:00,SOON-USDT-SWAP,10274870.0,1757558582150
2025-09-11 02:43:02.609000+00:00,SOPH-USDT-SWAP,82860300.0,1757558582609
2025-09-11 02:43:02.655000+00:00,SPK-USDT-SWAP,123426500.0,1757558582655
2025-09-11 02:43:02.629000+00:00,SPX-USDT-SWAP,1047930.0,1757558582629
2025-09-11 02:43:02.596000+00:00,SSV-USDT-SWAP,294700.0,1757558582596
2025-09-11 02:43:02.608000+00:00,STORJ-USDT-SWAP,5532880.0,1757558582608
2025-09-11 02:43:02.608000+00:00,STRK-USDT-SWAP,23352753.0,1757558582608
2025-09-11 02:43:02.648000+00:00,STX-USDT-SWAP,7746529.0,1757558582648
2025-09-11 02:43:02.604000+00:00,SUI-USDT-SWAP,20389857.0,1757558582604
2025-09-11 02:43:02.609000+00:00,SUSHI-USDT-SWAP,8136081.0,1757558582609
2025-09-11 02:43:02.610000+00:00,SWARMS-USDT-SWAP,92252780.0,1757558582610
2025-09-11 02:43:03.144000+00:00,SYRUP-USDT-SWAP,2690590.0,1757558583144
2025-09-11 02:43:03.152000+00:00,T-USDT-SWAP,45748400.0,1757558583152
2025-09-11 02:43:03.151000+00:00,TAO-USDT-SWAP,14027.72,1757558583151
2025-09-11 02:43:03.146000+00:00,THETA-USDT-SWAP,2875413.0,1757558583146
2025-09-11 02:43:03.146000+00:00,TIA-USDT-SWAP,5147373.0,1757558583146
2025-09-11 02:43:03.154000+00:00,TNSR-USDT-SWAP,8551893.0,1757558583154
2025-09-11 02:43:03.148000+00:00,TON-USDT-SWAP,9344164.0,1757558583148
2025-09-11 02:43:03.157000+00:00,TRB-USDT-SWAP,256709.6,1757558583157
2025-09-11 02:43:03.146000+00:00,TREE-USDT-SWAP,6184310.0,1757558583146
2025-09-11 02:43:03.151000+00:00,TRUMP-USDT-SWAP,5089089.9,1757558583151
2025-09-11 02:43:03.599000+00:00,TRX-USDT-SWAP,92844410.00000007,1757558583599
2025-09-11 02:43:03.597000+00:00,TURBO-USDT-SWAP,917806000.0,1757558583597
2025-09-11 02:43:03.606000+00:00,UMA-USDT-SWAP,1433290.3,1757558583606
2025-09-11 02:43:03.587000+00:00,UNI-USDT-SWAP,3254355.0,1757558583587
2025-09-11 02:43:03.725000+00:00,USDC-USDT-SWAP,1061900.0,1757558583725
2025-09-11 02:43:03.601000+00:00,USELESS-USDT-SWAP,12835990.0,1757558583601
2025-09-11 02:43:03.588000+00:00,USTC-USDT-SWAP,115540000.0,1757558583588
2025-09-11 02:43:03.614000+00:00,UXLINK-USDT-SWAP,5717640.0,1757558583614
2025-09-11 02:43:03.609000+00:00,VANA-USDT-SWAP,159351.1,1757558583609
2025-09-11 02:43:03.595000+00:00,VINE-USDT-SWAP,103350330.0,1757558583595
2025-09-11 02:43:04.147000+00:00,VIRTUAL-USDT-SWAP,3589395.0,1757558584147
2025-09-11 02:43:04.142000+00:00,W-USDT-SWAP,61431066.0,1757558584142
2025-09-11 02:43:04.152000+00:00,WAL-USDT-SWAP,2391670.0,1757558584152
2025-09-11 02:43:04.141000+00:00,WAXP-USDT-SWAP,25504300.0,1757558584141
2025-09-11 02:43:04.154000+00:00,WCT-USDT-SWAP,10516940.0,1757558584154
2025-09-11 02:43:04.146000+00:00,WIF-USDT-SWAP,15659031.0,1757558584146
2025-09-11 02:43:04.200000+00:00,WLD-USDT-SWAP,32993628.0,1757558584200
2025-09-11 02:43:04.151000+00:00,WLFI-USDT-SWAP,271480460.0,1757558584151
2025-09-11 02:43:04.173000+00:00,WOO-USDT-SWAP,20681810.0,1757558584173
2025-09-11 02:43:04.147000+00:00,XAUT-USDT-SWAP,5360.138,1757558584147
2025-09-11 02:43:04.623000+00:00,XLM-USDT-SWAP,41700390.0,1757558584623
2025-09-11 02:43:04.628000+00:00,XPL-USDT-SWAP,6837560.0,1757558584628
2025-09-11 02:43:04.652000+00:00,XRP-USDT-SWAP,87968142.99999999,1757558584652
2025-09-11 02:43:04.664000+00:00,XTZ-USDT-SWAP,4870745.0,1757558584664
2025-09-11 02:43:04.640000+00:00,YFI-USDT-SWAP,385.37,1757558584640
2025-09-11 02:43:04.625000+00:00,YGG-USDT-SWAP,28065192.0,1757558584625
2025-09-11 02:43:04.642000+00:00,ZENT-USDT-SWAP,153644800.0,1757558584642
2025-09-11 02:43:04.634000+00:00,ZEREBRO-USDT-SWAP,55956980.0,1757558584634
2025-09-11 02:43:04.633000+00:00,ZETA-USDT-SWAP,5464710.0,1757558584633
2025-09-11 02:43:04.629000+00:00,ZIL-USDT-SWAP,169756900.0,1757558584629
2025-09-11 02:43:05.077000+00:00,ZK-USDT-SWAP,49417890.0,1757558585077
2025-09-11 02:43:05.075000+00:00,ZRO-USDT-SWAP,1793040.0,1757558585075
2025-09-11 02:43:05.080000+00:00,ZRX-USDT-SWAP,8104060.0,1757558585080
2025-09-11 02:44:05.792000+00:00,1INCH-USDT-SWAP,7987466.0,1757558645792
2025-09-11 02:44:05.778000+00:00,A-USDT-SWAP,10752630.0,1757558645778
2025-09-11 02:44:05.821000+00:00,AAVE-USDT-SWAP,133524.58000000005,1757558645821
2025-09-11 02:44:05.776000+00:00,ACE-USDT-SWAP,2389567.0,1757558645776
2025-09-11 02:44:05.784000+00:00,ACH-USDT-SWAP,83017800.0,1757558645784
2025-09-11 02:44:05.776000+00:00,ACT-USDT-SWAP,86264215.0,1757558645776
2025-09-11 02:44:05.774000+00:00,ADA-USDT-SWAP,82684380.00000001,1757558645774
2025-09-11 02:44:05.777000+00:00,AERO-USDT-SWAP,1756050.0,1757558645777
2025-09-11 02:44:05.818000+00:00,AEVO-USDT-SWAP,18344208.0,1757558645818
2025-09-11 02:44:05.771000+00:00,AGLD-USDT-SWAP,1821264.0,1757558645771
2025-09-11 02:44:06.277000+00:00,AI16Z-USDT-SWAP,53278049.0,1757558646277
2025-09-11 02:44:06.656000+00:00,AIXBT-USDT-SWAP,22756030.0,1757558646656
2025-09-11 02:44:06.264000+00:00,ALCH-USDT-SWAP,16445180.0,1757558646264
2025-09-11 02:44:06.245000+00:00,ALGO-USDT-SWAP,27610430.0,1757558646245
2025-09-11 02:44:06.263000+00:00,ANIME-USDT-SWAP,97485080.0,1757558646263
2025-09-11 02:44:06.244000+00:00,APE-USDT-SWAP,8050844.2,1757558646244
2025-09-11 02:44:06.257000+00:00,API3-USDT-SWAP,2813392.0,1757558646257
2025-09-11 02:44:06.249000+00:00,APT-USDT-SWAP,3477256.0,1757558646249
2025-09-11 02:44:06.254000+00:00,AR-USDT-SWAP,488640.1,1757558646254
2025-09-11 02:44:06.254000+00:00,ARB-USDT-SWAP,36381479.999999985,1757558646254
2025-09-11 02:44:07.126000+00:00,ARC-USDT-SWAP,61921690.0,1757558647126
2025-09-11 02:44:07.088000+00:00,ARKM-USDT-SWAP,5021144.0,1757558647088
2025-09-11 02:44:07.114000+00:00,ATH-USDT-SWAP,194009200.0,1757558647114
2025-09-11 02:44:07.106000+00:00,ATOM-USDT-SWAP,2029717.0,1757558647106
2025-09-11 02:44:07.092000+00:00,AUCTION-USDT-SWAP,218534.4,1757558647092
2025-09-11 02:44:07.104000+00:00,AVAAI-USDT-SWAP,72305170.0,1757558647104
2025-09-11 02:44:07.090000+00:00,AVAX-USDT-SWAP,2299796.2999999993,1757558647090
2025-09-11 02:44:07.089000+00:00,AXS-USDT-SWAP,1202646.1,1757558647089
2025-09-11 02:44:07.106000+00:00,BABY-USDT-SWAP,38061740.0,1757558647106
2025-09-11 02:44:07.092000+00:00,BAND-USDT-SWAP,1536788.0,1757558647092
2025-09-11 02:44:07.591000+00:00,BAT-USDT-SWAP,6026580.0,1757558647591
2025-09-11 02:44:07.552000+00:00,BCH-USDT-SWAP,71430.32999999999,1757558647552
2025-09-11 02:44:07.562000+00:00,BERA-USDT-SWAP,2420782.3,1757558647562
2025-09-11 02:44:07.554000+00:00,BICO-USDT-SWAP,8008827.0,1757558647554
2025-09-11 02:44:07.638000+00:00,BIGTIME-USDT-SWAP,40413310.0,1757558647638
2025-09-11 02:44:07.572000+00:00,BIO-USDT-SWAP,57505165.0,1757558647572
2025-09-11 02:44:07.564000+00:00,BLUR-USDT-SWAP,26091760.0,1757558647564
2025-09-11 02:44:07.568000+00:00,BNB-USDT-SWAP,106867.94,1757558647568
2025-09-11 02:44:07.558000+00:00,BNT-USDT-SWAP,732050.0,1757558647558
2025-09-11 02:44:07.552000+00:00,BOME-USDT-SWAP,1306202000.0,1757558647552
2025-09-11 02:44:08.070000+00:00,BONK-USDT-SWAP,540663600000.0,1757558648070
2025-09-11 02:44:08.057000+00:00,BRETT-USDT-SWAP,11965800.0,1757558648057
2025-09-11 02:44:08.074000+00:00,BTC-USDT-SWAP,28189.45590000011,1757558648074
2025-09-11 02:44:08.072000+00:00,CAT-USDT-SWAP,139274500000.0,1757558648072
2025-09-11 02:44:08.078000+00:00,CATI-USDT-SWAP,15517749.0,1757558648078
2025-09-11 02:44:08.074000+00:00,CELO-USDT-SWAP,4516971.0,1757558648074
2025-09-11 02:44:08.080000+00:00,CETUS-USDT-SWAP,20928890.0,1757558648080
2025-09-11 02:44:08.076000+00:00,CFX-USDT-SWAP,76558520.0,1757558648076
2025-09-11 02:44:08.071000+00:00,CHZ-USDT-SWAP,78719770.0,1757558648071
2025-09-11 02:44:08.067000+00:00,COMP-USDT-SWAP,89744.7,1757558648067
2025-09-11 02:44:08.522000+00:00,COOKIE-USDT-SWAP,4284060.0,1757558648522
2025-09-11 02:44:08.527000+00:00,CORE-USDT-SWAP,9950275.0,1757558648527
2025-09-11 02:44:08.529000+00:00,CRO-USDT-SWAP,65337100.0,1757558648529
2025-09-11 02:44:08.516000+00:00,CRV-USDT-SWAP,24298670.0,1757558648516
2025-09-11 02:44:08.529000+00:00,CTC-USDT-SWAP,1774330.0,1757558648529
2025-09-11 02:44:08.539000+00:00,CVC-USDT-SWAP,9403000.0,1757558648539
2025-09-11 02:44:08.524000+00:00,CVX-USDT-SWAP,325270.0,1757558648524
2025-09-11 02:44:08.533000+00:00,DEGEN-USDT-SWAP,283146700.0,1757558648533
2025-09-11 02:44:08.534000+00:00,DGB-USDT-SWAP,47092600.0,1757558648534
2025-09-11 02:44:08.527000+00:00,DOG-USDT-SWAP,383973000.0,1757558648527
2025-09-11 02:44:08.973000+00:00,DOGE-USDT-SWAP,1615568539.9999998,1757558648973
2025-09-11 02:44:08.969000+00:00,DOGS-USDT-SWAP,16685321000.0,1757558648969
2025-09-11 02:44:08.976000+00:00,DOOD-USDT-SWAP,173320000.0,1757558648976
2025-09-11 02:44:09.421000+00:00,DOT-USDT-SWAP,6300212.0,1757558649421
2025-09-11 02:44:08.981000+00:00,DUCK-USDT-SWAP,821574600.0,1757558648981
2025-09-11 02:44:08.985000+00:00,DYDX-USDT-SWAP,10134534.0,1757558648985
2025-09-11 02:44:08.982000+00:00,EGLD-USDT-SWAP,110467.6,1757558648982
2025-09-11 02:44:08.983000+00:00,EIGEN-USDT-SWAP,3948727.0,1757558648983
2025-09-11 02:44:08.990000+00:00,ENJ-USDT-SWAP,13169260.0,1757558648990
2025-09-11 02:44:08.981000+00:00,ENS-USDT-SWAP,333879.8,1757558648981
2025-09-11 02:44:09.863000+00:00,ETC-USDT-SWAP,1073551.5000000005,1757558649863
2025-09-11 02:44:09.858000+00:00,ETH-USDT-SWAP,750429.9400000015,1757558649858
2025-09-11 02:44:09.868000+00:00,ETHFI-USDT-SWAP,9496860.0,1757558649868
2025-09-11 02:44:09.863000+00:00,ETHW-USDT-SWAP,1237848.9,1757558649863
2025-09-11 02:44:09.857000+00:00,FARTCOIN-USDT-SWAP,21040026.0,1757558649857
2025-09-11 02:44:09.864000+00:00,FIL-USDT-SWAP,14276298.4,1757558649864
2025-09-11 02:44:09.852000+00:00,FLM-USDT-SWAP,31519820.0,1757558649852
2025-09-11 02:44:09.855000+00:00,FLOKI-USDT-SWAP,38061300000.0,1757558649855
2025-09-11 02:44:09.864000+00:00,FLOW-USDT-SWAP,4815870.0,1757558649864
2025-09-11 02:44:09.849000+00:00,FXS-USDT-SWAP,417008.0,1757558649849
2025-09-11 02:44:10.317000+00:00,GALA-USDT-SWAP,440048340.0,1757558650317
2025-09-11 02:44:10.293000+00:00,GAS-USDT-SWAP,393187.0,1757558650293
2025-09-11 02:44:10.298000+00:00,GLM-USDT-SWAP,2852460.0,1757558650298
2025-09-11 02:44:10.304000+00:00,GMT-USDT-SWAP,46114696.0,1757558650304
2025-09-11 02:44:10.316000+00:00,GMX-USDT-SWAP,69033.3,1757558650316
2025-09-11 02:44:10.315000+00:00,GOAT-USDT-SWAP,28702890.0,1757558650315
2025-09-11 02:44:10.313000+00:00,GODS-USDT-SWAP,7268350.0,1757558650313
2025-09-11 02:44:10.304000+00:00,GPS-USDT-SWAP,166651440.0,1757558650304
2025-09-11 02:44:10.305000+00:00,GRASS-USDT-SWAP,2686099.0,1757558650305
2025-09-11 02:44:10.297000+00:00,GRIFFAIN-USDT-SWAP,24353960.0,1757558650297
2025-09-11 02:44:10.800000+00:00,GRT-USDT-SWAP,24892910.0,1757558650800
2025-09-11 02:44:10.779000+00:00,H-USDT-SWAP,53804900.0,1757558650779
2025-09-11 02:44:10.808000+00:00,HBAR-USDT-SWAP,72575590.00000001,1757558650808
2025-09-11 02:44:10.790000+00:00,HMSTR-USDT-SWAP,1185895600.0,1757558650790
2025-09-11 02:44:10.807000+00:00,HOME-USDT-SWAP,22617300.0,1757558650807
2025-09-11 02:44:10.798000+00:00,HUMA-USDT-SWAP,83645600.0,1757558650798
2025-09-11 02:44:10.800000+00:00,HYPE-USDT-SWAP,1094967.9,1757558650800
2025-09-11 02:44:10.786000+00:00,ICP-USDT-SWAP,1331835.74,1757558650786
2025-09-11 02:44:10.814000+00:00,ICX-USDT-SWAP,5943830.0,1757558650814
2025-09-11 02:44:10.797000+00:00,IMX-USDT-SWAP,6462873.0,1757558650797
2025-09-11 02:44:11.226000+00:00,INIT-USDT-SWAP,3671900.0,1757558651226
2025-09-11 02:44:11.235000+00:00,INJ-USDT-SWAP,890385.3,1757558651235
2025-09-11 02:44:11.251000+00:00,IOST-USDT-SWAP,297109000.0,1757558651251
2025-09-11 02:44:11.238000+00:00,IOTA-USDT-SWAP,14103200.0,1757558651238
2025-09-11 02:44:11.258000+00:00,IP-USDT-SWAP,2842475.0,1757558651258
2025-09-11 02:44:11.231000+00:00,JELLYJELLY-USDT-SWAP,183183900.0,1757558651231
2025-09-11 02:44:11.246000+00:00,JOE-USDT-SWAP,6631560.0,1757558651246
2025-09-11 02:44:11.243000+00:00,JTO-USDT-SWAP,2911759.0,1757558651243
2025-09-11 02:44:11.231000+00:00,JUP-USDT-SWAP,15212650.0,1757558651231
2025-09-11 02:44:11.682000+00:00,KAITO-USDT-SWAP,6198169.0,1757558651682
2025-09-11 02:44:11.681000+00:00,KMNO-USDT-SWAP,20552600.0,1757558651681
2025-09-11 02:44:11.738000+00:00,KSM-USDT-SWAP,134920.6,1757558651738
2025-09-11 02:44:11.695000+00:00,LA-USDT-SWAP,2957710.0,1757558651695
2025-09-11 02:44:11.684000+00:00,LAUNCHCOIN-USDT-SWAP,56627170.0,1757558651684
2025-09-11 02:44:11.687000+00:00,LAYER-USDT-SWAP,7663290.0,1757558651687
2025-09-11 02:44:11.686000+00:00,LDO-USDT-SWAP,14919090.0,1757558651686
2025-09-11 02:44:11.683000+00:00,LINK-USDT-SWAP,2602367.9999999995,1757558651683
2025-09-11 02:44:11.702000+00:00,LPT-USDT-SWAP,770772.8,1757558651702
2025-09-11 02:44:11.701000+00:00,LQTY-USDT-SWAP,1478409.0,1757558651701
2025-09-11 02:44:12.181000+00:00,LRC-USDT-SWAP,19578920.0,1757558652181
2025-09-11 02:44:12.175000+00:00,LTC-USDT-SWAP,706337.0,1757558652175
2025-09-11 02:44:12.224000+00:00,LUNA-USDT-SWAP,15251840.0,1757558652224
2025-09-11 02:44:12.179000+00:00,LUNC-USDT-SWAP,31755670000.0,1757558652179
2025-09-11 02:44:12.172000+00:00,MAGIC-USDT-SWAP,18194521.0,1757558652172
2025-09-11 02:44:12.181000+00:00,MAJOR-USDT-SWAP,4710927.0,1757558652181
2025-09-11 02:44:12.179000+00:00,MANA-USDT-SWAP,10030990.0,1757558652179
2025-09-11 02:44:12.174000+00:00,MASK-USDT-SWAP,2900295.0,1757558652174
2025-09-11 02:44:12.217000+00:00,ME-USDT-SWAP,3573380.0,1757558652217
2025-09-11 02:44:12.169000+00:00,MEME-USDT-SWAP,1431049400.0,1757558652169
2025-09-11 02:44:12.667000+00:00,MERL-USDT-SWAP,51002518.0,1757558652667
2025-09-11 02:44:12.646000+00:00,METIS-USDT-SWAP,100854.2,1757558652646
2025-09-11 02:44:12.664000+00:00,MEW-USDT-SWAP,1048141000.0,1757558652664
2025-09-11 02:44:12.659000+00:00,MINA-USDT-SWAP,7468513.0,1757558652659
2025-09-11 02:44:12.663000+00:00,MOG-USDT-SWAP,624859000000.0,1757558652663
2025-09-11 02:44:12.736000+00:00,MOODENG-USDT-SWAP,47968430.0,1757558652736
2025-09-11 02:44:12.664000+00:00,MORPHO-USDT-SWAP,1599793.0,1757558652664
2025-09-11 02:44:12.663000+00:00,MOVE-USDT-SWAP,28152860.0,1757558652663
2025-09-11 02:44:12.664000+00:00,MUBARAK-USDT-SWAP,13771800.0,1757558652664
2025-09-11 02:44:13.181000+00:00,NEAR-USDT-SWAP,5296259.000000001,1757558653181
2025-09-11 02:44:13.178000+00:00,NEIRO-USDT-SWAP,9122498000.0,1757558653178
2025-09-11 02:44:13.216000+00:00,NEIROETH-USDT-SWAP,11955200.0,1757558653216
2025-09-11 02:44:13.195000+00:00,NEO-USDT-SWAP,368546.0,1757558653195
2025-09-11 02:44:13.213000+00:00,NEWT-USDT-SWAP,3071100.0,1757558653213
2025-09-11 02:44:13.191000+00:00,NMR-USDT-SWAP,375228.8,1757558653191
2025-09-11 02:44:13.182000+00:00,NOT-USDT-SWAP,1684540400.0,1757558653182
2025-09-11 02:44:13.183000+00:00,NXPC-USDT-SWAP,1104929.0,1757558653183
2025-09-11 02:44:13.193000+00:00,OL-USDT-SWAP,99680440.0,1757558653193
2025-09-11 02:44:13.185000+00:00,OM-USDT-SWAP,24777233.0,1757558653185
2025-09-11 02:44:13.658000+00:00,ONDO-USDT-SWAP,23170550.0,1757558653658
2025-09-11 02:44:13.648000+00:00,ONE-USDT-SWAP,83923700.0,1757558653648
2025-09-11 02:44:13.656000+00:00,ONT-USDT-SWAP,10896290.0,1757558653656
2025-09-11 02:44:13.648000+00:00,OP-USDT-SWAP,23917178.0,1757558653648
2025-09-11 02:44:13.682000+00:00,ORBS-USDT-SWAP,30684000.0,1757558653682
2025-09-11 02:44:13.661000+00:00,ORDI-USDT-SWAP,1392910.9,1757558653661
2025-09-11 02:44:13.670000+00:00,PARTI-USDT-SWAP,14262780.0,1757558653670
2025-09-11 02:44:13.654000+00:00,PENGU-USDT-SWAP,651700900.0,1757558653654
2025-09-11 02:44:13.652000+00:00,PEOPLE-USDT-SWAP,353926300.0,1757558653652
2025-09-11 02:44:13.653000+00:00,PEPE-USDT-SWAP,8432332000000.002,1757558653653
2025-09-11 02:44:14.134000+00:00,PERP-USDT-SWAP,3204175.0,1757558654134
2025-09-11 02:44:14.124000+00:00,PI-USDT-SWAP,30193271.0,1757558654124
2025-09-11 02:44:14.133000+00:00,PLUME-USDT-SWAP,21196110.0,1757558654133
2025-09-11 02:44:14.128000+00:00,PNUT-USDT-SWAP,37508190.0,1757558654128
2025-09-11 02:44:14.140000+00:00,POL-USDT-SWAP,38467950.0,1757558654140
2025-09-11 02:44:14.157000+00:00,POPCAT-USDT-SWAP,9548790.0,1757558654157
2025-09-11 02:44:14.142000+00:00,PRCL-USDT-SWAP,25792365.0,1757558654142
2025-09-11 02:44:14.137000+00:00,PROMPT-USDT-SWAP,39762870.0,1757558654137
2025-09-11 02:44:14.132000+00:00,PUMP-USDT-SWAP,7036866000.0,1757558654132
2025-09-11 02:44:14.137000+00:00,PYTH-USDT-SWAP,46629200.0,1757558654137
2025-09-11 02:44:14.593000+00:00,QTUM-USDT-SWAP,1356906.0,1757558654593
2025-09-11 02:44:14.600000+00:00,RAY-USDT-SWAP,1015501.0,1757558654600
2025-09-11 02:44:14.608000+00:00,RENDER-USDT-SWAP,1382633.0,1757558654608
2025-09-11 02:44:14.589000+00:00,RESOLV-USDT-SWAP,23782290.0,1757558654589
2025-09-11 02:44:14.595000+00:00,RSR-USDT-SWAP,264470600.0,1757558654595
2025-09-11 02:44:14.597000+00:00,RVN-USDT-SWAP,70228700.0,1757558654597
2025-09-11 02:44:14.592000+00:00,S-USDT-SWAP,12398730.0,1757558654592
2025-09-11 02:44:14.590000+00:00,SAHARA-USDT-SWAP,53919040.0,1757558654590
2025-09-11 02:44:14.598000+00:00,SAND-USDT-SWAP,18868970.0,1757558654598
2025-09-11 02:44:14.598000+00:00,SATS-USDT-SWAP,230785750000000.0,1757558654598
2025-09-11 02:44:15.043000+00:00,SCR-USDT-SWAP,2938467.0,1757558655043
2025-09-11 02:44:15.034000+00:00,SHELL-USDT-SWAP,5910880.0,1757558655034
2025-09-11 02:44:15.043000+00:00,SHIB-USDT-SWAP,1680421999999.9998,1757558655043
2025-09-11 02:44:15.066000+00:00,SIGN-USDT-SWAP,46268900.0,1757558655066
2025-09-11 02:44:15.041000+00:00,SLP-USDT-SWAP,418047310.0,1757558655041
2025-09-11 02:44:15.042000+00:00,SNX-USDT-SWAP,2264419.0,1757558655042
2025-09-11 02:44:15.054000+00:00,SOL-USDT-SWAP,3764003.4899999965,1757558655054
2025-09-11 02:44:15.034000+00:00,SOLV-USDT-SWAP,69208800.0,1757558655034
2025-09-11 02:44:15.039000+00:00,SONIC-USDT-SWAP,7777202.0,1757558655039
2025-09-11 02:44:15.031000+00:00,SOON-USDT-SWAP,10319260.0,1757558655031
2025-09-11 02:44:15.516000+00:00,SOPH-USDT-SWAP,82868600.0,1757558655516
2025-09-11 02:44:15.485000+00:00,SPK-USDT-SWAP,123549400.0,1757558655485
2025-09-11 02:44:15.500000+00:00,SPX-USDT-SWAP,1047456.0,1757558655500
2025-09-11 02:44:15.496000+00:00,SSV-USDT-SWAP,294420.8,1757558655496
2025-09-11 02:44:15.494000+00:00,STORJ-USDT-SWAP,5531620.0,1757558655494
2025-09-11 02:44:15.491000+00:00,STRK-USDT-SWAP,23348170.0,1757558655491
2025-09-11 02:44:15.488000+00:00,STX-USDT-SWAP,7741348.0,1757558655488
2025-09-11 02:44:15.500000+00:00,SUI-USDT-SWAP,20391739.0,1757558655500
2025-09-11 02:44:15.508000+00:00,SUSHI-USDT-SWAP,8131186.0,1757558655508
2025-09-11 02:44:15.495000+00:00,SWARMS-USDT-SWAP,92225080.0,1757558655495
2025-09-11 02:44:15.982000+00:00,SYRUP-USDT-SWAP,2746590.0,1757558655982
2025-09-11 02:44:15.986000+00:00,T-USDT-SWAP,45748400.0,1757558655986
2025-09-11 02:44:16.008000+00:00,TAO-USDT-SWAP,14019.43,1757558656008
2025-09-11 02:44:15.998000+00:00,THETA-USDT-SWAP,2875604.0,1757558655998
2025-09-11 02:44:15.991000+00:00,TIA-USDT-SWAP,5146020.0,1757558655991
2025-09-11 02:44:15.989000+00:00,TNSR-USDT-SWAP,8551893.0,1757558655989
2025-09-11 02:44:16.002000+00:00,TON-USDT-SWAP,9344164.0,1757558656002
2025-09-11 02:44:15.999000+00:00,TRB-USDT-SWAP,256706.5,1757558655999
2025-09-11 02:44:15.996000+00:00,TREE-USDT-SWAP,6187182.0,1757558655996
2025-09-11 02:44:15.988000+00:00,TRUMP-USDT-SWAP,5089084.7,1757558655988
2025-09-11 02:44:16.452000+00:00,TRX-USDT-SWAP,92839400.00000007,1757558656452
2025-09-11 02:44:16.451000+00:00,TURBO-USDT-SWAP,917450000.0,1757558656451
2025-09-11 02:44:16.467000+00:00,UMA-USDT-SWAP,1433233.6,1757558656467
2025-09-11 02:44:16.455000+00:00,UNI-USDT-SWAP,3255217.0,1757558656455
2025-09-11 02:44:16.455000+00:00,USDC-USDT-SWAP,1061900.0,1757558656455
2025-09-11 02:44:16.465000+00:00,USELESS-USDT-SWAP,12858580.0,1757558656465
2025-09-11 02:44:16.477000+00:00,USTC-USDT-SWAP,115540000.0,1757558656477
2025-09-11 02:44:16.464000+00:00,UXLINK-USDT-SWAP,5717770.0,1757558656464
2025-09-11 02:44:16.467000+00:00,VANA-USDT-SWAP,159341.2,1757558656467
2025-09-11 02:44:16.453000+00:00,VINE-USDT-SWAP,103365480.0,1757558656453
2025-09-11 02:44:16.931000+00:00,VIRTUAL-USDT-SWAP,3589338.0,1757558656931
2025-09-11 02:44:16.933000+00:00,W-USDT-SWAP,61438597.0,1757558656933
2025-09-11 02:44:16.938000+00:00,WAL-USDT-SWAP,2391670.0,1757558656938
2025-09-11 02:44:16.930000+00:00,WAXP-USDT-SWAP,25504300.0,1757558656930
2025-09-11 02:44:16.927000+00:00,WCT-USDT-SWAP,10511080.0,1757558656927
2025-09-11 02:44:17.960000+00:00,WIF-USDT-SWAP,15658927.0,1757558657960
2025-09-11 02:44:16.962000+00:00,WLD-USDT-SWAP,32866581.0,1757558656962
2025-09-11 02:44:16.937000+00:00,WLFI-USDT-SWAP,271464860.0,1757558656937
2025-09-11 02:44:16.949000+00:00,WOO-USDT-SWAP,20681930.0,1757558656949
2025-09-11 02:44:16.974000+00:00,XAUT-USDT-SWAP,5360.397,1757558656974
2025-09-11 02:44:18.378000+00:00,XLM-USDT-SWAP,41693140.0,1757558658378
2025-09-11 02:44:18.376000+00:00,XPL-USDT-SWAP,6833510.0,1757558658376
2025-09-11 02:44:18.390000+00:00,XRP-USDT-SWAP,87966244.99999999,1757558658390
2025-09-11 02:44:18.381000+00:00,XTZ-USDT-SWAP,4869731.0,1757558658381
2025-09-11 02:44:18.513000+00:00,YFI-USDT-SWAP,385.4757,1757558658513
2025-09-11 02:44:18.885000+00:00,YGG-USDT-SWAP,28067159.0,1757558658885
2025-09-11 02:44:18.390000+00:00,ZENT-USDT-SWAP,153650500.0,1757558658390
2025-09-11 02:44:18.385000+00:00,ZEREBRO-USDT-SWAP,55955910.0,1757558658385
2025-09-11 02:44:18.384000+00:00,ZETA-USDT-SWAP,5463450.0,1757558658384
2025-09-11 02:44:18.377000+00:00,ZIL-USDT-SWAP,169538900.0,1757558658377
2025-09-11 02:44:19.497000+00:00,ZK-USDT-SWAP,49417300.0,1757558659497
2025-09-11 02:44:19.501000+00:00,ZRO-USDT-SWAP,1793174.0,1757558659501
2025-09-11 02:44:19.503000+00:00,ZRX-USDT-SWAP,8102840.0,1757558659503
