datetime_utc,symbol,oi_value,timestamp_ms
2025-09-08 00:45:23.209000+00:00,1INCH-USDT-SWAP,8240069.0,1757292323209
2025-09-08 00:45:23.211000+00:00,A-USDT-SWAP,9674490.0,1757292323211
2025-09-08 00:45:23.201000+00:00,AAVE-USDT-SWAP,130683.88000000003,1757292323201
2025-09-08 00:45:23.209000+00:00,ACE-USDT-SWAP,1931814.0,1757292323209
2025-09-08 00:45:23.470000+00:00,ACH-USDT-SWAP,77940400.0,1757292323470
2025-09-08 00:45:23.194000+00:00,ACT-USDT-SWAP,83648142.0,1757292323194
2025-09-08 00:45:23.207000+00:00,ADA-USDT-SWAP,78459970.00000003,1757292323207
2025-09-08 00:45:23.200000+00:00,AERO-USDT-SWAP,1674680.0,1757292323200
2025-09-08 00:45:23.268000+00:00,AEVO-USDT-SWAP,12869590.0,1757292323268
2025-09-08 00:45:23.214000+00:00,AGLD-USDT-SWAP,1916567.0,1757292323214
2025-09-08 00:45:23.868000+00:00,AI16Z-USDT-SWAP,50038571.0,1757292323868
2025-09-08 00:45:23.854000+00:00,AIXBT-USDT-SWAP,24297920.0,1757292323854
2025-09-08 00:45:23.871000+00:00,ALCH-USDT-SWAP,23118610.0,1757292323871
2025-09-08 00:45:23.862000+00:00,ALGO-USDT-SWAP,27934870.0,1757292323862
2025-09-08 00:45:23.962000+00:00,ANIME-USDT-SWAP,106721150.0,1757292323962
2025-09-08 00:45:23.862000+00:00,APE-USDT-SWAP,8356562.0,1757292323862
2025-09-08 00:45:23.856000+00:00,API3-USDT-SWAP,3751540.0,1757292323856
2025-09-08 00:45:23.856000+00:00,APT-USDT-SWAP,3659541.0,1757292323856
2025-09-08 00:45:23.858000+00:00,AR-USDT-SWAP,519729.1,1757292323858
2025-09-08 00:45:23.868000+00:00,ARB-USDT-SWAP,33011742.999999993,1757292323868
2025-09-08 00:45:24.361000+00:00,ARC-USDT-SWAP,62554190.0,1757292324361
2025-09-08 00:45:24.359000+00:00,ARKM-USDT-SWAP,3484829.0,1757292324359
2025-09-08 00:45:24.370000+00:00,ATH-USDT-SWAP,141183100.0,1757292324370
2025-09-08 00:45:24.358000+00:00,ATOM-USDT-SWAP,1911484.0,1757292324358
2025-09-08 00:45:24.343000+00:00,AUCTION-USDT-SWAP,215163.6,1757292324343
2025-09-08 00:45:24.375000+00:00,AVAAI-USDT-SWAP,53029920.0,1757292324375
2025-09-08 00:45:24.359000+00:00,AVAX-USDT-SWAP,1880264.8999999994,1757292324359
2025-09-08 00:45:24.356000+00:00,AXS-USDT-SWAP,1184684.4,1757292324356
2025-09-08 00:45:24.420000+00:00,BABY-USDT-SWAP,39179040.0,1757292324420
2025-09-08 00:45:24.361000+00:00,BAND-USDT-SWAP,1523919.0,1757292324361
2025-09-08 00:45:24.813000+00:00,BAT-USDT-SWAP,5679930.0,1757292324813
2025-09-08 00:45:24.812000+00:00,BCH-USDT-SWAP,83185.19999999998,1757292324812
2025-09-08 00:45:24.819000+00:00,BERA-USDT-SWAP,2312737.5,1757292324819
2025-09-08 00:45:24.821000+00:00,BICO-USDT-SWAP,6689976.0,1757292324821
2025-09-08 00:45:24.807000+00:00,BIGTIME-USDT-SWAP,42043080.0,1757292324807
2025-09-08 00:45:24.815000+00:00,BIO-USDT-SWAP,70984762.0,1757292324815
2025-09-08 00:45:24.805000+00:00,BLUR-USDT-SWAP,25353900.0,1757292324805
2025-09-08 00:45:24.810000+00:00,BNB-USDT-SWAP,96397.44,1757292324810
2025-09-08 00:45:24.820000+00:00,BNT-USDT-SWAP,733260.0,1757292324820
2025-09-08 00:45:24.825000+00:00,BOME-USDT-SWAP,1392159000.0,1757292324825
2025-09-08 00:45:25.253000+00:00,BONK-USDT-SWAP,480939200000.0,1757292325253
2025-09-08 00:45:25.232000+00:00,BRETT-USDT-SWAP,13202300.0,1757292325232
2025-09-08 00:45:25.237000+00:00,BTC-USDT-SWAP,26446.68560000006,1757292325237
2025-09-08 00:45:25.236000+00:00,CAT-USDT-SWAP,197407300000.0,1757292325236
2025-09-08 00:45:25.243000+00:00,CATI-USDT-SWAP,17243910.0,1757292325243
2025-09-08 00:45:25.234000+00:00,CELO-USDT-SWAP,4444834.0,1757292325234
2025-09-08 00:45:25.236000+00:00,CETUS-USDT-SWAP,17983630.0,1757292325236
2025-09-08 00:45:25.243000+00:00,CFX-USDT-SWAP,76858110.0,1757292325243
2025-09-08 00:45:25.238000+00:00,CHZ-USDT-SWAP,78229940.0,1757292325238
2025-09-08 00:45:25.247000+00:00,COMP-USDT-SWAP,93275.4,1757292325247
2025-09-08 00:45:25.650000+00:00,COOKIE-USDT-SWAP,4465190.0,1757292325650
2025-09-08 00:45:25.638000+00:00,CORE-USDT-SWAP,9874123.0,1757292325638
2025-09-08 00:45:25.655000+00:00,CRO-USDT-SWAP,64179740.0,1757292325655
2025-09-08 00:45:25.648000+00:00,CRV-USDT-SWAP,25554446.0,1757292325648
2025-09-08 00:45:25.642000+00:00,CTC-USDT-SWAP,1713830.0,1757292325642
2025-09-08 00:45:25.641000+00:00,CVC-USDT-SWAP,9709300.0,1757292325641
2025-09-08 00:45:25.655000+00:00,CVX-USDT-SWAP,297677.0,1757292325655
2025-09-08 00:45:25.652000+00:00,DEGEN-USDT-SWAP,298961000.0,1757292325652
2025-09-08 00:45:25.663000+00:00,DGB-USDT-SWAP,49191200.0,1757292325663
2025-09-08 00:45:25.658000+00:00,DOG-USDT-SWAP,541537000.0,1757292325658
2025-09-08 00:45:26.059000+00:00,DOGE-USDT-SWAP,1525726639.9999993,1757292326059
2025-09-08 00:45:26.066000+00:00,DOGS-USDT-SWAP,18588934000.0,1757292326066
2025-09-08 00:45:26.070000+00:00,DOOD-USDT-SWAP,137272000.0,1757292326070
2025-09-08 00:45:26.073000+00:00,DOT-USDT-SWAP,6733994.0,1757292326073
2025-09-08 00:45:26.058000+00:00,DUCK-USDT-SWAP,836743500.0,1757292326058
2025-09-08 00:45:26.065000+00:00,DYDX-USDT-SWAP,9116453.0,1757292326065
2025-09-08 00:45:26.072000+00:00,EGLD-USDT-SWAP,100100.1,1757292326072
2025-09-08 00:45:26.079000+00:00,EIGEN-USDT-SWAP,3843893.0,1757292326079
2025-09-08 00:45:26.067000+00:00,ENJ-USDT-SWAP,13290410.0,1757292326067
2025-09-08 00:45:26.072000+00:00,ENS-USDT-SWAP,363764.1,1757292326072
2025-09-08 00:45:26.488000+00:00,ETC-USDT-SWAP,1086341.1000000003,1757292326488
2025-09-08 00:45:26.478000+00:00,ETH-USDT-SWAP,723217.4900000021,1757292326478
2025-09-08 00:45:26.488000+00:00,ETHFI-USDT-SWAP,8457865.0,1757292326488
2025-09-08 00:45:26.502000+00:00,ETHW-USDT-SWAP,1284824.0,1757292326502
2025-09-08 00:45:26.468000+00:00,FARTCOIN-USDT-SWAP,21238247.0,1757292326468
2025-09-08 00:45:26.484000+00:00,FIL-USDT-SWAP,14359799.8,1757292326484
2025-09-08 00:45:26.482000+00:00,FLM-USDT-SWAP,26469680.0,1757292326482
2025-09-08 00:45:26.473000+00:00,FLOKI-USDT-SWAP,41793000000.0,1757292326473
2025-09-08 00:45:26.481000+00:00,FLOW-USDT-SWAP,4481090.0,1757292326481
2025-09-08 00:45:26.475000+00:00,FXS-USDT-SWAP,249221.0,1757292326475
2025-09-08 00:45:26.896000+00:00,GALA-USDT-SWAP,434850250.0,1757292326896
2025-09-08 00:45:26.886000+00:00,GAS-USDT-SWAP,464877.0,1757292326886
2025-09-08 00:45:26.910000+00:00,GLM-USDT-SWAP,2685460.0,1757292326910
2025-09-08 00:45:26.906000+00:00,GMT-USDT-SWAP,47226356.0,1757292326906
2025-09-08 00:45:26.885000+00:00,GMX-USDT-SWAP,71839.2,1757292326885
2025-09-08 00:45:26.889000+00:00,GOAT-USDT-SWAP,25827770.0,1757292326889
2025-09-08 00:45:26.890000+00:00,GODS-USDT-SWAP,6400984.0,1757292326890
2025-09-08 00:45:26.885000+00:00,GPS-USDT-SWAP,224919760.0,1757292326885
2025-09-08 00:45:26.896000+00:00,GRASS-USDT-SWAP,2815088.0,1757292326896
2025-09-08 00:45:26.901000+00:00,GRIFFAIN-USDT-SWAP,25238090.0,1757292326901
2025-09-08 00:45:27.335000+00:00,GRT-USDT-SWAP,21490170.0,1757292327335
2025-09-08 00:45:27.356000+00:00,H-USDT-SWAP,62884600.0,1757292327356
2025-09-08 00:45:27.330000+00:00,HBAR-USDT-SWAP,74701900.0,1757292327330
2025-09-08 00:45:27.334000+00:00,HMSTR-USDT-SWAP,955217800.0,1757292327334
2025-09-08 00:45:27.326000+00:00,HOME-USDT-SWAP,23237700.0,1757292327326
2025-09-08 00:45:27.327000+00:00,HUMA-USDT-SWAP,95708400.0,1757292327327
2025-09-08 00:45:27.324000+00:00,HYPE-USDT-SWAP,808113.3,1757292327324
2025-09-08 00:45:27.335000+00:00,ICP-USDT-SWAP,1178512.4,1757292327335
2025-09-08 00:45:27.332000+00:00,ICX-USDT-SWAP,6351800.0,1757292327332
2025-09-08 00:45:27.329000+00:00,IMX-USDT-SWAP,6436293.0,1757292327329
2025-09-08 00:45:27.786000+00:00,INIT-USDT-SWAP,2443980.0,1757292327786
2025-09-08 00:45:27.762000+00:00,INJ-USDT-SWAP,889381.4,1757292327762
2025-09-08 00:45:27.778000+00:00,IOST-USDT-SWAP,314094000.0,1757292327778
2025-09-08 00:45:27.790000+00:00,IOTA-USDT-SWAP,15984730.0,1757292327790
2025-09-08 00:45:27.757000+00:00,IP-USDT-SWAP,3416060.0,1757292327757
2025-09-08 00:45:27.770000+00:00,JELLYJELLY-USDT-SWAP,219709600.0,1757292327770
2025-09-08 00:45:27.770000+00:00,JOE-USDT-SWAP,7192210.0,1757292327770
2025-09-08 00:45:27.772000+00:00,JTO-USDT-SWAP,2955830.0,1757292327772
2025-09-08 00:45:27.767000+00:00,JUP-USDT-SWAP,15091350.0,1757292327767
2025-09-08 00:45:28.183000+00:00,KAITO-USDT-SWAP,3274900.0,1757292328183
2025-09-08 00:45:28.180000+00:00,KMNO-USDT-SWAP,18565200.0,1757292328180
2025-09-08 00:45:28.185000+00:00,KSM-USDT-SWAP,127206.2,1757292328185
2025-09-08 00:45:28.182000+00:00,LA-USDT-SWAP,2959030.0,1757292328182
2025-09-08 00:45:28.168000+00:00,LAUNCHCOIN-USDT-SWAP,38650950.0,1757292328168
2025-09-08 00:45:28.180000+00:00,LAYER-USDT-SWAP,5827259.0,1757292328180
2025-09-08 00:45:28.177000+00:00,LDO-USDT-SWAP,14270629.0,1757292328177
2025-09-08 00:45:28.200000+00:00,LINK-USDT-SWAP,2530044.9000000004,1757292328200
2025-09-08 00:45:28.182000+00:00,LPT-USDT-SWAP,864074.9,1757292328182
2025-09-08 00:45:28.196000+00:00,LQTY-USDT-SWAP,1573317.0,1757292328196
2025-09-08 00:45:28.606000+00:00,LRC-USDT-SWAP,16545040.0,1757292328606
2025-09-08 00:45:28.607000+00:00,LTC-USDT-SWAP,633442.3000000003,1757292328607
2025-09-08 00:45:28.608000+00:00,LUNA-USDT-SWAP,15359121.0,1757292328608
2025-09-08 00:45:28.608000+00:00,LUNC-USDT-SWAP,32997440000.0,1757292328608
2025-09-08 00:45:28.615000+00:00,MAGIC-USDT-SWAP,19914048.0,1757292328615
2025-09-08 00:45:28.593000+00:00,MAJOR-USDT-SWAP,4837327.0,1757292328593
2025-09-08 00:45:28.608000+00:00,MANA-USDT-SWAP,11602090.0,1757292328608
2025-09-08 00:45:28.596000+00:00,MASK-USDT-SWAP,3136535.0,1757292328596
2025-09-08 00:45:28.609000+00:00,ME-USDT-SWAP,3106882.0,1757292328609
2025-09-08 00:45:28.601000+00:00,MEME-USDT-SWAP,1749683700.0,1757292328601
2025-09-08 00:45:29.023000+00:00,MERL-USDT-SWAP,55754761.0,1757292329023
2025-09-08 00:45:29.028000+00:00,METIS-USDT-SWAP,97456.0,1757292329028
2025-09-08 00:45:29.014000+00:00,MEW-USDT-SWAP,1014500000.0,1757292329014
2025-09-08 00:45:29.011000+00:00,MINA-USDT-SWAP,7696165.0,1757292329011
2025-09-08 00:45:29.009000+00:00,MOG-USDT-SWAP,650933000000.0,1757292329009
2025-09-08 00:45:29.012000+00:00,MOODENG-USDT-SWAP,46232730.0,1757292329012
2025-09-08 00:45:29.011000+00:00,MORPHO-USDT-SWAP,1351923.0,1757292329011
2025-09-08 00:45:29.008000+00:00,MOVE-USDT-SWAP,29343150.0,1757292329008
2025-09-08 00:45:29.045000+00:00,MUBARAK-USDT-SWAP,14080500.0,1757292329045
2025-09-08 00:45:29.463000+00:00,NEAR-USDT-SWAP,5353223.999999999,1757292329463
2025-09-08 00:45:29.467000+00:00,NEIRO-USDT-SWAP,8829902000.0,1757292329467
2025-09-08 00:45:29.469000+00:00,NEIROETH-USDT-SWAP,29043400.0,1757292329469
2025-09-08 00:45:29.459000+00:00,NEO-USDT-SWAP,301372.0,1757292329459
2025-09-08 00:45:29.461000+00:00,NEWT-USDT-SWAP,3740660.0,1757292329461
2025-09-08 00:45:29.517000+00:00,NMR-USDT-SWAP,607405.1,1757292329517
2025-09-08 00:45:29.461000+00:00,NOT-USDT-SWAP,1736718100.0,1757292329461
2025-09-08 00:45:29.497000+00:00,NXPC-USDT-SWAP,856121.0,1757292329497
2025-09-08 00:45:29.462000+00:00,OL-USDT-SWAP,89793160.0,1757292329462
2025-09-08 00:45:29.475000+00:00,OM-USDT-SWAP,26843161.000000004,1757292329475
2025-09-08 00:45:29.902000+00:00,ONDO-USDT-SWAP,19662700.0,1757292329902
2025-09-08 00:45:29.910000+00:00,ONE-USDT-SWAP,80876200.0,1757292329910
2025-09-08 00:45:29.908000+00:00,ONT-USDT-SWAP,13564890.0,1757292329908
2025-09-08 00:45:29.946000+00:00,OP-USDT-SWAP,20701805.0,1757292329946
2025-09-08 00:45:29.912000+00:00,ORBS-USDT-SWAP,26772700.0,1757292329912
2025-09-08 00:45:29.925000+00:00,ORDI-USDT-SWAP,1159513.7,1757292329925
2025-09-08 00:45:29.898000+00:00,PARTI-USDT-SWAP,13239460.0,1757292329898
2025-09-08 00:45:29.906000+00:00,PENGU-USDT-SWAP,576760600.0,1757292329906
2025-09-08 00:45:29.913000+00:00,PEOPLE-USDT-SWAP,301658800.0,1757292329913
2025-09-08 00:45:29.911000+00:00,PEPE-USDT-SWAP,6567586000000.001,1757292329911
2025-09-08 00:45:30.345000+00:00,PERP-USDT-SWAP,2542203.0,1757292330345
2025-09-08 00:45:30.334000+00:00,PI-USDT-SWAP,31443756.0,1757292330334
2025-09-08 00:45:30.332000+00:00,PLUME-USDT-SWAP,15372880.0,1757292330332
2025-09-08 00:45:30.355000+00:00,PNUT-USDT-SWAP,39146960.0,1757292330355
2025-09-08 00:45:30.330000+00:00,POL-USDT-SWAP,37914780.0,1757292330330
2025-09-08 00:45:30.346000+00:00,POPCAT-USDT-SWAP,10423100.0,1757292330346
2025-09-08 00:45:30.333000+00:00,PRCL-USDT-SWAP,18028031.0,1757292330333
2025-09-08 00:45:30.341000+00:00,PROMPT-USDT-SWAP,31510280.0,1757292330341
2025-09-08 00:45:30.339000+00:00,PUMP-USDT-SWAP,6908799000.0,1757292330339
2025-09-08 00:45:30.347000+00:00,PYTH-USDT-SWAP,46830930.0,1757292330347
2025-09-08 00:45:30.758000+00:00,QTUM-USDT-SWAP,1276901.0,1757292330758
2025-09-08 00:45:30.744000+00:00,RAY-USDT-SWAP,952239.0,1757292330744
2025-09-08 00:45:30.760000+00:00,RENDER-USDT-SWAP,1361482.0,1757292330760
2025-09-08 00:45:30.780000+00:00,RESOLV-USDT-SWAP,27581840.0,1757292330780
2025-09-08 00:45:30.745000+00:00,RSR-USDT-SWAP,252432400.0,1757292330745
2025-09-08 00:45:30.748000+00:00,RVN-USDT-SWAP,80380430.0,1757292330748
2025-09-08 00:45:30.750000+00:00,S-USDT-SWAP,13314990.0,1757292330750
2025-09-08 00:45:30.779000+00:00,SAHARA-USDT-SWAP,55810800.0,1757292330779
2025-09-08 00:45:30.757000+00:00,SAND-USDT-SWAP,19794590.0,1757292330757
2025-09-08 00:45:30.756000+00:00,SATS-USDT-SWAP,172827320000000.0,1757292330756
2025-09-08 00:45:31.176000+00:00,SCR-USDT-SWAP,3244403.0,1757292331176
2025-09-08 00:45:31.191000+00:00,SHELL-USDT-SWAP,5696600.0,1757292331191
2025-09-08 00:45:31.191000+00:00,SHIB-USDT-SWAP,1405119200000.0,1757292331191
2025-09-08 00:45:31.198000+00:00,SIGN-USDT-SWAP,46077200.0,1757292331198
2025-09-08 00:45:31.176000+00:00,SLP-USDT-SWAP,449510120.0,1757292331176
2025-09-08 00:45:31.190000+00:00,SNX-USDT-SWAP,2517893.0,1757292331190
2025-09-08 00:45:31.185000+00:00,SOL-USDT-SWAP,3236654.8000000017,1757292331185
2025-09-08 00:45:31.186000+00:00,SOLV-USDT-SWAP,57558500.0,1757292331186
2025-09-08 00:45:31.184000+00:00,SONIC-USDT-SWAP,7263996.0,1757292331184
2025-09-08 00:45:31.177000+00:00,SOON-USDT-SWAP,10175100.0,1757292331177
2025-09-08 00:45:31.606000+00:00,SOPH-USDT-SWAP,87537100.0,1757292331606
2025-09-08 00:45:31.598000+00:00,SPK-USDT-SWAP,151706800.0,1757292331598
2025-09-08 00:45:31.615000+00:00,SPX-USDT-SWAP,1294541.0,1757292331615
2025-09-08 00:45:31.591000+00:00,SSV-USDT-SWAP,306435.2,1757292331591
2025-09-08 00:45:31.586000+00:00,STORJ-USDT-SWAP,5567580.0,1757292331586
2025-09-08 00:45:31.605000+00:00,STRK-USDT-SWAP,24974613.0,1757292331605
2025-09-08 00:45:31.582000+00:00,STX-USDT-SWAP,6677184.0,1757292331582
2025-09-08 00:45:31.590000+00:00,SUI-USDT-SWAP,20610569.0,1757292331590
2025-09-08 00:45:31.594000+00:00,SUSHI-USDT-SWAP,8262326.0,1757292331594
2025-09-08 00:45:31.588000+00:00,SWARMS-USDT-SWAP,83454050.0,1757292331588
2025-09-08 00:45:32.017000+00:00,SYRUP-USDT-SWAP,3284950.0,1757292332017
2025-09-08 00:45:32.006000+00:00,T-USDT-SWAP,39261700.0,1757292332006
2025-09-08 00:45:32.026000+00:00,TAO-USDT-SWAP,15587.81,1757292332026
2025-09-08 00:45:32.022000+00:00,THETA-USDT-SWAP,2636196.999999999,1757292332022
2025-09-08 00:45:32.020000+00:00,TIA-USDT-SWAP,5457665.0,1757292332020
2025-09-08 00:45:32.020000+00:00,TNSR-USDT-SWAP,8239862.0,1757292332020
2025-09-08 00:45:32.018000+00:00,TON-USDT-SWAP,9522865.0,1757292332018
2025-09-08 00:45:32.032000+00:00,TRB-USDT-SWAP,275231.9,1757292332032
2025-09-08 00:45:32.009000+00:00,TREE-USDT-SWAP,6978798.0,1757292332009
2025-09-08 00:45:32.009000+00:00,TRUMP-USDT-SWAP,5420073.8,1757292332009
2025-09-08 00:45:32.441000+00:00,TRX-USDT-SWAP,110466920.00000007,1757292332441
2025-09-08 00:45:32.425000+00:00,TURBO-USDT-SWAP,793109000.0000001,1757292332425
2025-09-08 00:45:32.435000+00:00,UMA-USDT-SWAP,1473230.9,1757292332435
2025-09-08 00:45:32.441000+00:00,UNI-USDT-SWAP,3159215.0,1757292332441
2025-09-08 00:45:32.430000+00:00,USDC-USDT-SWAP,1099130.0,1757292332430
2025-09-08 00:45:32.564000+00:00,USELESS-USDT-SWAP,15007220.0,1757292332564
2025-09-08 00:45:32.443000+00:00,USTC-USDT-SWAP,139786300.0,1757292332443
2025-09-08 00:45:32.437000+00:00,UXLINK-USDT-SWAP,5812790.0,1757292332437
2025-09-08 00:45:32.428000+00:00,VANA-USDT-SWAP,135161.0,1757292332428
2025-09-08 00:45:32.428000+00:00,VINE-USDT-SWAP,104646800.0,1757292332428
2025-09-08 00:45:32.952000+00:00,VIRTUAL-USDT-SWAP,3271555.0,1757292332952
2025-09-08 00:45:32.950000+00:00,W-USDT-SWAP,47492735.0,1757292332950
2025-09-08 00:45:32.953000+00:00,WAL-USDT-SWAP,2100850.0,1757292332953
2025-09-08 00:45:32.963000+00:00,WAXP-USDT-SWAP,28284500.0,1757292332963
2025-09-08 00:45:32.948000+00:00,WCT-USDT-SWAP,10280320.0,1757292332948
2025-09-08 00:45:32.947000+00:00,WIF-USDT-SWAP,16503376.0,1757292332947
2025-09-08 00:45:32.955000+00:00,WLD-USDT-SWAP,35483173.0,1757292332955
2025-09-08 00:45:32.955000+00:00,WLFI-USDT-SWAP,293997810.0,1757292332955
2025-09-08 00:45:32.955000+00:00,WOO-USDT-SWAP,15132360.0,1757292332955
2025-09-08 00:45:32.951000+00:00,XAUT-USDT-SWAP,5726.289,1757292332951
2025-09-08 00:45:33.353000+00:00,XLM-USDT-SWAP,39339719.99999999,1757292333353
2025-09-08 00:45:33.369000+00:00,XPL-USDT-SWAP,6944290.0,1757292333369
2025-09-08 00:45:33.354000+00:00,XRP-USDT-SWAP,91297732.99999999,1757292333354
2025-09-08 00:45:33.368000+00:00,XTZ-USDT-SWAP,5582403.0,1757292333368
2025-09-08 00:45:33.350000+00:00,YFI-USDT-SWAP,365.227,1757292333350
2025-09-08 00:45:33.351000+00:00,YGG-USDT-SWAP,28599834.0,1757292333351
2025-09-08 00:45:33.359000+00:00,ZENT-USDT-SWAP,239725000.0,1757292333359
2025-09-08 00:45:33.354000+00:00,ZEREBRO-USDT-SWAP,81836250.0,1757292333354
2025-09-08 00:45:33.363000+00:00,ZETA-USDT-SWAP,5839460.0,1757292333363
2025-09-08 00:45:33.373000+00:00,ZIL-USDT-SWAP,161502300.0,1757292333373
2025-09-08 00:45:33.780000+00:00,ZK-USDT-SWAP,49890670.0,1757292333780
2025-09-08 00:45:33.782000+00:00,ZRO-USDT-SWAP,2111087.0,1757292333782
2025-09-08 00:45:33.785000+00:00,ZRX-USDT-SWAP,8380740.0,1757292333785
2025-09-08 00:46:34.503000+00:00,1INCH-USDT-SWAP,8240136.0,1757292394503
2025-09-08 00:46:34.501000+00:00,A-USDT-SWAP,9686580.0,1757292394501
2025-09-08 00:46:34.502000+00:00,AAVE-USDT-SWAP,130715.84000000003,1757292394502
2025-09-08 00:46:34.507000+00:00,ACE-USDT-SWAP,1933976.0,1757292394507
2025-09-08 00:46:34.499000+00:00,ACH-USDT-SWAP,77935300.0,1757292394499
2025-09-08 00:46:34.491000+00:00,ACT-USDT-SWAP,83623149.0,1757292394491
2025-09-08 00:46:34.538000+00:00,ADA-USDT-SWAP,78404140.00000003,1757292394538
2025-09-08 00:46:34.488000+00:00,AERO-USDT-SWAP,1675560.0,1757292394488
2025-09-08 00:46:34.506000+00:00,AEVO-USDT-SWAP,12866958.0,1757292394506
2025-09-08 00:46:34.521000+00:00,AGLD-USDT-SWAP,1916317.0,1757292394521
2025-09-08 00:46:34.965000+00:00,AI16Z-USDT-SWAP,50044597.0,1757292394965
2025-09-08 00:46:34.931000+00:00,AIXBT-USDT-SWAP,24313790.0,1757292394931
2025-09-08 00:46:34.922000+00:00,ALCH-USDT-SWAP,23117990.0,1757292394922
2025-09-08 00:46:34.925000+00:00,ALGO-USDT-SWAP,27918980.0,1757292394925
2025-09-08 00:46:34.940000+00:00,ANIME-USDT-SWAP,106721750.0,1757292394940
2025-09-08 00:46:34.919000+00:00,APE-USDT-SWAP,8350247.2,1757292394919
2025-09-08 00:46:34.958000+00:00,API3-USDT-SWAP,3750699.0,1757292394958
2025-09-08 00:46:34.926000+00:00,APT-USDT-SWAP,3658494.0,1757292394926
2025-09-08 00:46:34.939000+00:00,AR-USDT-SWAP,519637.2,1757292394939
2025-09-08 00:46:34.953000+00:00,ARB-USDT-SWAP,33005568.99999999,1757292394953
2025-09-08 00:46:35.474000+00:00,ARC-USDT-SWAP,62492500.0,1757292395474
2025-09-08 00:46:35.481000+00:00,ARKM-USDT-SWAP,3484604.0,1757292395481
2025-09-08 00:46:35.475000+00:00,ATH-USDT-SWAP,141177400.0,1757292395475
2025-09-08 00:46:35.475000+00:00,ATOM-USDT-SWAP,1911510.0,1757292395475
2025-09-08 00:46:35.483000+00:00,AUCTION-USDT-SWAP,214927.7,1757292395483
2025-09-08 00:46:35.467000+00:00,AVAAI-USDT-SWAP,53195320.0,1757292395467
2025-09-08 00:46:35.472000+00:00,AVAX-USDT-SWAP,1880094.6999999993,1757292395472
2025-09-08 00:46:35.476000+00:00,AXS-USDT-SWAP,1187005.4,1757292395476
2025-09-08 00:46:35.484000+00:00,BABY-USDT-SWAP,39169750.0,1757292395484
2025-09-08 00:46:35.476000+00:00,BAND-USDT-SWAP,1521720.0,1757292395476
2025-09-08 00:46:36.010000+00:00,BAT-USDT-SWAP,5678420.0,1757292396010
2025-09-08 00:46:35.892000+00:00,BCH-USDT-SWAP,83177.42999999998,1757292395892
2025-09-08 00:46:35.881000+00:00,BERA-USDT-SWAP,2310321.1,1757292395881
2025-09-08 00:46:35.893000+00:00,BICO-USDT-SWAP,6690149.0,1757292395893
2025-09-08 00:46:35.885000+00:00,BIGTIME-USDT-SWAP,42016330.0,1757292395885
2025-09-08 00:46:35.883000+00:00,BIO-USDT-SWAP,71322608.0,1757292395883
2025-09-08 00:46:35.882000+00:00,BLUR-USDT-SWAP,25357300.0,1757292395882
2025-09-08 00:46:35.880000+00:00,BNB-USDT-SWAP,96438.98,1757292395880
2025-09-08 00:46:35.893000+00:00,BNT-USDT-SWAP,733220.0,1757292395893
2025-09-08 00:46:35.888000+00:00,BOME-USDT-SWAP,1391535000.0,1757292395888
2025-09-08 00:46:36.418000+00:00,BONK-USDT-SWAP,480878000000.0,1757292396418
2025-09-08 00:46:36.405000+00:00,BRETT-USDT-SWAP,13203600.0,1757292396405
2025-09-08 00:46:36.404000+00:00,BTC-USDT-SWAP,26525.17460000006,1757292396404
2025-09-08 00:46:36.398000+00:00,CAT-USDT-SWAP,197362800000.0,1757292396398
2025-09-08 00:46:36.421000+00:00,CATI-USDT-SWAP,17237888.0,1757292396421
2025-09-08 00:46:36.405000+00:00,CELO-USDT-SWAP,4445010.0,1757292396405
2025-09-08 00:46:36.398000+00:00,CETUS-USDT-SWAP,17985760.0,1757292396398
2025-09-08 00:46:36.429000+00:00,CFX-USDT-SWAP,76868220.0,1757292396429
2025-09-08 00:46:36.413000+00:00,CHZ-USDT-SWAP,78244260.0,1757292396413
2025-09-08 00:46:36.409000+00:00,COMP-USDT-SWAP,93306.8,1757292396409
2025-09-08 00:46:36.823000+00:00,COOKIE-USDT-SWAP,4462150.0,1757292396823
2025-09-08 00:46:36.827000+00:00,CORE-USDT-SWAP,9878433.0,1757292396827
2025-09-08 00:46:36.832000+00:00,CRO-USDT-SWAP,64167140.0,1757292396832
2025-09-08 00:46:36.814000+00:00,CRV-USDT-SWAP,25562730.0,1757292396814
2025-09-08 00:46:36.829000+00:00,CTC-USDT-SWAP,1713190.0,1757292396829
2025-09-08 00:46:36.811000+00:00,CVC-USDT-SWAP,9709400.0,1757292396811
2025-09-08 00:46:36.825000+00:00,CVX-USDT-SWAP,297446.0,1757292396825
2025-09-08 00:46:36.811000+00:00,DEGEN-USDT-SWAP,298878500.0,1757292396811
2025-09-08 00:46:36.817000+00:00,DGB-USDT-SWAP,49190800.0,1757292396817
2025-09-08 00:46:36.830000+00:00,DOG-USDT-SWAP,541625000.0,1757292396830
2025-09-08 00:46:37.219000+00:00,DOGE-USDT-SWAP,1523167479.9999993,1757292397219
2025-09-08 00:46:37.228000+00:00,DOGS-USDT-SWAP,18584202000.0,1757292397228
2025-09-08 00:46:37.233000+00:00,DOOD-USDT-SWAP,137277000.0,1757292397233
2025-09-08 00:46:37.215000+00:00,DOT-USDT-SWAP,6735216.0,1757292397215
2025-09-08 00:46:37.221000+00:00,DUCK-USDT-SWAP,836622100.0,1757292397221
2025-09-08 00:46:37.249000+00:00,DYDX-USDT-SWAP,9123143.0,1757292397249
2025-09-08 00:46:37.237000+00:00,EGLD-USDT-SWAP,100108.7,1757292397237
2025-09-08 00:46:37.221000+00:00,EIGEN-USDT-SWAP,3843840.0,1757292397221
2025-09-08 00:46:37.238000+00:00,ENJ-USDT-SWAP,13292380.0,1757292397238
2025-09-08 00:46:37.229000+00:00,ENS-USDT-SWAP,363718.2,1757292397229
2025-09-08 00:46:37.633000+00:00,ETC-USDT-SWAP,1085618.7000000002,1757292397633
2025-09-08 00:46:37.635000+00:00,ETH-USDT-SWAP,723320.976000002,1757292397635
2025-09-08 00:46:37.645000+00:00,ETHFI-USDT-SWAP,8448260.0,1757292397645
2025-09-08 00:46:37.635000+00:00,ETHW-USDT-SWAP,1285117.2,1757292397635
2025-09-08 00:46:37.638000+00:00,FARTCOIN-USDT-SWAP,21239659.0,1757292397638
2025-09-08 00:46:37.641000+00:00,FIL-USDT-SWAP,14361520.8,1757292397641
2025-09-08 00:46:37.782000+00:00,FLM-USDT-SWAP,26425490.0,1757292397782
2025-09-08 00:46:37.642000+00:00,FLOKI-USDT-SWAP,41799700000.0,1757292397642
2025-09-08 00:46:37.654000+00:00,FLOW-USDT-SWAP,4488790.0,1757292397654
2025-09-08 00:46:37.655000+00:00,FXS-USDT-SWAP,249405.0,1757292397655
2025-09-08 00:46:38.188000+00:00,GALA-USDT-SWAP,434647940.0,1757292398188
2025-09-08 00:46:38.171000+00:00,GAS-USDT-SWAP,464982.0,1757292398171
2025-09-08 00:46:38.224000+00:00,GLM-USDT-SWAP,2685140.0,1757292398224
2025-09-08 00:46:38.171000+00:00,GMT-USDT-SWAP,47217085.0,1757292398171
2025-09-08 00:46:38.334000+00:00,GMX-USDT-SWAP,71840.5,1757292398334
2025-09-08 00:46:38.163000+00:00,GOAT-USDT-SWAP,25814910.0,1757292398163
2025-09-08 00:46:38.172000+00:00,GODS-USDT-SWAP,6396841.0,1757292398172
2025-09-08 00:46:38.169000+00:00,GPS-USDT-SWAP,225677160.0,1757292398169
2025-09-08 00:46:38.193000+00:00,GRASS-USDT-SWAP,2816062.0,1757292398193
2025-09-08 00:46:38.185000+00:00,GRIFFAIN-USDT-SWAP,25232540.0,1757292398185
2025-09-08 00:46:38.735000+00:00,GRT-USDT-SWAP,21495480.0,1757292398735
2025-09-08 00:46:38.720000+00:00,H-USDT-SWAP,62798600.0,1757292398720
2025-09-08 00:46:38.724000+00:00,HBAR-USDT-SWAP,74701000.0,1757292398724
2025-09-08 00:46:38.713000+00:00,HMSTR-USDT-SWAP,955239600.0,1757292398713
2025-09-08 00:46:38.720000+00:00,HOME-USDT-SWAP,23225800.0,1757292398720
2025-09-08 00:46:38.727000+00:00,HUMA-USDT-SWAP,94905600.0,1757292398727
2025-09-08 00:46:38.723000+00:00,HYPE-USDT-SWAP,808057.2,1757292398723
2025-09-08 00:46:38.726000+00:00,ICP-USDT-SWAP,1178443.22,1757292398726
2025-09-08 00:46:38.719000+00:00,ICX-USDT-SWAP,6352870.0,1757292398719
2025-09-08 00:46:38.733000+00:00,IMX-USDT-SWAP,6437085.0,1757292398733
2025-09-08 00:46:39.142000+00:00,INIT-USDT-SWAP,2444040.0,1757292399142
2025-09-08 00:46:39.125000+00:00,INJ-USDT-SWAP,890097.2,1757292399125
2025-09-08 00:46:39.131000+00:00,IOST-USDT-SWAP,314058000.0,1757292399131
2025-09-08 00:46:39.116000+00:00,IOTA-USDT-SWAP,15975860.0,1757292399116
2025-09-08 00:46:39.133000+00:00,IP-USDT-SWAP,3420226.0,1757292399133
2025-09-08 00:46:39.120000+00:00,JELLYJELLY-USDT-SWAP,219262500.0,1757292399120
2025-09-08 00:46:39.122000+00:00,JOE-USDT-SWAP,7191970.0,1757292399122
2025-09-08 00:46:39.140000+00:00,JTO-USDT-SWAP,2953509.0,1757292399140
2025-09-08 00:46:39.170000+00:00,JUP-USDT-SWAP,15088230.0,1757292399170
2025-09-08 00:46:39.566000+00:00,KAITO-USDT-SWAP,3275075.0,1757292399566
2025-09-08 00:46:39.554000+00:00,KMNO-USDT-SWAP,18547900.0,1757292399554
2025-09-08 00:46:39.575000+00:00,KSM-USDT-SWAP,127229.4,1757292399575
2025-09-08 00:46:39.557000+00:00,LA-USDT-SWAP,2957810.0,1757292399557
2025-09-08 00:46:39.568000+00:00,LAUNCHCOIN-USDT-SWAP,38658660.0,1757292399568
2025-09-08 00:46:39.553000+00:00,LAYER-USDT-SWAP,5827203.0,1757292399553
2025-09-08 00:46:39.552000+00:00,LDO-USDT-SWAP,14269664.0,1757292399552
2025-09-08 00:46:39.575000+00:00,LINK-USDT-SWAP,2527678.5,1757292399575
2025-09-08 00:46:39.582000+00:00,LPT-USDT-SWAP,864186.6,1757292399582
2025-09-08 00:46:39.588000+00:00,LQTY-USDT-SWAP,1572821.0,1757292399588
2025-09-08 00:46:39.991000+00:00,LRC-USDT-SWAP,16544690.0,1757292399991
2025-09-08 00:46:39.997000+00:00,LTC-USDT-SWAP,633473.2000000002,1757292399997
2025-09-08 00:46:39.974000+00:00,LUNA-USDT-SWAP,15363984.0,1757292399974
2025-09-08 00:46:39.982000+00:00,LUNC-USDT-SWAP,33038230000.0,1757292399982
2025-09-08 00:46:39.972000+00:00,MAGIC-USDT-SWAP,19897933.0,1757292399972
2025-09-08 00:46:39.981000+00:00,MAJOR-USDT-SWAP,4837613.0,1757292399981
2025-09-08 00:46:39.973000+00:00,MANA-USDT-SWAP,11604430.0,1757292399973
2025-09-08 00:46:39.971000+00:00,MASK-USDT-SWAP,3136139.0,1757292399971
2025-09-08 00:46:40.022000+00:00,ME-USDT-SWAP,3106872.0,1757292400022
2025-09-08 00:46:39.980000+00:00,MEME-USDT-SWAP,1749998200.0,1757292399980
2025-09-08 00:46:40.411000+00:00,MERL-USDT-SWAP,55744437.0,1757292400411
2025-09-08 00:46:40.408000+00:00,METIS-USDT-SWAP,97372.7,1757292400408
2025-09-08 00:46:40.419000+00:00,MEW-USDT-SWAP,1014422000.0,1757292400419
2025-09-08 00:46:40.413000+00:00,MINA-USDT-SWAP,7695663.0,1757292400413
2025-09-08 00:46:40.420000+00:00,MOG-USDT-SWAP,650427000000.0,1757292400420
2025-09-08 00:46:40.415000+00:00,MOODENG-USDT-SWAP,46213180.0,1757292400415
2025-09-08 00:46:40.412000+00:00,MORPHO-USDT-SWAP,1351333.0,1757292400412
2025-09-08 00:46:40.435000+00:00,MOVE-USDT-SWAP,29342170.0,1757292400435
2025-09-08 00:46:40.469000+00:00,MUBARAK-USDT-SWAP,14076900.0,1757292400469
2025-09-08 00:46:40.868000+00:00,NEAR-USDT-SWAP,5350512.999999999,1757292400868
2025-09-08 00:46:40.867000+00:00,NEIRO-USDT-SWAP,8830011000.0,1757292400867
2025-09-08 00:46:40.861000+00:00,NEIROETH-USDT-SWAP,29040200.0,1757292400861
2025-09-08 00:46:40.854000+00:00,NEO-USDT-SWAP,301345.0,1757292400854
2025-09-08 00:46:40.866000+00:00,NEWT-USDT-SWAP,3739980.0,1757292400866
2025-09-08 00:46:40.875000+00:00,NMR-USDT-SWAP,607901.9,1757292400875
2025-09-08 00:46:40.855000+00:00,NOT-USDT-SWAP,1736865900.0,1757292400855
2025-09-08 00:46:40.857000+00:00,NXPC-USDT-SWAP,856134.0,1757292400857
2025-09-08 00:46:40.882000+00:00,OL-USDT-SWAP,89802970.0,1757292400882
2025-09-08 00:46:40.868000+00:00,OM-USDT-SWAP,26818937.0,1757292400868
2025-09-08 00:46:41.275000+00:00,ONDO-USDT-SWAP,19662460.0,1757292401275
2025-09-08 00:46:41.269000+00:00,ONE-USDT-SWAP,80864200.0,1757292401269
2025-09-08 00:46:41.272000+00:00,ONT-USDT-SWAP,13564900.0,1757292401272
2025-09-08 00:46:41.269000+00:00,OP-USDT-SWAP,20698347.0,1757292401269
2025-09-08 00:46:41.269000+00:00,ORBS-USDT-SWAP,26741400.0,1757292401269
2025-09-08 00:46:41.271000+00:00,ORDI-USDT-SWAP,1159292.4,1757292401271
2025-09-08 00:46:41.267000+00:00,PARTI-USDT-SWAP,13251260.0,1757292401267
2025-09-08 00:46:41.266000+00:00,PENGU-USDT-SWAP,577991600.0,1757292401266
2025-09-08 00:46:41.280000+00:00,PEOPLE-USDT-SWAP,301624700.0,1757292401280
2025-09-08 00:46:41.279000+00:00,PEPE-USDT-SWAP,6568429000000.002,1757292401279
2025-09-08 00:46:41.683000+00:00,PERP-USDT-SWAP,2542157.0,1757292401683
2025-09-08 00:46:41.674000+00:00,PI-USDT-SWAP,31423829.0,1757292401674
2025-09-08 00:46:41.675000+00:00,PLUME-USDT-SWAP,15365950.0,1757292401675
2025-09-08 00:46:41.677000+00:00,PNUT-USDT-SWAP,39148010.0,1757292401677
2025-09-08 00:46:41.724000+00:00,POL-USDT-SWAP,37908700.0,1757292401724
2025-09-08 00:46:41.671000+00:00,POPCAT-USDT-SWAP,10423380.0,1757292401671
2025-09-08 00:46:41.668000+00:00,PRCL-USDT-SWAP,18023951.0,1757292401668
2025-09-08 00:46:41.668000+00:00,PROMPT-USDT-SWAP,31507530.0,1757292401668
2025-09-08 00:46:41.687000+00:00,PUMP-USDT-SWAP,6909289000.0,1757292401687
2025-09-08 00:46:41.688000+00:00,PYTH-USDT-SWAP,46828210.0,1757292401688
2025-09-08 00:46:42.130000+00:00,QTUM-USDT-SWAP,1276354.0,1757292402130
2025-09-08 00:46:42.124000+00:00,RAY-USDT-SWAP,951128.0,1757292402124
2025-09-08 00:46:42.121000+00:00,RENDER-USDT-SWAP,1361508.0,1757292402121
2025-09-08 00:46:42.120000+00:00,RESOLV-USDT-SWAP,27623240.0,1757292402120
2025-09-08 00:46:42.127000+00:00,RSR-USDT-SWAP,252417200.0,1757292402127
2025-09-08 00:46:42.117000+00:00,RVN-USDT-SWAP,80644270.0,1757292402117
2025-09-08 00:46:42.126000+00:00,S-USDT-SWAP,13317290.0,1757292402126
2025-09-08 00:46:42.134000+00:00,SAHARA-USDT-SWAP,55810810.0,1757292402134
2025-09-08 00:46:42.142000+00:00,SAND-USDT-SWAP,19799560.0,1757292402142
2025-09-08 00:46:42.126000+00:00,SATS-USDT-SWAP,172765980000000.0,1757292402126
2025-09-08 00:46:42.565000+00:00,SCR-USDT-SWAP,3245224.0,1757292402565
2025-09-08 00:46:42.555000+00:00,SHELL-USDT-SWAP,5698830.0,1757292402555
2025-09-08 00:46:42.553000+00:00,SHIB-USDT-SWAP,1405201500000.0,1757292402553
2025-09-08 00:46:42.556000+00:00,SIGN-USDT-SWAP,46077300.0,1757292402556
2025-09-08 00:46:42.554000+00:00,SLP-USDT-SWAP,449459670.0,1757292402554
2025-09-08 00:46:42.573000+00:00,SNX-USDT-SWAP,2517026.0,1757292402573
2025-09-08 00:46:42.549000+00:00,SOL-USDT-SWAP,3235174.2200000016,1757292402549
2025-09-08 00:46:42.565000+00:00,SOLV-USDT-SWAP,57575100.0,1757292402565
2025-09-08 00:46:42.574000+00:00,SONIC-USDT-SWAP,7265388.0,1757292402574
2025-09-08 00:46:42.572000+00:00,SOON-USDT-SWAP,10186220.0,1757292402572
2025-09-08 00:46:43.080000+00:00,SOPH-USDT-SWAP,87540600.0,1757292403080
2025-09-08 00:46:43.044000+00:00,SPK-USDT-SWAP,151599100.0,1757292403044
2025-09-08 00:46:43.056000+00:00,SPX-USDT-SWAP,1293253.0,1757292403056
2025-09-08 00:46:43.048000+00:00,SSV-USDT-SWAP,306456.8,1757292403048
2025-09-08 00:46:43.043000+00:00,STORJ-USDT-SWAP,5567400.0,1757292403043
2025-09-08 00:46:43.050000+00:00,STRK-USDT-SWAP,24985263.0,1757292403050
2025-09-08 00:46:43.054000+00:00,STX-USDT-SWAP,6676973.0,1757292403054
2025-09-08 00:46:43.082000+00:00,SUI-USDT-SWAP,20612638.0,1757292403082
2025-09-08 00:46:43.066000+00:00,SUSHI-USDT-SWAP,8258529.0,1757292403066
2025-09-08 00:46:43.056000+00:00,SWARMS-USDT-SWAP,83612500.0,1757292403056
2025-09-08 00:46:43.496000+00:00,SYRUP-USDT-SWAP,3280670.0,1757292403496
2025-09-08 00:46:43.492000+00:00,T-USDT-SWAP,39258100.0,1757292403492
2025-09-08 00:46:43.481000+00:00,TAO-USDT-SWAP,15591.48,1757292403481
2025-09-08 00:46:43.486000+00:00,THETA-USDT-SWAP,2639982.999999999,1757292403486
2025-09-08 00:46:43.477000+00:00,TIA-USDT-SWAP,5455358.0,1757292403477
2025-09-08 00:46:43.507000+00:00,TNSR-USDT-SWAP,8241265.0,1757292403507
2025-09-08 00:46:43.482000+00:00,TON-USDT-SWAP,9523170.0,1757292403482
2025-09-08 00:46:43.493000+00:00,TRB-USDT-SWAP,275221.9,1757292403493
2025-09-08 00:46:43.493000+00:00,TREE-USDT-SWAP,6965634.0,1757292403493
2025-09-08 00:46:43.516000+00:00,TRUMP-USDT-SWAP,5418758.6,1757292403516
2025-09-08 00:46:43.917000+00:00,TRX-USDT-SWAP,110472060.00000006,1757292403917
2025-09-08 00:46:43.910000+00:00,TURBO-USDT-SWAP,793404000.0000001,1757292403910
2025-09-08 00:46:43.921000+00:00,UMA-USDT-SWAP,1471827.6,1757292403921
2025-09-08 00:46:43.919000+00:00,UNI-USDT-SWAP,3159019.0,1757292403919
2025-09-08 00:46:43.943000+00:00,USDC-USDT-SWAP,1100160.0,1757292403943
2025-09-08 00:46:43.920000+00:00,USELESS-USDT-SWAP,15029540.0,1757292403920
2025-09-08 00:46:43.929000+00:00,USTC-USDT-SWAP,139898700.0,1757292403929
2025-09-08 00:46:43.918000+00:00,UXLINK-USDT-SWAP,5812820.0,1757292403918
2025-09-08 00:46:43.928000+00:00,VANA-USDT-SWAP,135954.5,1757292403928
2025-09-08 00:46:43.936000+00:00,VINE-USDT-SWAP,104729560.0,1757292403936
2025-09-08 00:46:44.329000+00:00,VIRTUAL-USDT-SWAP,3271631.0,1757292404329
2025-09-08 00:46:44.344000+00:00,W-USDT-SWAP,47489896.0,1757292404344
2025-09-08 00:46:44.337000+00:00,WAL-USDT-SWAP,2100950.0,1757292404337
2025-09-08 00:46:44.333000+00:00,WAXP-USDT-SWAP,28284400.0,1757292404333
2025-09-08 00:46:44.351000+00:00,WCT-USDT-SWAP,10281040.0,1757292404351
2025-09-08 00:46:44.331000+00:00,WIF-USDT-SWAP,16496897.0,1757292404331
2025-09-08 00:46:44.341000+00:00,WLD-USDT-SWAP,35475281.0,1757292404341
2025-09-08 00:46:44.342000+00:00,WLFI-USDT-SWAP,293826010.0,1757292404342
2025-09-08 00:46:44.339000+00:00,WOO-USDT-SWAP,15129240.0,1757292404339
2025-09-08 00:46:44.348000+00:00,XAUT-USDT-SWAP,5726.179,1757292404348
2025-09-08 00:46:44.740000+00:00,XLM-USDT-SWAP,39345349.99999999,1757292404740
2025-09-08 00:46:44.736000+00:00,XPL-USDT-SWAP,6943570.0,1757292404736
2025-09-08 00:46:44.749000+00:00,XRP-USDT-SWAP,91331964.99999999,1757292404749
2025-09-08 00:46:44.740000+00:00,XTZ-USDT-SWAP,5581110.0,1757292404740
2025-09-08 00:46:44.738000+00:00,YFI-USDT-SWAP,365.3122,1757292404738
2025-09-08 00:46:44.738000+00:00,YGG-USDT-SWAP,28601448.0,1757292404738
2025-09-08 00:46:44.746000+00:00,ZENT-USDT-SWAP,239959700.0,1757292404746
2025-09-08 00:46:44.758000+00:00,ZEREBRO-USDT-SWAP,81819090.0,1757292404758
2025-09-08 00:46:44.741000+00:00,ZETA-USDT-SWAP,5835930.0,1757292404741
2025-09-08 00:46:44.751000+00:00,ZIL-USDT-SWAP,161631600.0,1757292404751
2025-09-08 00:46:45.144000+00:00,ZK-USDT-SWAP,49890730.0,1757292405144
2025-09-08 00:46:45.142000+00:00,ZRO-USDT-SWAP,2111342.0,1757292405142
2025-09-08 00:46:45.161000+00:00,ZRX-USDT-SWAP,8380080.0,1757292405161
2025-09-08 00:47:45.825000+00:00,1INCH-USDT-SWAP,8241440.0,1757292465825
2025-09-08 00:47:45.839000+00:00,A-USDT-SWAP,9687020.0,1757292465839
2025-09-08 00:47:45.843000+00:00,AAVE-USDT-SWAP,130717.92000000003,1757292465843
2025-09-08 00:47:45.840000+00:00,ACE-USDT-SWAP,1935269.0,1757292465840
2025-09-08 00:47:45.828000+00:00,ACH-USDT-SWAP,77931800.0,1757292465828
2025-09-08 00:47:45.988000+00:00,ACT-USDT-SWAP,83628835.0,1757292465988
2025-09-08 00:47:45.862000+00:00,ADA-USDT-SWAP,78377670.00000003,1757292465862
2025-09-08 00:47:45.830000+00:00,AERO-USDT-SWAP,1675710.0,1757292465830
2025-09-08 00:47:45.890000+00:00,AEVO-USDT-SWAP,12872662.0,1757292465890
2025-09-08 00:47:45.844000+00:00,AGLD-USDT-SWAP,1916923.0,1757292465844
2025-09-08 00:47:46.392000+00:00,AI16Z-USDT-SWAP,50027661.0,1757292466392
2025-09-08 00:47:46.386000+00:00,AIXBT-USDT-SWAP,24298900.0,1757292466386
2025-09-08 00:47:46.398000+00:00,ALCH-USDT-SWAP,23092690.0,1757292466398
2025-09-08 00:47:46.397000+00:00,ALGO-USDT-SWAP,27921680.0,1757292466397
2025-09-08 00:47:46.390000+00:00,ANIME-USDT-SWAP,107040980.0,1757292466390
2025-09-08 00:47:46.391000+00:00,APE-USDT-SWAP,8354314.6,1757292466391
2025-09-08 00:47:46.392000+00:00,API3-USDT-SWAP,3738050.0,1757292466392
2025-09-08 00:47:46.397000+00:00,APT-USDT-SWAP,3658597.0,1757292466397
2025-09-08 00:47:46.389000+00:00,AR-USDT-SWAP,519996.0,1757292466389
2025-09-08 00:47:46.400000+00:00,ARB-USDT-SWAP,33006273.99999999,1757292466400
2025-09-08 00:47:46.843000+00:00,ARC-USDT-SWAP,62478320.0,1757292466843
2025-09-08 00:47:46.831000+00:00,ARKM-USDT-SWAP,3484217.0,1757292466831
2025-09-08 00:47:46.843000+00:00,ATH-USDT-SWAP,141177400.0,1757292466843
2025-09-08 00:47:46.827000+00:00,ATOM-USDT-SWAP,1911959.0,1757292466827
2025-09-08 00:47:46.849000+00:00,AUCTION-USDT-SWAP,214859.5,1757292466849
2025-09-08 00:47:46.843000+00:00,AVAAI-USDT-SWAP,53189060.0,1757292466843
2025-09-08 00:47:46.844000+00:00,AVAX-USDT-SWAP,1879786.7999999993,1757292466844
2025-09-08 00:47:46.840000+00:00,AXS-USDT-SWAP,1186899.5,1757292466840
2025-09-08 00:47:46.831000+00:00,BABY-USDT-SWAP,39166430.0,1757292466831
2025-09-08 00:47:46.860000+00:00,BAND-USDT-SWAP,1521685.0,1757292466860
2025-09-08 00:47:47.263000+00:00,BAT-USDT-SWAP,5678450.0,1757292467263
2025-09-08 00:47:47.264000+00:00,BCH-USDT-SWAP,83161.96999999999,1757292467264
2025-09-08 00:47:47.281000+00:00,BERA-USDT-SWAP,2310325.0,1757292467281
2025-09-08 00:47:47.263000+00:00,BICO-USDT-SWAP,6690140.0,1757292467263
2025-09-08 00:47:47.270000+00:00,BIGTIME-USDT-SWAP,42011520.0,1757292467270
2025-09-08 00:47:47.284000+00:00,BIO-USDT-SWAP,71305522.0,1757292467284
2025-09-08 00:47:47.260000+00:00,BLUR-USDT-SWAP,25370400.0,1757292467260
2025-09-08 00:47:47.265000+00:00,BNB-USDT-SWAP,96520.75,1757292467265
2025-09-08 00:47:47.279000+00:00,BNT-USDT-SWAP,733270.0,1757292467279
2025-09-08 00:47:47.272000+00:00,BOME-USDT-SWAP,1393570000.0,1757292467272
2025-09-08 00:47:47.672000+00:00,BONK-USDT-SWAP,479903500000.0,1757292467672
2025-09-08 00:47:47.682000+00:00,BRETT-USDT-SWAP,13194800.0,1757292467682
2025-09-08 00:47:47.678000+00:00,BTC-USDT-SWAP,26522.03900000006,1757292467678
2025-09-08 00:47:47.673000+00:00,CAT-USDT-SWAP,197599900000.0,1757292467673
2025-09-08 00:47:47.670000+00:00,CATI-USDT-SWAP,17235945.0,1757292467670
2025-09-08 00:47:47.688000+00:00,CELO-USDT-SWAP,4444684.0,1757292467688
2025-09-08 00:47:47.668000+00:00,CETUS-USDT-SWAP,17932340.0,1757292467668
2025-09-08 00:47:47.689000+00:00,CFX-USDT-SWAP,76852710.0,1757292467689
2025-09-08 00:47:47.725000+00:00,CHZ-USDT-SWAP,78261400.0,1757292467725
2025-09-08 00:47:47.682000+00:00,COMP-USDT-SWAP,93296.8,1757292467682
2025-09-08 00:47:48.112000+00:00,COOKIE-USDT-SWAP,4462260.0,1757292468112
2025-09-08 00:47:48.120000+00:00,CORE-USDT-SWAP,9878433.0,1757292468120
2025-09-08 00:47:48.115000+00:00,CRO-USDT-SWAP,64165820.0,1757292468115
2025-09-08 00:47:48.113000+00:00,CRV-USDT-SWAP,25564993.0,1757292468113
2025-09-08 00:47:48.119000+00:00,CTC-USDT-SWAP,1713190.0,1757292468119
2025-09-08 00:47:48.113000+00:00,CVC-USDT-SWAP,9710200.0,1757292468113
2025-09-08 00:47:48.107000+00:00,CVX-USDT-SWAP,297347.0,1757292468107
2025-09-08 00:47:48.120000+00:00,DEGEN-USDT-SWAP,299009200.0,1757292468120
2025-09-08 00:47:48.119000+00:00,DGB-USDT-SWAP,49190800.0,1757292468119
2025-09-08 00:47:48.128000+00:00,DOG-USDT-SWAP,541626000.0,1757292468128
2025-09-08 00:47:48.539000+00:00,DOGE-USDT-SWAP,1523907049.9999995,1757292468539
2025-09-08 00:47:48.540000+00:00,DOGS-USDT-SWAP,18585841000.0,1757292468540
2025-09-08 00:47:48.548000+00:00,DOOD-USDT-SWAP,137300000.0,1757292468548
2025-09-08 00:47:48.544000+00:00,DOT-USDT-SWAP,6744617.0,1757292468544
2025-09-08 00:47:48.533000+00:00,DUCK-USDT-SWAP,836622100.0,1757292468533
2025-09-08 00:47:48.697000+00:00,DYDX-USDT-SWAP,9123083.0,1757292468697
2025-09-08 00:47:48.530000+00:00,EGLD-USDT-SWAP,100105.8,1757292468530
2025-09-08 00:47:48.541000+00:00,EIGEN-USDT-SWAP,3848376.0,1757292468541
2025-09-08 00:47:48.545000+00:00,ENJ-USDT-SWAP,13296360.0,1757292468545
2025-09-08 00:47:48.563000+00:00,ENS-USDT-SWAP,363689.4,1757292468563
2025-09-08 00:47:49.105000+00:00,ETC-USDT-SWAP,1085607.9000000004,1757292469105
2025-09-08 00:47:49.094000+00:00,ETH-USDT-SWAP,723471.1570000021,1757292469094
2025-09-08 00:47:49.095000+00:00,ETHFI-USDT-SWAP,8449849.0,1757292469095
2025-09-08 00:47:49.085000+00:00,ETHW-USDT-SWAP,1285023.6,1757292469085
2025-09-08 00:47:49.088000+00:00,FARTCOIN-USDT-SWAP,21251205.0,1757292469088
2025-09-08 00:47:49.095000+00:00,FIL-USDT-SWAP,14387202.8,1757292469095
2025-09-08 00:47:49.084000+00:00,FLM-USDT-SWAP,26416070.0,1757292469084
2025-09-08 00:47:49.089000+00:00,FLOKI-USDT-SWAP,41771200000.0,1757292469089
2025-09-08 00:47:49.113000+00:00,FLOW-USDT-SWAP,4485880.0,1757292469113
2025-09-08 00:47:49.096000+00:00,FXS-USDT-SWAP,249737.0,1757292469096
2025-09-08 00:47:49.539000+00:00,GALA-USDT-SWAP,434612230.0,1757292469539
2025-09-08 00:47:49.542000+00:00,GAS-USDT-SWAP,465135.0,1757292469542
2025-09-08 00:47:49.546000+00:00,GLM-USDT-SWAP,2685140.0,1757292469546
2025-09-08 00:47:49.541000+00:00,GMT-USDT-SWAP,47221054.0,1757292469541
2025-09-08 00:47:49.552000+00:00,GMX-USDT-SWAP,71841.4,1757292469552
2025-09-08 00:47:49.537000+00:00,GOAT-USDT-SWAP,25820030.0,1757292469537
2025-09-08 00:47:49.536000+00:00,GODS-USDT-SWAP,6396841.0,1757292469536
2025-09-08 00:47:49.543000+00:00,GPS-USDT-SWAP,227382970.0,1757292469543
2025-09-08 00:47:49.540000+00:00,GRASS-USDT-SWAP,2815716.0,1757292469540
2025-09-08 00:47:49.547000+00:00,GRIFFAIN-USDT-SWAP,25227760.0,1757292469547
2025-09-08 00:47:49.968000+00:00,GRT-USDT-SWAP,21503910.0,1757292469968
2025-09-08 00:47:49.968000+00:00,H-USDT-SWAP,62802200.0,1757292469968
2025-09-08 00:47:49.963000+00:00,HBAR-USDT-SWAP,74697910.0,1757292469963
2025-09-08 00:47:49.950000+00:00,HMSTR-USDT-SWAP,955227300.0,1757292469950
2025-09-08 00:47:49.970000+00:00,HOME-USDT-SWAP,23228600.0,1757292469970
2025-09-08 00:47:49.963000+00:00,HUMA-USDT-SWAP,94899300.0,1757292469963
2025-09-08 00:47:49.955000+00:00,HYPE-USDT-SWAP,808005.2,1757292469955
2025-09-08 00:47:49.951000+00:00,ICP-USDT-SWAP,1178320.09,1757292469951
2025-09-08 00:47:49.968000+00:00,ICX-USDT-SWAP,6352940.0,1757292469968
2025-09-08 00:47:49.968000+00:00,IMX-USDT-SWAP,6437353.0,1757292469968
2025-09-08 00:47:50.370000+00:00,INIT-USDT-SWAP,2443490.0,1757292470370
2025-09-08 00:47:50.376000+00:00,INJ-USDT-SWAP,890113.5,1757292470376
2025-09-08 00:47:50.378000+00:00,IOST-USDT-SWAP,314058000.0,1757292470378
2025-09-08 00:47:50.400000+00:00,IOTA-USDT-SWAP,15983700.0,1757292470400
2025-09-08 00:47:50.378000+00:00,IP-USDT-SWAP,3420004.0,1757292470378
2025-09-08 00:47:50.378000+00:00,JELLYJELLY-USDT-SWAP,218380700.0,1757292470378
2025-09-08 00:47:50.374000+00:00,JOE-USDT-SWAP,7192070.0,1757292470374
2025-09-08 00:47:50.380000+00:00,JTO-USDT-SWAP,2953268.0,1757292470380
2025-09-08 00:47:50.374000+00:00,JUP-USDT-SWAP,15089870.0,1757292470374
2025-09-08 00:47:50.783000+00:00,KAITO-USDT-SWAP,3275522.0,1757292470783
2025-09-08 00:47:50.790000+00:00,KMNO-USDT-SWAP,18547500.0,1757292470790
2025-09-08 00:47:50.807000+00:00,KSM-USDT-SWAP,127274.6,1757292470807
2025-09-08 00:47:50.808000+00:00,LA-USDT-SWAP,2956430.0,1757292470808
2025-09-08 00:47:50.788000+00:00,LAUNCHCOIN-USDT-SWAP,38656750.0,1757292470788
2025-09-08 00:47:50.791000+00:00,LAYER-USDT-SWAP,5827102.0,1757292470791
2025-09-08 00:47:50.790000+00:00,LDO-USDT-SWAP,14269189.0,1757292470790
2025-09-08 00:47:50.787000+00:00,LINK-USDT-SWAP,2525135.2,1757292470787
2025-09-08 00:47:50.792000+00:00,LPT-USDT-SWAP,864224.2,1757292470792
2025-09-08 00:47:50.802000+00:00,LQTY-USDT-SWAP,1572816.0,1757292470802
2025-09-08 00:47:51.218000+00:00,LRC-USDT-SWAP,16549070.0,1757292471218
2025-09-08 00:47:51.211000+00:00,LTC-USDT-SWAP,633467.8000000002,1757292471211
2025-09-08 00:47:51.222000+00:00,LUNA-USDT-SWAP,15367627.0,1757292471222
2025-09-08 00:47:51.203000+00:00,LUNC-USDT-SWAP,33043240000.0,1757292471203
2025-09-08 00:47:51.218000+00:00,MAGIC-USDT-SWAP,19897235.0,1757292471218
2025-09-08 00:47:51.226000+00:00,MAJOR-USDT-SWAP,4837613.0,1757292471226
2025-09-08 00:47:51.205000+00:00,MANA-USDT-SWAP,11609270.0,1757292471205
2025-09-08 00:47:51.212000+00:00,MASK-USDT-SWAP,3136055.0,1757292471212
2025-09-08 00:47:51.229000+00:00,ME-USDT-SWAP,3105842.0,1757292471229
2025-09-08 00:47:51.210000+00:00,MEME-USDT-SWAP,1750987700.0,1757292471210
2025-09-08 00:47:51.635000+00:00,MERL-USDT-SWAP,55734689.0,1757292471635
2025-09-08 00:47:51.618000+00:00,METIS-USDT-SWAP,97447.2,1757292471618
2025-09-08 00:47:51.640000+00:00,MEW-USDT-SWAP,1014388000.0,1757292471640
2025-09-08 00:47:51.613000+00:00,MINA-USDT-SWAP,7694906.0,1757292471613
2025-09-08 00:47:51.623000+00:00,MOG-USDT-SWAP,650156000000.0,1757292471623
2025-09-08 00:47:51.614000+00:00,MOODENG-USDT-SWAP,46218670.0,1757292471614
2025-09-08 00:47:51.622000+00:00,MORPHO-USDT-SWAP,1343304.0,1757292471622
2025-09-08 00:47:51.642000+00:00,MOVE-USDT-SWAP,29346300.0,1757292471642
2025-09-08 00:47:51.624000+00:00,MUBARAK-USDT-SWAP,14079100.0,1757292471624
2025-09-08 00:47:52.032000+00:00,NEAR-USDT-SWAP,5350543.0,1757292472032
2025-09-08 00:47:52.025000+00:00,NEIRO-USDT-SWAP,8837304000.0,1757292472025
2025-09-08 00:47:52.082000+00:00,NEIROETH-USDT-SWAP,29053500.0,1757292472082
2025-09-08 00:47:52.037000+00:00,NEO-USDT-SWAP,301195.0,1757292472037
2025-09-08 00:47:52.033000+00:00,NEWT-USDT-SWAP,3741590.0,1757292472033
2025-09-08 00:47:52.049000+00:00,NMR-USDT-SWAP,608005.3,1757292472049
2025-09-08 00:47:52.039000+00:00,NOT-USDT-SWAP,1737376400.0,1757292472039
2025-09-08 00:47:52.040000+00:00,NXPC-USDT-SWAP,856227.0,1757292472040
2025-09-08 00:47:52.059000+00:00,OL-USDT-SWAP,89798010.0,1757292472059
2025-09-08 00:47:52.039000+00:00,OM-USDT-SWAP,26819561.0,1757292472039
2025-09-08 00:47:52.477000+00:00,ONDO-USDT-SWAP,19663120.0,1757292472477
2025-09-08 00:47:52.494000+00:00,ONE-USDT-SWAP,80861000.0,1757292472494
2025-09-08 00:47:52.489000+00:00,ONT-USDT-SWAP,13564810.0,1757292472489
2025-09-08 00:47:52.483000+00:00,OP-USDT-SWAP,20694775.0,1757292472483
2025-09-08 00:47:52.486000+00:00,ORBS-USDT-SWAP,26741400.0,1757292472486
2025-09-08 00:47:52.486000+00:00,ORDI-USDT-SWAP,1159130.9,1757292472486
2025-09-08 00:47:52.486000+00:00,PARTI-USDT-SWAP,13249360.0,1757292472486
2025-09-08 00:47:52.484000+00:00,PENGU-USDT-SWAP,578753000.0,1757292472484
2025-09-08 00:47:52.490000+00:00,PEOPLE-USDT-SWAP,301790600.0,1757292472490
2025-09-08 00:47:52.529000+00:00,PEPE-USDT-SWAP,6566664000000.002,1757292472529
2025-09-08 00:47:52.917000+00:00,PERP-USDT-SWAP,2542140.0,1757292472917
2025-09-08 00:47:52.914000+00:00,PI-USDT-SWAP,31415027.0,1757292472914
2025-09-08 00:47:52.919000+00:00,PLUME-USDT-SWAP,15359330.0,1757292472919
2025-09-08 00:47:52.935000+00:00,PNUT-USDT-SWAP,39130450.0,1757292472935
2025-09-08 00:47:52.934000+00:00,POL-USDT-SWAP,37906690.0,1757292472934
2025-09-08 00:47:52.917000+00:00,POPCAT-USDT-SWAP,10422600.0,1757292472917
2025-09-08 00:47:52.913000+00:00,PRCL-USDT-SWAP,17978140.0,1757292472913
2025-09-08 00:47:52.918000+00:00,PROMPT-USDT-SWAP,31496170.0,1757292472918
2025-09-08 00:47:52.926000+00:00,PUMP-USDT-SWAP,6906812000.0,1757292472926
2025-09-08 00:47:52.927000+00:00,PYTH-USDT-SWAP,46817130.0,1757292472927
2025-09-08 00:47:53.364000+00:00,QTUM-USDT-SWAP,1276010.0,1757292473364
2025-09-08 00:47:53.347000+00:00,RAY-USDT-SWAP,951041.0,1757292473347
2025-09-08 00:47:53.362000+00:00,RENDER-USDT-SWAP,1361146.0,1757292473362
2025-09-08 00:47:53.331000+00:00,RESOLV-USDT-SWAP,27585670.0,1757292473331
2025-09-08 00:47:53.338000+00:00,RSR-USDT-SWAP,252414800.0,1757292473338
2025-09-08 00:47:53.339000+00:00,RVN-USDT-SWAP,80604090.0,1757292473339
2025-09-08 00:47:53.332000+00:00,S-USDT-SWAP,13313430.0,1757292473332
2025-09-08 00:47:53.335000+00:00,SAHARA-USDT-SWAP,55811700.0,1757292473335
2025-09-08 00:47:53.340000+00:00,SAND-USDT-SWAP,19791060.0,1757292473340
2025-09-08 00:47:53.343000+00:00,SATS-USDT-SWAP,172770490000000.0,1757292473343
2025-09-08 00:47:53.764000+00:00,SCR-USDT-SWAP,3245235.0,1757292473764
2025-09-08 00:47:53.773000+00:00,SHELL-USDT-SWAP,5700400.0,1757292473773
2025-09-08 00:47:53.769000+00:00,SHIB-USDT-SWAP,1405379600000.0,1757292473769
2025-09-08 00:47:53.757000+00:00,SIGN-USDT-SWAP,46076700.0,1757292473757
2025-09-08 00:47:53.754000+00:00,SLP-USDT-SWAP,449462220.0,1757292473754
2025-09-08 00:47:53.780000+00:00,SNX-USDT-SWAP,2516091.0,1757292473780
2025-09-08 00:47:53.758000+00:00,SOL-USDT-SWAP,3233653.2500000023,1757292473758
2025-09-08 00:47:53.765000+00:00,SOLV-USDT-SWAP,57568300.0,1757292473765
2025-09-08 00:47:53.759000+00:00,SONIC-USDT-SWAP,7265807.0,1757292473759
2025-09-08 00:47:53.767000+00:00,SOON-USDT-SWAP,10254160.0,1757292473767
2025-09-08 00:47:54.189000+00:00,SOPH-USDT-SWAP,87508900.0,1757292474189
2025-09-08 00:47:54.188000+00:00,SPK-USDT-SWAP,151395800.0,1757292474188
2025-09-08 00:47:54.192000+00:00,SPX-USDT-SWAP,1293186.0,1757292474192
2025-09-08 00:47:54.186000+00:00,SSV-USDT-SWAP,306346.7,1757292474186
2025-09-08 00:47:54.181000+00:00,STORJ-USDT-SWAP,5567450.0,1757292474181
2025-09-08 00:47:54.188000+00:00,STRK-USDT-SWAP,25007670.0,1757292474188
2025-09-08 00:47:54.186000+00:00,STX-USDT-SWAP,6676771.0,1757292474186
2025-09-08 00:47:54.201000+00:00,SUI-USDT-SWAP,20605557.0,1757292474201
2025-09-08 00:47:54.187000+00:00,SUSHI-USDT-SWAP,8258493.0,1757292474187
2025-09-08 00:47:54.187000+00:00,SWARMS-USDT-SWAP,83621200.0,1757292474187
2025-09-08 00:47:54.616000+00:00,SYRUP-USDT-SWAP,3277480.0,1757292474616
2025-09-08 00:47:54.602000+00:00,T-USDT-SWAP,39259100.0,1757292474602
2025-09-08 00:47:54.604000+00:00,TAO-USDT-SWAP,15578.89,1757292474604
2025-09-08 00:47:54.590000+00:00,THETA-USDT-SWAP,2639407.999999999,1757292474590
2025-09-08 00:47:54.608000+00:00,TIA-USDT-SWAP,5456613.0,1757292474608
2025-09-08 00:47:54.592000+00:00,TNSR-USDT-SWAP,8241269.0,1757292474592
2025-09-08 00:47:54.612000+00:00,TON-USDT-SWAP,9522281.0,1757292474612
2025-09-08 00:47:54.604000+00:00,TRB-USDT-SWAP,275223.4,1757292474604
2025-09-08 00:47:54.623000+00:00,TREE-USDT-SWAP,6970722.0,1757292474623
2025-09-08 00:47:54.606000+00:00,TRUMP-USDT-SWAP,5418721.3,1757292474606
2025-09-08 00:47:55.014000+00:00,TRX-USDT-SWAP,110393200.00000007,1757292475014
2025-09-08 00:47:55.012000+00:00,TURBO-USDT-SWAP,793369000.0000002,1757292475012
2025-09-08 00:47:55.024000+00:00,UMA-USDT-SWAP,1474187.0,1757292475024
2025-09-08 00:47:55.013000+00:00,UNI-USDT-SWAP,3158720.0,1757292475013
2025-09-08 00:47:55.013000+00:00,USDC-USDT-SWAP,1100160.0,1757292475013
2025-09-08 00:47:55.027000+00:00,USELESS-USDT-SWAP,15043220.0,1757292475027
2025-09-08 00:47:55.008000+00:00,USTC-USDT-SWAP,139898700.0,1757292475008
2025-09-08 00:47:55.015000+00:00,UXLINK-USDT-SWAP,5812400.0,1757292475015
2025-09-08 00:47:55.018000+00:00,VANA-USDT-SWAP,136711.3,1757292475018
2025-09-08 00:47:55.027000+00:00,VINE-USDT-SWAP,104745810.0,1757292475027
2025-09-08 00:47:55.433000+00:00,VIRTUAL-USDT-SWAP,3273460.0,1757292475433
2025-09-08 00:47:55.432000+00:00,W-USDT-SWAP,47511489.0,1757292475432
2025-09-08 00:47:55.568000+00:00,WAL-USDT-SWAP,2100610.0,1757292475568
2025-09-08 00:47:55.443000+00:00,WAXP-USDT-SWAP,28285200.0,1757292475443
2025-09-08 00:47:55.510000+00:00,WCT-USDT-SWAP,10284260.0,1757292475510
2025-09-08 00:47:55.446000+00:00,WIF-USDT-SWAP,16492719.0,1757292475446
2025-09-08 00:47:55.431000+00:00,WLD-USDT-SWAP,35481771.0,1757292475431
2025-09-08 00:47:55.438000+00:00,WLFI-USDT-SWAP,293810180.0,1757292475438
2025-09-08 00:47:55.456000+00:00,WOO-USDT-SWAP,15133080.0,1757292475456
2025-09-08 00:47:55.439000+00:00,XAUT-USDT-SWAP,5726.211,1757292475439
2025-09-08 00:47:55.971000+00:00,XLM-USDT-SWAP,39334519.99999999,1757292475971
2025-09-08 00:47:55.972000+00:00,XPL-USDT-SWAP,6944470.0,1757292475972
2025-09-08 00:47:55.962000+00:00,XRP-USDT-SWAP,91323069.99999999,1757292475962
2025-09-08 00:47:55.956000+00:00,XTZ-USDT-SWAP,5580064.0,1757292475956
2025-09-08 00:47:55.960000+00:00,YFI-USDT-SWAP,365.389,1757292475960
2025-09-08 00:47:55.966000+00:00,YGG-USDT-SWAP,28600469.0,1757292475966
2025-09-08 00:47:55.966000+00:00,ZENT-USDT-SWAP,239497100.0,1757292475966
2025-09-08 00:47:55.957000+00:00,ZEREBRO-USDT-SWAP,81812310.0,1757292475957
2025-09-08 00:47:55.968000+00:00,ZETA-USDT-SWAP,5836000.0,1757292475968
2025-09-08 00:47:55.970000+00:00,ZIL-USDT-SWAP,161808200.0,1757292475970
2025-09-08 00:47:56.395000+00:00,ZK-USDT-SWAP,49889730.0,1757292476395
2025-09-08 00:47:56.406000+00:00,ZRO-USDT-SWAP,2111388.0,1757292476406
2025-09-08 00:47:56.391000+00:00,ZRX-USDT-SWAP,8381280.0,1757292476391
2025-09-08 00:48:57.090000+00:00,1INCH-USDT-SWAP,8242036.0,1757292537090
2025-09-08 00:48:57.127000+00:00,A-USDT-SWAP,9687090.0,1757292537127
2025-09-08 00:48:57.128000+00:00,AAVE-USDT-SWAP,130731.05000000003,1757292537128
2025-09-08 00:48:57.110000+00:00,ACE-USDT-SWAP,1938061.0,1757292537110
2025-09-08 00:48:57.096000+00:00,ACH-USDT-SWAP,77934200.0,1757292537096
2025-09-08 00:48:57.128000+00:00,ACT-USDT-SWAP,83603522.0,1757292537128
2025-09-08 00:48:57.105000+00:00,ADA-USDT-SWAP,78390310.00000003,1757292537105
2025-09-08 00:48:57.112000+00:00,AERO-USDT-SWAP,1675810.0,1757292537112
2025-09-08 00:48:57.111000+00:00,AEVO-USDT-SWAP,12872886.0,1757292537111
2025-09-08 00:48:57.102000+00:00,AGLD-USDT-SWAP,1917658.0,1757292537102
2025-09-08 00:48:57.528000+00:00,AI16Z-USDT-SWAP,50009060.0,1757292537528
2025-09-08 00:48:57.551000+00:00,AIXBT-USDT-SWAP,24271280.0,1757292537551
2025-09-08 00:48:57.525000+00:00,ALCH-USDT-SWAP,23092360.0,1757292537525
2025-09-08 00:48:57.553000+00:00,ALGO-USDT-SWAP,27921200.0,1757292537553
2025-09-08 00:48:57.528000+00:00,ANIME-USDT-SWAP,106942750.0,1757292537528
2025-09-08 00:48:57.535000+00:00,APE-USDT-SWAP,8355623.4,1757292537535
2025-09-08 00:48:57.547000+00:00,API3-USDT-SWAP,3738772.0,1757292537547
2025-09-08 00:48:57.534000+00:00,APT-USDT-SWAP,3657321.0,1757292537534
2025-09-08 00:48:57.538000+00:00,AR-USDT-SWAP,520000.1,1757292537538
2025-09-08 00:48:57.534000+00:00,ARB-USDT-SWAP,33014437.99999999,1757292537534
2025-09-08 00:48:57.987000+00:00,ARC-USDT-SWAP,62912890.0,1757292537987
2025-09-08 00:48:58.008000+00:00,ARKM-USDT-SWAP,3483419.0,1757292538008
2025-09-08 00:48:57.981000+00:00,ATH-USDT-SWAP,141177400.0,1757292537981
2025-09-08 00:48:57.980000+00:00,ATOM-USDT-SWAP,1911705.0,1757292537980
2025-09-08 00:48:57.985000+00:00,AUCTION-USDT-SWAP,214693.7,1757292537985
2025-09-08 00:48:58+00:00,AVAAI-USDT-SWAP,53189300.0,1757292538000
2025-09-08 00:48:57.995000+00:00,AVAX-USDT-SWAP,1879630.0999999996,1757292537995
2025-09-08 00:48:58.015000+00:00,AXS-USDT-SWAP,1186055.0,1757292538015
2025-09-08 00:48:57.979000+00:00,BABY-USDT-SWAP,39186470.0,1757292537979
2025-09-08 00:48:57.998000+00:00,BAND-USDT-SWAP,1521513.0,1757292537998
2025-09-08 00:48:58.430000+00:00,BAT-USDT-SWAP,5678450.0,1757292538430
2025-09-08 00:48:58.440000+00:00,BCH-USDT-SWAP,83130.75999999998,1757292538440
2025-09-08 00:48:58.440000+00:00,BERA-USDT-SWAP,2310409.4,1757292538440
2025-09-08 00:48:58.433000+00:00,BICO-USDT-SWAP,6690040.0,1757292538433
2025-09-08 00:48:58.439000+00:00,BIGTIME-USDT-SWAP,42008840.0,1757292538439
2025-09-08 00:48:58.450000+00:00,BIO-USDT-SWAP,71246245.0,1757292538450
2025-09-08 00:48:58.452000+00:00,BLUR-USDT-SWAP,25376750.0,1757292538452
2025-09-08 00:48:58.444000+00:00,BNB-USDT-SWAP,96580.76,1757292538444
2025-09-08 00:48:58.438000+00:00,BNT-USDT-SWAP,733250.0,1757292538438
2025-09-08 00:48:58.440000+00:00,BOME-USDT-SWAP,1393522000.0,1757292538440
2025-09-08 00:48:58.836000+00:00,BONK-USDT-SWAP,479903200000.0,1757292538836
2025-09-08 00:48:58.840000+00:00,BRETT-USDT-SWAP,13194700.0,1757292538840
2025-09-08 00:48:58.836000+00:00,BTC-USDT-SWAP,26518.380600000055,1757292538836
2025-09-08 00:48:58.837000+00:00,CAT-USDT-SWAP,197606800000.0,1757292538837
2025-09-08 00:48:58.847000+00:00,CATI-USDT-SWAP,17235943.0,1757292538847
2025-09-08 00:48:58.854000+00:00,CELO-USDT-SWAP,4444750.0,1757292538854
2025-09-08 00:48:58.851000+00:00,CETUS-USDT-SWAP,17908680.0,1757292538851
2025-09-08 00:48:58.838000+00:00,CFX-USDT-SWAP,76849450.0,1757292538838
2025-09-08 00:48:58.845000+00:00,CHZ-USDT-SWAP,78329340.0,1757292538845
2025-09-08 00:48:58.842000+00:00,COMP-USDT-SWAP,93280.8,1757292538842
2025-09-08 00:48:59.251000+00:00,COOKIE-USDT-SWAP,4462410.0,1757292539251
2025-09-08 00:48:59.261000+00:00,CORE-USDT-SWAP,9879623.0,1757292539261
2025-09-08 00:48:59.242000+00:00,CRO-USDT-SWAP,64155500.0,1757292539242
2025-09-08 00:48:59.240000+00:00,CRV-USDT-SWAP,25562279.0,1757292539240
2025-09-08 00:48:59.248000+00:00,CTC-USDT-SWAP,1713030.0,1757292539248
2025-09-08 00:48:59.250000+00:00,CVC-USDT-SWAP,9710200.0,1757292539250
2025-09-08 00:48:59.264000+00:00,CVX-USDT-SWAP,297168.0,1757292539264
2025-09-08 00:48:59.255000+00:00,DEGEN-USDT-SWAP,298582600.0,1757292539255
2025-09-08 00:48:59.250000+00:00,DGB-USDT-SWAP,49190100.0,1757292539250
2025-09-08 00:48:59.248000+00:00,DOG-USDT-SWAP,541504000.0,1757292539248
2025-09-08 00:48:59.645000+00:00,DOGE-USDT-SWAP,1523957409.9999995,1757292539645
2025-09-08 00:48:59.658000+00:00,DOGS-USDT-SWAP,18586044000.0,1757292539658
2025-09-08 00:48:59.659000+00:00,DOOD-USDT-SWAP,137269000.0,1757292539659
2025-09-08 00:48:59.660000+00:00,DOT-USDT-SWAP,6751267.0,1757292539660
2025-09-08 00:48:59.675000+00:00,DUCK-USDT-SWAP,836617300.0,1757292539675
2025-09-08 00:48:59.667000+00:00,DYDX-USDT-SWAP,9122975.0,1757292539667
2025-09-08 00:48:59.661000+00:00,EGLD-USDT-SWAP,100105.8,1757292539661
2025-09-08 00:48:59.671000+00:00,EIGEN-USDT-SWAP,3840529.0,1757292539671
2025-09-08 00:48:59.656000+00:00,ENJ-USDT-SWAP,13296390.0,1757292539656
2025-09-08 00:48:59.669000+00:00,ENS-USDT-SWAP,363636.4,1757292539669
2025-09-08 00:49:00.091000+00:00,ETC-USDT-SWAP,1084951.0000000002,1757292540091
2025-09-08 00:49:00.081000+00:00,ETH-USDT-SWAP,723756.7230000021,1757292540081
2025-09-08 00:49:00.083000+00:00,ETHFI-USDT-SWAP,8447780.0,1757292540083
2025-09-08 00:49:00.082000+00:00,ETHW-USDT-SWAP,1284907.3,1757292540082
2025-09-08 00:49:00.091000+00:00,FARTCOIN-USDT-SWAP,21256321.0,1757292540091
2025-09-08 00:49:00.110000+00:00,FIL-USDT-SWAP,14396048.0,1757292540110
2025-09-08 00:49:00.108000+00:00,FLM-USDT-SWAP,26414980.0,1757292540108
2025-09-08 00:49:00.086000+00:00,FLOKI-USDT-SWAP,41769600000.0,1757292540086
2025-09-08 00:49:00.090000+00:00,FLOW-USDT-SWAP,4488600.0,1757292540090
2025-09-08 00:49:00.239000+00:00,FXS-USDT-SWAP,249739.0,1757292540239
2025-09-08 00:49:00.625000+00:00,GALA-USDT-SWAP,434608370.0,1757292540625
2025-09-08 00:49:00.640000+00:00,GAS-USDT-SWAP,465294.0,1757292540640
2025-09-08 00:49:00.624000+00:00,GLM-USDT-SWAP,2666310.0,1757292540624
2025-09-08 00:49:00.636000+00:00,GMT-USDT-SWAP,47260750.0,1757292540636
2025-09-08 00:49:00.633000+00:00,GMX-USDT-SWAP,71841.4,1757292540633
2025-09-08 00:49:00.641000+00:00,GOAT-USDT-SWAP,25819450.0,1757292540641
2025-09-08 00:49:00.636000+00:00,GODS-USDT-SWAP,6396841.0,1757292540636
2025-09-08 00:49:00.621000+00:00,GPS-USDT-SWAP,227897880.0,1757292540621
2025-09-08 00:49:00.630000+00:00,GRASS-USDT-SWAP,2815695.0,1757292540630
2025-09-08 00:49:00.629000+00:00,GRIFFAIN-USDT-SWAP,25218270.0,1757292540629
2025-09-08 00:49:01.029000+00:00,GRT-USDT-SWAP,21510600.0,1757292541029
2025-09-08 00:49:01.040000+00:00,H-USDT-SWAP,62791200.0,1757292541040
2025-09-08 00:49:01.026000+00:00,HBAR-USDT-SWAP,74683400.0,1757292541026
2025-09-08 00:49:01.026000+00:00,HMSTR-USDT-SWAP,955224000.0,1757292541026
2025-09-08 00:49:01.033000+00:00,HOME-USDT-SWAP,23223200.0,1757292541033
2025-09-08 00:49:01.041000+00:00,HUMA-USDT-SWAP,95213800.0,1757292541041
2025-09-08 00:49:01.042000+00:00,HYPE-USDT-SWAP,807886.6,1757292541042
2025-09-08 00:49:01.031000+00:00,ICP-USDT-SWAP,1178113.95,1757292541031
2025-09-08 00:49:01.026000+00:00,ICX-USDT-SWAP,6355330.0,1757292541026
2025-09-08 00:49:01.039000+00:00,IMX-USDT-SWAP,6435783.0,1757292541039
2025-09-08 00:49:01.446000+00:00,INIT-USDT-SWAP,2443490.0,1757292541446
2025-09-08 00:49:01.458000+00:00,INJ-USDT-SWAP,889993.6,1757292541458
2025-09-08 00:49:01.449000+00:00,IOST-USDT-SWAP,314058000.0,1757292541449
2025-09-08 00:49:01.435000+00:00,IOTA-USDT-SWAP,15983700.0,1757292541435
2025-09-08 00:49:01.445000+00:00,IP-USDT-SWAP,3423778.0,1757292541445
2025-09-08 00:49:01.458000+00:00,JELLYJELLY-USDT-SWAP,218372700.0,1757292541458
2025-09-08 00:49:01.454000+00:00,JOE-USDT-SWAP,7192070.0,1757292541454
2025-09-08 00:49:01.445000+00:00,JTO-USDT-SWAP,2953119.0,1757292541445
2025-09-08 00:49:01.465000+00:00,JUP-USDT-SWAP,15087650.0,1757292541465
2025-09-08 00:49:01.900000+00:00,KAITO-USDT-SWAP,3271092.0,1757292541900
2025-09-08 00:49:01.916000+00:00,KMNO-USDT-SWAP,18546300.0,1757292541916
2025-09-08 00:49:01.910000+00:00,KSM-USDT-SWAP,127274.8,1757292541910
2025-09-08 00:49:01.899000+00:00,LA-USDT-SWAP,2959830.0,1757292541899
2025-09-08 00:49:01.919000+00:00,LAUNCHCOIN-USDT-SWAP,38649740.0,1757292541919
2025-09-08 00:49:01.918000+00:00,LAYER-USDT-SWAP,5826693.0,1757292541918
2025-09-08 00:49:01.927000+00:00,LDO-USDT-SWAP,14267183.0,1757292541927
2025-09-08 00:49:01.910000+00:00,LINK-USDT-SWAP,2518303.1999999997,1757292541910
2025-09-08 00:49:01.914000+00:00,LPT-USDT-SWAP,864194.9,1757292541914
2025-09-08 00:49:01.915000+00:00,LQTY-USDT-SWAP,1572587.0,1757292541915
2025-09-08 00:49:02.316000+00:00,LRC-USDT-SWAP,16548950.0,1757292542316
2025-09-08 00:49:02.333000+00:00,LTC-USDT-SWAP,633462.8000000002,1757292542333
2025-09-08 00:49:02.314000+00:00,LUNA-USDT-SWAP,15367632.0,1757292542314
2025-09-08 00:49:02.323000+00:00,LUNC-USDT-SWAP,33043230000.0,1757292542323
2025-09-08 00:49:02.336000+00:00,MAGIC-USDT-SWAP,19896595.0,1757292542336
2025-09-08 00:49:02.330000+00:00,MAJOR-USDT-SWAP,4837613.0,1757292542330
2025-09-08 00:49:02.332000+00:00,MANA-USDT-SWAP,11610660.0,1757292542332
2025-09-08 00:49:02.452000+00:00,MASK-USDT-SWAP,3136055.0,1757292542452
2025-09-08 00:49:02.330000+00:00,ME-USDT-SWAP,3105795.0,1757292542330
2025-09-08 00:49:02.325000+00:00,MEME-USDT-SWAP,1750986700.0,1757292542325
2025-09-08 00:49:02.844000+00:00,MERL-USDT-SWAP,55701563.0,1757292542844
2025-09-08 00:49:02.840000+00:00,METIS-USDT-SWAP,97400.2,1757292542840
2025-09-08 00:49:02.837000+00:00,MEW-USDT-SWAP,1014388000.0,1757292542837
2025-09-08 00:49:02.843000+00:00,MINA-USDT-SWAP,7694946.0,1757292542843
2025-09-08 00:49:02.848000+00:00,MOG-USDT-SWAP,650684000000.0,1757292542848
2025-09-08 00:49:02.852000+00:00,MOODENG-USDT-SWAP,46209250.0,1757292542852
2025-09-08 00:49:02.838000+00:00,MORPHO-USDT-SWAP,1342961.0,1757292542838
2025-09-08 00:49:02.843000+00:00,MOVE-USDT-SWAP,29348390.0,1757292542843
2025-09-08 00:49:02.840000+00:00,MUBARAK-USDT-SWAP,14079000.0,1757292542840
2025-09-08 00:49:03.268000+00:00,NEAR-USDT-SWAP,5350600.999999999,1757292543268
2025-09-08 00:49:03.266000+00:00,NEIRO-USDT-SWAP,8835315000.0,1757292543266
2025-09-08 00:49:03.251000+00:00,NEIROETH-USDT-SWAP,29010700.0,1757292543251
2025-09-08 00:49:03.245000+00:00,NEO-USDT-SWAP,301180.0,1757292543245
2025-09-08 00:49:03.253000+00:00,NEWT-USDT-SWAP,3744810.0,1757292543253
2025-09-08 00:49:03.282000+00:00,NMR-USDT-SWAP,607887.8,1757292543282
2025-09-08 00:49:03.250000+00:00,NOT-USDT-SWAP,1737343700.0,1757292543250
2025-09-08 00:49:03.271000+00:00,NXPC-USDT-SWAP,856264.0,1757292543271
2025-09-08 00:49:03.254000+00:00,OL-USDT-SWAP,89787420.0,1757292543254
2025-09-08 00:49:03.278000+00:00,OM-USDT-SWAP,26819560.0,1757292543278
2025-09-08 00:49:03.667000+00:00,ONDO-USDT-SWAP,19664400.0,1757292543667
2025-09-08 00:49:03.681000+00:00,ONE-USDT-SWAP,80860500.0,1757292543681
2025-09-08 00:49:03.669000+00:00,ONT-USDT-SWAP,13567320.0,1757292543669
2025-09-08 00:49:03.672000+00:00,OP-USDT-SWAP,20687766.0,1757292543672
2025-09-08 00:49:03.700000+00:00,ORBS-USDT-SWAP,26741400.0,1757292543700
2025-09-08 00:49:03.696000+00:00,ORDI-USDT-SWAP,1160915.5,1757292543696
2025-09-08 00:49:03.691000+00:00,PARTI-USDT-SWAP,13249870.0,1757292543691
2025-09-08 00:49:03.684000+00:00,PENGU-USDT-SWAP,578331300.0,1757292543684
2025-09-08 00:49:03.666000+00:00,PEOPLE-USDT-SWAP,301761400.0,1757292543666
2025-09-08 00:49:03.678000+00:00,PEPE-USDT-SWAP,6565388000000.003,1757292543678
2025-09-08 00:49:04.101000+00:00,PERP-USDT-SWAP,2542140.0,1757292544101
2025-09-08 00:49:04.100000+00:00,PI-USDT-SWAP,31426345.0,1757292544100
2025-09-08 00:49:04.089000+00:00,PLUME-USDT-SWAP,15351180.0,1757292544089
2025-09-08 00:49:04.094000+00:00,PNUT-USDT-SWAP,39112140.0,1757292544094
2025-09-08 00:49:04.098000+00:00,POL-USDT-SWAP,37909740.0,1757292544098
2025-09-08 00:49:04.098000+00:00,POPCAT-USDT-SWAP,10420550.0,1757292544098
2025-09-08 00:49:04.089000+00:00,PRCL-USDT-SWAP,17968703.0,1757292544089
2025-09-08 00:49:04.091000+00:00,PROMPT-USDT-SWAP,31499990.0,1757292544091
2025-09-08 00:49:04.092000+00:00,PUMP-USDT-SWAP,6904674000.0,1757292544092
2025-09-08 00:49:04.091000+00:00,PYTH-USDT-SWAP,46813060.0,1757292544091
2025-09-08 00:49:04.495000+00:00,QTUM-USDT-SWAP,1278096.0,1757292544495
2025-09-08 00:49:04.625000+00:00,RAY-USDT-SWAP,950930.0,1757292544625
2025-09-08 00:49:04.492000+00:00,RENDER-USDT-SWAP,1361011.0,1757292544492
2025-09-08 00:49:04.491000+00:00,RESOLV-USDT-SWAP,27578030.0,1757292544491
2025-09-08 00:49:04.499000+00:00,RSR-USDT-SWAP,252421100.0,1757292544499
2025-09-08 00:49:04.495000+00:00,RVN-USDT-SWAP,80604090.0,1757292544495
2025-09-08 00:49:04.506000+00:00,S-USDT-SWAP,13316540.0,1757292544506
2025-09-08 00:49:04.494000+00:00,SAHARA-USDT-SWAP,55789720.0,1757292544494
2025-09-08 00:49:04.495000+00:00,SAND-USDT-SWAP,19790060.0,1757292544495
2025-09-08 00:49:04.504000+00:00,SATS-USDT-SWAP,172768750000000.0,1757292544504
2025-09-08 00:49:05.024000+00:00,SCR-USDT-SWAP,3245430.0,1757292545024
2025-09-08 00:49:05.010000+00:00,SHELL-USDT-SWAP,5698760.0,1757292545010
2025-09-08 00:49:05.024000+00:00,SHIB-USDT-SWAP,1405499100000.0,1757292545024
2025-09-08 00:49:05.004000+00:00,SIGN-USDT-SWAP,46079700.0,1757292545004
2025-09-08 00:49:05.023000+00:00,SLP-USDT-SWAP,449469640.0,1757292545023
2025-09-08 00:49:05.022000+00:00,SNX-USDT-SWAP,2526619.0,1757292545022
2025-09-08 00:49:05.016000+00:00,SOL-USDT-SWAP,3235380.2500000023,1757292545016
2025-09-08 00:49:05.024000+00:00,SOLV-USDT-SWAP,57577000.0,1757292545024
2025-09-08 00:49:05.005000+00:00,SONIC-USDT-SWAP,7265073.0,1757292545005
2025-09-08 00:49:05.021000+00:00,SOON-USDT-SWAP,10311730.0,1757292545021
2025-09-08 00:49:05.435000+00:00,SOPH-USDT-SWAP,87522800.0,1757292545435
2025-09-08 00:49:05.467000+00:00,SPK-USDT-SWAP,151501800.0,1757292545467
2025-09-08 00:49:05.431000+00:00,SPX-USDT-SWAP,1295375.0,1757292545431
2025-09-08 00:49:05.431000+00:00,SSV-USDT-SWAP,306304.3,1757292545431
2025-09-08 00:49:05.452000+00:00,STORJ-USDT-SWAP,5567600.0,1757292545452
2025-09-08 00:49:05.443000+00:00,STRK-USDT-SWAP,25008394.0,1757292545443
2025-09-08 00:49:05.436000+00:00,STX-USDT-SWAP,6677130.0,1757292545436
2025-09-08 00:49:05.448000+00:00,SUI-USDT-SWAP,20576797.0,1757292545448
2025-09-08 00:49:05.442000+00:00,SUSHI-USDT-SWAP,8247124.0,1757292545442
2025-09-08 00:49:05.436000+00:00,SWARMS-USDT-SWAP,83620080.0,1757292545436
2025-09-08 00:49:05.855000+00:00,SYRUP-USDT-SWAP,3274120.0,1757292545855
2025-09-08 00:49:05.865000+00:00,T-USDT-SWAP,39259100.0,1757292545865
2025-09-08 00:49:05.858000+00:00,TAO-USDT-SWAP,15573.79,1757292545858
2025-09-08 00:49:05.853000+00:00,THETA-USDT-SWAP,2639407.999999999,1757292545853
2025-09-08 00:49:05.861000+00:00,TIA-USDT-SWAP,5456746.0,1757292545861
2025-09-08 00:49:05.882000+00:00,TNSR-USDT-SWAP,8241188.0,1757292545882
2025-09-08 00:49:05.866000+00:00,TON-USDT-SWAP,9522281.0,1757292545866
2025-09-08 00:49:05.877000+00:00,TRB-USDT-SWAP,275215.0,1757292545877
2025-09-08 00:49:05.877000+00:00,TREE-USDT-SWAP,6975059.0,1757292545877
2025-09-08 00:49:05.866000+00:00,TRUMP-USDT-SWAP,5420467.9,1757292545866
2025-09-08 00:49:06.285000+00:00,TRX-USDT-SWAP,110382070.00000007,1757292546285
2025-09-08 00:49:06.285000+00:00,TURBO-USDT-SWAP,793348000.0000002,1757292546285
2025-09-08 00:49:06.291000+00:00,UMA-USDT-SWAP,1473554.4,1757292546291
2025-09-08 00:49:06.289000+00:00,UNI-USDT-SWAP,3158966.0,1757292546289
2025-09-08 00:49:06.294000+00:00,USDC-USDT-SWAP,1100160.0,1757292546294
2025-09-08 00:49:06.303000+00:00,USELESS-USDT-SWAP,15058490.0,1757292546303
2025-09-08 00:49:06.289000+00:00,USTC-USDT-SWAP,139898700.0,1757292546289
2025-09-08 00:49:06.314000+00:00,UXLINK-USDT-SWAP,5812400.0,1757292546314
2025-09-08 00:49:06.289000+00:00,VANA-USDT-SWAP,136944.1,1757292546289
2025-09-08 00:49:06.317000+00:00,VINE-USDT-SWAP,104720970.0,1757292546317
2025-09-08 00:49:06.731000+00:00,VIRTUAL-USDT-SWAP,3274381.0,1757292546731
2025-09-08 00:49:06.719000+00:00,W-USDT-SWAP,47499662.0,1757292546719
2025-09-08 00:49:06.722000+00:00,WAL-USDT-SWAP,2099790.0,1757292546722
2025-09-08 00:49:06.715000+00:00,WAXP-USDT-SWAP,28285200.0,1757292546715
2025-09-08 00:49:06.728000+00:00,WCT-USDT-SWAP,10284490.0,1757292546728
2025-09-08 00:49:06.726000+00:00,WIF-USDT-SWAP,16490208.0,1757292546726
2025-09-08 00:49:06.727000+00:00,WLD-USDT-SWAP,35496931.0,1757292546727
2025-09-08 00:49:06.750000+00:00,WLFI-USDT-SWAP,293916470.0,1757292546750
2025-09-08 00:49:06.720000+00:00,WOO-USDT-SWAP,15133660.0,1757292546720
2025-09-08 00:49:06.722000+00:00,XAUT-USDT-SWAP,5732.055,1757292546722
2025-09-08 00:49:07.130000+00:00,XLM-USDT-SWAP,39332799.99999999,1757292547130
2025-09-08 00:49:07.137000+00:00,XPL-USDT-SWAP,6942500.0,1757292547137
2025-09-08 00:49:07.137000+00:00,XRP-USDT-SWAP,91360827.99999999,1757292547137
2025-09-08 00:49:07.128000+00:00,XTZ-USDT-SWAP,5583072.0,1757292547128
2025-09-08 00:49:07.139000+00:00,YFI-USDT-SWAP,365.4615,1757292547139
2025-09-08 00:49:07.140000+00:00,YGG-USDT-SWAP,28604802.0,1757292547140
2025-09-08 00:49:07.150000+00:00,ZENT-USDT-SWAP,239293300.0,1757292547150
2025-09-08 00:49:07.141000+00:00,ZEREBRO-USDT-SWAP,81660490.0,1757292547141
2025-09-08 00:49:07.144000+00:00,ZETA-USDT-SWAP,5836000.0,1757292547144
2025-09-08 00:49:07.143000+00:00,ZIL-USDT-SWAP,161831900.0,1757292547143
2025-09-08 00:49:07.559000+00:00,ZK-USDT-SWAP,49890530.0,1757292547559
2025-09-08 00:49:07.560000+00:00,ZRO-USDT-SWAP,2110564.0,1757292547560
2025-09-08 00:49:07.544000+00:00,ZRX-USDT-SWAP,8382310.0,1757292547544
2025-09-08 00:50:08.242000+00:00,1INCH-USDT-SWAP,8255356.0,1757292608242
2025-09-08 00:50:08.246000+00:00,A-USDT-SWAP,9687410.0,1757292608246
2025-09-08 00:50:08.248000+00:00,AAVE-USDT-SWAP,130741.13000000002,1757292608248
2025-09-08 00:50:08.240000+00:00,ACE-USDT-SWAP,1938061.0,1757292608240
2025-09-08 00:50:08.246000+00:00,ACH-USDT-SWAP,77934200.0,1757292608246
2025-09-08 00:50:08.247000+00:00,ACT-USDT-SWAP,83588313.0,1757292608247
2025-09-08 00:50:08.241000+00:00,ADA-USDT-SWAP,78368660.00000003,1757292608241
2025-09-08 00:50:08.273000+00:00,AERO-USDT-SWAP,1675860.0,1757292608273
2025-09-08 00:50:08.241000+00:00,AEVO-USDT-SWAP,12872807.0,1757292608241
2025-09-08 00:50:08.245000+00:00,AGLD-USDT-SWAP,1917522.0,1757292608245
2025-09-08 00:50:08.685000+00:00,AI16Z-USDT-SWAP,50001027.0,1757292608685
2025-09-08 00:50:08.675000+00:00,AIXBT-USDT-SWAP,24231370.0,1757292608675
2025-09-08 00:50:08.683000+00:00,ALCH-USDT-SWAP,23093870.0,1757292608683
2025-09-08 00:50:08.670000+00:00,ALGO-USDT-SWAP,27917610.0,1757292608670
2025-09-08 00:50:08.685000+00:00,ANIME-USDT-SWAP,106922160.0,1757292608685
2025-09-08 00:50:08.683000+00:00,APE-USDT-SWAP,8357163.4,1757292608683
2025-09-08 00:50:08.789000+00:00,API3-USDT-SWAP,3738364.0,1757292608789
2025-09-08 00:50:08.668000+00:00,APT-USDT-SWAP,3657239.0,1757292608668
2025-09-08 00:50:08.674000+00:00,AR-USDT-SWAP,520156.8,1757292608674
2025-09-08 00:50:08.686000+00:00,ARB-USDT-SWAP,33014337.99999999,1757292608686
2025-09-08 00:50:09.181000+00:00,ARC-USDT-SWAP,62792950.0,1757292609181
2025-09-08 00:50:09.203000+00:00,ARKM-USDT-SWAP,3483463.0,1757292609203
2025-09-08 00:50:09.180000+00:00,ATH-USDT-SWAP,141177400.0,1757292609180
2025-09-08 00:50:09.188000+00:00,ATOM-USDT-SWAP,1911651.0,1757292609188
2025-09-08 00:50:09.179000+00:00,AUCTION-USDT-SWAP,214656.5,1757292609179
2025-09-08 00:50:09.200000+00:00,AVAAI-USDT-SWAP,53171770.0,1757292609200
2025-09-08 00:50:09.193000+00:00,AVAX-USDT-SWAP,1879340.3999999997,1757292609193
2025-09-08 00:50:09.183000+00:00,AXS-USDT-SWAP,1185369.1,1757292609183
2025-09-08 00:50:09.201000+00:00,BABY-USDT-SWAP,39188820.0,1757292609201
2025-09-08 00:50:09.186000+00:00,BAND-USDT-SWAP,1520904.0,1757292609186
2025-09-08 00:50:09.599000+00:00,BAT-USDT-SWAP,5678450.0,1757292609599
2025-09-08 00:50:09.591000+00:00,BCH-USDT-SWAP,83172.22999999998,1757292609591
2025-09-08 00:50:09.591000+00:00,BERA-USDT-SWAP,2310105.2,1757292609591
2025-09-08 00:50:09.590000+00:00,BICO-USDT-SWAP,6690065.0,1757292609590
2025-09-08 00:50:09.592000+00:00,BIGTIME-USDT-SWAP,41997900.0,1757292609592
2025-09-08 00:50:09.615000+00:00,BIO-USDT-SWAP,71252345.0,1757292609615
2025-09-08 00:50:09.623000+00:00,BLUR-USDT-SWAP,25374270.0,1757292609623
2025-09-08 00:50:09.593000+00:00,BNB-USDT-SWAP,96571.45,1757292609593
2025-09-08 00:50:09.596000+00:00,BNT-USDT-SWAP,733250.0,1757292609596
2025-09-08 00:50:09.614000+00:00,BOME-USDT-SWAP,1393565000.0,1757292609614
2025-09-08 00:50:10.024000+00:00,BONK-USDT-SWAP,480176200000.0,1757292610024
2025-09-08 00:50:10.038000+00:00,BRETT-USDT-SWAP,13194200.0,1757292610038
2025-09-08 00:50:10.023000+00:00,BTC-USDT-SWAP,26520.880100000053,1757292610023
2025-09-08 00:50:10.027000+00:00,CAT-USDT-SWAP,197616400000.0,1757292610027
2025-09-08 00:50:10.030000+00:00,CATI-USDT-SWAP,17233995.0,1757292610030
2025-09-08 00:50:10.040000+00:00,CELO-USDT-SWAP,4444631.0,1757292610040
2025-09-08 00:50:10.031000+00:00,CETUS-USDT-SWAP,17918760.0,1757292610031
2025-09-08 00:50:10.038000+00:00,CFX-USDT-SWAP,76860190.0,1757292610038
2025-09-08 00:50:10.023000+00:00,CHZ-USDT-SWAP,78341620.0,1757292610023
2025-09-08 00:50:10.034000+00:00,COMP-USDT-SWAP,93280.5,1757292610034
2025-09-08 00:50:10.459000+00:00,COOKIE-USDT-SWAP,4459750.0,1757292610459
2025-09-08 00:50:10.450000+00:00,CORE-USDT-SWAP,9879366.0,1757292610450
2025-09-08 00:50:10.446000+00:00,CRO-USDT-SWAP,64152960.0,1757292610446
2025-09-08 00:50:10.445000+00:00,CRV-USDT-SWAP,25565860.0,1757292610445
2025-09-08 00:50:10.453000+00:00,CTC-USDT-SWAP,1712970.0,1757292610453
2025-09-08 00:50:10.450000+00:00,CVC-USDT-SWAP,9708300.0,1757292610450
2025-09-08 00:50:10.466000+00:00,CVX-USDT-SWAP,297050.0,1757292610466
2025-09-08 00:50:10.458000+00:00,DEGEN-USDT-SWAP,298616800.0,1757292610458
2025-09-08 00:50:10.443000+00:00,DGB-USDT-SWAP,49190100.0,1757292610443
2025-09-08 00:50:10.466000+00:00,DOG-USDT-SWAP,541594000.0,1757292610466
2025-09-08 00:50:10.876000+00:00,DOGE-USDT-SWAP,1524489029.9999995,1757292610876
2025-09-08 00:50:10.865000+00:00,DOGS-USDT-SWAP,18586052000.0,1757292610865
2025-09-08 00:50:10.905000+00:00,DOOD-USDT-SWAP,137296000.0,1757292610905
2025-09-08 00:50:10.863000+00:00,DOT-USDT-SWAP,6788371.0,1757292610863
2025-09-08 00:50:10.860000+00:00,DUCK-USDT-SWAP,836617700.0,1757292610860
2025-09-08 00:50:10.868000+00:00,DYDX-USDT-SWAP,9118627.0,1757292610868
2025-09-08 00:50:10.916000+00:00,EGLD-USDT-SWAP,100105.8,1757292610916
2025-09-08 00:50:10.866000+00:00,EIGEN-USDT-SWAP,3833299.0,1757292610866
2025-09-08 00:50:10.862000+00:00,ENJ-USDT-SWAP,13298390.0,1757292610862
2025-09-08 00:50:10.874000+00:00,ENS-USDT-SWAP,363669.2,1757292610874
2025-09-08 00:50:11.320000+00:00,ETC-USDT-SWAP,1084895.2000000002,1757292611320
2025-09-08 00:50:11.323000+00:00,ETH-USDT-SWAP,723882.3410000021,1757292611323
2025-09-08 00:50:11.329000+00:00,ETHFI-USDT-SWAP,8448286.0,1757292611329
2025-09-08 00:50:11.323000+00:00,ETHW-USDT-SWAP,1284907.3,1757292611323
2025-09-08 00:50:11.320000+00:00,FARTCOIN-USDT-SWAP,21247310.0,1757292611320
2025-09-08 00:50:11.344000+00:00,FIL-USDT-SWAP,14395517.5,1757292611344
2025-09-08 00:50:11.349000+00:00,FLM-USDT-SWAP,26415510.0,1757292611349
2025-09-08 00:50:11.327000+00:00,FLOKI-USDT-SWAP,41770500000.0,1757292611327
2025-09-08 00:50:11.332000+00:00,FLOW-USDT-SWAP,4489470.0,1757292611332
2025-09-08 00:50:11.340000+00:00,FXS-USDT-SWAP,249723.0,1757292611340
2025-09-08 00:50:11.741000+00:00,GALA-USDT-SWAP,434762330.0,1757292611741
2025-09-08 00:50:11.747000+00:00,GAS-USDT-SWAP,465294.0,1757292611747
2025-09-08 00:50:11.753000+00:00,GLM-USDT-SWAP,2666310.0,1757292611753
2025-09-08 00:50:11.748000+00:00,GMT-USDT-SWAP,47267310.0,1757292611748
2025-09-08 00:50:11.746000+00:00,GMX-USDT-SWAP,71852.1,1757292611746
2025-09-08 00:50:11.760000+00:00,GOAT-USDT-SWAP,25815140.0,1757292611760
2025-09-08 00:50:11.758000+00:00,GODS-USDT-SWAP,6396841.0,1757292611758
2025-09-08 00:50:11.885000+00:00,GPS-USDT-SWAP,228176010.0,1757292611885
2025-09-08 00:50:11.883000+00:00,GRASS-USDT-SWAP,2822506.0,1757292611883
2025-09-08 00:50:11.758000+00:00,GRIFFAIN-USDT-SWAP,25211770.0,1757292611758
2025-09-08 00:50:12.287000+00:00,GRT-USDT-SWAP,21516760.0,1757292612287
2025-09-08 00:50:12.272000+00:00,H-USDT-SWAP,62819400.0,1757292612272
2025-09-08 00:50:12.281000+00:00,HBAR-USDT-SWAP,74683770.0,1757292612281
2025-09-08 00:50:12.269000+00:00,HMSTR-USDT-SWAP,955640900.0,1757292612269
2025-09-08 00:50:12.269000+00:00,HOME-USDT-SWAP,23256800.0,1757292612269
2025-09-08 00:50:12.275000+00:00,HUMA-USDT-SWAP,95392600.0,1757292612275
2025-09-08 00:50:12.273000+00:00,HYPE-USDT-SWAP,807647.7,1757292612273
2025-09-08 00:50:12.281000+00:00,ICP-USDT-SWAP,1180739.49,1757292612281
2025-09-08 00:50:12.276000+00:00,ICX-USDT-SWAP,6355320.0,1757292612276
2025-09-08 00:50:12.275000+00:00,IMX-USDT-SWAP,6436221.0,1757292612275
2025-09-08 00:50:12.693000+00:00,INIT-USDT-SWAP,2444140.0,1757292612693
2025-09-08 00:50:12.696000+00:00,INJ-USDT-SWAP,890452.3,1757292612696
2025-09-08 00:50:12.683000+00:00,IOST-USDT-SWAP,314058000.0,1757292612683
2025-09-08 00:50:12.695000+00:00,IOTA-USDT-SWAP,15983370.0,1757292612695
2025-09-08 00:50:12.684000+00:00,IP-USDT-SWAP,3424278.0,1757292612684
2025-09-08 00:50:12.703000+00:00,JELLYJELLY-USDT-SWAP,218544800.0,1757292612703
2025-09-08 00:50:12.696000+00:00,JOE-USDT-SWAP,7192170.0,1757292612696
2025-09-08 00:50:12.687000+00:00,JTO-USDT-SWAP,2953664.0,1757292612687
2025-09-08 00:50:12.700000+00:00,JUP-USDT-SWAP,15088630.0,1757292612700
2025-09-08 00:50:13.126000+00:00,KAITO-USDT-SWAP,3271102.0,1757292613126
2025-09-08 00:50:13.126000+00:00,KMNO-USDT-SWAP,18589200.0,1757292613126
2025-09-08 00:50:13.120000+00:00,KSM-USDT-SWAP,127238.2,1757292613120
2025-09-08 00:50:13.113000+00:00,LA-USDT-SWAP,2962540.0,1757292613113
2025-09-08 00:50:13.119000+00:00,LAUNCHCOIN-USDT-SWAP,38668980.0,1757292613119
2025-09-08 00:50:13.122000+00:00,LAYER-USDT-SWAP,5826021.0,1757292613122
2025-09-08 00:50:13.118000+00:00,LDO-USDT-SWAP,14271611.0,1757292613118
2025-09-08 00:50:13.122000+00:00,LINK-USDT-SWAP,2514927.8,1757292613122
2025-09-08 00:50:13.125000+00:00,LPT-USDT-SWAP,864396.7,1757292613125
2025-09-08 00:50:13.136000+00:00,LQTY-USDT-SWAP,1572602.0,1757292613136
2025-09-08 00:50:13.540000+00:00,LRC-USDT-SWAP,16558950.0,1757292613540
2025-09-08 00:50:13.529000+00:00,LTC-USDT-SWAP,633397.7000000002,1757292613529
2025-09-08 00:50:13.530000+00:00,LUNA-USDT-SWAP,15367632.0,1757292613530
2025-09-08 00:50:13.531000+00:00,LUNC-USDT-SWAP,33040120000.0,1757292613531
2025-09-08 00:50:13.524000+00:00,MAGIC-USDT-SWAP,19892879.0,1757292613524
2025-09-08 00:50:13.543000+00:00,MAJOR-USDT-SWAP,4837596.0,1757292613543
2025-09-08 00:50:13.537000+00:00,MANA-USDT-SWAP,11613200.0,1757292613537
2025-09-08 00:50:13.518000+00:00,MASK-USDT-SWAP,3136036.0,1757292613518
2025-09-08 00:50:13.527000+00:00,ME-USDT-SWAP,3105727.0,1757292613527
2025-09-08 00:50:13.525000+00:00,MEME-USDT-SWAP,1750432100.0,1757292613525
2025-09-08 00:50:13.938000+00:00,MERL-USDT-SWAP,55692709.0,1757292613938
2025-09-08 00:50:13.931000+00:00,METIS-USDT-SWAP,97315.4,1757292613931
2025-09-08 00:50:13.939000+00:00,MEW-USDT-SWAP,1014566000.0,1757292613939
2025-09-08 00:50:13.931000+00:00,MINA-USDT-SWAP,7694643.0,1757292613931
2025-09-08 00:50:13.955000+00:00,MOG-USDT-SWAP,649915000000.0,1757292613955
2025-09-08 00:50:13.943000+00:00,MOODENG-USDT-SWAP,46208850.0,1757292613943
2025-09-08 00:50:13.929000+00:00,MORPHO-USDT-SWAP,1342347.0,1757292613929
2025-09-08 00:50:13.986000+00:00,MOVE-USDT-SWAP,29347250.0,1757292613986
2025-09-08 00:50:13.950000+00:00,MUBARAK-USDT-SWAP,14079000.0,1757292613950
2025-09-08 00:50:14.370000+00:00,NEAR-USDT-SWAP,5350532.999999999,1757292614370
2025-09-08 00:50:14.365000+00:00,NEIRO-USDT-SWAP,8834115000.0,1757292614365
2025-09-08 00:50:14.391000+00:00,NEIROETH-USDT-SWAP,29019900.0,1757292614391
2025-09-08 00:50:14.364000+00:00,NEO-USDT-SWAP,301215.0,1757292614364
2025-09-08 00:50:14.386000+00:00,NEWT-USDT-SWAP,3745510.0,1757292614386
2025-09-08 00:50:14.379000+00:00,NMR-USDT-SWAP,606609.1,1757292614379
2025-09-08 00:50:14.389000+00:00,NOT-USDT-SWAP,1737284000.0,1757292614389
2025-09-08 00:50:14.368000+00:00,NXPC-USDT-SWAP,856261.0,1757292614368
2025-09-08 00:50:14.375000+00:00,OL-USDT-SWAP,89804110.0,1757292614375
2025-09-08 00:50:14.379000+00:00,OM-USDT-SWAP,26813530.0,1757292614379
2025-09-08 00:50:14.781000+00:00,ONDO-USDT-SWAP,19665270.0,1757292614781
2025-09-08 00:50:14.932000+00:00,ONE-USDT-SWAP,80861500.0,1757292614932
2025-09-08 00:50:14.778000+00:00,ONT-USDT-SWAP,13567620.0,1757292614778
2025-09-08 00:50:14.786000+00:00,OP-USDT-SWAP,20689858.0,1757292614786
2025-09-08 00:50:14.790000+00:00,ORBS-USDT-SWAP,26741400.0,1757292614790
2025-09-08 00:50:14.789000+00:00,ORDI-USDT-SWAP,1161392.0,1757292614789
2025-09-08 00:50:14.784000+00:00,PARTI-USDT-SWAP,13247620.0,1757292614784
2025-09-08 00:50:14.783000+00:00,PENGU-USDT-SWAP,578275900.0,1757292614783
2025-09-08 00:50:14.789000+00:00,PEOPLE-USDT-SWAP,301695200.0,1757292614789
2025-09-08 00:50:14.790000+00:00,PEPE-USDT-SWAP,6563464000000.002,1757292614790
2025-09-08 00:50:15.326000+00:00,PERP-USDT-SWAP,2542140.0,1757292615326
2025-09-08 00:50:15.328000+00:00,PI-USDT-SWAP,31426854.0,1757292615328
2025-09-08 00:50:15.315000+00:00,PLUME-USDT-SWAP,15323130.0,1757292615315
2025-09-08 00:50:15.311000+00:00,PNUT-USDT-SWAP,39059770.0,1757292615311
2025-09-08 00:50:15.317000+00:00,POL-USDT-SWAP,37902630.0,1757292615317
2025-09-08 00:50:15.357000+00:00,POPCAT-USDT-SWAP,10423130.0,1757292615357
2025-09-08 00:50:15.327000+00:00,PRCL-USDT-SWAP,17964768.0,1757292615327
2025-09-08 00:50:15.318000+00:00,PROMPT-USDT-SWAP,31495340.0,1757292615318
2025-09-08 00:50:15.330000+00:00,PUMP-USDT-SWAP,6900097000.0,1757292615330
2025-09-08 00:50:15.331000+00:00,PYTH-USDT-SWAP,46804110.0,1757292615331
2025-09-08 00:50:15.756000+00:00,QTUM-USDT-SWAP,1278166.0,1757292615756
2025-09-08 00:50:15.759000+00:00,RAY-USDT-SWAP,950907.0,1757292615759
2025-09-08 00:50:15.769000+00:00,RENDER-USDT-SWAP,1360792.0,1757292615769
2025-09-08 00:50:15.758000+00:00,RESOLV-USDT-SWAP,27563720.0,1757292615758
2025-09-08 00:50:15.764000+00:00,RSR-USDT-SWAP,252351200.0,1757292615764
2025-09-08 00:50:15.769000+00:00,RVN-USDT-SWAP,80604090.0,1757292615769
2025-09-08 00:50:15.776000+00:00,S-USDT-SWAP,13312920.0,1757292615776
2025-09-08 00:50:15.756000+00:00,SAHARA-USDT-SWAP,55716430.0,1757292615756
2025-09-08 00:50:15.756000+00:00,SAND-USDT-SWAP,19790070.0,1757292615756
2025-09-08 00:50:15.768000+00:00,SATS-USDT-SWAP,172790980000000.0,1757292615768
2025-09-08 00:50:16.167000+00:00,SCR-USDT-SWAP,3245827.0,1757292616167
2025-09-08 00:50:16.179000+00:00,SHELL-USDT-SWAP,5696920.0,1757292616179
2025-09-08 00:50:16.177000+00:00,SHIB-USDT-SWAP,1405216000000.0,1757292616177
2025-09-08 00:50:16.174000+00:00,SIGN-USDT-SWAP,46079700.0,1757292616174
2025-09-08 00:50:16.179000+00:00,SLP-USDT-SWAP,449412970.0,1757292616179
2025-09-08 00:50:16.171000+00:00,SNX-USDT-SWAP,2526238.0,1757292616171
2025-09-08 00:50:16.183000+00:00,SOL-USDT-SWAP,3237132.230000002,1757292616183
2025-09-08 00:50:16.178000+00:00,SOLV-USDT-SWAP,57583400.0,1757292616178
2025-09-08 00:50:16.189000+00:00,SONIC-USDT-SWAP,7264539.0,1757292616189
2025-09-08 00:50:16.186000+00:00,SOON-USDT-SWAP,10236540.0,1757292616186
2025-09-08 00:50:16.578000+00:00,SOPH-USDT-SWAP,87534000.0,1757292616578
2025-09-08 00:50:16.579000+00:00,SPK-USDT-SWAP,151660100.0,1757292616579
2025-09-08 00:50:16.583000+00:00,SPX-USDT-SWAP,1293601.0,1757292616583
2025-09-08 00:50:16.578000+00:00,SSV-USDT-SWAP,306308.9,1757292616578
2025-09-08 00:50:16.582000+00:00,STORJ-USDT-SWAP,5567600.0,1757292616582
2025-09-08 00:50:16.586000+00:00,STRK-USDT-SWAP,24976251.0,1757292616586
2025-09-08 00:50:16.581000+00:00,STX-USDT-SWAP,6677813.0,1757292616581
2025-09-08 00:50:16.581000+00:00,SUI-USDT-SWAP,20587746.0,1757292616581
2025-09-08 00:50:16.571000+00:00,SUSHI-USDT-SWAP,8245918.0,1757292616571
2025-09-08 00:50:16.600000+00:00,SWARMS-USDT-SWAP,83641880.0,1757292616600
2025-09-08 00:50:16.993000+00:00,SYRUP-USDT-SWAP,3274700.0,1757292616993
2025-09-08 00:50:17.003000+00:00,T-USDT-SWAP,39259100.0,1757292617003
2025-09-08 00:50:17.002000+00:00,TAO-USDT-SWAP,15572.65,1757292617002
2025-09-08 00:50:17+00:00,THETA-USDT-SWAP,2640120.9999999995,1757292617000
2025-09-08 00:50:17.008000+00:00,TIA-USDT-SWAP,5457497.0,1757292617008
2025-09-08 00:50:17+00:00,TNSR-USDT-SWAP,8241370.0,1757292617000
2025-09-08 00:50:17.003000+00:00,TON-USDT-SWAP,9522093.0,1757292617003
2025-09-08 00:50:16.993000+00:00,TRB-USDT-SWAP,275210.5,1757292616993
2025-09-08 00:50:17.001000+00:00,TREE-USDT-SWAP,6976528.0,1757292617001
2025-09-08 00:50:17.017000+00:00,TRUMP-USDT-SWAP,5420305.2,1757292617017
2025-09-08 00:50:17.406000+00:00,TRX-USDT-SWAP,110351110.00000007,1757292617406
2025-09-08 00:50:17.404000+00:00,TURBO-USDT-SWAP,793231000.0000001,1757292617404
2025-09-08 00:50:17.405000+00:00,UMA-USDT-SWAP,1471838.0,1757292617405
2025-09-08 00:50:17.404000+00:00,UNI-USDT-SWAP,3159313.0,1757292617404
2025-09-08 00:50:17.405000+00:00,USDC-USDT-SWAP,1100160.0,1757292617405
2025-09-08 00:50:17.416000+00:00,USELESS-USDT-SWAP,15043150.0,1757292617416
2025-09-08 00:50:17.420000+00:00,USTC-USDT-SWAP,139898700.0,1757292617420
2025-09-08 00:50:17.403000+00:00,UXLINK-USDT-SWAP,5811450.0,1757292617403
2025-09-08 00:50:17.406000+00:00,VANA-USDT-SWAP,138177.7,1757292617406
2025-09-08 00:50:17.411000+00:00,VINE-USDT-SWAP,104690160.0,1757292617411
2025-09-08 00:50:17.811000+00:00,VIRTUAL-USDT-SWAP,3274494.0,1757292617811
2025-09-08 00:50:17.825000+00:00,W-USDT-SWAP,47560412.0,1757292617825
2025-09-08 00:50:17.817000+00:00,WAL-USDT-SWAP,2100000.0,1757292617817
2025-09-08 00:50:17.815000+00:00,WAXP-USDT-SWAP,28285200.0,1757292617815
2025-09-08 00:50:17.820000+00:00,WCT-USDT-SWAP,10283800.0,1757292617820
2025-09-08 00:50:17.839000+00:00,WIF-USDT-SWAP,16483981.0,1757292617839
2025-09-08 00:50:17.821000+00:00,WLD-USDT-SWAP,35498217.0,1757292617821
2025-09-08 00:50:17.810000+00:00,WLFI-USDT-SWAP,293412170.0,1757292617810
2025-09-08 00:50:17.810000+00:00,WOO-USDT-SWAP,15140860.0,1757292617810
2025-09-08 00:50:17.821000+00:00,XAUT-USDT-SWAP,5732.603,1757292617821
2025-09-08 00:50:18.241000+00:00,XLM-USDT-SWAP,39327219.99999999,1757292618241
2025-09-08 00:50:18.233000+00:00,XPL-USDT-SWAP,6942080.0,1757292618233
2025-09-08 00:50:18.222000+00:00,XRP-USDT-SWAP,91356897.99999997,1757292618222
2025-09-08 00:50:18.227000+00:00,XTZ-USDT-SWAP,5584491.0,1757292618227
2025-09-08 00:50:18.233000+00:00,YFI-USDT-SWAP,365.5116,1757292618233
2025-09-08 00:50:18.234000+00:00,YGG-USDT-SWAP,28607216.0,1757292618234
2025-09-08 00:50:18.234000+00:00,ZENT-USDT-SWAP,239128300.0,1757292618234
2025-09-08 00:50:18.232000+00:00,ZEREBRO-USDT-SWAP,81628030.0,1757292618232
2025-09-08 00:50:18.225000+00:00,ZETA-USDT-SWAP,5834540.0,1757292618225
2025-09-08 00:50:18.231000+00:00,ZIL-USDT-SWAP,161831900.0,1757292618231
2025-09-08 00:50:18.643000+00:00,ZK-USDT-SWAP,49888450.0,1757292618643
2025-09-08 00:50:18.633000+00:00,ZRO-USDT-SWAP,2110626.0,1757292618633
2025-09-08 00:50:18.648000+00:00,ZRX-USDT-SWAP,8372530.0,1757292618648
2025-09-08 02:21:03.688000+00:00,1INCH-USDT-SWAP,8289725.0,1757298063688
2025-09-08 02:21:03.682000+00:00,A-USDT-SWAP,9696040.0,1757298063682
2025-09-08 02:21:03.674000+00:00,AAVE-USDT-SWAP,130737.80000000002,1757298063674
2025-09-08 02:21:03.685000+00:00,ACE-USDT-SWAP,1932228.0,1757298063685
2025-09-08 02:21:03.719000+00:00,ACH-USDT-SWAP,78421900.0,1757298063719
2025-09-08 02:21:03.685000+00:00,ACT-USDT-SWAP,83415633.0,1757298063685
2025-09-08 02:21:03.682000+00:00,ADA-USDT-SWAP,78239740.00000004,1757298063682
2025-09-08 02:21:03.681000+00:00,AERO-USDT-SWAP,1679720.0,1757298063681
2025-09-08 02:21:03.706000+00:00,AEVO-USDT-SWAP,12958916.0,1757298063706
2025-09-08 02:21:03.679000+00:00,AGLD-USDT-SWAP,1917302.0,1757298063679
2025-09-08 02:21:04.132000+00:00,AI16Z-USDT-SWAP,50104160.0,1757298064132
2025-09-08 02:21:04.137000+00:00,AIXBT-USDT-SWAP,23777410.0,1757298064137
2025-09-08 02:21:04.142000+00:00,ALCH-USDT-SWAP,22980380.0,1757298064142
2025-09-08 02:21:04.132000+00:00,ALGO-USDT-SWAP,28046760.0,1757298064132
2025-09-08 02:21:04.131000+00:00,ANIME-USDT-SWAP,106301330.0,1757298064131
2025-09-08 02:21:04.146000+00:00,APE-USDT-SWAP,8376915.6,1757298064146
2025-09-08 02:21:04.134000+00:00,API3-USDT-SWAP,3791744.0,1757298064134
2025-09-08 02:21:04.140000+00:00,APT-USDT-SWAP,3647725.0,1757298064140
2025-09-08 02:21:04.185000+00:00,AR-USDT-SWAP,527734.4,1757298064185
2025-09-08 02:21:04.136000+00:00,ARB-USDT-SWAP,33111905.999999993,1757298064136
2025-09-08 02:21:04.608000+00:00,ARC-USDT-SWAP,62045970.0,1757298064608
2025-09-08 02:21:04.603000+00:00,ARKM-USDT-SWAP,3527467.0,1757298064603
2025-09-08 02:21:04.609000+00:00,ATH-USDT-SWAP,141215000.0,1757298064609
2025-09-08 02:21:04.620000+00:00,ATOM-USDT-SWAP,1913998.0,1757298064620
2025-09-08 02:21:04.597000+00:00,AUCTION-USDT-SWAP,214783.4,1757298064597
2025-09-08 02:21:04.619000+00:00,AVAAI-USDT-SWAP,53337930.0,1757298064619
2025-09-08 02:21:04.608000+00:00,AVAX-USDT-SWAP,1878550.6999999997,1757298064608
2025-09-08 02:21:04.611000+00:00,AXS-USDT-SWAP,1174778.4,1757298064611
2025-09-08 02:21:04.611000+00:00,BABY-USDT-SWAP,39273550.0,1757298064611
2025-09-08 02:21:04.612000+00:00,BAND-USDT-SWAP,1520558.0,1757298064612
2025-09-08 02:21:05.052000+00:00,BAT-USDT-SWAP,5634030.0,1757298065052
2025-09-08 02:21:05.041000+00:00,BCH-USDT-SWAP,82765.15999999999,1757298065041
2025-09-08 02:21:05.060000+00:00,BERA-USDT-SWAP,2301830.6,1757298065060
2025-09-08 02:21:05.049000+00:00,BICO-USDT-SWAP,6721752.0,1757298065049
2025-09-08 02:21:05.042000+00:00,BIGTIME-USDT-SWAP,42119520.0,1757298065042
2025-09-08 02:21:05.065000+00:00,BIO-USDT-SWAP,71354306.0,1757298065065
2025-09-08 02:21:05.048000+00:00,BLUR-USDT-SWAP,25231130.0,1757298065048
2025-09-08 02:21:05.078000+00:00,BNB-USDT-SWAP,96528.21,1757298065078
2025-09-08 02:21:05.051000+00:00,BNT-USDT-SWAP,737600.0,1757298065051
2025-09-08 02:21:05.051000+00:00,BOME-USDT-SWAP,1383661000.0,1757298065051
2025-09-08 02:21:05.489000+00:00,BONK-USDT-SWAP,492206800000.0,1757298065489
2025-09-08 02:21:05.514000+00:00,BRETT-USDT-SWAP,13263400.0,1757298065514
2025-09-08 02:21:05.523000+00:00,BTC-USDT-SWAP,26458.284700000066,1757298065523
2025-09-08 02:21:05.505000+00:00,CAT-USDT-SWAP,197038500000.0,1757298065505
2025-09-08 02:21:05.499000+00:00,CATI-USDT-SWAP,17326665.0,1757298065499
2025-09-08 02:21:05.504000+00:00,CELO-USDT-SWAP,4433076.0,1757298065504
2025-09-08 02:21:05.502000+00:00,CETUS-USDT-SWAP,17994180.0,1757298065502
2025-09-08 02:21:05.503000+00:00,CFX-USDT-SWAP,76958510.0,1757298065503
2025-09-08 02:21:05.506000+00:00,CHZ-USDT-SWAP,78048650.0,1757298065506
2025-09-08 02:21:05.499000+00:00,COMP-USDT-SWAP,93474.3,1757298065499
2025-09-08 02:21:05.940000+00:00,COOKIE-USDT-SWAP,4418560.0,1757298065940
2025-09-08 02:21:05.943000+00:00,CORE-USDT-SWAP,9841539.0,1757298065943
2025-09-08 02:21:05.942000+00:00,CRO-USDT-SWAP,64298470.0,1757298065942
2025-09-08 02:21:06.380000+00:00,CRV-USDT-SWAP,25520478.0,1757298066380
2025-09-08 02:21:05.946000+00:00,CTC-USDT-SWAP,1709130.0,1757298065946
2025-09-08 02:21:05.947000+00:00,CVC-USDT-SWAP,9667600.0,1757298065947
2025-09-08 02:21:05.948000+00:00,CVX-USDT-SWAP,289139.0,1757298065948
2025-09-08 02:21:05.955000+00:00,DEGEN-USDT-SWAP,298235100.0,1757298065955
2025-09-08 02:21:05.951000+00:00,DGB-USDT-SWAP,49341400.0,1757298065951
2025-09-08 02:21:05.966000+00:00,DOG-USDT-SWAP,542000000.0,1757298065966
2025-09-08 02:21:06.822000+00:00,DOGE-USDT-SWAP,1547658930.0,1757298066822
2025-09-08 02:21:06.815000+00:00,DOGS-USDT-SWAP,18666724000.0,1757298066815
2025-09-08 02:21:06.954000+00:00,DOOD-USDT-SWAP,137142000.0,1757298066954
2025-09-08 02:21:06.813000+00:00,DOT-USDT-SWAP,6898010.0,1757298066813
2025-09-08 02:21:06.817000+00:00,DUCK-USDT-SWAP,836365600.0,1757298066817
2025-09-08 02:21:06.818000+00:00,DYDX-USDT-SWAP,9078955.0,1757298066818
2025-09-08 02:21:06.815000+00:00,EGLD-USDT-SWAP,100266.4,1757298066815
2025-09-08 02:21:06.847000+00:00,EIGEN-USDT-SWAP,3877872.0,1757298066847
2025-09-08 02:21:06.815000+00:00,ENJ-USDT-SWAP,13377370.0,1757298066815
2025-09-08 02:21:06.815000+00:00,ENS-USDT-SWAP,361492.4,1757298066815
2025-09-08 02:21:07.370000+00:00,ETC-USDT-SWAP,1083153.7000000004,1757298067370
2025-09-08 02:21:07.361000+00:00,ETH-USDT-SWAP,733308.3790000022,1757298067361
2025-09-08 02:21:07.384000+00:00,ETHFI-USDT-SWAP,8483791.0,1757298067384
2025-09-08 02:21:07.448000+00:00,ETHW-USDT-SWAP,1284925.9,1757298067448
2025-09-08 02:21:07.373000+00:00,FARTCOIN-USDT-SWAP,21273455.0,1757298067373
2025-09-08 02:21:07.379000+00:00,FIL-USDT-SWAP,14344916.9,1757298067379
2025-09-08 02:21:07.375000+00:00,FLM-USDT-SWAP,26184820.0,1757298067375
2025-09-08 02:21:07.473000+00:00,FLOKI-USDT-SWAP,41291200000.0,1757298067473
2025-09-08 02:21:07.373000+00:00,FLOW-USDT-SWAP,4531370.0,1757298067373
2025-09-08 02:21:07.374000+00:00,FXS-USDT-SWAP,247841.0,1757298067374
2025-09-08 02:21:07.906000+00:00,GALA-USDT-SWAP,434112470.0,1757298067906
2025-09-08 02:21:07.899000+00:00,GAS-USDT-SWAP,469214.0,1757298067899
2025-09-08 02:21:07.896000+00:00,GLM-USDT-SWAP,2703240.0,1757298067896
2025-09-08 02:21:07.908000+00:00,GMT-USDT-SWAP,47306461.0,1757298067908
2025-09-08 02:21:07.890000+00:00,GMX-USDT-SWAP,72556.4,1757298067890
2025-09-08 02:21:07.925000+00:00,GOAT-USDT-SWAP,25857430.0,1757298067925
2025-09-08 02:21:07.927000+00:00,GODS-USDT-SWAP,6387198.0,1757298067927
2025-09-08 02:21:07.908000+00:00,GPS-USDT-SWAP,245419780.0,1757298067908
2025-09-08 02:21:07.909000+00:00,GRASS-USDT-SWAP,2797598.0,1757298067909
2025-09-08 02:21:07.896000+00:00,GRIFFAIN-USDT-SWAP,24879000.0,1757298067896
2025-09-08 02:21:08.404000+00:00,GRT-USDT-SWAP,21756120.0,1757298068404
2025-09-08 02:21:08.374000+00:00,H-USDT-SWAP,61239900.0,1757298068374
2025-09-08 02:21:08.376000+00:00,HBAR-USDT-SWAP,74107080.0,1757298068376
2025-09-08 02:21:08.378000+00:00,HMSTR-USDT-SWAP,963152600.0,1757298068378
2025-09-08 02:21:08.380000+00:00,HOME-USDT-SWAP,23078900.0,1757298068380
2025-09-08 02:21:08.381000+00:00,HUMA-USDT-SWAP,94808000.0,1757298068381
2025-09-08 02:21:08.384000+00:00,HYPE-USDT-SWAP,799400.0,1757298068384
2025-09-08 02:21:08.376000+00:00,ICP-USDT-SWAP,1181045.29,1757298068376
2025-09-08 02:21:08.383000+00:00,ICX-USDT-SWAP,6352080.0,1757298068383
2025-09-08 02:21:08.383000+00:00,IMX-USDT-SWAP,6405670.0,1757298068383
2025-09-08 02:21:08.843000+00:00,INIT-USDT-SWAP,2407600.0,1757298068843
2025-09-08 02:21:08.826000+00:00,INJ-USDT-SWAP,889598.9,1757298068826
2025-09-08 02:21:08.847000+00:00,IOST-USDT-SWAP,317534000.0,1757298068847
2025-09-08 02:21:08.833000+00:00,IOTA-USDT-SWAP,16008990.0,1757298068833
2025-09-08 02:21:08.831000+00:00,IP-USDT-SWAP,3429483.0,1757298068831
2025-09-08 02:21:08.849000+00:00,JELLYJELLY-USDT-SWAP,211607900.0,1757298068849
2025-09-08 02:21:09.236000+00:00,JOE-USDT-SWAP,7167510.0,1757298069236
2025-09-08 02:21:08.842000+00:00,JTO-USDT-SWAP,2964401.0,1757298068842
2025-09-08 02:21:08.840000+00:00,JUP-USDT-SWAP,15056590.0,1757298068840
2025-09-08 02:21:09.664000+00:00,KAITO-USDT-SWAP,3262626.0,1757298069664
2025-09-08 02:21:09.667000+00:00,KMNO-USDT-SWAP,18437300.0,1757298069667
2025-09-08 02:21:09.665000+00:00,KSM-USDT-SWAP,126432.9,1757298069665
2025-09-08 02:21:09.676000+00:00,LA-USDT-SWAP,2910820.0,1757298069676
2025-09-08 02:21:09.678000+00:00,LAUNCHCOIN-USDT-SWAP,38170860.0,1757298069678
2025-09-08 02:21:09.680000+00:00,LAYER-USDT-SWAP,5787401.0,1757298069680
2025-09-08 02:21:09.679000+00:00,LDO-USDT-SWAP,14377540.0,1757298069679
2025-09-08 02:21:09.672000+00:00,LINK-USDT-SWAP,2526255.1999999997,1757298069672
2025-09-08 02:21:09.663000+00:00,LPT-USDT-SWAP,864892.3,1757298069663
2025-09-08 02:21:09.672000+00:00,LQTY-USDT-SWAP,1568702.0,1757298069672
2025-09-08 02:21:10.103000+00:00,LRC-USDT-SWAP,16582830.0,1757298070103
2025-09-08 02:21:10.107000+00:00,LTC-USDT-SWAP,631583.1000000002,1757298070107
2025-09-08 02:21:10.107000+00:00,LUNA-USDT-SWAP,15296133.0,1757298070107
2025-09-08 02:21:10.094000+00:00,LUNC-USDT-SWAP,32987840000.0,1757298070094
2025-09-08 02:21:10.093000+00:00,MAGIC-USDT-SWAP,19944755.0,1757298070093
2025-09-08 02:21:10.112000+00:00,MAJOR-USDT-SWAP,4862414.0,1757298070112
2025-09-08 02:21:10.108000+00:00,MANA-USDT-SWAP,11627530.0,1757298070108
2025-09-08 02:21:10.118000+00:00,MASK-USDT-SWAP,3132732.0,1757298070118
2025-09-08 02:21:10.108000+00:00,ME-USDT-SWAP,3111320.0,1757298070108
2025-09-08 02:21:10.109000+00:00,MEME-USDT-SWAP,1729789200.0,1757298070109
2025-09-08 02:21:10.536000+00:00,MERL-USDT-SWAP,56095306.0,1757298070536
2025-09-08 02:21:10.530000+00:00,METIS-USDT-SWAP,96413.8,1757298070530
2025-09-08 02:21:10.533000+00:00,MEW-USDT-SWAP,1016955000.0,1757298070533
2025-09-08 02:21:10.548000+00:00,MINA-USDT-SWAP,7663617.0,1757298070548
2025-09-08 02:21:10.532000+00:00,MOG-USDT-SWAP,620523000000.0,1757298070532
2025-09-08 02:21:10.535000+00:00,MOODENG-USDT-SWAP,45773980.0,1757298070535
2025-09-08 02:21:10.536000+00:00,MORPHO-USDT-SWAP,1357111.0,1757298070536
2025-09-08 02:21:10.560000+00:00,MOVE-USDT-SWAP,29038860.0,1757298070560
2025-09-08 02:21:10.541000+00:00,MUBARAK-USDT-SWAP,14059600.0,1757298070541
2025-09-08 02:21:10.984000+00:00,NEAR-USDT-SWAP,5365240.0,1757298070984
2025-09-08 02:21:10.972000+00:00,NEIRO-USDT-SWAP,8605554000.0,1757298070972
2025-09-08 02:21:10.981000+00:00,NEIROETH-USDT-SWAP,29916400.0,1757298070981
2025-09-08 02:21:10.984000+00:00,NEO-USDT-SWAP,298856.0,1757298070984
2025-09-08 02:21:10.983000+00:00,NEWT-USDT-SWAP,3748820.0,1757298070983
2025-09-08 02:21:10.987000+00:00,NMR-USDT-SWAP,590333.0,1757298070987
2025-09-08 02:21:10.984000+00:00,NOT-USDT-SWAP,1734898100.0,1757298070984
2025-09-08 02:21:10.974000+00:00,NXPC-USDT-SWAP,851306.0,1757298070974
2025-09-08 02:21:10.988000+00:00,OL-USDT-SWAP,89242090.0,1757298070988
2025-09-08 02:21:10.984000+00:00,OM-USDT-SWAP,26878440.0,1757298070984
2025-09-08 02:21:11.429000+00:00,ONDO-USDT-SWAP,19732780.0,1757298071429
2025-09-08 02:21:11.400000+00:00,ONE-USDT-SWAP,81083800.0,1757298071400
2025-09-08 02:21:11.413000+00:00,ONT-USDT-SWAP,13491190.0,1757298071413
2025-09-08 02:21:11.418000+00:00,OP-USDT-SWAP,20659502.0,1757298071418
2025-09-08 02:21:11.407000+00:00,ORBS-USDT-SWAP,26642200.0,1757298071407
2025-09-08 02:21:11.421000+00:00,ORDI-USDT-SWAP,1190585.4,1757298071421
2025-09-08 02:21:11.414000+00:00,PARTI-USDT-SWAP,13388800.0,1757298071414
2025-09-08 02:21:11.435000+00:00,PENGU-USDT-SWAP,574712700.0,1757298071435
2025-09-08 02:21:11.416000+00:00,PEOPLE-USDT-SWAP,302015700.0,1757298071416
2025-09-08 02:21:11.415000+00:00,PEPE-USDT-SWAP,6587407000000.002,1757298071415
2025-09-08 02:21:11.900000+00:00,PERP-USDT-SWAP,2559181.0,1757298071900
2025-09-08 02:21:11.852000+00:00,PI-USDT-SWAP,31335860.0,1757298071852
2025-09-08 02:21:11.853000+00:00,PLUME-USDT-SWAP,15386830.0,1757298071853
2025-09-08 02:21:11.850000+00:00,PNUT-USDT-SWAP,37834500.0,1757298071850
2025-09-08 02:21:11.846000+00:00,POL-USDT-SWAP,37797050.0,1757298071846
2025-09-08 02:21:11.871000+00:00,POPCAT-USDT-SWAP,10371970.0,1757298071871
2025-09-08 02:21:11.853000+00:00,PRCL-USDT-SWAP,17719296.0,1757298071853
2025-09-08 02:21:11.847000+00:00,PROMPT-USDT-SWAP,31804140.0,1757298071847
2025-09-08 02:21:11.859000+00:00,PUMP-USDT-SWAP,6953277000.0,1757298071859
2025-09-08 02:21:11.864000+00:00,PYTH-USDT-SWAP,46965750.0,1757298071864
2025-09-08 02:21:12.320000+00:00,QTUM-USDT-SWAP,1282119.0,1757298072320
2025-09-08 02:21:12.334000+00:00,RAY-USDT-SWAP,952811.0,1757298072334
2025-09-08 02:21:12.322000+00:00,RENDER-USDT-SWAP,1358512.0,1757298072322
2025-09-08 02:21:12.329000+00:00,RESOLV-USDT-SWAP,27350680.0,1757298072329
2025-09-08 02:21:12.319000+00:00,RSR-USDT-SWAP,254394700.0,1757298072319
2025-09-08 02:21:12.344000+00:00,RVN-USDT-SWAP,81082360.0,1757298072344
2025-09-08 02:21:12.323000+00:00,S-USDT-SWAP,13262040.0,1757298072323
2025-09-08 02:21:12.320000+00:00,SAHARA-USDT-SWAP,55794730.0,1757298072320
2025-09-08 02:21:12.332000+00:00,SAND-USDT-SWAP,19690250.0,1757298072332
2025-09-08 02:21:12.323000+00:00,SATS-USDT-SWAP,173849880000000.0,1757298072323
2025-09-08 02:21:12.825000+00:00,SCR-USDT-SWAP,3260740.0,1757298072825
2025-09-08 02:21:12.763000+00:00,SHELL-USDT-SWAP,5779170.0,1757298072763
2025-09-08 02:21:12.790000+00:00,SHIB-USDT-SWAP,1409799599999.9998,1757298072790
2025-09-08 02:21:12.790000+00:00,SIGN-USDT-SWAP,46086300.0,1757298072790
2025-09-08 02:21:12.771000+00:00,SLP-USDT-SWAP,448761070.0,1757298072771
2025-09-08 02:21:12.778000+00:00,SNX-USDT-SWAP,2542500.0,1757298072778
2025-09-08 02:21:12.768000+00:00,SOL-USDT-SWAP,3264205.5900000017,1757298072768
2025-09-08 02:21:12.771000+00:00,SOLV-USDT-SWAP,58319500.0,1757298072771
2025-09-08 02:21:12.777000+00:00,SONIC-USDT-SWAP,7507333.0,1757298072777
2025-09-08 02:21:12.772000+00:00,SOON-USDT-SWAP,11223940.0,1757298072772
2025-09-08 02:21:13.278000+00:00,SOPH-USDT-SWAP,87708100.0,1757298073278
2025-09-08 02:21:13.240000+00:00,SPK-USDT-SWAP,149347800.0,1757298073240
2025-09-08 02:21:13.236000+00:00,SPX-USDT-SWAP,1295015.0,1757298073236
2025-09-08 02:21:13.249000+00:00,SSV-USDT-SWAP,308041.8,1757298073249
2025-09-08 02:21:13.237000+00:00,STORJ-USDT-SWAP,5585800.0,1757298073237
2025-09-08 02:21:13.238000+00:00,STRK-USDT-SWAP,25189657.0,1757298073238
2025-09-08 02:21:13.245000+00:00,STX-USDT-SWAP,6687846.0,1757298073245
2025-09-08 02:21:13.243000+00:00,SUI-USDT-SWAP,20658512.0,1757298073243
2025-09-08 02:21:13.248000+00:00,SUSHI-USDT-SWAP,8138890.0,1757298073248
2025-09-08 02:21:13.242000+00:00,SWARMS-USDT-SWAP,83718320.0,1757298073242
2025-09-08 02:21:13.776000+00:00,SYRUP-USDT-SWAP,3346300.0,1757298073776
2025-09-08 02:21:13.761000+00:00,T-USDT-SWAP,39478900.0,1757298073761
2025-09-08 02:21:13.768000+00:00,TAO-USDT-SWAP,15395.64,1757298073768
2025-09-08 02:21:13.770000+00:00,THETA-USDT-SWAP,2643321.9999999995,1757298073770
2025-09-08 02:21:13.780000+00:00,TIA-USDT-SWAP,5435230.0,1757298073780
2025-09-08 02:21:13.780000+00:00,TNSR-USDT-SWAP,8252153.0,1757298073780
2025-09-08 02:21:13.769000+00:00,TON-USDT-SWAP,9488400.0,1757298073769
2025-09-08 02:21:13.775000+00:00,TRB-USDT-SWAP,275166.6,1757298073775
2025-09-08 02:21:13.775000+00:00,TREE-USDT-SWAP,6717603.0,1757298073775
2025-09-08 02:21:13.784000+00:00,TRUMP-USDT-SWAP,5411381.5,1757298073784
2025-09-08 02:21:14.201000+00:00,TRX-USDT-SWAP,109566930.00000007,1757298074201
2025-09-08 02:21:14.226000+00:00,TURBO-USDT-SWAP,793094000.0000002,1757298074226
2025-09-08 02:21:14.212000+00:00,UMA-USDT-SWAP,1461173.0,1757298074212
2025-09-08 02:21:14.208000+00:00,UNI-USDT-SWAP,3159162.0,1757298074208
2025-09-08 02:21:14.217000+00:00,USDC-USDT-SWAP,1100260.0,1757298074217
2025-09-08 02:21:14.216000+00:00,USELESS-USDT-SWAP,15338890.0,1757298074216
2025-09-08 02:21:14.208000+00:00,USTC-USDT-SWAP,138559400.0,1757298074208
2025-09-08 02:21:14.206000+00:00,UXLINK-USDT-SWAP,6101170.0,1757298074206
2025-09-08 02:21:14.228000+00:00,VANA-USDT-SWAP,132979.6,1757298074228
2025-09-08 02:21:14.205000+00:00,VINE-USDT-SWAP,103954120.0,1757298074205
2025-09-08 02:21:14.648000+00:00,VIRTUAL-USDT-SWAP,3272827.0,1757298074648
2025-09-08 02:21:14.649000+00:00,W-USDT-SWAP,48172743.0,1757298074649
2025-09-08 02:21:14.665000+00:00,WAL-USDT-SWAP,2125830.0,1757298074665
2025-09-08 02:21:14.658000+00:00,WAXP-USDT-SWAP,28360100.0,1757298074658
2025-09-08 02:21:14.654000+00:00,WCT-USDT-SWAP,10263770.0,1757298074654
2025-09-08 02:21:14.659000+00:00,WIF-USDT-SWAP,16551342.0,1757298074659
2025-09-08 02:21:14.662000+00:00,WLD-USDT-SWAP,38240002.0,1757298074662
2025-09-08 02:21:14.656000+00:00,WLFI-USDT-SWAP,298825930.0,1757298074656
2025-09-08 02:21:14.664000+00:00,WOO-USDT-SWAP,15163570.0,1757298074664
2025-09-08 02:21:14.665000+00:00,XAUT-USDT-SWAP,5789.708,1757298074665
2025-09-08 02:21:15.080000+00:00,XLM-USDT-SWAP,39200939.99999999,1757298075080
2025-09-08 02:21:15.076000+00:00,XPL-USDT-SWAP,7031760.0,1757298075076
2025-09-08 02:21:15.089000+00:00,XRP-USDT-SWAP,90955884.99999996,1757298075089
2025-09-08 02:21:15.082000+00:00,XTZ-USDT-SWAP,5580402.0,1757298075082
2025-09-08 02:21:15.079000+00:00,YFI-USDT-SWAP,366.2249,1757298075079
2025-09-08 02:21:15.092000+00:00,YGG-USDT-SWAP,28539477.0,1757298075092
2025-09-08 02:21:15.085000+00:00,ZENT-USDT-SWAP,218707000.0,1757298075085
2025-09-08 02:21:15.091000+00:00,ZEREBRO-USDT-SWAP,81768990.0,1757298075091
2025-09-08 02:21:15.093000+00:00,ZETA-USDT-SWAP,5862600.0,1757298075093
2025-09-08 02:21:15.088000+00:00,ZIL-USDT-SWAP,161256400.0,1757298075088
2025-09-08 02:21:15.600000+00:00,ZK-USDT-SWAP,49828060.0,1757298075600
2025-09-08 02:21:15.600000+00:00,ZRO-USDT-SWAP,2091314.0,1757298075600
2025-09-08 02:21:15.609000+00:00,ZRX-USDT-SWAP,8455390.0,1757298075609
2025-09-08 02:22:16.362000+00:00,1INCH-USDT-SWAP,8269152.0,1757298136362
2025-09-08 02:22:16.361000+00:00,A-USDT-SWAP,9696200.0,1757298136361
2025-09-08 02:22:16.354000+00:00,AAVE-USDT-SWAP,130738.76000000002,1757298136354
2025-09-08 02:22:16.351000+00:00,ACE-USDT-SWAP,1932082.0,1757298136351
2025-09-08 02:22:16.367000+00:00,ACH-USDT-SWAP,78426100.0,1757298136367
2025-09-08 02:22:16.363000+00:00,ACT-USDT-SWAP,83390428.0,1757298136363
2025-09-08 02:22:16.369000+00:00,ADA-USDT-SWAP,78147220.00000004,1757298136369
2025-09-08 02:22:16.366000+00:00,AERO-USDT-SWAP,1679600.0,1757298136366
2025-09-08 02:22:16.424000+00:00,AEVO-USDT-SWAP,12952449.0,1757298136424
2025-09-08 02:22:16.452000+00:00,AGLD-USDT-SWAP,1917953.0,1757298136452
2025-09-08 02:22:16.895000+00:00,AI16Z-USDT-SWAP,50193273.0,1757298136895
2025-09-08 02:22:16.869000+00:00,AIXBT-USDT-SWAP,23776260.0,1757298136869
2025-09-08 02:22:16.889000+00:00,ALCH-USDT-SWAP,22979860.0,1757298136889
2025-09-08 02:22:16.879000+00:00,ALGO-USDT-SWAP,28033380.0,1757298136879
2025-09-08 02:22:16.875000+00:00,ANIME-USDT-SWAP,106207010.0,1757298136875
2025-09-08 02:22:16.889000+00:00,APE-USDT-SWAP,8376417.9,1757298136889
2025-09-08 02:22:16.906000+00:00,API3-USDT-SWAP,3796122.0,1757298136906
2025-09-08 02:22:16.871000+00:00,APT-USDT-SWAP,3647230.0,1757298136871
2025-09-08 02:22:16.892000+00:00,AR-USDT-SWAP,528295.7,1757298136892
2025-09-08 02:22:16.890000+00:00,ARB-USDT-SWAP,33117696.99999999,1757298136890
2025-09-08 02:22:17.334000+00:00,ARC-USDT-SWAP,62091340.0,1757298137334
2025-09-08 02:22:17.347000+00:00,ARKM-USDT-SWAP,3531623.0,1757298137347
2025-09-08 02:22:17.351000+00:00,ATH-USDT-SWAP,141211100.0,1757298137351
2025-09-08 02:22:17.345000+00:00,ATOM-USDT-SWAP,1913992.0,1757298137345
2025-09-08 02:22:17.341000+00:00,AUCTION-USDT-SWAP,214753.4,1757298137341
2025-09-08 02:22:17.342000+00:00,AVAAI-USDT-SWAP,53520950.0,1757298137342
2025-09-08 02:22:17.436000+00:00,AVAX-USDT-SWAP,1878584.6999999997,1757298137436
2025-09-08 02:22:17.339000+00:00,AXS-USDT-SWAP,1175007.9,1757298137339
2025-09-08 02:22:17.351000+00:00,BABY-USDT-SWAP,39281310.0,1757298137351
2025-09-08 02:22:17.346000+00:00,BAND-USDT-SWAP,1520339.0,1757298137346
2025-09-08 02:22:17.871000+00:00,BAT-USDT-SWAP,5632710.0,1757298137871
2025-09-08 02:22:17.863000+00:00,BCH-USDT-SWAP,82765.81999999999,1757298137863
2025-09-08 02:22:17.879000+00:00,BERA-USDT-SWAP,2301069.5,1757298137879
2025-09-08 02:22:17.876000+00:00,BICO-USDT-SWAP,6720915.0,1757298137876
2025-09-08 02:22:17.866000+00:00,BIGTIME-USDT-SWAP,42130780.0,1757298137866
2025-09-08 02:22:17.866000+00:00,BIO-USDT-SWAP,71361647.0,1757298137866
2025-09-08 02:22:17.869000+00:00,BLUR-USDT-SWAP,25198250.0,1757298137869
2025-09-08 02:22:17.864000+00:00,BNB-USDT-SWAP,96440.53,1757298137864
2025-09-08 02:22:17.875000+00:00,BNT-USDT-SWAP,738170.0,1757298137875
2025-09-08 02:22:17.875000+00:00,BOME-USDT-SWAP,1381942000.0,1757298137875
2025-09-08 02:22:18.316000+00:00,BONK-USDT-SWAP,492208000000.0,1757298138316
2025-09-08 02:22:18.308000+00:00,BRETT-USDT-SWAP,13289700.0,1757298138308
2025-09-08 02:22:18.313000+00:00,BTC-USDT-SWAP,26454.209000000064,1757298138313
2025-09-08 02:22:18.330000+00:00,CAT-USDT-SWAP,197003800000.0,1757298138330
2025-09-08 02:22:18.304000+00:00,CATI-USDT-SWAP,17325297.0,1757298138304
2025-09-08 02:22:18.315000+00:00,CELO-USDT-SWAP,4431863.0,1757298138315
2025-09-08 02:22:18.311000+00:00,CETUS-USDT-SWAP,17986180.0,1757298138311
2025-09-08 02:22:18.314000+00:00,CFX-USDT-SWAP,76966760.0,1757298138314
2025-09-08 02:22:18.343000+00:00,CHZ-USDT-SWAP,78065720.0,1757298138343
2025-09-08 02:22:18.321000+00:00,COMP-USDT-SWAP,93479.4,1757298138321
2025-09-08 02:22:18.769000+00:00,COOKIE-USDT-SWAP,4414920.0,1757298138769
2025-09-08 02:22:18.770000+00:00,CORE-USDT-SWAP,9845804.0,1757298138770
2025-09-08 02:22:18.780000+00:00,CRO-USDT-SWAP,64251940.0,1757298138780
2025-09-08 02:22:18.776000+00:00,CRV-USDT-SWAP,25525077.0,1757298138776
2025-09-08 02:22:18.786000+00:00,CTC-USDT-SWAP,1709110.0,1757298138786
2025-09-08 02:22:18.780000+00:00,CVC-USDT-SWAP,9662600.0,1757298138780
2025-09-08 02:22:18.794000+00:00,CVX-USDT-SWAP,288523.0,1757298138794
2025-09-08 02:22:18.770000+00:00,DEGEN-USDT-SWAP,298257300.0,1757298138770
2025-09-08 02:22:18.779000+00:00,DGB-USDT-SWAP,49337600.0,1757298138779
2025-09-08 02:22:18.778000+00:00,DOG-USDT-SWAP,542104000.0,1757298138778
2025-09-08 02:22:19.223000+00:00,DOGE-USDT-SWAP,1547918609.9999998,1757298139223
2025-09-08 02:22:19.210000+00:00,DOGS-USDT-SWAP,18665691000.0,1757298139210
2025-09-08 02:22:19.221000+00:00,DOOD-USDT-SWAP,137141000.0,1757298139221
2025-09-08 02:22:19.219000+00:00,DOT-USDT-SWAP,6897815.0,1757298139219
2025-09-08 02:22:19.228000+00:00,DUCK-USDT-SWAP,836365600.0,1757298139228
2025-09-08 02:22:19.221000+00:00,DYDX-USDT-SWAP,9082956.0,1757298139221
2025-09-08 02:22:19.223000+00:00,EGLD-USDT-SWAP,100255.6,1757298139223
2025-09-08 02:22:19.223000+00:00,EIGEN-USDT-SWAP,3877166.0,1757298139223
2025-09-08 02:22:19.227000+00:00,ENJ-USDT-SWAP,13376730.0,1757298139227
2025-09-08 02:22:19.253000+00:00,ENS-USDT-SWAP,361472.0,1757298139253
2025-09-08 02:22:19.670000+00:00,ETC-USDT-SWAP,1083110.4000000004,1757298139670
2025-09-08 02:22:19.721000+00:00,ETH-USDT-SWAP,733927.5490000022,1757298139721
2025-09-08 02:22:19.729000+00:00,ETHFI-USDT-SWAP,8486317.0,1757298139729
2025-09-08 02:22:19.697000+00:00,ETHW-USDT-SWAP,1284944.6,1757298139697
2025-09-08 02:22:19.668000+00:00,FARTCOIN-USDT-SWAP,21273091.0,1757298139668
2025-09-08 02:22:19.694000+00:00,FIL-USDT-SWAP,14344180.1,1757298139694
2025-09-08 02:22:19.680000+00:00,FLM-USDT-SWAP,26182270.0,1757298139680
2025-09-08 02:22:19.684000+00:00,FLOKI-USDT-SWAP,41281100000.0,1757298139684
2025-09-08 02:22:19.690000+00:00,FLOW-USDT-SWAP,4528570.0,1757298139690
2025-09-08 02:22:19.690000+00:00,FXS-USDT-SWAP,247842.0,1757298139690
2025-09-08 02:22:20.176000+00:00,GALA-USDT-SWAP,434239560.0,1757298140176
2025-09-08 02:22:20.147000+00:00,GAS-USDT-SWAP,469141.0,1757298140147
2025-09-08 02:22:20.178000+00:00,GLM-USDT-SWAP,2703240.0,1757298140178
2025-09-08 02:22:20.167000+00:00,GMT-USDT-SWAP,47303809.0,1757298140167
2025-09-08 02:22:20.157000+00:00,GMX-USDT-SWAP,72551.3,1757298140157
2025-09-08 02:22:20.158000+00:00,GOAT-USDT-SWAP,25846020.0,1757298140158
2025-09-08 02:22:20.164000+00:00,GODS-USDT-SWAP,6386693.0,1757298140164
2025-09-08 02:22:20.163000+00:00,GPS-USDT-SWAP,246349090.0,1757298140163
2025-09-08 02:22:20.163000+00:00,GRASS-USDT-SWAP,2799009.0,1757298140163
2025-09-08 02:22:20.167000+00:00,GRIFFAIN-USDT-SWAP,24870350.0,1757298140167
2025-09-08 02:22:20.588000+00:00,GRT-USDT-SWAP,21756190.0,1757298140588
2025-09-08 02:22:20.591000+00:00,H-USDT-SWAP,61222300.0,1757298140591
2025-09-08 02:22:20.590000+00:00,HBAR-USDT-SWAP,74075930.0,1757298140590
2025-09-08 02:22:20.599000+00:00,HMSTR-USDT-SWAP,963141100.0,1757298140599
2025-09-08 02:22:20.605000+00:00,HOME-USDT-SWAP,23087100.0,1757298140605
2025-09-08 02:22:20.603000+00:00,HUMA-USDT-SWAP,94695800.0,1757298140603
2025-09-08 02:22:20.598000+00:00,HYPE-USDT-SWAP,799562.7,1757298140598
2025-09-08 02:22:20.609000+00:00,ICP-USDT-SWAP,1180734.05,1757298140609
2025-09-08 02:22:20.606000+00:00,ICX-USDT-SWAP,6351020.0,1757298140606
2025-09-08 02:22:20.616000+00:00,IMX-USDT-SWAP,6405144.0,1757298140616
2025-09-08 02:22:21.040000+00:00,INIT-USDT-SWAP,2407590.0,1757298141040
2025-09-08 02:22:21.040000+00:00,INJ-USDT-SWAP,889279.1,1757298141040
2025-09-08 02:22:21.063000+00:00,IOST-USDT-SWAP,317549000.0,1757298141063
2025-09-08 02:22:21.057000+00:00,IOTA-USDT-SWAP,16007510.0,1757298141057
2025-09-08 02:22:21.050000+00:00,IP-USDT-SWAP,3428047.0,1757298141050
2025-09-08 02:22:21.051000+00:00,JELLYJELLY-USDT-SWAP,211595900.0,1757298141051
2025-09-08 02:22:21.041000+00:00,JOE-USDT-SWAP,7167140.0,1757298141041
2025-09-08 02:22:21.055000+00:00,JTO-USDT-SWAP,2964402.0,1757298141055
2025-09-08 02:22:21.053000+00:00,JUP-USDT-SWAP,15057810.0,1757298141053
2025-09-08 02:22:21.478000+00:00,KAITO-USDT-SWAP,3258509.0,1757298141478
2025-09-08 02:22:21.477000+00:00,KMNO-USDT-SWAP,18434100.0,1757298141477
2025-09-08 02:22:21.504000+00:00,KSM-USDT-SWAP,126384.0,1757298141504
2025-09-08 02:22:21.481000+00:00,LA-USDT-SWAP,2923760.0,1757298141481
2025-09-08 02:22:21.482000+00:00,LAUNCHCOIN-USDT-SWAP,38076460.0,1757298141482
2025-09-08 02:22:21.493000+00:00,LAYER-USDT-SWAP,5787389.0,1757298141493
2025-09-08 02:22:21.488000+00:00,LDO-USDT-SWAP,14373366.0,1757298141488
2025-09-08 02:22:21.486000+00:00,LINK-USDT-SWAP,2526597.4,1757298141486
2025-09-08 02:22:21.497000+00:00,LPT-USDT-SWAP,864838.4,1757298141497
2025-09-08 02:22:21.492000+00:00,LQTY-USDT-SWAP,1568078.0,1757298141492
2025-09-08 02:22:21.955000+00:00,LRC-USDT-SWAP,16582420.0,1757298141955
2025-09-08 02:22:21.911000+00:00,LTC-USDT-SWAP,631436.4000000003,1757298141911
2025-09-08 02:22:21.921000+00:00,LUNA-USDT-SWAP,15296290.0,1757298141921
2025-09-08 02:22:21.931000+00:00,LUNC-USDT-SWAP,32987700000.0,1757298141931
2025-09-08 02:22:21.917000+00:00,MAGIC-USDT-SWAP,19943289.0,1757298141917
2025-09-08 02:22:21.942000+00:00,MAJOR-USDT-SWAP,4862484.0,1757298141942
2025-09-08 02:22:21.921000+00:00,MANA-USDT-SWAP,11627470.0,1757298141921
2025-09-08 02:22:21.925000+00:00,MASK-USDT-SWAP,3132729.0,1757298141925
2025-09-08 02:22:21.924000+00:00,ME-USDT-SWAP,3111247.0,1757298141924
2025-09-08 02:22:21.933000+00:00,MEME-USDT-SWAP,1729238200.0,1757298141933
2025-09-08 02:22:22.369000+00:00,MERL-USDT-SWAP,56071723.0,1757298142369
2025-09-08 02:22:22.397000+00:00,METIS-USDT-SWAP,96458.5,1757298142397
2025-09-08 02:22:22.384000+00:00,MEW-USDT-SWAP,1016945000.0,1757298142384
2025-09-08 02:22:22.374000+00:00,MINA-USDT-SWAP,7663237.0,1757298142374
2025-09-08 02:22:22.374000+00:00,MOG-USDT-SWAP,620360000000.0,1757298142374
2025-09-08 02:22:22.372000+00:00,MOODENG-USDT-SWAP,45774120.0,1757298142372
2025-09-08 02:22:22.379000+00:00,MORPHO-USDT-SWAP,1357162.0,1757298142379
2025-09-08 02:22:22.416000+00:00,MOVE-USDT-SWAP,28941710.0,1757298142416
2025-09-08 02:22:22.377000+00:00,MUBARAK-USDT-SWAP,14058700.0,1757298142377
2025-09-08 02:22:22.833000+00:00,NEAR-USDT-SWAP,5366882.000000001,1757298142833
2025-09-08 02:22:22.831000+00:00,NEIRO-USDT-SWAP,8604346000.0,1757298142831
2025-09-08 02:22:22.837000+00:00,NEIROETH-USDT-SWAP,29908400.0,1757298142837
2025-09-08 02:22:22.831000+00:00,NEO-USDT-SWAP,298711.0,1757298142831
2025-09-08 02:22:22.832000+00:00,NEWT-USDT-SWAP,3728040.0,1757298142832
2025-09-08 02:22:22.833000+00:00,NMR-USDT-SWAP,590586.9,1757298142833
2025-09-08 02:22:22.842000+00:00,NOT-USDT-SWAP,1734711700.0,1757298142842
2025-09-08 02:22:22.831000+00:00,NXPC-USDT-SWAP,851334.0,1757298142831
2025-09-08 02:22:22.848000+00:00,OL-USDT-SWAP,89187590.0,1757298142848
2025-09-08 02:22:22.839000+00:00,OM-USDT-SWAP,26867554.0,1757298142839
2025-09-08 02:22:23.272000+00:00,ONDO-USDT-SWAP,19737840.0,1757298143272
2025-09-08 02:22:23.285000+00:00,ONE-USDT-SWAP,81151600.0,1757298143285
2025-09-08 02:22:23.272000+00:00,ONT-USDT-SWAP,13488370.0,1757298143272
2025-09-08 02:22:23.276000+00:00,OP-USDT-SWAP,20673976.0,1757298143276
2025-09-08 02:22:23.272000+00:00,ORBS-USDT-SWAP,26657000.0,1757298143272
2025-09-08 02:22:23.278000+00:00,ORDI-USDT-SWAP,1190633.7,1757298143278
2025-09-08 02:22:23.273000+00:00,PARTI-USDT-SWAP,13390040.0,1757298143273
2025-09-08 02:22:23.295000+00:00,PENGU-USDT-SWAP,574334800.0,1757298143295
2025-09-08 02:22:23.301000+00:00,PEOPLE-USDT-SWAP,302151300.0,1757298143301
2025-09-08 02:22:23.284000+00:00,PEPE-USDT-SWAP,6583028000000.002,1757298143284
2025-09-08 02:22:23.733000+00:00,PERP-USDT-SWAP,2556095.0,1757298143733
2025-09-08 02:22:23.736000+00:00,PI-USDT-SWAP,31338234.0,1757298143736
2025-09-08 02:22:23.758000+00:00,PLUME-USDT-SWAP,15384060.0,1757298143758
2025-09-08 02:22:23.742000+00:00,PNUT-USDT-SWAP,37829630.0,1757298143742
2025-09-08 02:22:23.728000+00:00,POL-USDT-SWAP,37797720.0,1757298143728
2025-09-08 02:22:23.735000+00:00,POPCAT-USDT-SWAP,10367660.0,1757298143735
2025-09-08 02:22:23.737000+00:00,PRCL-USDT-SWAP,17726278.0,1757298143737
2025-09-08 02:22:23.743000+00:00,PROMPT-USDT-SWAP,31798890.0,1757298143743
2025-09-08 02:22:23.757000+00:00,PUMP-USDT-SWAP,6944673000.0,1757298143757
2025-09-08 02:22:23.757000+00:00,PYTH-USDT-SWAP,46938850.0,1757298143757
2025-09-08 02:22:24.180000+00:00,QTUM-USDT-SWAP,1282161.0,1757298144180
2025-09-08 02:22:24.205000+00:00,RAY-USDT-SWAP,952790.0,1757298144205
2025-09-08 02:22:24.211000+00:00,RENDER-USDT-SWAP,1357961.0,1757298144211
2025-09-08 02:22:24.200000+00:00,RESOLV-USDT-SWAP,27347450.0,1757298144200
2025-09-08 02:22:24.181000+00:00,RSR-USDT-SWAP,254675200.0,1757298144181
2025-09-08 02:22:24.191000+00:00,RVN-USDT-SWAP,81058840.0,1757298144191
2025-09-08 02:22:24.212000+00:00,S-USDT-SWAP,13259790.0,1757298144212
2025-09-08 02:22:24.191000+00:00,SAHARA-USDT-SWAP,55793830.0,1757298144191
2025-09-08 02:22:24.190000+00:00,SAND-USDT-SWAP,19685750.0,1757298144190
2025-09-08 02:22:24.201000+00:00,SATS-USDT-SWAP,174016210000000.0,1757298144201
2025-09-08 02:22:24.666000+00:00,SCR-USDT-SWAP,3260396.0,1757298144666
2025-09-08 02:22:24.646000+00:00,SHELL-USDT-SWAP,5781900.0,1757298144646
2025-09-08 02:22:24.667000+00:00,SHIB-USDT-SWAP,1410034200000.0,1757298144667
2025-09-08 02:22:24.798000+00:00,SIGN-USDT-SWAP,46091900.0,1757298144798
2025-09-08 02:22:24.654000+00:00,SLP-USDT-SWAP,448696410.0,1757298144654
2025-09-08 02:22:24.673000+00:00,SNX-USDT-SWAP,2541592.0,1757298144673
2025-09-08 02:22:24.664000+00:00,SOL-USDT-SWAP,3263845.470000002,1757298144664
2025-09-08 02:22:24.666000+00:00,SOLV-USDT-SWAP,58315400.0,1757298144666
2025-09-08 02:22:24.658000+00:00,SONIC-USDT-SWAP,7507522.0,1757298144658
2025-09-08 02:22:24.711000+00:00,SOON-USDT-SWAP,11277810.0,1757298144711
2025-09-08 02:22:25.241000+00:00,SOPH-USDT-SWAP,87707000.0,1757298145241
2025-09-08 02:22:25.223000+00:00,SPK-USDT-SWAP,149252200.0,1757298145223
2025-09-08 02:22:25.231000+00:00,SPX-USDT-SWAP,1293503.0,1757298145231
2025-09-08 02:22:25.225000+00:00,SSV-USDT-SWAP,308029.1,1757298145225
2025-09-08 02:22:25.227000+00:00,STORJ-USDT-SWAP,5584840.0,1757298145227
2025-09-08 02:22:25.223000+00:00,STRK-USDT-SWAP,25193585.0,1757298145223
2025-09-08 02:22:25.230000+00:00,STX-USDT-SWAP,6687913.0,1757298145230
2025-09-08 02:22:25.221000+00:00,SUI-USDT-SWAP,20686905.0,1757298145221
2025-09-08 02:22:25.265000+00:00,SUSHI-USDT-SWAP,8144081.0,1757298145265
2025-09-08 02:22:25.224000+00:00,SWARMS-USDT-SWAP,83783300.0,1757298145224
2025-09-08 02:22:25.697000+00:00,SYRUP-USDT-SWAP,3346340.0,1757298145697
2025-09-08 02:22:25.680000+00:00,T-USDT-SWAP,39470600.0,1757298145680
2025-09-08 02:22:25.721000+00:00,TAO-USDT-SWAP,15390.32,1757298145721
2025-09-08 02:22:25.693000+00:00,THETA-USDT-SWAP,2643221.9999999995,1757298145693
2025-09-08 02:22:25.686000+00:00,TIA-USDT-SWAP,5433898.0,1757298145686
2025-09-08 02:22:25.689000+00:00,TNSR-USDT-SWAP,8252135.0,1757298145689
2025-09-08 02:22:25.684000+00:00,TON-USDT-SWAP,9489270.0,1757298145684
2025-09-08 02:22:25.692000+00:00,TRB-USDT-SWAP,275226.9,1757298145692
2025-09-08 02:22:25.690000+00:00,TREE-USDT-SWAP,6711995.0,1757298145690
2025-09-08 02:22:25.697000+00:00,TRUMP-USDT-SWAP,5410989.2,1757298145697
2025-09-08 02:22:26.147000+00:00,TRX-USDT-SWAP,109663550.00000007,1757298146147
2025-09-08 02:22:26.146000+00:00,TURBO-USDT-SWAP,793235000.0000001,1757298146146
2025-09-08 02:22:26.152000+00:00,UMA-USDT-SWAP,1461004.2,1757298146152
2025-09-08 02:22:26.148000+00:00,UNI-USDT-SWAP,3161177.0,1757298146148
2025-09-08 02:22:26.164000+00:00,USDC-USDT-SWAP,1100260.0,1757298146164
2025-09-08 02:22:26.143000+00:00,USELESS-USDT-SWAP,15342340.0,1757298146143
2025-09-08 02:22:26.180000+00:00,USTC-USDT-SWAP,138561300.0,1757298146180
2025-09-08 02:22:26.138000+00:00,UXLINK-USDT-SWAP,6105320.0,1757298146138
2025-09-08 02:22:26.152000+00:00,VANA-USDT-SWAP,132471.3,1757298146152
2025-09-08 02:22:26.150000+00:00,VINE-USDT-SWAP,103951620.0,1757298146150
2025-09-08 02:22:26.612000+00:00,VIRTUAL-USDT-SWAP,3272975.0,1757298146612
2025-09-08 02:22:26.601000+00:00,W-USDT-SWAP,48217083.0,1757298146601
2025-09-08 02:22:26.607000+00:00,WAL-USDT-SWAP,2128740.0,1757298146607
2025-09-08 02:22:26.596000+00:00,WAXP-USDT-SWAP,28356500.0,1757298146596
2025-09-08 02:22:26.599000+00:00,WCT-USDT-SWAP,10262060.0,1757298146599
2025-09-08 02:22:26.618000+00:00,WIF-USDT-SWAP,16539287.0,1757298146618
2025-09-08 02:22:26.614000+00:00,WLD-USDT-SWAP,38700708.0,1757298146614
2025-09-08 02:22:26.597000+00:00,WLFI-USDT-SWAP,298498800.0,1757298146597
2025-09-08 02:22:26.612000+00:00,WOO-USDT-SWAP,15163770.0,1757298146612
2025-09-08 02:22:26.599000+00:00,XAUT-USDT-SWAP,5789.686,1757298146599
2025-09-08 02:22:27.085000+00:00,XLM-USDT-SWAP,39251679.99999999,1757298147085
2025-09-08 02:22:27.052000+00:00,XPL-USDT-SWAP,7040210.0,1757298147052
2025-09-08 02:22:27.038000+00:00,XRP-USDT-SWAP,90991333.99999996,1757298147038
2025-09-08 02:22:27.052000+00:00,XTZ-USDT-SWAP,5580917.0,1757298147052
2025-09-08 02:22:27.031000+00:00,YFI-USDT-SWAP,366.2139,1757298147031
2025-09-08 02:22:27.053000+00:00,YGG-USDT-SWAP,28535474.0,1757298147053
2025-09-08 02:22:27.041000+00:00,ZENT-USDT-SWAP,218293900.0,1757298147041
2025-09-08 02:22:27.052000+00:00,ZEREBRO-USDT-SWAP,81697080.0,1757298147052
2025-09-08 02:22:27.035000+00:00,ZETA-USDT-SWAP,5862260.0,1757298147035
2025-09-08 02:22:27.044000+00:00,ZIL-USDT-SWAP,161290400.0,1757298147044
2025-09-08 02:22:27.504000+00:00,ZK-USDT-SWAP,49823940.0,1757298147504
2025-09-08 02:22:27.497000+00:00,ZRO-USDT-SWAP,2090056.0,1757298147497
2025-09-08 02:22:27.505000+00:00,ZRX-USDT-SWAP,8456570.0,1757298147505
2025-09-08 02:23:28.226000+00:00,1INCH-USDT-SWAP,8269152.0,1757298208226
2025-09-08 02:23:28.229000+00:00,A-USDT-SWAP,9696690.0,1757298208229
2025-09-08 02:23:28.236000+00:00,AAVE-USDT-SWAP,130724.29000000002,1757298208236
2025-09-08 02:23:28.249000+00:00,ACE-USDT-SWAP,1931779.0,1757298208249
2025-09-08 02:23:28.302000+00:00,ACH-USDT-SWAP,78421900.0,1757298208302
2025-09-08 02:23:28.238000+00:00,ACT-USDT-SWAP,83434184.0,1757298208238
2025-09-08 02:23:28.239000+00:00,ADA-USDT-SWAP,78145940.00000004,1757298208239
2025-09-08 02:23:28.252000+00:00,AERO-USDT-SWAP,1679570.0,1757298208252
2025-09-08 02:23:28.242000+00:00,AEVO-USDT-SWAP,12949546.0,1757298208242
2025-09-08 02:23:28.249000+00:00,AGLD-USDT-SWAP,1917981.0,1757298208249
2025-09-08 02:23:28.727000+00:00,AI16Z-USDT-SWAP,50195435.0,1757298208727
2025-09-08 02:23:28.711000+00:00,AIXBT-USDT-SWAP,23785430.0,1757298208711
2025-09-08 02:23:28.740000+00:00,ALCH-USDT-SWAP,22978430.0,1757298208740
2025-09-08 02:23:28.728000+00:00,ALGO-USDT-SWAP,28022900.0,1757298208728
2025-09-08 02:23:28.729000+00:00,ANIME-USDT-SWAP,106207030.0,1757298208729
2025-09-08 02:23:28.718000+00:00,APE-USDT-SWAP,8377529.7,1757298208718
2025-09-08 02:23:28.726000+00:00,API3-USDT-SWAP,3797538.0,1757298208726
2025-09-08 02:23:28.735000+00:00,APT-USDT-SWAP,3647245.0,1757298208735
2025-09-08 02:23:28.735000+00:00,AR-USDT-SWAP,529095.0,1757298208735
2025-09-08 02:23:28.722000+00:00,ARB-USDT-SWAP,33112256.99999999,1757298208722
2025-09-08 02:23:29.162000+00:00,ARC-USDT-SWAP,62100600.0,1757298209162
2025-09-08 02:23:29.151000+00:00,ARKM-USDT-SWAP,3534392.0,1757298209151
2025-09-08 02:23:29.162000+00:00,ATH-USDT-SWAP,141211100.0,1757298209162
2025-09-08 02:23:29.160000+00:00,ATOM-USDT-SWAP,1914007.0,1757298209160
2025-09-08 02:23:29.157000+00:00,AUCTION-USDT-SWAP,214753.3,1757298209157
2025-09-08 02:23:29.161000+00:00,AVAAI-USDT-SWAP,53435950.0,1757298209161
2025-09-08 02:23:29.159000+00:00,AVAX-USDT-SWAP,1879173.6999999995,1757298209159
2025-09-08 02:23:29.151000+00:00,AXS-USDT-SWAP,1175004.0,1757298209151
2025-09-08 02:23:29.165000+00:00,BABY-USDT-SWAP,39282630.0,1757298209165
2025-09-08 02:23:29.160000+00:00,BAND-USDT-SWAP,1519983.0,1757298209160
2025-09-08 02:23:29.607000+00:00,BAT-USDT-SWAP,5631420.0,1757298209607
2025-09-08 02:23:29.598000+00:00,BCH-USDT-SWAP,82751.52999999998,1757298209598
2025-09-08 02:23:29.614000+00:00,BERA-USDT-SWAP,2301075.0,1757298209614
2025-09-08 02:23:29.608000+00:00,BICO-USDT-SWAP,6720165.0,1757298209608
2025-09-08 02:23:29.745000+00:00,BIGTIME-USDT-SWAP,42133840.0,1757298209745
2025-09-08 02:23:29.607000+00:00,BIO-USDT-SWAP,71423463.0,1757298209607
2025-09-08 02:23:29.612000+00:00,BLUR-USDT-SWAP,25190840.0,1757298209612
2025-09-08 02:23:29.606000+00:00,BNB-USDT-SWAP,96440.83,1757298209606
2025-09-08 02:23:29.622000+00:00,BNT-USDT-SWAP,736880.0,1757298209622
2025-09-08 02:23:29.620000+00:00,BOME-USDT-SWAP,1382061000.0,1757298209620
2025-09-08 02:23:30.176000+00:00,BONK-USDT-SWAP,492155500000.0,1757298210176
2025-09-08 02:23:30.162000+00:00,BRETT-USDT-SWAP,13288900.0,1757298210162
2025-09-08 02:23:30.168000+00:00,BTC-USDT-SWAP,26452.08340000006,1757298210168
2025-09-08 02:23:30.169000+00:00,CAT-USDT-SWAP,196984500000.0,1757298210169
2025-09-08 02:23:30.162000+00:00,CATI-USDT-SWAP,17323886.0,1757298210162
2025-09-08 02:23:30.172000+00:00,CELO-USDT-SWAP,4431229.0,1757298210172
2025-09-08 02:23:30.171000+00:00,CETUS-USDT-SWAP,17985940.0,1757298210171
2025-09-08 02:23:30.167000+00:00,CFX-USDT-SWAP,76967740.0,1757298210167
2025-09-08 02:23:30.209000+00:00,CHZ-USDT-SWAP,78060500.0,1757298210209
2025-09-08 02:23:30.173000+00:00,COMP-USDT-SWAP,93460.3,1757298210173
2025-09-08 02:23:30.624000+00:00,COOKIE-USDT-SWAP,4413030.0,1757298210624
2025-09-08 02:23:30.625000+00:00,CORE-USDT-SWAP,9845572.0,1757298210625
2025-09-08 02:23:30.639000+00:00,CRO-USDT-SWAP,64242920.0,1757298210639
2025-09-08 02:23:30.636000+00:00,CRV-USDT-SWAP,25524697.0,1757298210636
2025-09-08 02:23:30.626000+00:00,CTC-USDT-SWAP,1709110.0,1757298210626
2025-09-08 02:23:30.623000+00:00,CVC-USDT-SWAP,9659000.0,1757298210623
2025-09-08 02:23:30.640000+00:00,CVX-USDT-SWAP,288478.0,1757298210640
2025-09-08 02:23:30.624000+00:00,DEGEN-USDT-SWAP,298259400.0,1757298210624
2025-09-08 02:23:30.634000+00:00,DGB-USDT-SWAP,49337600.0,1757298210634
2025-09-08 02:23:30.622000+00:00,DOG-USDT-SWAP,542053000.0,1757298210622
2025-09-08 02:23:31.061000+00:00,DOGE-USDT-SWAP,1547634439.9999998,1757298211061
2025-09-08 02:23:31.100000+00:00,DOGS-USDT-SWAP,18667005000.0,1757298211100
2025-09-08 02:23:31.104000+00:00,DOOD-USDT-SWAP,137140000.0,1757298211104
2025-09-08 02:23:31.064000+00:00,DOT-USDT-SWAP,6898587.0,1757298211064
2025-09-08 02:23:31.053000+00:00,DUCK-USDT-SWAP,836365600.0,1757298211053
2025-09-08 02:23:31.107000+00:00,DYDX-USDT-SWAP,9094330.0,1757298211107
2025-09-08 02:23:31.103000+00:00,EGLD-USDT-SWAP,100258.6,1757298211103
2025-09-08 02:23:31.067000+00:00,EIGEN-USDT-SWAP,3884904.0,1757298211067
2025-09-08 02:23:31.081000+00:00,ENJ-USDT-SWAP,13376400.0,1757298211081
2025-09-08 02:23:31.066000+00:00,ENS-USDT-SWAP,361507.5,1757298211066
2025-09-08 02:23:31.531000+00:00,ETC-USDT-SWAP,1083111.4000000004,1757298211531
2025-09-08 02:23:31.529000+00:00,ETH-USDT-SWAP,733916.7280000023,1757298211529
2025-09-08 02:23:31.539000+00:00,ETHFI-USDT-SWAP,8485360.0,1757298211539
2025-09-08 02:23:31.535000+00:00,ETHW-USDT-SWAP,1284944.6,1757298211535
2025-09-08 02:23:31.542000+00:00,FARTCOIN-USDT-SWAP,21274629.0,1757298211542
2025-09-08 02:23:31.539000+00:00,FIL-USDT-SWAP,14341550.1,1757298211539
2025-09-08 02:23:31.535000+00:00,FLM-USDT-SWAP,26178780.0,1757298211535
2025-09-08 02:23:31.949000+00:00,FLOKI-USDT-SWAP,41279400000.0,1757298211949
2025-09-08 02:23:31.529000+00:00,FLOW-USDT-SWAP,4528480.0,1757298211529
2025-09-08 02:23:31.543000+00:00,FXS-USDT-SWAP,247842.0,1757298211543
2025-09-08 02:23:32.373000+00:00,GALA-USDT-SWAP,434053310.0,1757298212373
2025-09-08 02:23:32.377000+00:00,GAS-USDT-SWAP,469132.0,1757298212377
2025-09-08 02:23:32.383000+00:00,GLM-USDT-SWAP,2701020.0,1757298212383
2025-09-08 02:23:32.379000+00:00,GMT-USDT-SWAP,47303022.0,1757298212379
2025-09-08 02:23:32.377000+00:00,GMX-USDT-SWAP,72551.3,1757298212377
2025-09-08 02:23:32.391000+00:00,GOAT-USDT-SWAP,25836950.0,1757298212391
2025-09-08 02:23:32.393000+00:00,GODS-USDT-SWAP,6388925.0,1757298212393
2025-09-08 02:23:32.383000+00:00,GPS-USDT-SWAP,246132820.0,1757298212383
2025-09-08 02:23:32.385000+00:00,GRASS-USDT-SWAP,2799336.0,1757298212385
2025-09-08 02:23:32.398000+00:00,GRIFFAIN-USDT-SWAP,24855260.0,1757298212398
2025-09-08 02:23:32.836000+00:00,GRT-USDT-SWAP,21765960.0,1757298212836
2025-09-08 02:23:32.834000+00:00,H-USDT-SWAP,61236200.0,1757298212834
2025-09-08 02:23:32.835000+00:00,HBAR-USDT-SWAP,74076990.0,1757298212835
2025-09-08 02:23:32.858000+00:00,HMSTR-USDT-SWAP,963220100.0,1757298212858
2025-09-08 02:23:32.839000+00:00,HOME-USDT-SWAP,23099500.0,1757298212839
2025-09-08 02:23:32.834000+00:00,HUMA-USDT-SWAP,94620800.0,1757298212834
2025-09-08 02:23:32.834000+00:00,HYPE-USDT-SWAP,799464.6,1757298212834
2025-09-08 02:23:32.833000+00:00,ICP-USDT-SWAP,1180671.83,1757298212833
2025-09-08 02:23:32.838000+00:00,ICX-USDT-SWAP,6351020.0,1757298212838
2025-09-08 02:23:32.846000+00:00,IMX-USDT-SWAP,6404011.0,1757298212846
2025-09-08 02:23:33.274000+00:00,INIT-USDT-SWAP,2410190.0,1757298213274
2025-09-08 02:23:33.266000+00:00,INJ-USDT-SWAP,889151.3,1757298213266
2025-09-08 02:23:33.280000+00:00,IOST-USDT-SWAP,317549000.0,1757298213280
2025-09-08 02:23:33.273000+00:00,IOTA-USDT-SWAP,16012920.0,1757298213273
2025-09-08 02:23:33.276000+00:00,IP-USDT-SWAP,3429089.0,1757298213276
2025-09-08 02:23:33.277000+00:00,JELLYJELLY-USDT-SWAP,211571600.0,1757298213277
2025-09-08 02:23:33.276000+00:00,JOE-USDT-SWAP,7167140.0,1757298213276
2025-09-08 02:23:33.274000+00:00,JTO-USDT-SWAP,2964400.0,1757298213274
2025-09-08 02:23:33.289000+00:00,JUP-USDT-SWAP,15060240.0,1757298213289
2025-09-08 02:23:33.709000+00:00,KAITO-USDT-SWAP,3258030.0,1757298213709
2025-09-08 02:23:33.709000+00:00,KMNO-USDT-SWAP,18433900.0,1757298213709
2025-09-08 02:23:33.723000+00:00,KSM-USDT-SWAP,126368.5,1757298213723
2025-09-08 02:23:33.725000+00:00,LA-USDT-SWAP,2910670.0,1757298213725
2025-09-08 02:23:33.733000+00:00,LAUNCHCOIN-USDT-SWAP,38079520.0,1757298213733
2025-09-08 02:23:33.711000+00:00,LAYER-USDT-SWAP,5787200.0,1757298213711
2025-09-08 02:23:33.711000+00:00,LDO-USDT-SWAP,14376644.0,1757298213711
2025-09-08 02:23:33.724000+00:00,LINK-USDT-SWAP,2526505.5,1757298213724
2025-09-08 02:23:33.714000+00:00,LPT-USDT-SWAP,864695.9,1757298213714
2025-09-08 02:23:33.856000+00:00,LQTY-USDT-SWAP,1568646.0,1757298213856
2025-09-08 02:23:34.276000+00:00,LRC-USDT-SWAP,16581360.0,1757298214276
2025-09-08 02:23:34.264000+00:00,LTC-USDT-SWAP,631436.3000000003,1757298214264
2025-09-08 02:23:34.277000+00:00,LUNA-USDT-SWAP,15296290.0,1757298214277
2025-09-08 02:23:34.315000+00:00,LUNC-USDT-SWAP,32987700000.0,1757298214315
2025-09-08 02:23:34.271000+00:00,MAGIC-USDT-SWAP,19939855.0,1757298214271
2025-09-08 02:23:34.274000+00:00,MAJOR-USDT-SWAP,4862484.0,1757298214274
2025-09-08 02:23:34.277000+00:00,MANA-USDT-SWAP,11627490.0,1757298214277
2025-09-08 02:23:34.279000+00:00,MASK-USDT-SWAP,3132970.0,1757298214279
2025-09-08 02:23:34.275000+00:00,ME-USDT-SWAP,3111247.0,1757298214275
2025-09-08 02:23:34.286000+00:00,MEME-USDT-SWAP,1729389600.0,1757298214286
2025-09-08 02:23:34.733000+00:00,MERL-USDT-SWAP,56073238.0,1757298214733
2025-09-08 02:23:34.724000+00:00,METIS-USDT-SWAP,96456.2,1757298214724
2025-09-08 02:23:34.741000+00:00,MEW-USDT-SWAP,1016935000.0,1757298214741
2025-09-08 02:23:34.727000+00:00,MINA-USDT-SWAP,7663302.0,1757298214727
2025-09-08 02:23:34.734000+00:00,MOG-USDT-SWAP,620370000000.0,1757298214734
2025-09-08 02:23:34.738000+00:00,MOODENG-USDT-SWAP,45770030.0,1757298214738
2025-09-08 02:23:34.748000+00:00,MORPHO-USDT-SWAP,1357105.0,1757298214748
2025-09-08 02:23:34.741000+00:00,MOVE-USDT-SWAP,28931950.0,1757298214741
2025-09-08 02:23:34.742000+00:00,MUBARAK-USDT-SWAP,14057700.0,1757298214742
2025-09-08 02:23:35.158000+00:00,NEAR-USDT-SWAP,5367525.000000001,1757298215158
2025-09-08 02:23:35.158000+00:00,NEIRO-USDT-SWAP,8607148000.0,1757298215158
2025-09-08 02:23:35.172000+00:00,NEIROETH-USDT-SWAP,29906800.0,1757298215172
2025-09-08 02:23:35.168000+00:00,NEO-USDT-SWAP,298715.0,1757298215168
2025-09-08 02:23:35.159000+00:00,NEWT-USDT-SWAP,3727000.0,1757298215159
2025-09-08 02:23:35.168000+00:00,NMR-USDT-SWAP,590633.4,1757298215168
2025-09-08 02:23:35.165000+00:00,NOT-USDT-SWAP,1734155100.0,1757298215165
2025-09-08 02:23:35.160000+00:00,NXPC-USDT-SWAP,851262.0,1757298215160
2025-09-08 02:23:35.163000+00:00,OL-USDT-SWAP,89140150.0,1757298215163
2025-09-08 02:23:35.192000+00:00,OM-USDT-SWAP,26866033.000000004,1757298215192
2025-09-08 02:23:35.607000+00:00,ONDO-USDT-SWAP,19735700.0,1757298215607
2025-09-08 02:23:35.615000+00:00,ONE-USDT-SWAP,81154800.0,1757298215615
2025-09-08 02:23:35.613000+00:00,ONT-USDT-SWAP,13487150.0,1757298215613
2025-09-08 02:23:35.627000+00:00,OP-USDT-SWAP,20661558.0,1757298215627
2025-09-08 02:23:35.630000+00:00,ORBS-USDT-SWAP,26657000.0,1757298215630
2025-09-08 02:23:35.655000+00:00,ORDI-USDT-SWAP,1190243.5,1757298215655
2025-09-08 02:23:35.615000+00:00,PARTI-USDT-SWAP,13388950.0,1757298215615
2025-09-08 02:23:35.617000+00:00,PENGU-USDT-SWAP,574391500.0,1757298215617
2025-09-08 02:23:35.629000+00:00,PEOPLE-USDT-SWAP,302142800.0,1757298215629
2025-09-08 02:23:35.621000+00:00,PEPE-USDT-SWAP,6582155000000.001,1757298215621
2025-09-08 02:23:36.063000+00:00,PERP-USDT-SWAP,2554558.0,1757298216063
2025-09-08 02:23:36.063000+00:00,PI-USDT-SWAP,31350289.0,1757298216063
2025-09-08 02:23:36.071000+00:00,PLUME-USDT-SWAP,15383870.0,1757298216071
2025-09-08 02:23:36.072000+00:00,PNUT-USDT-SWAP,37835700.0,1757298216072
2025-09-08 02:23:36.083000+00:00,POL-USDT-SWAP,37800070.0,1757298216083
2025-09-08 02:23:36.074000+00:00,POPCAT-USDT-SWAP,10367020.0,1757298216074
2025-09-08 02:23:36.073000+00:00,PRCL-USDT-SWAP,17726200.0,1757298216073
2025-09-08 02:23:36.081000+00:00,PROMPT-USDT-SWAP,31789950.0,1757298216081
2025-09-08 02:23:36.081000+00:00,PUMP-USDT-SWAP,6937990000.0,1757298216081
2025-09-08 02:23:36.083000+00:00,PYTH-USDT-SWAP,46928850.0,1757298216083
2025-09-08 02:23:36.506000+00:00,QTUM-USDT-SWAP,1281780.0,1757298216506
2025-09-08 02:23:36.511000+00:00,RAY-USDT-SWAP,953224.0,1757298216511
2025-09-08 02:23:36.506000+00:00,RENDER-USDT-SWAP,1357876.0,1757298216506
2025-09-08 02:23:36.516000+00:00,RESOLV-USDT-SWAP,27330780.0,1757298216516
2025-09-08 02:23:36.515000+00:00,RSR-USDT-SWAP,254526500.0,1757298216515
2025-09-08 02:23:36.507000+00:00,RVN-USDT-SWAP,81058840.0,1757298216507
2025-09-08 02:23:36.520000+00:00,S-USDT-SWAP,13260890.0,1757298216520
2025-09-08 02:23:36.511000+00:00,SAHARA-USDT-SWAP,55789860.0,1757298216511
2025-09-08 02:23:36.505000+00:00,SAND-USDT-SWAP,19685220.0,1757298216505
2025-09-08 02:23:36.512000+00:00,SATS-USDT-SWAP,174020220000000.0,1757298216512
2025-09-08 02:23:36.935000+00:00,SCR-USDT-SWAP,3260362.0,1757298216935
2025-09-08 02:23:36.932000+00:00,SHELL-USDT-SWAP,5781870.0,1757298216932
2025-09-08 02:23:36.934000+00:00,SHIB-USDT-SWAP,1410099599999.9998,1757298216934
2025-09-08 02:23:37.076000+00:00,SIGN-USDT-SWAP,46098100.0,1757298217076
2025-09-08 02:23:36.957000+00:00,SLP-USDT-SWAP,448696410.0,1757298216957
2025-09-08 02:23:36.943000+00:00,SNX-USDT-SWAP,2541543.0,1757298216943
2025-09-08 02:23:36.936000+00:00,SOL-USDT-SWAP,3263847.5400000024,1757298216936
2025-09-08 02:23:36.942000+00:00,SOLV-USDT-SWAP,58274800.0,1757298216942
2025-09-08 02:23:36.942000+00:00,SONIC-USDT-SWAP,7507614.0,1757298216942
2025-09-08 02:23:36.932000+00:00,SOON-USDT-SWAP,11324460.0,1757298216932
2025-09-08 02:23:37.490000+00:00,SOPH-USDT-SWAP,87710000.0,1757298217490
2025-09-08 02:23:37.488000+00:00,SPK-USDT-SWAP,149240100.0,1757298217488
2025-09-08 02:23:37.503000+00:00,SPX-USDT-SWAP,1291395.0,1757298217503
2025-09-08 02:23:37.537000+00:00,SSV-USDT-SWAP,308006.3,1757298217537
2025-09-08 02:23:37.492000+00:00,STORJ-USDT-SWAP,5584350.0,1757298217492
2025-09-08 02:23:37.496000+00:00,STRK-USDT-SWAP,25193325.0,1757298217496
2025-09-08 02:23:37.505000+00:00,STX-USDT-SWAP,6687837.0,1757298217505
2025-09-08 02:23:37.493000+00:00,SUI-USDT-SWAP,20697167.0,1757298217493
2025-09-08 02:23:37.500000+00:00,SUSHI-USDT-SWAP,8144601.0,1757298217500
2025-09-08 02:23:37.500000+00:00,SWARMS-USDT-SWAP,83201740.0,1757298217500
2025-09-08 02:23:37.968000+00:00,SYRUP-USDT-SWAP,3345130.0,1757298217968
2025-09-08 02:23:37.964000+00:00,T-USDT-SWAP,39470700.0,1757298217964
2025-09-08 02:23:37.969000+00:00,TAO-USDT-SWAP,15388.62,1757298217969
2025-09-08 02:23:37.973000+00:00,THETA-USDT-SWAP,2643138.9999999995,1757298217973
2025-09-08 02:23:37.964000+00:00,TIA-USDT-SWAP,5433129.0,1757298217964
2025-09-08 02:23:38.024000+00:00,TNSR-USDT-SWAP,8251982.0,1757298218024
2025-09-08 02:23:37.965000+00:00,TON-USDT-SWAP,9489004.0,1757298217965
2025-09-08 02:23:37.975000+00:00,TRB-USDT-SWAP,275334.3,1757298217975
2025-09-08 02:23:37.969000+00:00,TREE-USDT-SWAP,6700481.0,1757298217969
2025-09-08 02:23:37.975000+00:00,TRUMP-USDT-SWAP,5411086.3,1757298217975
2025-09-08 02:23:38.437000+00:00,TRX-USDT-SWAP,109619950.00000007,1757298218437
2025-09-08 02:23:38.436000+00:00,TURBO-USDT-SWAP,793210000.0000001,1757298218436
2025-09-08 02:23:38.454000+00:00,UMA-USDT-SWAP,1461004.2,1757298218454
2025-09-08 02:23:38.442000+00:00,UNI-USDT-SWAP,3160944.0,1757298218442
2025-09-08 02:23:38.436000+00:00,USDC-USDT-SWAP,1100260.0,1757298218436
2025-09-08 02:23:38.440000+00:00,USELESS-USDT-SWAP,15356150.0,1757298218440
2025-09-08 02:23:38.444000+00:00,USTC-USDT-SWAP,138561300.0,1757298218444
2025-09-08 02:23:38.438000+00:00,UXLINK-USDT-SWAP,6202500.0,1757298218438
2025-09-08 02:23:38.446000+00:00,VANA-USDT-SWAP,132477.2,1757298218446
2025-09-08 02:23:38.451000+00:00,VINE-USDT-SWAP,103948530.0,1757298218451
2025-09-08 02:23:38.893000+00:00,VIRTUAL-USDT-SWAP,3271856.0,1757298218893
2025-09-08 02:23:38.890000+00:00,W-USDT-SWAP,48229518.0,1757298218890
2025-09-08 02:23:38.908000+00:00,WAL-USDT-SWAP,2130460.0,1757298218908
2025-09-08 02:23:38.944000+00:00,WAXP-USDT-SWAP,28356500.0,1757298218944
2025-09-08 02:23:38.891000+00:00,WCT-USDT-SWAP,10259790.0,1757298218891
2025-09-08 02:23:38.899000+00:00,WIF-USDT-SWAP,16538556.0,1757298218899
2025-09-08 02:23:38.900000+00:00,WLD-USDT-SWAP,38826534.0,1757298218900
2025-09-08 02:23:38.897000+00:00,WLFI-USDT-SWAP,298291220.0,1757298218897
2025-09-08 02:23:38.897000+00:00,WOO-USDT-SWAP,15163700.0,1757298218897
2025-09-08 02:23:38.899000+00:00,XAUT-USDT-SWAP,5789.242,1757298218899
2025-09-08 02:23:39.358000+00:00,XLM-USDT-SWAP,39235599.99999999,1757298219358
2025-09-08 02:23:39.353000+00:00,XPL-USDT-SWAP,7032460.0,1757298219353
2025-09-08 02:23:39.369000+00:00,XRP-USDT-SWAP,90965477.99999996,1757298219369
2025-09-08 02:23:39.354000+00:00,XTZ-USDT-SWAP,5581307.0,1757298219354
2025-09-08 02:23:39.360000+00:00,YFI-USDT-SWAP,366.2132,1757298219360
2025-09-08 02:23:39.358000+00:00,YGG-USDT-SWAP,28535475.0,1757298219358
2025-09-08 02:23:39.355000+00:00,ZENT-USDT-SWAP,218286200.0,1757298219355
2025-09-08 02:23:39.359000+00:00,ZEREBRO-USDT-SWAP,81674960.0,1757298219359
2025-09-08 02:23:39.359000+00:00,ZETA-USDT-SWAP,5862260.0,1757298219359
2025-09-08 02:23:39.362000+00:00,ZIL-USDT-SWAP,161289100.0,1757298219362
2025-09-08 02:23:39.799000+00:00,ZK-USDT-SWAP,49823920.0,1757298219799
2025-09-08 02:23:39.793000+00:00,ZRO-USDT-SWAP,2090053.0,1757298219793
2025-09-08 02:23:39.793000+00:00,ZRX-USDT-SWAP,8458310.0,1757298219793
2025-09-08 02:24:40.567000+00:00,1INCH-USDT-SWAP,8269148.0,1757298280567
2025-09-08 02:24:40.539000+00:00,A-USDT-SWAP,9696820.0,1757298280539
2025-09-08 02:24:40.532000+00:00,AAVE-USDT-SWAP,130711.61000000003,1757298280532
2025-09-08 02:24:40.533000+00:00,ACE-USDT-SWAP,1931675.0,1757298280533
2025-09-08 02:24:40.536000+00:00,ACH-USDT-SWAP,78421900.0,1757298280536
2025-09-08 02:24:40.541000+00:00,ACT-USDT-SWAP,83411243.0,1757298280541
2025-09-08 02:24:40.569000+00:00,ADA-USDT-SWAP,78159770.00000004,1757298280569
2025-09-08 02:24:40.559000+00:00,AERO-USDT-SWAP,1679480.0,1757298280559
2025-09-08 02:24:40.547000+00:00,AEVO-USDT-SWAP,12929719.0,1757298280547
2025-09-08 02:24:40.598000+00:00,AGLD-USDT-SWAP,1919561.0,1757298280598
2025-09-08 02:24:41.019000+00:00,AI16Z-USDT-SWAP,50165838.0,1757298281019
2025-09-08 02:24:41.006000+00:00,AIXBT-USDT-SWAP,23807520.0,1757298281006
2025-09-08 02:24:41.015000+00:00,ALCH-USDT-SWAP,22982690.0,1757298281015
2025-09-08 02:24:41.017000+00:00,ALGO-USDT-SWAP,28024830.0,1757298281017
2025-09-08 02:24:41.009000+00:00,ANIME-USDT-SWAP,106210350.0,1757298281009
2025-09-08 02:24:41.011000+00:00,APE-USDT-SWAP,8377758.8,1757298281011
2025-09-08 02:24:41.024000+00:00,API3-USDT-SWAP,3796867.0,1757298281024
2025-09-08 02:24:41.014000+00:00,APT-USDT-SWAP,3647077.0,1757298281014
2025-09-08 02:24:41.017000+00:00,AR-USDT-SWAP,529394.0,1757298281017
2025-09-08 02:24:41.022000+00:00,ARB-USDT-SWAP,33083242.99999999,1757298281022
2025-09-08 02:24:41.444000+00:00,ARC-USDT-SWAP,62161680.0,1757298281444
2025-09-08 02:24:41.441000+00:00,ARKM-USDT-SWAP,3532137.0,1757298281441
2025-09-08 02:24:41.443000+00:00,ATH-USDT-SWAP,141211100.0,1757298281443
2025-09-08 02:24:41.436000+00:00,ATOM-USDT-SWAP,1913689.0,1757298281436
2025-09-08 02:24:41.438000+00:00,AUCTION-USDT-SWAP,214787.5,1757298281438
2025-09-08 02:24:41.858000+00:00,AVAAI-USDT-SWAP,53416840.0,1757298281858
2025-09-08 02:24:41.445000+00:00,AVAX-USDT-SWAP,1878767.2999999996,1757298281445
2025-09-08 02:24:41.441000+00:00,AXS-USDT-SWAP,1174902.7,1757298281441
2025-09-08 02:24:41.438000+00:00,BABY-USDT-SWAP,39271350.0,1757298281438
2025-09-08 02:24:41.448000+00:00,BAND-USDT-SWAP,1520519.0,1757298281448
2025-09-08 02:24:42.284000+00:00,BAT-USDT-SWAP,5632480.0,1757298282284
2025-09-08 02:24:42.288000+00:00,BCH-USDT-SWAP,82744.14999999998,1757298282288
2025-09-08 02:24:42.299000+00:00,BERA-USDT-SWAP,2300675.7,1757298282299
2025-09-08 02:24:42.283000+00:00,BICO-USDT-SWAP,6717213.0,1757298282283
2025-09-08 02:24:42.291000+00:00,BIGTIME-USDT-SWAP,42128450.0,1757298282291
2025-09-08 02:24:42.300000+00:00,BIO-USDT-SWAP,71451694.0,1757298282300
2025-09-08 02:24:42.300000+00:00,BLUR-USDT-SWAP,25190980.0,1757298282300
2025-09-08 02:24:42.283000+00:00,BNB-USDT-SWAP,96451.25,1757298282283
2025-09-08 02:24:42.283000+00:00,BNT-USDT-SWAP,736610.0,1757298282283
2025-09-08 02:24:42.288000+00:00,BOME-USDT-SWAP,1382092000.0,1757298282288
2025-09-08 02:24:42.717000+00:00,BONK-USDT-SWAP,492141800000.0,1757298282717
2025-09-08 02:24:42.727000+00:00,BRETT-USDT-SWAP,13287600.0,1757298282727
2025-09-08 02:24:42.723000+00:00,BTC-USDT-SWAP,26457.069300000057,1757298282723
2025-09-08 02:24:42.731000+00:00,CAT-USDT-SWAP,196992900000.0,1757298282731
2025-09-08 02:24:42.721000+00:00,CATI-USDT-SWAP,17402189.0,1757298282721
2025-09-08 02:24:42.727000+00:00,CELO-USDT-SWAP,4433224.0,1757298282727
2025-09-08 02:24:42.733000+00:00,CETUS-USDT-SWAP,17985880.0,1757298282733
2025-09-08 02:24:42.725000+00:00,CFX-USDT-SWAP,76967700.0,1757298282725
2025-09-08 02:24:42.715000+00:00,CHZ-USDT-SWAP,78058430.0,1757298282715
2025-09-08 02:24:42.713000+00:00,COMP-USDT-SWAP,93423.2,1757298282713
2025-09-08 02:24:43.183000+00:00,COOKIE-USDT-SWAP,4413600.0,1757298283183
2025-09-08 02:24:43.170000+00:00,CORE-USDT-SWAP,9851465.0,1757298283170
2025-09-08 02:24:43.238000+00:00,CRO-USDT-SWAP,64175130.0,1757298283238
2025-09-08 02:24:43.179000+00:00,CRV-USDT-SWAP,25527539.0,1757298283179
2025-09-08 02:24:43.173000+00:00,CTC-USDT-SWAP,1709110.0,1757298283173
2025-09-08 02:24:43.174000+00:00,CVC-USDT-SWAP,9658400.0,1757298283174
2025-09-08 02:24:43.177000+00:00,CVX-USDT-SWAP,288386.0,1757298283177
2025-09-08 02:24:43.173000+00:00,DEGEN-USDT-SWAP,298220200.0,1757298283173
2025-09-08 02:24:43.186000+00:00,DGB-USDT-SWAP,49332100.0,1757298283186
2025-09-08 02:24:43.187000+00:00,DOG-USDT-SWAP,542008000.0,1757298283187
2025-09-08 02:24:43.659000+00:00,DOGE-USDT-SWAP,1547654480.0,1757298283659
2025-09-08 02:24:43.655000+00:00,DOGS-USDT-SWAP,18661206000.0,1757298283655
2025-09-08 02:24:43.665000+00:00,DOOD-USDT-SWAP,137140000.0,1757298283665
2025-09-08 02:24:43.668000+00:00,DOT-USDT-SWAP,6897032.0,1757298283668
2025-09-08 02:24:43.655000+00:00,DUCK-USDT-SWAP,836329900.0,1757298283655
2025-09-08 02:24:43.675000+00:00,DYDX-USDT-SWAP,9094577.0,1757298283675
2025-09-08 02:24:43.664000+00:00,EGLD-USDT-SWAP,100258.6,1757298283664
2025-09-08 02:24:43.655000+00:00,EIGEN-USDT-SWAP,3883867.0,1757298283655
2025-09-08 02:24:43.663000+00:00,ENJ-USDT-SWAP,13376600.0,1757298283663
2025-09-08 02:24:43.663000+00:00,ENS-USDT-SWAP,361365.2,1757298283663
2025-09-08 02:24:44.109000+00:00,ETC-USDT-SWAP,1082813.9000000004,1757298284109
2025-09-08 02:24:44.102000+00:00,ETH-USDT-SWAP,734396.5810000022,1757298284102
2025-09-08 02:24:44.115000+00:00,ETHFI-USDT-SWAP,8501116.0,1757298284115
2025-09-08 02:24:44.151000+00:00,ETHW-USDT-SWAP,1284835.3,1757298284151
2025-09-08 02:24:44.106000+00:00,FARTCOIN-USDT-SWAP,21276888.0,1757298284106
2025-09-08 02:24:44.104000+00:00,FIL-USDT-SWAP,14336285.5,1757298284104
2025-09-08 02:24:44.115000+00:00,FLM-USDT-SWAP,26176900.0,1757298284115
2025-09-08 02:24:44.118000+00:00,FLOKI-USDT-SWAP,41298300000.0,1757298284118
2025-09-08 02:24:44.119000+00:00,FLOW-USDT-SWAP,4528520.0,1757298284119
2025-09-08 02:24:44.113000+00:00,FXS-USDT-SWAP,247874.0,1757298284113
2025-09-08 02:24:44.574000+00:00,GALA-USDT-SWAP,434023080.0,1757298284574
2025-09-08 02:24:44.593000+00:00,GAS-USDT-SWAP,469128.0,1757298284593
2025-09-08 02:24:44.584000+00:00,GLM-USDT-SWAP,2701020.0,1757298284584
2025-09-08 02:24:44.635000+00:00,GMT-USDT-SWAP,47286051.0,1757298284635
2025-09-08 02:24:44.576000+00:00,GMX-USDT-SWAP,72551.3,1757298284576
2025-09-08 02:24:44.579000+00:00,GOAT-USDT-SWAP,25840430.0,1757298284579
2025-09-08 02:24:44.579000+00:00,GODS-USDT-SWAP,6388933.0,1757298284579
2025-09-08 02:24:44.580000+00:00,GPS-USDT-SWAP,247222150.0,1757298284580
2025-09-08 02:24:44.585000+00:00,GRASS-USDT-SWAP,2799416.0,1757298284585
2025-09-08 02:24:44.581000+00:00,GRIFFAIN-USDT-SWAP,24846270.0,1757298284581
2025-09-08 02:24:45.058000+00:00,GRT-USDT-SWAP,21764780.0,1757298285058
2025-09-08 02:24:45.057000+00:00,H-USDT-SWAP,61239100.0,1757298285057
2025-09-08 02:24:45.067000+00:00,HBAR-USDT-SWAP,74082700.0,1757298285067
2025-09-08 02:24:45.084000+00:00,HMSTR-USDT-SWAP,963183500.0,1757298285084
2025-09-08 02:24:45.049000+00:00,HOME-USDT-SWAP,23111800.0,1757298285049
2025-09-08 02:24:45.065000+00:00,HUMA-USDT-SWAP,94612700.0,1757298285065
2025-09-08 02:24:45.060000+00:00,HYPE-USDT-SWAP,799390.0,1757298285060
2025-09-08 02:24:45.050000+00:00,ICP-USDT-SWAP,1180664.35,1757298285050
2025-09-08 02:24:45.079000+00:00,ICX-USDT-SWAP,6351120.0,1757298285079
2025-09-08 02:24:45.076000+00:00,IMX-USDT-SWAP,6407677.0,1757298285076
2025-09-08 02:24:45.496000+00:00,INIT-USDT-SWAP,2408550.0,1757298285496
2025-09-08 02:24:45.495000+00:00,INJ-USDT-SWAP,889204.7,1757298285495
2025-09-08 02:24:45.503000+00:00,IOST-USDT-SWAP,317548000.0,1757298285503
2025-09-08 02:24:45.501000+00:00,IOTA-USDT-SWAP,16012980.0,1757298285501
2025-09-08 02:24:45.492000+00:00,IP-USDT-SWAP,3416773.0,1757298285492
2025-09-08 02:24:45.506000+00:00,JELLYJELLY-USDT-SWAP,211632800.0,1757298285506
2025-09-08 02:24:45.502000+00:00,JOE-USDT-SWAP,7167040.0,1757298285502
2025-09-08 02:24:45.499000+00:00,JTO-USDT-SWAP,2964274.0,1757298285499
2025-09-08 02:24:45.497000+00:00,JUP-USDT-SWAP,15062980.0,1757298285497
2025-09-08 02:24:45.927000+00:00,KAITO-USDT-SWAP,3257886.0,1757298285927
2025-09-08 02:24:45.919000+00:00,KMNO-USDT-SWAP,18435000.0,1757298285919
2025-09-08 02:24:45.932000+00:00,KSM-USDT-SWAP,126355.8,1757298285932
2025-09-08 02:24:45.925000+00:00,LA-USDT-SWAP,2911170.0,1757298285925
2025-09-08 02:24:45.916000+00:00,LAUNCHCOIN-USDT-SWAP,38084910.0,1757298285916
2025-09-08 02:24:45.923000+00:00,LAYER-USDT-SWAP,5787501.0,1757298285923
2025-09-08 02:24:45.929000+00:00,LDO-USDT-SWAP,14377571.0,1757298285929
2025-09-08 02:24:45.965000+00:00,LINK-USDT-SWAP,2526569.3,1757298285965
2025-09-08 02:24:46.014000+00:00,LPT-USDT-SWAP,865295.3,1757298286014
2025-09-08 02:24:45.932000+00:00,LQTY-USDT-SWAP,1568521.0,1757298285932
2025-09-08 02:24:46.415000+00:00,LRC-USDT-SWAP,16582010.0,1757298286415
2025-09-08 02:24:46.421000+00:00,LTC-USDT-SWAP,631482.5000000002,1757298286421
2025-09-08 02:24:46.437000+00:00,LUNA-USDT-SWAP,15296282.0,1757298286437
2025-09-08 02:24:46.458000+00:00,LUNC-USDT-SWAP,32987680000.0,1757298286458
2025-09-08 02:24:46.426000+00:00,MAGIC-USDT-SWAP,19939776.0,1757298286426
2025-09-08 02:24:46.435000+00:00,MAJOR-USDT-SWAP,4862793.0,1757298286435
2025-09-08 02:24:46.429000+00:00,MANA-USDT-SWAP,11627430.0,1757298286429
2025-09-08 02:24:46.429000+00:00,MASK-USDT-SWAP,3132970.0,1757298286429
2025-09-08 02:24:46.433000+00:00,ME-USDT-SWAP,3111629.0,1757298286433
2025-09-08 02:24:46.424000+00:00,MEME-USDT-SWAP,1728620200.0,1757298286424
2025-09-08 02:24:46.894000+00:00,MERL-USDT-SWAP,56052853.0,1757298286894
2025-09-08 02:24:46.897000+00:00,METIS-USDT-SWAP,96455.6,1757298286897
2025-09-08 02:24:46.890000+00:00,MEW-USDT-SWAP,1016791000.0,1757298286890
2025-09-08 02:24:46.935000+00:00,MINA-USDT-SWAP,7663925.0,1757298286935
2025-09-08 02:24:46.898000+00:00,MOG-USDT-SWAP,620422000000.0,1757298286898
2025-09-08 02:24:46.899000+00:00,MOODENG-USDT-SWAP,45770010.0,1757298286899
2025-09-08 02:24:46.891000+00:00,MORPHO-USDT-SWAP,1356974.0,1757298286891
2025-09-08 02:24:46.900000+00:00,MOVE-USDT-SWAP,28929700.0,1757298286900
2025-09-08 02:24:46.934000+00:00,MUBARAK-USDT-SWAP,14058000.0,1757298286934
2025-09-08 02:24:47.370000+00:00,NEAR-USDT-SWAP,5367300.0,1757298287370
2025-09-08 02:24:47.368000+00:00,NEIRO-USDT-SWAP,8606364000.0,1757298287368
2025-09-08 02:24:47.374000+00:00,NEIROETH-USDT-SWAP,29909300.0,1757298287374
2025-09-08 02:24:47.377000+00:00,NEO-USDT-SWAP,298675.0,1757298287377
2025-09-08 02:24:47.369000+00:00,NEWT-USDT-SWAP,3725360.0,1757298287369
2025-09-08 02:24:47.364000+00:00,NMR-USDT-SWAP,589884.9,1757298287364
2025-09-08 02:24:47.497000+00:00,NOT-USDT-SWAP,1733397200.0,1757298287497
2025-09-08 02:24:47.379000+00:00,NXPC-USDT-SWAP,851465.0,1757298287379
2025-09-08 02:24:47.491000+00:00,OL-USDT-SWAP,89147390.0,1757298287491
2025-09-08 02:24:47.374000+00:00,OM-USDT-SWAP,26865986.000000004,1757298287374
2025-09-08 02:24:47.918000+00:00,ONDO-USDT-SWAP,19732690.0,1757298287918
2025-09-08 02:24:47.907000+00:00,ONE-USDT-SWAP,81100200.0,1757298287907
2025-09-08 02:24:47.911000+00:00,ONT-USDT-SWAP,13486080.0,1757298287911
2025-09-08 02:24:47.927000+00:00,OP-USDT-SWAP,20677553.0,1757298287927
2025-09-08 02:24:47.903000+00:00,ORBS-USDT-SWAP,26644700.0,1757298287903
2025-09-08 02:24:47.932000+00:00,ORDI-USDT-SWAP,1189848.7,1757298287932
2025-09-08 02:24:47.908000+00:00,PARTI-USDT-SWAP,13366200.0,1757298287908
2025-09-08 02:24:47.904000+00:00,PENGU-USDT-SWAP,574560300.0,1757298287904
2025-09-08 02:24:47.916000+00:00,PEOPLE-USDT-SWAP,302153400.0,1757298287916
2025-09-08 02:24:47.917000+00:00,PEPE-USDT-SWAP,6585842000000.001,1757298287917
2025-09-08 02:24:48.356000+00:00,PERP-USDT-SWAP,2552818.0,1757298288356
2025-09-08 02:24:48.356000+00:00,PI-USDT-SWAP,31354351.0,1757298288356
2025-09-08 02:24:48.359000+00:00,PLUME-USDT-SWAP,15384130.0,1757298288359
2025-09-08 02:24:48.359000+00:00,PNUT-USDT-SWAP,37860160.0,1757298288359
2025-09-08 02:24:48.349000+00:00,POL-USDT-SWAP,37799040.0,1757298288349
2025-09-08 02:24:48.371000+00:00,POPCAT-USDT-SWAP,10366840.0,1757298288371
2025-09-08 02:24:48.359000+00:00,PRCL-USDT-SWAP,17721392.0,1757298288359
2025-09-08 02:24:48.350000+00:00,PROMPT-USDT-SWAP,31785740.0,1757298288350
2025-09-08 02:24:48.351000+00:00,PUMP-USDT-SWAP,6941345000.0,1757298288351
2025-09-08 02:24:48.350000+00:00,PYTH-USDT-SWAP,47010770.0,1757298288350
2025-09-08 02:24:48.797000+00:00,QTUM-USDT-SWAP,1281274.0,1757298288797
2025-09-08 02:24:48.782000+00:00,RAY-USDT-SWAP,953122.0,1757298288782
2025-09-08 02:24:48.791000+00:00,RENDER-USDT-SWAP,1357886.0,1757298288791
2025-09-08 02:24:48.793000+00:00,RESOLV-USDT-SWAP,27337450.0,1757298288793
2025-09-08 02:24:48.798000+00:00,RSR-USDT-SWAP,254531600.0,1757298288798
2025-09-08 02:24:48.786000+00:00,RVN-USDT-SWAP,80804300.0,1757298288786
2025-09-08 02:24:48.786000+00:00,S-USDT-SWAP,13260940.0,1757298288786
2025-09-08 02:24:48.791000+00:00,SAHARA-USDT-SWAP,55789800.0,1757298288791
2025-09-08 02:24:48.799000+00:00,SAND-USDT-SWAP,19683880.0,1757298288799
2025-09-08 02:24:48.801000+00:00,SATS-USDT-SWAP,173884690000000.0,1757298288801
2025-09-08 02:24:49.224000+00:00,SCR-USDT-SWAP,3266412.0,1757298289224
2025-09-08 02:24:49.214000+00:00,SHELL-USDT-SWAP,5784170.0,1757298289214
2025-09-08 02:24:49.239000+00:00,SHIB-USDT-SWAP,1410064200000.0,1757298289239
2025-09-08 02:24:49.219000+00:00,SIGN-USDT-SWAP,46116900.0,1757298289219
2025-09-08 02:24:49.206000+00:00,SLP-USDT-SWAP,448696410.0,1757298289206
2025-09-08 02:24:49.221000+00:00,SNX-USDT-SWAP,2541467.0,1757298289221
2025-09-08 02:24:49.223000+00:00,SOL-USDT-SWAP,3264288.0900000017,1757298289223
2025-09-08 02:24:49.218000+00:00,SOLV-USDT-SWAP,58270400.0,1757298289218
2025-09-08 02:24:49.226000+00:00,SONIC-USDT-SWAP,7508244.0,1757298289226
2025-09-08 02:24:49.220000+00:00,SOON-USDT-SWAP,11269100.0,1757298289220
2025-09-08 02:24:49.655000+00:00,SOPH-USDT-SWAP,87718700.0,1757298289655
2025-09-08 02:24:49.664000+00:00,SPK-USDT-SWAP,149274000.0,1757298289664
2025-09-08 02:24:49.683000+00:00,SPX-USDT-SWAP,1291071.0,1757298289683
2025-09-08 02:24:49.679000+00:00,SSV-USDT-SWAP,307880.2,1757298289679
2025-09-08 02:24:49.649000+00:00,STORJ-USDT-SWAP,5584880.0,1757298289649
2025-09-08 02:24:49.661000+00:00,STRK-USDT-SWAP,25211375.0,1757298289661
2025-09-08 02:24:49.665000+00:00,STX-USDT-SWAP,6687770.0,1757298289665
2025-09-08 02:24:49.660000+00:00,SUI-USDT-SWAP,20711769.0,1757298289660
2025-09-08 02:24:49.714000+00:00,SUSHI-USDT-SWAP,8145172.0,1757298289714
2025-09-08 02:24:49.656000+00:00,SWARMS-USDT-SWAP,83087100.0,1757298289656
2025-09-08 02:24:50.142000+00:00,SYRUP-USDT-SWAP,3345830.0,1757298290142
2025-09-08 02:24:50.122000+00:00,T-USDT-SWAP,39470700.0,1757298290122
2025-09-08 02:24:50.153000+00:00,TAO-USDT-SWAP,15380.04,1757298290153
2025-09-08 02:24:50.136000+00:00,THETA-USDT-SWAP,2643781.9999999995,1757298290136
2025-09-08 02:24:50.130000+00:00,TIA-USDT-SWAP,5442689.0,1757298290130
2025-09-08 02:24:50.133000+00:00,TNSR-USDT-SWAP,8252033.0,1757298290133
2025-09-08 02:24:50.127000+00:00,TON-USDT-SWAP,9487019.0,1757298290127
2025-09-08 02:24:50.139000+00:00,TRB-USDT-SWAP,275262.4,1757298290139
2025-09-08 02:24:50.139000+00:00,TREE-USDT-SWAP,6698428.0,1757298290139
2025-09-08 02:24:50.132000+00:00,TRUMP-USDT-SWAP,5410813.6,1757298290132
2025-09-08 02:24:50.577000+00:00,TRX-USDT-SWAP,109594630.00000007,1757298290577
2025-09-08 02:24:50.572000+00:00,TURBO-USDT-SWAP,793184000.0000001,1757298290572
2025-09-08 02:24:50.575000+00:00,UMA-USDT-SWAP,1460921.4,1757298290575
2025-09-08 02:24:50.579000+00:00,UNI-USDT-SWAP,3160324.0,1757298290579
2025-09-08 02:24:50.570000+00:00,USDC-USDT-SWAP,1100260.0,1757298290570
2025-09-08 02:24:50.574000+00:00,USELESS-USDT-SWAP,15341060.0,1757298290574
2025-09-08 02:24:50.584000+00:00,USTC-USDT-SWAP,138561300.0,1757298290584
2025-09-08 02:24:50.577000+00:00,UXLINK-USDT-SWAP,6216790.0,1757298290577
2025-09-08 02:24:50.572000+00:00,VANA-USDT-SWAP,132752.8,1757298290572
2025-09-08 02:24:50.578000+00:00,VINE-USDT-SWAP,103943950.0,1757298290578
2025-09-08 02:24:51.026000+00:00,VIRTUAL-USDT-SWAP,3271831.0,1757298291026
2025-09-08 02:24:50.999000+00:00,W-USDT-SWAP,48213667.0,1757298290999
2025-09-08 02:24:51.022000+00:00,WAL-USDT-SWAP,2131490.0,1757298291022
2025-09-08 02:24:51.018000+00:00,WAXP-USDT-SWAP,28356500.0,1757298291018
2025-09-08 02:24:50.999000+00:00,WCT-USDT-SWAP,10259780.0,1757298290999
2025-09-08 02:24:51.012000+00:00,WIF-USDT-SWAP,16540107.0,1757298291012
2025-09-08 02:24:51.006000+00:00,WLD-USDT-SWAP,38647586.0,1757298291006
2025-09-08 02:24:51.140000+00:00,WLFI-USDT-SWAP,297629530.0,1757298291140
2025-09-08 02:24:51.002000+00:00,WOO-USDT-SWAP,15162890.0,1757298291002
2025-09-08 02:24:51.008000+00:00,XAUT-USDT-SWAP,5790.386,1757298291008
2025-09-08 02:24:51.566000+00:00,XLM-USDT-SWAP,39242679.99999999,1757298291566
2025-09-08 02:24:51.548000+00:00,XPL-USDT-SWAP,7037050.0,1757298291548
2025-09-08 02:24:51.554000+00:00,XRP-USDT-SWAP,90967596.99999996,1757298291554
2025-09-08 02:24:51.572000+00:00,XTZ-USDT-SWAP,5581352.0,1757298291572
2025-09-08 02:24:51.546000+00:00,YFI-USDT-SWAP,366.2353,1757298291546
2025-09-08 02:24:51.552000+00:00,YGG-USDT-SWAP,28522398.0,1757298291552
2025-09-08 02:24:51.553000+00:00,ZENT-USDT-SWAP,218120200.0,1757298291553
2025-09-08 02:24:51.552000+00:00,ZEREBRO-USDT-SWAP,81605050.0,1757298291552
2025-09-08 02:24:51.550000+00:00,ZETA-USDT-SWAP,5862260.0,1757298291550
2025-09-08 02:24:51.552000+00:00,ZIL-USDT-SWAP,161289100.0,1757298291552
2025-09-08 02:24:52.015000+00:00,ZK-USDT-SWAP,49824180.0,1757298292015
2025-09-08 02:24:52.009000+00:00,ZRO-USDT-SWAP,2089582.0,1757298292009
2025-09-08 02:24:52.016000+00:00,ZRX-USDT-SWAP,8465670.0,1757298292016
2025-09-08 02:25:52.737000+00:00,1INCH-USDT-SWAP,8271905.0,1757298352737
2025-09-08 02:25:52.707000+00:00,A-USDT-SWAP,9696720.0,1757298352707
2025-09-08 02:25:52.728000+00:00,AAVE-USDT-SWAP,130650.90000000002,1757298352728
2025-09-08 02:25:52.734000+00:00,ACE-USDT-SWAP,1931542.0,1757298352734
2025-09-08 02:25:52.731000+00:00,ACH-USDT-SWAP,78421400.0,1757298352731
2025-09-08 02:25:52.761000+00:00,ACT-USDT-SWAP,83410431.0,1757298352761
2025-09-08 02:25:52.740000+00:00,ADA-USDT-SWAP,78145700.00000004,1757298352740
2025-09-08 02:25:52.741000+00:00,AERO-USDT-SWAP,1683320.0,1757298352741
2025-09-08 02:25:52.732000+00:00,AEVO-USDT-SWAP,12925384.0,1757298352732
2025-09-08 02:25:52.788000+00:00,AGLD-USDT-SWAP,1921105.0,1757298352788
2025-09-08 02:25:53.208000+00:00,AI16Z-USDT-SWAP,50152622.0,1757298353208
2025-09-08 02:25:53.205000+00:00,AIXBT-USDT-SWAP,23829940.0,1757298353205
2025-09-08 02:25:53.215000+00:00,ALCH-USDT-SWAP,22980730.0,1757298353215
2025-09-08 02:25:53.217000+00:00,ALGO-USDT-SWAP,28020530.0,1757298353217
2025-09-08 02:25:53.197000+00:00,ANIME-USDT-SWAP,106339660.0,1757298353197
2025-09-08 02:25:53.210000+00:00,APE-USDT-SWAP,8377574.5,1757298353210
2025-09-08 02:25:53.215000+00:00,API3-USDT-SWAP,3795808.0,1757298353215
2025-09-08 02:25:53.216000+00:00,APT-USDT-SWAP,3646815.0,1757298353216
2025-09-08 02:25:53.209000+00:00,AR-USDT-SWAP,529561.1,1757298353209
2025-09-08 02:25:53.210000+00:00,ARB-USDT-SWAP,33071164.99999999,1757298353210
2025-09-08 02:25:53.638000+00:00,ARC-USDT-SWAP,62100880.0,1757298353638
2025-09-08 02:25:53.643000+00:00,ARKM-USDT-SWAP,3534333.0,1757298353643
2025-09-08 02:25:53.648000+00:00,ATH-USDT-SWAP,141215200.0,1757298353648
2025-09-08 02:25:53.649000+00:00,ATOM-USDT-SWAP,1913733.0,1757298353649
2025-09-08 02:25:53.647000+00:00,AUCTION-USDT-SWAP,214783.3,1757298353647
2025-09-08 02:25:53.647000+00:00,AVAAI-USDT-SWAP,53383220.0,1757298353647
2025-09-08 02:25:53.666000+00:00,AVAX-USDT-SWAP,1878751.9999999998,1757298353666
2025-09-08 02:25:53.658000+00:00,AXS-USDT-SWAP,1175011.3,1757298353658
2025-09-08 02:25:53.651000+00:00,BABY-USDT-SWAP,39257230.0,1757298353651
2025-09-08 02:25:53.648000+00:00,BAND-USDT-SWAP,1520543.0,1757298353648
2025-09-08 02:25:54.077000+00:00,BAT-USDT-SWAP,5632320.0,1757298354077
2025-09-08 02:25:54.091000+00:00,BCH-USDT-SWAP,82772.96999999999,1757298354091
2025-09-08 02:25:54.104000+00:00,BERA-USDT-SWAP,2299386.8,1757298354104
2025-09-08 02:25:54.096000+00:00,BICO-USDT-SWAP,6719275.0,1757298354096
2025-09-08 02:25:54.101000+00:00,BIGTIME-USDT-SWAP,42128490.0,1757298354101
2025-09-08 02:25:54.091000+00:00,BIO-USDT-SWAP,71500207.0,1757298354091
2025-09-08 02:25:54.087000+00:00,BLUR-USDT-SWAP,25198840.0,1757298354087
2025-09-08 02:25:54.087000+00:00,BNB-USDT-SWAP,96458.54,1757298354087
2025-09-08 02:25:54.083000+00:00,BNT-USDT-SWAP,737240.0,1757298354083
2025-09-08 02:25:54.090000+00:00,BOME-USDT-SWAP,1382155000.0,1757298354090
2025-09-08 02:25:54.539000+00:00,BONK-USDT-SWAP,492045600000.0,1757298354539
2025-09-08 02:25:54.521000+00:00,BRETT-USDT-SWAP,13287000.0,1757298354521
2025-09-08 02:25:54.537000+00:00,BTC-USDT-SWAP,26461.353800000055,1757298354537
2025-09-08 02:25:54.561000+00:00,CAT-USDT-SWAP,196992100000.0,1757298354561
2025-09-08 02:25:54.527000+00:00,CATI-USDT-SWAP,17402672.0,1757298354527
2025-09-08 02:25:54.546000+00:00,CELO-USDT-SWAP,4432792.0,1757298354546
2025-09-08 02:25:54.537000+00:00,CETUS-USDT-SWAP,17985860.0,1757298354537
2025-09-08 02:25:54.531000+00:00,CFX-USDT-SWAP,76940230.0,1757298354531
2025-09-08 02:25:54.538000+00:00,CHZ-USDT-SWAP,78059630.0,1757298354538
2025-09-08 02:25:54.531000+00:00,COMP-USDT-SWAP,93407.7,1757298354531
2025-09-08 02:25:54.975000+00:00,COOKIE-USDT-SWAP,4404420.0,1757298354975
2025-09-08 02:25:54.996000+00:00,CORE-USDT-SWAP,9851309.0,1757298354996
2025-09-08 02:25:54.989000+00:00,CRO-USDT-SWAP,64174390.0,1757298354989
2025-09-08 02:25:54.978000+00:00,CRV-USDT-SWAP,25532605.0,1757298354978
2025-09-08 02:25:54.981000+00:00,CTC-USDT-SWAP,1709060.0,1757298354981
2025-09-08 02:25:54.982000+00:00,CVC-USDT-SWAP,9657800.0,1757298354982
2025-09-08 02:25:54.986000+00:00,CVX-USDT-SWAP,288384.0,1757298354986
2025-09-08 02:25:54.991000+00:00,DEGEN-USDT-SWAP,298141700.0,1757298354991
2025-09-08 02:25:54.992000+00:00,DGB-USDT-SWAP,49330800.0,1757298354992
2025-09-08 02:25:54.994000+00:00,DOG-USDT-SWAP,541921000.0,1757298354994
2025-09-08 02:25:55.415000+00:00,DOGE-USDT-SWAP,1545850780.0,1757298355415
2025-09-08 02:25:55.414000+00:00,DOGS-USDT-SWAP,18664242000.0,1757298355414
2025-09-08 02:25:55.412000+00:00,DOOD-USDT-SWAP,137119000.0,1757298355412
2025-09-08 02:25:55.414000+00:00,DOT-USDT-SWAP,6889029.0,1757298355414
2025-09-08 02:25:55.402000+00:00,DUCK-USDT-SWAP,836328800.0,1757298355402
2025-09-08 02:25:55.413000+00:00,DYDX-USDT-SWAP,9093490.0,1757298355413
2025-09-08 02:25:55.418000+00:00,EGLD-USDT-SWAP,100232.8,1757298355418
2025-09-08 02:25:55.411000+00:00,EIGEN-USDT-SWAP,3883392.0,1757298355411
2025-09-08 02:25:55.420000+00:00,ENJ-USDT-SWAP,13377210.0,1757298355420
2025-09-08 02:25:55.423000+00:00,ENS-USDT-SWAP,361336.7,1757298355423
2025-09-08 02:25:55.834000+00:00,ETC-USDT-SWAP,1082891.6000000003,1757298355834
2025-09-08 02:25:55.836000+00:00,ETH-USDT-SWAP,734514.2100000023,1757298355836
2025-09-08 02:25:55.856000+00:00,ETHFI-USDT-SWAP,8500910.0,1757298355856
2025-09-08 02:25:55.837000+00:00,ETHW-USDT-SWAP,1284835.3,1757298355837
2025-09-08 02:25:55.958000+00:00,FARTCOIN-USDT-SWAP,21270993.0,1757298355958
2025-09-08 02:25:55.841000+00:00,FIL-USDT-SWAP,14335645.4,1757298355841
2025-09-08 02:25:55.856000+00:00,FLM-USDT-SWAP,26178100.0,1757298355856
2025-09-08 02:25:55.838000+00:00,FLOKI-USDT-SWAP,41298300000.0,1757298355838
2025-09-08 02:25:55.863000+00:00,FLOW-USDT-SWAP,4528950.0,1757298355863
2025-09-08 02:25:55.843000+00:00,FXS-USDT-SWAP,247859.0,1757298355843
2025-09-08 02:25:56.373000+00:00,GALA-USDT-SWAP,434098280.0,1757298356373
2025-09-08 02:25:56.375000+00:00,GAS-USDT-SWAP,469044.0,1757298356375
2025-09-08 02:25:56.380000+00:00,GLM-USDT-SWAP,2700910.0,1757298356380
2025-09-08 02:25:56.368000+00:00,GMT-USDT-SWAP,47287823.0,1757298356368
2025-09-08 02:25:56.367000+00:00,GMX-USDT-SWAP,72551.1,1757298356367
2025-09-08 02:25:56.378000+00:00,GOAT-USDT-SWAP,25842520.0,1757298356378
2025-09-08 02:25:56.384000+00:00,GODS-USDT-SWAP,6388924.0,1757298356384
2025-09-08 02:25:56.379000+00:00,GPS-USDT-SWAP,247744320.0,1757298356379
2025-09-08 02:25:56.385000+00:00,GRASS-USDT-SWAP,2798789.0,1757298356385
2025-09-08 02:25:56.381000+00:00,GRIFFAIN-USDT-SWAP,24858440.0,1757298356381
2025-09-08 02:25:56.826000+00:00,GRT-USDT-SWAP,21762260.0,1757298356826
2025-09-08 02:25:57.363000+00:00,H-USDT-SWAP,61368500.0,1757298357363
2025-09-08 02:25:56.847000+00:00,HBAR-USDT-SWAP,74076300.0,1757298356847
2025-09-08 02:25:56.859000+00:00,HMSTR-USDT-SWAP,963165800.0,1757298356859
2025-09-08 02:25:56.813000+00:00,HOME-USDT-SWAP,23102000.0,1757298356813
2025-09-08 02:25:56.998000+00:00,HUMA-USDT-SWAP,94573800.0,1757298356998
2025-09-08 02:25:56.843000+00:00,HYPE-USDT-SWAP,799408.4,1757298356843
2025-09-08 02:25:56.821000+00:00,ICP-USDT-SWAP,1180619.72,1757298356821
2025-09-08 02:25:56.838000+00:00,ICX-USDT-SWAP,6351120.0,1757298356838
2025-09-08 02:25:56.848000+00:00,IMX-USDT-SWAP,6408655.0,1757298356848
2025-09-08 02:25:57.878000+00:00,INIT-USDT-SWAP,2408040.0,1757298357878
2025-09-08 02:25:57.769000+00:00,INJ-USDT-SWAP,889314.8,1757298357769
2025-09-08 02:25:57.781000+00:00,IOST-USDT-SWAP,317546000.0,1757298357781
2025-09-08 02:25:57.783000+00:00,IOTA-USDT-SWAP,16011590.0,1757298357783
2025-09-08 02:25:57.773000+00:00,IP-USDT-SWAP,3413144.0,1757298357773
2025-09-08 02:25:57.803000+00:00,JELLYJELLY-USDT-SWAP,211575600.0,1757298357803
2025-09-08 02:25:57.784000+00:00,JOE-USDT-SWAP,7165560.0,1757298357784
2025-09-08 02:25:57.781000+00:00,JTO-USDT-SWAP,2964158.0,1757298357781
2025-09-08 02:25:57.778000+00:00,JUP-USDT-SWAP,15062010.0,1757298357778
2025-09-08 02:25:58.293000+00:00,KAITO-USDT-SWAP,3257214.0,1757298358293
2025-09-08 02:25:58.299000+00:00,KMNO-USDT-SWAP,18427100.0,1757298358299
2025-09-08 02:25:58.315000+00:00,KSM-USDT-SWAP,126375.2,1757298358315
2025-09-08 02:25:58.304000+00:00,LA-USDT-SWAP,2910580.0,1757298358304
2025-09-08 02:25:58.303000+00:00,LAUNCHCOIN-USDT-SWAP,38150320.0,1757298358303
2025-09-08 02:25:58.306000+00:00,LAYER-USDT-SWAP,5787470.0,1757298358306
2025-09-08 02:25:58.301000+00:00,LDO-USDT-SWAP,14377830.0,1757298358301
2025-09-08 02:25:58.299000+00:00,LINK-USDT-SWAP,2526084.2,1757298358299
2025-09-08 02:25:58.293000+00:00,LPT-USDT-SWAP,865538.0,1757298358293
2025-09-08 02:25:58.307000+00:00,LQTY-USDT-SWAP,1569149.0,1757298358307
2025-09-08 02:25:58.731000+00:00,LRC-USDT-SWAP,16582940.0,1757298358731
2025-09-08 02:25:58.737000+00:00,LTC-USDT-SWAP,631459.4000000003,1757298358737
2025-09-08 02:25:58.754000+00:00,LUNA-USDT-SWAP,15296281.0,1757298358754
2025-09-08 02:25:58.742000+00:00,LUNC-USDT-SWAP,32979590000.0,1757298358742
2025-09-08 02:25:58.739000+00:00,MAGIC-USDT-SWAP,19936057.0,1757298358739
2025-09-08 02:25:58.747000+00:00,MAJOR-USDT-SWAP,4862644.0,1757298358747
2025-09-08 02:25:58.746000+00:00,MANA-USDT-SWAP,11627910.0,1757298358746
2025-09-08 02:25:58.728000+00:00,MASK-USDT-SWAP,3133004.0,1757298358728
2025-09-08 02:25:58.749000+00:00,ME-USDT-SWAP,3111619.0,1757298358749
2025-09-08 02:25:58.744000+00:00,MEME-USDT-SWAP,1728772500.0,1757298358744
2025-09-08 02:25:59.187000+00:00,MERL-USDT-SWAP,56035044.0,1757298359187
2025-09-08 02:25:59.179000+00:00,METIS-USDT-SWAP,96457.6,1757298359179
2025-09-08 02:25:59.193000+00:00,MEW-USDT-SWAP,1016731000.0,1757298359193
2025-09-08 02:25:59.180000+00:00,MINA-USDT-SWAP,7664214.0,1757298359180
2025-09-08 02:25:59.192000+00:00,MOG-USDT-SWAP,621228000000.0,1757298359192
2025-09-08 02:25:59.193000+00:00,MOODENG-USDT-SWAP,45764250.0,1757298359193
2025-09-08 02:25:59.203000+00:00,MORPHO-USDT-SWAP,1359237.0,1757298359203
2025-09-08 02:25:59.206000+00:00,MOVE-USDT-SWAP,28929990.0,1757298359206
2025-09-08 02:25:59.196000+00:00,MUBARAK-USDT-SWAP,14059300.0,1757298359196
2025-09-08 02:25:59.633000+00:00,NEAR-USDT-SWAP,5365665.0,1757298359633
2025-09-08 02:25:59.613000+00:00,NEIRO-USDT-SWAP,8597721000.0,1757298359613
2025-09-08 02:25:59.632000+00:00,NEIROETH-USDT-SWAP,29746900.0,1757298359632
2025-09-08 02:25:59.629000+00:00,NEO-USDT-SWAP,298667.0,1757298359629
2025-09-08 02:25:59.622000+00:00,NEWT-USDT-SWAP,3728210.0,1757298359622
2025-09-08 02:25:59.631000+00:00,NMR-USDT-SWAP,589791.3,1757298359631
2025-09-08 02:25:59.639000+00:00,NOT-USDT-SWAP,1732857400.0,1757298359639
2025-09-08 02:25:59.630000+00:00,NXPC-USDT-SWAP,851411.0,1757298359630
2025-09-08 02:25:59.641000+00:00,OL-USDT-SWAP,89138340.0,1757298359641
2025-09-08 02:25:59.629000+00:00,OM-USDT-SWAP,26866192.000000004,1757298359629
2025-09-08 02:26:00.053000+00:00,ONDO-USDT-SWAP,19732820.0,1757298360053
2025-09-08 02:26:00.097000+00:00,ONE-USDT-SWAP,81077000.0,1757298360097
2025-09-08 02:26:00.084000+00:00,ONT-USDT-SWAP,13484260.0,1757298360084
2025-09-08 02:26:00.067000+00:00,OP-USDT-SWAP,20698995.0,1757298360067
2025-09-08 02:26:00.060000+00:00,ORBS-USDT-SWAP,26641700.0,1757298360060
2025-09-08 02:26:00.057000+00:00,ORDI-USDT-SWAP,1189697.4,1757298360057
2025-09-08 02:26:00.097000+00:00,PARTI-USDT-SWAP,13367310.0,1757298360097
2025-09-08 02:26:00.059000+00:00,PENGU-USDT-SWAP,574379800.0,1757298360059
2025-09-08 02:26:00.158000+00:00,PEOPLE-USDT-SWAP,301956500.0,1757298360158
2025-09-08 02:26:00.062000+00:00,PEPE-USDT-SWAP,6585514000000.002,1757298360062
2025-09-08 02:26:00.579000+00:00,PERP-USDT-SWAP,2552835.0,1757298360579
2025-09-08 02:26:00.568000+00:00,PI-USDT-SWAP,31354393.0,1757298360568
2025-09-08 02:26:00.590000+00:00,PLUME-USDT-SWAP,15386670.0,1757298360590
2025-09-08 02:26:00.583000+00:00,PNUT-USDT-SWAP,37853200.0,1757298360583
2025-09-08 02:26:00.572000+00:00,POL-USDT-SWAP,37798820.0,1757298360572
2025-09-08 02:26:00.569000+00:00,POPCAT-USDT-SWAP,10366990.0,1757298360569
2025-09-08 02:26:00.582000+00:00,PRCL-USDT-SWAP,17721958.0,1757298360582
2025-09-08 02:26:00.567000+00:00,PROMPT-USDT-SWAP,31797830.0,1757298360567
2025-09-08 02:26:00.581000+00:00,PUMP-USDT-SWAP,6947633000.0,1757298360581
2025-09-08 02:26:00.575000+00:00,PYTH-USDT-SWAP,47006580.0,1757298360575
2025-09-08 02:26:01.021000+00:00,QTUM-USDT-SWAP,1279974.0,1757298361021
2025-09-08 02:26:01.025000+00:00,RAY-USDT-SWAP,953425.0,1757298361025
2025-09-08 02:26:01.031000+00:00,RENDER-USDT-SWAP,1358405.0,1757298361031
2025-09-08 02:26:01.027000+00:00,RESOLV-USDT-SWAP,27332030.0,1757298361027
2025-09-08 02:26:01.025000+00:00,RSR-USDT-SWAP,254454200.0,1757298361025
2025-09-08 02:26:01.052000+00:00,RVN-USDT-SWAP,80748610.0,1757298361052
2025-09-08 02:26:01.230000+00:00,S-USDT-SWAP,13260730.0,1757298361230
2025-09-08 02:26:01.037000+00:00,SAHARA-USDT-SWAP,55789820.0,1757298361037
2025-09-08 02:26:01.044000+00:00,SAND-USDT-SWAP,19677790.0,1757298361044
2025-09-08 02:26:01.031000+00:00,SATS-USDT-SWAP,173808290000000.0,1757298361031
2025-09-08 02:26:01.673000+00:00,SCR-USDT-SWAP,3266425.0,1757298361673
2025-09-08 02:26:01.646000+00:00,SHELL-USDT-SWAP,5782640.0,1757298361646
2025-09-08 02:26:01.672000+00:00,SHIB-USDT-SWAP,1410313500000.0,1757298361672
2025-09-08 02:26:01.669000+00:00,SIGN-USDT-SWAP,46117100.0,1757298361669
2025-09-08 02:26:01.655000+00:00,SLP-USDT-SWAP,448696390.0,1757298361655
2025-09-08 02:26:01.665000+00:00,SNX-USDT-SWAP,2541554.0,1757298361665
2025-09-08 02:26:01.675000+00:00,SOL-USDT-SWAP,3264687.580000002,1757298361675
2025-09-08 02:26:01.659000+00:00,SOLV-USDT-SWAP,58268400.0,1757298361659
2025-09-08 02:26:01.660000+00:00,SONIC-USDT-SWAP,7508225.0,1757298361660
2025-09-08 02:26:01.663000+00:00,SOON-USDT-SWAP,11206410.0,1757298361663
2025-09-08 02:26:02.095000+00:00,SOPH-USDT-SWAP,87721800.0,1757298362095
2025-09-08 02:26:02.103000+00:00,SPK-USDT-SWAP,149333500.0,1757298362103
2025-09-08 02:26:02.112000+00:00,SPX-USDT-SWAP,1290995.0,1757298362112
2025-09-08 02:26:02.093000+00:00,SSV-USDT-SWAP,307860.7,1757298362093
2025-09-08 02:26:02.111000+00:00,STORJ-USDT-SWAP,5584800.0,1757298362111
2025-09-08 02:26:02.107000+00:00,STRK-USDT-SWAP,25202435.0,1757298362107
2025-09-08 02:26:02.107000+00:00,STX-USDT-SWAP,6687501.0,1757298362107
2025-09-08 02:26:02.111000+00:00,SUI-USDT-SWAP,20720293.0,1757298362111
2025-09-08 02:26:02.125000+00:00,SUSHI-USDT-SWAP,8145072.0,1757298362125
2025-09-08 02:26:02.108000+00:00,SWARMS-USDT-SWAP,83078600.0,1757298362108
2025-09-08 02:26:02.588000+00:00,SYRUP-USDT-SWAP,3345980.0,1757298362588
2025-09-08 02:26:02.535000+00:00,T-USDT-SWAP,39470700.0,1757298362535
2025-09-08 02:26:02.564000+00:00,TAO-USDT-SWAP,15381.26,1757298362564
2025-09-08 02:26:02.539000+00:00,THETA-USDT-SWAP,2643246.9999999995,1757298362539
2025-09-08 02:26:02.549000+00:00,TIA-USDT-SWAP,5442427.0,1757298362549
2025-09-08 02:26:02.550000+00:00,TNSR-USDT-SWAP,8252075.0,1757298362550
2025-09-08 02:26:02.553000+00:00,TON-USDT-SWAP,9486458.0,1757298362553
2025-09-08 02:26:02.546000+00:00,TRB-USDT-SWAP,275152.6,1757298362546
2025-09-08 02:26:02.550000+00:00,TREE-USDT-SWAP,6691494.0,1757298362550
2025-09-08 02:26:02.551000+00:00,TRUMP-USDT-SWAP,5410653.1,1757298362551
2025-09-08 02:26:03.017000+00:00,TRX-USDT-SWAP,109626000.00000007,1757298363017
2025-09-08 02:26:03.017000+00:00,TURBO-USDT-SWAP,796160000.0000002,1757298363017
2025-09-08 02:26:03.034000+00:00,UMA-USDT-SWAP,1460585.5,1757298363034
2025-09-08 02:26:03.020000+00:00,UNI-USDT-SWAP,3159288.0,1757298363020
2025-09-08 02:26:03.016000+00:00,USDC-USDT-SWAP,1100260.0,1757298363016
2025-09-08 02:26:03.026000+00:00,USELESS-USDT-SWAP,15262670.0,1757298363026
2025-09-08 02:26:03.039000+00:00,USTC-USDT-SWAP,138561300.0,1757298363039
2025-09-08 02:26:03.021000+00:00,UXLINK-USDT-SWAP,6224120.0,1757298363021
2025-09-08 02:26:03.031000+00:00,VANA-USDT-SWAP,132864.4,1757298363031
2025-09-08 02:26:03.025000+00:00,VINE-USDT-SWAP,103941900.0,1757298363025
2025-09-08 02:26:03.466000+00:00,VIRTUAL-USDT-SWAP,3271272.0,1757298363466
2025-09-08 02:26:03.468000+00:00,W-USDT-SWAP,48213107.0,1757298363468
2025-09-08 02:26:03.677000+00:00,WAL-USDT-SWAP,2131130.0,1757298363677
2025-09-08 02:26:03.470000+00:00,WAXP-USDT-SWAP,28356500.0,1757298363470
2025-09-08 02:26:03.473000+00:00,WCT-USDT-SWAP,10259830.0,1757298363473
2025-09-08 02:26:03.476000+00:00,WIF-USDT-SWAP,16543897.0,1757298363476
2025-09-08 02:26:03.472000+00:00,WLD-USDT-SWAP,38607798.0,1757298363472
2025-09-08 02:26:03.472000+00:00,WLFI-USDT-SWAP,297285150.0,1757298363472
2025-09-08 02:26:03.478000+00:00,WOO-USDT-SWAP,15164400.0,1757298363478
2025-09-08 02:26:03.475000+00:00,XAUT-USDT-SWAP,5789.649,1757298363475
2025-09-08 02:26:04.088000+00:00,XLM-USDT-SWAP,39151039.99999999,1757298364088
2025-09-08 02:26:04.083000+00:00,XPL-USDT-SWAP,7063150.0,1757298364083
2025-09-08 02:26:04.101000+00:00,XRP-USDT-SWAP,90994340.99999994,1757298364101
2025-09-08 02:26:04.095000+00:00,XTZ-USDT-SWAP,5581377.0,1757298364095
2025-09-08 02:26:04.092000+00:00,YFI-USDT-SWAP,366.2885,1757298364092
2025-09-08 02:26:04.102000+00:00,YGG-USDT-SWAP,28528764.0,1757298364102
2025-09-08 02:26:04.098000+00:00,ZENT-USDT-SWAP,218012600.0,1757298364098
2025-09-08 02:26:04.103000+00:00,ZEREBRO-USDT-SWAP,81579840.0,1757298364103
2025-09-08 02:26:04.104000+00:00,ZETA-USDT-SWAP,5862610.0,1757298364104
2025-09-08 02:26:04.093000+00:00,ZIL-USDT-SWAP,161286200.0,1757298364093
2025-09-08 02:26:04.528000+00:00,ZK-USDT-SWAP,49817250.0,1757298364528
2025-09-08 02:26:04.594000+00:00,ZRO-USDT-SWAP,2089425.0,1757298364594
2025-09-08 02:26:04.534000+00:00,ZRX-USDT-SWAP,8469730.0,1757298364534
2025-09-08 03:27:08.955000+00:00,1INCH-USDT-SWAP,8290943.0,1757302028955
2025-09-08 03:27:08.975000+00:00,A-USDT-SWAP,9647190.0,1757302028975
2025-09-08 03:27:08.940000+00:00,AAVE-USDT-SWAP,130515.67000000003,1757302028940
2025-09-08 03:27:08.949000+00:00,ACE-USDT-SWAP,1959564.0,1757302028949
2025-09-08 03:27:08.946000+00:00,ACH-USDT-SWAP,78408400.0,1757302028946
2025-09-08 03:27:08.951000+00:00,ACT-USDT-SWAP,83353111.0,1757302028951
2025-09-08 03:27:08.968000+00:00,ADA-USDT-SWAP,79042140.00000004,1757302028968
2025-09-08 03:27:08.951000+00:00,AERO-USDT-SWAP,1670680.0,1757302028951
2025-09-08 03:27:08.946000+00:00,AEVO-USDT-SWAP,12728088.0,1757302028946
2025-09-08 03:27:08.986000+00:00,AGLD-USDT-SWAP,1930567.0,1757302028986
2025-09-08 03:27:09.432000+00:00,AI16Z-USDT-SWAP,49675499.0,1757302029432
2025-09-08 03:27:09.424000+00:00,AIXBT-USDT-SWAP,23386260.0,1757302029424
2025-09-08 03:27:09.437000+00:00,ALCH-USDT-SWAP,23007950.0,1757302029437
2025-09-08 03:27:09.426000+00:00,ALGO-USDT-SWAP,28085000.0,1757302029426
2025-09-08 03:27:09.442000+00:00,ANIME-USDT-SWAP,106151160.0,1757302029442
2025-09-08 03:27:09.425000+00:00,APE-USDT-SWAP,8328144.7,1757302029425
2025-09-08 03:27:09.432000+00:00,API3-USDT-SWAP,3685492.0,1757302029432
2025-09-08 03:27:09.434000+00:00,APT-USDT-SWAP,3640575.0,1757302029434
2025-09-08 03:27:09.431000+00:00,AR-USDT-SWAP,529781.7,1757302029431
2025-09-08 03:27:09.424000+00:00,ARB-USDT-SWAP,33560044.99999999,1757302029424
2025-09-08 03:27:09.892000+00:00,ARC-USDT-SWAP,60648510.0,1757302029892
2025-09-08 03:27:09.896000+00:00,ARKM-USDT-SWAP,3582514.0,1757302029896
2025-09-08 03:27:09.926000+00:00,ATH-USDT-SWAP,141630900.0,1757302029926
2025-09-08 03:27:09.896000+00:00,ATOM-USDT-SWAP,1902608.0,1757302029896
2025-09-08 03:27:09.894000+00:00,AUCTION-USDT-SWAP,214795.6,1757302029894
2025-09-08 03:27:09.905000+00:00,AVAAI-USDT-SWAP,53418220.0,1757302029905
2025-09-08 03:27:09.897000+00:00,AVAX-USDT-SWAP,1889178.2999999998,1757302029897
2025-09-08 03:27:09.889000+00:00,AXS-USDT-SWAP,1179349.2,1757302029889
2025-09-08 03:27:09.893000+00:00,BABY-USDT-SWAP,39356610.0,1757302029893
2025-09-08 03:27:09.886000+00:00,BAND-USDT-SWAP,1522157.0,1757302029886
2025-09-08 03:27:10.356000+00:00,BAT-USDT-SWAP,5632050.0,1757302030356
2025-09-08 03:27:10.384000+00:00,BCH-USDT-SWAP,82483.29,1757302030384
2025-09-08 03:27:10.366000+00:00,BERA-USDT-SWAP,2301604.0,1757302030366
2025-09-08 03:27:10.364000+00:00,BICO-USDT-SWAP,6569332.0,1757302030364
2025-09-08 03:27:10.372000+00:00,BIGTIME-USDT-SWAP,42075560.0,1757302030372
2025-09-08 03:27:10.359000+00:00,BIO-USDT-SWAP,73044100.0,1757302030359
2025-09-08 03:27:10.368000+00:00,BLUR-USDT-SWAP,25204960.0,1757302030368
2025-09-08 03:27:10.372000+00:00,BNB-USDT-SWAP,96337.44,1757302030372
2025-09-08 03:27:10.363000+00:00,BNT-USDT-SWAP,731890.0,1757302030363
2025-09-08 03:27:10.371000+00:00,BOME-USDT-SWAP,1388965000.0,1757302030371
2025-09-08 03:27:10.825000+00:00,BONK-USDT-SWAP,507243000000.0,1757302030825
2025-09-08 03:27:10.826000+00:00,BRETT-USDT-SWAP,12921300.0,1757302030826
2025-09-08 03:27:10.831000+00:00,BTC-USDT-SWAP,26478.802600000065,1757302030831
2025-09-08 03:27:10.825000+00:00,CAT-USDT-SWAP,198080800000.0,1757302030825
2025-09-08 03:27:10.830000+00:00,CATI-USDT-SWAP,17414003.0,1757302030830
2025-09-08 03:27:10.828000+00:00,CELO-USDT-SWAP,4429613.0,1757302030828
2025-09-08 03:27:10.829000+00:00,CETUS-USDT-SWAP,17896880.0,1757302030829
2025-09-08 03:27:10.830000+00:00,CFX-USDT-SWAP,76722390.0,1757302030830
2025-09-08 03:27:10.820000+00:00,CHZ-USDT-SWAP,80003760.0,1757302030820
2025-09-08 03:27:10.825000+00:00,COMP-USDT-SWAP,94171.0,1757302030825
2025-09-08 03:27:11.283000+00:00,COOKIE-USDT-SWAP,4418260.0,1757302031283
2025-09-08 03:27:11.288000+00:00,CORE-USDT-SWAP,9791182.0,1757302031288
2025-09-08 03:27:11.303000+00:00,CRO-USDT-SWAP,63865870.0,1757302031303
2025-09-08 03:27:11.296000+00:00,CRV-USDT-SWAP,25622987.0,1757302031296
2025-09-08 03:27:11.276000+00:00,CTC-USDT-SWAP,1710530.0,1757302031276
2025-09-08 03:27:11.273000+00:00,CVC-USDT-SWAP,9642400.0,1757302031273
2025-09-08 03:27:11.289000+00:00,CVX-USDT-SWAP,292263.0,1757302031289
2025-09-08 03:27:11.276000+00:00,DEGEN-USDT-SWAP,306632300.0,1757302031276
2025-09-08 03:27:11.286000+00:00,DGB-USDT-SWAP,49177700.0,1757302031286
2025-09-08 03:27:11.278000+00:00,DOG-USDT-SWAP,541670000.0,1757302031278
2025-09-08 03:27:11.748000+00:00,DOGE-USDT-SWAP,1564873720.0000002,1757302031748
2025-09-08 03:27:11.772000+00:00,DOGS-USDT-SWAP,18502950000.0,1757302031772
2025-09-08 03:27:11.758000+00:00,DOOD-USDT-SWAP,137901000.0,1757302031758
2025-09-08 03:27:11.745000+00:00,DOT-USDT-SWAP,6776090.0,1757302031745
2025-09-08 03:27:11.750000+00:00,DUCK-USDT-SWAP,835979900.0,1757302031750
2025-09-08 03:27:11.747000+00:00,DYDX-USDT-SWAP,9128449.0,1757302031747
2025-09-08 03:27:11.781000+00:00,EGLD-USDT-SWAP,100621.6,1757302031781
2025-09-08 03:27:11.852000+00:00,EIGEN-USDT-SWAP,3978771.0,1757302031852
2025-09-08 03:27:11.770000+00:00,ENJ-USDT-SWAP,13168410.0,1757302031770
2025-09-08 03:27:11.746000+00:00,ENS-USDT-SWAP,364147.2,1757302031746
2025-09-08 03:27:12.303000+00:00,ETC-USDT-SWAP,1084588.9000000004,1757302032303
2025-09-08 03:27:12.308000+00:00,ETH-USDT-SWAP,732691.2110000019,1757302032308
2025-09-08 03:27:12.295000+00:00,ETHFI-USDT-SWAP,8481714.0,1757302032295
2025-09-08 03:27:12.325000+00:00,ETHW-USDT-SWAP,1297844.0,1757302032325
2025-09-08 03:27:12.292000+00:00,FARTCOIN-USDT-SWAP,20792850.0,1757302032292
2025-09-08 03:27:12.301000+00:00,FIL-USDT-SWAP,14356374.3,1757302032301
2025-09-08 03:27:12.307000+00:00,FLM-USDT-SWAP,26010030.0,1757302032307
2025-09-08 03:27:12.295000+00:00,FLOKI-USDT-SWAP,40964500000.0,1757302032295
2025-09-08 03:27:12.292000+00:00,FLOW-USDT-SWAP,4524580.0,1757302032292
2025-09-08 03:27:12.295000+00:00,FXS-USDT-SWAP,245557.0,1757302032295
2025-09-08 03:27:12.764000+00:00,GALA-USDT-SWAP,439394230.0,1757302032764
2025-09-08 03:27:12.772000+00:00,GAS-USDT-SWAP,465721.0,1757302032772
2025-09-08 03:27:12.779000+00:00,GLM-USDT-SWAP,2715060.0,1757302032779
2025-09-08 03:27:12.768000+00:00,GMT-USDT-SWAP,47291453.0,1757302032768
2025-09-08 03:27:12.778000+00:00,GMX-USDT-SWAP,72749.1,1757302032778
2025-09-08 03:27:12.768000+00:00,GOAT-USDT-SWAP,25801050.0,1757302032768
2025-09-08 03:27:12.792000+00:00,GODS-USDT-SWAP,6486511.0,1757302032792
2025-09-08 03:27:12.923000+00:00,GPS-USDT-SWAP,248784920.0,1757302032923
2025-09-08 03:27:12.913000+00:00,GRASS-USDT-SWAP,2773900.0,1757302032913
2025-09-08 03:27:12.816000+00:00,GRIFFAIN-USDT-SWAP,24759540.0,1757302032816
2025-09-08 03:27:13.366000+00:00,GRT-USDT-SWAP,21839360.0,1757302033366
2025-09-08 03:27:13.376000+00:00,H-USDT-SWAP,62071300.0,1757302033376
2025-09-08 03:27:13.360000+00:00,HBAR-USDT-SWAP,74872420.0,1757302033360
2025-09-08 03:27:13.364000+00:00,HMSTR-USDT-SWAP,939541000.0,1757302033364
2025-09-08 03:27:13.374000+00:00,HOME-USDT-SWAP,23052400.0,1757302033374
2025-09-08 03:27:13.495000+00:00,HUMA-USDT-SWAP,94352800.0,1757302033495
2025-09-08 03:27:13.380000+00:00,HYPE-USDT-SWAP,802546.3,1757302033380
2025-09-08 03:27:13.349000+00:00,ICP-USDT-SWAP,1181997.35,1757302033349
2025-09-08 03:27:13.357000+00:00,ICX-USDT-SWAP,6395790.0,1757302033357
2025-09-08 03:27:13.370000+00:00,IMX-USDT-SWAP,6391690.0,1757302033370
2025-09-08 03:27:13.929000+00:00,INIT-USDT-SWAP,2431180.0,1757302033929
2025-09-08 03:27:13.931000+00:00,INJ-USDT-SWAP,885640.1,1757302033931
2025-09-08 03:27:13.933000+00:00,IOST-USDT-SWAP,317118000.0,1757302033933
2025-09-08 03:27:13.936000+00:00,IOTA-USDT-SWAP,15981790.0,1757302033936
2025-09-08 03:27:13.927000+00:00,IP-USDT-SWAP,3451506.0,1757302033927
2025-09-08 03:27:13.931000+00:00,JELLYJELLY-USDT-SWAP,216105200.0,1757302033931
2025-09-08 03:27:13.928000+00:00,JOE-USDT-SWAP,7104600.0,1757302033928
2025-09-08 03:27:13.934000+00:00,JTO-USDT-SWAP,2919318.0,1757302033934
2025-09-08 03:27:13.956000+00:00,JUP-USDT-SWAP,15017610.0,1757302033956
2025-09-08 03:27:14.385000+00:00,KAITO-USDT-SWAP,3288785.0,1757302034385
2025-09-08 03:27:14.412000+00:00,KMNO-USDT-SWAP,18061000.0,1757302034412
2025-09-08 03:27:14.391000+00:00,KSM-USDT-SWAP,127347.5,1757302034391
2025-09-08 03:27:14.388000+00:00,LA-USDT-SWAP,2955630.0,1757302034388
2025-09-08 03:27:14.383000+00:00,LAUNCHCOIN-USDT-SWAP,39303130.0,1757302034383
2025-09-08 03:27:14.394000+00:00,LAYER-USDT-SWAP,5822247.0,1757302034394
2025-09-08 03:27:14.397000+00:00,LDO-USDT-SWAP,14441748.0,1757302034397
2025-09-08 03:27:14.440000+00:00,LINK-USDT-SWAP,2508367.6999999997,1757302034440
2025-09-08 03:27:14.398000+00:00,LPT-USDT-SWAP,855809.6,1757302034398
2025-09-08 03:27:14.392000+00:00,LQTY-USDT-SWAP,1576720.0,1757302034392
2025-09-08 03:27:14.878000+00:00,LRC-USDT-SWAP,16636330.0,1757302034878
2025-09-08 03:27:14.873000+00:00,LTC-USDT-SWAP,631896.6000000001,1757302034873
2025-09-08 03:27:14.913000+00:00,LUNA-USDT-SWAP,15287134.0,1757302034913
2025-09-08 03:27:14.880000+00:00,LUNC-USDT-SWAP,32842600000.0,1757302034880
2025-09-08 03:27:14.869000+00:00,MAGIC-USDT-SWAP,19905444.0,1757302034869
2025-09-08 03:27:14.879000+00:00,MAJOR-USDT-SWAP,4837421.0,1757302034879
2025-09-08 03:27:14.871000+00:00,MANA-USDT-SWAP,11596310.0,1757302034871
2025-09-08 03:27:14.903000+00:00,MASK-USDT-SWAP,3137957.0,1757302034903
2025-09-08 03:27:14.874000+00:00,ME-USDT-SWAP,3092119.0,1757302034874
2025-09-08 03:27:14.904000+00:00,MEME-USDT-SWAP,1726949700.0,1757302034904
2025-09-08 03:27:15.347000+00:00,MERL-USDT-SWAP,56045281.0,1757302035347
2025-09-08 03:27:15.355000+00:00,METIS-USDT-SWAP,97713.8,1757302035355
2025-09-08 03:27:15.352000+00:00,MEW-USDT-SWAP,1011412000.0,1757302035352
2025-09-08 03:27:15.358000+00:00,MINA-USDT-SWAP,7628021.0,1757302035358
2025-09-08 03:27:15.344000+00:00,MOG-USDT-SWAP,605658000000.0,1757302035344
2025-09-08 03:27:15.357000+00:00,MOODENG-USDT-SWAP,45745200.0,1757302035357
2025-09-08 03:27:15.381000+00:00,MORPHO-USDT-SWAP,1354178.0,1757302035381
2025-09-08 03:27:15.358000+00:00,MOVE-USDT-SWAP,28872250.0,1757302035358
2025-09-08 03:27:15.360000+00:00,MUBARAK-USDT-SWAP,13933000.0,1757302035360
2025-09-08 03:27:15.821000+00:00,NEAR-USDT-SWAP,5344183.0,1757302035821
2025-09-08 03:27:15.822000+00:00,NEIRO-USDT-SWAP,8718500000.0,1757302035822
2025-09-08 03:27:15.823000+00:00,NEIROETH-USDT-SWAP,29697900.0,1757302035823
2025-09-08 03:27:15.814000+00:00,NEO-USDT-SWAP,298508.0,1757302035814
2025-09-08 03:27:15.814000+00:00,NEWT-USDT-SWAP,3722530.0,1757302035814
2025-09-08 03:27:15.821000+00:00,NMR-USDT-SWAP,577296.9,1757302035821
2025-09-08 03:27:15.825000+00:00,NOT-USDT-SWAP,1729658700.0,1757302035825
2025-09-08 03:27:15.824000+00:00,NXPC-USDT-SWAP,858621.0,1757302035824
2025-09-08 03:27:15.824000+00:00,OL-USDT-SWAP,89192560.0,1757302035824
2025-09-08 03:27:15.874000+00:00,OM-USDT-SWAP,26749830.0,1757302035874
2025-09-08 03:27:16.313000+00:00,ONDO-USDT-SWAP,19632040.0,1757302036313
2025-09-08 03:27:16.324000+00:00,ONE-USDT-SWAP,80586900.0,1757302036324
2025-09-08 03:27:16.360000+00:00,ONT-USDT-SWAP,13387640.0,1757302036360
2025-09-08 03:27:16.310000+00:00,OP-USDT-SWAP,20659709.0,1757302036310
2025-09-08 03:27:16.309000+00:00,ORBS-USDT-SWAP,27748500.0,1757302036309
2025-09-08 03:27:16.311000+00:00,ORDI-USDT-SWAP,1199083.9,1757302036311
2025-09-08 03:27:16.343000+00:00,PARTI-USDT-SWAP,13256330.0,1757302036343
2025-09-08 03:27:16.346000+00:00,PENGU-USDT-SWAP,587576800.0,1757302036346
2025-09-08 03:27:16.316000+00:00,PEOPLE-USDT-SWAP,303711300.0,1757302036316
2025-09-08 03:27:16.310000+00:00,PEPE-USDT-SWAP,6677108000000.001,1757302036310
2025-09-08 03:27:16.797000+00:00,PERP-USDT-SWAP,2502396.0,1757302036797
2025-09-08 03:27:16.803000+00:00,PI-USDT-SWAP,31333417.0,1757302036803
2025-09-08 03:27:16.798000+00:00,PLUME-USDT-SWAP,16450460.0,1757302036798
2025-09-08 03:27:16.794000+00:00,PNUT-USDT-SWAP,38005480.0,1757302036794
2025-09-08 03:27:16.790000+00:00,POL-USDT-SWAP,38229270.0,1757302036790
2025-09-08 03:27:16.803000+00:00,POPCAT-USDT-SWAP,10416770.0,1757302036803
2025-09-08 03:27:16.799000+00:00,PRCL-USDT-SWAP,17656370.0,1757302036799
2025-09-08 03:27:16.794000+00:00,PROMPT-USDT-SWAP,32629430.0,1757302036794
2025-09-08 03:27:16.791000+00:00,PUMP-USDT-SWAP,6899607000.0,1757302036791
2025-09-08 03:27:16.835000+00:00,PYTH-USDT-SWAP,46799870.0,1757302036835
2025-09-08 03:27:17.277000+00:00,QTUM-USDT-SWAP,1255372.0,1757302037277
2025-09-08 03:27:17.292000+00:00,RAY-USDT-SWAP,949878.0,1757302037292
2025-09-08 03:27:17.277000+00:00,RENDER-USDT-SWAP,1359958.0,1757302037277
2025-09-08 03:27:17.280000+00:00,RESOLV-USDT-SWAP,27253410.0,1757302037280
2025-09-08 03:27:17.282000+00:00,RSR-USDT-SWAP,253775800.0,1757302037282
2025-09-08 03:27:17.282000+00:00,RVN-USDT-SWAP,80267390.0,1757302037282
2025-09-08 03:27:17.284000+00:00,S-USDT-SWAP,13220140.0,1757302037284
2025-09-08 03:27:17.332000+00:00,SAHARA-USDT-SWAP,56060180.0,1757302037332
2025-09-08 03:27:17.277000+00:00,SAND-USDT-SWAP,19608630.0,1757302037277
2025-09-08 03:27:17.278000+00:00,SATS-USDT-SWAP,174387500000000.0,1757302037278
2025-09-08 03:27:17.773000+00:00,SCR-USDT-SWAP,3284853.0,1757302037773
2025-09-08 03:27:17.768000+00:00,SHELL-USDT-SWAP,5786930.0,1757302037768
2025-09-08 03:27:17.777000+00:00,SHIB-USDT-SWAP,1424181900000.0,1757302037777
2025-09-08 03:27:17.794000+00:00,SIGN-USDT-SWAP,46227600.0,1757302037794
2025-09-08 03:27:17.767000+00:00,SLP-USDT-SWAP,448700640.0,1757302037767
2025-09-08 03:27:17.766000+00:00,SNX-USDT-SWAP,2566508.0,1757302037766
2025-09-08 03:27:17.770000+00:00,SOL-USDT-SWAP,3293539.610000002,1757302037770
2025-09-08 03:27:17.802000+00:00,SOLV-USDT-SWAP,59006400.0,1757302037802
2025-09-08 03:27:17.768000+00:00,SONIC-USDT-SWAP,7525729.0,1757302037768
2025-09-08 03:27:17.782000+00:00,SOON-USDT-SWAP,12635800.0,1757302037782
2025-09-08 03:27:18.243000+00:00,SOPH-USDT-SWAP,87617400.0,1757302038243
2025-09-08 03:27:18.254000+00:00,SPK-USDT-SWAP,150801300.0,1757302038254
2025-09-08 03:27:18.293000+00:00,SPX-USDT-SWAP,1224976.0,1757302038293
2025-09-08 03:27:18.249000+00:00,SSV-USDT-SWAP,309676.6,1757302038249
2025-09-08 03:27:18.247000+00:00,STORJ-USDT-SWAP,5565010.0,1757302038247
2025-09-08 03:27:18.243000+00:00,STRK-USDT-SWAP,25118705.0,1757302038243
2025-09-08 03:27:18.247000+00:00,STX-USDT-SWAP,6723047.0,1757302038247
2025-09-08 03:27:18.244000+00:00,SUI-USDT-SWAP,20799390.0,1757302038244
2025-09-08 03:27:18.240000+00:00,SUSHI-USDT-SWAP,8343421.0,1757302038240
2025-09-08 03:27:18.249000+00:00,SWARMS-USDT-SWAP,82497950.0,1757302038249
2025-09-08 03:27:18.747000+00:00,SYRUP-USDT-SWAP,3319350.0,1757302038747
2025-09-08 03:27:18.795000+00:00,T-USDT-SWAP,39604500.0,1757302038795
2025-09-08 03:27:18.743000+00:00,TAO-USDT-SWAP,15265.74,1757302038743
2025-09-08 03:27:18.729000+00:00,THETA-USDT-SWAP,2617988.9999999995,1757302038729
2025-09-08 03:27:18.734000+00:00,TIA-USDT-SWAP,5389253.0,1757302038734
2025-09-08 03:27:18.736000+00:00,TNSR-USDT-SWAP,8261945.0,1757302038736
2025-09-08 03:27:18.889000+00:00,TON-USDT-SWAP,9460005.0,1757302038889
2025-09-08 03:27:18.736000+00:00,TRB-USDT-SWAP,273911.7,1757302038736
2025-09-08 03:27:18.739000+00:00,TREE-USDT-SWAP,6602570.0,1757302038739
2025-09-08 03:27:18.948000+00:00,TRUMP-USDT-SWAP,5379348.6,1757302038948
2025-09-08 03:27:19.392000+00:00,TRX-USDT-SWAP,108215920.00000004,1757302039392
2025-09-08 03:27:19.399000+00:00,TURBO-USDT-SWAP,803658000.0000002,1757302039399
2025-09-08 03:27:19.414000+00:00,UMA-USDT-SWAP,1477379.4,1757302039414
2025-09-08 03:27:19.395000+00:00,UNI-USDT-SWAP,3192612.0,1757302039395
2025-09-08 03:27:19.404000+00:00,USDC-USDT-SWAP,1100290.0,1757302039404
2025-09-08 03:27:19.398000+00:00,USELESS-USDT-SWAP,15121840.0,1757302039398
2025-09-08 03:27:19.394000+00:00,USTC-USDT-SWAP,137445700.0,1757302039394
2025-09-08 03:27:19.397000+00:00,UXLINK-USDT-SWAP,6343430.0,1757302039397
2025-09-08 03:27:19.389000+00:00,VANA-USDT-SWAP,133928.8,1757302039389
2025-09-08 03:27:19.393000+00:00,VINE-USDT-SWAP,103065110.0,1757302039393
2025-09-08 03:27:19.849000+00:00,VIRTUAL-USDT-SWAP,3322392.0,1757302039849
2025-09-08 03:27:19.859000+00:00,W-USDT-SWAP,47869326.0,1757302039859
2025-09-08 03:27:19.855000+00:00,WAL-USDT-SWAP,2121360.0,1757302039855
2025-09-08 03:27:19.856000+00:00,WAXP-USDT-SWAP,28416700.0,1757302039856
2025-09-08 03:27:19.849000+00:00,WCT-USDT-SWAP,10414230.0,1757302039849
2025-09-08 03:27:19.846000+00:00,WIF-USDT-SWAP,16661245.0,1757302039846
2025-09-08 03:27:19.856000+00:00,WLD-USDT-SWAP,39370069.0,1757302039856
2025-09-08 03:27:19.852000+00:00,WLFI-USDT-SWAP,293106390.0,1757302039852
2025-09-08 03:27:19.859000+00:00,WOO-USDT-SWAP,15235460.0,1757302039859
2025-09-08 03:27:19.845000+00:00,XAUT-USDT-SWAP,5673.368,1757302039845
2025-09-08 03:27:20.294000+00:00,XLM-USDT-SWAP,39089169.99999999,1757302040294
2025-09-08 03:27:20.306000+00:00,XPL-USDT-SWAP,6977120.0,1757302040306
2025-09-08 03:27:20.303000+00:00,XRP-USDT-SWAP,91797969.0,1757302040303
2025-09-08 03:27:20.293000+00:00,XTZ-USDT-SWAP,5565463.0,1757302040293
2025-09-08 03:27:20.291000+00:00,YFI-USDT-SWAP,366.1491,1757302040291
2025-09-08 03:27:20.302000+00:00,YGG-USDT-SWAP,28055203.0,1757302040302
2025-09-08 03:27:20.311000+00:00,ZENT-USDT-SWAP,211136100.0,1757302040311
2025-09-08 03:27:20.291000+00:00,ZEREBRO-USDT-SWAP,80348120.0,1757302040291
2025-09-08 03:27:20.307000+00:00,ZETA-USDT-SWAP,5809740.0,1757302040307
2025-09-08 03:27:20.340000+00:00,ZIL-USDT-SWAP,160939100.0,1757302040340
2025-09-08 03:27:20.781000+00:00,ZK-USDT-SWAP,49614990.0,1757302040781
2025-09-08 03:27:20.772000+00:00,ZRO-USDT-SWAP,2082333.0,1757302040772
2025-09-08 03:27:20.781000+00:00,ZRX-USDT-SWAP,8562730.0,1757302040781
2025-09-08 03:28:21.471000+00:00,1INCH-USDT-SWAP,8291244.0,1757302101471
2025-09-08 03:28:21.497000+00:00,A-USDT-SWAP,9647040.0,1757302101497
2025-09-08 03:28:21.494000+00:00,AAVE-USDT-SWAP,130638.48000000001,1757302101494
2025-09-08 03:28:21.518000+00:00,ACE-USDT-SWAP,1959438.0,1757302101518
2025-09-08 03:28:21.501000+00:00,ACH-USDT-SWAP,78408400.0,1757302101501
2025-09-08 03:28:21.535000+00:00,ACT-USDT-SWAP,83353115.0,1757302101535
2025-09-08 03:28:21.495000+00:00,ADA-USDT-SWAP,79062720.00000006,1757302101495
2025-09-08 03:28:21.502000+00:00,AERO-USDT-SWAP,1670540.0,1757302101502
2025-09-08 03:28:21.492000+00:00,AEVO-USDT-SWAP,12728116.0,1757302101492
2025-09-08 03:28:21.490000+00:00,AGLD-USDT-SWAP,1930393.0,1757302101490
2025-09-08 03:28:21.975000+00:00,AI16Z-USDT-SWAP,50001832.0,1757302101975
2025-09-08 03:28:21.972000+00:00,AIXBT-USDT-SWAP,23401080.0,1757302101972
2025-09-08 03:28:21.971000+00:00,ALCH-USDT-SWAP,23008170.0,1757302101971
2025-09-08 03:28:21.982000+00:00,ALGO-USDT-SWAP,28076200.0,1757302101982
2025-09-08 03:28:21.972000+00:00,ANIME-USDT-SWAP,106147600.0,1757302101972
2025-09-08 03:28:21.969000+00:00,APE-USDT-SWAP,8332003.9,1757302101969
2025-09-08 03:28:21.989000+00:00,API3-USDT-SWAP,3685388.0,1757302101989
2025-09-08 03:28:21.969000+00:00,APT-USDT-SWAP,3640240.0,1757302101969
2025-09-08 03:28:21.974000+00:00,AR-USDT-SWAP,529055.0,1757302101974
2025-09-08 03:28:21.980000+00:00,ARB-USDT-SWAP,33536367.99999999,1757302101980
2025-09-08 03:28:22.439000+00:00,ARC-USDT-SWAP,60932570.0,1757302102439
2025-09-08 03:28:22.436000+00:00,ARKM-USDT-SWAP,3581170.0,1757302102436
2025-09-08 03:28:22.444000+00:00,ATH-USDT-SWAP,141629100.0,1757302102444
2025-09-08 03:28:22.439000+00:00,ATOM-USDT-SWAP,1902801.0,1757302102439
2025-09-08 03:28:22.441000+00:00,AUCTION-USDT-SWAP,214795.6,1757302102441
2025-09-08 03:28:22.443000+00:00,AVAAI-USDT-SWAP,53410010.0,1757302102443
2025-09-08 03:28:22.452000+00:00,AVAX-USDT-SWAP,1889285.5999999999,1757302102452
2025-09-08 03:28:22.442000+00:00,AXS-USDT-SWAP,1179306.4,1757302102442
2025-09-08 03:28:22.466000+00:00,BABY-USDT-SWAP,39338990.0,1757302102466
2025-09-08 03:28:22.438000+00:00,BAND-USDT-SWAP,1522062.0,1757302102438
2025-09-08 03:28:22.896000+00:00,BAT-USDT-SWAP,5632090.0,1757302102896
2025-09-08 03:28:22.908000+00:00,BCH-USDT-SWAP,82480.55999999998,1757302102908
2025-09-08 03:28:22.903000+00:00,BERA-USDT-SWAP,2301425.6,1757302102903
2025-09-08 03:28:22.899000+00:00,BICO-USDT-SWAP,6569675.0,1757302102899
2025-09-08 03:28:22.901000+00:00,BIGTIME-USDT-SWAP,42075790.0,1757302102901
2025-09-08 03:28:22.903000+00:00,BIO-USDT-SWAP,73066563.0,1757302102903
2025-09-08 03:28:23.050000+00:00,BLUR-USDT-SWAP,25201170.0,1757302103050
2025-09-08 03:28:22.902000+00:00,BNB-USDT-SWAP,96353.51,1757302102902
2025-09-08 03:28:22.906000+00:00,BNT-USDT-SWAP,731920.0,1757302102906
2025-09-08 03:28:22.905000+00:00,BOME-USDT-SWAP,1388639000.0,1757302102905
2025-09-08 03:28:23.483000+00:00,BONK-USDT-SWAP,507341200000.0,1757302103483
2025-09-08 03:28:23.490000+00:00,BRETT-USDT-SWAP,12861800.0,1757302103490
2025-09-08 03:28:23.500000+00:00,BTC-USDT-SWAP,26467.902600000063,1757302103500
2025-09-08 03:28:23.491000+00:00,CAT-USDT-SWAP,198016800000.0,1757302103491
2025-09-08 03:28:23.489000+00:00,CATI-USDT-SWAP,17409419.0,1757302103489
2025-09-08 03:28:23.570000+00:00,CELO-USDT-SWAP,4431767.0,1757302103570
2025-09-08 03:28:23.507000+00:00,CETUS-USDT-SWAP,17893520.0,1757302103507
2025-09-08 03:28:23.512000+00:00,CFX-USDT-SWAP,76721890.0,1757302103512
2025-09-08 03:28:23.481000+00:00,CHZ-USDT-SWAP,80039840.0,1757302103481
2025-09-08 03:28:23.487000+00:00,COMP-USDT-SWAP,94170.8,1757302103487
2025-09-08 03:28:23.998000+00:00,COOKIE-USDT-SWAP,4417090.0,1757302103998
2025-09-08 03:28:23.999000+00:00,CORE-USDT-SWAP,9791063.0,1757302103999
2025-09-08 03:28:24.008000+00:00,CRO-USDT-SWAP,63911590.0,1757302104008
2025-09-08 03:28:24.004000+00:00,CRV-USDT-SWAP,25621704.0,1757302104004
2025-09-08 03:28:24.011000+00:00,CTC-USDT-SWAP,1710530.0,1757302104011
2025-09-08 03:28:24.003000+00:00,CVC-USDT-SWAP,9642400.0,1757302104003
2025-09-08 03:28:24.013000+00:00,CVX-USDT-SWAP,292313.0,1757302104013
2025-09-08 03:28:24.008000+00:00,DEGEN-USDT-SWAP,306558700.0,1757302104008
2025-09-08 03:28:24.011000+00:00,DGB-USDT-SWAP,49177700.0,1757302104011
2025-09-08 03:28:24.011000+00:00,DOG-USDT-SWAP,541933000.0,1757302104011
2025-09-08 03:28:24.522000+00:00,DOGE-USDT-SWAP,1564947280.0000002,1757302104522
2025-09-08 03:28:24.456000+00:00,DOGS-USDT-SWAP,18503751000.0,1757302104456
2025-09-08 03:28:24.478000+00:00,DOOD-USDT-SWAP,137901000.0,1757302104478
2025-09-08 03:28:24.459000+00:00,DOT-USDT-SWAP,6788509.0,1757302104459
2025-09-08 03:28:24.464000+00:00,DUCK-USDT-SWAP,836031000.0,1757302104464
2025-09-08 03:28:24.462000+00:00,DYDX-USDT-SWAP,9130027.0,1757302104462
2025-09-08 03:28:24.470000+00:00,EGLD-USDT-SWAP,100621.6,1757302104470
2025-09-08 03:28:24.483000+00:00,EIGEN-USDT-SWAP,3985933.0,1757302104483
2025-09-08 03:28:24.462000+00:00,ENJ-USDT-SWAP,13168650.0,1757302104462
2025-09-08 03:28:24.461000+00:00,ENS-USDT-SWAP,364092.1,1757302104461
2025-09-08 03:28:24.956000+00:00,ETC-USDT-SWAP,1084596.8000000003,1757302104956
2025-09-08 03:28:24.971000+00:00,ETH-USDT-SWAP,732836.8340000019,1757302104971
2025-09-08 03:28:24.975000+00:00,ETHFI-USDT-SWAP,8481213.0,1757302104975
2025-09-08 03:28:24.976000+00:00,ETHW-USDT-SWAP,1296912.3,1757302104976
2025-09-08 03:28:24.970000+00:00,FARTCOIN-USDT-SWAP,20780329.0,1757302104970
2025-09-08 03:28:24.979000+00:00,FIL-USDT-SWAP,14355508.2,1757302104979
2025-09-08 03:28:24.964000+00:00,FLM-USDT-SWAP,26007410.0,1757302104964
2025-09-08 03:28:24.962000+00:00,FLOKI-USDT-SWAP,40958500000.0,1757302104962
2025-09-08 03:28:24.973000+00:00,FLOW-USDT-SWAP,4518500.0,1757302104973
2025-09-08 03:28:24.970000+00:00,FXS-USDT-SWAP,245683.0,1757302104970
2025-09-08 03:28:25.418000+00:00,GALA-USDT-SWAP,439559870.0,1757302105418
2025-09-08 03:28:25.426000+00:00,GAS-USDT-SWAP,465667.0,1757302105426
2025-09-08 03:28:25.433000+00:00,GLM-USDT-SWAP,2715060.0,1757302105433
2025-09-08 03:28:25.612000+00:00,GMT-USDT-SWAP,47308028.0,1757302105612
2025-09-08 03:28:25.461000+00:00,GMX-USDT-SWAP,72747.1,1757302105461
2025-09-08 03:28:25.435000+00:00,GOAT-USDT-SWAP,25788440.0,1757302105435
2025-09-08 03:28:25.614000+00:00,GODS-USDT-SWAP,6486694.0,1757302105614
2025-09-08 03:28:25.914000+00:00,GPS-USDT-SWAP,247553600.0,1757302105914
2025-09-08 03:28:25.423000+00:00,GRASS-USDT-SWAP,2773547.0,1757302105423
2025-09-08 03:28:25.424000+00:00,GRIFFAIN-USDT-SWAP,24753570.0,1757302105424
2025-09-08 03:28:26.346000+00:00,GRT-USDT-SWAP,21841980.0,1757302106346
2025-09-08 03:28:26.351000+00:00,H-USDT-SWAP,62056500.0,1757302106351
2025-09-08 03:28:26.357000+00:00,HBAR-USDT-SWAP,74869190.0,1757302106357
2025-09-08 03:28:26.354000+00:00,HMSTR-USDT-SWAP,939541300.0,1757302106354
2025-09-08 03:28:26.352000+00:00,HOME-USDT-SWAP,23052700.0,1757302106352
2025-09-08 03:28:26.347000+00:00,HUMA-USDT-SWAP,94361800.0,1757302106347
2025-09-08 03:28:26.354000+00:00,HYPE-USDT-SWAP,802655.9,1757302106354
2025-09-08 03:28:26.352000+00:00,ICP-USDT-SWAP,1182469.27,1757302106352
2025-09-08 03:28:26.344000+00:00,ICX-USDT-SWAP,6398560.0,1757302106344
2025-09-08 03:28:26.350000+00:00,IMX-USDT-SWAP,6390792.0,1757302106350
2025-09-08 03:28:26.784000+00:00,INIT-USDT-SWAP,2430560.0,1757302106784
2025-09-08 03:28:26.788000+00:00,INJ-USDT-SWAP,885615.7,1757302106788
2025-09-08 03:28:26.801000+00:00,IOST-USDT-SWAP,317114000.0,1757302106801
2025-09-08 03:28:26.785000+00:00,IOTA-USDT-SWAP,15982840.0,1757302106785
2025-09-08 03:28:26.796000+00:00,IP-USDT-SWAP,3448228.0,1757302106796
2025-09-08 03:28:26.788000+00:00,JELLYJELLY-USDT-SWAP,216479400.0,1757302106788
2025-09-08 03:28:26.799000+00:00,JOE-USDT-SWAP,7104600.0,1757302106799
2025-09-08 03:28:26.794000+00:00,JTO-USDT-SWAP,2919400.0,1757302106794
2025-09-08 03:28:26.803000+00:00,JUP-USDT-SWAP,15025920.0,1757302106803
2025-09-08 03:28:27.243000+00:00,KAITO-USDT-SWAP,3289146.0,1757302107243
2025-09-08 03:28:27.246000+00:00,KMNO-USDT-SWAP,18061000.0,1757302107246
2025-09-08 03:28:27.247000+00:00,KSM-USDT-SWAP,127347.5,1757302107247
2025-09-08 03:28:27.381000+00:00,LA-USDT-SWAP,2947230.0,1757302107381
2025-09-08 03:28:27.248000+00:00,LAUNCHCOIN-USDT-SWAP,39291080.0,1757302107248
2025-09-08 03:28:27.254000+00:00,LAYER-USDT-SWAP,5821414.0,1757302107254
2025-09-08 03:28:27.264000+00:00,LDO-USDT-SWAP,14392561.0,1757302107264
2025-09-08 03:28:27.252000+00:00,LINK-USDT-SWAP,2508308.3,1757302107252
2025-09-08 03:28:27.248000+00:00,LPT-USDT-SWAP,856277.2,1757302107248
2025-09-08 03:28:27.251000+00:00,LQTY-USDT-SWAP,1576723.0,1757302107251
2025-09-08 03:28:27.809000+00:00,LRC-USDT-SWAP,16639990.0,1757302107809
2025-09-08 03:28:27.813000+00:00,LTC-USDT-SWAP,632071.3,1757302107813
2025-09-08 03:28:27.823000+00:00,LUNA-USDT-SWAP,15289116.0,1757302107823
2025-09-08 03:28:27.826000+00:00,LUNC-USDT-SWAP,32831470000.0,1757302107826
2025-09-08 03:28:27.820000+00:00,MAGIC-USDT-SWAP,19896707.0,1757302107820
2025-09-08 03:28:27.808000+00:00,MAJOR-USDT-SWAP,4837281.0,1757302107808
2025-09-08 03:28:27.825000+00:00,MANA-USDT-SWAP,11610350.0,1757302107825
2025-09-08 03:28:27.824000+00:00,MASK-USDT-SWAP,3137771.0,1757302107824
2025-09-08 03:28:27.831000+00:00,ME-USDT-SWAP,3092105.0,1757302107831
2025-09-08 03:28:27.815000+00:00,MEME-USDT-SWAP,1727303100.0,1757302107815
2025-09-08 03:28:28.275000+00:00,MERL-USDT-SWAP,56072012.0,1757302108275
2025-09-08 03:28:28.284000+00:00,METIS-USDT-SWAP,97713.9,1757302108284
2025-09-08 03:28:28.277000+00:00,MEW-USDT-SWAP,1011411000.0,1757302108277
2025-09-08 03:28:28.266000+00:00,MINA-USDT-SWAP,7628027.0,1757302108266
2025-09-08 03:28:28.271000+00:00,MOG-USDT-SWAP,605415000000.0,1757302108271
2025-09-08 03:28:28.285000+00:00,MOODENG-USDT-SWAP,45808650.0,1757302108285
2025-09-08 03:28:28.288000+00:00,MORPHO-USDT-SWAP,1354040.0,1757302108288
2025-09-08 03:28:28.271000+00:00,MOVE-USDT-SWAP,28882870.0,1757302108271
2025-09-08 03:28:28.268000+00:00,MUBARAK-USDT-SWAP,13933100.0,1757302108268
2025-09-08 03:28:28.781000+00:00,NEAR-USDT-SWAP,5344120.0,1757302108781
2025-09-08 03:28:28.922000+00:00,NEIRO-USDT-SWAP,8718552000.0,1757302108922
2025-09-08 03:28:28.782000+00:00,NEIROETH-USDT-SWAP,29733200.0,1757302108782
2025-09-08 03:28:28.778000+00:00,NEO-USDT-SWAP,298515.0,1757302108778
2025-09-08 03:28:28.852000+00:00,NEWT-USDT-SWAP,3719860.0,1757302108852
2025-09-08 03:28:28.781000+00:00,NMR-USDT-SWAP,576830.6,1757302108781
2025-09-08 03:28:28.811000+00:00,NOT-USDT-SWAP,1729607700.0,1757302108811
2025-09-08 03:28:28.785000+00:00,NXPC-USDT-SWAP,858617.0,1757302108785
2025-09-08 03:28:28.781000+00:00,OL-USDT-SWAP,89208570.0,1757302108781
2025-09-08 03:28:28.790000+00:00,OM-USDT-SWAP,26741514.0,1757302108790
2025-09-08 03:28:29.354000+00:00,ONDO-USDT-SWAP,19629290.0,1757302109354
2025-09-08 03:28:29.347000+00:00,ONE-USDT-SWAP,80586900.0,1757302109347
2025-09-08 03:28:29.359000+00:00,ONT-USDT-SWAP,13437640.0,1757302109359
2025-09-08 03:28:29.376000+00:00,OP-USDT-SWAP,20663122.0,1757302109376
2025-09-08 03:28:29.367000+00:00,ORBS-USDT-SWAP,27748500.0,1757302109367
2025-09-08 03:28:29.350000+00:00,ORDI-USDT-SWAP,1198697.7,1757302109350
2025-09-08 03:28:29.371000+00:00,PARTI-USDT-SWAP,13256330.0,1757302109371
2025-09-08 03:28:29.369000+00:00,PENGU-USDT-SWAP,587980200.0,1757302109369
2025-09-08 03:28:29.357000+00:00,PEOPLE-USDT-SWAP,303721700.0,1757302109357
2025-09-08 03:28:29.364000+00:00,PEPE-USDT-SWAP,6678557000000.001,1757302109364
2025-09-08 03:28:29.816000+00:00,PERP-USDT-SWAP,2502410.0,1757302109816
2025-09-08 03:28:29.825000+00:00,PI-USDT-SWAP,31332054.0,1757302109825
2025-09-08 03:28:29.826000+00:00,PLUME-USDT-SWAP,16387590.0,1757302109826
2025-09-08 03:28:29.827000+00:00,PNUT-USDT-SWAP,38005490.0,1757302109827
2025-09-08 03:28:29.821000+00:00,POL-USDT-SWAP,38225510.0,1757302109821
2025-09-08 03:28:29.820000+00:00,POPCAT-USDT-SWAP,10413700.0,1757302109820
2025-09-08 03:28:29.835000+00:00,PRCL-USDT-SWAP,17636386.0,1757302109835
2025-09-08 03:28:29.840000+00:00,PROMPT-USDT-SWAP,32643540.0,1757302109840
2025-09-08 03:28:29.818000+00:00,PUMP-USDT-SWAP,6894604000.0,1757302109818
2025-09-08 03:28:29.826000+00:00,PYTH-USDT-SWAP,46800560.0,1757302109826
2025-09-08 03:28:30.276000+00:00,QTUM-USDT-SWAP,1255296.0,1757302110276
2025-09-08 03:28:30.275000+00:00,RAY-USDT-SWAP,949516.0,1757302110275
2025-09-08 03:28:30.285000+00:00,RENDER-USDT-SWAP,1359907.0,1757302110285
2025-09-08 03:28:30.288000+00:00,RESOLV-USDT-SWAP,27324640.0,1757302110288
2025-09-08 03:28:30.280000+00:00,RSR-USDT-SWAP,253772300.0,1757302110280
2025-09-08 03:28:30.287000+00:00,RVN-USDT-SWAP,80267390.0,1757302110287
2025-09-08 03:28:30.291000+00:00,S-USDT-SWAP,13221950.0,1757302110291
2025-09-08 03:28:30.288000+00:00,SAHARA-USDT-SWAP,56060440.0,1757302110288
2025-09-08 03:28:30.287000+00:00,SAND-USDT-SWAP,19606100.0,1757302110287
2025-09-08 03:28:30.285000+00:00,SATS-USDT-SWAP,174429470000000.0,1757302110285
2025-09-08 03:28:30.730000+00:00,SCR-USDT-SWAP,3284852.0,1757302110730
2025-09-08 03:28:30.729000+00:00,SHELL-USDT-SWAP,5787710.0,1757302110729
2025-09-08 03:28:30.740000+00:00,SHIB-USDT-SWAP,1424154700000.0,1757302110740
2025-09-08 03:28:30.744000+00:00,SIGN-USDT-SWAP,46231400.0,1757302110744
2025-09-08 03:28:30.758000+00:00,SLP-USDT-SWAP,448700630.0,1757302110758
2025-09-08 03:28:30.741000+00:00,SNX-USDT-SWAP,2566439.0,1757302110741
2025-09-08 03:28:30.752000+00:00,SOL-USDT-SWAP,3293049.910000002,1757302110752
2025-09-08 03:28:30.734000+00:00,SOLV-USDT-SWAP,59010800.0,1757302110734
2025-09-08 03:28:30.741000+00:00,SONIC-USDT-SWAP,7525570.0,1757302110741
2025-09-08 03:28:30.742000+00:00,SOON-USDT-SWAP,12698210.0,1757302110742
2025-09-08 03:28:31.205000+00:00,SOPH-USDT-SWAP,87616800.0,1757302111205
2025-09-08 03:28:31.209000+00:00,SPK-USDT-SWAP,150841800.0,1757302111209
2025-09-08 03:28:31.323000+00:00,SPX-USDT-SWAP,1223789.0,1757302111323
2025-09-08 03:28:31.209000+00:00,SSV-USDT-SWAP,309572.3,1757302111209
2025-09-08 03:28:31.208000+00:00,STORJ-USDT-SWAP,5564810.0,1757302111208
2025-09-08 03:28:31.208000+00:00,STRK-USDT-SWAP,25118705.0,1757302111208
2025-09-08 03:28:31.207000+00:00,STX-USDT-SWAP,6723187.0,1757302111207
2025-09-08 03:28:31.207000+00:00,SUI-USDT-SWAP,20799746.0,1757302111207
2025-09-08 03:28:31.221000+00:00,SUSHI-USDT-SWAP,8343384.0,1757302111221
2025-09-08 03:28:31.207000+00:00,SWARMS-USDT-SWAP,82491670.0,1757302111207
2025-09-08 03:28:31.750000+00:00,SYRUP-USDT-SWAP,3337710.0,1757302111750
2025-09-08 03:28:31.758000+00:00,T-USDT-SWAP,39603900.0,1757302111758
2025-09-08 03:28:31.777000+00:00,TAO-USDT-SWAP,15264.96,1757302111777
2025-09-08 03:28:31.766000+00:00,THETA-USDT-SWAP,2621843.9999999995,1757302111766
2025-09-08 03:28:31.759000+00:00,TIA-USDT-SWAP,5388306.0,1757302111759
2025-09-08 03:28:31.752000+00:00,TNSR-USDT-SWAP,8261921.0,1757302111752
2025-09-08 03:28:31.764000+00:00,TON-USDT-SWAP,9457940.0,1757302111764
2025-09-08 03:28:31.769000+00:00,TRB-USDT-SWAP,274042.1,1757302111769
2025-09-08 03:28:31.762000+00:00,TREE-USDT-SWAP,6596640.0,1757302111762
2025-09-08 03:28:31.762000+00:00,TRUMP-USDT-SWAP,5380102.8,1757302111762
2025-09-08 03:28:32.224000+00:00,TRX-USDT-SWAP,108110300.00000006,1757302112224
2025-09-08 03:28:32.219000+00:00,TURBO-USDT-SWAP,803798000.0000002,1757302112219
2025-09-08 03:28:32.229000+00:00,UMA-USDT-SWAP,1477378.4,1757302112229
2025-09-08 03:28:32.234000+00:00,UNI-USDT-SWAP,3193677.0,1757302112234
2025-09-08 03:28:32.231000+00:00,USDC-USDT-SWAP,1100290.0,1757302112231
2025-09-08 03:28:32.240000+00:00,USELESS-USDT-SWAP,15111190.0,1757302112240
2025-09-08 03:28:32.242000+00:00,USTC-USDT-SWAP,137445700.0,1757302112242
2025-09-08 03:28:32.234000+00:00,UXLINK-USDT-SWAP,6352380.0,1757302112234
2025-09-08 03:28:32.234000+00:00,VANA-USDT-SWAP,133906.1,1757302112234
2025-09-08 03:28:32.234000+00:00,VINE-USDT-SWAP,102873470.0,1757302112234
2025-09-08 03:28:32.677000+00:00,VIRTUAL-USDT-SWAP,3332084.0,1757302112677
2025-09-08 03:28:32.674000+00:00,W-USDT-SWAP,47863806.0,1757302112674
2025-09-08 03:28:32.687000+00:00,WAL-USDT-SWAP,2121290.0,1757302112687
2025-09-08 03:28:32.680000+00:00,WAXP-USDT-SWAP,28416700.0,1757302112680
2025-09-08 03:28:32.687000+00:00,WCT-USDT-SWAP,10412940.0,1757302112687
2025-09-08 03:28:32.684000+00:00,WIF-USDT-SWAP,16668961.0,1757302112684
2025-09-08 03:28:32.696000+00:00,WLD-USDT-SWAP,39290272.0,1757302112696
2025-09-08 03:28:32.688000+00:00,WLFI-USDT-SWAP,293265400.0,1757302112688
2025-09-08 03:28:32.684000+00:00,WOO-USDT-SWAP,15236420.0,1757302112684
2025-09-08 03:28:32.682000+00:00,XAUT-USDT-SWAP,5674.027,1757302112682
2025-09-08 03:28:33.158000+00:00,XLM-USDT-SWAP,39096409.99999999,1757302113158
2025-09-08 03:28:33.130000+00:00,XPL-USDT-SWAP,6976620.0,1757302113130
2025-09-08 03:28:33.142000+00:00,XRP-USDT-SWAP,91794561.99999999,1757302113142
2025-09-08 03:28:33.144000+00:00,XTZ-USDT-SWAP,5565555.0,1757302113144
2025-09-08 03:28:33.142000+00:00,YFI-USDT-SWAP,366.1392,1757302113142
2025-09-08 03:28:33.144000+00:00,YGG-USDT-SWAP,28052231.0,1757302113144
2025-09-08 03:28:33.142000+00:00,ZENT-USDT-SWAP,210704300.0,1757302113142
2025-09-08 03:28:33.149000+00:00,ZEREBRO-USDT-SWAP,80332520.0,1757302113149
2025-09-08 03:28:33.140000+00:00,ZETA-USDT-SWAP,5805470.0,1757302113140
2025-09-08 03:28:33.144000+00:00,ZIL-USDT-SWAP,160939300.0,1757302113144
2025-09-08 03:28:33.589000+00:00,ZK-USDT-SWAP,49611510.0,1757302113589
2025-09-08 03:28:33.590000+00:00,ZRO-USDT-SWAP,2082150.0,1757302113590
2025-09-08 03:28:33.596000+00:00,ZRX-USDT-SWAP,8560740.0,1757302113596
2025-09-08 03:29:34.315000+00:00,1INCH-USDT-SWAP,8291611.0,1757302174315
2025-09-08 03:29:34.339000+00:00,A-USDT-SWAP,9647040.0,1757302174339
2025-09-08 03:29:34.333000+00:00,AAVE-USDT-SWAP,130653.78000000001,1757302174333
2025-09-08 03:29:34.321000+00:00,ACE-USDT-SWAP,1958907.0,1757302174321
2025-09-08 03:29:34.331000+00:00,ACH-USDT-SWAP,78408500.0,1757302174331
2025-09-08 03:29:34.337000+00:00,ACT-USDT-SWAP,83743377.0,1757302174337
2025-09-08 03:29:34.345000+00:00,ADA-USDT-SWAP,79082470.00000004,1757302174345
2025-09-08 03:29:34.333000+00:00,AERO-USDT-SWAP,1670450.0,1757302174333
2025-09-08 03:29:34.345000+00:00,AEVO-USDT-SWAP,12728066.0,1757302174345
2025-09-08 03:29:34.342000+00:00,AGLD-USDT-SWAP,1930391.0,1757302174342
2025-09-08 03:29:34.781000+00:00,AI16Z-USDT-SWAP,49886385.0,1757302174781
2025-09-08 03:29:34.783000+00:00,AIXBT-USDT-SWAP,23403520.0,1757302174783
2025-09-08 03:29:34.808000+00:00,ALCH-USDT-SWAP,23006590.0,1757302174808
2025-09-08 03:29:34.801000+00:00,ALGO-USDT-SWAP,28068290.0,1757302174801
2025-09-08 03:29:34.797000+00:00,ANIME-USDT-SWAP,106218480.0,1757302174797
2025-09-08 03:29:34.803000+00:00,APE-USDT-SWAP,8332011.1,1757302174803
2025-09-08 03:29:34.800000+00:00,API3-USDT-SWAP,3688099.0,1757302174800
2025-09-08 03:29:34.791000+00:00,APT-USDT-SWAP,3640494.0,1757302174791
2025-09-08 03:29:34.797000+00:00,AR-USDT-SWAP,529905.0,1757302174797
2025-09-08 03:29:34.791000+00:00,ARB-USDT-SWAP,33541689.99999999,1757302174791
2025-09-08 03:29:35.233000+00:00,ARC-USDT-SWAP,60968500.0,1757302175233
2025-09-08 03:29:35.234000+00:00,ARKM-USDT-SWAP,3581431.0,1757302175234
2025-09-08 03:29:35.251000+00:00,ATH-USDT-SWAP,141629100.0,1757302175251
2025-09-08 03:29:35.242000+00:00,ATOM-USDT-SWAP,1903172.0,1757302175242
2025-09-08 03:29:35.237000+00:00,AUCTION-USDT-SWAP,214794.8,1757302175237
2025-09-08 03:29:35.249000+00:00,AVAAI-USDT-SWAP,53435400.0,1757302175249
2025-09-08 03:29:35.247000+00:00,AVAX-USDT-SWAP,1889201.2,1757302175247
2025-09-08 03:29:35.244000+00:00,AXS-USDT-SWAP,1179306.1,1757302175244
2025-09-08 03:29:35.248000+00:00,BABY-USDT-SWAP,39268620.0,1757302175248
2025-09-08 03:29:35.253000+00:00,BAND-USDT-SWAP,1521911.0,1757302175253
2025-09-08 03:29:35.703000+00:00,BAT-USDT-SWAP,5631860.0,1757302175703
2025-09-08 03:29:35.702000+00:00,BCH-USDT-SWAP,82486.45999999999,1757302175702
2025-09-08 03:29:35.704000+00:00,BERA-USDT-SWAP,2301807.5,1757302175704
2025-09-08 03:29:35.694000+00:00,BICO-USDT-SWAP,6565597.0,1757302175694
2025-09-08 03:29:35.715000+00:00,BIGTIME-USDT-SWAP,42076770.0,1757302175715
2025-09-08 03:29:35.703000+00:00,BIO-USDT-SWAP,72934681.0,1757302175703
2025-09-08 03:29:35.704000+00:00,BLUR-USDT-SWAP,25199440.0,1757302175704
2025-09-08 03:29:35.691000+00:00,BNB-USDT-SWAP,96352.18,1757302175691
2025-09-08 03:29:35.704000+00:00,BNT-USDT-SWAP,731870.0,1757302175704
2025-09-08 03:29:35.718000+00:00,BOME-USDT-SWAP,1388516000.0,1757302175718
2025-09-08 03:29:36.221000+00:00,BONK-USDT-SWAP,507189200000.0,1757302176221
2025-09-08 03:29:36.217000+00:00,BRETT-USDT-SWAP,12847400.0,1757302176217
2025-09-08 03:29:36.219000+00:00,BTC-USDT-SWAP,26466.741200000066,1757302176219
2025-09-08 03:29:36.228000+00:00,CAT-USDT-SWAP,197848000000.0,1757302176228
2025-09-08 03:29:36.218000+00:00,CATI-USDT-SWAP,17404250.0,1757302176218
2025-09-08 03:29:36.393000+00:00,CELO-USDT-SWAP,4433892.0,1757302176393
2025-09-08 03:29:36.232000+00:00,CETUS-USDT-SWAP,17887730.0,1757302176232
2025-09-08 03:29:36.221000+00:00,CFX-USDT-SWAP,76861100.0,1757302176221
2025-09-08 03:29:36.386000+00:00,CHZ-USDT-SWAP,79999340.0,1757302176386
2025-09-08 03:29:36.239000+00:00,COMP-USDT-SWAP,94170.1,1757302176239
2025-09-08 03:29:36.843000+00:00,COOKIE-USDT-SWAP,4417160.0,1757302176843
2025-09-08 03:29:36.839000+00:00,CORE-USDT-SWAP,9787989.0,1757302176839
2025-09-08 03:29:36.839000+00:00,CRO-USDT-SWAP,63939020.0,1757302176839
2025-09-08 03:29:36.848000+00:00,CRV-USDT-SWAP,25626578.0,1757302176848
2025-09-08 03:29:36.848000+00:00,CTC-USDT-SWAP,1710530.0,1757302176848
2025-09-08 03:29:36.844000+00:00,CVC-USDT-SWAP,9642000.0,1757302176844
2025-09-08 03:29:36.850000+00:00,CVX-USDT-SWAP,292313.0,1757302176850
2025-09-08 03:29:36.851000+00:00,DEGEN-USDT-SWAP,306540600.0,1757302176851
2025-09-08 03:29:36.849000+00:00,DGB-USDT-SWAP,49177700.0,1757302176849
2025-09-08 03:29:36.842000+00:00,DOG-USDT-SWAP,541931000.0,1757302176842
2025-09-08 03:29:37.295000+00:00,DOGE-USDT-SWAP,1564991490.0000002,1757302177295
2025-09-08 03:29:37.300000+00:00,DOGS-USDT-SWAP,18504197000.0,1757302177300
2025-09-08 03:29:37.298000+00:00,DOOD-USDT-SWAP,137901000.0,1757302177298
2025-09-08 03:29:37.285000+00:00,DOT-USDT-SWAP,6789498.0,1757302177285
2025-09-08 03:29:37.295000+00:00,DUCK-USDT-SWAP,836048200.0,1757302177295
2025-09-08 03:29:37.294000+00:00,DYDX-USDT-SWAP,9127781.0,1757302177294
2025-09-08 03:29:37.287000+00:00,EGLD-USDT-SWAP,100584.8,1757302177287
2025-09-08 03:29:37.284000+00:00,EIGEN-USDT-SWAP,3988785.0,1757302177284
2025-09-08 03:29:37.295000+00:00,ENJ-USDT-SWAP,13168570.0,1757302177295
2025-09-08 03:29:37.315000+00:00,ENS-USDT-SWAP,364046.3,1757302177315
2025-09-08 03:29:37.764000+00:00,ETC-USDT-SWAP,1084578.1000000003,1757302177764
2025-09-08 03:29:37.770000+00:00,ETH-USDT-SWAP,732822.422000002,1757302177770
2025-09-08 03:29:37.782000+00:00,ETHFI-USDT-SWAP,8478366.0,1757302177782
2025-09-08 03:29:37.772000+00:00,ETHW-USDT-SWAP,1297342.3,1757302177772
2025-09-08 03:29:37.772000+00:00,FARTCOIN-USDT-SWAP,20775216.0,1757302177772
2025-09-08 03:29:37.768000+00:00,FIL-USDT-SWAP,14355448.4,1757302177768
2025-09-08 03:29:37.768000+00:00,FLM-USDT-SWAP,26005640.0,1757302177768
2025-09-08 03:29:37.757000+00:00,FLOKI-USDT-SWAP,40951500000.0,1757302177757
2025-09-08 03:29:37.773000+00:00,FLOW-USDT-SWAP,4518900.0,1757302177773
2025-09-08 03:29:37.774000+00:00,FXS-USDT-SWAP,245685.0,1757302177774
2025-09-08 03:29:38.222000+00:00,GALA-USDT-SWAP,439552650.0,1757302178222
2025-09-08 03:29:38.222000+00:00,GAS-USDT-SWAP,465667.0,1757302178222
2025-09-08 03:29:38.229000+00:00,GLM-USDT-SWAP,2714900.0,1757302178229
2025-09-08 03:29:38.228000+00:00,GMT-USDT-SWAP,47312477.0,1757302178228
2025-09-08 03:29:38.222000+00:00,GMX-USDT-SWAP,72752.0,1757302178222
2025-09-08 03:29:38.231000+00:00,GOAT-USDT-SWAP,25793440.0,1757302178231
2025-09-08 03:29:38.230000+00:00,GODS-USDT-SWAP,6487166.0,1757302178230
2025-09-08 03:29:38.218000+00:00,GPS-USDT-SWAP,247347410.0,1757302178218
2025-09-08 03:29:38.225000+00:00,GRASS-USDT-SWAP,2773564.0,1757302178225
2025-09-08 03:29:38.222000+00:00,GRIFFAIN-USDT-SWAP,24758530.0,1757302178222
2025-09-08 03:29:38.676000+00:00,GRT-USDT-SWAP,21842750.0,1757302178676
2025-09-08 03:29:38.690000+00:00,H-USDT-SWAP,62056500.0,1757302178690
2025-09-08 03:29:38.689000+00:00,HBAR-USDT-SWAP,74878900.0,1757302178689
2025-09-08 03:29:38.681000+00:00,HMSTR-USDT-SWAP,939694300.0,1757302178681
2025-09-08 03:29:38.682000+00:00,HOME-USDT-SWAP,23052700.0,1757302178682
2025-09-08 03:29:38.685000+00:00,HUMA-USDT-SWAP,94363500.0,1757302178685
2025-09-08 03:29:38.685000+00:00,HYPE-USDT-SWAP,802978.7,1757302178685
2025-09-08 03:29:38.686000+00:00,ICP-USDT-SWAP,1182462.94,1757302178686
2025-09-08 03:29:38.688000+00:00,ICX-USDT-SWAP,6397600.0,1757302178688
2025-09-08 03:29:38.681000+00:00,IMX-USDT-SWAP,6391006.0,1757302178681
2025-09-08 03:29:39.137000+00:00,INIT-USDT-SWAP,2430530.0,1757302179137
2025-09-08 03:29:39.148000+00:00,INJ-USDT-SWAP,885697.0,1757302179148
2025-09-08 03:29:39.132000+00:00,IOST-USDT-SWAP,317114000.0,1757302179132
2025-09-08 03:29:39.149000+00:00,IOTA-USDT-SWAP,15982550.0,1757302179149
2025-09-08 03:29:39.147000+00:00,IP-USDT-SWAP,3444666.0,1757302179147
2025-09-08 03:29:39.132000+00:00,JELLYJELLY-USDT-SWAP,216568300.0,1757302179132
2025-09-08 03:29:39.138000+00:00,JOE-USDT-SWAP,7104520.0,1757302179138
2025-09-08 03:29:39.136000+00:00,JTO-USDT-SWAP,2922989.0,1757302179136
2025-09-08 03:29:39.150000+00:00,JUP-USDT-SWAP,15026000.0,1757302179150
2025-09-08 03:29:39.586000+00:00,KAITO-USDT-SWAP,3309896.0,1757302179586
2025-09-08 03:29:39.588000+00:00,KMNO-USDT-SWAP,18062600.0,1757302179588
2025-09-08 03:29:39.615000+00:00,KSM-USDT-SWAP,127347.5,1757302179615
2025-09-08 03:29:39.600000+00:00,LA-USDT-SWAP,2947120.0,1757302179600
2025-09-08 03:29:39.612000+00:00,LAUNCHCOIN-USDT-SWAP,39294200.0,1757302179612
2025-09-08 03:29:39.606000+00:00,LAYER-USDT-SWAP,5821126.0,1757302179606
2025-09-08 03:29:39.602000+00:00,LDO-USDT-SWAP,14399846.0,1757302179602
2025-09-08 03:29:39.597000+00:00,LINK-USDT-SWAP,2508092.5,1757302179597
2025-09-08 03:29:39.645000+00:00,LPT-USDT-SWAP,858979.0,1757302179645
2025-09-08 03:29:39.595000+00:00,LQTY-USDT-SWAP,1576653.0,1757302179595
2025-09-08 03:29:40.073000+00:00,LRC-USDT-SWAP,16643930.0,1757302180073
2025-09-08 03:29:40.071000+00:00,LTC-USDT-SWAP,632055.3000000002,1757302180071
2025-09-08 03:29:40.097000+00:00,LUNA-USDT-SWAP,15289116.0,1757302180097
2025-09-08 03:29:40.078000+00:00,LUNC-USDT-SWAP,32831480000.0,1757302180078
2025-09-08 03:29:40.088000+00:00,MAGIC-USDT-SWAP,19972079.0,1757302180088
2025-09-08 03:29:40.080000+00:00,MAJOR-USDT-SWAP,4837281.0,1757302180080
2025-09-08 03:29:40.084000+00:00,MANA-USDT-SWAP,11610350.0,1757302180084
2025-09-08 03:29:40.082000+00:00,MASK-USDT-SWAP,3137771.0,1757302180082
2025-09-08 03:29:40.099000+00:00,ME-USDT-SWAP,3092062.0,1757302180099
2025-09-08 03:29:40.099000+00:00,MEME-USDT-SWAP,1726593200.0,1757302180099
2025-09-08 03:29:40.533000+00:00,MERL-USDT-SWAP,56066584.0,1757302180533
2025-09-08 03:29:40.538000+00:00,METIS-USDT-SWAP,97713.3,1757302180538
2025-09-08 03:29:40.543000+00:00,MEW-USDT-SWAP,1011414000.0,1757302180543
2025-09-08 03:29:40.554000+00:00,MINA-USDT-SWAP,7628027.0,1757302180554
2025-09-08 03:29:40.545000+00:00,MOG-USDT-SWAP,605416000000.0,1757302180545
2025-09-08 03:29:40.529000+00:00,MOODENG-USDT-SWAP,45774990.0,1757302180529
2025-09-08 03:29:40.535000+00:00,MORPHO-USDT-SWAP,1353958.0,1757302180535
2025-09-08 03:29:40.548000+00:00,MOVE-USDT-SWAP,28881850.0,1757302180548
2025-09-08 03:29:40.543000+00:00,MUBARAK-USDT-SWAP,13933100.0,1757302180543
2025-09-08 03:29:40.998000+00:00,NEAR-USDT-SWAP,5343886.000000001,1757302180998
2025-09-08 03:29:41.010000+00:00,NEIRO-USDT-SWAP,8707719000.0,1757302181010
2025-09-08 03:29:41.008000+00:00,NEIROETH-USDT-SWAP,29720300.0,1757302181008
2025-09-08 03:29:41.006000+00:00,NEO-USDT-SWAP,298423.0,1757302181006
2025-09-08 03:29:41.013000+00:00,NEWT-USDT-SWAP,3726100.0,1757302181013
2025-09-08 03:29:41.005000+00:00,NMR-USDT-SWAP,576092.4,1757302181005
2025-09-08 03:29:41.016000+00:00,NOT-USDT-SWAP,1730282300.0,1757302181016
2025-09-08 03:29:41.002000+00:00,NXPC-USDT-SWAP,858606.0,1757302181002
2025-09-08 03:29:41.014000+00:00,OL-USDT-SWAP,89211580.0,1757302181014
2025-09-08 03:29:41.027000+00:00,OM-USDT-SWAP,26741760.0,1757302181027
2025-09-08 03:29:41.477000+00:00,ONDO-USDT-SWAP,19626250.0,1757302181477
2025-09-08 03:29:41.469000+00:00,ONE-USDT-SWAP,80587500.0,1757302181469
2025-09-08 03:29:41.481000+00:00,ONT-USDT-SWAP,13437640.0,1757302181481
2025-09-08 03:29:41.479000+00:00,OP-USDT-SWAP,20663362.0,1757302181479
2025-09-08 03:29:41.475000+00:00,ORBS-USDT-SWAP,27748500.0,1757302181475
2025-09-08 03:29:41.476000+00:00,ORDI-USDT-SWAP,1198671.9,1757302181476
2025-09-08 03:29:41.471000+00:00,PARTI-USDT-SWAP,13265270.0,1757302181471
2025-09-08 03:29:41.474000+00:00,PENGU-USDT-SWAP,588464200.0,1757302181474
2025-09-08 03:29:41.486000+00:00,PEOPLE-USDT-SWAP,303764600.0,1757302181486
2025-09-08 03:29:41.480000+00:00,PEPE-USDT-SWAP,6680339000000.001,1757302181480
2025-09-08 03:29:41.914000+00:00,PERP-USDT-SWAP,2502410.0,1757302181914
2025-09-08 03:29:41.917000+00:00,PI-USDT-SWAP,31555556.0,1757302181917
2025-09-08 03:29:41.921000+00:00,PLUME-USDT-SWAP,16385170.0,1757302181921
2025-09-08 03:29:41.933000+00:00,PNUT-USDT-SWAP,38021990.0,1757302181933
2025-09-08 03:29:41.946000+00:00,POL-USDT-SWAP,38227370.0,1757302181946
2025-09-08 03:29:41.939000+00:00,POPCAT-USDT-SWAP,10412760.0,1757302181939
2025-09-08 03:29:41.922000+00:00,PRCL-USDT-SWAP,17606808.0,1757302181922
2025-09-08 03:29:41.927000+00:00,PROMPT-USDT-SWAP,32658940.0,1757302181927
2025-09-08 03:29:41.930000+00:00,PUMP-USDT-SWAP,6890222000.0,1757302181930
2025-09-08 03:29:41.937000+00:00,PYTH-USDT-SWAP,46809840.0,1757302181937
2025-09-08 03:29:42.383000+00:00,QTUM-USDT-SWAP,1254210.0,1757302182383
2025-09-08 03:29:42.378000+00:00,RAY-USDT-SWAP,949948.0,1757302182378
2025-09-08 03:29:42.382000+00:00,RENDER-USDT-SWAP,1361982.0,1757302182382
2025-09-08 03:29:42.391000+00:00,RESOLV-USDT-SWAP,27358210.0,1757302182391
2025-09-08 03:29:42.390000+00:00,RSR-USDT-SWAP,253719300.0,1757302182390
2025-09-08 03:29:42.377000+00:00,RVN-USDT-SWAP,80238920.0,1757302182377
2025-09-08 03:29:42.391000+00:00,S-USDT-SWAP,13221910.0,1757302182391
2025-09-08 03:29:42.380000+00:00,SAHARA-USDT-SWAP,56147570.0,1757302182380
2025-09-08 03:29:42.392000+00:00,SAND-USDT-SWAP,19606210.0,1757302182392
2025-09-08 03:29:42.479000+00:00,SATS-USDT-SWAP,174571540000000.0,1757302182479
2025-09-08 03:29:42.920000+00:00,SCR-USDT-SWAP,3284549.0,1757302182920
2025-09-08 03:29:43.060000+00:00,SHELL-USDT-SWAP,5788030.0,1757302183060
2025-09-08 03:29:42.932000+00:00,SHIB-USDT-SWAP,1424358800000.0,1757302182932
2025-09-08 03:29:42.918000+00:00,SIGN-USDT-SWAP,46231300.0,1757302182918
2025-09-08 03:29:42.938000+00:00,SLP-USDT-SWAP,448700210.0,1757302182938
2025-09-08 03:29:42.955000+00:00,SNX-USDT-SWAP,2565578.0,1757302182955
2025-09-08 03:29:42.928000+00:00,SOL-USDT-SWAP,3292641.370000002,1757302182928
2025-09-08 03:29:42.918000+00:00,SOLV-USDT-SWAP,59006800.0,1757302182918
2025-09-08 03:29:42.924000+00:00,SONIC-USDT-SWAP,7525627.0,1757302182924
2025-09-08 03:29:42.928000+00:00,SOON-USDT-SWAP,12804910.0,1757302182928
2025-09-08 03:29:43.490000+00:00,SOPH-USDT-SWAP,87621800.0,1757302183490
2025-09-08 03:29:43.488000+00:00,SPK-USDT-SWAP,150820900.0,1757302183488
2025-09-08 03:29:43.496000+00:00,SPX-USDT-SWAP,1223854.0,1757302183496
2025-09-08 03:29:43.495000+00:00,SSV-USDT-SWAP,309612.1,1757302183495
2025-09-08 03:29:43.500000+00:00,STORJ-USDT-SWAP,5564810.0,1757302183500
2025-09-08 03:29:43.498000+00:00,STRK-USDT-SWAP,25118705.0,1757302183498
2025-09-08 03:29:43.491000+00:00,STX-USDT-SWAP,6725042.0,1757302183491
2025-09-08 03:29:43.492000+00:00,SUI-USDT-SWAP,20804022.0,1757302183492
2025-09-08 03:29:43.499000+00:00,SUSHI-USDT-SWAP,8346214.0,1757302183499
2025-09-08 03:29:43.498000+00:00,SWARMS-USDT-SWAP,82484720.0,1757302183498
2025-09-08 03:29:43.925000+00:00,SYRUP-USDT-SWAP,3336070.0,1757302183925
2025-09-08 03:29:43.934000+00:00,T-USDT-SWAP,39604000.0,1757302183934
2025-09-08 03:29:43.934000+00:00,TAO-USDT-SWAP,15264.69,1757302183934
2025-09-08 03:29:43.937000+00:00,THETA-USDT-SWAP,2621867.9999999995,1757302183937
2025-09-08 03:29:43.950000+00:00,TIA-USDT-SWAP,5387987.0,1757302183950
2025-09-08 03:29:43.937000+00:00,TNSR-USDT-SWAP,8261921.0,1757302183937
2025-09-08 03:29:43.936000+00:00,TON-USDT-SWAP,9459979.0,1757302183936
2025-09-08 03:29:43.940000+00:00,TRB-USDT-SWAP,274043.2,1757302183940
2025-09-08 03:29:43.944000+00:00,TREE-USDT-SWAP,6594048.0,1757302183944
2025-09-08 03:29:43.942000+00:00,TRUMP-USDT-SWAP,5382774.0,1757302183942
2025-09-08 03:29:44.375000+00:00,TRX-USDT-SWAP,108081560.00000004,1757302184375
2025-09-08 03:29:44.375000+00:00,TURBO-USDT-SWAP,803848000.0000002,1757302184375
2025-09-08 03:29:44.384000+00:00,UMA-USDT-SWAP,1477198.3,1757302184384
2025-09-08 03:29:44.379000+00:00,UNI-USDT-SWAP,3192430.0,1757302184379
2025-09-08 03:29:44.390000+00:00,USDC-USDT-SWAP,1100290.0,1757302184390
2025-09-08 03:29:44.407000+00:00,USELESS-USDT-SWAP,15108530.0,1757302184407
2025-09-08 03:29:44.385000+00:00,USTC-USDT-SWAP,137445700.0,1757302184385
2025-09-08 03:29:44.383000+00:00,UXLINK-USDT-SWAP,6355370.0,1757302184383
2025-09-08 03:29:44.384000+00:00,VANA-USDT-SWAP,133858.9,1757302184384
2025-09-08 03:29:44.393000+00:00,VINE-USDT-SWAP,102861890.0,1757302184393
2025-09-08 03:29:44.849000+00:00,VIRTUAL-USDT-SWAP,3332019.0,1757302184849
2025-09-08 03:29:44.857000+00:00,W-USDT-SWAP,47863432.0,1757302184857
2025-09-08 03:29:44.860000+00:00,WAL-USDT-SWAP,2120690.0,1757302184860
2025-09-08 03:29:44.858000+00:00,WAXP-USDT-SWAP,28416700.0,1757302184858
2025-09-08 03:29:44.867000+00:00,WCT-USDT-SWAP,10413570.0,1757302184867
2025-09-08 03:29:44.859000+00:00,WIF-USDT-SWAP,16750568.0,1757302184859
2025-09-08 03:29:44.865000+00:00,WLD-USDT-SWAP,39207328.0,1757302184865
2025-09-08 03:29:44.855000+00:00,WLFI-USDT-SWAP,293464630.0,1757302184855
2025-09-08 03:29:44.862000+00:00,WOO-USDT-SWAP,15219520.0,1757302184862
2025-09-08 03:29:44.857000+00:00,XAUT-USDT-SWAP,5674.079,1757302184857
2025-09-08 03:29:45.318000+00:00,XLM-USDT-SWAP,39095329.99999999,1757302185318
2025-09-08 03:29:45.313000+00:00,XPL-USDT-SWAP,6971380.0,1757302185313
2025-09-08 03:29:45.321000+00:00,XRP-USDT-SWAP,91773368.99999999,1757302185321
2025-09-08 03:29:45.326000+00:00,XTZ-USDT-SWAP,5565553.0,1757302185326
2025-09-08 03:29:45.321000+00:00,YFI-USDT-SWAP,365.9303,1757302185321
2025-09-08 03:29:45.332000+00:00,YGG-USDT-SWAP,28091575.0,1757302185332
2025-09-08 03:29:45.321000+00:00,ZENT-USDT-SWAP,210917200.0,1757302185321
2025-09-08 03:29:45.312000+00:00,ZEREBRO-USDT-SWAP,80332240.0,1757302185312
2025-09-08 03:29:45.316000+00:00,ZETA-USDT-SWAP,5806880.0,1757302185316
2025-09-08 03:29:45.317000+00:00,ZIL-USDT-SWAP,160939500.0,1757302185317
2025-09-08 03:29:45.777000+00:00,ZK-USDT-SWAP,49611260.0,1757302185777
2025-09-08 03:29:45.765000+00:00,ZRO-USDT-SWAP,2081963.0,1757302185765
2025-09-08 03:29:45.775000+00:00,ZRX-USDT-SWAP,8565200.0,1757302185775
2025-09-08 03:30:46.479000+00:00,1INCH-USDT-SWAP,8291988.0,1757302246479
2025-09-08 03:30:46.490000+00:00,A-USDT-SWAP,9651260.0,1757302246490
2025-09-08 03:30:46.476000+00:00,AAVE-USDT-SWAP,130648.42000000001,1757302246476
2025-09-08 03:30:46.491000+00:00,ACE-USDT-SWAP,1961624.0,1757302246491
2025-09-08 03:30:46.484000+00:00,ACH-USDT-SWAP,78406900.0,1757302246484
2025-09-08 03:30:46.482000+00:00,ACT-USDT-SWAP,83746273.0,1757302246482
2025-09-08 03:30:46.487000+00:00,ADA-USDT-SWAP,79098890.00000004,1757302246487
2025-09-08 03:30:46.481000+00:00,AERO-USDT-SWAP,1670520.0,1757302246481
2025-09-08 03:30:46.485000+00:00,AEVO-USDT-SWAP,12727329.0,1757302246485
2025-09-08 03:30:46.487000+00:00,AGLD-USDT-SWAP,1930217.0,1757302246487
2025-09-08 03:30:46.934000+00:00,AI16Z-USDT-SWAP,49712919.0,1757302246934
2025-09-08 03:30:46.958000+00:00,AIXBT-USDT-SWAP,23403460.0,1757302246958
2025-09-08 03:30:46.946000+00:00,ALCH-USDT-SWAP,23006480.0,1757302246946
2025-09-08 03:30:46.948000+00:00,ALGO-USDT-SWAP,28067700.0,1757302246948
2025-09-08 03:30:46.942000+00:00,ANIME-USDT-SWAP,106217510.0,1757302246942
2025-09-08 03:30:46.949000+00:00,APE-USDT-SWAP,8329292.5,1757302246949
2025-09-08 03:30:46.945000+00:00,API3-USDT-SWAP,3687018.0,1757302246945
2025-09-08 03:30:46.951000+00:00,APT-USDT-SWAP,3627167.0,1757302246951
2025-09-08 03:30:46.953000+00:00,AR-USDT-SWAP,529870.0,1757302246953
2025-09-08 03:30:46.947000+00:00,ARB-USDT-SWAP,33543812.99999999,1757302246947
2025-09-08 03:30:47.410000+00:00,ARC-USDT-SWAP,61064310.0,1757302247410
2025-09-08 03:30:47.409000+00:00,ARKM-USDT-SWAP,3621821.0,1757302247409
2025-09-08 03:30:47.428000+00:00,ATH-USDT-SWAP,141622100.0,1757302247428
2025-09-08 03:30:47.415000+00:00,ATOM-USDT-SWAP,1903239.0,1757302247415
2025-09-08 03:30:47.409000+00:00,AUCTION-USDT-SWAP,214794.8,1757302247409
2025-09-08 03:30:47.416000+00:00,AVAAI-USDT-SWAP,53432560.0,1757302247416
2025-09-08 03:30:47.421000+00:00,AVAX-USDT-SWAP,1889134.2,1757302247421
2025-09-08 03:30:47.411000+00:00,AXS-USDT-SWAP,1178628.6,1757302247411
2025-09-08 03:30:47.432000+00:00,BABY-USDT-SWAP,39248520.0,1757302247432
2025-09-08 03:30:47.410000+00:00,BAND-USDT-SWAP,1522326.0,1757302247410
2025-09-08 03:30:47.870000+00:00,BAT-USDT-SWAP,5627510.0,1757302247870
2025-09-08 03:30:47.871000+00:00,BCH-USDT-SWAP,82478.65,1757302247871
2025-09-08 03:30:47.867000+00:00,BERA-USDT-SWAP,2302156.3,1757302247867
2025-09-08 03:30:47.873000+00:00,BICO-USDT-SWAP,6565359.0,1757302247873
2025-09-08 03:30:47.877000+00:00,BIGTIME-USDT-SWAP,42064650.0,1757302247877
2025-09-08 03:30:47.879000+00:00,BIO-USDT-SWAP,72869071.0,1757302247879
2025-09-08 03:30:47.883000+00:00,BLUR-USDT-SWAP,25200650.0,1757302247883
2025-09-08 03:30:47.870000+00:00,BNB-USDT-SWAP,96323.97,1757302247870
2025-09-08 03:30:47.877000+00:00,BNT-USDT-SWAP,731780.0,1757302247877
2025-09-08 03:30:47.873000+00:00,BOME-USDT-SWAP,1380698000.0,1757302247873
2025-09-08 03:30:48.325000+00:00,BONK-USDT-SWAP,507214800000.0,1757302248325
2025-09-08 03:30:48.319000+00:00,BRETT-USDT-SWAP,12846400.0,1757302248319
2025-09-08 03:30:48.326000+00:00,BTC-USDT-SWAP,26470.79740000006,1757302248326
2025-09-08 03:30:48.330000+00:00,CAT-USDT-SWAP,197852400000.0,1757302248330
2025-09-08 03:30:48.313000+00:00,CATI-USDT-SWAP,17400191.0,1757302248313
2025-09-08 03:30:48.335000+00:00,CELO-USDT-SWAP,4428976.0,1757302248335
2025-09-08 03:30:48.329000+00:00,CETUS-USDT-SWAP,17886720.0,1757302248329
2025-09-08 03:30:48.327000+00:00,CFX-USDT-SWAP,76858020.0,1757302248327
2025-09-08 03:30:48.337000+00:00,CHZ-USDT-SWAP,80028640.0,1757302248337
2025-09-08 03:30:48.327000+00:00,COMP-USDT-SWAP,94165.8,1757302248327
2025-09-08 03:30:48.780000+00:00,COOKIE-USDT-SWAP,4408680.0,1757302248780
2025-09-08 03:30:48.792000+00:00,CORE-USDT-SWAP,9789012.0,1757302248792
2025-09-08 03:30:48.792000+00:00,CRO-USDT-SWAP,63929950.0,1757302248792
2025-09-08 03:30:48.786000+00:00,CRV-USDT-SWAP,25620822.0,1757302248786
2025-09-08 03:30:48.777000+00:00,CTC-USDT-SWAP,1710500.0,1757302248777
2025-09-08 03:30:48.787000+00:00,CVC-USDT-SWAP,9642300.0,1757302248787
2025-09-08 03:30:48.788000+00:00,CVX-USDT-SWAP,292302.0,1757302248788
2025-09-08 03:30:48.788000+00:00,DEGEN-USDT-SWAP,306539900.0,1757302248788
2025-09-08 03:30:48.795000+00:00,DGB-USDT-SWAP,49174100.0,1757302248795
2025-09-08 03:30:48.778000+00:00,DOG-USDT-SWAP,541697000.0,1757302248778
2025-09-08 03:30:49.242000+00:00,DOGE-USDT-SWAP,1565320450.0,1757302249242
2025-09-08 03:30:49.244000+00:00,DOGS-USDT-SWAP,18502514000.0,1757302249244
2025-09-08 03:30:49.232000+00:00,DOOD-USDT-SWAP,137901000.0,1757302249232
2025-09-08 03:30:49.231000+00:00,DOT-USDT-SWAP,6788022.0,1757302249231
2025-09-08 03:30:49.254000+00:00,DUCK-USDT-SWAP,835965600.0,1757302249254
2025-09-08 03:30:49.239000+00:00,DYDX-USDT-SWAP,9129175.0,1757302249239
2025-09-08 03:30:49.250000+00:00,EGLD-USDT-SWAP,100573.6,1757302249250
2025-09-08 03:30:49.234000+00:00,EIGEN-USDT-SWAP,3984786.0,1757302249234
2025-09-08 03:30:49.242000+00:00,ENJ-USDT-SWAP,13163140.0,1757302249242
2025-09-08 03:30:49.242000+00:00,ENS-USDT-SWAP,364023.5,1757302249242
2025-09-08 03:30:49.684000+00:00,ETC-USDT-SWAP,1084622.5000000002,1757302249684
2025-09-08 03:30:49.701000+00:00,ETH-USDT-SWAP,732574.5190000021,1757302249701
2025-09-08 03:30:49.700000+00:00,ETHFI-USDT-SWAP,8478334.0,1757302249700
2025-09-08 03:30:49.697000+00:00,ETHW-USDT-SWAP,1297650.0,1757302249697
2025-09-08 03:30:49.694000+00:00,FARTCOIN-USDT-SWAP,20774043.0,1757302249694
2025-09-08 03:30:49.704000+00:00,FIL-USDT-SWAP,14355986.0,1757302249704
2025-09-08 03:30:49.724000+00:00,FLM-USDT-SWAP,26036440.0,1757302249724
2025-09-08 03:30:49.692000+00:00,FLOKI-USDT-SWAP,40954700000.0,1757302249692
2025-09-08 03:30:49.701000+00:00,FLOW-USDT-SWAP,4516960.0,1757302249701
2025-09-08 03:30:49.700000+00:00,FXS-USDT-SWAP,245669.0,1757302249700
2025-09-08 03:30:50.169000+00:00,GALA-USDT-SWAP,439747290.0,1757302250169
2025-09-08 03:30:50.177000+00:00,GAS-USDT-SWAP,465667.0,1757302250177
2025-09-08 03:30:50.168000+00:00,GLM-USDT-SWAP,2714910.0,1757302250168
2025-09-08 03:30:50.181000+00:00,GMT-USDT-SWAP,47326740.0,1757302250181
2025-09-08 03:30:50.168000+00:00,GMX-USDT-SWAP,72751.2,1757302250168
2025-09-08 03:30:50.169000+00:00,GOAT-USDT-SWAP,25784590.0,1757302250169
2025-09-08 03:30:50.174000+00:00,GODS-USDT-SWAP,6485650.0,1757302250174
2025-09-08 03:30:50.175000+00:00,GPS-USDT-SWAP,247416720.0,1757302250175
2025-09-08 03:30:50.170000+00:00,GRASS-USDT-SWAP,2772415.0,1757302250170
2025-09-08 03:30:50.186000+00:00,GRIFFAIN-USDT-SWAP,24850680.0,1757302250186
2025-09-08 03:30:50.622000+00:00,GRT-USDT-SWAP,21827710.0,1757302250622
2025-09-08 03:30:50.636000+00:00,H-USDT-SWAP,62040900.0,1757302250636
2025-09-08 03:30:50.635000+00:00,HBAR-USDT-SWAP,74901630.0,1757302250635
2025-09-08 03:30:50.637000+00:00,HMSTR-USDT-SWAP,939502700.0,1757302250637
2025-09-08 03:30:50.631000+00:00,HOME-USDT-SWAP,23063800.0,1757302250631
2025-09-08 03:30:50.636000+00:00,HUMA-USDT-SWAP,94326100.0,1757302250636
2025-09-08 03:30:50.639000+00:00,HYPE-USDT-SWAP,803014.6,1757302250639
2025-09-08 03:30:50.645000+00:00,ICP-USDT-SWAP,1182314.79,1757302250645
2025-09-08 03:30:50.638000+00:00,ICX-USDT-SWAP,6389440.0,1757302250638
2025-09-08 03:30:50.636000+00:00,IMX-USDT-SWAP,6388969.0,1757302250636
2025-09-08 03:30:51.086000+00:00,INIT-USDT-SWAP,2430930.0,1757302251086
2025-09-08 03:30:51.101000+00:00,INJ-USDT-SWAP,885702.6,1757302251101
2025-09-08 03:30:51.088000+00:00,IOST-USDT-SWAP,317113000.0,1757302251088
2025-09-08 03:30:51.090000+00:00,IOTA-USDT-SWAP,15982350.0,1757302251090
2025-09-08 03:30:51.079000+00:00,IP-USDT-SWAP,3443839.0,1757302251079
2025-09-08 03:30:51.092000+00:00,JELLYJELLY-USDT-SWAP,216892400.0,1757302251092
2025-09-08 03:30:51.099000+00:00,JOE-USDT-SWAP,7104520.0,1757302251099
2025-09-08 03:30:51.099000+00:00,JTO-USDT-SWAP,2922771.0,1757302251099
2025-09-08 03:30:51.088000+00:00,JUP-USDT-SWAP,15024430.0,1757302251088
2025-09-08 03:30:51.536000+00:00,KAITO-USDT-SWAP,3306831.0,1757302251536
2025-09-08 03:30:51.563000+00:00,KMNO-USDT-SWAP,18061900.0,1757302251563
2025-09-08 03:30:51.551000+00:00,KSM-USDT-SWAP,127347.4,1757302251551
2025-09-08 03:30:51.537000+00:00,LA-USDT-SWAP,2944680.0,1757302251537
2025-09-08 03:30:51.551000+00:00,LAUNCHCOIN-USDT-SWAP,39301310.0,1757302251551
2025-09-08 03:30:51.547000+00:00,LAYER-USDT-SWAP,5819076.0,1757302251547
2025-09-08 03:30:51.552000+00:00,LDO-USDT-SWAP,14398845.0,1757302251552
2025-09-08 03:30:51.543000+00:00,LINK-USDT-SWAP,2508494.0,1757302251543
2025-09-08 03:30:51.551000+00:00,LPT-USDT-SWAP,857732.5,1757302251551
2025-09-08 03:30:51.549000+00:00,LQTY-USDT-SWAP,1577188.0,1757302251549
2025-09-08 03:30:52.003000+00:00,LRC-USDT-SWAP,16639450.0,1757302252003
2025-09-08 03:30:52.146000+00:00,LTC-USDT-SWAP,632181.4000000001,1757302252146
2025-09-08 03:30:52.002000+00:00,LUNA-USDT-SWAP,15289116.0,1757302252002
2025-09-08 03:30:52+00:00,LUNC-USDT-SWAP,32826990000.0,1757302252000
2025-09-08 03:30:52.007000+00:00,MAGIC-USDT-SWAP,20073931.0,1757302252007
2025-09-08 03:30:52.023000+00:00,MAJOR-USDT-SWAP,4837467.0,1757302252023
2025-09-08 03:30:52.015000+00:00,MANA-USDT-SWAP,11602820.0,1757302252015
2025-09-08 03:30:52.006000+00:00,MASK-USDT-SWAP,3137758.0,1757302252006
2025-09-08 03:30:52.097000+00:00,ME-USDT-SWAP,3091775.0,1757302252097
2025-09-08 03:30:52.017000+00:00,MEME-USDT-SWAP,1724664000.0,1757302252017
2025-09-08 03:30:52.583000+00:00,MERL-USDT-SWAP,56067789.0,1757302252583
2025-09-08 03:30:52.585000+00:00,METIS-USDT-SWAP,97715.7,1757302252585
2025-09-08 03:30:52.584000+00:00,MEW-USDT-SWAP,1010884000.0,1757302252584
2025-09-08 03:30:52.583000+00:00,MINA-USDT-SWAP,7628027.0,1757302252583
2025-09-08 03:30:52.594000+00:00,MOG-USDT-SWAP,605587000000.0,1757302252594
2025-09-08 03:30:52.635000+00:00,MOODENG-USDT-SWAP,45764510.0,1757302252635
2025-09-08 03:30:52.579000+00:00,MORPHO-USDT-SWAP,1353871.0,1757302252579
2025-09-08 03:30:52.595000+00:00,MOVE-USDT-SWAP,28876330.0,1757302252595
2025-09-08 03:30:52.586000+00:00,MUBARAK-USDT-SWAP,13944000.0,1757302252586
2025-09-08 03:30:53.076000+00:00,NEAR-USDT-SWAP,5343510.000000001,1757302253076
2025-09-08 03:30:53.083000+00:00,NEIRO-USDT-SWAP,8706467000.0,1757302253083
2025-09-08 03:30:53.111000+00:00,NEIROETH-USDT-SWAP,29698500.0,1757302253111
2025-09-08 03:30:53.080000+00:00,NEO-USDT-SWAP,298441.0,1757302253080
2025-09-08 03:30:53.074000+00:00,NEWT-USDT-SWAP,3719010.0,1757302253074
2025-09-08 03:30:53.090000+00:00,NMR-USDT-SWAP,576114.7,1757302253090
2025-09-08 03:30:53.074000+00:00,NOT-USDT-SWAP,1730412700.0,1757302253074
2025-09-08 03:30:53.089000+00:00,NXPC-USDT-SWAP,858172.0,1757302253089
2025-09-08 03:30:53.084000+00:00,OL-USDT-SWAP,89193700.0,1757302253084
2025-09-08 03:30:53.083000+00:00,OM-USDT-SWAP,26742019.0,1757302253083
2025-09-08 03:30:53.540000+00:00,ONDO-USDT-SWAP,19617190.0,1757302253540
2025-09-08 03:30:53.563000+00:00,ONE-USDT-SWAP,80541900.0,1757302253563
2025-09-08 03:30:53.556000+00:00,ONT-USDT-SWAP,13445190.0,1757302253556
2025-09-08 03:30:53.550000+00:00,OP-USDT-SWAP,20652617.0,1757302253550
2025-09-08 03:30:53.552000+00:00,ORBS-USDT-SWAP,27748500.0,1757302253552
2025-09-08 03:30:53.560000+00:00,ORDI-USDT-SWAP,1199069.8,1757302253560
2025-09-08 03:30:53.550000+00:00,PARTI-USDT-SWAP,13264310.0,1757302253550
2025-09-08 03:30:53.549000+00:00,PENGU-USDT-SWAP,588528900.0,1757302253549
2025-09-08 03:30:53.547000+00:00,PEOPLE-USDT-SWAP,303760500.0,1757302253547
2025-09-08 03:30:53.553000+00:00,PEPE-USDT-SWAP,6677137000000.0,1757302253553
2025-09-08 03:30:54.002000+00:00,PERP-USDT-SWAP,2502410.0,1757302254002
2025-09-08 03:30:54.007000+00:00,PI-USDT-SWAP,31564176.0,1757302254007
2025-09-08 03:30:54.002000+00:00,PLUME-USDT-SWAP,16363770.0,1757302254002
2025-09-08 03:30:54.013000+00:00,PNUT-USDT-SWAP,38028900.0,1757302254013
2025-09-08 03:30:54.005000+00:00,POL-USDT-SWAP,38223960.0,1757302254005
2025-09-08 03:30:54.051000+00:00,POPCAT-USDT-SWAP,10412980.0,1757302254051
2025-09-08 03:30:54.009000+00:00,PRCL-USDT-SWAP,17599750.0,1757302254009
2025-09-08 03:30:54.020000+00:00,PROMPT-USDT-SWAP,32666970.0,1757302254020
2025-09-08 03:30:54+00:00,PUMP-USDT-SWAP,6891599000.0,1757302254000
2025-09-08 03:30:54.001000+00:00,PYTH-USDT-SWAP,46765160.0,1757302254001
2025-09-08 03:30:54.486000+00:00,QTUM-USDT-SWAP,1253126.0,1757302254486
2025-09-08 03:30:54.478000+00:00,RAY-USDT-SWAP,949748.0,1757302254478
2025-09-08 03:30:54.490000+00:00,RENDER-USDT-SWAP,1360757.0,1757302254490
2025-09-08 03:30:54.490000+00:00,RESOLV-USDT-SWAP,27254120.0,1757302254490
2025-09-08 03:30:54.486000+00:00,RSR-USDT-SWAP,253699700.0,1757302254486
2025-09-08 03:30:54.487000+00:00,RVN-USDT-SWAP,80238870.0,1757302254487
2025-09-08 03:30:54.498000+00:00,S-USDT-SWAP,13224280.0,1757302254498
2025-09-08 03:30:54.486000+00:00,SAHARA-USDT-SWAP,56169060.0,1757302254486
2025-09-08 03:30:54.485000+00:00,SAND-USDT-SWAP,19606240.0,1757302254485
2025-09-08 03:30:54.492000+00:00,SATS-USDT-SWAP,174502730000000.0,1757302254492
2025-09-08 03:30:54.938000+00:00,SCR-USDT-SWAP,3284626.0,1757302254938
2025-09-08 03:30:54.935000+00:00,SHELL-USDT-SWAP,5792240.0,1757302254935
2025-09-08 03:30:54.939000+00:00,SHIB-USDT-SWAP,1424159100000.0,1757302254939
2025-09-08 03:30:54.946000+00:00,SIGN-USDT-SWAP,46231900.0,1757302254946
2025-09-08 03:30:54.980000+00:00,SLP-USDT-SWAP,448668050.0,1757302254980
2025-09-08 03:30:54.946000+00:00,SNX-USDT-SWAP,2565374.0,1757302254946
2025-09-08 03:30:54.941000+00:00,SOL-USDT-SWAP,3292765.8600000017,1757302254941
2025-09-08 03:30:54.967000+00:00,SOLV-USDT-SWAP,58992300.0,1757302254967
2025-09-08 03:30:54.944000+00:00,SONIC-USDT-SWAP,7525655.0,1757302254944
2025-09-08 03:30:54.948000+00:00,SOON-USDT-SWAP,12936640.0,1757302254948
2025-09-08 03:30:55.423000+00:00,SOPH-USDT-SWAP,87726100.0,1757302255423
2025-09-08 03:30:55.429000+00:00,SPK-USDT-SWAP,150773000.0,1757302255429
2025-09-08 03:30:55.426000+00:00,SPX-USDT-SWAP,1222771.0,1757302255426
2025-09-08 03:30:55.425000+00:00,SSV-USDT-SWAP,309728.1,1757302255425
2025-09-08 03:30:55.416000+00:00,STORJ-USDT-SWAP,5564900.0,1757302255416
2025-09-08 03:30:55.426000+00:00,STRK-USDT-SWAP,25119671.0,1757302255426
2025-09-08 03:30:55.418000+00:00,STX-USDT-SWAP,6725045.0,1757302255418
2025-09-08 03:30:55.421000+00:00,SUI-USDT-SWAP,20802669.0,1757302255421
2025-09-08 03:30:55.417000+00:00,SUSHI-USDT-SWAP,8348091.0,1757302255417
2025-09-08 03:30:55.422000+00:00,SWARMS-USDT-SWAP,82464650.0,1757302255422
2025-09-08 03:30:55.864000+00:00,SYRUP-USDT-SWAP,3332790.0,1757302255864
2025-09-08 03:30:55.887000+00:00,T-USDT-SWAP,39603700.0,1757302255887
2025-09-08 03:30:55.869000+00:00,TAO-USDT-SWAP,15260.54,1757302255869
2025-09-08 03:30:55.871000+00:00,THETA-USDT-SWAP,2619795.9999999995,1757302255871
2025-09-08 03:30:56.131000+00:00,TIA-USDT-SWAP,5388094.0,1757302256131
2025-09-08 03:30:55.878000+00:00,TNSR-USDT-SWAP,8263663.0,1757302255878
2025-09-08 03:30:55.875000+00:00,TON-USDT-SWAP,9461614.0,1757302255875
2025-09-08 03:30:55.881000+00:00,TRB-USDT-SWAP,274075.5,1757302255881
2025-09-08 03:30:55.872000+00:00,TREE-USDT-SWAP,6584423.0,1757302255872
2025-09-08 03:30:55.879000+00:00,TRUMP-USDT-SWAP,5382343.0,1757302255879
2025-09-08 03:30:56.558000+00:00,TRX-USDT-SWAP,107989960.00000004,1757302256558
2025-09-08 03:30:56.588000+00:00,TURBO-USDT-SWAP,803807000.0000002,1757302256588
2025-09-08 03:30:56.584000+00:00,UMA-USDT-SWAP,1477205.9,1757302256584
2025-09-08 03:30:56.570000+00:00,UNI-USDT-SWAP,3192539.0,1757302256570
2025-09-08 03:30:56.575000+00:00,USDC-USDT-SWAP,1100290.0,1757302256575
2025-09-08 03:30:56.575000+00:00,USELESS-USDT-SWAP,15107980.0,1757302256575
2025-09-08 03:30:56.589000+00:00,USTC-USDT-SWAP,137452800.0,1757302256589
2025-09-08 03:30:56.580000+00:00,UXLINK-USDT-SWAP,6357390.0,1757302256580
2025-09-08 03:30:56.577000+00:00,VANA-USDT-SWAP,133827.2,1757302256577
2025-09-08 03:30:56.575000+00:00,VINE-USDT-SWAP,102858190.0,1757302256575
2025-09-08 03:30:57.024000+00:00,VIRTUAL-USDT-SWAP,3353110.0,1757302257024
2025-09-08 03:30:57.033000+00:00,W-USDT-SWAP,47853099.0,1757302257033
2025-09-08 03:30:57.035000+00:00,WAL-USDT-SWAP,2120610.0,1757302257035
2025-09-08 03:30:57.024000+00:00,WAXP-USDT-SWAP,28416700.0,1757302257024
2025-09-08 03:30:57.028000+00:00,WCT-USDT-SWAP,10412330.0,1757302257028
2025-09-08 03:30:57.039000+00:00,WIF-USDT-SWAP,16760680.0,1757302257039
2025-09-08 03:30:57.070000+00:00,WLD-USDT-SWAP,39200911.0,1757302257070
2025-09-08 03:30:57.034000+00:00,WLFI-USDT-SWAP,293683640.0,1757302257034
2025-09-08 03:30:57.036000+00:00,WOO-USDT-SWAP,15219640.0,1757302257036
2025-09-08 03:30:57.035000+00:00,XAUT-USDT-SWAP,5672.144,1757302257035
2025-09-08 03:30:57.637000+00:00,XLM-USDT-SWAP,39099959.99999999,1757302257637
2025-09-08 03:30:57.644000+00:00,XPL-USDT-SWAP,6961310.0,1757302257644
2025-09-08 03:30:57.642000+00:00,XRP-USDT-SWAP,91770065.99999999,1757302257642
2025-09-08 03:30:57.643000+00:00,XTZ-USDT-SWAP,5567285.0,1757302257643
2025-09-08 03:30:57.633000+00:00,YFI-USDT-SWAP,365.9431,1757302257633
2025-09-08 03:30:57.641000+00:00,YGG-USDT-SWAP,28078627.0,1757302257641
2025-09-08 03:30:57.659000+00:00,ZENT-USDT-SWAP,210888300.0,1757302257659
2025-09-08 03:30:57.640000+00:00,ZEREBRO-USDT-SWAP,80326760.0,1757302257640
2025-09-08 03:30:57.638000+00:00,ZETA-USDT-SWAP,5809250.0,1757302257638
2025-09-08 03:30:57.651000+00:00,ZIL-USDT-SWAP,160965700.0,1757302257651
2025-09-08 03:30:58.099000+00:00,ZK-USDT-SWAP,49603940.0,1757302258099
2025-09-08 03:30:58.108000+00:00,ZRO-USDT-SWAP,2082025.0,1757302258108
2025-09-08 03:30:58.223000+00:00,ZRX-USDT-SWAP,8565360.0,1757302258223
2025-09-08 03:31:59.008000+00:00,1INCH-USDT-SWAP,8293596.0,1757302319008
2025-09-08 03:31:59.005000+00:00,A-USDT-SWAP,9648950.0,1757302319005
2025-09-08 03:31:58.994000+00:00,AAVE-USDT-SWAP,130621.8,1757302318994
2025-09-08 03:31:58.995000+00:00,ACE-USDT-SWAP,1961623.0,1757302318995
2025-09-08 03:31:59.003000+00:00,ACH-USDT-SWAP,78406700.0,1757302319003
2025-09-08 03:31:58.994000+00:00,ACT-USDT-SWAP,83710406.0,1757302318994
2025-09-08 03:31:59.035000+00:00,ADA-USDT-SWAP,79155450.00000004,1757302319035
2025-09-08 03:31:58.989000+00:00,AERO-USDT-SWAP,1668190.0,1757302318989
2025-09-08 03:31:59.004000+00:00,AEVO-USDT-SWAP,12726279.0,1757302319004
2025-09-08 03:31:58.999000+00:00,AGLD-USDT-SWAP,1930172.0,1757302318999
2025-09-08 03:31:59.464000+00:00,AI16Z-USDT-SWAP,49724980.0,1757302319464
2025-09-08 03:31:59.473000+00:00,AIXBT-USDT-SWAP,23360360.0,1757302319473
2025-09-08 03:31:59.480000+00:00,ALCH-USDT-SWAP,23005870.0,1757302319480
2025-09-08 03:31:59.476000+00:00,ALGO-USDT-SWAP,28064890.0,1757302319476
2025-09-08 03:31:59.468000+00:00,ANIME-USDT-SWAP,106598840.0,1757302319468
2025-09-08 03:31:59.522000+00:00,APE-USDT-SWAP,8328858.4,1757302319522
2025-09-08 03:31:59.488000+00:00,API3-USDT-SWAP,3687643.0,1757302319488
2025-09-08 03:31:59.468000+00:00,APT-USDT-SWAP,3629208.0,1757302319468
2025-09-08 03:31:59.480000+00:00,AR-USDT-SWAP,529832.1,1757302319480
2025-09-08 03:31:59.476000+00:00,ARB-USDT-SWAP,33569049.99999999,1757302319476
2025-09-08 03:31:59.950000+00:00,ARC-USDT-SWAP,61050730.0,1757302319950
2025-09-08 03:31:59.951000+00:00,ARKM-USDT-SWAP,3627838.0,1757302319951
2025-09-08 03:31:59.973000+00:00,ATH-USDT-SWAP,141604200.0,1757302319973
2025-09-08 03:31:59.967000+00:00,ATOM-USDT-SWAP,1902896.0,1757302319967
2025-09-08 03:31:59.957000+00:00,AUCTION-USDT-SWAP,214775.1,1757302319957
2025-09-08 03:31:59.963000+00:00,AVAAI-USDT-SWAP,53480370.0,1757302319963
2025-09-08 03:31:59.985000+00:00,AVAX-USDT-SWAP,1888987.7999999998,1757302319985
2025-09-08 03:31:59.957000+00:00,AXS-USDT-SWAP,1178579.1,1757302319957
2025-09-08 03:31:59.964000+00:00,BABY-USDT-SWAP,39314930.0,1757302319964
2025-09-08 03:31:59.956000+00:00,BAND-USDT-SWAP,1522231.0,1757302319956
2025-09-08 03:32:00.453000+00:00,BAT-USDT-SWAP,5621240.0,1757302320453
2025-09-08 03:32:00.447000+00:00,BCH-USDT-SWAP,82476.09999999999,1757302320447
2025-09-08 03:32:00.590000+00:00,BERA-USDT-SWAP,2302720.4,1757302320590
2025-09-08 03:32:00.459000+00:00,BICO-USDT-SWAP,6565201.0,1757302320459
2025-09-08 03:32:00.454000+00:00,BIGTIME-USDT-SWAP,42124760.0,1757302320454
2025-09-08 03:32:00.461000+00:00,BIO-USDT-SWAP,72636608.0,1757302320461
2025-09-08 03:32:00.468000+00:00,BLUR-USDT-SWAP,25181030.0,1757302320468
2025-09-08 03:32:00.538000+00:00,BNB-USDT-SWAP,96319.19,1757302320538
2025-09-08 03:32:00.474000+00:00,BNT-USDT-SWAP,731780.0,1757302320474
2025-09-08 03:32:00.487000+00:00,BOME-USDT-SWAP,1380787000.0,1757302320487
2025-09-08 03:32:01.021000+00:00,BONK-USDT-SWAP,507595900000.0,1757302321021
2025-09-08 03:32:01.030000+00:00,BRETT-USDT-SWAP,12851900.0,1757302321030
2025-09-08 03:32:01.035000+00:00,BTC-USDT-SWAP,26470.669100000065,1757302321035
2025-09-08 03:32:01.044000+00:00,CAT-USDT-SWAP,197891400000.0,1757302321044
2025-09-08 03:32:01.031000+00:00,CATI-USDT-SWAP,17428600.0,1757302321031
2025-09-08 03:32:01.044000+00:00,CELO-USDT-SWAP,4428364.0,1757302321044
2025-09-08 03:32:01.031000+00:00,CETUS-USDT-SWAP,17884130.0,1757302321031
2025-09-08 03:32:01.760000+00:00,CFX-USDT-SWAP,76857540.0,1757302321760
2025-09-08 03:32:01.041000+00:00,CHZ-USDT-SWAP,80030390.0,1757302321041
2025-09-08 03:32:01.030000+00:00,COMP-USDT-SWAP,94173.7,1757302321030
2025-09-08 03:32:02.206000+00:00,COOKIE-USDT-SWAP,4400760.0,1757302322206
2025-09-08 03:32:02.209000+00:00,CORE-USDT-SWAP,9788687.0,1757302322209
2025-09-08 03:32:02.211000+00:00,CRO-USDT-SWAP,63921500.0,1757302322211
2025-09-08 03:32:02.212000+00:00,CRV-USDT-SWAP,25620727.0,1757302322212
2025-09-08 03:32:02.199000+00:00,CTC-USDT-SWAP,1712710.0,1757302322199
2025-09-08 03:32:02.214000+00:00,CVC-USDT-SWAP,9641700.0,1757302322214
2025-09-08 03:32:02.203000+00:00,CVX-USDT-SWAP,292408.0,1757302322203
2025-09-08 03:32:02.190000+00:00,DEGEN-USDT-SWAP,306302200.0,1757302322190
2025-09-08 03:32:02.197000+00:00,DGB-USDT-SWAP,49174100.0,1757302322197
2025-09-08 03:32:02.202000+00:00,DOG-USDT-SWAP,541934000.0,1757302322202
2025-09-08 03:32:02.640000+00:00,DOGE-USDT-SWAP,1565090210.0,1757302322640
2025-09-08 03:32:02.650000+00:00,DOGS-USDT-SWAP,18509123000.0,1757302322650
2025-09-08 03:32:02.647000+00:00,DOOD-USDT-SWAP,137901000.0,1757302322647
2025-09-08 03:32:02.656000+00:00,DOT-USDT-SWAP,6791115.0,1757302322656
2025-09-08 03:32:02.652000+00:00,DUCK-USDT-SWAP,835889700.0,1757302322652
2025-09-08 03:32:02.657000+00:00,DYDX-USDT-SWAP,9130025.0,1757302322657
2025-09-08 03:32:02.656000+00:00,EGLD-USDT-SWAP,100495.2,1757302322656
2025-09-08 03:32:02.651000+00:00,EIGEN-USDT-SWAP,3998291.0,1757302322651
2025-09-08 03:32:02.661000+00:00,ENJ-USDT-SWAP,13161530.0,1757302322661
2025-09-08 03:32:02.658000+00:00,ENS-USDT-SWAP,364062.9,1757302322658
2025-09-08 03:32:03.116000+00:00,ETC-USDT-SWAP,1084651.3000000003,1757302323116
2025-09-08 03:32:03.110000+00:00,ETH-USDT-SWAP,732496.2210000019,1757302323110
2025-09-08 03:32:03.119000+00:00,ETHFI-USDT-SWAP,8479561.0,1757302323119
2025-09-08 03:32:03.114000+00:00,ETHW-USDT-SWAP,1297575.4,1757302323114
2025-09-08 03:32:03.105000+00:00,FARTCOIN-USDT-SWAP,20830850.0,1757302323105
2025-09-08 03:32:03.127000+00:00,FIL-USDT-SWAP,14353240.0,1757302323127
2025-09-08 03:32:03.115000+00:00,FLM-USDT-SWAP,26037260.0,1757302323115
2025-09-08 03:32:03.116000+00:00,FLOKI-USDT-SWAP,40945100000.0,1757302323116
2025-09-08 03:32:03.124000+00:00,FLOW-USDT-SWAP,4517400.0,1757302323124
2025-09-08 03:32:03.114000+00:00,FXS-USDT-SWAP,245918.0,1757302323114
2025-09-08 03:32:03.557000+00:00,GALA-USDT-SWAP,439815490.0,1757302323557
2025-09-08 03:32:03.558000+00:00,GAS-USDT-SWAP,465768.0,1757302323558
2025-09-08 03:32:03.585000+00:00,GLM-USDT-SWAP,2719150.0,1757302323585
2025-09-08 03:32:03.568000+00:00,GMT-USDT-SWAP,47306430.0,1757302323568
2025-09-08 03:32:03.561000+00:00,GMX-USDT-SWAP,72751.2,1757302323561
2025-09-08 03:32:03.580000+00:00,GOAT-USDT-SWAP,25820890.0,1757302323580
2025-09-08 03:32:03.565000+00:00,GODS-USDT-SWAP,6490929.0,1757302323565
2025-09-08 03:32:03.584000+00:00,GPS-USDT-SWAP,247980160.0,1757302323584
2025-09-08 03:32:03.568000+00:00,GRASS-USDT-SWAP,2766502.0,1757302323568
2025-09-08 03:32:03.564000+00:00,GRIFFAIN-USDT-SWAP,24854880.0,1757302323564
2025-09-08 03:32:04.034000+00:00,GRT-USDT-SWAP,21825530.0,1757302324034
2025-09-08 03:32:04.045000+00:00,H-USDT-SWAP,62037400.0,1757302324045
2025-09-08 03:32:04.045000+00:00,HBAR-USDT-SWAP,74877330.0,1757302324045
2025-09-08 03:32:04.036000+00:00,HMSTR-USDT-SWAP,940605200.0,1757302324036
2025-09-08 03:32:04.036000+00:00,HOME-USDT-SWAP,23063800.0,1757302324036
2025-09-08 03:32:04.035000+00:00,HUMA-USDT-SWAP,94324000.0,1757302324035
2025-09-08 03:32:04.036000+00:00,HYPE-USDT-SWAP,806614.3,1757302324036
2025-09-08 03:32:04.023000+00:00,ICP-USDT-SWAP,1183318.13,1757302324023
2025-09-08 03:32:04.055000+00:00,ICX-USDT-SWAP,6386960.0,1757302324055
2025-09-08 03:32:04.040000+00:00,IMX-USDT-SWAP,6388465.0,1757302324040
2025-09-08 03:32:04.501000+00:00,INIT-USDT-SWAP,2430530.0,1757302324501
2025-09-08 03:32:04.499000+00:00,INJ-USDT-SWAP,885537.0,1757302324499
2025-09-08 03:32:04.977000+00:00,IOST-USDT-SWAP,317115000.0,1757302324977
2025-09-08 03:32:04.533000+00:00,IOTA-USDT-SWAP,15981470.0,1757302324533
2025-09-08 03:32:04.511000+00:00,IP-USDT-SWAP,3442456.0,1757302324511
2025-09-08 03:32:04.505000+00:00,JELLYJELLY-USDT-SWAP,217058100.0,1757302324505
2025-09-08 03:32:04.516000+00:00,JOE-USDT-SWAP,7104500.0,1757302324516
2025-09-08 03:32:04.521000+00:00,JTO-USDT-SWAP,2922652.0,1757302324521
2025-09-08 03:32:04.502000+00:00,JUP-USDT-SWAP,15024670.0,1757302324502
2025-09-08 03:32:05.425000+00:00,KAITO-USDT-SWAP,3306384.0,1757302325425
2025-09-08 03:32:05.429000+00:00,KMNO-USDT-SWAP,18041300.0,1757302325429
2025-09-08 03:32:05.447000+00:00,KSM-USDT-SWAP,127364.5,1757302325447
2025-09-08 03:32:05.449000+00:00,LA-USDT-SWAP,2937460.0,1757302325449
2025-09-08 03:32:05.423000+00:00,LAUNCHCOIN-USDT-SWAP,39293140.0,1757302325423
2025-09-08 03:32:05.435000+00:00,LAYER-USDT-SWAP,5819063.0,1757302325435
2025-09-08 03:32:05.424000+00:00,LDO-USDT-SWAP,14412958.0,1757302325424
2025-09-08 03:32:05.435000+00:00,LINK-USDT-SWAP,2508418.2,1757302325435
2025-09-08 03:32:05.439000+00:00,LPT-USDT-SWAP,857203.9,1757302325439
2025-09-08 03:32:05.435000+00:00,LQTY-USDT-SWAP,1578232.0,1757302325435
2025-09-08 03:32:05.891000+00:00,LRC-USDT-SWAP,16632460.0,1757302325891
2025-09-08 03:32:05.899000+00:00,LTC-USDT-SWAP,632153.2000000001,1757302325899
2025-09-08 03:32:05.913000+00:00,LUNA-USDT-SWAP,15297049.0,1757302325913
2025-09-08 03:32:05.905000+00:00,LUNC-USDT-SWAP,32837210000.0,1757302325905
2025-09-08 03:32:05.892000+00:00,MAGIC-USDT-SWAP,20182701.0,1757302325892
2025-09-08 03:32:05.896000+00:00,MAJOR-USDT-SWAP,4837473.0,1757302325896
2025-09-08 03:32:05.899000+00:00,MANA-USDT-SWAP,11599570.0,1757302325899
2025-09-08 03:32:05.894000+00:00,MASK-USDT-SWAP,3137469.0,1757302325894
2025-09-08 03:32:05.915000+00:00,ME-USDT-SWAP,3092266.0,1757302325915
2025-09-08 03:32:05.889000+00:00,MEME-USDT-SWAP,1724804000.0,1757302325889
2025-09-08 03:32:06.352000+00:00,MERL-USDT-SWAP,56068263.0,1757302326352
2025-09-08 03:32:06.362000+00:00,METIS-USDT-SWAP,97730.8,1757302326362
2025-09-08 03:32:06.363000+00:00,MEW-USDT-SWAP,1009662000.0,1757302326363
2025-09-08 03:32:06.372000+00:00,MINA-USDT-SWAP,7627972.0,1757302326372
2025-09-08 03:32:06.361000+00:00,MOG-USDT-SWAP,605583000000.0,1757302326361
2025-09-08 03:32:06.371000+00:00,MOODENG-USDT-SWAP,45785520.0,1757302326371
2025-09-08 03:32:06.352000+00:00,MORPHO-USDT-SWAP,1353839.0,1757302326352
2025-09-08 03:32:06.367000+00:00,MOVE-USDT-SWAP,28852910.0,1757302326367
2025-09-08 03:32:06.354000+00:00,MUBARAK-USDT-SWAP,13943200.0,1757302326354
2025-09-08 03:32:06.835000+00:00,NEAR-USDT-SWAP,5342790.0,1757302326835
2025-09-08 03:32:06.840000+00:00,NEIRO-USDT-SWAP,8710003000.0,1757302326840
2025-09-08 03:32:06.850000+00:00,NEIROETH-USDT-SWAP,29723100.0,1757302326850
2025-09-08 03:32:06.838000+00:00,NEO-USDT-SWAP,298440.0,1757302326838
2025-09-08 03:32:06.822000+00:00,NEWT-USDT-SWAP,3718980.0,1757302326822
2025-09-08 03:32:06.838000+00:00,NMR-USDT-SWAP,575022.8,1757302326838
2025-09-08 03:32:06.830000+00:00,NOT-USDT-SWAP,1730608400.0,1757302326830
2025-09-08 03:32:06.833000+00:00,NXPC-USDT-SWAP,857929.0,1757302326833
2025-09-08 03:32:06.835000+00:00,OL-USDT-SWAP,89174440.0,1757302326835
2025-09-08 03:32:06.837000+00:00,OM-USDT-SWAP,26737055.0,1757302326837
2025-09-08 03:32:07.296000+00:00,ONDO-USDT-SWAP,19615430.0,1757302327296
2025-09-08 03:32:07.285000+00:00,ONE-USDT-SWAP,80530700.0,1757302327285
2025-09-08 03:32:07.293000+00:00,ONT-USDT-SWAP,13444310.0,1757302327293
2025-09-08 03:32:07.295000+00:00,OP-USDT-SWAP,20654648.0,1757302327295
2025-09-08 03:32:07.278000+00:00,ORBS-USDT-SWAP,27748100.0,1757302327278
2025-09-08 03:32:07.278000+00:00,ORDI-USDT-SWAP,1199369.6,1757302327278
2025-09-08 03:32:07.282000+00:00,PARTI-USDT-SWAP,13264950.0,1757302327282
2025-09-08 03:32:07.282000+00:00,PENGU-USDT-SWAP,588885000.0,1757302327282
2025-09-08 03:32:07.290000+00:00,PEOPLE-USDT-SWAP,303737200.0,1757302327290
2025-09-08 03:32:07.299000+00:00,PEPE-USDT-SWAP,6700174000000.0,1757302327299
2025-09-08 03:32:07.736000+00:00,PERP-USDT-SWAP,2502396.0,1757302327736
2025-09-08 03:32:07.740000+00:00,PI-USDT-SWAP,31568895.0,1757302327740
2025-09-08 03:32:07.878000+00:00,PLUME-USDT-SWAP,16384450.0,1757302327878
2025-09-08 03:32:07.751000+00:00,PNUT-USDT-SWAP,38030980.0,1757302327751
2025-09-08 03:32:07.748000+00:00,POL-USDT-SWAP,38239240.0,1757302327748
2025-09-08 03:32:07.747000+00:00,POPCAT-USDT-SWAP,10413320.0,1757302327747
2025-09-08 03:32:07.745000+00:00,PRCL-USDT-SWAP,17599139.0,1757302327745
2025-09-08 03:32:07.741000+00:00,PROMPT-USDT-SWAP,32714320.0,1757302327741
2025-09-08 03:32:07.758000+00:00,PUMP-USDT-SWAP,6891848000.0,1757302327758
2025-09-08 03:32:07.748000+00:00,PYTH-USDT-SWAP,46747400.0,1757302327748
2025-09-08 03:32:08.316000+00:00,QTUM-USDT-SWAP,1253052.0,1757302328316
2025-09-08 03:32:08.313000+00:00,RAY-USDT-SWAP,949151.0,1757302328313
2025-09-08 03:32:08.321000+00:00,RENDER-USDT-SWAP,1360720.0,1757302328321
2025-09-08 03:32:08.324000+00:00,RESOLV-USDT-SWAP,27314220.0,1757302328324
2025-09-08 03:32:08.308000+00:00,RSR-USDT-SWAP,253718700.0,1757302328308
2025-09-08 03:32:08.319000+00:00,RVN-USDT-SWAP,80199130.0,1757302328319
2025-09-08 03:32:08.318000+00:00,S-USDT-SWAP,13226360.0,1757302328318
2025-09-08 03:32:08.330000+00:00,SAHARA-USDT-SWAP,56181480.0,1757302328330
2025-09-08 03:32:08.321000+00:00,SAND-USDT-SWAP,19595200.0,1757302328321
2025-09-08 03:32:08.320000+00:00,SATS-USDT-SWAP,174499170000000.0,1757302328320
2025-09-08 03:32:08.755000+00:00,SCR-USDT-SWAP,3283658.0,1757302328755
2025-09-08 03:32:08.757000+00:00,SHELL-USDT-SWAP,5797960.0,1757302328757
2025-09-08 03:32:08.768000+00:00,SHIB-USDT-SWAP,1425932100000.0,1757302328768
2025-09-08 03:32:08.769000+00:00,SIGN-USDT-SWAP,46233000.0,1757302328769
2025-09-08 03:32:08.768000+00:00,SLP-USDT-SWAP,448662010.0,1757302328768
2025-09-08 03:32:08.772000+00:00,SNX-USDT-SWAP,2565749.0,1757302328772
2025-09-08 03:32:08.767000+00:00,SOL-USDT-SWAP,3292961.040000002,1757302328767
2025-09-08 03:32:08.808000+00:00,SOLV-USDT-SWAP,59009600.0,1757302328808
2025-09-08 03:32:08.762000+00:00,SONIC-USDT-SWAP,7525453.0,1757302328762
2025-09-08 03:32:08.779000+00:00,SOON-USDT-SWAP,12959330.0,1757302328779
2025-09-08 03:32:09.240000+00:00,SOPH-USDT-SWAP,87732100.0,1757302329240
2025-09-08 03:32:09.238000+00:00,SPK-USDT-SWAP,150799400.0,1757302329238
2025-09-08 03:32:09.252000+00:00,SPX-USDT-SWAP,1222188.0,1757302329252
2025-09-08 03:32:09.251000+00:00,SSV-USDT-SWAP,310100.9,1757302329251
2025-09-08 03:32:09.240000+00:00,STORJ-USDT-SWAP,5564870.0,1757302329240
2025-09-08 03:32:09.245000+00:00,STRK-USDT-SWAP,25126739.0,1757302329245
2025-09-08 03:32:09.253000+00:00,STX-USDT-SWAP,6725471.0,1757302329253
2025-09-08 03:32:09.245000+00:00,SUI-USDT-SWAP,20812941.0,1757302329245
2025-09-08 03:32:09.252000+00:00,SUSHI-USDT-SWAP,8347691.0,1757302329252
2025-09-08 03:32:09.250000+00:00,SWARMS-USDT-SWAP,82473200.0,1757302329250
2025-09-08 03:32:09.685000+00:00,SYRUP-USDT-SWAP,3332250.0,1757302329685
2025-09-08 03:32:09.693000+00:00,T-USDT-SWAP,39603600.0,1757302329693
2025-09-08 03:32:09.694000+00:00,TAO-USDT-SWAP,15268.75,1757302329694
2025-09-08 03:32:09.699000+00:00,THETA-USDT-SWAP,2619679.9999999995,1757302329699
2025-09-08 03:32:09.693000+00:00,TIA-USDT-SWAP,5391011.0,1757302329693
2025-09-08 03:32:09.687000+00:00,TNSR-USDT-SWAP,8263640.0,1757302329687
2025-09-08 03:32:09.701000+00:00,TON-USDT-SWAP,9462010.0,1757302329701
2025-09-08 03:32:09.685000+00:00,TRB-USDT-SWAP,274204.5,1757302329685
2025-09-08 03:32:09.708000+00:00,TREE-USDT-SWAP,6582561.0,1757302329708
2025-09-08 03:32:09.690000+00:00,TRUMP-USDT-SWAP,5384347.8,1757302329690
2025-09-08 03:32:10.144000+00:00,TRX-USDT-SWAP,107833530.00000004,1757302330144
2025-09-08 03:32:10.141000+00:00,TURBO-USDT-SWAP,803655000.0000002,1757302330141
2025-09-08 03:32:10.156000+00:00,UMA-USDT-SWAP,1477042.2,1757302330156
2025-09-08 03:32:10.155000+00:00,UNI-USDT-SWAP,3191602.0,1757302330155
2025-09-08 03:32:10.170000+00:00,USDC-USDT-SWAP,1100350.0,1757302330170
2025-09-08 03:32:10.149000+00:00,USELESS-USDT-SWAP,15072130.0,1757302330149
2025-09-08 03:32:10.161000+00:00,USTC-USDT-SWAP,137442300.0,1757302330161
2025-09-08 03:32:10.152000+00:00,UXLINK-USDT-SWAP,6356440.0,1757302330152
2025-09-08 03:32:10.160000+00:00,VANA-USDT-SWAP,133765.3,1757302330160
2025-09-08 03:32:10.159000+00:00,VINE-USDT-SWAP,102886360.0,1757302330159
2025-09-08 03:32:10.620000+00:00,VIRTUAL-USDT-SWAP,3349636.0,1757302330620
2025-09-08 03:32:10.609000+00:00,W-USDT-SWAP,47882665.0,1757302330609
2025-09-08 03:32:10.619000+00:00,WAL-USDT-SWAP,2120610.0,1757302330619
2025-09-08 03:32:10.610000+00:00,WAXP-USDT-SWAP,28416700.0,1757302330610
2025-09-08 03:32:10.606000+00:00,WCT-USDT-SWAP,10411290.0,1757302330606
2025-09-08 03:32:10.618000+00:00,WIF-USDT-SWAP,16774928.0,1757302330618
2025-09-08 03:32:10.618000+00:00,WLD-USDT-SWAP,39266331.0,1757302330618
2025-09-08 03:32:10.606000+00:00,WLFI-USDT-SWAP,293299660.0,1757302330606
2025-09-08 03:32:10.617000+00:00,WOO-USDT-SWAP,15219790.0,1757302330617
2025-09-08 03:32:10.619000+00:00,XAUT-USDT-SWAP,5671.821,1757302330619
2025-09-08 03:32:11.050000+00:00,XLM-USDT-SWAP,39099239.99999999,1757302331050
2025-09-08 03:32:11.057000+00:00,XPL-USDT-SWAP,6962330.0,1757302331057
2025-09-08 03:32:11.083000+00:00,XRP-USDT-SWAP,91752562.99999997,1757302331083
2025-09-08 03:32:11.061000+00:00,XTZ-USDT-SWAP,5567294.0,1757302331061
2025-09-08 03:32:11.063000+00:00,YFI-USDT-SWAP,365.187,1757302331063
2025-09-08 03:32:11.056000+00:00,YGG-USDT-SWAP,28085171.0,1757302331056
2025-09-08 03:32:11.064000+00:00,ZENT-USDT-SWAP,210927300.0,1757302331064
2025-09-08 03:32:11.049000+00:00,ZEREBRO-USDT-SWAP,80307380.0,1757302331049
2025-09-08 03:32:11.068000+00:00,ZETA-USDT-SWAP,5809370.0,1757302331068
2025-09-08 03:32:11.053000+00:00,ZIL-USDT-SWAP,160916200.0,1757302331053
2025-09-08 03:32:11.536000+00:00,ZK-USDT-SWAP,49603310.0,1757302331536
2025-09-08 03:32:11.525000+00:00,ZRO-USDT-SWAP,2079976.0,1757302331525
2025-09-08 03:32:11.534000+00:00,ZRX-USDT-SWAP,8568670.0,1757302331534
2025-09-08 03:53:17.859000+00:00,1INCH-USDT-SWAP,8304752.0,1757303597859
2025-09-08 03:53:17.717000+00:00,A-USDT-SWAP,9653460.0,1757303597717
2025-09-08 03:53:17.702000+00:00,AAVE-USDT-SWAP,130546.06000000003,1757303597702
2025-09-08 03:53:17.710000+00:00,ACE-USDT-SWAP,1962522.0,1757303597710
2025-09-08 03:53:17.704000+00:00,ACH-USDT-SWAP,78446300.0,1757303597704
2025-09-08 03:53:17.717000+00:00,ACT-USDT-SWAP,83888012.0,1757303597717
2025-09-08 03:53:17.712000+00:00,ADA-USDT-SWAP,79877810.00000006,1757303597712
2025-09-08 03:53:17.730000+00:00,AERO-USDT-SWAP,1662470.0,1757303597730
2025-09-08 03:53:17.712000+00:00,AEVO-USDT-SWAP,12673159.0,1757303597712
2025-09-08 03:53:18.088000+00:00,AGLD-USDT-SWAP,1932690.0,1757303598088
2025-09-08 03:53:18.538000+00:00,AI16Z-USDT-SWAP,49867738.0,1757303598538
2025-09-08 03:53:18.527000+00:00,AIXBT-USDT-SWAP,23444920.0,1757303598527
2025-09-08 03:53:18.525000+00:00,ALCH-USDT-SWAP,22977250.0,1757303598525
2025-09-08 03:53:18.522000+00:00,ALGO-USDT-SWAP,27995500.0,1757303598522
2025-09-08 03:53:18.519000+00:00,ANIME-USDT-SWAP,106223740.0,1757303598519
2025-09-08 03:53:18.530000+00:00,APE-USDT-SWAP,8331810.8,1757303598530
2025-09-08 03:53:18.542000+00:00,API3-USDT-SWAP,3698282.0,1757303598542
2025-09-08 03:53:18.518000+00:00,APT-USDT-SWAP,3620868.0,1757303598518
2025-09-08 03:53:18.537000+00:00,AR-USDT-SWAP,529323.1,1757303598537
2025-09-08 03:53:18.529000+00:00,ARB-USDT-SWAP,33797507.99999999,1757303598529
2025-09-08 03:53:18.958000+00:00,ARC-USDT-SWAP,61115120.0,1757303598958
2025-09-08 03:53:18.970000+00:00,ARKM-USDT-SWAP,3608055.0,1757303598970
2025-09-08 03:53:18.974000+00:00,ATH-USDT-SWAP,141549700.0,1757303598974
2025-09-08 03:53:18.972000+00:00,ATOM-USDT-SWAP,1907980.0,1757303598972
2025-09-08 03:53:18.965000+00:00,AUCTION-USDT-SWAP,214629.4,1757303598965
2025-09-08 03:53:18.966000+00:00,AVAAI-USDT-SWAP,53660660.0,1757303598966
2025-09-08 03:53:18.969000+00:00,AVAX-USDT-SWAP,1894287.7999999998,1757303598969
2025-09-08 03:53:18.971000+00:00,AXS-USDT-SWAP,1175572.7,1757303598971
2025-09-08 03:53:18.988000+00:00,BABY-USDT-SWAP,39191690.0,1757303598988
2025-09-08 03:53:19.001000+00:00,BAND-USDT-SWAP,1525133.0,1757303599001
2025-09-08 03:53:19.433000+00:00,BAT-USDT-SWAP,5611630.0,1757303599433
2025-09-08 03:53:19.420000+00:00,BCH-USDT-SWAP,82432.01999999997,1757303599420
2025-09-08 03:53:19.426000+00:00,BERA-USDT-SWAP,2328258.9,1757303599426
2025-09-08 03:53:19.432000+00:00,BICO-USDT-SWAP,6581260.0,1757303599432
2025-09-08 03:53:19.415000+00:00,BIGTIME-USDT-SWAP,42103700.0,1757303599415
2025-09-08 03:53:19.435000+00:00,BIO-USDT-SWAP,70739757.0,1757303599435
2025-09-08 03:53:19.442000+00:00,BLUR-USDT-SWAP,25185420.0,1757303599442
2025-09-08 03:53:19.836000+00:00,BNB-USDT-SWAP,96555.13,1757303599836
2025-09-08 03:53:19.421000+00:00,BNT-USDT-SWAP,737500.0,1757303599421
2025-09-08 03:53:19.433000+00:00,BOME-USDT-SWAP,1390948000.0,1757303599433
2025-09-08 03:53:20.261000+00:00,BONK-USDT-SWAP,512053700000.0,1757303600261
2025-09-08 03:53:20.275000+00:00,BRETT-USDT-SWAP,12856600.0,1757303600275
2025-09-08 03:53:20.261000+00:00,BTC-USDT-SWAP,26501.97670000006,1757303600261
2025-09-08 03:53:20.283000+00:00,CAT-USDT-SWAP,197828800000.0,1757303600283
2025-09-08 03:53:20.259000+00:00,CATI-USDT-SWAP,17373978.0,1757303600259
2025-09-08 03:53:20.269000+00:00,CELO-USDT-SWAP,4424975.0,1757303600269
2025-09-08 03:53:20.265000+00:00,CETUS-USDT-SWAP,17819740.0,1757303600265
2025-09-08 03:53:20.278000+00:00,CFX-USDT-SWAP,76593750.0,1757303600278
2025-09-08 03:53:20.263000+00:00,CHZ-USDT-SWAP,80099620.0,1757303600263
2025-09-08 03:53:20.268000+00:00,COMP-USDT-SWAP,93712.3,1757303600268
2025-09-08 03:53:20.705000+00:00,COOKIE-USDT-SWAP,4397690.0,1757303600705
2025-09-08 03:53:20.700000+00:00,CORE-USDT-SWAP,9795637.0,1757303600700
2025-09-08 03:53:20.699000+00:00,CRO-USDT-SWAP,63790730.0,1757303600699
2025-09-08 03:53:20.707000+00:00,CRV-USDT-SWAP,25707024.0,1757303600707
2025-09-08 03:53:20.703000+00:00,CTC-USDT-SWAP,1713150.0,1757303600703
2025-09-08 03:53:20.721000+00:00,CVC-USDT-SWAP,9639100.0,1757303600721
2025-09-08 03:53:20.722000+00:00,CVX-USDT-SWAP,297526.0,1757303600722
2025-09-08 03:53:20.723000+00:00,DEGEN-USDT-SWAP,304772800.0,1757303600723
2025-09-08 03:53:20.709000+00:00,DGB-USDT-SWAP,49153400.0,1757303600709
2025-09-08 03:53:20.713000+00:00,DOG-USDT-SWAP,544711000.0,1757303600713
2025-09-08 03:53:21.177000+00:00,DOGE-USDT-SWAP,1566595820.0,1757303601177
2025-09-08 03:53:21.155000+00:00,DOGS-USDT-SWAP,18412518000.0,1757303601155
2025-09-08 03:53:21.147000+00:00,DOOD-USDT-SWAP,137879000.0,1757303601147
2025-09-08 03:53:21.155000+00:00,DOT-USDT-SWAP,6790821.0,1757303601155
2025-09-08 03:53:21.150000+00:00,DUCK-USDT-SWAP,834427800.0,1757303601150
2025-09-08 03:53:21.149000+00:00,DYDX-USDT-SWAP,9163751.0,1757303601149
2025-09-08 03:53:21.153000+00:00,EGLD-USDT-SWAP,99080.0,1757303601153
2025-09-08 03:53:21.155000+00:00,EIGEN-USDT-SWAP,4001455.0,1757303601155
2025-09-08 03:53:21.173000+00:00,ENJ-USDT-SWAP,12976050.0,1757303601173
2025-09-08 03:53:21.159000+00:00,ENS-USDT-SWAP,365226.0,1757303601159
2025-09-08 03:53:21.609000+00:00,ETC-USDT-SWAP,1084120.2000000004,1757303601609
2025-09-08 03:53:21.627000+00:00,ETH-USDT-SWAP,727395.575000002,1757303601627
2025-09-08 03:53:21.596000+00:00,ETHFI-USDT-SWAP,8500260.0,1757303601596
2025-09-08 03:53:21.604000+00:00,ETHW-USDT-SWAP,1292252.4,1757303601604
2025-09-08 03:53:21.605000+00:00,FARTCOIN-USDT-SWAP,20755879.0,1757303601605
2025-09-08 03:53:21.621000+00:00,FIL-USDT-SWAP,14381143.0,1757303601621
2025-09-08 03:53:21.607000+00:00,FLM-USDT-SWAP,26054880.0,1757303601607
2025-09-08 03:53:21.602000+00:00,FLOKI-USDT-SWAP,40925100000.0,1757303601602
2025-09-08 03:53:21.610000+00:00,FLOW-USDT-SWAP,4536410.0,1757303601610
2025-09-08 03:53:21.614000+00:00,FXS-USDT-SWAP,245778.0,1757303601614
2025-09-08 03:53:22.061000+00:00,GALA-USDT-SWAP,441420740.0,1757303602061
2025-09-08 03:53:22.059000+00:00,GAS-USDT-SWAP,465662.0,1757303602059
2025-09-08 03:53:22.052000+00:00,GLM-USDT-SWAP,2717160.0,1757303602052
2025-09-08 03:53:22.071000+00:00,GMT-USDT-SWAP,47207285.0,1757303602071
2025-09-08 03:53:22.053000+00:00,GMX-USDT-SWAP,72694.1,1757303602053
2025-09-08 03:53:22.059000+00:00,GOAT-USDT-SWAP,25833220.0,1757303602059
2025-09-08 03:53:22.065000+00:00,GODS-USDT-SWAP,6493533.0,1757303602065
2025-09-08 03:53:22.060000+00:00,GPS-USDT-SWAP,237045200.0,1757303602060
2025-09-08 03:53:22.068000+00:00,GRASS-USDT-SWAP,2755954.0,1757303602068
2025-09-08 03:53:22.067000+00:00,GRIFFAIN-USDT-SWAP,24916440.0,1757303602067
2025-09-08 03:53:22.510000+00:00,GRT-USDT-SWAP,21824490.0,1757303602510
2025-09-08 03:53:22.492000+00:00,H-USDT-SWAP,62275600.0,1757303602492
2025-09-08 03:53:22.497000+00:00,HBAR-USDT-SWAP,74383350.0,1757303602497
2025-09-08 03:53:22.508000+00:00,HMSTR-USDT-SWAP,944729400.0,1757303602508
2025-09-08 03:53:22.489000+00:00,HOME-USDT-SWAP,22881700.0,1757303602489
2025-09-08 03:53:22.512000+00:00,HUMA-USDT-SWAP,93619200.0,1757303602512
2025-09-08 03:53:22.495000+00:00,HYPE-USDT-SWAP,803638.1,1757303602495
2025-09-08 03:53:22.508000+00:00,ICP-USDT-SWAP,1243522.07,1757303602508
2025-09-08 03:53:22.496000+00:00,ICX-USDT-SWAP,6419500.0,1757303602496
2025-09-08 03:53:22.513000+00:00,IMX-USDT-SWAP,6404804.0,1757303602513
2025-09-08 03:53:22.966000+00:00,INIT-USDT-SWAP,2437860.0,1757303602966
2025-09-08 03:53:22.952000+00:00,INJ-USDT-SWAP,878192.1,1757303602952
2025-09-08 03:53:22.968000+00:00,IOST-USDT-SWAP,315041000.0,1757303602968
2025-09-08 03:53:22.971000+00:00,IOTA-USDT-SWAP,15972030.0,1757303602971
2025-09-08 03:53:22.946000+00:00,IP-USDT-SWAP,3413724.0,1757303602946
2025-09-08 03:53:22.969000+00:00,JELLYJELLY-USDT-SWAP,219958000.0,1757303602969
2025-09-08 03:53:22.963000+00:00,JOE-USDT-SWAP,7110650.0,1757303602963
2025-09-08 03:53:22.960000+00:00,JTO-USDT-SWAP,2922692.0,1757303602960
2025-09-08 03:53:22.976000+00:00,JUP-USDT-SWAP,15073010.0,1757303602976
2025-09-08 03:53:23.408000+00:00,KAITO-USDT-SWAP,3322629.0,1757303603408
2025-09-08 03:53:23.406000+00:00,KMNO-USDT-SWAP,18467800.0,1757303603406
2025-09-08 03:53:23.403000+00:00,KSM-USDT-SWAP,127454.5,1757303603403
2025-09-08 03:53:23.396000+00:00,LA-USDT-SWAP,2945300.0,1757303603396
2025-09-08 03:53:23.398000+00:00,LAUNCHCOIN-USDT-SWAP,38903230.0,1757303603398
2025-09-08 03:53:23.422000+00:00,LAYER-USDT-SWAP,5801826.0,1757303603422
2025-09-08 03:53:23.413000+00:00,LDO-USDT-SWAP,14403663.0,1757303603413
2025-09-08 03:53:23.411000+00:00,LINK-USDT-SWAP,2499151.1,1757303603411
2025-09-08 03:53:23.406000+00:00,LPT-USDT-SWAP,856035.9,1757303603406
2025-09-08 03:53:23.404000+00:00,LQTY-USDT-SWAP,1577875.0,1757303603404
2025-09-08 03:53:23.843000+00:00,LRC-USDT-SWAP,16703690.0,1757303603843
2025-09-08 03:53:23.843000+00:00,LTC-USDT-SWAP,632657.9000000001,1757303603843
2025-09-08 03:53:23.845000+00:00,LUNA-USDT-SWAP,15311166.0,1757303603845
2025-09-08 03:53:23.852000+00:00,LUNC-USDT-SWAP,32777010000.0,1757303603852
2025-09-08 03:53:23.851000+00:00,MAGIC-USDT-SWAP,19975855.0,1757303603851
2025-09-08 03:53:23.865000+00:00,MAJOR-USDT-SWAP,4833186.0,1757303603865
2025-09-08 03:53:23.860000+00:00,MANA-USDT-SWAP,11608790.0,1757303603860
2025-09-08 03:53:23.844000+00:00,MASK-USDT-SWAP,3138230.0,1757303603844
2025-09-08 03:53:23.852000+00:00,ME-USDT-SWAP,3099914.0,1757303603852
2025-09-08 03:53:23.855000+00:00,MEME-USDT-SWAP,1720287300.0,1757303603855
2025-09-08 03:53:24.295000+00:00,MERL-USDT-SWAP,55998704.0,1757303604295
2025-09-08 03:53:24.283000+00:00,METIS-USDT-SWAP,97447.9,1757303604283
2025-09-08 03:53:24.292000+00:00,MEW-USDT-SWAP,1008329000.0,1757303604292
2025-09-08 03:53:24.288000+00:00,MINA-USDT-SWAP,7592719.0,1757303604288
2025-09-08 03:53:24.284000+00:00,MOG-USDT-SWAP,599949000000.0,1757303604284
2025-09-08 03:53:24.285000+00:00,MOODENG-USDT-SWAP,45759310.0,1757303604285
2025-09-08 03:53:24.297000+00:00,MORPHO-USDT-SWAP,1362151.0,1757303604297
2025-09-08 03:53:24.299000+00:00,MOVE-USDT-SWAP,28816830.0,1757303604299
2025-09-08 03:53:24.307000+00:00,MUBARAK-USDT-SWAP,13960000.0,1757303604307
2025-09-08 03:53:24.733000+00:00,NEAR-USDT-SWAP,5346278.0,1757303604733
2025-09-08 03:53:24.734000+00:00,NEIRO-USDT-SWAP,8719244000.0,1757303604734
2025-09-08 03:53:24.730000+00:00,NEIROETH-USDT-SWAP,29945800.0,1757303604730
2025-09-08 03:53:24.736000+00:00,NEO-USDT-SWAP,300154.0,1757303604736
2025-09-08 03:53:24.734000+00:00,NEWT-USDT-SWAP,3736540.0,1757303604734
2025-09-08 03:53:24.740000+00:00,NMR-USDT-SWAP,571613.6,1757303604740
2025-09-08 03:53:24.728000+00:00,NOT-USDT-SWAP,1738693700.0,1757303604728
2025-09-08 03:53:24.731000+00:00,NXPC-USDT-SWAP,860235.0,1757303604731
2025-09-08 03:53:24.857000+00:00,OL-USDT-SWAP,89046380.0,1757303604857
2025-09-08 03:53:24.749000+00:00,OM-USDT-SWAP,26711820.0,1757303604749
2025-09-08 03:53:25.276000+00:00,ONDO-USDT-SWAP,19572290.0,1757303605276
2025-09-08 03:53:25.273000+00:00,ONE-USDT-SWAP,79876200.0,1757303605273
2025-09-08 03:53:25.275000+00:00,ONT-USDT-SWAP,13449330.0,1757303605275
2025-09-08 03:53:25.294000+00:00,OP-USDT-SWAP,20693311.0,1757303605294
2025-09-08 03:53:25.276000+00:00,ORBS-USDT-SWAP,27790800.0,1757303605276
2025-09-08 03:53:25.277000+00:00,ORDI-USDT-SWAP,1200104.4,1757303605277
2025-09-08 03:53:25.278000+00:00,PARTI-USDT-SWAP,13275930.0,1757303605278
2025-09-08 03:53:25.278000+00:00,PENGU-USDT-SWAP,593816100.0,1757303605278
2025-09-08 03:53:25.274000+00:00,PEOPLE-USDT-SWAP,305396200.0,1757303605274
2025-09-08 03:53:25.289000+00:00,PEPE-USDT-SWAP,6714504000000.001,1757303605289
2025-09-08 03:53:25.764000+00:00,PERP-USDT-SWAP,2502617.0,1757303605764
2025-09-08 03:53:25.750000+00:00,PI-USDT-SWAP,31478438.0,1757303605750
2025-09-08 03:53:25.756000+00:00,PLUME-USDT-SWAP,16307430.0,1757303605756
2025-09-08 03:53:25.781000+00:00,PNUT-USDT-SWAP,38108830.0,1757303605781
2025-09-08 03:53:25.758000+00:00,POL-USDT-SWAP,38154920.0,1757303605758
2025-09-08 03:53:25.769000+00:00,POPCAT-USDT-SWAP,10448460.0,1757303605769
2025-09-08 03:53:25.767000+00:00,PRCL-USDT-SWAP,17611368.0,1757303605767
2025-09-08 03:53:25.762000+00:00,PROMPT-USDT-SWAP,32859640.0,1757303605762
2025-09-08 03:53:25.764000+00:00,PUMP-USDT-SWAP,6872121000.0,1757303605764
2025-09-08 03:53:25.801000+00:00,PYTH-USDT-SWAP,46604970.0,1757303605801
2025-09-08 03:53:26.237000+00:00,QTUM-USDT-SWAP,1247461.0,1757303606237
2025-09-08 03:53:26.226000+00:00,RAY-USDT-SWAP,957535.0,1757303606226
2025-09-08 03:53:26.229000+00:00,RENDER-USDT-SWAP,1354268.0,1757303606229
2025-09-08 03:53:26.228000+00:00,RESOLV-USDT-SWAP,27373430.0,1757303606228
2025-09-08 03:53:26.231000+00:00,RSR-USDT-SWAP,253418300.0,1757303606231
2025-09-08 03:53:26.241000+00:00,RVN-USDT-SWAP,80222900.0,1757303606241
2025-09-08 03:53:26.638000+00:00,S-USDT-SWAP,13490600.0,1757303606638
2025-09-08 03:53:26.251000+00:00,SAHARA-USDT-SWAP,56520260.0,1757303606251
2025-09-08 03:53:26.242000+00:00,SAND-USDT-SWAP,19656240.0,1757303606242
2025-09-08 03:53:26.245000+00:00,SATS-USDT-SWAP,175202010000000.0,1757303606245
2025-09-08 03:53:27.084000+00:00,SCR-USDT-SWAP,3301306.0,1757303607084
2025-09-08 03:53:27.060000+00:00,SHELL-USDT-SWAP,5803190.0,1757303607060
2025-09-08 03:53:27.069000+00:00,SHIB-USDT-SWAP,1428782200000.0,1757303607069
2025-09-08 03:53:27.070000+00:00,SIGN-USDT-SWAP,46279500.0,1757303607070
2025-09-08 03:53:27.057000+00:00,SLP-USDT-SWAP,448232000.0,1757303607057
2025-09-08 03:53:27.073000+00:00,SNX-USDT-SWAP,2560404.0,1757303607073
2025-09-08 03:53:27.060000+00:00,SOL-USDT-SWAP,3300246.4000000022,1757303607060
2025-09-08 03:53:27.066000+00:00,SOLV-USDT-SWAP,59090300.0,1757303607066
2025-09-08 03:53:27.064000+00:00,SONIC-USDT-SWAP,7525624.0,1757303607064
2025-09-08 03:53:27.089000+00:00,SOON-USDT-SWAP,14330190.0,1757303607089
2025-09-08 03:53:27.508000+00:00,SOPH-USDT-SWAP,87756400.0,1757303607508
2025-09-08 03:53:27.518000+00:00,SPK-USDT-SWAP,152632000.0,1757303607518
2025-09-08 03:53:27.520000+00:00,SPX-USDT-SWAP,1213631.0,1757303607520
2025-09-08 03:53:27.552000+00:00,SSV-USDT-SWAP,309939.4,1757303607552
2025-09-08 03:53:27.514000+00:00,STORJ-USDT-SWAP,5563950.0,1757303607514
2025-09-08 03:53:27.517000+00:00,STRK-USDT-SWAP,25252522.0,1757303607517
2025-09-08 03:53:27.522000+00:00,STX-USDT-SWAP,6743076.0,1757303607522
2025-09-08 03:53:27.522000+00:00,SUI-USDT-SWAP,20740997.0,1757303607522
2025-09-08 03:53:27.510000+00:00,SUSHI-USDT-SWAP,8379823.0,1757303607510
2025-09-08 03:53:27.521000+00:00,SWARMS-USDT-SWAP,82507070.0,1757303607521
2025-09-08 03:53:27.980000+00:00,SYRUP-USDT-SWAP,3328310.0,1757303607980
2025-09-08 03:53:27.979000+00:00,T-USDT-SWAP,39637800.0,1757303607979
2025-09-08 03:53:27.977000+00:00,TAO-USDT-SWAP,15151.35,1757303607977
2025-09-08 03:53:28.005000+00:00,THETA-USDT-SWAP,2591795.9999999995,1757303608005
2025-09-08 03:53:27.980000+00:00,TIA-USDT-SWAP,5407969.0,1757303607980
2025-09-08 03:53:27.992000+00:00,TNSR-USDT-SWAP,8181158.0,1757303607992
2025-09-08 03:53:27.982000+00:00,TON-USDT-SWAP,9458261.0,1757303607982
2025-09-08 03:53:27.993000+00:00,TRB-USDT-SWAP,274205.5,1757303607993
2025-09-08 03:53:27.982000+00:00,TREE-USDT-SWAP,6609946.0,1757303607982
2025-09-08 03:53:27.986000+00:00,TRUMP-USDT-SWAP,5409252.6,1757303607986
2025-09-08 03:53:28.422000+00:00,TRX-USDT-SWAP,107456780.00000004,1757303608422
2025-09-08 03:53:28.427000+00:00,TURBO-USDT-SWAP,799692000.0000001,1757303608427
2025-09-08 03:53:28.421000+00:00,UMA-USDT-SWAP,1469658.1,1757303608421
2025-09-08 03:53:28.438000+00:00,UNI-USDT-SWAP,3228938.0,1757303608438
2025-09-08 03:53:28.425000+00:00,USDC-USDT-SWAP,1100200.0,1757303608425
2025-09-08 03:53:28.436000+00:00,USELESS-USDT-SWAP,15032590.0,1757303608436
2025-09-08 03:53:28.439000+00:00,USTC-USDT-SWAP,138270700.0,1757303608439
2025-09-08 03:53:28.426000+00:00,UXLINK-USDT-SWAP,6310100.0,1757303608426
2025-09-08 03:53:28.428000+00:00,VANA-USDT-SWAP,134713.0,1757303608428
2025-09-08 03:53:28.425000+00:00,VINE-USDT-SWAP,102925470.0,1757303608425
2025-09-08 03:53:28.871000+00:00,VIRTUAL-USDT-SWAP,3340411.0,1757303608871
2025-09-08 03:53:28.864000+00:00,W-USDT-SWAP,48148132.0,1757303608864
2025-09-08 03:53:28.868000+00:00,WAL-USDT-SWAP,2116070.0,1757303608868
2025-09-08 03:53:28.870000+00:00,WAXP-USDT-SWAP,28395600.0,1757303608870
2025-09-08 03:53:28.875000+00:00,WCT-USDT-SWAP,10416950.0,1757303608875
2025-09-08 03:53:28.998000+00:00,WIF-USDT-SWAP,16846793.0,1757303608998
2025-09-08 03:53:28.862000+00:00,WLD-USDT-SWAP,38897776.0,1757303608862
2025-09-08 03:53:28.900000+00:00,WLFI-USDT-SWAP,291886820.0,1757303608900
2025-09-08 03:53:28.880000+00:00,WOO-USDT-SWAP,15241520.0,1757303608880
2025-09-08 03:53:28.880000+00:00,XAUT-USDT-SWAP,5675.421,1757303608880
2025-09-08 03:53:29.426000+00:00,XLM-USDT-SWAP,39120799.99999999,1757303609426
2025-09-08 03:53:29.424000+00:00,XPL-USDT-SWAP,6954960.0,1757303609424
2025-09-08 03:53:29.433000+00:00,XRP-USDT-SWAP,92143807.0,1757303609433
2025-09-08 03:53:29.428000+00:00,XTZ-USDT-SWAP,5559371.0,1757303609428
2025-09-08 03:53:29.421000+00:00,YFI-USDT-SWAP,364.6305,1757303609421
2025-09-08 03:53:29.426000+00:00,YGG-USDT-SWAP,28083336.0,1757303609426
2025-09-08 03:53:29.424000+00:00,ZENT-USDT-SWAP,211184500.0,1757303609424
2025-09-08 03:53:29.426000+00:00,ZEREBRO-USDT-SWAP,80283610.0,1757303609426
2025-09-08 03:53:29.420000+00:00,ZETA-USDT-SWAP,5780070.0,1757303609420
2025-09-08 03:53:29.433000+00:00,ZIL-USDT-SWAP,160728800.0,1757303609433
2025-09-08 03:53:29.854000+00:00,ZK-USDT-SWAP,49638110.0,1757303609854
2025-09-08 03:53:29.858000+00:00,ZRO-USDT-SWAP,2087245.0,1757303609858
2025-09-08 03:53:29.848000+00:00,ZRX-USDT-SWAP,8665760.0,1757303609848
2025-09-08 03:54:30.576000+00:00,1INCH-USDT-SWAP,8304887.0,1757303670576
2025-09-08 03:54:30.545000+00:00,A-USDT-SWAP,9652680.0,1757303670545
2025-09-08 03:54:30.580000+00:00,AAVE-USDT-SWAP,130579.32000000004,1757303670580
2025-09-08 03:54:30.578000+00:00,ACE-USDT-SWAP,1963813.0,1757303670578
2025-09-08 03:54:30.581000+00:00,ACH-USDT-SWAP,78446300.0,1757303670581
2025-09-08 03:54:30.586000+00:00,ACT-USDT-SWAP,83871181.0,1757303670586
2025-09-08 03:54:30.570000+00:00,ADA-USDT-SWAP,79869200.00000006,1757303670570
2025-09-08 03:54:30.602000+00:00,AERO-USDT-SWAP,1662680.0,1757303670602
2025-09-08 03:54:30.573000+00:00,AEVO-USDT-SWAP,12683747.0,1757303670573
2025-09-08 03:54:30.577000+00:00,AGLD-USDT-SWAP,1932680.0,1757303670577
2025-09-08 03:54:31.059000+00:00,AI16Z-USDT-SWAP,49935162.0,1757303671059
2025-09-08 03:54:31.180000+00:00,AIXBT-USDT-SWAP,23442920.0,1757303671180
2025-09-08 03:54:31.041000+00:00,ALCH-USDT-SWAP,22978530.0,1757303671041
2025-09-08 03:54:31.037000+00:00,ALGO-USDT-SWAP,27994160.0,1757303671037
2025-09-08 03:54:31.036000+00:00,ANIME-USDT-SWAP,106218750.0,1757303671036
2025-09-08 03:54:31.040000+00:00,APE-USDT-SWAP,8331710.4,1757303671040
2025-09-08 03:54:31.042000+00:00,API3-USDT-SWAP,3705220.0,1757303671042
2025-09-08 03:54:31.171000+00:00,APT-USDT-SWAP,3617612.0,1757303671171
2025-09-08 03:54:31.044000+00:00,AR-USDT-SWAP,529509.1,1757303671044
2025-09-08 03:54:31.034000+00:00,ARB-USDT-SWAP,33875118.99999999,1757303671034
2025-09-08 03:54:31.619000+00:00,ARC-USDT-SWAP,61084420.0,1757303671619
2025-09-08 03:54:31.607000+00:00,ARKM-USDT-SWAP,3606040.0,1757303671607
2025-09-08 03:54:31.604000+00:00,ATH-USDT-SWAP,141549700.0,1757303671604
2025-09-08 03:54:31.605000+00:00,ATOM-USDT-SWAP,1907975.0,1757303671605
2025-09-08 03:54:31.603000+00:00,AUCTION-USDT-SWAP,214629.0,1757303671603
2025-09-08 03:54:31.602000+00:00,AVAAI-USDT-SWAP,53661600.0,1757303671602
2025-09-08 03:54:31.610000+00:00,AVAX-USDT-SWAP,1895359.0999999996,1757303671610
2025-09-08 03:54:31.602000+00:00,AXS-USDT-SWAP,1175617.1,1757303671602
2025-09-08 03:54:31.617000+00:00,BABY-USDT-SWAP,39119340.0,1757303671617
2025-09-08 03:54:31.604000+00:00,BAND-USDT-SWAP,1525341.0,1757303671604
2025-09-08 03:54:32.055000+00:00,BAT-USDT-SWAP,5611410.0,1757303672055
2025-09-08 03:54:32.041000+00:00,BCH-USDT-SWAP,82440.84999999998,1757303672041
2025-09-08 03:54:32.042000+00:00,BERA-USDT-SWAP,2333954.5,1757303672042
2025-09-08 03:54:32.044000+00:00,BICO-USDT-SWAP,6580737.0,1757303672044
2025-09-08 03:54:32.105000+00:00,BIGTIME-USDT-SWAP,42102750.0,1757303672105
2025-09-08 03:54:32.066000+00:00,BIO-USDT-SWAP,70518025.0,1757303672066
2025-09-08 03:54:32.056000+00:00,BLUR-USDT-SWAP,25187770.0,1757303672056
2025-09-08 03:54:32.057000+00:00,BNB-USDT-SWAP,96540.67,1757303672057
2025-09-08 03:54:32.041000+00:00,BNT-USDT-SWAP,737530.0,1757303672041
2025-09-08 03:54:32.049000+00:00,BOME-USDT-SWAP,1390479000.0,1757303672049
2025-09-08 03:54:32.539000+00:00,BONK-USDT-SWAP,512162400000.0,1757303672539
2025-09-08 03:54:32.925000+00:00,BRETT-USDT-SWAP,12855500.0,1757303672925
2025-09-08 03:54:32.530000+00:00,BTC-USDT-SWAP,26501.65020000006,1757303672530
2025-09-08 03:54:32.537000+00:00,CAT-USDT-SWAP,197823600000.0,1757303672537
2025-09-08 03:54:32.531000+00:00,CATI-USDT-SWAP,17378911.0,1757303672531
2025-09-08 03:54:32.525000+00:00,CELO-USDT-SWAP,4424861.0,1757303672525
2025-09-08 03:54:32.539000+00:00,CETUS-USDT-SWAP,17819210.0,1757303672539
2025-09-08 03:54:32.929000+00:00,CFX-USDT-SWAP,76594630.0,1757303672929
2025-09-08 03:54:32.527000+00:00,CHZ-USDT-SWAP,80104270.0,1757303672527
2025-09-08 03:54:32.532000+00:00,COMP-USDT-SWAP,93990.1,1757303672532
2025-09-08 03:54:33.500000+00:00,COOKIE-USDT-SWAP,4392950.0,1757303673500
2025-09-08 03:54:33.364000+00:00,CORE-USDT-SWAP,9795636.0,1757303673364
2025-09-08 03:54:33.367000+00:00,CRO-USDT-SWAP,63726610.0,1757303673367
2025-09-08 03:54:33.372000+00:00,CRV-USDT-SWAP,25716476.0,1757303673372
2025-09-08 03:54:33.361000+00:00,CTC-USDT-SWAP,1713450.0,1757303673361
2025-09-08 03:54:33.433000+00:00,CVC-USDT-SWAP,9639100.0,1757303673433
2025-09-08 03:54:33.373000+00:00,CVX-USDT-SWAP,297446.0,1757303673373
2025-09-08 03:54:33.355000+00:00,DEGEN-USDT-SWAP,304715700.0,1757303673355
2025-09-08 03:54:33.365000+00:00,DGB-USDT-SWAP,49153700.0,1757303673365
2025-09-08 03:54:33.369000+00:00,DOG-USDT-SWAP,544709000.0,1757303673369
2025-09-08 03:54:33.936000+00:00,DOGE-USDT-SWAP,1566793840.0,1757303673936
2025-09-08 03:54:33.930000+00:00,DOGS-USDT-SWAP,18412502000.0,1757303673930
2025-09-08 03:54:33.939000+00:00,DOOD-USDT-SWAP,137722000.0,1757303673939
2025-09-08 03:54:33.924000+00:00,DOT-USDT-SWAP,6791670.0,1757303673924
2025-09-08 03:54:33.929000+00:00,DUCK-USDT-SWAP,834407300.0,1757303673929
2025-09-08 03:54:33.931000+00:00,DYDX-USDT-SWAP,9149284.0,1757303673931
2025-09-08 03:54:33.937000+00:00,EGLD-USDT-SWAP,99111.3,1757303673937
2025-09-08 03:54:33.921000+00:00,EIGEN-USDT-SWAP,4003017.0,1757303673921
2025-09-08 03:54:33.922000+00:00,ENJ-USDT-SWAP,12972720.0,1757303673922
2025-09-08 03:54:33.930000+00:00,ENS-USDT-SWAP,365299.7,1757303673930
2025-09-08 03:54:34.416000+00:00,ETC-USDT-SWAP,1083826.8000000003,1757303674416
2025-09-08 03:54:34.427000+00:00,ETH-USDT-SWAP,727407.368000002,1757303674427
2025-09-08 03:54:34.436000+00:00,ETHFI-USDT-SWAP,8502227.0,1757303674436
2025-09-08 03:54:34.432000+00:00,ETHW-USDT-SWAP,1292126.2,1757303674432
2025-09-08 03:54:34.422000+00:00,FARTCOIN-USDT-SWAP,20742188.0,1757303674422
2025-09-08 03:54:34.454000+00:00,FIL-USDT-SWAP,14390505.7,1757303674454
2025-09-08 03:54:34.443000+00:00,FLM-USDT-SWAP,26080640.0,1757303674443
2025-09-08 03:54:34.425000+00:00,FLOKI-USDT-SWAP,40919700000.0,1757303674425
2025-09-08 03:54:34.426000+00:00,FLOW-USDT-SWAP,4536530.0,1757303674426
2025-09-08 03:54:34.446000+00:00,FXS-USDT-SWAP,245786.0,1757303674446
2025-09-08 03:54:34.908000+00:00,GALA-USDT-SWAP,441646500.0,1757303674908
2025-09-08 03:54:34.899000+00:00,GAS-USDT-SWAP,465662.0,1757303674899
2025-09-08 03:54:34.911000+00:00,GLM-USDT-SWAP,2717160.0,1757303674911
2025-09-08 03:54:34.906000+00:00,GMT-USDT-SWAP,47212792.0,1757303674906
2025-09-08 03:54:34.906000+00:00,GMX-USDT-SWAP,72693.9,1757303674906
2025-09-08 03:54:34.906000+00:00,GOAT-USDT-SWAP,25818940.0,1757303674906
2025-09-08 03:54:34.939000+00:00,GODS-USDT-SWAP,6493533.0,1757303674939
2025-09-08 03:54:34.907000+00:00,GPS-USDT-SWAP,234352640.0,1757303674907
2025-09-08 03:54:34.899000+00:00,GRASS-USDT-SWAP,2756394.0,1757303674899
2025-09-08 03:54:34.907000+00:00,GRIFFAIN-USDT-SWAP,24914810.0,1757303674907
2025-09-08 03:54:35.361000+00:00,GRT-USDT-SWAP,21803480.0,1757303675361
2025-09-08 03:54:35.353000+00:00,H-USDT-SWAP,62270900.0,1757303675353
2025-09-08 03:54:35.366000+00:00,HBAR-USDT-SWAP,74383170.0,1757303675366
2025-09-08 03:54:35.368000+00:00,HMSTR-USDT-SWAP,944568600.0,1757303675368
2025-09-08 03:54:35.367000+00:00,HOME-USDT-SWAP,22848000.0,1757303675367
2025-09-08 03:54:35.358000+00:00,HUMA-USDT-SWAP,93568400.0,1757303675358
2025-09-08 03:54:35.382000+00:00,HYPE-USDT-SWAP,803838.4,1757303675382
2025-09-08 03:54:35.357000+00:00,ICP-USDT-SWAP,1243444.87,1757303675357
2025-09-08 03:54:35.372000+00:00,ICX-USDT-SWAP,6419540.0,1757303675372
2025-09-08 03:54:35.377000+00:00,IMX-USDT-SWAP,6402545.0,1757303675377
2025-09-08 03:54:35.811000+00:00,INIT-USDT-SWAP,2437080.0,1757303675811
2025-09-08 03:54:35.804000+00:00,INJ-USDT-SWAP,878213.4,1757303675804
2025-09-08 03:54:35.809000+00:00,IOST-USDT-SWAP,315073000.0,1757303675809
2025-09-08 03:54:35.804000+00:00,IOTA-USDT-SWAP,15973590.0,1757303675804
2025-09-08 03:54:35.822000+00:00,IP-USDT-SWAP,3404841.0,1757303675822
2025-09-08 03:54:35.818000+00:00,JELLYJELLY-USDT-SWAP,220357100.0,1757303675818
2025-09-08 03:54:35.832000+00:00,JOE-USDT-SWAP,7111770.0,1757303675832
2025-09-08 03:54:35.812000+00:00,JTO-USDT-SWAP,2922557.0,1757303675812
2025-09-08 03:54:35.814000+00:00,JUP-USDT-SWAP,15092190.0,1757303675814
2025-09-08 03:54:36.267000+00:00,KAITO-USDT-SWAP,3327341.0,1757303676267
2025-09-08 03:54:36.260000+00:00,KMNO-USDT-SWAP,18466300.0,1757303676260
2025-09-08 03:54:36.264000+00:00,KSM-USDT-SWAP,127421.7,1757303676264
2025-09-08 03:54:36.265000+00:00,LA-USDT-SWAP,2937830.0,1757303676265
2025-09-08 03:54:36.269000+00:00,LAUNCHCOIN-USDT-SWAP,38899770.0,1757303676269
2025-09-08 03:54:36.292000+00:00,LAYER-USDT-SWAP,5801827.0,1757303676292
2025-09-08 03:54:36.277000+00:00,LDO-USDT-SWAP,14402696.0,1757303676277
2025-09-08 03:54:36.257000+00:00,LINK-USDT-SWAP,2499796.0,1757303676257
2025-09-08 03:54:36.261000+00:00,LPT-USDT-SWAP,856004.7,1757303676261
2025-09-08 03:54:36.261000+00:00,LQTY-USDT-SWAP,1577691.0,1757303676261
2025-09-08 03:54:36.730000+00:00,LRC-USDT-SWAP,16701890.0,1757303676730
2025-09-08 03:54:36.711000+00:00,LTC-USDT-SWAP,632652.7000000002,1757303676711
2025-09-08 03:54:36.714000+00:00,LUNA-USDT-SWAP,15306661.0,1757303676714
2025-09-08 03:54:36.727000+00:00,LUNC-USDT-SWAP,32778800000.0,1757303676727
2025-09-08 03:54:36.714000+00:00,MAGIC-USDT-SWAP,19993431.0,1757303676714
2025-09-08 03:54:36.731000+00:00,MAJOR-USDT-SWAP,4833186.0,1757303676731
2025-09-08 03:54:36.723000+00:00,MANA-USDT-SWAP,11608800.0,1757303676723
2025-09-08 03:54:36.708000+00:00,MASK-USDT-SWAP,3138857.0,1757303676708
2025-09-08 03:54:36.716000+00:00,ME-USDT-SWAP,3099912.0,1757303676716
2025-09-08 03:54:36.723000+00:00,MEME-USDT-SWAP,1720298300.0,1757303676723
2025-09-08 03:54:37.149000+00:00,MERL-USDT-SWAP,56022603.0,1757303677149
2025-09-08 03:54:37.144000+00:00,METIS-USDT-SWAP,97447.9,1757303677144
2025-09-08 03:54:37.157000+00:00,MEW-USDT-SWAP,1008364000.0,1757303677157
2025-09-08 03:54:37.157000+00:00,MINA-USDT-SWAP,7594760.0,1757303677157
2025-09-08 03:54:37.152000+00:00,MOG-USDT-SWAP,599413000000.0,1757303677152
2025-09-08 03:54:37.168000+00:00,MOODENG-USDT-SWAP,45753420.0,1757303677168
2025-09-08 03:54:37.142000+00:00,MORPHO-USDT-SWAP,1362049.0,1757303677142
2025-09-08 03:54:37.170000+00:00,MOVE-USDT-SWAP,28816770.0,1757303677170
2025-09-08 03:54:37.177000+00:00,MUBARAK-USDT-SWAP,13960100.0,1757303677177
2025-09-08 03:54:37.601000+00:00,NEAR-USDT-SWAP,5346750.0,1757303677601
2025-09-08 03:54:37.586000+00:00,NEIRO-USDT-SWAP,8722692000.0,1757303677586
2025-09-08 03:54:37.597000+00:00,NEIROETH-USDT-SWAP,29913900.0,1757303677597
2025-09-08 03:54:37.609000+00:00,NEO-USDT-SWAP,300247.0,1757303677609
2025-09-08 03:54:37.615000+00:00,NEWT-USDT-SWAP,3718990.0,1757303677615
2025-09-08 03:54:37.602000+00:00,NMR-USDT-SWAP,572700.8,1757303677602
2025-09-08 03:54:37.609000+00:00,NOT-USDT-SWAP,1738682800.0,1757303677609
2025-09-08 03:54:37.597000+00:00,NXPC-USDT-SWAP,860190.0,1757303677597
2025-09-08 03:54:37.592000+00:00,OL-USDT-SWAP,89156390.0,1757303677592
2025-09-08 03:54:37.604000+00:00,OM-USDT-SWAP,26700496.999999996,1757303677604
2025-09-08 03:54:38.044000+00:00,ONDO-USDT-SWAP,19571660.0,1757303678044
2025-09-08 03:54:38.046000+00:00,ONE-USDT-SWAP,79875100.0,1757303678046
2025-09-08 03:54:38.028000+00:00,ONT-USDT-SWAP,13449510.0,1757303678028
2025-09-08 03:54:38.031000+00:00,OP-USDT-SWAP,20685792.0,1757303678031
2025-09-08 03:54:38.042000+00:00,ORBS-USDT-SWAP,27790800.0,1757303678042
2025-09-08 03:54:38.043000+00:00,ORDI-USDT-SWAP,1199563.2,1757303678043
2025-09-08 03:54:38.041000+00:00,PARTI-USDT-SWAP,13306460.0,1757303678041
2025-09-08 03:54:38.044000+00:00,PENGU-USDT-SWAP,594424100.0,1757303678044
2025-09-08 03:54:38.034000+00:00,PEOPLE-USDT-SWAP,305444700.0,1757303678034
2025-09-08 03:54:38.038000+00:00,PEPE-USDT-SWAP,6711267000000.001,1757303678038
2025-09-08 03:54:38.456000+00:00,PERP-USDT-SWAP,2503222.0,1757303678456
2025-09-08 03:54:38.464000+00:00,PI-USDT-SWAP,31465295.0,1757303678464
2025-09-08 03:54:38.465000+00:00,PLUME-USDT-SWAP,16352340.0,1757303678465
2025-09-08 03:54:38.461000+00:00,PNUT-USDT-SWAP,38122130.0,1757303678461
2025-09-08 03:54:38.471000+00:00,POL-USDT-SWAP,38146690.0,1757303678471
2025-09-08 03:54:38.474000+00:00,POPCAT-USDT-SWAP,10453260.0,1757303678474
2025-09-08 03:54:38.484000+00:00,PRCL-USDT-SWAP,17605825.0,1757303678484
2025-09-08 03:54:38.462000+00:00,PROMPT-USDT-SWAP,32895650.0,1757303678462
2025-09-08 03:54:38.471000+00:00,PUMP-USDT-SWAP,6875139000.0,1757303678471
2025-09-08 03:54:38.475000+00:00,PYTH-USDT-SWAP,46607700.0,1757303678475
2025-09-08 03:54:39.033000+00:00,QTUM-USDT-SWAP,1245663.0,1757303679033
2025-09-08 03:54:38.902000+00:00,RAY-USDT-SWAP,957381.0,1757303678902
2025-09-08 03:54:38.907000+00:00,RENDER-USDT-SWAP,1352138.0,1757303678907
2025-09-08 03:54:38.910000+00:00,RESOLV-USDT-SWAP,27342430.0,1757303678910
2025-09-08 03:54:38.928000+00:00,RSR-USDT-SWAP,253421300.0,1757303678928
2025-09-08 03:54:38.908000+00:00,RVN-USDT-SWAP,80222950.0,1757303678908
2025-09-08 03:54:38.933000+00:00,S-USDT-SWAP,13491000.0,1757303678933
2025-09-08 03:54:38.918000+00:00,SAHARA-USDT-SWAP,56515050.0,1757303678918
2025-09-08 03:54:38.912000+00:00,SAND-USDT-SWAP,19655850.0,1757303678912
2025-09-08 03:54:38.909000+00:00,SATS-USDT-SWAP,175204590000000.0,1757303678909
2025-09-08 03:54:39.461000+00:00,SCR-USDT-SWAP,3301778.0,1757303679461
2025-09-08 03:54:39.452000+00:00,SHELL-USDT-SWAP,5809980.0,1757303679452
2025-09-08 03:54:39.466000+00:00,SHIB-USDT-SWAP,1428903300000.0,1757303679466
2025-09-08 03:54:39.463000+00:00,SIGN-USDT-SWAP,46278800.0,1757303679463
2025-09-08 03:54:39.457000+00:00,SLP-USDT-SWAP,448232000.0,1757303679457
2025-09-08 03:54:39.471000+00:00,SNX-USDT-SWAP,2560803.0,1757303679471
2025-09-08 03:54:39.471000+00:00,SOL-USDT-SWAP,3299594.8800000018,1757303679471
2025-09-08 03:54:39.444000+00:00,SOLV-USDT-SWAP,59099300.0,1757303679444
2025-09-08 03:54:39.456000+00:00,SONIC-USDT-SWAP,7525590.0,1757303679456
2025-09-08 03:54:39.461000+00:00,SOON-USDT-SWAP,14109890.0,1757303679461
2025-09-08 03:54:39.907000+00:00,SOPH-USDT-SWAP,87757600.0,1757303679907
2025-09-08 03:54:39.890000+00:00,SPK-USDT-SWAP,152680100.0,1757303679890
2025-09-08 03:54:39.897000+00:00,SPX-USDT-SWAP,1215213.0,1757303679897
2025-09-08 03:54:39.897000+00:00,SSV-USDT-SWAP,310160.8,1757303679897
2025-09-08 03:54:39.896000+00:00,STORJ-USDT-SWAP,5563940.0,1757303679896
2025-09-08 03:54:39.922000+00:00,STRK-USDT-SWAP,25252536.0,1757303679922
2025-09-08 03:54:39.904000+00:00,STX-USDT-SWAP,6743206.0,1757303679904
2025-09-08 03:54:39.897000+00:00,SUI-USDT-SWAP,20740706.0,1757303679897
2025-09-08 03:54:39.896000+00:00,SUSHI-USDT-SWAP,8379716.0,1757303679896
2025-09-08 03:54:39.916000+00:00,SWARMS-USDT-SWAP,82505860.0,1757303679916
2025-09-08 03:54:40.352000+00:00,SYRUP-USDT-SWAP,3325390.0,1757303680352
2025-09-08 03:54:40.353000+00:00,T-USDT-SWAP,39637800.0,1757303680353
2025-09-08 03:54:40.347000+00:00,TAO-USDT-SWAP,15139.81,1757303680347
2025-09-08 03:54:40.352000+00:00,THETA-USDT-SWAP,2595627.9999999995,1757303680352
2025-09-08 03:54:40.357000+00:00,TIA-USDT-SWAP,5408240.0,1757303680357
2025-09-08 03:54:40.356000+00:00,TNSR-USDT-SWAP,8181161.0,1757303680356
2025-09-08 03:54:40.361000+00:00,TON-USDT-SWAP,9458327.0,1757303680361
2025-09-08 03:54:40.345000+00:00,TRB-USDT-SWAP,274227.9,1757303680345
2025-09-08 03:54:40.351000+00:00,TREE-USDT-SWAP,6623588.0,1757303680351
2025-09-08 03:54:40.354000+00:00,TRUMP-USDT-SWAP,5417913.5,1757303680354
2025-09-08 03:54:40.795000+00:00,TRX-USDT-SWAP,107454460.00000004,1757303680795
2025-09-08 03:54:40.780000+00:00,TURBO-USDT-SWAP,799474000.0000001,1757303680780
2025-09-08 03:54:40.808000+00:00,UMA-USDT-SWAP,1469804.3,1757303680808
2025-09-08 03:54:40.792000+00:00,UNI-USDT-SWAP,3231117.0,1757303680792
2025-09-08 03:54:40.802000+00:00,USDC-USDT-SWAP,1100200.0,1757303680802
2025-09-08 03:54:40.792000+00:00,USELESS-USDT-SWAP,15033860.0,1757303680792
2025-09-08 03:54:40.792000+00:00,USTC-USDT-SWAP,138270700.0,1757303680792
2025-09-08 03:54:40.784000+00:00,UXLINK-USDT-SWAP,6308240.0,1757303680784
2025-09-08 03:54:40.789000+00:00,VANA-USDT-SWAP,134528.5,1757303680789
2025-09-08 03:54:40.794000+00:00,VINE-USDT-SWAP,102914220.0,1757303680794
2025-09-08 03:54:41.228000+00:00,VIRTUAL-USDT-SWAP,3340234.0,1757303681228
2025-09-08 03:54:41.232000+00:00,W-USDT-SWAP,48151807.0,1757303681232
2025-09-08 03:54:41.224000+00:00,WAL-USDT-SWAP,2115550.0,1757303681224
2025-09-08 03:54:41.232000+00:00,WAXP-USDT-SWAP,28395600.0,1757303681232
2025-09-08 03:54:41.229000+00:00,WCT-USDT-SWAP,10417320.0,1757303681229
2025-09-08 03:54:41.234000+00:00,WIF-USDT-SWAP,16860017.0,1757303681234
2025-09-08 03:54:41.245000+00:00,WLD-USDT-SWAP,38861259.0,1757303681245
2025-09-08 03:54:41.225000+00:00,WLFI-USDT-SWAP,284745720.0,1757303681225
2025-09-08 03:54:41.229000+00:00,WOO-USDT-SWAP,15242160.0,1757303681229
2025-09-08 03:54:41.225000+00:00,XAUT-USDT-SWAP,5665.468,1757303681225
2025-09-08 03:54:41.665000+00:00,XLM-USDT-SWAP,39116379.99999999,1757303681665
2025-09-08 03:54:41.668000+00:00,XPL-USDT-SWAP,6954690.0,1757303681668
2025-09-08 03:54:41.672000+00:00,XRP-USDT-SWAP,92169861.99999999,1757303681672
2025-09-08 03:54:41.674000+00:00,XTZ-USDT-SWAP,5559335.0,1757303681674
2025-09-08 03:54:41.668000+00:00,YFI-USDT-SWAP,364.6164,1757303681668
2025-09-08 03:54:41.673000+00:00,YGG-USDT-SWAP,28083362.0,1757303681673
2025-09-08 03:54:41.671000+00:00,ZENT-USDT-SWAP,211123200.0,1757303681671
2025-09-08 03:54:41.683000+00:00,ZEREBRO-USDT-SWAP,80291060.0,1757303681683
2025-09-08 03:54:41.664000+00:00,ZETA-USDT-SWAP,5784500.0,1757303681664
2025-09-08 03:54:41.672000+00:00,ZIL-USDT-SWAP,160486800.0,1757303681672
2025-09-08 03:54:42.107000+00:00,ZK-USDT-SWAP,49638400.0,1757303682107
2025-09-08 03:54:42.110000+00:00,ZRO-USDT-SWAP,2086783.0,1757303682110
2025-09-08 03:54:42.119000+00:00,ZRX-USDT-SWAP,8668210.0,1757303682119
2025-09-08 03:55:42.868000+00:00,1INCH-USDT-SWAP,8307119.0,1757303742868
2025-09-08 03:55:42.886000+00:00,A-USDT-SWAP,9653590.0,1757303742886
2025-09-08 03:55:42.863000+00:00,AAVE-USDT-SWAP,130598.84000000003,1757303742863
2025-09-08 03:55:42.850000+00:00,ACE-USDT-SWAP,1964083.0,1757303742850
2025-09-08 03:55:42.878000+00:00,ACH-USDT-SWAP,78429600.0,1757303742878
2025-09-08 03:55:42.869000+00:00,ACT-USDT-SWAP,83727204.0,1757303742869
2025-09-08 03:55:42.913000+00:00,ADA-USDT-SWAP,79879380.00000006,1757303742913
2025-09-08 03:55:42.876000+00:00,AERO-USDT-SWAP,1662460.0,1757303742876
2025-09-08 03:55:42.860000+00:00,AEVO-USDT-SWAP,12683118.0,1757303742860
2025-09-08 03:55:42.861000+00:00,AGLD-USDT-SWAP,1932683.0,1757303742861
2025-09-08 03:55:43.372000+00:00,AI16Z-USDT-SWAP,49977227.0,1757303743372
2025-09-08 03:55:43.373000+00:00,AIXBT-USDT-SWAP,23361820.0,1757303743373
2025-09-08 03:55:43.352000+00:00,ALCH-USDT-SWAP,22978460.0,1757303743352
2025-09-08 03:55:43.490000+00:00,ALGO-USDT-SWAP,27991060.0,1757303743490
2025-09-08 03:55:43.364000+00:00,ANIME-USDT-SWAP,106261130.0,1757303743364
2025-09-08 03:55:43.347000+00:00,APE-USDT-SWAP,8331609.6,1757303743347
2025-09-08 03:55:43.357000+00:00,API3-USDT-SWAP,3704862.0,1757303743357
2025-09-08 03:55:43.364000+00:00,APT-USDT-SWAP,3617058.0,1757303743364
2025-09-08 03:55:43.346000+00:00,AR-USDT-SWAP,529776.3,1757303743346
2025-09-08 03:55:43.350000+00:00,ARB-USDT-SWAP,33883567.999999985,1757303743350
2025-09-08 03:55:43.911000+00:00,ARC-USDT-SWAP,61019070.0,1757303743911
2025-09-08 03:55:43.914000+00:00,ARKM-USDT-SWAP,3606799.0,1757303743914
2025-09-08 03:55:43.913000+00:00,ATH-USDT-SWAP,141550700.0,1757303743913
2025-09-08 03:55:43.899000+00:00,ATOM-USDT-SWAP,1906631.0,1757303743899
2025-09-08 03:55:43.922000+00:00,AUCTION-USDT-SWAP,214628.3,1757303743922
2025-09-08 03:55:43.924000+00:00,AVAAI-USDT-SWAP,53691730.0,1757303743924
2025-09-08 03:55:43.903000+00:00,AVAX-USDT-SWAP,1896500.4999999998,1757303743903
2025-09-08 03:55:43.934000+00:00,AXS-USDT-SWAP,1175653.1,1757303743934
2025-09-08 03:55:43.914000+00:00,BABY-USDT-SWAP,38998460.0,1757303743914
2025-09-08 03:55:43.912000+00:00,BAND-USDT-SWAP,1525607.0,1757303743912
2025-09-08 03:55:44.368000+00:00,BAT-USDT-SWAP,5611350.0,1757303744368
2025-09-08 03:55:44.364000+00:00,BCH-USDT-SWAP,82443.35999999999,1757303744364
2025-09-08 03:55:44.361000+00:00,BERA-USDT-SWAP,2336849.1,1757303744361
2025-09-08 03:55:44.361000+00:00,BICO-USDT-SWAP,6584300.0,1757303744361
2025-09-08 03:55:44.370000+00:00,BIGTIME-USDT-SWAP,42095750.0,1757303744370
2025-09-08 03:55:44.368000+00:00,BIO-USDT-SWAP,70507892.0,1757303744368
2025-09-08 03:55:44.360000+00:00,BLUR-USDT-SWAP,25183180.0,1757303744360
2025-09-08 03:55:44.362000+00:00,BNB-USDT-SWAP,96547.03,1757303744362
2025-09-08 03:55:44.370000+00:00,BNT-USDT-SWAP,737520.0,1757303744370
2025-09-08 03:55:44.362000+00:00,BOME-USDT-SWAP,1378964000.0,1757303744362
2025-09-08 03:55:44.806000+00:00,BONK-USDT-SWAP,512618500000.0,1757303744806
2025-09-08 03:55:44.799000+00:00,BRETT-USDT-SWAP,12892600.0,1757303744799
2025-09-08 03:55:44.809000+00:00,BTC-USDT-SWAP,26500.01570000006,1757303744809
2025-09-08 03:55:44.786000+00:00,CAT-USDT-SWAP,197967000000.0,1757303744786
2025-09-08 03:55:44.815000+00:00,CATI-USDT-SWAP,17384678.0,1757303744815
2025-09-08 03:55:44.796000+00:00,CELO-USDT-SWAP,4425004.0,1757303744796
2025-09-08 03:55:44.799000+00:00,CETUS-USDT-SWAP,17819970.0,1757303744799
2025-09-08 03:55:44.795000+00:00,CFX-USDT-SWAP,76556010.0,1757303744795
2025-09-08 03:55:44.799000+00:00,CHZ-USDT-SWAP,80106070.0,1757303744799
2025-09-08 03:55:44.809000+00:00,COMP-USDT-SWAP,93976.4,1757303744809
2025-09-08 03:55:45.227000+00:00,COOKIE-USDT-SWAP,4378250.0,1757303745227
2025-09-08 03:55:45.238000+00:00,CORE-USDT-SWAP,9794289.0,1757303745238
2025-09-08 03:55:45.245000+00:00,CRO-USDT-SWAP,63696950.0,1757303745245
2025-09-08 03:55:45.239000+00:00,CRV-USDT-SWAP,25739756.0,1757303745239
2025-09-08 03:55:45.238000+00:00,CTC-USDT-SWAP,1713620.0,1757303745238
2025-09-08 03:55:45.406000+00:00,CVC-USDT-SWAP,9638800.0,1757303745406
2025-09-08 03:55:45.232000+00:00,CVX-USDT-SWAP,297249.0,1757303745232
2025-09-08 03:55:45.232000+00:00,DEGEN-USDT-SWAP,304657700.0,1757303745232
2025-09-08 03:55:45.244000+00:00,DGB-USDT-SWAP,49153700.0,1757303745244
2025-09-08 03:55:45.249000+00:00,DOG-USDT-SWAP,544700000.0,1757303745249
2025-09-08 03:55:45.828000+00:00,DOGE-USDT-SWAP,1566430790.0,1757303745828
2025-09-08 03:55:45.900000+00:00,DOGS-USDT-SWAP,18414794000.0,1757303745900
2025-09-08 03:55:45.834000+00:00,DOOD-USDT-SWAP,137725000.0,1757303745834
2025-09-08 03:55:45.821000+00:00,DOT-USDT-SWAP,6792008.0,1757303745821
2025-09-08 03:55:45.863000+00:00,DUCK-USDT-SWAP,834403200.0,1757303745863
2025-09-08 03:55:45.848000+00:00,DYDX-USDT-SWAP,9154811.0,1757303745848
2025-09-08 03:55:45.829000+00:00,EGLD-USDT-SWAP,99093.3,1757303745829
2025-09-08 03:55:45.825000+00:00,EIGEN-USDT-SWAP,3997926.0,1757303745825
2025-09-08 03:55:45.842000+00:00,ENJ-USDT-SWAP,12972480.0,1757303745842
2025-09-08 03:55:45.849000+00:00,ENS-USDT-SWAP,365251.3,1757303745849
2025-09-08 03:55:46.330000+00:00,ETC-USDT-SWAP,1083575.6000000003,1757303746330
2025-09-08 03:55:46.325000+00:00,ETH-USDT-SWAP,727250.9890000022,1757303746325
2025-09-08 03:55:46.342000+00:00,ETHFI-USDT-SWAP,8494214.0,1757303746342
2025-09-08 03:55:46.321000+00:00,ETHW-USDT-SWAP,1291342.3,1757303746321
2025-09-08 03:55:46.335000+00:00,FARTCOIN-USDT-SWAP,20725296.0,1757303746335
2025-09-08 03:55:46.339000+00:00,FIL-USDT-SWAP,14396499.7,1757303746339
2025-09-08 03:55:46.329000+00:00,FLM-USDT-SWAP,26086390.0,1757303746329
2025-09-08 03:55:46.324000+00:00,FLOKI-USDT-SWAP,40980600000.0,1757303746324
2025-09-08 03:55:46.369000+00:00,FLOW-USDT-SWAP,4513920.0,1757303746369
2025-09-08 03:55:46.334000+00:00,FXS-USDT-SWAP,245789.0,1757303746334
2025-09-08 03:55:46.785000+00:00,GALA-USDT-SWAP,441612740.0,1757303746785
2025-09-08 03:55:46.801000+00:00,GAS-USDT-SWAP,465642.0,1757303746801
2025-09-08 03:55:46.813000+00:00,GLM-USDT-SWAP,2717140.0,1757303746813
2025-09-08 03:55:46.787000+00:00,GMT-USDT-SWAP,47311004.0,1757303746787
2025-09-08 03:55:46.798000+00:00,GMX-USDT-SWAP,72693.9,1757303746798
2025-09-08 03:55:46.796000+00:00,GOAT-USDT-SWAP,25824850.0,1757303746796
2025-09-08 03:55:46.803000+00:00,GODS-USDT-SWAP,6493167.0,1757303746803
2025-09-08 03:55:46.795000+00:00,GPS-USDT-SWAP,232163520.0,1757303746795
2025-09-08 03:55:46.823000+00:00,GRASS-USDT-SWAP,2754908.0,1757303746823
2025-09-08 03:55:46.798000+00:00,GRIFFAIN-USDT-SWAP,24920380.0,1757303746798
2025-09-08 03:55:47.236000+00:00,GRT-USDT-SWAP,21800290.0,1757303747236
2025-09-08 03:55:47.256000+00:00,H-USDT-SWAP,62219700.0,1757303747256
2025-09-08 03:55:47.247000+00:00,HBAR-USDT-SWAP,74385630.0,1757303747247
2025-09-08 03:55:47.251000+00:00,HMSTR-USDT-SWAP,944971700.0,1757303747251
2025-09-08 03:55:47.254000+00:00,HOME-USDT-SWAP,22833500.0,1757303747254
2025-09-08 03:55:47.258000+00:00,HUMA-USDT-SWAP,93291100.0,1757303747258
2025-09-08 03:55:47.246000+00:00,HYPE-USDT-SWAP,804221.3,1757303747246
2025-09-08 03:55:47.241000+00:00,ICP-USDT-SWAP,1243536.57,1757303747241
2025-09-08 03:55:47.256000+00:00,ICX-USDT-SWAP,6420630.0,1757303747256
2025-09-08 03:55:47.248000+00:00,IMX-USDT-SWAP,6394527.0,1757303747248
2025-09-08 03:55:47.688000+00:00,INIT-USDT-SWAP,2433300.0,1757303747688
2025-09-08 03:55:47.708000+00:00,INJ-USDT-SWAP,877547.9,1757303747708
2025-09-08 03:55:47.687000+00:00,IOST-USDT-SWAP,315079000.0,1757303747687
2025-09-08 03:55:47.677000+00:00,IOTA-USDT-SWAP,15977320.0,1757303747677
2025-09-08 03:55:47.681000+00:00,IP-USDT-SWAP,3404268.0,1757303747681
2025-09-08 03:55:47.706000+00:00,JELLYJELLY-USDT-SWAP,220311300.0,1757303747706
2025-09-08 03:55:47.687000+00:00,JOE-USDT-SWAP,7111590.0,1757303747687
2025-09-08 03:55:47.705000+00:00,JTO-USDT-SWAP,2921678.0,1757303747705
2025-09-08 03:55:47.693000+00:00,JUP-USDT-SWAP,15089810.0,1757303747693
2025-09-08 03:55:48.146000+00:00,KAITO-USDT-SWAP,3336345.0,1757303748146
2025-09-08 03:55:48.158000+00:00,KMNO-USDT-SWAP,18465100.0,1757303748158
2025-09-08 03:55:48.149000+00:00,KSM-USDT-SWAP,127422.7,1757303748149
2025-09-08 03:55:48.156000+00:00,LA-USDT-SWAP,2940020.0,1757303748156
2025-09-08 03:55:48.147000+00:00,LAUNCHCOIN-USDT-SWAP,38906800.0,1757303748147
2025-09-08 03:55:48.144000+00:00,LAYER-USDT-SWAP,5797812.0,1757303748144
2025-09-08 03:55:48.145000+00:00,LDO-USDT-SWAP,14390151.0,1757303748145
2025-09-08 03:55:48.139000+00:00,LINK-USDT-SWAP,2499280.4,1757303748139
2025-09-08 03:55:48.145000+00:00,LPT-USDT-SWAP,852358.8,1757303748145
2025-09-08 03:55:48.151000+00:00,LQTY-USDT-SWAP,1577722.0,1757303748151
2025-09-08 03:55:48.588000+00:00,LRC-USDT-SWAP,16689050.0,1757303748588
2025-09-08 03:55:48.587000+00:00,LTC-USDT-SWAP,633334.2000000001,1757303748587
2025-09-08 03:55:48.587000+00:00,LUNA-USDT-SWAP,15306810.0,1757303748587
2025-09-08 03:55:48.576000+00:00,LUNC-USDT-SWAP,32777760000.0,1757303748576
2025-09-08 03:55:48.599000+00:00,MAGIC-USDT-SWAP,19953273.0,1757303748599
2025-09-08 03:55:48.602000+00:00,MAJOR-USDT-SWAP,4832588.0,1757303748602
2025-09-08 03:55:48.581000+00:00,MANA-USDT-SWAP,11608880.0,1757303748581
2025-09-08 03:55:48.583000+00:00,MASK-USDT-SWAP,3138875.0,1757303748583
2025-09-08 03:55:48.608000+00:00,ME-USDT-SWAP,3100247.0,1757303748608
2025-09-08 03:55:48.636000+00:00,MEME-USDT-SWAP,1716674500.0,1757303748636
2025-09-08 03:55:49.064000+00:00,MERL-USDT-SWAP,56032547.0,1757303749064
2025-09-08 03:55:49.056000+00:00,METIS-USDT-SWAP,97446.1,1757303749056
2025-09-08 03:55:49.071000+00:00,MEW-USDT-SWAP,1046548000.0,1757303749071
2025-09-08 03:55:49.055000+00:00,MINA-USDT-SWAP,7591766.0,1757303749055
2025-09-08 03:55:49.062000+00:00,MOG-USDT-SWAP,596885000000.0,1757303749062
2025-09-08 03:55:49.066000+00:00,MOODENG-USDT-SWAP,45784890.0,1757303749066
2025-09-08 03:55:49.063000+00:00,MORPHO-USDT-SWAP,1362098.0,1757303749063
2025-09-08 03:55:49.075000+00:00,MOVE-USDT-SWAP,28816850.0,1757303749075
2025-09-08 03:55:49.065000+00:00,MUBARAK-USDT-SWAP,13964800.0,1757303749065
2025-09-08 03:55:49.502000+00:00,NEAR-USDT-SWAP,5342643.0,1757303749502
2025-09-08 03:55:49.498000+00:00,NEIRO-USDT-SWAP,8776004000.0,1757303749498
2025-09-08 03:55:49.496000+00:00,NEIROETH-USDT-SWAP,29911200.0,1757303749496
2025-09-08 03:55:49.498000+00:00,NEO-USDT-SWAP,300251.0,1757303749498
2025-09-08 03:55:49.495000+00:00,NEWT-USDT-SWAP,3716750.0,1757303749495
2025-09-08 03:55:49.507000+00:00,NMR-USDT-SWAP,571876.6,1757303749507
2025-09-08 03:55:49.501000+00:00,NOT-USDT-SWAP,1738688200.0,1757303749501
2025-09-08 03:55:49.499000+00:00,NXPC-USDT-SWAP,859459.0,1757303749499
2025-09-08 03:55:49.502000+00:00,OL-USDT-SWAP,89161180.0,1757303749502
2025-09-08 03:55:49.499000+00:00,OM-USDT-SWAP,26697149.0,1757303749499
2025-09-08 03:55:49.942000+00:00,ONDO-USDT-SWAP,19559580.0,1757303749942
2025-09-08 03:55:49.939000+00:00,ONE-USDT-SWAP,79807300.0,1757303749939
2025-09-08 03:55:49.946000+00:00,ONT-USDT-SWAP,13444940.0,1757303749946
2025-09-08 03:55:49.942000+00:00,OP-USDT-SWAP,20694954.0,1757303749942
2025-09-08 03:55:49.944000+00:00,ORBS-USDT-SWAP,27790500.0,1757303749944
2025-09-08 03:55:49.972000+00:00,ORDI-USDT-SWAP,1199026.3,1757303749972
2025-09-08 03:55:49.941000+00:00,PARTI-USDT-SWAP,13299730.0,1757303749941
2025-09-08 03:55:49.945000+00:00,PENGU-USDT-SWAP,594090900.0,1757303749945
2025-09-08 03:55:49.955000+00:00,PEOPLE-USDT-SWAP,305594800.0,1757303749955
2025-09-08 03:55:49.956000+00:00,PEPE-USDT-SWAP,6719931000000.002,1757303749956
2025-09-08 03:55:50.548000+00:00,PERP-USDT-SWAP,2503286.0,1757303750548
2025-09-08 03:55:50.398000+00:00,PI-USDT-SWAP,31471548.0,1757303750398
2025-09-08 03:55:50.398000+00:00,PLUME-USDT-SWAP,16327570.0,1757303750398
2025-09-08 03:55:50.386000+00:00,PNUT-USDT-SWAP,38108260.0,1757303750386
2025-09-08 03:55:50.380000+00:00,POL-USDT-SWAP,38146500.0,1757303750380
2025-09-08 03:55:50.418000+00:00,POPCAT-USDT-SWAP,10448520.0,1757303750418
2025-09-08 03:55:50.385000+00:00,PRCL-USDT-SWAP,17605733.0,1757303750385
2025-09-08 03:55:50.389000+00:00,PROMPT-USDT-SWAP,32848920.0,1757303750389
2025-09-08 03:55:50.412000+00:00,PUMP-USDT-SWAP,6872372000.0,1757303750412
2025-09-08 03:55:50.391000+00:00,PYTH-USDT-SWAP,46681820.0,1757303750391
2025-09-08 03:55:50.979000+00:00,QTUM-USDT-SWAP,1245598.0,1757303750979
2025-09-08 03:55:50.977000+00:00,RAY-USDT-SWAP,957250.0,1757303750977
2025-09-08 03:55:50.987000+00:00,RENDER-USDT-SWAP,1352068.0,1757303750987
2025-09-08 03:55:50.974000+00:00,RESOLV-USDT-SWAP,27363850.0,1757303750974
2025-09-08 03:55:50.980000+00:00,RSR-USDT-SWAP,253314300.0,1757303750980
2025-09-08 03:55:51.008000+00:00,RVN-USDT-SWAP,80104440.0,1757303751008
2025-09-08 03:55:50.981000+00:00,S-USDT-SWAP,13494010.0,1757303750981
2025-09-08 03:55:50.965000+00:00,SAHARA-USDT-SWAP,56491190.0,1757303750965
2025-09-08 03:55:50.989000+00:00,SAND-USDT-SWAP,19655870.0,1757303750989
2025-09-08 03:55:51+00:00,SATS-USDT-SWAP,175239370000000.0,1757303751000
2025-09-08 03:55:51.429000+00:00,SCR-USDT-SWAP,3302776.0,1757303751429
2025-09-08 03:55:51.433000+00:00,SHELL-USDT-SWAP,5812080.0,1757303751433
2025-09-08 03:55:51.450000+00:00,SHIB-USDT-SWAP,1428929900000.0,1757303751450
2025-09-08 03:55:51.428000+00:00,SIGN-USDT-SWAP,46279500.0,1757303751428
2025-09-08 03:55:51.436000+00:00,SLP-USDT-SWAP,448258810.0,1757303751436
2025-09-08 03:55:51.432000+00:00,SNX-USDT-SWAP,2556766.0,1757303751432
2025-09-08 03:55:51.428000+00:00,SOL-USDT-SWAP,3299596.930000002,1757303751428
2025-09-08 03:55:51.418000+00:00,SOLV-USDT-SWAP,59097800.0,1757303751418
2025-09-08 03:55:51.439000+00:00,SONIC-USDT-SWAP,7525859.0,1757303751439
2025-09-08 03:55:51.428000+00:00,SOON-USDT-SWAP,13229900.0,1757303751428
2025-09-08 03:55:51.866000+00:00,SOPH-USDT-SWAP,87748000.0,1757303751866
2025-09-08 03:55:51.875000+00:00,SPK-USDT-SWAP,153589800.0,1757303751875
2025-09-08 03:55:51.874000+00:00,SPX-USDT-SWAP,1214160.0,1757303751874
2025-09-08 03:55:51.863000+00:00,SSV-USDT-SWAP,309950.1,1757303751863
2025-09-08 03:55:51.872000+00:00,STORJ-USDT-SWAP,5565230.0,1757303751872
2025-09-08 03:55:51.882000+00:00,STRK-USDT-SWAP,25245986.0,1757303751882
2025-09-08 03:55:51.878000+00:00,STX-USDT-SWAP,6744509.0,1757303751878
2025-09-08 03:55:51.864000+00:00,SUI-USDT-SWAP,20706067.0,1757303751864
2025-09-08 03:55:51.882000+00:00,SUSHI-USDT-SWAP,8379641.0,1757303751882
2025-09-08 03:55:51.875000+00:00,SWARMS-USDT-SWAP,82477910.0,1757303751875
2025-09-08 03:55:52.306000+00:00,SYRUP-USDT-SWAP,3320750.0,1757303752306
2025-09-08 03:55:52.323000+00:00,T-USDT-SWAP,39639500.0,1757303752323
2025-09-08 03:55:52.316000+00:00,TAO-USDT-SWAP,15140.6,1757303752316
2025-09-08 03:55:52.327000+00:00,THETA-USDT-SWAP,2595499.999999999,1757303752327
2025-09-08 03:55:52.310000+00:00,TIA-USDT-SWAP,5417262.0,1757303752310
2025-09-08 03:55:52.299000+00:00,TNSR-USDT-SWAP,8180349.0,1757303752299
2025-09-08 03:55:52.302000+00:00,TON-USDT-SWAP,9458630.0,1757303752302
2025-09-08 03:55:52.298000+00:00,TRB-USDT-SWAP,274275.4,1757303752298
2025-09-08 03:55:52.310000+00:00,TREE-USDT-SWAP,6622940.0,1757303752310
2025-09-08 03:55:52.320000+00:00,TRUMP-USDT-SWAP,5419175.6,1757303752320
2025-09-08 03:55:52.749000+00:00,TRX-USDT-SWAP,107408410.00000004,1757303752749
2025-09-08 03:55:52.751000+00:00,TURBO-USDT-SWAP,799178000.0000001,1757303752751
2025-09-08 03:55:52.743000+00:00,UMA-USDT-SWAP,1469916.5,1757303752743
2025-09-08 03:55:52.738000+00:00,UNI-USDT-SWAP,3228385.0,1757303752738
2025-09-08 03:55:52.755000+00:00,USDC-USDT-SWAP,1100200.0,1757303752755
2025-09-08 03:55:52.761000+00:00,USELESS-USDT-SWAP,15053340.0,1757303752761
2025-09-08 03:55:52.745000+00:00,USTC-USDT-SWAP,138426900.0,1757303752745
2025-09-08 03:55:52.740000+00:00,UXLINK-USDT-SWAP,6307790.0,1757303752740
2025-09-08 03:55:52.751000+00:00,VANA-USDT-SWAP,134477.6,1757303752751
2025-09-08 03:55:52.758000+00:00,VINE-USDT-SWAP,102922040.0,1757303752758
2025-09-08 03:55:53.217000+00:00,VIRTUAL-USDT-SWAP,3341650.0,1757303753217
2025-09-08 03:55:53.203000+00:00,W-USDT-SWAP,48078909.0,1757303753203
2025-09-08 03:55:53.208000+00:00,WAL-USDT-SWAP,2115560.0,1757303753208
2025-09-08 03:55:53.189000+00:00,WAXP-USDT-SWAP,28395000.0,1757303753189
2025-09-08 03:55:53.207000+00:00,WCT-USDT-SWAP,10418120.0,1757303753207
2025-09-08 03:55:53.332000+00:00,WIF-USDT-SWAP,16875591.0,1757303753332
2025-09-08 03:55:53.190000+00:00,WLD-USDT-SWAP,38439874.0,1757303753190
2025-09-08 03:55:53.192000+00:00,WLFI-USDT-SWAP,285215790.0,1757303753192
2025-09-08 03:55:53.229000+00:00,WOO-USDT-SWAP,15237100.0,1757303753229
2025-09-08 03:55:53.202000+00:00,XAUT-USDT-SWAP,5665.72,1757303753202
2025-09-08 03:55:53.757000+00:00,XLM-USDT-SWAP,39088469.99999999,1757303753757
2025-09-08 03:55:53.754000+00:00,XPL-USDT-SWAP,6949160.0,1757303753754
2025-09-08 03:55:53.776000+00:00,XRP-USDT-SWAP,92189817.99999997,1757303753776
2025-09-08 03:55:53.750000+00:00,XTZ-USDT-SWAP,5557666.0,1757303753750
2025-09-08 03:55:53.771000+00:00,YFI-USDT-SWAP,364.6593,1757303753771
2025-09-08 03:55:53.757000+00:00,YGG-USDT-SWAP,28031738.0,1757303753757
2025-09-08 03:55:53.748000+00:00,ZENT-USDT-SWAP,211477500.0,1757303753748
2025-09-08 03:55:53.744000+00:00,ZEREBRO-USDT-SWAP,80273460.0,1757303753744
2025-09-08 03:55:53.758000+00:00,ZETA-USDT-SWAP,5754680.0,1757303753758
2025-09-08 03:55:53.761000+00:00,ZIL-USDT-SWAP,160466600.0,1757303753761
2025-09-08 03:55:54.206000+00:00,ZK-USDT-SWAP,49644610.0,1757303754206
2025-09-08 03:55:54.198000+00:00,ZRO-USDT-SWAP,2083582.0,1757303754198
2025-09-08 03:55:54.215000+00:00,ZRX-USDT-SWAP,8667600.0,1757303754215
2025-09-08 03:56:54.946000+00:00,1INCH-USDT-SWAP,8303728.0,1757303814946
2025-09-08 03:56:54.935000+00:00,A-USDT-SWAP,9650380.0,1757303814935
2025-09-08 03:56:54.970000+00:00,AAVE-USDT-SWAP,130613.54000000004,1757303814970
2025-09-08 03:56:54.950000+00:00,ACE-USDT-SWAP,1963730.0,1757303814950
2025-09-08 03:56:54.961000+00:00,ACH-USDT-SWAP,78382800.0,1757303814961
2025-09-08 03:56:54.946000+00:00,ACT-USDT-SWAP,83889230.0,1757303814946
2025-09-08 03:56:54.957000+00:00,ADA-USDT-SWAP,79859560.00000006,1757303814957
2025-09-08 03:56:54.951000+00:00,AERO-USDT-SWAP,1663550.0,1757303814951
2025-09-08 03:56:54.961000+00:00,AEVO-USDT-SWAP,12671156.0,1757303814961
2025-09-08 03:56:54.962000+00:00,AGLD-USDT-SWAP,1932953.0,1757303814962
2025-09-08 03:56:55.396000+00:00,AI16Z-USDT-SWAP,50196123.0,1757303815396
2025-09-08 03:56:55.389000+00:00,AIXBT-USDT-SWAP,23386430.0,1757303815389
2025-09-08 03:56:55.390000+00:00,ALCH-USDT-SWAP,22978570.0,1757303815390
2025-09-08 03:56:55.390000+00:00,ALGO-USDT-SWAP,27993180.0,1757303815390
2025-09-08 03:56:55.425000+00:00,ANIME-USDT-SWAP,106270150.0,1757303815425
2025-09-08 03:56:55.400000+00:00,APE-USDT-SWAP,8330592.7,1757303815400
2025-09-08 03:56:55.439000+00:00,API3-USDT-SWAP,3705570.0,1757303815439
2025-09-08 03:56:55.385000+00:00,APT-USDT-SWAP,3620056.0,1757303815385
2025-09-08 03:56:55.411000+00:00,AR-USDT-SWAP,528728.7,1757303815411
2025-09-08 03:56:55.531000+00:00,ARB-USDT-SWAP,33936477.99999999,1757303815531
2025-09-08 03:56:55.952000+00:00,ARC-USDT-SWAP,61379070.0,1757303815952
2025-09-08 03:56:55.951000+00:00,ARKM-USDT-SWAP,3605271.0,1757303815951
2025-09-08 03:56:55.963000+00:00,ATH-USDT-SWAP,141552900.0,1757303815963
2025-09-08 03:56:55.955000+00:00,ATOM-USDT-SWAP,1908835.0,1757303815955
2025-09-08 03:56:55.960000+00:00,AUCTION-USDT-SWAP,214632.3,1757303815960
2025-09-08 03:56:55.956000+00:00,AVAAI-USDT-SWAP,53472560.0,1757303815956
2025-09-08 03:56:55.951000+00:00,AVAX-USDT-SWAP,1896112.9,1757303815951
2025-09-08 03:56:55.949000+00:00,AXS-USDT-SWAP,1175277.8,1757303815949
2025-09-08 03:56:55.965000+00:00,BABY-USDT-SWAP,38920030.0,1757303815965
2025-09-08 03:56:55.952000+00:00,BAND-USDT-SWAP,1527178.0,1757303815952
2025-09-08 03:56:56.419000+00:00,BAT-USDT-SWAP,5607180.0,1757303816419
2025-09-08 03:56:56.394000+00:00,BCH-USDT-SWAP,82433.24999999999,1757303816394
2025-09-08 03:56:56.396000+00:00,BERA-USDT-SWAP,2335470.7,1757303816396
2025-09-08 03:56:56.394000+00:00,BICO-USDT-SWAP,6588230.0,1757303816394
2025-09-08 03:56:56.389000+00:00,BIGTIME-USDT-SWAP,42075100.0,1757303816389
2025-09-08 03:56:56.391000+00:00,BIO-USDT-SWAP,70554031.0,1757303816391
2025-09-08 03:56:56.390000+00:00,BLUR-USDT-SWAP,25181590.0,1757303816390
2025-09-08 03:56:56.381000+00:00,BNB-USDT-SWAP,96547.12,1757303816381
2025-09-08 03:56:56.437000+00:00,BNT-USDT-SWAP,737470.0,1757303816437
2025-09-08 03:56:56.394000+00:00,BOME-USDT-SWAP,1378298000.0,1757303816394
2025-09-08 03:56:56.862000+00:00,BONK-USDT-SWAP,512596600000.0,1757303816862
2025-09-08 03:56:56.856000+00:00,BRETT-USDT-SWAP,12890000.0,1757303816856
2025-09-08 03:56:56.855000+00:00,BTC-USDT-SWAP,26499.601300000057,1757303816855
2025-09-08 03:56:56.870000+00:00,CAT-USDT-SWAP,197993300000.0,1757303816870
2025-09-08 03:56:56.861000+00:00,CATI-USDT-SWAP,17382495.0,1757303816861
2025-09-08 03:56:56.890000+00:00,CELO-USDT-SWAP,4412755.0,1757303816890
2025-09-08 03:56:56.859000+00:00,CETUS-USDT-SWAP,17819120.0,1757303816859
2025-09-08 03:56:56.861000+00:00,CFX-USDT-SWAP,76513410.0,1757303816861
2025-09-08 03:56:56.867000+00:00,CHZ-USDT-SWAP,80091020.0,1757303816867
2025-09-08 03:56:56.861000+00:00,COMP-USDT-SWAP,93969.9,1757303816861
2025-09-08 03:56:57.305000+00:00,COOKIE-USDT-SWAP,4380870.0,1757303817305
2025-09-08 03:56:57.310000+00:00,CORE-USDT-SWAP,9794311.0,1757303817310
2025-09-08 03:56:57.315000+00:00,CRO-USDT-SWAP,63624910.0,1757303817315
2025-09-08 03:56:57.314000+00:00,CRV-USDT-SWAP,25728888.0,1757303817314
2025-09-08 03:56:57.305000+00:00,CTC-USDT-SWAP,1713520.0,1757303817305
2025-09-08 03:56:57.321000+00:00,CVC-USDT-SWAP,9637500.0,1757303817321
2025-09-08 03:56:57.315000+00:00,CVX-USDT-SWAP,297110.0,1757303817315
2025-09-08 03:56:57.313000+00:00,DEGEN-USDT-SWAP,304576200.0,1757303817313
2025-09-08 03:56:57.333000+00:00,DGB-USDT-SWAP,49153700.0,1757303817333
2025-09-08 03:56:57.321000+00:00,DOG-USDT-SWAP,544270000.0,1757303817321
2025-09-08 03:56:57.784000+00:00,DOGE-USDT-SWAP,1566879900.0000002,1757303817784
2025-09-08 03:56:57.775000+00:00,DOGS-USDT-SWAP,18414673000.0,1757303817775
2025-09-08 03:56:57.779000+00:00,DOOD-USDT-SWAP,137706000.0,1757303817779
2025-09-08 03:56:57.783000+00:00,DOT-USDT-SWAP,6788654.0,1757303817783
2025-09-08 03:56:57.776000+00:00,DUCK-USDT-SWAP,834403200.0,1757303817776
2025-09-08 03:56:57.780000+00:00,DYDX-USDT-SWAP,9151687.0,1757303817780
2025-09-08 03:56:57.781000+00:00,EGLD-USDT-SWAP,99108.8,1757303817781
2025-09-08 03:56:57.774000+00:00,EIGEN-USDT-SWAP,4014945.0,1757303817774
2025-09-08 03:56:57.796000+00:00,ENJ-USDT-SWAP,12972040.0,1757303817796
2025-09-08 03:56:57.790000+00:00,ENS-USDT-SWAP,365257.6,1757303817790
2025-09-08 03:56:58.208000+00:00,ETC-USDT-SWAP,1083221.8000000003,1757303818208
2025-09-08 03:56:58.218000+00:00,ETH-USDT-SWAP,727105.9220000021,1757303818218
2025-09-08 03:56:58.229000+00:00,ETHFI-USDT-SWAP,8491932.0,1757303818229
2025-09-08 03:56:58.222000+00:00,ETHW-USDT-SWAP,1291186.8,1757303818222
2025-09-08 03:56:58.229000+00:00,FARTCOIN-USDT-SWAP,20744882.0,1757303818229
2025-09-08 03:56:58.245000+00:00,FIL-USDT-SWAP,14411817.5,1757303818245
2025-09-08 03:56:58.226000+00:00,FLM-USDT-SWAP,26092750.0,1757303818226
2025-09-08 03:56:58.219000+00:00,FLOKI-USDT-SWAP,40977200000.0,1757303818219
2025-09-08 03:56:58.219000+00:00,FLOW-USDT-SWAP,4518420.0,1757303818219
2025-09-08 03:56:58.225000+00:00,FXS-USDT-SWAP,245881.0,1757303818225
2025-09-08 03:56:58.677000+00:00,GALA-USDT-SWAP,441213600.0,1757303818677
2025-09-08 03:56:58.660000+00:00,GAS-USDT-SWAP,465657.0,1757303818660
2025-09-08 03:56:58.669000+00:00,GLM-USDT-SWAP,2716150.0,1757303818669
2025-09-08 03:56:58.691000+00:00,GMT-USDT-SWAP,47289918.0,1757303818691
2025-09-08 03:56:58.660000+00:00,GMX-USDT-SWAP,72673.9,1757303818660
2025-09-08 03:56:58.675000+00:00,GOAT-USDT-SWAP,25827290.0,1757303818675
2025-09-08 03:56:58.664000+00:00,GODS-USDT-SWAP,6493712.0,1757303818664
2025-09-08 03:56:58.664000+00:00,GPS-USDT-SWAP,232129880.0,1757303818664
2025-09-08 03:56:58.662000+00:00,GRASS-USDT-SWAP,2747683.0,1757303818662
2025-09-08 03:56:58.667000+00:00,GRIFFAIN-USDT-SWAP,24953720.0,1757303818667
2025-09-08 03:56:59.180000+00:00,GRT-USDT-SWAP,21794810.0,1757303819180
2025-09-08 03:56:59.173000+00:00,H-USDT-SWAP,62170700.0,1757303819173
2025-09-08 03:56:59.182000+00:00,HBAR-USDT-SWAP,74361579.99999999,1757303819182
2025-09-08 03:56:59.188000+00:00,HMSTR-USDT-SWAP,945152000.0,1757303819188
2025-09-08 03:56:59.180000+00:00,HOME-USDT-SWAP,22806800.0,1757303819180
2025-09-08 03:56:59.192000+00:00,HUMA-USDT-SWAP,93283400.0,1757303819192
2025-09-08 03:56:59.175000+00:00,HYPE-USDT-SWAP,804276.5,1757303819175
2025-09-08 03:56:59.185000+00:00,ICP-USDT-SWAP,1243230.88,1757303819185
2025-09-08 03:56:59.180000+00:00,ICX-USDT-SWAP,6422130.0,1757303819180
2025-09-08 03:56:59.180000+00:00,IMX-USDT-SWAP,6381583.0,1757303819180
2025-09-08 03:56:59.623000+00:00,INIT-USDT-SWAP,2424190.0,1757303819623
2025-09-08 03:56:59.625000+00:00,INJ-USDT-SWAP,877602.7,1757303819625
2025-09-08 03:56:59.630000+00:00,IOST-USDT-SWAP,315068000.0,1757303819630
2025-09-08 03:56:59.649000+00:00,IOTA-USDT-SWAP,15975650.0,1757303819649
2025-09-08 03:56:59.634000+00:00,IP-USDT-SWAP,3405189.0,1757303819634
2025-09-08 03:56:59.638000+00:00,JELLYJELLY-USDT-SWAP,220449500.0,1757303819638
2025-09-08 03:56:59.633000+00:00,JOE-USDT-SWAP,7111630.0,1757303819633
2025-09-08 03:56:59.648000+00:00,JTO-USDT-SWAP,2921719.0,1757303819648
2025-09-08 03:56:59.786000+00:00,JUP-USDT-SWAP,15088480.0,1757303819786
2025-09-08 03:57:00.204000+00:00,KAITO-USDT-SWAP,3335750.0,1757303820204
2025-09-08 03:57:00.197000+00:00,KMNO-USDT-SWAP,18451600.0,1757303820197
2025-09-08 03:57:00.210000+00:00,KSM-USDT-SWAP,127371.9,1757303820210
2025-09-08 03:57:00.218000+00:00,LA-USDT-SWAP,2945810.0,1757303820218
2025-09-08 03:57:00.213000+00:00,LAUNCHCOIN-USDT-SWAP,38899820.0,1757303820213
2025-09-08 03:57:00.222000+00:00,LAYER-USDT-SWAP,5797957.0,1757303820222
2025-09-08 03:57:00.218000+00:00,LDO-USDT-SWAP,14391044.0,1757303820218
2025-09-08 03:57:00.225000+00:00,LINK-USDT-SWAP,2499264.0,1757303820225
2025-09-08 03:57:00.223000+00:00,LPT-USDT-SWAP,853129.2,1757303820223
2025-09-08 03:57:00.214000+00:00,LQTY-USDT-SWAP,1577218.0,1757303820214
2025-09-08 03:57:00.649000+00:00,LRC-USDT-SWAP,16685520.0,1757303820649
2025-09-08 03:57:00.638000+00:00,LTC-USDT-SWAP,634224.5,1757303820638
2025-09-08 03:57:00.648000+00:00,LUNA-USDT-SWAP,15308299.0,1757303820648
2025-09-08 03:57:00.643000+00:00,LUNC-USDT-SWAP,32780300000.0,1757303820643
2025-09-08 03:57:00.735000+00:00,MAGIC-USDT-SWAP,19955098.0,1757303820735
2025-09-08 03:57:00.668000+00:00,MAJOR-USDT-SWAP,4832485.0,1757303820668
2025-09-08 03:57:00.654000+00:00,MANA-USDT-SWAP,11592410.0,1757303820654
2025-09-08 03:57:00.655000+00:00,MASK-USDT-SWAP,3139003.0,1757303820655
2025-09-08 03:57:00.661000+00:00,ME-USDT-SWAP,3100305.0,1757303820661
2025-09-08 03:57:00.648000+00:00,MEME-USDT-SWAP,1714736100.0,1757303820648
2025-09-08 03:57:01.176000+00:00,MERL-USDT-SWAP,56102609.0,1757303821176
2025-09-08 03:57:01.157000+00:00,METIS-USDT-SWAP,97446.6,1757303821157
2025-09-08 03:57:01.169000+00:00,MEW-USDT-SWAP,1046137000.0,1757303821169
2025-09-08 03:57:01.156000+00:00,MINA-USDT-SWAP,7591674.0,1757303821156
2025-09-08 03:57:01.167000+00:00,MOG-USDT-SWAP,595758000000.0,1757303821167
2025-09-08 03:57:01.165000+00:00,MOODENG-USDT-SWAP,45781950.0,1757303821165
2025-09-08 03:57:01.152000+00:00,MORPHO-USDT-SWAP,1361989.0,1757303821152
2025-09-08 03:57:01.186000+00:00,MOVE-USDT-SWAP,28823060.0,1757303821186
2025-09-08 03:57:01.184000+00:00,MUBARAK-USDT-SWAP,13963900.0,1757303821184
2025-09-08 03:57:01.615000+00:00,NEAR-USDT-SWAP,5344409.0,1757303821615
2025-09-08 03:57:01.622000+00:00,NEIRO-USDT-SWAP,8781706000.0,1757303821622
2025-09-08 03:57:01.619000+00:00,NEIROETH-USDT-SWAP,29908300.0,1757303821619
2025-09-08 03:57:01.618000+00:00,NEO-USDT-SWAP,300184.0,1757303821618
2025-09-08 03:57:01.612000+00:00,NEWT-USDT-SWAP,3717040.0,1757303821612
2025-09-08 03:57:01.632000+00:00,NMR-USDT-SWAP,572694.7,1757303821632
2025-09-08 03:57:01.649000+00:00,NOT-USDT-SWAP,1740703300.0,1757303821649
2025-09-08 03:57:01.664000+00:00,NXPC-USDT-SWAP,859451.0,1757303821664
2025-09-08 03:57:01.639000+00:00,OL-USDT-SWAP,89167280.0,1757303821639
2025-09-08 03:57:01.646000+00:00,OM-USDT-SWAP,26695682.0,1757303821646
2025-09-08 03:57:02.098000+00:00,ONDO-USDT-SWAP,19550930.0,1757303822098
2025-09-08 03:57:02.087000+00:00,ONE-USDT-SWAP,79796200.0,1757303822087
2025-09-08 03:57:02.104000+00:00,ONT-USDT-SWAP,13449150.0,1757303822104
2025-09-08 03:57:02.088000+00:00,OP-USDT-SWAP,20694116.0,1757303822088
2025-09-08 03:57:02.090000+00:00,ORBS-USDT-SWAP,27790300.0,1757303822090
2025-09-08 03:57:02.097000+00:00,ORDI-USDT-SWAP,1195729.8,1757303822097
2025-09-08 03:57:02.098000+00:00,PARTI-USDT-SWAP,13297420.0,1757303822098
2025-09-08 03:57:02.083000+00:00,PENGU-USDT-SWAP,592711100.0,1757303822083
2025-09-08 03:57:02.102000+00:00,PEOPLE-USDT-SWAP,305736700.0,1757303822102
2025-09-08 03:57:02.105000+00:00,PEPE-USDT-SWAP,6718156000000.002,1757303822105
2025-09-08 03:57:02.522000+00:00,PERP-USDT-SWAP,2503286.0,1757303822522
2025-09-08 03:57:02.525000+00:00,PI-USDT-SWAP,31480090.0,1757303822525
2025-09-08 03:57:02.554000+00:00,PLUME-USDT-SWAP,16321830.0,1757303822554
2025-09-08 03:57:02.548000+00:00,PNUT-USDT-SWAP,38091610.0,1757303822548
2025-09-08 03:57:02.538000+00:00,POL-USDT-SWAP,38129520.0,1757303822538
2025-09-08 03:57:02.547000+00:00,POPCAT-USDT-SWAP,10445780.0,1757303822547
2025-09-08 03:57:02.532000+00:00,PRCL-USDT-SWAP,17601994.0,1757303822532
2025-09-08 03:57:02.524000+00:00,PROMPT-USDT-SWAP,32790140.0,1757303822524
2025-09-08 03:57:02.532000+00:00,PUMP-USDT-SWAP,6870183000.0,1757303822532
2025-09-08 03:57:02.529000+00:00,PYTH-USDT-SWAP,46673220.0,1757303822529
2025-09-08 03:57:02.989000+00:00,QTUM-USDT-SWAP,1245298.0,1757303822989
2025-09-08 03:57:02.963000+00:00,RAY-USDT-SWAP,957556.0,1757303822963
2025-09-08 03:57:02.973000+00:00,RENDER-USDT-SWAP,1351708.0,1757303822973
2025-09-08 03:57:02.986000+00:00,RESOLV-USDT-SWAP,27330980.0,1757303822986
2025-09-08 03:57:02.983000+00:00,RSR-USDT-SWAP,253334600.0,1757303822983
2025-09-08 03:57:02.983000+00:00,RVN-USDT-SWAP,80105710.0,1757303822983
2025-09-08 03:57:02.976000+00:00,S-USDT-SWAP,13494170.0,1757303822976
2025-09-08 03:57:02.970000+00:00,SAHARA-USDT-SWAP,56492030.0,1757303822970
2025-09-08 03:57:02.998000+00:00,SAND-USDT-SWAP,19654060.0,1757303822998
2025-09-08 03:57:02.981000+00:00,SATS-USDT-SWAP,174828200000000.0,1757303822981
2025-09-08 03:57:03.442000+00:00,SCR-USDT-SWAP,3304406.0,1757303823442
2025-09-08 03:57:03.419000+00:00,SHELL-USDT-SWAP,5804160.0,1757303823419
2025-09-08 03:57:03.429000+00:00,SHIB-USDT-SWAP,1429203400000.0,1757303823429
2025-09-08 03:57:03.436000+00:00,SIGN-USDT-SWAP,46278700.0,1757303823436
2025-09-08 03:57:03.423000+00:00,SLP-USDT-SWAP,448207020.0,1757303823423
2025-09-08 03:57:03.443000+00:00,SNX-USDT-SWAP,2556648.0,1757303823443
2025-09-08 03:57:03.431000+00:00,SOL-USDT-SWAP,3299652.9900000026,1757303823431
2025-09-08 03:57:03.434000+00:00,SOLV-USDT-SWAP,59079900.0,1757303823434
2025-09-08 03:57:03.439000+00:00,SONIC-USDT-SWAP,7532398.0,1757303823439
2025-09-08 03:57:03.428000+00:00,SOON-USDT-SWAP,13222160.0,1757303823428
2025-09-08 03:57:03.896000+00:00,SOPH-USDT-SWAP,87732500.0,1757303823896
2025-09-08 03:57:03.867000+00:00,SPK-USDT-SWAP,152798500.0,1757303823867
2025-09-08 03:57:03.875000+00:00,SPX-USDT-SWAP,1216228.0,1757303823875
2025-09-08 03:57:03.877000+00:00,SSV-USDT-SWAP,309901.0,1757303823877
2025-09-08 03:57:03.879000+00:00,STORJ-USDT-SWAP,5565240.0,1757303823879
2025-09-08 03:57:03.887000+00:00,STRK-USDT-SWAP,25235682.0,1757303823887
2025-09-08 03:57:03.876000+00:00,STX-USDT-SWAP,6745760.0,1757303823876
2025-09-08 03:57:03.866000+00:00,SUI-USDT-SWAP,20696983.0,1757303823866
2025-09-08 03:57:03.899000+00:00,SUSHI-USDT-SWAP,8381029.0,1757303823899
2025-09-08 03:57:03.884000+00:00,SWARMS-USDT-SWAP,82450380.0,1757303823884
2025-09-08 03:57:04.335000+00:00,SYRUP-USDT-SWAP,3317080.0,1757303824335
2025-09-08 03:57:04.327000+00:00,T-USDT-SWAP,39639500.0,1757303824327
2025-09-08 03:57:04.366000+00:00,TAO-USDT-SWAP,15136.74,1757303824366
2025-09-08 03:57:04.347000+00:00,THETA-USDT-SWAP,2594957.9999999995,1757303824347
2025-09-08 03:57:04.340000+00:00,TIA-USDT-SWAP,5422885.0,1757303824340
2025-09-08 03:57:04.329000+00:00,TNSR-USDT-SWAP,8186157.0,1757303824329
2025-09-08 03:57:04.336000+00:00,TON-USDT-SWAP,9455254.0,1757303824336
2025-09-08 03:57:04.339000+00:00,TRB-USDT-SWAP,274045.0,1757303824339
2025-09-08 03:57:04.340000+00:00,TREE-USDT-SWAP,6622167.0,1757303824340
2025-09-08 03:57:04.347000+00:00,TRUMP-USDT-SWAP,5419445.5,1757303824347
2025-09-08 03:57:04.785000+00:00,TRX-USDT-SWAP,107400980.00000004,1757303824785
2025-09-08 03:57:04.778000+00:00,TURBO-USDT-SWAP,799078000.0000001,1757303824778
2025-09-08 03:57:04.779000+00:00,UMA-USDT-SWAP,1469950.4,1757303824779
2025-09-08 03:57:04.790000+00:00,UNI-USDT-SWAP,3228160.0,1757303824790
2025-09-08 03:57:04.786000+00:00,USDC-USDT-SWAP,1100200.0,1757303824786
2025-09-08 03:57:04.798000+00:00,USELESS-USDT-SWAP,15060500.0,1757303824798
2025-09-08 03:57:04.786000+00:00,USTC-USDT-SWAP,138422900.0,1757303824786
2025-09-08 03:57:04.783000+00:00,UXLINK-USDT-SWAP,6304110.0,1757303824783
2025-09-08 03:57:04.792000+00:00,VANA-USDT-SWAP,134461.3,1757303824792
2025-09-08 03:57:04.799000+00:00,VINE-USDT-SWAP,102908240.0,1757303824799
2025-09-08 03:57:05.216000+00:00,VIRTUAL-USDT-SWAP,3343514.0,1757303825216
2025-09-08 03:57:05.226000+00:00,W-USDT-SWAP,48078811.0,1757303825226
2025-09-08 03:57:05.224000+00:00,WAL-USDT-SWAP,2114820.0,1757303825224
2025-09-08 03:57:05.213000+00:00,WAXP-USDT-SWAP,28395000.0,1757303825213
2025-09-08 03:57:05.219000+00:00,WCT-USDT-SWAP,10420390.0,1757303825219
2025-09-08 03:57:05.227000+00:00,WIF-USDT-SWAP,16884238.0,1757303825227
2025-09-08 03:57:05.215000+00:00,WLD-USDT-SWAP,38497654.0,1757303825215
2025-09-08 03:57:05.216000+00:00,WLFI-USDT-SWAP,286298270.0,1757303825216
2025-09-08 03:57:05.218000+00:00,WOO-USDT-SWAP,15237160.0,1757303825218
2025-09-08 03:57:05.236000+00:00,XAUT-USDT-SWAP,5662.868,1757303825236
2025-09-08 03:57:05.658000+00:00,XLM-USDT-SWAP,39081810.0,1757303825658
2025-09-08 03:57:05.652000+00:00,XPL-USDT-SWAP,6942220.0,1757303825652
2025-09-08 03:57:05.658000+00:00,XRP-USDT-SWAP,92188343.99999999,1757303825658
2025-09-08 03:57:05.659000+00:00,XTZ-USDT-SWAP,5557543.0,1757303825659
2025-09-08 03:57:05.688000+00:00,YFI-USDT-SWAP,364.658,1757303825688
2025-09-08 03:57:05.666000+00:00,YGG-USDT-SWAP,28035920.0,1757303825666
2025-09-08 03:57:05.664000+00:00,ZENT-USDT-SWAP,211844000.0,1757303825664
2025-09-08 03:57:05.653000+00:00,ZEREBRO-USDT-SWAP,80268220.0,1757303825653
2025-09-08 03:57:05.658000+00:00,ZETA-USDT-SWAP,5755980.0,1757303825658
2025-09-08 03:57:05.659000+00:00,ZIL-USDT-SWAP,160358700.0,1757303825659
2025-09-08 03:57:06.117000+00:00,ZK-USDT-SWAP,49642960.0,1757303826117
2025-09-08 03:57:06.113000+00:00,ZRO-USDT-SWAP,2086103.0,1757303826113
2025-09-08 03:57:06.118000+00:00,ZRX-USDT-SWAP,8669480.0,1757303826118
2025-09-08 03:58:06.822000+00:00,1INCH-USDT-SWAP,8297400.0,1757303886822
2025-09-08 03:58:06.852000+00:00,A-USDT-SWAP,9659210.0,1757303886852
2025-09-08 03:58:06.839000+00:00,AAVE-USDT-SWAP,130620.50000000003,1757303886839
2025-09-08 03:58:06.837000+00:00,ACE-USDT-SWAP,1963761.0,1757303886837
2025-09-08 03:58:06.850000+00:00,ACH-USDT-SWAP,78383900.0,1757303886850
2025-09-08 03:58:06.870000+00:00,ACT-USDT-SWAP,83877602.0,1757303886870
2025-09-08 03:58:06.884000+00:00,ADA-USDT-SWAP,79912280.00000004,1757303886884
2025-09-08 03:58:06.845000+00:00,AERO-USDT-SWAP,1663900.0,1757303886845
2025-09-08 03:58:06.838000+00:00,AEVO-USDT-SWAP,12670115.0,1757303886838
2025-09-08 03:58:06.857000+00:00,AGLD-USDT-SWAP,1932891.0,1757303886857
2025-09-08 03:58:07.301000+00:00,AI16Z-USDT-SWAP,50189744.0,1757303887301
2025-09-08 03:58:07.317000+00:00,AIXBT-USDT-SWAP,23262070.0,1757303887317
2025-09-08 03:58:07.325000+00:00,ALCH-USDT-SWAP,22978970.0,1757303887325
2025-09-08 03:58:07.320000+00:00,ALGO-USDT-SWAP,27986790.0,1757303887320
2025-09-08 03:58:07.313000+00:00,ANIME-USDT-SWAP,106269460.0,1757303887313
2025-09-08 03:58:07.325000+00:00,APE-USDT-SWAP,8330503.1,1757303887325
2025-09-08 03:58:07.317000+00:00,API3-USDT-SWAP,3706459.0,1757303887317
2025-09-08 03:58:07.313000+00:00,APT-USDT-SWAP,3617649.0,1757303887313
2025-09-08 03:58:07.329000+00:00,AR-USDT-SWAP,528442.7,1757303887329
2025-09-08 03:58:07.333000+00:00,ARB-USDT-SWAP,33944993.99999999,1757303887333
2025-09-08 03:58:07.794000+00:00,ARC-USDT-SWAP,61546100.0,1757303887794
2025-09-08 03:58:07.792000+00:00,ARKM-USDT-SWAP,3594567.0,1757303887792
2025-09-08 03:58:07.784000+00:00,ATH-USDT-SWAP,141552900.0,1757303887784
2025-09-08 03:58:07.795000+00:00,ATOM-USDT-SWAP,1909234.0,1757303887795
2025-09-08 03:58:07.786000+00:00,AUCTION-USDT-SWAP,214610.5,1757303887786
2025-09-08 03:58:07.796000+00:00,AVAAI-USDT-SWAP,53446610.0,1757303887796
2025-09-08 03:58:07.798000+00:00,AVAX-USDT-SWAP,1896704.4,1757303887798
2025-09-08 03:58:07.789000+00:00,AXS-USDT-SWAP,1175341.0,1757303887789
2025-09-08 03:58:07.810000+00:00,BABY-USDT-SWAP,39045890.0,1757303887810
2025-09-08 03:58:07.781000+00:00,BAND-USDT-SWAP,1527075.0,1757303887781
2025-09-08 03:58:08.288000+00:00,BAT-USDT-SWAP,5610100.0,1757303888288
2025-09-08 03:58:08.294000+00:00,BCH-USDT-SWAP,82430.26999999999,1757303888294
2025-09-08 03:58:08.288000+00:00,BERA-USDT-SWAP,2335753.3,1757303888288
2025-09-08 03:58:08.297000+00:00,BICO-USDT-SWAP,6595423.0,1757303888297
2025-09-08 03:58:08.283000+00:00,BIGTIME-USDT-SWAP,42075270.0,1757303888283
2025-09-08 03:58:08.308000+00:00,BIO-USDT-SWAP,70686204.0,1757303888308
2025-09-08 03:58:08.296000+00:00,BLUR-USDT-SWAP,25181680.0,1757303888296
2025-09-08 03:58:08.288000+00:00,BNB-USDT-SWAP,96561.35,1757303888288
2025-09-08 03:58:08.300000+00:00,BNT-USDT-SWAP,737670.0,1757303888300
2025-09-08 03:58:08.290000+00:00,BOME-USDT-SWAP,1377630000.0,1757303888290
2025-09-08 03:58:08.720000+00:00,BONK-USDT-SWAP,512224500000.0,1757303888720
2025-09-08 03:58:08.732000+00:00,BRETT-USDT-SWAP,12889700.0,1757303888732
2025-09-08 03:58:08.730000+00:00,BTC-USDT-SWAP,26503.54170000006,1757303888730
2025-09-08 03:58:08.723000+00:00,CAT-USDT-SWAP,198018100000.0,1757303888723
2025-09-08 03:58:08.729000+00:00,CATI-USDT-SWAP,17382739.0,1757303888729
2025-09-08 03:58:08.730000+00:00,CELO-USDT-SWAP,4412795.0,1757303888730
2025-09-08 03:58:08.723000+00:00,CETUS-USDT-SWAP,17818880.0,1757303888723
2025-09-08 03:58:08.731000+00:00,CFX-USDT-SWAP,76500100.0,1757303888731
2025-09-08 03:58:08.735000+00:00,CHZ-USDT-SWAP,80079850.0,1757303888735
2025-09-08 03:58:08.736000+00:00,COMP-USDT-SWAP,93971.7,1757303888736
2025-09-08 03:58:09.176000+00:00,COOKIE-USDT-SWAP,4383350.0,1757303889176
2025-09-08 03:58:09.159000+00:00,CORE-USDT-SWAP,9793479.0,1757303889159
2025-09-08 03:58:09.152000+00:00,CRO-USDT-SWAP,63551040.0,1757303889152
2025-09-08 03:58:09.161000+00:00,CRV-USDT-SWAP,25727602.0,1757303889161
2025-09-08 03:58:09.154000+00:00,CTC-USDT-SWAP,1713670.0,1757303889154
2025-09-08 03:58:09.165000+00:00,CVC-USDT-SWAP,9637800.0,1757303889165
2025-09-08 03:58:09.152000+00:00,CVX-USDT-SWAP,297100.0,1757303889152
2025-09-08 03:58:09.157000+00:00,DEGEN-USDT-SWAP,304579300.0,1757303889157
2025-09-08 03:58:09.189000+00:00,DGB-USDT-SWAP,49156600.0,1757303889189
2025-09-08 03:58:09.163000+00:00,DOG-USDT-SWAP,544269000.0,1757303889163
2025-09-08 03:58:09.634000+00:00,DOGE-USDT-SWAP,1561600100.0,1757303889634
2025-09-08 03:58:09.624000+00:00,DOGS-USDT-SWAP,18415774000.0,1757303889624
2025-09-08 03:58:09.635000+00:00,DOOD-USDT-SWAP,137659000.0,1757303889635
2025-09-08 03:58:09.625000+00:00,DOT-USDT-SWAP,6782076.0,1757303889625
2025-09-08 03:58:09.626000+00:00,DUCK-USDT-SWAP,834393200.0,1757303889626
2025-09-08 03:58:09.633000+00:00,DYDX-USDT-SWAP,9153656.0,1757303889633
2025-09-08 03:58:09.639000+00:00,EGLD-USDT-SWAP,99072.4,1757303889639
2025-09-08 03:58:09.638000+00:00,EIGEN-USDT-SWAP,4012122.0,1757303889638
2025-09-08 03:58:09.643000+00:00,ENJ-USDT-SWAP,12972160.0,1757303889643
2025-09-08 03:58:09.637000+00:00,ENS-USDT-SWAP,365159.5,1757303889637
2025-09-08 03:58:10.062000+00:00,ETC-USDT-SWAP,1082748.2000000004,1757303890062
2025-09-08 03:58:10.063000+00:00,ETH-USDT-SWAP,727070.9280000022,1757303890063
2025-09-08 03:58:10.072000+00:00,ETHFI-USDT-SWAP,8489109.0,1757303890072
2025-09-08 03:58:10.065000+00:00,ETHW-USDT-SWAP,1291153.9,1757303890065
2025-09-08 03:58:10.071000+00:00,FARTCOIN-USDT-SWAP,20837354.0,1757303890071
2025-09-08 03:58:10.071000+00:00,FIL-USDT-SWAP,14312915.2,1757303890071
2025-09-08 03:58:10.105000+00:00,FLM-USDT-SWAP,26002920.0,1757303890105
2025-09-08 03:58:10.073000+00:00,FLOKI-USDT-SWAP,40990000000.0,1757303890073
2025-09-08 03:58:10.081000+00:00,FLOW-USDT-SWAP,4518160.0,1757303890081
2025-09-08 03:58:10.065000+00:00,FXS-USDT-SWAP,245509.0,1757303890065
2025-09-08 03:58:10.536000+00:00,GALA-USDT-SWAP,441220700.0,1757303890536
2025-09-08 03:58:10.543000+00:00,GAS-USDT-SWAP,465637.0,1757303890543
2025-09-08 03:58:10.547000+00:00,GLM-USDT-SWAP,2716150.0,1757303890547
2025-09-08 03:58:10.550000+00:00,GMT-USDT-SWAP,47285529.0,1757303890550
2025-09-08 03:58:10.529000+00:00,GMX-USDT-SWAP,72662.9,1757303890529
2025-09-08 03:58:10.543000+00:00,GOAT-USDT-SWAP,25769740.0,1757303890543
2025-09-08 03:58:10.565000+00:00,GODS-USDT-SWAP,6481977.0,1757303890565
2025-09-08 03:58:10.535000+00:00,GPS-USDT-SWAP,232128250.0,1757303890535
2025-09-08 03:58:10.548000+00:00,GRASS-USDT-SWAP,2746792.0,1757303890548
2025-09-08 03:58:10.543000+00:00,GRIFFAIN-USDT-SWAP,24885450.0,1757303890543
2025-09-08 03:58:10.977000+00:00,GRT-USDT-SWAP,21789420.0,1757303890977
2025-09-08 03:58:10.979000+00:00,H-USDT-SWAP,62168400.0,1757303890979
2025-09-08 03:58:11.120000+00:00,HBAR-USDT-SWAP,74360200.0,1757303891120
2025-09-08 03:58:11.145000+00:00,HMSTR-USDT-SWAP,945118500.0,1757303891145
2025-09-08 03:58:11.097000+00:00,HOME-USDT-SWAP,22826900.0,1757303891097
2025-09-08 03:58:10.984000+00:00,HUMA-USDT-SWAP,93224400.0,1757303890984
2025-09-08 03:58:10.989000+00:00,HYPE-USDT-SWAP,804904.4,1757303890989
2025-09-08 03:58:10.992000+00:00,ICP-USDT-SWAP,1243079.62,1757303890992
2025-09-08 03:58:10.997000+00:00,ICX-USDT-SWAP,6422000.0,1757303890997
2025-09-08 03:58:10.999000+00:00,IMX-USDT-SWAP,6387076.0,1757303890999
2025-09-08 03:58:11.565000+00:00,INIT-USDT-SWAP,2423810.0,1757303891565
2025-09-08 03:58:11.578000+00:00,INJ-USDT-SWAP,877646.8,1757303891578
2025-09-08 03:58:11.573000+00:00,IOST-USDT-SWAP,315093000.0,1757303891573
2025-09-08 03:58:11.586000+00:00,IOTA-USDT-SWAP,15975930.0,1757303891586
2025-09-08 03:58:11.577000+00:00,IP-USDT-SWAP,3401769.0,1757303891577
2025-09-08 03:58:11.600000+00:00,JELLYJELLY-USDT-SWAP,220600200.0,1757303891600
2025-09-08 03:58:11.575000+00:00,JOE-USDT-SWAP,7111630.0,1757303891575
2025-09-08 03:58:11.579000+00:00,JTO-USDT-SWAP,2921975.0,1757303891579
2025-09-08 03:58:11.584000+00:00,JUP-USDT-SWAP,15080680.0,1757303891584
2025-09-08 03:58:12.021000+00:00,KAITO-USDT-SWAP,3336478.0,1757303892021
2025-09-08 03:58:12.026000+00:00,KMNO-USDT-SWAP,18450200.0,1757303892026
2025-09-08 03:58:12.021000+00:00,KSM-USDT-SWAP,127371.7,1757303892021
2025-09-08 03:58:12.036000+00:00,LA-USDT-SWAP,2945540.0,1757303892036
2025-09-08 03:58:12.030000+00:00,LAUNCHCOIN-USDT-SWAP,38809620.0,1757303892030
2025-09-08 03:58:12.041000+00:00,LAYER-USDT-SWAP,5798795.0,1757303892041
2025-09-08 03:58:12.021000+00:00,LDO-USDT-SWAP,14386462.0,1757303892021
2025-09-08 03:58:12.030000+00:00,LINK-USDT-SWAP,2499015.6,1757303892030
2025-09-08 03:58:12.023000+00:00,LPT-USDT-SWAP,853223.0,1757303892023
2025-09-08 03:58:12.025000+00:00,LQTY-USDT-SWAP,1578861.0,1757303892025
2025-09-08 03:58:12.479000+00:00,LRC-USDT-SWAP,16691460.0,1757303892479
2025-09-08 03:58:12.484000+00:00,LTC-USDT-SWAP,633876.1000000001,1757303892484
2025-09-08 03:58:12.479000+00:00,LUNA-USDT-SWAP,15308299.0,1757303892479
2025-09-08 03:58:12.481000+00:00,LUNC-USDT-SWAP,32780300000.0,1757303892481
2025-09-08 03:58:12.474000+00:00,MAGIC-USDT-SWAP,19949288.0,1757303892474
2025-09-08 03:58:12.493000+00:00,MAJOR-USDT-SWAP,4832637.0,1757303892493
2025-09-08 03:58:12.486000+00:00,MANA-USDT-SWAP,11591790.0,1757303892486
2025-09-08 03:58:12.514000+00:00,MASK-USDT-SWAP,3139210.0,1757303892514
2025-09-08 03:58:12.485000+00:00,ME-USDT-SWAP,3100266.0,1757303892485
2025-09-08 03:58:12.497000+00:00,MEME-USDT-SWAP,1714194300.0,1757303892497
2025-09-08 03:58:12.955000+00:00,MERL-USDT-SWAP,56125183.0,1757303892955
2025-09-08 03:58:12.978000+00:00,METIS-USDT-SWAP,97454.1,1757303892978
2025-09-08 03:58:12.956000+00:00,MEW-USDT-SWAP,1046081000.0,1757303892956
2025-09-08 03:58:12.967000+00:00,MINA-USDT-SWAP,7592851.0,1757303892967
2025-09-08 03:58:12.952000+00:00,MOG-USDT-SWAP,595539000000.0,1757303892952
2025-09-08 03:58:12.961000+00:00,MOODENG-USDT-SWAP,45808590.0,1757303892961
2025-09-08 03:58:12.963000+00:00,MORPHO-USDT-SWAP,1362920.0,1757303892963
2025-09-08 03:58:12.967000+00:00,MOVE-USDT-SWAP,28825050.0,1757303892967
2025-09-08 03:58:12.955000+00:00,MUBARAK-USDT-SWAP,13966400.0,1757303892955
2025-09-08 03:58:13.405000+00:00,NEAR-USDT-SWAP,5344510.000000001,1757303893405
2025-09-08 03:58:13.404000+00:00,NEIRO-USDT-SWAP,8775401000.0,1757303893404
2025-09-08 03:58:13.401000+00:00,NEIROETH-USDT-SWAP,29907100.0,1757303893401
2025-09-08 03:58:13.413000+00:00,NEO-USDT-SWAP,300001.0,1757303893413
2025-09-08 03:58:13.407000+00:00,NEWT-USDT-SWAP,3715320.0,1757303893407
2025-09-08 03:58:13.410000+00:00,NMR-USDT-SWAP,573485.7,1757303893410
2025-09-08 03:58:13.415000+00:00,NOT-USDT-SWAP,1740710800.0,1757303893415
2025-09-08 03:58:13.407000+00:00,NXPC-USDT-SWAP,859446.0,1757303893407
2025-09-08 03:58:13.413000+00:00,OL-USDT-SWAP,89170180.0,1757303893413
2025-09-08 03:58:13.422000+00:00,OM-USDT-SWAP,26638993.0,1757303893422
2025-09-08 03:58:13.851000+00:00,ONDO-USDT-SWAP,19553850.0,1757303893851
2025-09-08 03:58:13.845000+00:00,ONE-USDT-SWAP,79747800.0,1757303893845
2025-09-08 03:58:13.855000+00:00,ONT-USDT-SWAP,13452100.0,1757303893855
2025-09-08 03:58:13.849000+00:00,OP-USDT-SWAP,20695263.0,1757303893849
2025-09-08 03:58:13.844000+00:00,ORBS-USDT-SWAP,27790300.0,1757303893844
2025-09-08 03:58:13.852000+00:00,ORDI-USDT-SWAP,1194775.1,1757303893852
2025-09-08 03:58:13.846000+00:00,PARTI-USDT-SWAP,13294290.0,1757303893846
2025-09-08 03:58:13.846000+00:00,PENGU-USDT-SWAP,592596900.0,1757303893846
2025-09-08 03:58:13.882000+00:00,PEOPLE-USDT-SWAP,305797900.0,1757303893882
2025-09-08 03:58:14.258000+00:00,PEPE-USDT-SWAP,6722308000000.002,1757303894258
2025-09-08 03:58:14.692000+00:00,PERP-USDT-SWAP,2503286.0,1757303894692
2025-09-08 03:58:14.696000+00:00,PI-USDT-SWAP,31487860.0,1757303894696
2025-09-08 03:58:14.710000+00:00,PLUME-USDT-SWAP,16295910.0,1757303894710
2025-09-08 03:58:14.703000+00:00,PNUT-USDT-SWAP,38105520.0,1757303894703
2025-09-08 03:58:14.688000+00:00,POL-USDT-SWAP,38127370.0,1757303894688
2025-09-08 03:58:14.701000+00:00,POPCAT-USDT-SWAP,10445680.0,1757303894701
2025-09-08 03:58:14.695000+00:00,PRCL-USDT-SWAP,17603229.0,1757303894695
2025-09-08 03:58:14.698000+00:00,PROMPT-USDT-SWAP,32778660.0,1757303894698
2025-09-08 03:58:14.699000+00:00,PUMP-USDT-SWAP,6871420000.0,1757303894699
2025-09-08 03:58:14.719000+00:00,PYTH-USDT-SWAP,46691720.0,1757303894719
2025-09-08 03:58:15.141000+00:00,QTUM-USDT-SWAP,1248352.0,1757303895141
2025-09-08 03:58:15.128000+00:00,RAY-USDT-SWAP,956779.0,1757303895128
2025-09-08 03:58:15.149000+00:00,RENDER-USDT-SWAP,1351840.0,1757303895149
2025-09-08 03:58:15.145000+00:00,RESOLV-USDT-SWAP,27321770.0,1757303895145
2025-09-08 03:58:15.133000+00:00,RSR-USDT-SWAP,253231400.0,1757303895133
2025-09-08 03:58:15.162000+00:00,RVN-USDT-SWAP,80105750.0,1757303895162
2025-09-08 03:58:15.139000+00:00,S-USDT-SWAP,13492000.0,1757303895139
2025-09-08 03:58:15.154000+00:00,SAHARA-USDT-SWAP,56506730.0,1757303895154
2025-09-08 03:58:15.149000+00:00,SAND-USDT-SWAP,19657330.0,1757303895149
2025-09-08 03:58:15.156000+00:00,SATS-USDT-SWAP,174748960000000.0,1757303895156
2025-09-08 03:58:15.583000+00:00,SCR-USDT-SWAP,3303845.0,1757303895583
2025-09-08 03:58:15.581000+00:00,SHELL-USDT-SWAP,5805120.0,1757303895581
2025-09-08 03:58:15.584000+00:00,SHIB-USDT-SWAP,1429198600000.0,1757303895584
2025-09-08 03:58:15.597000+00:00,SIGN-USDT-SWAP,46237800.0,1757303895597
2025-09-08 03:58:15.578000+00:00,SLP-USDT-SWAP,448207020.0,1757303895578
2025-09-08 03:58:15.599000+00:00,SNX-USDT-SWAP,2558205.0,1757303895599
2025-09-08 03:58:15.586000+00:00,SOL-USDT-SWAP,3299088.1000000024,1757303895586
2025-09-08 03:58:15.579000+00:00,SOLV-USDT-SWAP,59056700.0,1757303895579
2025-09-08 03:58:15.587000+00:00,SONIC-USDT-SWAP,7529658.0,1757303895587
2025-09-08 03:58:15.590000+00:00,SOON-USDT-SWAP,13269710.0,1757303895590
2025-09-08 03:58:16.156000+00:00,SOPH-USDT-SWAP,87730100.0,1757303896156
2025-09-08 03:58:16.157000+00:00,SPK-USDT-SWAP,152507800.0,1757303896157
2025-09-08 03:58:16.158000+00:00,SPX-USDT-SWAP,1217399.0,1757303896158
2025-09-08 03:58:16.175000+00:00,SSV-USDT-SWAP,310147.9,1757303896175
2025-09-08 03:58:16.163000+00:00,STORJ-USDT-SWAP,5565070.0,1757303896163
2025-09-08 03:58:16.171000+00:00,STRK-USDT-SWAP,25241825.0,1757303896171
2025-09-08 03:58:16.160000+00:00,STX-USDT-SWAP,6746818.0,1757303896160
2025-09-08 03:58:16.166000+00:00,SUI-USDT-SWAP,20682291.0,1757303896166
2025-09-08 03:58:16.172000+00:00,SUSHI-USDT-SWAP,8381398.0,1757303896172
2025-09-08 03:58:16.175000+00:00,SWARMS-USDT-SWAP,82472360.0,1757303896175
2025-09-08 03:58:16.599000+00:00,SYRUP-USDT-SWAP,3313640.0,1757303896599
2025-09-08 03:58:16.609000+00:00,T-USDT-SWAP,39637400.0,1757303896609
2025-09-08 03:58:16.601000+00:00,TAO-USDT-SWAP,15137.2,1757303896601
2025-09-08 03:58:16.620000+00:00,THETA-USDT-SWAP,2594777.999999999,1757303896620
2025-09-08 03:58:16.606000+00:00,TIA-USDT-SWAP,5422599.0,1757303896606
2025-09-08 03:58:16.615000+00:00,TNSR-USDT-SWAP,8193668.0,1757303896615
2025-09-08 03:58:16.612000+00:00,TON-USDT-SWAP,9455847.0,1757303896612
2025-09-08 03:58:16.599000+00:00,TRB-USDT-SWAP,274015.4,1757303896599
2025-09-08 03:58:16.615000+00:00,TREE-USDT-SWAP,6628702.0,1757303896615
2025-09-08 03:58:16.617000+00:00,TRUMP-USDT-SWAP,5424627.1,1757303896617
2025-09-08 03:58:17.050000+00:00,TRX-USDT-SWAP,107378070.00000004,1757303897050
2025-09-08 03:58:17.046000+00:00,TURBO-USDT-SWAP,800200000.0000001,1757303897046
2025-09-08 03:58:17.046000+00:00,UMA-USDT-SWAP,1470610.1,1757303897046
2025-09-08 03:58:17.042000+00:00,UNI-USDT-SWAP,3227892.0,1757303897042
2025-09-08 03:58:17.039000+00:00,USDC-USDT-SWAP,1100200.0,1757303897039
2025-09-08 03:58:17.063000+00:00,USELESS-USDT-SWAP,15028520.0,1757303897063
2025-09-08 03:58:17.051000+00:00,USTC-USDT-SWAP,138090100.0,1757303897051
2025-09-08 03:58:17.044000+00:00,UXLINK-USDT-SWAP,6303260.0,1757303897044
2025-09-08 03:58:17.057000+00:00,VANA-USDT-SWAP,134444.4,1757303897057
2025-09-08 03:58:17.049000+00:00,VINE-USDT-SWAP,102893930.0,1757303897049
2025-09-08 03:58:17.482000+00:00,VIRTUAL-USDT-SWAP,3339132.0,1757303897482
2025-09-08 03:58:17.483000+00:00,W-USDT-SWAP,48079901.0,1757303897483
2025-09-08 03:58:17.495000+00:00,WAL-USDT-SWAP,2114620.0,1757303897495
2025-09-08 03:58:17.500000+00:00,WAXP-USDT-SWAP,28394900.0,1757303897500
2025-09-08 03:58:17.479000+00:00,WCT-USDT-SWAP,10424460.0,1757303897479
2025-09-08 03:58:17.502000+00:00,WIF-USDT-SWAP,16883735.0,1757303897502
2025-09-08 03:58:17.498000+00:00,WLD-USDT-SWAP,38618966.0,1757303897498
2025-09-08 03:58:17.512000+00:00,WLFI-USDT-SWAP,286902990.0,1757303897512
2025-09-08 03:58:17.503000+00:00,WOO-USDT-SWAP,15239350.0,1757303897503
2025-09-08 03:58:17.491000+00:00,XAUT-USDT-SWAP,5663.806,1757303897491
2025-09-08 03:58:17.944000+00:00,XLM-USDT-SWAP,39070480.0,1757303897944
2025-09-08 03:58:17.967000+00:00,XPL-USDT-SWAP,6942310.0,1757303897967
2025-09-08 03:58:17.934000+00:00,XRP-USDT-SWAP,92175849.99999999,1757303897934
2025-09-08 03:58:17.942000+00:00,XTZ-USDT-SWAP,5557088.0,1757303897942
2025-09-08 03:58:17.929000+00:00,YFI-USDT-SWAP,364.8382,1757303897929
2025-09-08 03:58:17.963000+00:00,YGG-USDT-SWAP,28036391.0,1757303897963
2025-09-08 03:58:17.933000+00:00,ZENT-USDT-SWAP,211960300.0,1757303897933
2025-09-08 03:58:17.943000+00:00,ZEREBRO-USDT-SWAP,80491350.0,1757303897943
2025-09-08 03:58:17.939000+00:00,ZETA-USDT-SWAP,5755050.0,1757303897939
2025-09-08 03:58:17.929000+00:00,ZIL-USDT-SWAP,160363600.0,1757303897929
2025-09-08 03:58:18.381000+00:00,ZK-USDT-SWAP,49654760.0,1757303898381
2025-09-08 03:58:18.390000+00:00,ZRO-USDT-SWAP,2085612.0,1757303898390
2025-09-08 03:58:18.381000+00:00,ZRX-USDT-SWAP,8669920.0,1757303898381
