datetime_utc,symbol,oi_value,timestamp_ms
2025-09-09 01:39:30.322000+00:00,1INCH-USDT-SWAP,8485988.0,1757381970322
2025-09-09 01:39:30.312000+00:00,A-USDT-SWAP,10047130.0,1757381970312
2025-09-09 01:39:30.331000+00:00,AAVE-USDT-SWAP,131575.54000000004,1757381970331
2025-09-09 01:39:30.302000+00:00,ACE-USDT-SWAP,1898350.0,1757381970302
2025-09-09 01:39:30.294000+00:00,ACH-USDT-SWAP,79787700.0,1757381970294
2025-09-09 01:39:30.381000+00:00,ACT-USDT-SWAP,90309836.0,1757381970381
2025-09-09 01:39:30.318000+00:00,ADA-USDT-SWAP,81495380.00000003,1757381970318
2025-09-09 01:39:30.320000+00:00,AERO-USDT-SWAP,1577830.0,1757381970320
2025-09-09 01:39:30.328000+00:00,AEVO-USDT-SWAP,13105465.0,1757381970328
2025-09-09 01:39:30.324000+00:00,AGLD-USDT-SWAP,1816578.0,1757381970324
2025-09-09 01:39:30.826000+00:00,AI16Z-USDT-SWAP,55289257.0,1757381970826
2025-09-09 01:39:30.838000+00:00,AIXBT-USDT-SWAP,26864560.0,1757381970838
2025-09-09 01:39:30.827000+00:00,ALCH-USDT-SWAP,20121440.0,1757381970827
2025-09-09 01:39:30.829000+00:00,ALGO-USDT-SWAP,26998400.0,1757381970829
2025-09-09 01:39:30.826000+00:00,ANIME-USDT-SWAP,108440030.0,1757381970826
2025-09-09 01:39:30.836000+00:00,APE-USDT-SWAP,8097497.1,1757381970836
2025-09-09 01:39:30.853000+00:00,API3-USDT-SWAP,3551414.0,1757381970853
2025-09-09 01:39:30.836000+00:00,APT-USDT-SWAP,3652038.0,1757381970836
2025-09-09 01:39:30.835000+00:00,AR-USDT-SWAP,527825.4,1757381970835
2025-09-09 01:39:30.833000+00:00,ARB-USDT-SWAP,34106828.99999999,1757381970833
2025-09-09 01:39:31.307000+00:00,ARC-USDT-SWAP,62505670.0,1757381971307
2025-09-09 01:39:31.319000+00:00,ARKM-USDT-SWAP,6440976.0,1757381971319
2025-09-09 01:39:31.327000+00:00,ATH-USDT-SWAP,162256900.0,1757381971327
2025-09-09 01:39:31.320000+00:00,ATOM-USDT-SWAP,1982108.0,1757381971320
2025-09-09 01:39:31.331000+00:00,AUCTION-USDT-SWAP,212262.0,1757381971331
2025-09-09 01:39:31.322000+00:00,AVAAI-USDT-SWAP,58733660.0,1757381971322
2025-09-09 01:39:31.322000+00:00,AVAX-USDT-SWAP,2019180.6999999995,1757381971322
2025-09-09 01:39:31.304000+00:00,AXS-USDT-SWAP,1200072.0,1757381971304
2025-09-09 01:39:31.316000+00:00,BABY-USDT-SWAP,42198420.0,1757381971316
2025-09-09 01:39:31.316000+00:00,BAND-USDT-SWAP,1498855.0,1757381971316
2025-09-09 01:39:31.789000+00:00,BAT-USDT-SWAP,5891590.0,1757381971789
2025-09-09 01:39:31.801000+00:00,BCH-USDT-SWAP,78671.44999999998,1757381971801
2025-09-09 01:39:31.795000+00:00,BERA-USDT-SWAP,2434280.3,1757381971795
2025-09-09 01:39:31.785000+00:00,BICO-USDT-SWAP,6705881.0,1757381971785
2025-09-09 01:39:31.801000+00:00,BIGTIME-USDT-SWAP,41432020.0,1757381971801
2025-09-09 01:39:31.802000+00:00,BIO-USDT-SWAP,60115964.0,1757381971802
2025-09-09 01:39:31.810000+00:00,BLUR-USDT-SWAP,24259780.0,1757381971810
2025-09-09 01:39:31.798000+00:00,BNB-USDT-SWAP,96608.49,1757381971798
2025-09-09 01:39:31.802000+00:00,BNT-USDT-SWAP,735520.0,1757381971802
2025-09-09 01:39:31.793000+00:00,BOME-USDT-SWAP,1372371000.0,1757381971793
2025-09-09 01:39:32.276000+00:00,BONK-USDT-SWAP,547520500000.0,1757381972276
2025-09-09 01:39:32.313000+00:00,BRETT-USDT-SWAP,12215700.0,1757381972313
2025-09-09 01:39:32.278000+00:00,BTC-USDT-SWAP,28019.993000000075,1757381972278
2025-09-09 01:39:32.420000+00:00,CAT-USDT-SWAP,197168900000.0,1757381972420
2025-09-09 01:39:32.271000+00:00,CATI-USDT-SWAP,16728385.0,1757381972271
2025-09-09 01:39:32.277000+00:00,CELO-USDT-SWAP,4353789.0,1757381972277
2025-09-09 01:39:32.342000+00:00,CETUS-USDT-SWAP,18455960.0,1757381972342
2025-09-09 01:39:32.271000+00:00,CFX-USDT-SWAP,75919350.0,1757381972271
2025-09-09 01:39:32.292000+00:00,CHZ-USDT-SWAP,77961770.0,1757381972292
2025-09-09 01:39:32.276000+00:00,COMP-USDT-SWAP,88213.3,1757381972276
2025-09-09 01:39:32.857000+00:00,COOKIE-USDT-SWAP,4214600.0,1757381972857
2025-09-09 01:39:32.857000+00:00,CORE-USDT-SWAP,9654772.0,1757381972857
2025-09-09 01:39:32.865000+00:00,CRO-USDT-SWAP,62124710.0,1757381972865
2025-09-09 01:39:32.881000+00:00,CRV-USDT-SWAP,24698326.0,1757381972881
2025-09-09 01:39:32.874000+00:00,CTC-USDT-SWAP,1731730.0,1757381972874
2025-09-09 01:39:32.852000+00:00,CVC-USDT-SWAP,9853400.0,1757381972852
2025-09-09 01:39:32.876000+00:00,CVX-USDT-SWAP,304150.0,1757381972876
2025-09-09 01:39:32.860000+00:00,DEGEN-USDT-SWAP,293623500.0,1757381972860
2025-09-09 01:39:32.858000+00:00,DGB-USDT-SWAP,44296200.0,1757381972858
2025-09-09 01:39:32.888000+00:00,DOG-USDT-SWAP,441167000.0,1757381972888
2025-09-09 01:39:33.336000+00:00,DOGE-USDT-SWAP,1621293329.9999998,1757381973336
2025-09-09 01:39:33.350000+00:00,DOGS-USDT-SWAP,17727531000.0,1757381973350
2025-09-09 01:39:33.366000+00:00,DOOD-USDT-SWAP,145667000.0,1757381973366
2025-09-09 01:39:33.381000+00:00,DOT-USDT-SWAP,6417186.0,1757381973381
2025-09-09 01:39:33.344000+00:00,DUCK-USDT-SWAP,876418700.0,1757381973344
2025-09-09 01:39:33.340000+00:00,DYDX-USDT-SWAP,9881376.0,1757381973340
2025-09-09 01:39:33.360000+00:00,EGLD-USDT-SWAP,109747.4,1757381973360
2025-09-09 01:39:33.340000+00:00,EIGEN-USDT-SWAP,3539605.0,1757381973340
2025-09-09 01:39:33.345000+00:00,ENJ-USDT-SWAP,13070950.0,1757381973345
2025-09-09 01:39:33.353000+00:00,ENS-USDT-SWAP,348902.2,1757381973353
2025-09-09 01:39:33.824000+00:00,ETC-USDT-SWAP,1063037.7000000004,1757381973824
2025-09-09 01:39:33.824000+00:00,ETH-USDT-SWAP,763350.127000002,1757381973824
2025-09-09 01:39:33.818000+00:00,ETHFI-USDT-SWAP,8075909.0,1757381973818
2025-09-09 01:39:33.823000+00:00,ETHW-USDT-SWAP,1271793.0,1757381973823
2025-09-09 01:39:33.842000+00:00,FARTCOIN-USDT-SWAP,19098640.0,1757381973842
2025-09-09 01:39:33.841000+00:00,FIL-USDT-SWAP,14496269.2,1757381973841
2025-09-09 01:39:33.846000+00:00,FLM-USDT-SWAP,26841040.0,1757381973846
2025-09-09 01:39:33.828000+00:00,FLOKI-USDT-SWAP,39614400000.0,1757381973828
2025-09-09 01:39:33.847000+00:00,FLOW-USDT-SWAP,4544440.0,1757381973847
2025-09-09 01:39:33.860000+00:00,FXS-USDT-SWAP,393333.0,1757381973860
2025-09-09 01:39:34.305000+00:00,GALA-USDT-SWAP,435371840.0,1757381974305
2025-09-09 01:39:34.312000+00:00,GAS-USDT-SWAP,442891.0,1757381974312
2025-09-09 01:39:34.309000+00:00,GLM-USDT-SWAP,2764570.0,1757381974309
2025-09-09 01:39:34.313000+00:00,GMT-USDT-SWAP,47855398.0,1757381974313
2025-09-09 01:39:34.329000+00:00,GMX-USDT-SWAP,73612.5,1757381974329
2025-09-09 01:39:34.314000+00:00,GOAT-USDT-SWAP,30925490.0,1757381974314
2025-09-09 01:39:34.322000+00:00,GODS-USDT-SWAP,6770477.0,1757381974322
2025-09-09 01:39:34.308000+00:00,GPS-USDT-SWAP,191505110.0,1757381974308
2025-09-09 01:39:34.311000+00:00,GRASS-USDT-SWAP,2622135.0,1757381974311
2025-09-09 01:39:34.326000+00:00,GRIFFAIN-USDT-SWAP,26160930.0,1757381974326
2025-09-09 01:39:34.789000+00:00,GRT-USDT-SWAP,22505390.0,1757381974789
2025-09-09 01:39:34.795000+00:00,H-USDT-SWAP,68509700.0,1757381974795
2025-09-09 01:39:34.810000+00:00,HBAR-USDT-SWAP,73765230.0,1757381974810
2025-09-09 01:39:34.799000+00:00,HMSTR-USDT-SWAP,953387900.0,1757381974799
2025-09-09 01:39:34.802000+00:00,HOME-USDT-SWAP,21376500.0,1757381974802
2025-09-09 01:39:34.804000+00:00,HUMA-USDT-SWAP,87727800.0,1757381974804
2025-09-09 01:39:34.820000+00:00,HYPE-USDT-SWAP,922918.0,1757381974820
2025-09-09 01:39:34.805000+00:00,ICP-USDT-SWAP,1280107.15,1757381974805
2025-09-09 01:39:34.805000+00:00,ICX-USDT-SWAP,5980770.0,1757381974805
2025-09-09 01:39:34.804000+00:00,IMX-USDT-SWAP,6580999.0,1757381974804
2025-09-09 01:39:35.306000+00:00,INIT-USDT-SWAP,3892790.0,1757381975306
2025-09-09 01:39:35.271000+00:00,INJ-USDT-SWAP,859927.1,1757381975271
2025-09-09 01:39:35.277000+00:00,IOST-USDT-SWAP,306552000.0,1757381975277
2025-09-09 01:39:35.264000+00:00,IOTA-USDT-SWAP,15619920.0,1757381975264
2025-09-09 01:39:35.277000+00:00,IP-USDT-SWAP,2906372.0,1757381975277
2025-09-09 01:39:35.271000+00:00,JELLYJELLY-USDT-SWAP,204646100.0,1757381975271
2025-09-09 01:39:35.279000+00:00,JOE-USDT-SWAP,7204430.0,1757381975279
2025-09-09 01:39:35.283000+00:00,JTO-USDT-SWAP,2865814.0,1757381975283
2025-09-09 01:39:35.272000+00:00,JUP-USDT-SWAP,14446410.0,1757381975272
2025-09-09 01:39:35.748000+00:00,KAITO-USDT-SWAP,5436904.0,1757381975748
2025-09-09 01:39:35.750000+00:00,KMNO-USDT-SWAP,17351200.0,1757381975750
2025-09-09 01:39:35.746000+00:00,KSM-USDT-SWAP,128647.9,1757381975746
2025-09-09 01:39:35.742000+00:00,LA-USDT-SWAP,2762760.0,1757381975742
2025-09-09 01:39:35.751000+00:00,LAUNCHCOIN-USDT-SWAP,54815230.0,1757381975751
2025-09-09 01:39:35.747000+00:00,LAYER-USDT-SWAP,5601020.0,1757381975747
2025-09-09 01:39:35.767000+00:00,LDO-USDT-SWAP,14539314.0,1757381975767
2025-09-09 01:39:35.744000+00:00,LINK-USDT-SWAP,2623414.1999999993,1757381975744
2025-09-09 01:39:35.743000+00:00,LPT-USDT-SWAP,828772.1,1757381975743
2025-09-09 01:39:35.755000+00:00,LQTY-USDT-SWAP,1552625.0,1757381975755
2025-09-09 01:39:36.217000+00:00,LRC-USDT-SWAP,17185540.0,1757381976217
2025-09-09 01:39:36.223000+00:00,LTC-USDT-SWAP,676508.3,1757381976223
2025-09-09 01:39:36.229000+00:00,LUNA-USDT-SWAP,15361804.0,1757381976229
2025-09-09 01:39:36.220000+00:00,LUNC-USDT-SWAP,32381570000.0,1757381976220
2025-09-09 01:39:36.241000+00:00,MAGIC-USDT-SWAP,20946874.0,1757381976241
2025-09-09 01:39:36.223000+00:00,MAJOR-USDT-SWAP,4604281.0,1757381976223
2025-09-09 01:39:36.239000+00:00,MANA-USDT-SWAP,10125930.0,1757381976239
2025-09-09 01:39:36.221000+00:00,MASK-USDT-SWAP,2953018.0,1757381976221
2025-09-09 01:39:36.212000+00:00,ME-USDT-SWAP,3534910.0,1757381976212
2025-09-09 01:39:36.234000+00:00,MEME-USDT-SWAP,1564108900.0,1757381976234
2025-09-09 01:39:36.699000+00:00,MERL-USDT-SWAP,50176445.0,1757381976699
2025-09-09 01:39:36.714000+00:00,METIS-USDT-SWAP,94793.1,1757381976714
2025-09-09 01:39:36.705000+00:00,MEW-USDT-SWAP,1024496000.0,1757381976705
2025-09-09 01:39:36.696000+00:00,MINA-USDT-SWAP,7059555.0,1757381976696
2025-09-09 01:39:36.698000+00:00,MOG-USDT-SWAP,606710000000.0,1757381976698
2025-09-09 01:39:36.721000+00:00,MOODENG-USDT-SWAP,45029530.0,1757381976721
2025-09-09 01:39:36.687000+00:00,MORPHO-USDT-SWAP,1322664.0,1757381976687
2025-09-09 01:39:36.692000+00:00,MOVE-USDT-SWAP,28977890.0,1757381976692
2025-09-09 01:39:36.705000+00:00,MUBARAK-USDT-SWAP,12969200.0,1757381976705
2025-09-09 01:39:37.199000+00:00,NEAR-USDT-SWAP,5241855.0,1757381977199
2025-09-09 01:39:37.172000+00:00,NEIRO-USDT-SWAP,8673080000.0,1757381977172
2025-09-09 01:39:37.194000+00:00,NEIROETH-USDT-SWAP,17586500.0,1757381977194
2025-09-09 01:39:37.182000+00:00,NEO-USDT-SWAP,312696.0,1757381977182
2025-09-09 01:39:37.179000+00:00,NEWT-USDT-SWAP,3386800.0,1757381977179
2025-09-09 01:39:37.182000+00:00,NMR-USDT-SWAP,480284.1,1757381977182
2025-09-09 01:39:37.195000+00:00,NOT-USDT-SWAP,1669811100.0,1757381977195
2025-09-09 01:39:37.172000+00:00,NXPC-USDT-SWAP,888947.0,1757381977172
2025-09-09 01:39:37.171000+00:00,OL-USDT-SWAP,92644810.0,1757381977171
2025-09-09 01:39:37.190000+00:00,OM-USDT-SWAP,26218823.000000004,1757381977190
2025-09-09 01:39:37.644000+00:00,ONDO-USDT-SWAP,18534020.0,1757381977644
2025-09-09 01:39:37.636000+00:00,ONE-USDT-SWAP,83060700.0,1757381977636
2025-09-09 01:39:37.641000+00:00,ONT-USDT-SWAP,13659120.0,1757381977641
2025-09-09 01:39:37.669000+00:00,OP-USDT-SWAP,23180517.0,1757381977669
2025-09-09 01:39:37.655000+00:00,ORBS-USDT-SWAP,25693500.0,1757381977655
2025-09-09 01:39:37.643000+00:00,ORDI-USDT-SWAP,1186201.8,1757381977643
2025-09-09 01:39:37.650000+00:00,PARTI-USDT-SWAP,13775520.0,1757381977650
2025-09-09 01:39:37.648000+00:00,PENGU-USDT-SWAP,660856100.0,1757381977648
2025-09-09 01:39:37.646000+00:00,PEOPLE-USDT-SWAP,314023700.0,1757381977646
2025-09-09 01:39:37.653000+00:00,PEPE-USDT-SWAP,7623159000000.0,1757381977653
2025-09-09 01:39:38.134000+00:00,PERP-USDT-SWAP,2601425.0,1757381978134
2025-09-09 01:39:38.138000+00:00,PI-USDT-SWAP,31850872.0,1757381978138
2025-09-09 01:39:38.135000+00:00,PLUME-USDT-SWAP,15910060.0,1757381978135
2025-09-09 01:39:38.131000+00:00,PNUT-USDT-SWAP,40352620.0,1757381978131
2025-09-09 01:39:38.156000+00:00,POL-USDT-SWAP,37614770.0,1757381978156
2025-09-09 01:39:38.148000+00:00,POPCAT-USDT-SWAP,9713560.0,1757381978148
2025-09-09 01:39:38.147000+00:00,PRCL-USDT-SWAP,13506341.0,1757381978147
2025-09-09 01:39:38.134000+00:00,PROMPT-USDT-SWAP,33939610.0,1757381978134
2025-09-09 01:39:38.145000+00:00,PUMP-USDT-SWAP,6676001000.0,1757381978145
2025-09-09 01:39:38.137000+00:00,PYTH-USDT-SWAP,45642410.0,1757381978137
2025-09-09 01:39:38.650000+00:00,QTUM-USDT-SWAP,1333958.0,1757381978650
2025-09-09 01:39:38.647000+00:00,RAY-USDT-SWAP,985043.0,1757381978647
2025-09-09 01:39:38.661000+00:00,RENDER-USDT-SWAP,1286752.0,1757381978661
2025-09-09 01:39:38.660000+00:00,RESOLV-USDT-SWAP,25625880.0,1757381978660
2025-09-09 01:39:38.660000+00:00,RSR-USDT-SWAP,256392200.0,1757381978660
2025-09-09 01:39:38.655000+00:00,RVN-USDT-SWAP,77132200.0,1757381978655
2025-09-09 01:39:38.671000+00:00,S-USDT-SWAP,12394880.0,1757381978671
2025-09-09 01:39:38.655000+00:00,SAHARA-USDT-SWAP,63999940.0,1757381978655
2025-09-09 01:39:38.651000+00:00,SAND-USDT-SWAP,19256010.0,1757381978651
2025-09-09 01:39:38.668000+00:00,SATS-USDT-SWAP,177704100000000.0,1757381978668
2025-09-09 01:39:39.140000+00:00,SCR-USDT-SWAP,3369433.0,1757381979140
2025-09-09 01:39:39.141000+00:00,SHELL-USDT-SWAP,5492700.0,1757381979141
2025-09-09 01:39:39.140000+00:00,SHIB-USDT-SWAP,1549727099999.9998,1757381979140
2025-09-09 01:39:39.132000+00:00,SIGN-USDT-SWAP,44887800.0,1757381979132
2025-09-09 01:39:39.160000+00:00,SLP-USDT-SWAP,444117800.0,1757381979160
2025-09-09 01:39:39.604000+00:00,SNX-USDT-SWAP,2632595.0,1757381979604
2025-09-09 01:39:39.153000+00:00,SOL-USDT-SWAP,3653446.7500000005,1757381979153
2025-09-09 01:39:39.140000+00:00,SOLV-USDT-SWAP,67363700.0,1757381979140
2025-09-09 01:39:39.150000+00:00,SONIC-USDT-SWAP,8200941.0,1757381979150
2025-09-09 01:39:39.159000+00:00,SOON-USDT-SWAP,9471580.0,1757381979159
2025-09-09 01:39:40.057000+00:00,SOPH-USDT-SWAP,83367100.0,1757381980057
2025-09-09 01:39:40.058000+00:00,SPK-USDT-SWAP,133745100.0,1757381980058
2025-09-09 01:39:40.053000+00:00,SPX-USDT-SWAP,1112222.0,1757381980053
2025-09-09 01:39:40.081000+00:00,SSV-USDT-SWAP,288456.4,1757381980081
2025-09-09 01:39:40.069000+00:00,STORJ-USDT-SWAP,5563780.0,1757381980069
2025-09-09 01:39:40.049000+00:00,STRK-USDT-SWAP,24795432.0,1757381980049
2025-09-09 01:39:40.076000+00:00,STX-USDT-SWAP,6699601.999999999,1757381980076
2025-09-09 01:39:40.051000+00:00,SUI-USDT-SWAP,20321772.0,1757381980051
2025-09-09 01:39:40.062000+00:00,SUSHI-USDT-SWAP,8242338.0,1757381980062
2025-09-09 01:39:40.059000+00:00,SWARMS-USDT-SWAP,82687070.0,1757381980059
2025-09-09 01:39:40.534000+00:00,SYRUP-USDT-SWAP,2987810.0,1757381980534
2025-09-09 01:39:40.545000+00:00,T-USDT-SWAP,41295900.0,1757381980545
2025-09-09 01:39:40.541000+00:00,TAO-USDT-SWAP,14272.82,1757381980541
2025-09-09 01:39:40.550000+00:00,THETA-USDT-SWAP,2670951.9999999995,1757381980550
2025-09-09 01:39:40.568000+00:00,TIA-USDT-SWAP,5253600.0,1757381980568
2025-09-09 01:39:40.596000+00:00,TNSR-USDT-SWAP,8377966.0,1757381980596
2025-09-09 01:39:40.556000+00:00,TON-USDT-SWAP,9491049.0,1757381980556
2025-09-09 01:39:40.547000+00:00,TRB-USDT-SWAP,272961.3,1757381980547
2025-09-09 01:39:40.536000+00:00,TREE-USDT-SWAP,6359980.0,1757381980536
2025-09-09 01:39:40.540000+00:00,TRUMP-USDT-SWAP,5101264.3,1757381980540
2025-09-09 01:39:41.034000+00:00,TRX-USDT-SWAP,98973450.00000006,1757381981034
2025-09-09 01:39:41.053000+00:00,TURBO-USDT-SWAP,946716000.0000004,1757381981053
2025-09-09 01:39:41.035000+00:00,UMA-USDT-SWAP,1446101.3,1757381981035
2025-09-09 01:39:41.050000+00:00,UNI-USDT-SWAP,3183102.0,1757381981050
2025-09-09 01:39:41.057000+00:00,USDC-USDT-SWAP,1075800.0,1757381981057
2025-09-09 01:39:41.044000+00:00,USELESS-USDT-SWAP,13723620.0,1757381981044
2025-09-09 01:39:41.039000+00:00,USTC-USDT-SWAP,135338100.0,1757381981039
2025-09-09 01:39:41.031000+00:00,UXLINK-USDT-SWAP,6793830.0,1757381981031
2025-09-09 01:39:41.038000+00:00,VANA-USDT-SWAP,134702.7,1757381981038
2025-09-09 01:39:41.041000+00:00,VINE-USDT-SWAP,112672980.0,1757381981041
2025-09-09 01:39:41.524000+00:00,VIRTUAL-USDT-SWAP,3474165.0,1757381981524
2025-09-09 01:39:41.525000+00:00,W-USDT-SWAP,48163982.0,1757381981525
2025-09-09 01:39:41.534000+00:00,WAL-USDT-SWAP,2039910.0,1757381981534
2025-09-09 01:39:41.530000+00:00,WAXP-USDT-SWAP,25487600.0,1757381981530
2025-09-09 01:39:41.535000+00:00,WCT-USDT-SWAP,10498300.0,1757381981535
2025-09-09 01:39:41.528000+00:00,WIF-USDT-SWAP,17425003.0,1757381981528
2025-09-09 01:39:41.543000+00:00,WLD-USDT-SWAP,32130001.0,1757381981543
2025-09-09 01:39:41.543000+00:00,WLFI-USDT-SWAP,283608780.0,1757381981543
2025-09-09 01:39:41.541000+00:00,WOO-USDT-SWAP,15646080.0,1757381981541
2025-09-09 01:39:41.522000+00:00,XAUT-USDT-SWAP,5809.91,1757381981522
2025-09-09 01:39:41.994000+00:00,XLM-USDT-SWAP,40844740.0,1757381981994
2025-09-09 01:39:42.002000+00:00,XPL-USDT-SWAP,6393160.0,1757381982002
2025-09-09 01:39:42.007000+00:00,XRP-USDT-SWAP,91187479.0,1757381982007
2025-09-09 01:39:41.989000+00:00,XTZ-USDT-SWAP,5436000.0,1757381981989
2025-09-09 01:39:42+00:00,YFI-USDT-SWAP,366.3931,1757381982000
2025-09-09 01:39:42.002000+00:00,YGG-USDT-SWAP,27433819.0,1757381982002
2025-09-09 01:39:42.011000+00:00,ZENT-USDT-SWAP,174236200.0,1757381982011
2025-09-09 01:39:42.005000+00:00,ZEREBRO-USDT-SWAP,60741980.0,1757381982005
2025-09-09 01:39:41.997000+00:00,ZETA-USDT-SWAP,5641160.0,1757381981997
2025-09-09 01:39:42.023000+00:00,ZIL-USDT-SWAP,164520700.0,1757381982023
2025-09-09 01:39:42.457000+00:00,ZK-USDT-SWAP,52710590.0,1757381982457
2025-09-09 01:39:42.460000+00:00,ZRO-USDT-SWAP,2023308.0,1757381982460
2025-09-09 01:39:42.449000+00:00,ZRX-USDT-SWAP,8043270.0,1757381982449
2025-09-09 01:40:43.170000+00:00,1INCH-USDT-SWAP,8485792.0,1757382043170
2025-09-09 01:40:43.171000+00:00,A-USDT-SWAP,10047230.0,1757382043171
2025-09-09 01:40:43.165000+00:00,AAVE-USDT-SWAP,131535.34000000005,1757382043165
2025-09-09 01:40:43.190000+00:00,ACE-USDT-SWAP,1898345.0,1757382043190
2025-09-09 01:40:43.219000+00:00,ACH-USDT-SWAP,79829000.0,1757382043219
2025-09-09 01:40:43.173000+00:00,ACT-USDT-SWAP,90265606.0,1757382043173
2025-09-09 01:40:43.204000+00:00,ADA-USDT-SWAP,81421770.00000003,1757382043204
2025-09-09 01:40:43.164000+00:00,AERO-USDT-SWAP,1578280.0,1757382043164
2025-09-09 01:40:43.187000+00:00,AEVO-USDT-SWAP,13106942.0,1757382043187
2025-09-09 01:40:43.180000+00:00,AGLD-USDT-SWAP,1816404.0,1757382043180
2025-09-09 01:40:43.672000+00:00,AI16Z-USDT-SWAP,55321752.0,1757382043672
2025-09-09 01:40:43.661000+00:00,AIXBT-USDT-SWAP,27001920.0,1757382043661
2025-09-09 01:40:43.677000+00:00,ALCH-USDT-SWAP,20125120.0,1757382043677
2025-09-09 01:40:43.666000+00:00,ALGO-USDT-SWAP,26916800.0,1757382043666
2025-09-09 01:40:43.663000+00:00,ANIME-USDT-SWAP,108197750.0,1757382043663
2025-09-09 01:40:43.669000+00:00,APE-USDT-SWAP,8099053.4,1757382043669
2025-09-09 01:40:43.671000+00:00,API3-USDT-SWAP,3555350.0,1757382043671
2025-09-09 01:40:43.687000+00:00,APT-USDT-SWAP,3652060.0,1757382043687
2025-09-09 01:40:43.690000+00:00,AR-USDT-SWAP,527523.7,1757382043690
2025-09-09 01:40:43.684000+00:00,ARB-USDT-SWAP,34088986.99999999,1757382043684
2025-09-09 01:40:44.160000+00:00,ARC-USDT-SWAP,62488430.0,1757382044160
2025-09-09 01:40:44.159000+00:00,ARKM-USDT-SWAP,6445037.0,1757382044159
2025-09-09 01:40:44.176000+00:00,ATH-USDT-SWAP,162700700.0,1757382044176
2025-09-09 01:40:44.163000+00:00,ATOM-USDT-SWAP,1982578.0,1757382044163
2025-09-09 01:40:44.168000+00:00,AUCTION-USDT-SWAP,212211.8,1757382044168
2025-09-09 01:40:44.165000+00:00,AVAAI-USDT-SWAP,58750750.0,1757382044165
2025-09-09 01:40:44.177000+00:00,AVAX-USDT-SWAP,2020345.5999999994,1757382044177
2025-09-09 01:40:44.192000+00:00,AXS-USDT-SWAP,1199749.3,1757382044192
2025-09-09 01:40:44.180000+00:00,BABY-USDT-SWAP,42205810.0,1757382044180
2025-09-09 01:40:44.170000+00:00,BAND-USDT-SWAP,1500116.0,1757382044170
2025-09-09 01:40:44.645000+00:00,BAT-USDT-SWAP,5892790.0,1757382044645
2025-09-09 01:40:44.647000+00:00,BCH-USDT-SWAP,78673.17999999998,1757382044647
2025-09-09 01:40:44.659000+00:00,BERA-USDT-SWAP,2434292.4,1757382044659
2025-09-09 01:40:44.638000+00:00,BICO-USDT-SWAP,6704226.0,1757382044638
2025-09-09 01:40:44.651000+00:00,BIGTIME-USDT-SWAP,41420200.0,1757382044651
2025-09-09 01:40:44.647000+00:00,BIO-USDT-SWAP,59971967.0,1757382044647
2025-09-09 01:40:44.650000+00:00,BLUR-USDT-SWAP,24267030.0,1757382044650
2025-09-09 01:40:44.666000+00:00,BNB-USDT-SWAP,96648.48,1757382044666
2025-09-09 01:40:44.655000+00:00,BNT-USDT-SWAP,735440.0,1757382044655
2025-09-09 01:40:44.648000+00:00,BOME-USDT-SWAP,1372008000.0,1757382044648
2025-09-09 01:40:45.117000+00:00,BONK-USDT-SWAP,547229000000.0,1757382045117
2025-09-09 01:40:45.115000+00:00,BRETT-USDT-SWAP,12217500.0,1757382045115
2025-09-09 01:40:45.130000+00:00,BTC-USDT-SWAP,28016.424000000072,1757382045130
2025-09-09 01:40:45.112000+00:00,CAT-USDT-SWAP,197162700000.0,1757382045112
2025-09-09 01:40:45.126000+00:00,CATI-USDT-SWAP,16728985.0,1757382045126
2025-09-09 01:40:45.127000+00:00,CELO-USDT-SWAP,4348239.0,1757382045127
2025-09-09 01:40:45.122000+00:00,CETUS-USDT-SWAP,18454950.0,1757382045122
2025-09-09 01:40:45.126000+00:00,CFX-USDT-SWAP,75945260.0,1757382045126
2025-09-09 01:40:45.119000+00:00,CHZ-USDT-SWAP,77997320.0,1757382045119
2025-09-09 01:40:45.119000+00:00,COMP-USDT-SWAP,88235.5,1757382045119
2025-09-09 01:40:45.561000+00:00,COOKIE-USDT-SWAP,4218620.0,1757382045561
2025-09-09 01:40:45.576000+00:00,CORE-USDT-SWAP,9654815.0,1757382045576
2025-09-09 01:40:45.580000+00:00,CRO-USDT-SWAP,62144700.0,1757382045580
2025-09-09 01:40:45.583000+00:00,CRV-USDT-SWAP,24705680.0,1757382045583
2025-09-09 01:40:45.564000+00:00,CTC-USDT-SWAP,1731150.0,1757382045564
2025-09-09 01:40:45.579000+00:00,CVC-USDT-SWAP,9853500.0,1757382045579
2025-09-09 01:40:45.578000+00:00,CVX-USDT-SWAP,304139.0,1757382045578
2025-09-09 01:40:45.598000+00:00,DEGEN-USDT-SWAP,293619300.0,1757382045598
2025-09-09 01:40:45.592000+00:00,DGB-USDT-SWAP,44295300.0,1757382045592
2025-09-09 01:40:45.585000+00:00,DOG-USDT-SWAP,441614000.0,1757382045585
2025-09-09 01:40:46.056000+00:00,DOGE-USDT-SWAP,1623139979.9999998,1757382046056
2025-09-09 01:40:46.055000+00:00,DOGS-USDT-SWAP,17728688000.0,1757382046055
2025-09-09 01:40:46.086000+00:00,DOOD-USDT-SWAP,145585000.0,1757382046086
2025-09-09 01:40:46.050000+00:00,DOT-USDT-SWAP,6417959.0,1757382046050
2025-09-09 01:40:46.065000+00:00,DUCK-USDT-SWAP,876353600.0,1757382046065
2025-09-09 01:40:46.057000+00:00,DYDX-USDT-SWAP,9885394.0,1757382046057
2025-09-09 01:40:46.063000+00:00,EGLD-USDT-SWAP,109755.9,1757382046063
2025-09-09 01:40:46.073000+00:00,EIGEN-USDT-SWAP,3533659.0,1757382046073
2025-09-09 01:40:46.083000+00:00,ENJ-USDT-SWAP,13064280.0,1757382046083
2025-09-09 01:40:46.073000+00:00,ENS-USDT-SWAP,348907.3,1757382046073
2025-09-09 01:40:46.540000+00:00,ETC-USDT-SWAP,1062826.3000000003,1757382046540
2025-09-09 01:40:46.535000+00:00,ETH-USDT-SWAP,763514.6440000018,1757382046535
2025-09-09 01:40:46.544000+00:00,ETHFI-USDT-SWAP,8075139.0,1757382046544
2025-09-09 01:40:46.543000+00:00,ETHW-USDT-SWAP,1271825.5,1757382046543
2025-09-09 01:40:46.530000+00:00,FARTCOIN-USDT-SWAP,19099136.0,1757382046530
2025-09-09 01:40:46.547000+00:00,FIL-USDT-SWAP,14496370.0,1757382046547
2025-09-09 01:40:46.529000+00:00,FLM-USDT-SWAP,26870800.0,1757382046529
2025-09-09 01:40:46.558000+00:00,FLOKI-USDT-SWAP,39592100000.0,1757382046558
2025-09-09 01:40:46.535000+00:00,FLOW-USDT-SWAP,4541770.0,1757382046535
2025-09-09 01:40:46.527000+00:00,FXS-USDT-SWAP,394185.0,1757382046527
2025-09-09 01:40:47.008000+00:00,GALA-USDT-SWAP,435343770.0,1757382047008
2025-09-09 01:40:47.010000+00:00,GAS-USDT-SWAP,442610.0,1757382047010
2025-09-09 01:40:47.015000+00:00,GLM-USDT-SWAP,2764560.0,1757382047015
2025-09-09 01:40:47.006000+00:00,GMT-USDT-SWAP,47839774.0,1757382047006
2025-09-09 01:40:47.069000+00:00,GMX-USDT-SWAP,73612.4,1757382047069
2025-09-09 01:40:47.021000+00:00,GOAT-USDT-SWAP,30969430.0,1757382047021
2025-09-09 01:40:47.002000+00:00,GODS-USDT-SWAP,6772115.0,1757382047002
2025-09-09 01:40:47.031000+00:00,GPS-USDT-SWAP,191316280.0,1757382047031
2025-09-09 01:40:47.030000+00:00,GRASS-USDT-SWAP,2621994.0,1757382047030
2025-09-09 01:40:47.016000+00:00,GRIFFAIN-USDT-SWAP,26161140.0,1757382047016
2025-09-09 01:40:47.502000+00:00,GRT-USDT-SWAP,22530620.0,1757382047502
2025-09-09 01:40:47.509000+00:00,H-USDT-SWAP,68331900.0,1757382047509
2025-09-09 01:40:47.519000+00:00,HBAR-USDT-SWAP,73756750.0,1757382047519
2025-09-09 01:40:47.511000+00:00,HMSTR-USDT-SWAP,953280400.0,1757382047511
2025-09-09 01:40:47.505000+00:00,HOME-USDT-SWAP,21370000.0,1757382047505
2025-09-09 01:40:47.512000+00:00,HUMA-USDT-SWAP,87713700.0,1757382047512
2025-09-09 01:40:47.510000+00:00,HYPE-USDT-SWAP,923357.1,1757382047510
2025-09-09 01:40:47.515000+00:00,ICP-USDT-SWAP,1280174.62,1757382047515
2025-09-09 01:40:47.525000+00:00,ICX-USDT-SWAP,5981550.0,1757382047525
2025-09-09 01:40:47.519000+00:00,IMX-USDT-SWAP,6578219.0,1757382047519
2025-09-09 01:40:47.975000+00:00,INIT-USDT-SWAP,3891230.0,1757382047975
2025-09-09 01:40:47.971000+00:00,INJ-USDT-SWAP,859890.1,1757382047971
2025-09-09 01:40:47.977000+00:00,IOST-USDT-SWAP,306542000.0,1757382047977
2025-09-09 01:40:47.979000+00:00,IOTA-USDT-SWAP,15617040.0,1757382047979
2025-09-09 01:40:47.973000+00:00,IP-USDT-SWAP,2897944.0,1757382047973
2025-09-09 01:40:47.991000+00:00,JELLYJELLY-USDT-SWAP,204747300.0,1757382047991
2025-09-09 01:40:48.007000+00:00,JOE-USDT-SWAP,7203880.0,1757382048007
2025-09-09 01:40:48.011000+00:00,JTO-USDT-SWAP,2866792.0,1757382048011
2025-09-09 01:40:47.990000+00:00,JUP-USDT-SWAP,14447640.0,1757382047990
2025-09-09 01:40:48.476000+00:00,KAITO-USDT-SWAP,5423907.0,1757382048476
2025-09-09 01:40:48.463000+00:00,KMNO-USDT-SWAP,17345400.0,1757382048463
2025-09-09 01:40:48.473000+00:00,KSM-USDT-SWAP,128630.9,1757382048473
2025-09-09 01:40:48.472000+00:00,LA-USDT-SWAP,2764460.0,1757382048472
2025-09-09 01:40:48.464000+00:00,LAUNCHCOIN-USDT-SWAP,54928420.0,1757382048464
2025-09-09 01:40:48.490000+00:00,LAYER-USDT-SWAP,5600832.0,1757382048490
2025-09-09 01:40:48.487000+00:00,LDO-USDT-SWAP,14545544.0,1757382048487
2025-09-09 01:40:48.485000+00:00,LINK-USDT-SWAP,2623172.2999999993,1757382048485
2025-09-09 01:40:48.490000+00:00,LPT-USDT-SWAP,830998.2,1757382048490
2025-09-09 01:40:48.479000+00:00,LQTY-USDT-SWAP,1552695.0,1757382048479
2025-09-09 01:40:48.954000+00:00,LRC-USDT-SWAP,17186430.0,1757382048954
2025-09-09 01:40:48.957000+00:00,LTC-USDT-SWAP,676468.4,1757382048957
2025-09-09 01:40:48.956000+00:00,LUNA-USDT-SWAP,15365236.0,1757382048956
2025-09-09 01:40:48.953000+00:00,LUNC-USDT-SWAP,32381560000.0,1757382048953
2025-09-09 01:40:48.966000+00:00,MAGIC-USDT-SWAP,20906786.0,1757382048966
2025-09-09 01:40:48.964000+00:00,MAJOR-USDT-SWAP,4599816.0,1757382048964
2025-09-09 01:40:48.947000+00:00,MANA-USDT-SWAP,10113390.0,1757382048947
2025-09-09 01:40:48.961000+00:00,MASK-USDT-SWAP,2952886.0,1757382048961
2025-09-09 01:40:48.957000+00:00,ME-USDT-SWAP,3535027.0,1757382048957
2025-09-09 01:40:48.963000+00:00,MEME-USDT-SWAP,1564080600.0,1757382048963
2025-09-09 01:40:49.421000+00:00,MERL-USDT-SWAP,50166276.0,1757382049421
2025-09-09 01:40:49.443000+00:00,METIS-USDT-SWAP,94800.3,1757382049443
2025-09-09 01:40:49.419000+00:00,MEW-USDT-SWAP,1024532000.0,1757382049419
2025-09-09 01:40:49.419000+00:00,MINA-USDT-SWAP,7059635.0,1757382049419
2025-09-09 01:40:49.426000+00:00,MOG-USDT-SWAP,606343000000.0,1757382049426
2025-09-09 01:40:49.420000+00:00,MOODENG-USDT-SWAP,45056610.0,1757382049420
2025-09-09 01:40:49.437000+00:00,MORPHO-USDT-SWAP,1323408.0,1757382049437
2025-09-09 01:40:49.436000+00:00,MOVE-USDT-SWAP,28976870.0,1757382049436
2025-09-09 01:40:49.424000+00:00,MUBARAK-USDT-SWAP,12919000.0,1757382049424
2025-09-09 01:40:49.905000+00:00,NEAR-USDT-SWAP,5238743.0,1757382049905
2025-09-09 01:40:49.920000+00:00,NEIRO-USDT-SWAP,8676873000.0,1757382049920
2025-09-09 01:40:49.913000+00:00,NEIROETH-USDT-SWAP,17587200.0,1757382049913
2025-09-09 01:40:49.905000+00:00,NEO-USDT-SWAP,312682.0,1757382049905
2025-09-09 01:40:49.896000+00:00,NEWT-USDT-SWAP,3389300.0,1757382049896
2025-09-09 01:40:49.905000+00:00,NMR-USDT-SWAP,480915.0,1757382049905
2025-09-09 01:40:49.919000+00:00,NOT-USDT-SWAP,1669822100.0,1757382049919
2025-09-09 01:40:49.908000+00:00,NXPC-USDT-SWAP,888931.0,1757382049908
2025-09-09 01:40:49.916000+00:00,OL-USDT-SWAP,92964610.0,1757382049916
2025-09-09 01:40:49.907000+00:00,OM-USDT-SWAP,26210240.000000004,1757382049907
2025-09-09 01:40:50.381000+00:00,ONDO-USDT-SWAP,18532950.0,1757382050381
2025-09-09 01:40:50.381000+00:00,ONE-USDT-SWAP,83064400.0,1757382050381
2025-09-09 01:40:50.390000+00:00,ONT-USDT-SWAP,13658250.0,1757382050390
2025-09-09 01:40:50.386000+00:00,OP-USDT-SWAP,23169123.0,1757382050386
2025-09-09 01:40:50.516000+00:00,ORBS-USDT-SWAP,25693500.0,1757382050516
2025-09-09 01:40:50.380000+00:00,ORDI-USDT-SWAP,1185340.9,1757382050380
2025-09-09 01:40:50.380000+00:00,PARTI-USDT-SWAP,13772280.0,1757382050380
2025-09-09 01:40:50.396000+00:00,PENGU-USDT-SWAP,661741900.0,1757382050396
2025-09-09 01:40:50.376000+00:00,PEOPLE-USDT-SWAP,314065000.0,1757382050376
2025-09-09 01:40:50.378000+00:00,PEPE-USDT-SWAP,7621832000000.0,1757382050378
2025-09-09 01:40:50.957000+00:00,PERP-USDT-SWAP,2601539.0,1757382050957
2025-09-09 01:40:50.964000+00:00,PI-USDT-SWAP,31963336.0,1757382050964
2025-09-09 01:40:50.959000+00:00,PLUME-USDT-SWAP,15901050.0,1757382050959
2025-09-09 01:40:50.954000+00:00,PNUT-USDT-SWAP,40313870.0,1757382050954
2025-09-09 01:40:50.950000+00:00,POL-USDT-SWAP,37627760.0,1757382050950
2025-09-09 01:40:50.958000+00:00,POPCAT-USDT-SWAP,9713620.0,1757382050958
2025-09-09 01:40:50.965000+00:00,PRCL-USDT-SWAP,13506009.0,1757382050965
2025-09-09 01:40:50.978000+00:00,PROMPT-USDT-SWAP,33957090.0,1757382050978
2025-09-09 01:40:50.980000+00:00,PUMP-USDT-SWAP,6663322000.0,1757382050980
2025-09-09 01:40:50.961000+00:00,PYTH-USDT-SWAP,45623910.0,1757382050961
2025-09-09 01:40:51.432000+00:00,QTUM-USDT-SWAP,1334260.0,1757382051432
2025-09-09 01:40:51.424000+00:00,RAY-USDT-SWAP,982383.0,1757382051424
2025-09-09 01:40:51.444000+00:00,RENDER-USDT-SWAP,1285740.0,1757382051444
2025-09-09 01:40:51.430000+00:00,RESOLV-USDT-SWAP,25630890.0,1757382051430
2025-09-09 01:40:51.440000+00:00,RSR-USDT-SWAP,256346900.0,1757382051440
2025-09-09 01:40:51.436000+00:00,RVN-USDT-SWAP,77140370.0,1757382051436
2025-09-09 01:40:51.429000+00:00,S-USDT-SWAP,12395170.0,1757382051429
2025-09-09 01:40:51.481000+00:00,SAHARA-USDT-SWAP,63665260.0,1757382051481
2025-09-09 01:40:51.455000+00:00,SAND-USDT-SWAP,19257510.0,1757382051455
2025-09-09 01:40:51.444000+00:00,SATS-USDT-SWAP,177506300000000.0,1757382051444
2025-09-09 01:40:51.930000+00:00,SCR-USDT-SWAP,3369500.0,1757382051930
2025-09-09 01:40:51.944000+00:00,SHELL-USDT-SWAP,5494410.0,1757382051944
2025-09-09 01:40:51.943000+00:00,SHIB-USDT-SWAP,1548062800000.0,1757382051943
2025-09-09 01:40:51.931000+00:00,SIGN-USDT-SWAP,44888200.0,1757382051931
2025-09-09 01:40:51.927000+00:00,SLP-USDT-SWAP,444117850.0,1757382051927
2025-09-09 01:40:51.936000+00:00,SNX-USDT-SWAP,2633494.0,1757382051936
2025-09-09 01:40:51.935000+00:00,SOL-USDT-SWAP,3653879.7199999997,1757382051935
2025-09-09 01:40:51.943000+00:00,SOLV-USDT-SWAP,67397300.0,1757382051943
2025-09-09 01:40:51.966000+00:00,SONIC-USDT-SWAP,8200941.0,1757382051966
2025-09-09 01:40:51.928000+00:00,SOON-USDT-SWAP,9454800.0,1757382051928
2025-09-09 01:40:52.418000+00:00,SOPH-USDT-SWAP,83362900.0,1757382052418
2025-09-09 01:40:52.430000+00:00,SPK-USDT-SWAP,133631700.0,1757382052430
2025-09-09 01:40:52.444000+00:00,SPX-USDT-SWAP,1112325.0,1757382052444
2025-09-09 01:40:52.433000+00:00,SSV-USDT-SWAP,288358.8,1757382052433
2025-09-09 01:40:52.422000+00:00,STORJ-USDT-SWAP,5565110.0,1757382052422
2025-09-09 01:40:52.429000+00:00,STRK-USDT-SWAP,24854850.0,1757382052429
2025-09-09 01:40:52.425000+00:00,STX-USDT-SWAP,6699328.999999999,1757382052425
2025-09-09 01:40:52.437000+00:00,SUI-USDT-SWAP,20299701.0,1757382052437
2025-09-09 01:40:52.448000+00:00,SUSHI-USDT-SWAP,8240762.0,1757382052448
2025-09-09 01:40:52.441000+00:00,SWARMS-USDT-SWAP,82681040.0,1757382052441
2025-09-09 01:40:52.916000+00:00,SYRUP-USDT-SWAP,2988790.0,1757382052916
2025-09-09 01:40:52.911000+00:00,T-USDT-SWAP,41295900.0,1757382052911
2025-09-09 01:40:52.923000+00:00,TAO-USDT-SWAP,14282.28,1757382052923
2025-09-09 01:40:52.909000+00:00,THETA-USDT-SWAP,2668875.9999999995,1757382052909
2025-09-09 01:40:52.911000+00:00,TIA-USDT-SWAP,5253200.0,1757382052911
2025-09-09 01:40:52.923000+00:00,TNSR-USDT-SWAP,8368230.0,1757382052923
2025-09-09 01:40:52.936000+00:00,TON-USDT-SWAP,9489253.0,1757382052936
2025-09-09 01:40:52.928000+00:00,TRB-USDT-SWAP,272885.0,1757382052928
2025-09-09 01:40:52.934000+00:00,TREE-USDT-SWAP,6354222.0,1757382052934
2025-09-09 01:40:52.913000+00:00,TRUMP-USDT-SWAP,5102944.1,1757382052913
2025-09-09 01:40:53.400000+00:00,TRX-USDT-SWAP,98960930.00000006,1757382053400
2025-09-09 01:40:53.389000+00:00,TURBO-USDT-SWAP,946200000.0000004,1757382053389
2025-09-09 01:40:53.392000+00:00,UMA-USDT-SWAP,1445869.6,1757382053392
2025-09-09 01:40:53.405000+00:00,UNI-USDT-SWAP,3184284.0,1757382053405
2025-09-09 01:40:53.375000+00:00,USDC-USDT-SWAP,1075800.0,1757382053375
2025-09-09 01:40:53.386000+00:00,USELESS-USDT-SWAP,13661520.0,1757382053386
2025-09-09 01:40:53.385000+00:00,USTC-USDT-SWAP,135338100.0,1757382053385
2025-09-09 01:40:53.388000+00:00,UXLINK-USDT-SWAP,6796400.0,1757382053388
2025-09-09 01:40:53.393000+00:00,VANA-USDT-SWAP,137122.3,1757382053393
2025-09-09 01:40:53.386000+00:00,VINE-USDT-SWAP,112621330.0,1757382053386
2025-09-09 01:40:53.866000+00:00,VIRTUAL-USDT-SWAP,3469638.0,1757382053866
2025-09-09 01:40:53.844000+00:00,W-USDT-SWAP,48160882.0,1757382053844
2025-09-09 01:40:53.858000+00:00,WAL-USDT-SWAP,2039130.0,1757382053858
2025-09-09 01:40:53.861000+00:00,WAXP-USDT-SWAP,25487300.0,1757382053861
2025-09-09 01:40:53.995000+00:00,WCT-USDT-SWAP,10481740.0,1757382053995
2025-09-09 01:40:53.885000+00:00,WIF-USDT-SWAP,17411182.0,1757382053885
2025-09-09 01:40:53.858000+00:00,WLD-USDT-SWAP,32219969.0,1757382053858
2025-09-09 01:40:53.872000+00:00,WLFI-USDT-SWAP,283835160.0,1757382053872
2025-09-09 01:40:53.878000+00:00,WOO-USDT-SWAP,15644260.0,1757382053878
2025-09-09 01:40:53.868000+00:00,XAUT-USDT-SWAP,5810.439,1757382053868
2025-09-09 01:40:54.432000+00:00,XLM-USDT-SWAP,40842790.0,1757382054432
2025-09-09 01:40:54.434000+00:00,XPL-USDT-SWAP,6399800.0,1757382054434
2025-09-09 01:40:54.434000+00:00,XRP-USDT-SWAP,91195873.00000001,1757382054434
2025-09-09 01:40:54.427000+00:00,XTZ-USDT-SWAP,5435663.0,1757382054427
2025-09-09 01:40:54.431000+00:00,YFI-USDT-SWAP,366.3747,1757382054431
2025-09-09 01:40:54.466000+00:00,YGG-USDT-SWAP,27438730.0,1757382054466
2025-09-09 01:40:54.433000+00:00,ZENT-USDT-SWAP,174313300.0,1757382054433
2025-09-09 01:40:54.452000+00:00,ZEREBRO-USDT-SWAP,60717400.0,1757382054452
2025-09-09 01:40:54.431000+00:00,ZETA-USDT-SWAP,5641150.0,1757382054431
2025-09-09 01:40:54.424000+00:00,ZIL-USDT-SWAP,164520700.0,1757382054424
2025-09-09 01:40:54.904000+00:00,ZK-USDT-SWAP,52692940.0,1757382054904
2025-09-09 01:40:54.904000+00:00,ZRO-USDT-SWAP,2022864.0,1757382054904
2025-09-09 01:40:54.927000+00:00,ZRX-USDT-SWAP,8044650.0,1757382054927
2025-09-09 01:41:55.646000+00:00,1INCH-USDT-SWAP,8486413.0,1757382115646
2025-09-09 01:41:55.653000+00:00,A-USDT-SWAP,10046880.0,1757382115653
2025-09-09 01:41:55.667000+00:00,AAVE-USDT-SWAP,131604.48000000004,1757382115667
2025-09-09 01:41:55.639000+00:00,ACE-USDT-SWAP,1898439.0,1757382115639
2025-09-09 01:41:55.653000+00:00,ACH-USDT-SWAP,79852400.0,1757382115653
2025-09-09 01:41:55.657000+00:00,ACT-USDT-SWAP,90247253.0,1757382115657
2025-09-09 01:41:55.647000+00:00,ADA-USDT-SWAP,81405870.00000003,1757382115647
2025-09-09 01:41:55.682000+00:00,AERO-USDT-SWAP,1578640.0,1757382115682
2025-09-09 01:41:55.683000+00:00,AEVO-USDT-SWAP,13111174.0,1757382115683
2025-09-09 01:41:55.648000+00:00,AGLD-USDT-SWAP,1818136.0,1757382115648
2025-09-09 01:41:56.127000+00:00,AI16Z-USDT-SWAP,55242978.0,1757382116127
2025-09-09 01:41:56.137000+00:00,AIXBT-USDT-SWAP,26860310.0,1757382116137
2025-09-09 01:41:56.145000+00:00,ALCH-USDT-SWAP,20121910.0,1757382116145
2025-09-09 01:41:56.136000+00:00,ALGO-USDT-SWAP,26903700.0,1757382116136
2025-09-09 01:41:56.137000+00:00,ANIME-USDT-SWAP,107793200.0,1757382116137
2025-09-09 01:41:56.130000+00:00,APE-USDT-SWAP,8098450.5,1757382116130
2025-09-09 01:41:56.153000+00:00,API3-USDT-SWAP,3553931.0,1757382116153
2025-09-09 01:41:56.136000+00:00,APT-USDT-SWAP,3651613.0,1757382116136
2025-09-09 01:41:56.157000+00:00,AR-USDT-SWAP,527386.2,1757382116157
2025-09-09 01:41:56.143000+00:00,ARB-USDT-SWAP,34055793.99999999,1757382116143
2025-09-09 01:41:56.616000+00:00,ARC-USDT-SWAP,62498240.0,1757382116616
2025-09-09 01:41:56.618000+00:00,ARKM-USDT-SWAP,6453218.0,1757382116618
2025-09-09 01:41:56.617000+00:00,ATH-USDT-SWAP,162586800.0,1757382116617
2025-09-09 01:41:56.600000+00:00,ATOM-USDT-SWAP,1982348.0,1757382116600
2025-09-09 01:41:56.600000+00:00,AUCTION-USDT-SWAP,212128.1,1757382116600
2025-09-09 01:41:56.610000+00:00,AVAAI-USDT-SWAP,58754370.0,1757382116610
2025-09-09 01:41:56.612000+00:00,AVAX-USDT-SWAP,2016079.0999999994,1757382116612
2025-09-09 01:41:56.602000+00:00,AXS-USDT-SWAP,1199925.7,1757382116602
2025-09-09 01:41:56.598000+00:00,BABY-USDT-SWAP,42205780.0,1757382116598
2025-09-09 01:41:56.617000+00:00,BAND-USDT-SWAP,1499889.0,1757382116617
2025-09-09 01:41:57.097000+00:00,BAT-USDT-SWAP,5893730.0,1757382117097
2025-09-09 01:41:57.069000+00:00,BCH-USDT-SWAP,78928.06999999999,1757382117069
2025-09-09 01:41:57.071000+00:00,BERA-USDT-SWAP,2437061.4,1757382117071
2025-09-09 01:41:57.096000+00:00,BICO-USDT-SWAP,6704727.0,1757382117096
2025-09-09 01:41:57.073000+00:00,BIGTIME-USDT-SWAP,41414780.0,1757382117073
2025-09-09 01:41:57.085000+00:00,BIO-USDT-SWAP,60019707.0,1757382117085
2025-09-09 01:41:57.090000+00:00,BLUR-USDT-SWAP,24266450.0,1757382117090
2025-09-09 01:41:57.072000+00:00,BNB-USDT-SWAP,96191.61,1757382117072
2025-09-09 01:41:57.079000+00:00,BNT-USDT-SWAP,735480.0,1757382117079
2025-09-09 01:41:57.087000+00:00,BOME-USDT-SWAP,1372766000.0,1757382117087
2025-09-09 01:41:57.604000+00:00,BONK-USDT-SWAP,547132800000.0,1757382117604
2025-09-09 01:41:57.546000+00:00,BRETT-USDT-SWAP,12221900.0,1757382117546
2025-09-09 01:41:57.555000+00:00,BTC-USDT-SWAP,27992.04360000007,1757382117555
2025-09-09 01:41:57.553000+00:00,CAT-USDT-SWAP,197157200000.0,1757382117553
2025-09-09 01:41:57.554000+00:00,CATI-USDT-SWAP,16757845.0,1757382117554
2025-09-09 01:41:57.564000+00:00,CELO-USDT-SWAP,4350995.0,1757382117564
2025-09-09 01:41:57.564000+00:00,CETUS-USDT-SWAP,18458310.0,1757382117564
2025-09-09 01:41:57.554000+00:00,CFX-USDT-SWAP,75978290.0,1757382117554
2025-09-09 01:41:57.553000+00:00,CHZ-USDT-SWAP,78015060.0,1757382117553
2025-09-09 01:41:57.562000+00:00,COMP-USDT-SWAP,88168.0,1757382117562
2025-09-09 01:41:58.070000+00:00,COOKIE-USDT-SWAP,4225050.0,1757382118070
2025-09-09 01:41:58.061000+00:00,CORE-USDT-SWAP,9654540.0,1757382118061
2025-09-09 01:41:58.059000+00:00,CRO-USDT-SWAP,62187960.0,1757382118059
2025-09-09 01:41:58.064000+00:00,CRV-USDT-SWAP,24708611.0,1757382118064
2025-09-09 01:41:58.062000+00:00,CTC-USDT-SWAP,1731170.0,1757382118062
2025-09-09 01:41:58.076000+00:00,CVC-USDT-SWAP,9852700.0,1757382118076
2025-09-09 01:41:58.081000+00:00,CVX-USDT-SWAP,304096.0,1757382118081
2025-09-09 01:41:58.064000+00:00,DEGEN-USDT-SWAP,293437800.0,1757382118064
2025-09-09 01:41:58.080000+00:00,DGB-USDT-SWAP,44294200.0,1757382118080
2025-09-09 01:41:58.070000+00:00,DOG-USDT-SWAP,441242000.0,1757382118070
2025-09-09 01:41:58.560000+00:00,DOGE-USDT-SWAP,1623476899.9999995,1757382118560
2025-09-09 01:41:58.544000+00:00,DOGS-USDT-SWAP,17727633000.0,1757382118544
2025-09-09 01:41:58.539000+00:00,DOOD-USDT-SWAP,145581000.0,1757382118539
2025-09-09 01:41:58.548000+00:00,DOT-USDT-SWAP,6413969.0,1757382118548
2025-09-09 01:41:58.544000+00:00,DUCK-USDT-SWAP,876455900.0,1757382118544
2025-09-09 01:41:58.545000+00:00,DYDX-USDT-SWAP,9887252.0,1757382118545
2025-09-09 01:41:58.580000+00:00,EGLD-USDT-SWAP,109756.8,1757382118580
2025-09-09 01:41:58.543000+00:00,EIGEN-USDT-SWAP,3536205.0,1757382118543
2025-09-09 01:41:58.545000+00:00,ENJ-USDT-SWAP,13067480.0,1757382118545
2025-09-09 01:41:58.542000+00:00,ENS-USDT-SWAP,349027.4,1757382118542
2025-09-09 01:41:59.023000+00:00,ETC-USDT-SWAP,1062262.7000000004,1757382119023
2025-09-09 01:41:59.008000+00:00,ETH-USDT-SWAP,763828.8090000019,1757382119008
2025-09-09 01:41:59.042000+00:00,ETHFI-USDT-SWAP,8065077.0,1757382119042
2025-09-09 01:41:59.017000+00:00,ETHW-USDT-SWAP,1271831.1,1757382119017
2025-09-09 01:41:59.029000+00:00,FARTCOIN-USDT-SWAP,19105660.0,1757382119029
2025-09-09 01:41:59.047000+00:00,FIL-USDT-SWAP,14504482.9,1757382119047
2025-09-09 01:41:59.049000+00:00,FLM-USDT-SWAP,26859470.0,1757382119049
2025-09-09 01:41:59.045000+00:00,FLOKI-USDT-SWAP,39550200000.0,1757382119045
2025-09-09 01:41:59.030000+00:00,FLOW-USDT-SWAP,4538890.0,1757382119030
2025-09-09 01:41:59.019000+00:00,FXS-USDT-SWAP,394267.0,1757382119019
2025-09-09 01:41:59.530000+00:00,GALA-USDT-SWAP,435402170.0,1757382119530
2025-09-09 01:41:59.511000+00:00,GAS-USDT-SWAP,442533.0,1757382119511
2025-09-09 01:41:59.512000+00:00,GLM-USDT-SWAP,2761950.0,1757382119512
2025-09-09 01:41:59.509000+00:00,GMT-USDT-SWAP,47845967.0,1757382119509
2025-09-09 01:41:59.509000+00:00,GMX-USDT-SWAP,73602.3,1757382119509
2025-09-09 01:41:59.532000+00:00,GOAT-USDT-SWAP,31310490.0,1757382119532
2025-09-09 01:41:59.533000+00:00,GODS-USDT-SWAP,6772522.0,1757382119533
2025-09-09 01:41:59.521000+00:00,GPS-USDT-SWAP,191171660.0,1757382119521
2025-09-09 01:41:59.537000+00:00,GRASS-USDT-SWAP,2615849.0,1757382119537
2025-09-09 01:41:59.531000+00:00,GRIFFAIN-USDT-SWAP,26151910.0,1757382119531
2025-09-09 01:41:59.983000+00:00,GRT-USDT-SWAP,22526580.0,1757382119983
2025-09-09 01:41:59.985000+00:00,H-USDT-SWAP,67759600.0,1757382119985
2025-09-09 01:42:00+00:00,HBAR-USDT-SWAP,73742010.0,1757382120000
2025-09-09 01:41:59.986000+00:00,HMSTR-USDT-SWAP,953274100.0,1757382119986
2025-09-09 01:41:59.988000+00:00,HOME-USDT-SWAP,21370000.0,1757382119988
2025-09-09 01:42:00.002000+00:00,HUMA-USDT-SWAP,87693400.0,1757382120002
2025-09-09 01:41:59.995000+00:00,HYPE-USDT-SWAP,923968.7,1757382119995
2025-09-09 01:42:00.004000+00:00,ICP-USDT-SWAP,1279964.37,1757382120004
2025-09-09 01:41:59.983000+00:00,ICX-USDT-SWAP,5981540.0,1757382119983
2025-09-09 01:41:59.982000+00:00,IMX-USDT-SWAP,6579165.0,1757382119982
2025-09-09 01:42:00.467000+00:00,INIT-USDT-SWAP,3889130.0,1757382120467
2025-09-09 01:42:00.447000+00:00,INJ-USDT-SWAP,859433.7,1757382120447
2025-09-09 01:42:00.452000+00:00,IOST-USDT-SWAP,306507000.0,1757382120452
2025-09-09 01:42:00.450000+00:00,IOTA-USDT-SWAP,15598640.0,1757382120450
2025-09-09 01:42:00.456000+00:00,IP-USDT-SWAP,2896740.0,1757382120456
2025-09-09 01:42:00.464000+00:00,JELLYJELLY-USDT-SWAP,204703800.0,1757382120464
2025-09-09 01:42:00.466000+00:00,JOE-USDT-SWAP,7202840.0,1757382120466
2025-09-09 01:42:00.461000+00:00,JTO-USDT-SWAP,2866806.0,1757382120461
2025-09-09 01:42:00.461000+00:00,JUP-USDT-SWAP,14448010.0,1757382120461
2025-09-09 01:42:00.915000+00:00,KAITO-USDT-SWAP,5520730.0,1757382120915
2025-09-09 01:42:00.908000+00:00,KMNO-USDT-SWAP,17325300.0,1757382120908
2025-09-09 01:42:00.950000+00:00,KSM-USDT-SWAP,128622.3,1757382120950
2025-09-09 01:42:01.035000+00:00,LA-USDT-SWAP,2765070.0,1757382121035
2025-09-09 01:42:00.919000+00:00,LAUNCHCOIN-USDT-SWAP,54920770.0,1757382120919
2025-09-09 01:42:00.927000+00:00,LAYER-USDT-SWAP,5600764.0,1757382120927
2025-09-09 01:42:00.933000+00:00,LDO-USDT-SWAP,14550814.0,1757382120933
2025-09-09 01:42:00.914000+00:00,LINK-USDT-SWAP,2623315.6999999993,1757382120914
2025-09-09 01:42:00.917000+00:00,LPT-USDT-SWAP,832103.6,1757382120917
2025-09-09 01:42:00.925000+00:00,LQTY-USDT-SWAP,1555903.0,1757382120925
2025-09-09 01:42:01.495000+00:00,LRC-USDT-SWAP,17190370.0,1757382121495
2025-09-09 01:42:01.479000+00:00,LTC-USDT-SWAP,676670.4,1757382121479
2025-09-09 01:42:01.489000+00:00,LUNA-USDT-SWAP,15366313.0,1757382121489
2025-09-09 01:42:01.477000+00:00,LUNC-USDT-SWAP,32381230000.0,1757382121477
2025-09-09 01:42:01.474000+00:00,MAGIC-USDT-SWAP,20894128.0,1757382121474
2025-09-09 01:42:01.480000+00:00,MAJOR-USDT-SWAP,4611558.0,1757382121480
2025-09-09 01:42:01.500000+00:00,MANA-USDT-SWAP,10112610.0,1757382121500
2025-09-09 01:42:01.477000+00:00,MASK-USDT-SWAP,2953315.0,1757382121477
2025-09-09 01:42:01.468000+00:00,ME-USDT-SWAP,3547277.0,1757382121468
2025-09-09 01:42:01.476000+00:00,MEME-USDT-SWAP,1566606700.0,1757382121476
2025-09-09 01:42:01.970000+00:00,MERL-USDT-SWAP,50168364.0,1757382121970
2025-09-09 01:42:01.967000+00:00,METIS-USDT-SWAP,94805.3,1757382121967
2025-09-09 01:42:01.963000+00:00,MEW-USDT-SWAP,1024474000.0,1757382121963
2025-09-09 01:42:02.009000+00:00,MINA-USDT-SWAP,7060137.0,1757382122009
2025-09-09 01:42:01.965000+00:00,MOG-USDT-SWAP,606763000000.0,1757382121965
2025-09-09 01:42:01.976000+00:00,MOODENG-USDT-SWAP,45134110.0,1757382121976
2025-09-09 01:42:01.956000+00:00,MORPHO-USDT-SWAP,1323431.0,1757382121956
2025-09-09 01:42:01.959000+00:00,MOVE-USDT-SWAP,28945390.0,1757382121959
2025-09-09 01:42:01.957000+00:00,MUBARAK-USDT-SWAP,12917600.0,1757382121957
2025-09-09 01:42:02.453000+00:00,NEAR-USDT-SWAP,5239144.0,1757382122453
2025-09-09 01:42:02.442000+00:00,NEIRO-USDT-SWAP,8684505000.0,1757382122442
2025-09-09 01:42:02.462000+00:00,NEIROETH-USDT-SWAP,17588500.0,1757382122462
2025-09-09 01:42:02.456000+00:00,NEO-USDT-SWAP,312591.0,1757382122456
2025-09-09 01:42:02.450000+00:00,NEWT-USDT-SWAP,3429380.0,1757382122450
2025-09-09 01:42:02.475000+00:00,NMR-USDT-SWAP,481738.5,1757382122475
2025-09-09 01:42:02.478000+00:00,NOT-USDT-SWAP,1669951400.0,1757382122478
2025-09-09 01:42:02.458000+00:00,NXPC-USDT-SWAP,888763.0,1757382122458
2025-09-09 01:42:02.468000+00:00,OL-USDT-SWAP,93170830.0,1757382122468
2025-09-09 01:42:02.466000+00:00,OM-USDT-SWAP,26206574.0,1757382122466
2025-09-09 01:42:02.932000+00:00,ONDO-USDT-SWAP,18529150.0,1757382122932
2025-09-09 01:42:02.927000+00:00,ONE-USDT-SWAP,83064700.0,1757382122927
2025-09-09 01:42:02.957000+00:00,ONT-USDT-SWAP,13657110.0,1757382122957
2025-09-09 01:42:02.933000+00:00,OP-USDT-SWAP,23210542.0,1757382122933
2025-09-09 01:42:02.929000+00:00,ORBS-USDT-SWAP,25693500.0,1757382122929
2025-09-09 01:42:02.936000+00:00,ORDI-USDT-SWAP,1178502.7,1757382122936
2025-09-09 01:42:02.941000+00:00,PARTI-USDT-SWAP,13804890.0,1757382122941
2025-09-09 01:42:02.933000+00:00,PENGU-USDT-SWAP,661302700.0,1757382122933
2025-09-09 01:42:02.934000+00:00,PEOPLE-USDT-SWAP,313933400.0,1757382122934
2025-09-09 01:42:02.939000+00:00,PEPE-USDT-SWAP,7620507000000.0,1757382122939
2025-09-09 01:42:03.430000+00:00,PERP-USDT-SWAP,2601235.0,1757382123430
2025-09-09 01:42:03.410000+00:00,PI-USDT-SWAP,31961012.0,1757382123410
2025-09-09 01:42:03.424000+00:00,PLUME-USDT-SWAP,15893440.0,1757382123424
2025-09-09 01:42:03.418000+00:00,PNUT-USDT-SWAP,40269380.0,1757382123418
2025-09-09 01:42:03.416000+00:00,POL-USDT-SWAP,37644350.0,1757382123416
2025-09-09 01:42:03.407000+00:00,POPCAT-USDT-SWAP,9709140.0,1757382123407
2025-09-09 01:42:03.440000+00:00,PRCL-USDT-SWAP,13502830.0,1757382123440
2025-09-09 01:42:03.409000+00:00,PROMPT-USDT-SWAP,33953770.0,1757382123409
2025-09-09 01:42:03.421000+00:00,PUMP-USDT-SWAP,6665097000.0,1757382123421
2025-09-09 01:42:03.414000+00:00,PYTH-USDT-SWAP,45631760.0,1757382123414
2025-09-09 01:42:03.898000+00:00,QTUM-USDT-SWAP,1331132.0,1757382123898
2025-09-09 01:42:03.888000+00:00,RAY-USDT-SWAP,980940.0,1757382123888
2025-09-09 01:42:03.904000+00:00,RENDER-USDT-SWAP,1285680.0,1757382123904
2025-09-09 01:42:03.910000+00:00,RESOLV-USDT-SWAP,25610370.0,1757382123910
2025-09-09 01:42:03.903000+00:00,RSR-USDT-SWAP,256014300.0,1757382123903
2025-09-09 01:42:03.903000+00:00,RVN-USDT-SWAP,77156120.0,1757382123903
2025-09-09 01:42:03.915000+00:00,S-USDT-SWAP,12393810.0,1757382123915
2025-09-09 01:42:03.907000+00:00,SAHARA-USDT-SWAP,63312120.0,1757382123907
2025-09-09 01:42:03.904000+00:00,SAND-USDT-SWAP,19256800.0,1757382123904
2025-09-09 01:42:03.892000+00:00,SATS-USDT-SWAP,177516490000000.0,1757382123892
2025-09-09 01:42:04.372000+00:00,SCR-USDT-SWAP,3369501.0,1757382124372
2025-09-09 01:42:04.358000+00:00,SHELL-USDT-SWAP,5489230.0,1757382124358
2025-09-09 01:42:04.369000+00:00,SHIB-USDT-SWAP,1546548700000.0,1757382124369
2025-09-09 01:42:04.366000+00:00,SIGN-USDT-SWAP,44887900.0,1757382124366
2025-09-09 01:42:04.520000+00:00,SLP-USDT-SWAP,444116720.0,1757382124520
2025-09-09 01:42:04.374000+00:00,SNX-USDT-SWAP,2633789.0,1757382124374
2025-09-09 01:42:04.377000+00:00,SOL-USDT-SWAP,3653211.52,1757382124377
2025-09-09 01:42:04.360000+00:00,SOLV-USDT-SWAP,67304900.0,1757382124360
2025-09-09 01:42:04.373000+00:00,SONIC-USDT-SWAP,8200929.0,1757382124373
2025-09-09 01:42:04.375000+00:00,SOON-USDT-SWAP,9450560.0,1757382124375
2025-09-09 01:42:04.961000+00:00,SOPH-USDT-SWAP,83382000.0,1757382124961
2025-09-09 01:42:04.951000+00:00,SPK-USDT-SWAP,133439000.0,1757382124951
2025-09-09 01:42:04.958000+00:00,SPX-USDT-SWAP,1112194.0,1757382124958
2025-09-09 01:42:04.971000+00:00,SSV-USDT-SWAP,288267.5,1757382124971
2025-09-09 01:42:04.968000+00:00,STORJ-USDT-SWAP,5565100.0,1757382124968
2025-09-09 01:42:04.976000+00:00,STRK-USDT-SWAP,24816592.0,1757382124976
2025-09-09 01:42:04.973000+00:00,STX-USDT-SWAP,6699062.999999999,1757382124973
2025-09-09 01:42:04.961000+00:00,SUI-USDT-SWAP,20308003.0,1757382124961
2025-09-09 01:42:04.956000+00:00,SUSHI-USDT-SWAP,8243031.0,1757382124956
2025-09-09 01:42:04.963000+00:00,SWARMS-USDT-SWAP,82687830.0,1757382124963
2025-09-09 01:42:05.432000+00:00,SYRUP-USDT-SWAP,2988750.0,1757382125432
2025-09-09 01:42:05.428000+00:00,T-USDT-SWAP,41282000.0,1757382125428
2025-09-09 01:42:05.440000+00:00,TAO-USDT-SWAP,14283.51,1757382125440
2025-09-09 01:42:05.426000+00:00,THETA-USDT-SWAP,2668986.9999999995,1757382125426
2025-09-09 01:42:05.427000+00:00,TIA-USDT-SWAP,5255796.0,1757382125427
2025-09-09 01:42:05.438000+00:00,TNSR-USDT-SWAP,8368228.0,1757382125438
2025-09-09 01:42:05.433000+00:00,TON-USDT-SWAP,9489191.0,1757382125433
2025-09-09 01:42:05.421000+00:00,TRB-USDT-SWAP,272883.3,1757382125421
2025-09-09 01:42:05.431000+00:00,TREE-USDT-SWAP,6353676.0,1757382125431
2025-09-09 01:42:05.448000+00:00,TRUMP-USDT-SWAP,5102820.4,1757382125448
2025-09-09 01:42:05.980000+00:00,TRX-USDT-SWAP,99093380.00000006,1757382125980
2025-09-09 01:42:05.888000+00:00,TURBO-USDT-SWAP,946592000.0000002,1757382125888
2025-09-09 01:42:05.898000+00:00,UMA-USDT-SWAP,1445831.6,1757382125898
2025-09-09 01:42:05.887000+00:00,UNI-USDT-SWAP,3184301.0,1757382125887
2025-09-09 01:42:05.888000+00:00,USDC-USDT-SWAP,1075800.0,1757382125888
2025-09-09 01:42:05.898000+00:00,USELESS-USDT-SWAP,13652230.0,1757382125898
2025-09-09 01:42:05.912000+00:00,USTC-USDT-SWAP,135338100.0,1757382125912
2025-09-09 01:42:05.882000+00:00,UXLINK-USDT-SWAP,6800190.0,1757382125882
2025-09-09 01:42:05.891000+00:00,VANA-USDT-SWAP,141562.7,1757382125891
2025-09-09 01:42:05.892000+00:00,VINE-USDT-SWAP,112516010.0,1757382125892
2025-09-09 01:42:06.447000+00:00,VIRTUAL-USDT-SWAP,3462441.0,1757382126447
2025-09-09 01:42:06.431000+00:00,W-USDT-SWAP,48159219.0,1757382126431
2025-09-09 01:42:06.439000+00:00,WAL-USDT-SWAP,2037830.0,1757382126439
2025-09-09 01:42:06.441000+00:00,WAXP-USDT-SWAP,25487300.0,1757382126441
2025-09-09 01:42:06.422000+00:00,WCT-USDT-SWAP,10454800.0,1757382126422
2025-09-09 01:42:06.437000+00:00,WIF-USDT-SWAP,17407752.0,1757382126437
2025-09-09 01:42:06.441000+00:00,WLD-USDT-SWAP,31774143.0,1757382126441
2025-09-09 01:42:06.434000+00:00,WLFI-USDT-SWAP,283612590.0,1757382126434
2025-09-09 01:42:06.426000+00:00,WOO-USDT-SWAP,15644700.0,1757382126426
2025-09-09 01:42:06.429000+00:00,XAUT-USDT-SWAP,5811.576,1757382126429
2025-09-09 01:42:06.913000+00:00,XLM-USDT-SWAP,40828940.0,1757382126913
2025-09-09 01:42:06.898000+00:00,XPL-USDT-SWAP,6402320.0,1757382126898
2025-09-09 01:42:06.889000+00:00,XRP-USDT-SWAP,91208843.0,1757382126889
2025-09-09 01:42:06.897000+00:00,XTZ-USDT-SWAP,5434578.0,1757382126897
2025-09-09 01:42:06.897000+00:00,YFI-USDT-SWAP,366.377,1757382126897
2025-09-09 01:42:06.907000+00:00,YGG-USDT-SWAP,27451180.0,1757382126907
2025-09-09 01:42:06.902000+00:00,ZENT-USDT-SWAP,174422100.0,1757382126902
2025-09-09 01:42:06.897000+00:00,ZEREBRO-USDT-SWAP,60631720.0,1757382126897
2025-09-09 01:42:06.901000+00:00,ZETA-USDT-SWAP,5642390.0,1757382126901
2025-09-09 01:42:06.908000+00:00,ZIL-USDT-SWAP,164505500.0,1757382126908
2025-09-09 01:42:07.388000+00:00,ZK-USDT-SWAP,52728630.0,1757382127388
2025-09-09 01:42:07.374000+00:00,ZRO-USDT-SWAP,2022761.0,1757382127374
2025-09-09 01:42:07.375000+00:00,ZRX-USDT-SWAP,8044360.0,1757382127375
2025-09-09 01:43:08.138000+00:00,1INCH-USDT-SWAP,8486460.0,1757382188138
2025-09-09 01:43:08.107000+00:00,A-USDT-SWAP,10045290.0,1757382188107
2025-09-09 01:43:08.112000+00:00,AAVE-USDT-SWAP,131614.81000000003,1757382188112
2025-09-09 01:43:08.119000+00:00,ACE-USDT-SWAP,1898442.0,1757382188119
2025-09-09 01:43:08.113000+00:00,ACH-USDT-SWAP,79852400.0,1757382188113
2025-09-09 01:43:08.115000+00:00,ACT-USDT-SWAP,90283132.0,1757382188115
2025-09-09 01:43:08.113000+00:00,ADA-USDT-SWAP,81402520.00000003,1757382188113
2025-09-09 01:43:08.120000+00:00,AERO-USDT-SWAP,1578790.0,1757382188120
2025-09-09 01:43:08.135000+00:00,AEVO-USDT-SWAP,13120475.0,1757382188135
2025-09-09 01:43:08.107000+00:00,AGLD-USDT-SWAP,1817467.0,1757382188107
2025-09-09 01:43:08.598000+00:00,AI16Z-USDT-SWAP,55494862.0,1757382188598
2025-09-09 01:43:08.597000+00:00,AIXBT-USDT-SWAP,26898750.0,1757382188597
2025-09-09 01:43:08.595000+00:00,ALCH-USDT-SWAP,20116830.0,1757382188595
2025-09-09 01:43:08.585000+00:00,ALGO-USDT-SWAP,26904240.0,1757382188585
2025-09-09 01:43:08.581000+00:00,ANIME-USDT-SWAP,107735990.0,1757382188581
2025-09-09 01:43:08.618000+00:00,APE-USDT-SWAP,8097622.0,1757382188618
2025-09-09 01:43:08.595000+00:00,API3-USDT-SWAP,3552813.0,1757382188595
2025-09-09 01:43:08.581000+00:00,APT-USDT-SWAP,3651615.0,1757382188581
2025-09-09 01:43:08.589000+00:00,AR-USDT-SWAP,527151.7,1757382188589
2025-09-09 01:43:08.585000+00:00,ARB-USDT-SWAP,34058828.99999999,1757382188585
2025-09-09 01:43:09.065000+00:00,ARC-USDT-SWAP,62435600.0,1757382189065
2025-09-09 01:43:09.063000+00:00,ARKM-USDT-SWAP,6467357.0,1757382189063
2025-09-09 01:43:09.072000+00:00,ATH-USDT-SWAP,162862300.0,1757382189072
2025-09-09 01:43:09.067000+00:00,ATOM-USDT-SWAP,1981973.0,1757382189067
2025-09-09 01:43:09.065000+00:00,AUCTION-USDT-SWAP,212165.8,1757382189065
2025-09-09 01:43:09.063000+00:00,AVAAI-USDT-SWAP,58765690.0,1757382189063
2025-09-09 01:43:09.075000+00:00,AVAX-USDT-SWAP,2016367.299999999,1757382189075
2025-09-09 01:43:09.068000+00:00,AXS-USDT-SWAP,1199746.9,1757382189068
2025-09-09 01:43:09.064000+00:00,BABY-USDT-SWAP,42200700.0,1757382189064
2025-09-09 01:43:09.065000+00:00,BAND-USDT-SWAP,1499452.0,1757382189065
2025-09-09 01:43:09.540000+00:00,BAT-USDT-SWAP,5893730.0,1757382189540
2025-09-09 01:43:09.526000+00:00,BCH-USDT-SWAP,78958.33999999998,1757382189526
2025-09-09 01:43:09.555000+00:00,BERA-USDT-SWAP,2440439.4,1757382189555
2025-09-09 01:43:09.547000+00:00,BICO-USDT-SWAP,6706909.0,1757382189547
2025-09-09 01:43:09.524000+00:00,BIGTIME-USDT-SWAP,41407940.0,1757382189524
2025-09-09 01:43:09.528000+00:00,BIO-USDT-SWAP,60043499.0,1757382189528
2025-09-09 01:43:09.555000+00:00,BLUR-USDT-SWAP,24265650.0,1757382189555
2025-09-09 01:43:09.525000+00:00,BNB-USDT-SWAP,96198.13,1757382189525
2025-09-09 01:43:09.527000+00:00,BNT-USDT-SWAP,735480.0,1757382189527
2025-09-09 01:43:09.535000+00:00,BOME-USDT-SWAP,1372787000.0,1757382189535
2025-09-09 01:43:10.001000+00:00,BONK-USDT-SWAP,547081300000.0,1757382190001
2025-09-09 01:43:09.991000+00:00,BRETT-USDT-SWAP,12241600.0,1757382189991
2025-09-09 01:43:09.999000+00:00,BTC-USDT-SWAP,27995.11470000007,1757382189999
2025-09-09 01:43:10.005000+00:00,CAT-USDT-SWAP,197138200000.0,1757382190005
2025-09-09 01:43:09.999000+00:00,CATI-USDT-SWAP,16760225.0,1757382189999
2025-09-09 01:43:09.999000+00:00,CELO-USDT-SWAP,4351562.0,1757382189999
2025-09-09 01:43:10.006000+00:00,CETUS-USDT-SWAP,18459160.0,1757382190006
2025-09-09 01:43:09.997000+00:00,CFX-USDT-SWAP,75969680.0,1757382189997
2025-09-09 01:43:10.013000+00:00,CHZ-USDT-SWAP,78017970.0,1757382190013
2025-09-09 01:43:09.992000+00:00,COMP-USDT-SWAP,88172.4,1757382189992
2025-09-09 01:43:10.487000+00:00,COOKIE-USDT-SWAP,4230390.0,1757382190487
2025-09-09 01:43:10.457000+00:00,CORE-USDT-SWAP,9651810.0,1757382190457
2025-09-09 01:43:10.476000+00:00,CRO-USDT-SWAP,62248080.0,1757382190476
2025-09-09 01:43:10.467000+00:00,CRV-USDT-SWAP,24711536.0,1757382190467
2025-09-09 01:43:10.462000+00:00,CTC-USDT-SWAP,1731180.0,1757382190462
2025-09-09 01:43:10.481000+00:00,CVC-USDT-SWAP,9852700.0,1757382190481
2025-09-09 01:43:10.468000+00:00,CVX-USDT-SWAP,303990.0,1757382190468
2025-09-09 01:43:10.464000+00:00,DEGEN-USDT-SWAP,293378900.0,1757382190464
2025-09-09 01:43:10.471000+00:00,DGB-USDT-SWAP,44294100.0,1757382190471
2025-09-09 01:43:10.473000+00:00,DOG-USDT-SWAP,441217000.0,1757382190473
2025-09-09 01:43:10.949000+00:00,DOGE-USDT-SWAP,1623733069.9999995,1757382190949
2025-09-09 01:43:10.927000+00:00,DOGS-USDT-SWAP,17719633000.0,1757382190927
2025-09-09 01:43:10.941000+00:00,DOOD-USDT-SWAP,145558000.0,1757382190941
2025-09-09 01:43:10.942000+00:00,DOT-USDT-SWAP,6417381.0,1757382190942
2025-09-09 01:43:10.941000+00:00,DUCK-USDT-SWAP,876109600.0,1757382190941
2025-09-09 01:43:10.943000+00:00,DYDX-USDT-SWAP,9891278.0,1757382190943
2025-09-09 01:43:10.941000+00:00,EGLD-USDT-SWAP,109755.6,1757382190941
2025-09-09 01:43:10.947000+00:00,EIGEN-USDT-SWAP,3519230.0,1757382190947
2025-09-09 01:43:10.946000+00:00,ENJ-USDT-SWAP,13067620.0,1757382190946
2025-09-09 01:43:11.087000+00:00,ENS-USDT-SWAP,348973.6,1757382191087
2025-09-09 01:43:11.530000+00:00,ETC-USDT-SWAP,1062185.2000000004,1757382191530
2025-09-09 01:43:11.520000+00:00,ETH-USDT-SWAP,764417.6410000019,1757382191520
2025-09-09 01:43:11.533000+00:00,ETHFI-USDT-SWAP,8067972.0,1757382191533
2025-09-09 01:43:11.542000+00:00,ETHW-USDT-SWAP,1272098.4,1757382191542
2025-09-09 01:43:11.527000+00:00,FARTCOIN-USDT-SWAP,19116256.0,1757382191527
2025-09-09 01:43:11.543000+00:00,FIL-USDT-SWAP,14503811.3,1757382191543
2025-09-09 01:43:11.531000+00:00,FLM-USDT-SWAP,26855440.0,1757382191531
2025-09-09 01:43:11.528000+00:00,FLOKI-USDT-SWAP,39573400000.0,1757382191528
2025-09-09 01:43:11.545000+00:00,FLOW-USDT-SWAP,4538950.0,1757382191545
2025-09-09 01:43:11.540000+00:00,FXS-USDT-SWAP,393710.0,1757382191540
2025-09-09 01:43:11.996000+00:00,GALA-USDT-SWAP,435398730.0,1757382191996
2025-09-09 01:43:11.998000+00:00,GAS-USDT-SWAP,442525.0,1757382191998
2025-09-09 01:43:12.003000+00:00,GLM-USDT-SWAP,2763340.0,1757382192003
2025-09-09 01:43:11.996000+00:00,GMT-USDT-SWAP,47843149.0,1757382191996
2025-09-09 01:43:12.005000+00:00,GMX-USDT-SWAP,73602.3,1757382192005
2025-09-09 01:43:12.005000+00:00,GOAT-USDT-SWAP,31627580.0,1757382192005
2025-09-09 01:43:12.003000+00:00,GODS-USDT-SWAP,6771338.0,1757382192003
2025-09-09 01:43:11.991000+00:00,GPS-USDT-SWAP,190734000.0,1757382191991
2025-09-09 01:43:12.019000+00:00,GRASS-USDT-SWAP,2615926.0,1757382192019
2025-09-09 01:43:11.989000+00:00,GRIFFAIN-USDT-SWAP,26149170.0,1757382191989
2025-09-09 01:43:12.478000+00:00,GRT-USDT-SWAP,22596990.0,1757382192478
2025-09-09 01:43:12.464000+00:00,H-USDT-SWAP,67892400.0,1757382192464
2025-09-09 01:43:12.469000+00:00,HBAR-USDT-SWAP,73741400.0,1757382192469
2025-09-09 01:43:12.476000+00:00,HMSTR-USDT-SWAP,953592900.0,1757382192476
2025-09-09 01:43:12.488000+00:00,HOME-USDT-SWAP,21370300.0,1757382192488
2025-09-09 01:43:12.474000+00:00,HUMA-USDT-SWAP,87693000.0,1757382192474
2025-09-09 01:43:12.501000+00:00,HYPE-USDT-SWAP,925592.5,1757382192501
2025-09-09 01:43:12.468000+00:00,ICP-USDT-SWAP,1279767.93,1757382192468
2025-09-09 01:43:12.478000+00:00,ICX-USDT-SWAP,5976540.0,1757382192478
2025-09-09 01:43:12.485000+00:00,IMX-USDT-SWAP,6579144.0,1757382192485
2025-09-09 01:43:12.959000+00:00,INIT-USDT-SWAP,3887250.0,1757382192959
2025-09-09 01:43:12.945000+00:00,INJ-USDT-SWAP,859377.7,1757382192945
2025-09-09 01:43:12.947000+00:00,IOST-USDT-SWAP,306714000.0,1757382192947
2025-09-09 01:43:12.942000+00:00,IOTA-USDT-SWAP,15598590.0,1757382192942
2025-09-09 01:43:12.946000+00:00,IP-USDT-SWAP,2897151.0,1757382192946
2025-09-09 01:43:12.947000+00:00,JELLYJELLY-USDT-SWAP,205454800.0,1757382192947
2025-09-09 01:43:12.950000+00:00,JOE-USDT-SWAP,7202840.0,1757382192950
2025-09-09 01:43:12.943000+00:00,JTO-USDT-SWAP,2867746.0,1757382192943
2025-09-09 01:43:12.945000+00:00,JUP-USDT-SWAP,14448500.0,1757382192945
2025-09-09 01:43:13.432000+00:00,KAITO-USDT-SWAP,5524510.0,1757382193432
2025-09-09 01:43:13.424000+00:00,KMNO-USDT-SWAP,17328000.0,1757382193424
2025-09-09 01:43:13.421000+00:00,KSM-USDT-SWAP,128623.3,1757382193421
2025-09-09 01:43:13.440000+00:00,LA-USDT-SWAP,2764540.0,1757382193440
2025-09-09 01:43:13.433000+00:00,LAUNCHCOIN-USDT-SWAP,54835600.0,1757382193433
2025-09-09 01:43:13.440000+00:00,LAYER-USDT-SWAP,5600687.0,1757382193440
2025-09-09 01:43:13.434000+00:00,LDO-USDT-SWAP,14548692.0,1757382193434
2025-09-09 01:43:13.417000+00:00,LINK-USDT-SWAP,2622092.7999999993,1757382193417
2025-09-09 01:43:13.421000+00:00,LPT-USDT-SWAP,832396.4,1757382193421
2025-09-09 01:43:13.422000+00:00,LQTY-USDT-SWAP,1555828.0,1757382193422
2025-09-09 01:43:13.893000+00:00,LRC-USDT-SWAP,17189540.0,1757382193893
2025-09-09 01:43:13.892000+00:00,LTC-USDT-SWAP,676595.7,1757382193892
2025-09-09 01:43:13.890000+00:00,LUNA-USDT-SWAP,15366224.0,1757382193890
2025-09-09 01:43:13.900000+00:00,LUNC-USDT-SWAP,32379870000.0,1757382193900
2025-09-09 01:43:13.890000+00:00,MAGIC-USDT-SWAP,20903014.0,1757382193890
2025-09-09 01:43:13.897000+00:00,MAJOR-USDT-SWAP,4611779.0,1757382193897
2025-09-09 01:43:13.893000+00:00,MANA-USDT-SWAP,10112610.0,1757382193893
2025-09-09 01:43:13.893000+00:00,MASK-USDT-SWAP,2953331.0,1757382193893
2025-09-09 01:43:13.904000+00:00,ME-USDT-SWAP,3569935.0,1757382193904
2025-09-09 01:43:13.888000+00:00,MEME-USDT-SWAP,1566281800.0,1757382193888
2025-09-09 01:43:14.344000+00:00,MERL-USDT-SWAP,50145561.0,1757382194344
2025-09-09 01:43:14.347000+00:00,METIS-USDT-SWAP,94808.5,1757382194347
2025-09-09 01:43:14.357000+00:00,MEW-USDT-SWAP,1025841000.0,1757382194357
2025-09-09 01:43:14.351000+00:00,MINA-USDT-SWAP,7058960.0,1757382194351
2025-09-09 01:43:14.362000+00:00,MOG-USDT-SWAP,606869000000.0,1757382194362
2025-09-09 01:43:14.376000+00:00,MOODENG-USDT-SWAP,45136730.0,1757382194376
2025-09-09 01:43:14.343000+00:00,MORPHO-USDT-SWAP,1323507.0,1757382194343
2025-09-09 01:43:14.352000+00:00,MOVE-USDT-SWAP,28938910.0,1757382194352
2025-09-09 01:43:14.353000+00:00,MUBARAK-USDT-SWAP,12915600.0,1757382194353
2025-09-09 01:43:14.854000+00:00,NEAR-USDT-SWAP,5240310.0,1757382194854
2025-09-09 01:43:14.818000+00:00,NEIRO-USDT-SWAP,8686104000.0,1757382194818
2025-09-09 01:43:14.828000+00:00,NEIROETH-USDT-SWAP,17583100.0,1757382194828
2025-09-09 01:43:14.818000+00:00,NEO-USDT-SWAP,312542.0,1757382194818
2025-09-09 01:43:14.811000+00:00,NEWT-USDT-SWAP,3378900.0,1757382194811
2025-09-09 01:43:14.819000+00:00,NMR-USDT-SWAP,481484.5,1757382194819
2025-09-09 01:43:14.819000+00:00,NOT-USDT-SWAP,1669624100.0,1757382194819
2025-09-09 01:43:14.812000+00:00,NXPC-USDT-SWAP,888692.0,1757382194812
2025-09-09 01:43:14.809000+00:00,OL-USDT-SWAP,93855410.0,1757382194809
2025-09-09 01:43:14.818000+00:00,OM-USDT-SWAP,26206728.0,1757382194818
2025-09-09 01:43:15.305000+00:00,ONDO-USDT-SWAP,18528750.0,1757382195305
2025-09-09 01:43:15.292000+00:00,ONE-USDT-SWAP,83055900.0,1757382195292
2025-09-09 01:43:15.312000+00:00,ONT-USDT-SWAP,13653030.0,1757382195312
2025-09-09 01:43:15.287000+00:00,OP-USDT-SWAP,23262559.0,1757382195287
2025-09-09 01:43:15.288000+00:00,ORBS-USDT-SWAP,25693500.0,1757382195288
2025-09-09 01:43:15.296000+00:00,ORDI-USDT-SWAP,1178047.8,1757382195296
2025-09-09 01:43:15.299000+00:00,PARTI-USDT-SWAP,13799490.0,1757382195299
2025-09-09 01:43:15.290000+00:00,PENGU-USDT-SWAP,660680300.0,1757382195290
2025-09-09 01:43:15.295000+00:00,PEOPLE-USDT-SWAP,313917900.0,1757382195295
2025-09-09 01:43:15.292000+00:00,PEPE-USDT-SWAP,7626061000000.0,1757382195292
2025-09-09 01:43:15.766000+00:00,PERP-USDT-SWAP,2601235.0,1757382195766
2025-09-09 01:43:15.754000+00:00,PI-USDT-SWAP,31968846.0,1757382195754
2025-09-09 01:43:15.755000+00:00,PLUME-USDT-SWAP,15894620.0,1757382195755
2025-09-09 01:43:15.756000+00:00,PNUT-USDT-SWAP,40286370.0,1757382195756
2025-09-09 01:43:15.754000+00:00,POL-USDT-SWAP,37632120.0,1757382195754
2025-09-09 01:43:15.755000+00:00,POPCAT-USDT-SWAP,9717520.0,1757382195755
2025-09-09 01:43:15.766000+00:00,PRCL-USDT-SWAP,13500305.0,1757382195766
2025-09-09 01:43:15.759000+00:00,PROMPT-USDT-SWAP,33976210.0,1757382195759
2025-09-09 01:43:15.756000+00:00,PUMP-USDT-SWAP,6668564000.0,1757382195756
2025-09-09 01:43:15.771000+00:00,PYTH-USDT-SWAP,45621270.0,1757382195771
2025-09-09 01:43:16.244000+00:00,QTUM-USDT-SWAP,1329221.0,1757382196244
2025-09-09 01:43:16.235000+00:00,RAY-USDT-SWAP,980855.0,1757382196235
2025-09-09 01:43:16.260000+00:00,RENDER-USDT-SWAP,1289808.0,1757382196260
2025-09-09 01:43:16.257000+00:00,RESOLV-USDT-SWAP,25605350.0,1757382196257
2025-09-09 01:43:16.242000+00:00,RSR-USDT-SWAP,255348200.0,1757382196242
2025-09-09 01:43:16.247000+00:00,RVN-USDT-SWAP,77154180.0,1757382196247
2025-09-09 01:43:16.249000+00:00,S-USDT-SWAP,12391930.0,1757382196249
2025-09-09 01:43:16.247000+00:00,SAHARA-USDT-SWAP,63425140.0,1757382196247
2025-09-09 01:43:16.237000+00:00,SAND-USDT-SWAP,19257480.0,1757382196237
2025-09-09 01:43:16.248000+00:00,SATS-USDT-SWAP,177553810000000.0,1757382196248
2025-09-09 01:43:16.726000+00:00,SCR-USDT-SWAP,3369290.0,1757382196726
2025-09-09 01:43:16.700000+00:00,SHELL-USDT-SWAP,5475670.0,1757382196700
2025-09-09 01:43:16.718000+00:00,SHIB-USDT-SWAP,1545708999999.9998,1757382196718
2025-09-09 01:43:16.705000+00:00,SIGN-USDT-SWAP,44887700.0,1757382196705
2025-09-09 01:43:16.708000+00:00,SLP-USDT-SWAP,444116300.0,1757382196708
2025-09-09 01:43:16.714000+00:00,SNX-USDT-SWAP,2634441.0,1757382196714
2025-09-09 01:43:16.711000+00:00,SOL-USDT-SWAP,3652516.7800000003,1757382196711
2025-09-09 01:43:16.727000+00:00,SOLV-USDT-SWAP,67302300.0,1757382196727
2025-09-09 01:43:16.705000+00:00,SONIC-USDT-SWAP,8192762.0,1757382196705
2025-09-09 01:43:16.709000+00:00,SOON-USDT-SWAP,9454040.0,1757382196709
2025-09-09 01:43:17.209000+00:00,SOPH-USDT-SWAP,83395400.0,1757382197209
2025-09-09 01:43:17.185000+00:00,SPK-USDT-SWAP,133420600.0,1757382197185
2025-09-09 01:43:17.188000+00:00,SPX-USDT-SWAP,1111123.0,1757382197188
2025-09-09 01:43:17.181000+00:00,SSV-USDT-SWAP,288274.6,1757382197181
2025-09-09 01:43:17.194000+00:00,STORJ-USDT-SWAP,5565200.0,1757382197194
2025-09-09 01:43:17.179000+00:00,STRK-USDT-SWAP,24812998.0,1757382197179
2025-09-09 01:43:17.183000+00:00,STX-USDT-SWAP,6698979.999999999,1757382197183
2025-09-09 01:43:17.185000+00:00,SUI-USDT-SWAP,20311189.0,1757382197185
2025-09-09 01:43:17.187000+00:00,SUSHI-USDT-SWAP,8251772.0,1757382197187
2025-09-09 01:43:17.184000+00:00,SWARMS-USDT-SWAP,82725630.0,1757382197184
2025-09-09 01:43:17.682000+00:00,SYRUP-USDT-SWAP,2988750.0,1757382197682
2025-09-09 01:43:17.653000+00:00,T-USDT-SWAP,41282000.0,1757382197653
2025-09-09 01:43:17.661000+00:00,TAO-USDT-SWAP,14305.25,1757382197661
2025-09-09 01:43:17.676000+00:00,THETA-USDT-SWAP,2669090.9999999995,1757382197676
2025-09-09 01:43:17.649000+00:00,TIA-USDT-SWAP,5260375.0,1757382197649
2025-09-09 01:43:17.658000+00:00,TNSR-USDT-SWAP,8368170.0,1757382197658
2025-09-09 01:43:17.662000+00:00,TON-USDT-SWAP,9490357.0,1757382197662
2025-09-09 01:43:17.658000+00:00,TRB-USDT-SWAP,272956.3,1757382197658
2025-09-09 01:43:17.653000+00:00,TREE-USDT-SWAP,6354294.0,1757382197653
2025-09-09 01:43:17.660000+00:00,TRUMP-USDT-SWAP,5102771.9,1757382197660
2025-09-09 01:43:18.150000+00:00,TRX-USDT-SWAP,99110640.00000004,1757382198150
2025-09-09 01:43:18.124000+00:00,TURBO-USDT-SWAP,946786000.0000002,1757382198124
2025-09-09 01:43:18.139000+00:00,UMA-USDT-SWAP,1445836.8,1757382198139
2025-09-09 01:43:18.140000+00:00,UNI-USDT-SWAP,3183779.0,1757382198140
2025-09-09 01:43:18.146000+00:00,USDC-USDT-SWAP,1075800.0,1757382198146
2025-09-09 01:43:18.138000+00:00,USELESS-USDT-SWAP,13638680.0,1757382198138
2025-09-09 01:43:18.169000+00:00,USTC-USDT-SWAP,135338100.0,1757382198169
2025-09-09 01:43:18.144000+00:00,UXLINK-USDT-SWAP,6777320.0,1757382198144
2025-09-09 01:43:18.137000+00:00,VANA-USDT-SWAP,141554.5,1757382198137
2025-09-09 01:43:18.132000+00:00,VINE-USDT-SWAP,112504550.0,1757382198132
2025-09-09 01:43:18.616000+00:00,VIRTUAL-USDT-SWAP,3472787.0,1757382198616
2025-09-09 01:43:18.603000+00:00,W-USDT-SWAP,48155239.0,1757382198603
2025-09-09 01:43:18.616000+00:00,WAL-USDT-SWAP,2037820.0,1757382198616
2025-09-09 01:43:18.631000+00:00,WAXP-USDT-SWAP,25468700.0,1757382198631
2025-09-09 01:43:18.606000+00:00,WCT-USDT-SWAP,10480500.0,1757382198606
2025-09-09 01:43:18.616000+00:00,WIF-USDT-SWAP,17404199.0,1757382198616
2025-09-09 01:43:18.609000+00:00,WLD-USDT-SWAP,31848387.0,1757382198609
2025-09-09 01:43:18.615000+00:00,WLFI-USDT-SWAP,283671360.0,1757382198615
2025-09-09 01:43:18.607000+00:00,WOO-USDT-SWAP,15645040.0,1757382198607
2025-09-09 01:43:18.623000+00:00,XAUT-USDT-SWAP,5810.631,1757382198623
2025-09-09 01:43:19.099000+00:00,XLM-USDT-SWAP,40824550.0,1757382199099
2025-09-09 01:43:19.083000+00:00,XPL-USDT-SWAP,6404670.0,1757382199083
2025-09-09 01:43:19.102000+00:00,XRP-USDT-SWAP,91215369.0,1757382199102
2025-09-09 01:43:19.083000+00:00,XTZ-USDT-SWAP,5433572.0,1757382199083
2025-09-09 01:43:19.111000+00:00,YFI-USDT-SWAP,366.3386,1757382199111
2025-09-09 01:43:19.091000+00:00,YGG-USDT-SWAP,27455751.0,1757382199091
2025-09-09 01:43:19.086000+00:00,ZENT-USDT-SWAP,175732100.0,1757382199086
2025-09-09 01:43:19.110000+00:00,ZEREBRO-USDT-SWAP,60598070.0,1757382199110
2025-09-09 01:43:19.080000+00:00,ZETA-USDT-SWAP,5641360.0,1757382199080
2025-09-09 01:43:19.097000+00:00,ZIL-USDT-SWAP,164508800.0,1757382199097
2025-09-09 01:43:19.564000+00:00,ZK-USDT-SWAP,52729780.0,1757382199564
2025-09-09 01:43:19.556000+00:00,ZRO-USDT-SWAP,2022466.0,1757382199556
2025-09-09 01:43:19.563000+00:00,ZRX-USDT-SWAP,8040920.0,1757382199563
2025-09-09 01:44:20.292000+00:00,1INCH-USDT-SWAP,8489461.0,1757382260292
2025-09-09 01:44:20.288000+00:00,A-USDT-SWAP,10044660.0,1757382260288
2025-09-09 01:44:20.301000+00:00,AAVE-USDT-SWAP,131620.22000000003,1757382260301
2025-09-09 01:44:20.293000+00:00,ACE-USDT-SWAP,1898039.0,1757382260293
2025-09-09 01:44:20.300000+00:00,ACH-USDT-SWAP,79891900.0,1757382260300
2025-09-09 01:44:20.292000+00:00,ACT-USDT-SWAP,90311289.0,1757382260292
2025-09-09 01:44:20.290000+00:00,ADA-USDT-SWAP,81781480.00000004,1757382260290
2025-09-09 01:44:20.282000+00:00,AERO-USDT-SWAP,1578390.0,1757382260282
2025-09-09 01:44:20.314000+00:00,AEVO-USDT-SWAP,13120164.0,1757382260314
2025-09-09 01:44:20.287000+00:00,AGLD-USDT-SWAP,1819200.0,1757382260287
2025-09-09 01:44:20.760000+00:00,AI16Z-USDT-SWAP,55713378.0,1757382260760
2025-09-09 01:44:20.777000+00:00,AIXBT-USDT-SWAP,27190060.0,1757382260777
2025-09-09 01:44:20.778000+00:00,ALCH-USDT-SWAP,20111620.0,1757382260778
2025-09-09 01:44:20.766000+00:00,ALGO-USDT-SWAP,27078040.0,1757382260766
2025-09-09 01:44:20.763000+00:00,ANIME-USDT-SWAP,107829220.0,1757382260763
2025-09-09 01:44:20.801000+00:00,APE-USDT-SWAP,8097380.4,1757382260801
2025-09-09 01:44:20.761000+00:00,API3-USDT-SWAP,3551629.0,1757382260761
2025-09-09 01:44:20.785000+00:00,APT-USDT-SWAP,3651616.0,1757382260785
2025-09-09 01:44:20.771000+00:00,AR-USDT-SWAP,527102.5,1757382260771
2025-09-09 01:44:20.768000+00:00,ARB-USDT-SWAP,34052764.99999999,1757382260768
2025-09-09 01:44:21.242000+00:00,ARC-USDT-SWAP,62418570.0,1757382261242
2025-09-09 01:44:21.236000+00:00,ARKM-USDT-SWAP,6472448.0,1757382261236
2025-09-09 01:44:21.273000+00:00,ATH-USDT-SWAP,162517500.0,1757382261273
2025-09-09 01:44:21.260000+00:00,ATOM-USDT-SWAP,1981975.0,1757382261260
2025-09-09 01:44:21.238000+00:00,AUCTION-USDT-SWAP,212098.1,1757382261238
2025-09-09 01:44:21.257000+00:00,AVAAI-USDT-SWAP,58736400.0,1757382261257
2025-09-09 01:44:21.250000+00:00,AVAX-USDT-SWAP,2024324.5999999992,1757382261250
2025-09-09 01:44:21.255000+00:00,AXS-USDT-SWAP,1200052.6,1757382261255
2025-09-09 01:44:21.253000+00:00,BABY-USDT-SWAP,42093560.0,1757382261253
2025-09-09 01:44:21.240000+00:00,BAND-USDT-SWAP,1499155.0,1757382261240
2025-09-09 01:44:21.731000+00:00,BAT-USDT-SWAP,5893730.0,1757382261731
2025-09-09 01:44:21.723000+00:00,BCH-USDT-SWAP,78945.10999999999,1757382261723
2025-09-09 01:44:21.737000+00:00,BERA-USDT-SWAP,2442001.2,1757382261737
2025-09-09 01:44:21.725000+00:00,BICO-USDT-SWAP,6706778.0,1757382261725
2025-09-09 01:44:21.737000+00:00,BIGTIME-USDT-SWAP,41339050.0,1757382261737
2025-09-09 01:44:21.721000+00:00,BIO-USDT-SWAP,60018646.0,1757382261721
2025-09-09 01:44:21.728000+00:00,BLUR-USDT-SWAP,24268150.0,1757382261728
2025-09-09 01:44:21.731000+00:00,BNB-USDT-SWAP,96206.21,1757382261731
2025-09-09 01:44:21.726000+00:00,BNT-USDT-SWAP,735460.0,1757382261726
2025-09-09 01:44:21.728000+00:00,BOME-USDT-SWAP,1377092000.0,1757382261728
2025-09-09 01:44:22.196000+00:00,BONK-USDT-SWAP,546343200000.0,1757382262196
2025-09-09 01:44:22.188000+00:00,BRETT-USDT-SWAP,12258300.0,1757382262188
2025-09-09 01:44:22.205000+00:00,BTC-USDT-SWAP,27999.435000000074,1757382262205
2025-09-09 01:44:22.194000+00:00,CAT-USDT-SWAP,197038400000.0,1757382262194
2025-09-09 01:44:22.196000+00:00,CATI-USDT-SWAP,16761520.0,1757382262196
2025-09-09 01:44:22.214000+00:00,CELO-USDT-SWAP,4359002.0,1757382262214
2025-09-09 01:44:22.198000+00:00,CETUS-USDT-SWAP,18460750.0,1757382262198
2025-09-09 01:44:22.208000+00:00,CFX-USDT-SWAP,75988400.0,1757382262208
2025-09-09 01:44:22.201000+00:00,CHZ-USDT-SWAP,78072610.0,1757382262201
2025-09-09 01:44:22.202000+00:00,COMP-USDT-SWAP,88169.2,1757382262202
2025-09-09 01:44:22.668000+00:00,COOKIE-USDT-SWAP,4234480.0,1757382262668
2025-09-09 01:44:22.669000+00:00,CORE-USDT-SWAP,9651712.0,1757382262669
2025-09-09 01:44:22.679000+00:00,CRO-USDT-SWAP,62268480.0,1757382262679
2025-09-09 01:44:22.690000+00:00,CRV-USDT-SWAP,24717803.0,1757382262690
2025-09-09 01:44:22.658000+00:00,CTC-USDT-SWAP,1727300.0,1757382262658
2025-09-09 01:44:22.668000+00:00,CVC-USDT-SWAP,9852700.0,1757382262668
2025-09-09 01:44:22.661000+00:00,CVX-USDT-SWAP,304028.0,1757382262661
2025-09-09 01:44:22.679000+00:00,DEGEN-USDT-SWAP,293384500.0,1757382262679
2025-09-09 01:44:22.672000+00:00,DGB-USDT-SWAP,44297700.0,1757382262672
2025-09-09 01:44:22.666000+00:00,DOG-USDT-SWAP,441206000.0,1757382262666
2025-09-09 01:44:23.128000+00:00,DOGE-USDT-SWAP,1624961339.9999998,1757382263128
2025-09-09 01:44:23.136000+00:00,DOGS-USDT-SWAP,17749656000.0,1757382263136
2025-09-09 01:44:23.161000+00:00,DOOD-USDT-SWAP,145457000.0,1757382263161
2025-09-09 01:44:23.147000+00:00,DOT-USDT-SWAP,6419210.0,1757382263147
2025-09-09 01:44:23.139000+00:00,DUCK-USDT-SWAP,875937500.0,1757382263139
2025-09-09 01:44:23.143000+00:00,DYDX-USDT-SWAP,9890392.0,1757382263143
2025-09-09 01:44:23.135000+00:00,EGLD-USDT-SWAP,109751.7,1757382263135
2025-09-09 01:44:23.153000+00:00,EIGEN-USDT-SWAP,3527115.0,1757382263153
2025-09-09 01:44:23.164000+00:00,ENJ-USDT-SWAP,13058710.0,1757382263164
2025-09-09 01:44:23.140000+00:00,ENS-USDT-SWAP,349021.9,1757382263140
2025-09-09 01:44:23.623000+00:00,ETC-USDT-SWAP,1062132.8000000003,1757382263623
2025-09-09 01:44:23.610000+00:00,ETH-USDT-SWAP,763926.887000002,1757382263610
2025-09-09 01:44:23.637000+00:00,ETHFI-USDT-SWAP,8066880.0,1757382263637
2025-09-09 01:44:23.616000+00:00,ETHW-USDT-SWAP,1272087.7,1757382263616
2025-09-09 01:44:23.615000+00:00,FARTCOIN-USDT-SWAP,19192287.0,1757382263615
2025-09-09 01:44:23.630000+00:00,FIL-USDT-SWAP,14497884.1,1757382263630
2025-09-09 01:44:23.615000+00:00,FLM-USDT-SWAP,26861030.0,1757382263615
2025-09-09 01:44:23.611000+00:00,FLOKI-USDT-SWAP,39565400000.0,1757382263611
2025-09-09 01:44:23.625000+00:00,FLOW-USDT-SWAP,4539050.0,1757382263625
2025-09-09 01:44:23.620000+00:00,FXS-USDT-SWAP,391952.0,1757382263620
2025-09-09 01:44:24.078000+00:00,GALA-USDT-SWAP,435365060.0,1757382264078
2025-09-09 01:44:24.089000+00:00,GAS-USDT-SWAP,442457.0,1757382264089
2025-09-09 01:44:24.087000+00:00,GLM-USDT-SWAP,2764470.0,1757382264087
2025-09-09 01:44:24.094000+00:00,GMT-USDT-SWAP,47842731.0,1757382264094
2025-09-09 01:44:24.089000+00:00,GMX-USDT-SWAP,73596.0,1757382264089
2025-09-09 01:44:24.088000+00:00,GOAT-USDT-SWAP,31773940.0,1757382264088
2025-09-09 01:44:24.083000+00:00,GODS-USDT-SWAP,6772715.0,1757382264083
2025-09-09 01:44:24.101000+00:00,GPS-USDT-SWAP,190825600.0,1757382264101
2025-09-09 01:44:24.091000+00:00,GRASS-USDT-SWAP,2615908.0,1757382264091
2025-09-09 01:44:24.093000+00:00,GRIFFAIN-USDT-SWAP,26144830.0,1757382264093
2025-09-09 01:44:24.567000+00:00,GRT-USDT-SWAP,22593760.0,1757382264567
2025-09-09 01:44:24.560000+00:00,H-USDT-SWAP,67952000.0,1757382264560
2025-09-09 01:44:24.560000+00:00,HBAR-USDT-SWAP,73750330.0,1757382264560
2025-09-09 01:44:24.566000+00:00,HMSTR-USDT-SWAP,953406100.0,1757382264566
2025-09-09 01:44:24.561000+00:00,HOME-USDT-SWAP,21367500.0,1757382264561
2025-09-09 01:44:24.564000+00:00,HUMA-USDT-SWAP,87724700.0,1757382264564
2025-09-09 01:44:24.556000+00:00,HYPE-USDT-SWAP,925293.8,1757382264556
2025-09-09 01:44:24.575000+00:00,ICP-USDT-SWAP,1279593.66,1757382264575
2025-09-09 01:44:24.559000+00:00,ICX-USDT-SWAP,5976620.0,1757382264559
2025-09-09 01:44:24.555000+00:00,IMX-USDT-SWAP,6579232.0,1757382264555
2025-09-09 01:44:25.098000+00:00,INIT-USDT-SWAP,3875920.0,1757382265098
2025-09-09 01:44:25.017000+00:00,INJ-USDT-SWAP,859490.7,1757382265017
2025-09-09 01:44:25.028000+00:00,IOST-USDT-SWAP,306824000.0,1757382265028
2025-09-09 01:44:25.028000+00:00,IOTA-USDT-SWAP,15589210.0,1757382265028
2025-09-09 01:44:25.017000+00:00,IP-USDT-SWAP,2897979.0,1757382265017
2025-09-09 01:44:25.027000+00:00,JELLYJELLY-USDT-SWAP,205457700.0,1757382265027
2025-09-09 01:44:25.039000+00:00,JOE-USDT-SWAP,7202700.0,1757382265039
2025-09-09 01:44:25.036000+00:00,JTO-USDT-SWAP,2867055.0,1757382265036
2025-09-09 01:44:25.027000+00:00,JUP-USDT-SWAP,14447780.0,1757382265027
2025-09-09 01:44:25.530000+00:00,KAITO-USDT-SWAP,5447848.0,1757382265530
2025-09-09 01:44:25.526000+00:00,KMNO-USDT-SWAP,17311600.0,1757382265526
2025-09-09 01:44:25.548000+00:00,KSM-USDT-SWAP,128686.0,1757382265548
2025-09-09 01:44:25.541000+00:00,LA-USDT-SWAP,2766410.0,1757382265541
2025-09-09 01:44:25.531000+00:00,LAUNCHCOIN-USDT-SWAP,54748510.0,1757382265531
2025-09-09 01:44:25.539000+00:00,LAYER-USDT-SWAP,5600724.0,1757382265539
2025-09-09 01:44:25.537000+00:00,LDO-USDT-SWAP,14557944.0,1757382265537
2025-09-09 01:44:25.536000+00:00,LINK-USDT-SWAP,2620660.6999999997,1757382265536
2025-09-09 01:44:25.544000+00:00,LPT-USDT-SWAP,831920.8,1757382265544
2025-09-09 01:44:25.530000+00:00,LQTY-USDT-SWAP,1555935.0,1757382265530
2025-09-09 01:44:25.999000+00:00,LRC-USDT-SWAP,17226390.0,1757382265999
2025-09-09 01:44:25.999000+00:00,LTC-USDT-SWAP,676711.9,1757382265999
2025-09-09 01:44:26.017000+00:00,LUNA-USDT-SWAP,15366172.0,1757382266017
2025-09-09 01:44:26.490000+00:00,LUNC-USDT-SWAP,32374950000.0,1757382266490
2025-09-09 01:44:25.987000+00:00,MAGIC-USDT-SWAP,20899113.0,1757382265987
2025-09-09 01:44:26.004000+00:00,MAJOR-USDT-SWAP,4612071.0,1757382266004
2025-09-09 01:44:26+00:00,MANA-USDT-SWAP,10116140.0,1757382266000
2025-09-09 01:44:26.039000+00:00,MASK-USDT-SWAP,2953310.0,1757382266039
2025-09-09 01:44:25.998000+00:00,ME-USDT-SWAP,3588330.0,1757382265998
2025-09-09 01:44:25.994000+00:00,MEME-USDT-SWAP,1565870300.0,1757382265994
2025-09-09 01:44:26.935000+00:00,MERL-USDT-SWAP,50141152.0,1757382266935
2025-09-09 01:44:26.935000+00:00,METIS-USDT-SWAP,94803.7,1757382266935
2025-09-09 01:44:26.966000+00:00,MEW-USDT-SWAP,1025843000.0,1757382266966
2025-09-09 01:44:26.951000+00:00,MINA-USDT-SWAP,7059044.0,1757382266951
2025-09-09 01:44:26.954000+00:00,MOG-USDT-SWAP,606288000000.0,1757382266954
2025-09-09 01:44:26.953000+00:00,MOODENG-USDT-SWAP,45142000.0,1757382266953
2025-09-09 01:44:26.955000+00:00,MORPHO-USDT-SWAP,1323507.0,1757382266955
2025-09-09 01:44:26.934000+00:00,MOVE-USDT-SWAP,28932110.0,1757382266934
2025-09-09 01:44:26.949000+00:00,MUBARAK-USDT-SWAP,12914800.0,1757382266949
2025-09-09 01:44:27.422000+00:00,NEAR-USDT-SWAP,5241094.0,1757382267422
2025-09-09 01:44:27.414000+00:00,NEIRO-USDT-SWAP,8679281000.0,1757382267414
2025-09-09 01:44:27.454000+00:00,NEIROETH-USDT-SWAP,17580000.0,1757382267454
2025-09-09 01:44:27.440000+00:00,NEO-USDT-SWAP,312353.0,1757382267440
2025-09-09 01:44:27.425000+00:00,NEWT-USDT-SWAP,3371530.0,1757382267425
2025-09-09 01:44:27.427000+00:00,NMR-USDT-SWAP,481346.7,1757382267427
2025-09-09 01:44:27.418000+00:00,NOT-USDT-SWAP,1669456100.0,1757382267418
2025-09-09 01:44:27.452000+00:00,NXPC-USDT-SWAP,888771.0,1757382267452
2025-09-09 01:44:27.431000+00:00,OL-USDT-SWAP,94200270.0,1757382267431
2025-09-09 01:44:27.440000+00:00,OM-USDT-SWAP,26199772.0,1757382267440
2025-09-09 01:44:27.912000+00:00,ONDO-USDT-SWAP,18524610.0,1757382267912
2025-09-09 01:44:27.914000+00:00,ONE-USDT-SWAP,83052900.0,1757382267914
2025-09-09 01:44:27.916000+00:00,ONT-USDT-SWAP,13652170.0,1757382267916
2025-09-09 01:44:27.925000+00:00,OP-USDT-SWAP,23306806.0,1757382267925
2025-09-09 01:44:27.906000+00:00,ORBS-USDT-SWAP,25692700.0,1757382267906
2025-09-09 01:44:27.915000+00:00,ORDI-USDT-SWAP,1177746.5,1757382267915
2025-09-09 01:44:27.912000+00:00,PARTI-USDT-SWAP,13799240.0,1757382267912
2025-09-09 01:44:27.916000+00:00,PENGU-USDT-SWAP,659914800.0,1757382267916
2025-09-09 01:44:27.912000+00:00,PEOPLE-USDT-SWAP,313759000.0,1757382267912
2025-09-09 01:44:27.904000+00:00,PEPE-USDT-SWAP,7623219000000.0,1757382267904
2025-09-09 01:44:28.385000+00:00,PERP-USDT-SWAP,2601103.0,1757382268385
2025-09-09 01:44:28.370000+00:00,PI-USDT-SWAP,31965200.0,1757382268370
2025-09-09 01:44:28.383000+00:00,PLUME-USDT-SWAP,15885660.0,1757382268383
2025-09-09 01:44:28.392000+00:00,PNUT-USDT-SWAP,40171100.0,1757382268392
2025-09-09 01:44:28.377000+00:00,POL-USDT-SWAP,37639780.0,1757382268377
2025-09-09 01:44:28.373000+00:00,POPCAT-USDT-SWAP,9729650.0,1757382268373
2025-09-09 01:44:28.368000+00:00,PRCL-USDT-SWAP,13504049.0,1757382268368
2025-09-09 01:44:28.391000+00:00,PROMPT-USDT-SWAP,33714850.0,1757382268391
2025-09-09 01:44:28.381000+00:00,PUMP-USDT-SWAP,6669624000.0,1757382268381
2025-09-09 01:44:28.384000+00:00,PYTH-USDT-SWAP,45619880.0,1757382268384
2025-09-09 01:44:28.836000+00:00,QTUM-USDT-SWAP,1329135.0,1757382268836
2025-09-09 01:44:28.848000+00:00,RAY-USDT-SWAP,980889.0,1757382268848
2025-09-09 01:44:28.855000+00:00,RENDER-USDT-SWAP,1289748.0,1757382268855
2025-09-09 01:44:28.843000+00:00,RESOLV-USDT-SWAP,25609020.0,1757382268843
2025-09-09 01:44:28.848000+00:00,RSR-USDT-SWAP,255262200.0,1757382268848
2025-09-09 01:44:28.843000+00:00,RVN-USDT-SWAP,77154100.0,1757382268843
2025-09-09 01:44:28.844000+00:00,S-USDT-SWAP,12390880.0,1757382268844
2025-09-09 01:44:28.848000+00:00,SAHARA-USDT-SWAP,63288350.0,1757382268848
2025-09-09 01:44:28.847000+00:00,SAND-USDT-SWAP,19257900.0,1757382268847
2025-09-09 01:44:28.863000+00:00,SATS-USDT-SWAP,177544660000000.0,1757382268863
2025-09-09 01:44:29.314000+00:00,SCR-USDT-SWAP,3369268.0,1757382269314
2025-09-09 01:44:29.307000+00:00,SHELL-USDT-SWAP,5468190.0,1757382269307
2025-09-09 01:44:29.331000+00:00,SHIB-USDT-SWAP,1545486900000.0,1757382269331
2025-09-09 01:44:29.322000+00:00,SIGN-USDT-SWAP,44887900.0,1757382269322
2025-09-09 01:44:29.322000+00:00,SLP-USDT-SWAP,444116030.0,1757382269322
2025-09-09 01:44:29.321000+00:00,SNX-USDT-SWAP,2633948.0,1757382269321
2025-09-09 01:44:29.314000+00:00,SOL-USDT-SWAP,3651886.77,1757382269314
2025-09-09 01:44:29.325000+00:00,SOLV-USDT-SWAP,67296700.0,1757382269325
2025-09-09 01:44:29.360000+00:00,SONIC-USDT-SWAP,8191894.0,1757382269360
2025-09-09 01:44:29.324000+00:00,SOON-USDT-SWAP,9454810.0,1757382269324
2025-09-09 01:44:29.794000+00:00,SOPH-USDT-SWAP,83392200.0,1757382269794
2025-09-09 01:44:29.796000+00:00,SPK-USDT-SWAP,133243500.0,1757382269796
2025-09-09 01:44:29.806000+00:00,SPX-USDT-SWAP,1110413.0,1757382269806
2025-09-09 01:44:29.815000+00:00,SSV-USDT-SWAP,285747.3,1757382269815
2025-09-09 01:44:29.797000+00:00,STORJ-USDT-SWAP,5565180.0,1757382269797
2025-09-09 01:44:29.809000+00:00,STRK-USDT-SWAP,24826125.0,1757382269809
2025-09-09 01:44:29.791000+00:00,STX-USDT-SWAP,6698654.999999999,1757382269791
2025-09-09 01:44:29.810000+00:00,SUI-USDT-SWAP,20311336.0,1757382269810
2025-09-09 01:44:29.806000+00:00,SUSHI-USDT-SWAP,8251823.0,1757382269806
2025-09-09 01:44:29.810000+00:00,SWARMS-USDT-SWAP,82739940.0,1757382269810
2025-09-09 01:44:30.267000+00:00,SYRUP-USDT-SWAP,2989790.0,1757382270267
2025-09-09 01:44:30.284000+00:00,T-USDT-SWAP,41280600.0,1757382270284
2025-09-09 01:44:30.310000+00:00,TAO-USDT-SWAP,14305.98,1757382270310
2025-09-09 01:44:30.279000+00:00,THETA-USDT-SWAP,2671723.9999999995,1757382270279
2025-09-09 01:44:30.272000+00:00,TIA-USDT-SWAP,5262181.0,1757382270272
2025-09-09 01:44:30.277000+00:00,TNSR-USDT-SWAP,8368091.0,1757382270277
2025-09-09 01:44:30.269000+00:00,TON-USDT-SWAP,9489880.0,1757382270269
2025-09-09 01:44:30.285000+00:00,TRB-USDT-SWAP,272967.5,1757382270285
2025-09-09 01:44:30.272000+00:00,TREE-USDT-SWAP,6355318.0,1757382270272
2025-09-09 01:44:30.272000+00:00,TRUMP-USDT-SWAP,5102499.5,1757382270272
2025-09-09 01:44:30.766000+00:00,TRX-USDT-SWAP,99245200.00000006,1757382270766
2025-09-09 01:44:30.756000+00:00,TURBO-USDT-SWAP,946696000.0000004,1757382270756
2025-09-09 01:44:30.765000+00:00,UMA-USDT-SWAP,1445559.5,1757382270765
2025-09-09 01:44:30.771000+00:00,UNI-USDT-SWAP,3185412.0,1757382270771
2025-09-09 01:44:30.749000+00:00,USDC-USDT-SWAP,1075800.0,1757382270749
2025-09-09 01:44:30.769000+00:00,USELESS-USDT-SWAP,13526430.0,1757382270769
2025-09-09 01:44:30.760000+00:00,USTC-USDT-SWAP,135359300.0,1757382270760
2025-09-09 01:44:30.758000+00:00,UXLINK-USDT-SWAP,6773690.0,1757382270758
2025-09-09 01:44:30.751000+00:00,VANA-USDT-SWAP,138886.6,1757382270751
2025-09-09 01:44:30.772000+00:00,VINE-USDT-SWAP,112413160.0,1757382270772
2025-09-09 01:44:31.212000+00:00,VIRTUAL-USDT-SWAP,3482373.0,1757382271212
2025-09-09 01:44:31.219000+00:00,W-USDT-SWAP,48147327.0,1757382271219
2025-09-09 01:44:31.251000+00:00,WAL-USDT-SWAP,2038310.0,1757382271251
2025-09-09 01:44:31.235000+00:00,WAXP-USDT-SWAP,25476100.0,1757382271235
2025-09-09 01:44:31.226000+00:00,WCT-USDT-SWAP,10470720.0,1757382271226
2025-09-09 01:44:31.224000+00:00,WIF-USDT-SWAP,17409597.0,1757382271224
2025-09-09 01:44:31.230000+00:00,WLD-USDT-SWAP,31962410.0,1757382271230
2025-09-09 01:44:31.232000+00:00,WLFI-USDT-SWAP,283277190.0,1757382271232
2025-09-09 01:44:31.225000+00:00,WOO-USDT-SWAP,15670730.0,1757382271225
2025-09-09 01:44:31.227000+00:00,XAUT-USDT-SWAP,5809.404,1757382271227
2025-09-09 01:44:31.711000+00:00,XLM-USDT-SWAP,40827740.0,1757382271711
2025-09-09 01:44:31.712000+00:00,XPL-USDT-SWAP,6406200.0,1757382271712
2025-09-09 01:44:31.715000+00:00,XRP-USDT-SWAP,91227241.99999999,1757382271715
2025-09-09 01:44:31.724000+00:00,XTZ-USDT-SWAP,5433454.0,1757382271724
2025-09-09 01:44:31.708000+00:00,YFI-USDT-SWAP,366.4038,1757382271708
2025-09-09 01:44:31.703000+00:00,YGG-USDT-SWAP,27458837.0,1757382271703
2025-09-09 01:44:31.716000+00:00,ZENT-USDT-SWAP,176770100.0,1757382271716
2025-09-09 01:44:31.733000+00:00,ZEREBRO-USDT-SWAP,60566520.0,1757382271733
2025-09-09 01:44:31.723000+00:00,ZETA-USDT-SWAP,5641300.0,1757382271723
2025-09-09 01:44:31.710000+00:00,ZIL-USDT-SWAP,164509400.0,1757382271710
2025-09-09 01:44:32.188000+00:00,ZK-USDT-SWAP,52730020.0,1757382272188
2025-09-09 01:44:32.178000+00:00,ZRO-USDT-SWAP,2022150.0,1757382272178
2025-09-09 01:44:32.191000+00:00,ZRX-USDT-SWAP,8040270.0,1757382272191
2025-09-09 02:52:39.317000+00:00,1INCH-USDT-SWAP,8266715.0,1757386359317
2025-09-09 02:52:39.311000+00:00,A-USDT-SWAP,9948380.0,1757386359311
2025-09-09 02:52:39.324000+00:00,AAVE-USDT-SWAP,132236.35000000006,1757386359324
2025-09-09 02:52:39.316000+00:00,ACE-USDT-SWAP,1900320.0,1757386359316
2025-09-09 02:52:39.298000+00:00,ACH-USDT-SWAP,80019800.0,1757386359298
2025-09-09 02:52:39.378000+00:00,ACT-USDT-SWAP,90026714.0,1757386359378
2025-09-09 02:52:39.301000+00:00,ADA-USDT-SWAP,80719520.00000003,1757386359301
2025-09-09 02:52:39.294000+00:00,AERO-USDT-SWAP,1582020.0,1757386359294
2025-09-09 02:52:39.309000+00:00,AEVO-USDT-SWAP,13106880.0,1757386359309
2025-09-09 02:52:39.317000+00:00,AGLD-USDT-SWAP,1820499.0,1757386359317
2025-09-09 02:52:39.810000+00:00,AI16Z-USDT-SWAP,52548454.0,1757386359810
2025-09-09 02:52:39.801000+00:00,AIXBT-USDT-SWAP,27595770.0,1757386359801
2025-09-09 02:52:39.806000+00:00,ALCH-USDT-SWAP,19816420.0,1757386359806
2025-09-09 02:52:39.801000+00:00,ALGO-USDT-SWAP,27055060.0,1757386359801
2025-09-09 02:52:39.808000+00:00,ANIME-USDT-SWAP,106585750.0,1757386359808
2025-09-09 02:52:39.792000+00:00,APE-USDT-SWAP,8086482.2,1757386359792
2025-09-09 02:52:39.802000+00:00,API3-USDT-SWAP,3537270.0,1757386359802
2025-09-09 02:52:39.805000+00:00,APT-USDT-SWAP,3651432.0,1757386359805
2025-09-09 02:52:39.816000+00:00,AR-USDT-SWAP,525770.4,1757386359816
2025-09-09 02:52:39.814000+00:00,ARB-USDT-SWAP,33622168.999999985,1757386359814
2025-09-09 02:52:40.242000+00:00,ARC-USDT-SWAP,61318820.0,1757386360242
2025-09-09 02:52:40.254000+00:00,ARKM-USDT-SWAP,6517768.0,1757386360254
2025-09-09 02:52:40.245000+00:00,ATH-USDT-SWAP,167593300.0,1757386360245
2025-09-09 02:52:40.255000+00:00,ATOM-USDT-SWAP,1981031.0,1757386360255
2025-09-09 02:52:40.257000+00:00,AUCTION-USDT-SWAP,212318.9,1757386360257
2025-09-09 02:52:40.239000+00:00,AVAAI-USDT-SWAP,58316900.0,1757386360239
2025-09-09 02:52:40.242000+00:00,AVAX-USDT-SWAP,2008773.9999999998,1757386360242
2025-09-09 02:52:40.243000+00:00,AXS-USDT-SWAP,1187464.7,1757386360243
2025-09-09 02:52:40.285000+00:00,BABY-USDT-SWAP,41142260.0,1757386360285
2025-09-09 02:52:40.256000+00:00,BAND-USDT-SWAP,1492162.0,1757386360256
2025-09-09 02:52:40.707000+00:00,BAT-USDT-SWAP,6045620.0,1757386360707
2025-09-09 02:52:40.719000+00:00,BCH-USDT-SWAP,78190.23999999999,1757386360719
2025-09-09 02:52:40.719000+00:00,BERA-USDT-SWAP,2506980.3,1757386360719
2025-09-09 02:52:40.702000+00:00,BICO-USDT-SWAP,6776130.0,1757386360702
2025-09-09 02:52:40.700000+00:00,BIGTIME-USDT-SWAP,41267890.0,1757386360700
2025-09-09 02:52:40.708000+00:00,BIO-USDT-SWAP,59426993.0,1757386360708
2025-09-09 02:52:40.717000+00:00,BLUR-USDT-SWAP,24077060.0,1757386360717
2025-09-09 02:52:40.705000+00:00,BNB-USDT-SWAP,96211.32,1757386360705
2025-09-09 02:52:40.722000+00:00,BNT-USDT-SWAP,743050.0,1757386360722
2025-09-09 02:52:40.711000+00:00,BOME-USDT-SWAP,1362163000.0,1757386360711
2025-09-09 02:52:41.153000+00:00,BONK-USDT-SWAP,540674700000.0,1757386361153
2025-09-09 02:52:41.162000+00:00,BRETT-USDT-SWAP,12310200.0,1757386361162
2025-09-09 02:52:41.164000+00:00,BTC-USDT-SWAP,28072.683700000078,1757386361164
2025-09-09 02:52:41.170000+00:00,CAT-USDT-SWAP,196151900000.0,1757386361170
2025-09-09 02:52:41.164000+00:00,CATI-USDT-SWAP,16587956.0,1757386361164
2025-09-09 02:52:41.183000+00:00,CELO-USDT-SWAP,4356757.0,1757386361183
2025-09-09 02:52:41.164000+00:00,CETUS-USDT-SWAP,18634390.0,1757386361164
2025-09-09 02:52:41.159000+00:00,CFX-USDT-SWAP,75966240.0,1757386361159
2025-09-09 02:52:41.166000+00:00,CHZ-USDT-SWAP,78503590.0,1757386361166
2025-09-09 02:52:41.182000+00:00,COMP-USDT-SWAP,88164.7,1757386361182
2025-09-09 02:52:41.610000+00:00,COOKIE-USDT-SWAP,4141370.0,1757386361610
2025-09-09 02:52:41.625000+00:00,CORE-USDT-SWAP,9623668.0,1757386361625
2025-09-09 02:52:41.628000+00:00,CRO-USDT-SWAP,64578950.0,1757386361628
2025-09-09 02:52:41.614000+00:00,CRV-USDT-SWAP,24492100.0,1757386361614
2025-09-09 02:52:41.606000+00:00,CTC-USDT-SWAP,1731860.0,1757386361606
2025-09-09 02:52:41.614000+00:00,CVC-USDT-SWAP,9825900.0,1757386361614
2025-09-09 02:52:41.616000+00:00,CVX-USDT-SWAP,303488.0,1757386361616
2025-09-09 02:52:41.625000+00:00,DEGEN-USDT-SWAP,292810500.0,1757386361625
2025-09-09 02:52:41.624000+00:00,DGB-USDT-SWAP,44090500.0,1757386361624
2025-09-09 02:52:41.622000+00:00,DOG-USDT-SWAP,437310000.0,1757386361622
2025-09-09 02:52:42.078000+00:00,DOGE-USDT-SWAP,1617181719.9999995,1757386362078
2025-09-09 02:52:42.085000+00:00,DOGS-USDT-SWAP,17612715000.0,1757386362085
2025-09-09 02:52:42.088000+00:00,DOOD-USDT-SWAP,145843000.0,1757386362088
2025-09-09 02:52:42.084000+00:00,DOT-USDT-SWAP,6427021.0,1757386362084
2025-09-09 02:52:42.077000+00:00,DUCK-USDT-SWAP,865603000.0,1757386362077
2025-09-09 02:52:42.084000+00:00,DYDX-USDT-SWAP,9926055.0,1757386362084
2025-09-09 02:52:42.101000+00:00,EGLD-USDT-SWAP,111537.7,1757386362101
2025-09-09 02:52:42.084000+00:00,EIGEN-USDT-SWAP,3677752.0,1757386362084
2025-09-09 02:52:42.105000+00:00,ENJ-USDT-SWAP,13099160.0,1757386362105
2025-09-09 02:52:42.111000+00:00,ENS-USDT-SWAP,350820.6,1757386362111
2025-09-09 02:52:42.541000+00:00,ETC-USDT-SWAP,1062883.7000000004,1757386362541
2025-09-09 02:52:42.571000+00:00,ETH-USDT-SWAP,772890.3900000025,1757386362571
2025-09-09 02:52:42.553000+00:00,ETHFI-USDT-SWAP,7999988.0,1757386362553
2025-09-09 02:52:42.556000+00:00,ETHW-USDT-SWAP,1270376.0,1757386362556
2025-09-09 02:52:42.547000+00:00,FARTCOIN-USDT-SWAP,18785361.0,1757386362547
2025-09-09 02:52:42.547000+00:00,FIL-USDT-SWAP,14429865.7,1757386362547
2025-09-09 02:52:42.554000+00:00,FLM-USDT-SWAP,26815710.0,1757386362554
2025-09-09 02:52:42.550000+00:00,FLOKI-USDT-SWAP,39341600000.0,1757386362550
2025-09-09 02:52:42.565000+00:00,FLOW-USDT-SWAP,4566320.0,1757386362565
2025-09-09 02:52:42.569000+00:00,FXS-USDT-SWAP,387581.0,1757386362569
2025-09-09 02:52:43.002000+00:00,GALA-USDT-SWAP,432090540.0,1757386363002
2025-09-09 02:52:43.017000+00:00,GAS-USDT-SWAP,440012.0,1757386363017
2025-09-09 02:52:43.015000+00:00,GLM-USDT-SWAP,2793570.0,1757386363015
2025-09-09 02:52:43.011000+00:00,GMT-USDT-SWAP,47953489.0,1757386363011
2025-09-09 02:52:43+00:00,GMX-USDT-SWAP,73547.2,1757386363000
2025-09-09 02:52:43.003000+00:00,GOAT-USDT-SWAP,33834170.0,1757386363003
2025-09-09 02:52:43.016000+00:00,GODS-USDT-SWAP,6718950.0,1757386363016
2025-09-09 02:52:43.012000+00:00,GPS-USDT-SWAP,190198750.0,1757386363012
2025-09-09 02:52:43.015000+00:00,GRASS-USDT-SWAP,2705429.0,1757386363015
2025-09-09 02:52:43.016000+00:00,GRIFFAIN-USDT-SWAP,25836370.0,1757386363016
2025-09-09 02:52:43.439000+00:00,GRT-USDT-SWAP,22542650.0,1757386363439
2025-09-09 02:52:43.450000+00:00,H-USDT-SWAP,63500100.0,1757386363450
2025-09-09 02:52:43.441000+00:00,HBAR-USDT-SWAP,73054570.00000001,1757386363441
2025-09-09 02:52:43.459000+00:00,HMSTR-USDT-SWAP,960497800.0,1757386363459
2025-09-09 02:52:43.451000+00:00,HOME-USDT-SWAP,21092900.0,1757386363451
2025-09-09 02:52:43.444000+00:00,HUMA-USDT-SWAP,85236400.0,1757386363444
2025-09-09 02:52:43.457000+00:00,HYPE-USDT-SWAP,930968.2,1757386363457
2025-09-09 02:52:43.433000+00:00,ICP-USDT-SWAP,1271916.32,1757386363433
2025-09-09 02:52:43.451000+00:00,ICX-USDT-SWAP,6012100.0,1757386363451
2025-09-09 02:52:43.458000+00:00,IMX-USDT-SWAP,6599453.0,1757386363458
2025-09-09 02:52:43.891000+00:00,INIT-USDT-SWAP,3949870.0,1757386363891
2025-09-09 02:52:44.349000+00:00,INJ-USDT-SWAP,857374.3,1757386364349
2025-09-09 02:52:43.902000+00:00,IOST-USDT-SWAP,302675000.0,1757386363902
2025-09-09 02:52:43.929000+00:00,IOTA-USDT-SWAP,15595890.0,1757386363929
2025-09-09 02:52:43.895000+00:00,IP-USDT-SWAP,2877915.0,1757386363895
2025-09-09 02:52:43.897000+00:00,JELLYJELLY-USDT-SWAP,207707800.0,1757386363897
2025-09-09 02:52:43.888000+00:00,JOE-USDT-SWAP,7253110.0,1757386363888
2025-09-09 02:52:44.035000+00:00,JTO-USDT-SWAP,2833157.0,1757386364035
2025-09-09 02:52:43.907000+00:00,JUP-USDT-SWAP,14359450.0,1757386363907
2025-09-09 02:52:44.791000+00:00,KAITO-USDT-SWAP,6333520.0,1757386364791
2025-09-09 02:52:44.811000+00:00,KMNO-USDT-SWAP,16872300.0,1757386364811
2025-09-09 02:52:44.816000+00:00,KSM-USDT-SWAP,128417.9,1757386364816
2025-09-09 02:52:44.828000+00:00,LA-USDT-SWAP,2739660.0,1757386364828
2025-09-09 02:52:44.790000+00:00,LAUNCHCOIN-USDT-SWAP,54492470.0,1757386364790
2025-09-09 02:52:44.798000+00:00,LAYER-USDT-SWAP,5625427.0,1757386364798
2025-09-09 02:52:44.792000+00:00,LDO-USDT-SWAP,14561316.0,1757386364792
2025-09-09 02:52:44.792000+00:00,LINK-USDT-SWAP,2606691.8999999994,1757386364792
2025-09-09 02:52:44.803000+00:00,LPT-USDT-SWAP,822731.1,1757386364803
2025-09-09 02:52:44.825000+00:00,LQTY-USDT-SWAP,1561745.0,1757386364825
2025-09-09 02:52:45.262000+00:00,LRC-USDT-SWAP,17302470.0,1757386365262
2025-09-09 02:52:45.283000+00:00,LTC-USDT-SWAP,674126.4,1757386365283
2025-09-09 02:52:45.294000+00:00,LUNA-USDT-SWAP,15299829.0,1757386365294
2025-09-09 02:52:45.272000+00:00,LUNC-USDT-SWAP,32270310000.0,1757386365272
2025-09-09 02:52:45.282000+00:00,MAGIC-USDT-SWAP,20480582.0,1757386365282
2025-09-09 02:52:45.267000+00:00,MAJOR-USDT-SWAP,4615487.0,1757386365267
2025-09-09 02:52:45.257000+00:00,MANA-USDT-SWAP,10104100.0,1757386365257
2025-09-09 02:52:45.257000+00:00,MASK-USDT-SWAP,2937408.0,1757386365257
2025-09-09 02:52:45.279000+00:00,ME-USDT-SWAP,3869931.0,1757386365279
2025-09-09 02:52:45.280000+00:00,MEME-USDT-SWAP,1552557800.0,1757386365280
2025-09-09 02:52:45.736000+00:00,MERL-USDT-SWAP,50045211.0,1757386365736
2025-09-09 02:52:45.759000+00:00,METIS-USDT-SWAP,94304.0,1757386365759
2025-09-09 02:52:45.741000+00:00,MEW-USDT-SWAP,1022062000.0,1757386365741
2025-09-09 02:52:45.752000+00:00,MINA-USDT-SWAP,7042248.0,1757386365752
2025-09-09 02:52:45.732000+00:00,MOG-USDT-SWAP,591894000000.0,1757386365732
2025-09-09 02:52:45.730000+00:00,MOODENG-USDT-SWAP,45134030.0,1757386365730
2025-09-09 02:52:45.734000+00:00,MORPHO-USDT-SWAP,1331871.0,1757386365734
2025-09-09 02:52:45.753000+00:00,MOVE-USDT-SWAP,28286660.0,1757386365753
2025-09-09 02:52:45.742000+00:00,MUBARAK-USDT-SWAP,12790400.0,1757386365742
2025-09-09 02:52:46.213000+00:00,NEAR-USDT-SWAP,5296456.0,1757386366213
2025-09-09 02:52:46.237000+00:00,NEIRO-USDT-SWAP,8786610000.0,1757386366237
2025-09-09 02:52:46.235000+00:00,NEIROETH-USDT-SWAP,17403200.0,1757386366235
2025-09-09 02:52:46.217000+00:00,NEO-USDT-SWAP,319431.0,1757386366217
2025-09-09 02:52:46.212000+00:00,NEWT-USDT-SWAP,3459350.0,1757386366212
2025-09-09 02:52:46.218000+00:00,NMR-USDT-SWAP,473678.7,1757386366218
2025-09-09 02:52:46.208000+00:00,NOT-USDT-SWAP,1660245200.0,1757386366208
2025-09-09 02:52:46.213000+00:00,NXPC-USDT-SWAP,894753.0,1757386366213
2025-09-09 02:52:46.213000+00:00,OL-USDT-SWAP,92870500.0,1757386366213
2025-09-09 02:52:46.231000+00:00,OM-USDT-SWAP,26009838.000000004,1757386366231
2025-09-09 02:52:46.666000+00:00,ONDO-USDT-SWAP,18519060.0,1757386366666
2025-09-09 02:52:46.679000+00:00,ONE-USDT-SWAP,83611900.0,1757386366679
2025-09-09 02:52:46.689000+00:00,ONT-USDT-SWAP,13508950.0,1757386366689
2025-09-09 02:52:46.678000+00:00,OP-USDT-SWAP,23234458.0,1757386366678
2025-09-09 02:52:46.676000+00:00,ORBS-USDT-SWAP,25703200.0,1757386366676
2025-09-09 02:52:46.668000+00:00,ORDI-USDT-SWAP,1146383.2,1757386366668
2025-09-09 02:52:46.679000+00:00,PARTI-USDT-SWAP,13687030.0,1757386366679
2025-09-09 02:52:46.669000+00:00,PENGU-USDT-SWAP,664580100.0,1757386366669
2025-09-09 02:52:46.674000+00:00,PEOPLE-USDT-SWAP,311867400.0,1757386366674
2025-09-09 02:52:46.679000+00:00,PEPE-USDT-SWAP,7501203999999.999,1757386366679
2025-09-09 02:52:47.127000+00:00,PERP-USDT-SWAP,2686729.0,1757386367127
2025-09-09 02:52:47.135000+00:00,PI-USDT-SWAP,31785310.0,1757386367135
2025-09-09 02:52:47.134000+00:00,PLUME-USDT-SWAP,15617830.0,1757386367134
2025-09-09 02:52:47.173000+00:00,PNUT-USDT-SWAP,39761390.0,1757386367173
2025-09-09 02:52:47.555000+00:00,POL-USDT-SWAP,38159720.0,1757386367555
2025-09-09 02:52:47.138000+00:00,POPCAT-USDT-SWAP,9633460.0,1757386367138
2025-09-09 02:52:47.131000+00:00,PRCL-USDT-SWAP,13462402.0,1757386367131
2025-09-09 02:52:47.128000+00:00,PROMPT-USDT-SWAP,33137430.0,1757386367128
2025-09-09 02:52:47.134000+00:00,PUMP-USDT-SWAP,6650199000.0,1757386367134
2025-09-09 02:52:47.144000+00:00,PYTH-USDT-SWAP,46079380.0,1757386367144
2025-09-09 02:52:47.985000+00:00,QTUM-USDT-SWAP,1334124.0,1757386367985
2025-09-09 02:52:48.050000+00:00,RAY-USDT-SWAP,972021.0,1757386368050
2025-09-09 02:52:48.014000+00:00,RENDER-USDT-SWAP,1285737.0,1757386368014
2025-09-09 02:52:48.028000+00:00,RESOLV-USDT-SWAP,25719890.0,1757386368028
2025-09-09 02:52:48+00:00,RSR-USDT-SWAP,255628300.0,1757386368000
2025-09-09 02:52:48.006000+00:00,RVN-USDT-SWAP,77110270.0,1757386368006
2025-09-09 02:52:48.007000+00:00,S-USDT-SWAP,12343410.0,1757386368007
2025-09-09 02:52:47.992000+00:00,SAHARA-USDT-SWAP,63069620.0,1757386367992
2025-09-09 02:52:48.002000+00:00,SAND-USDT-SWAP,19266570.0,1757386368002
2025-09-09 02:52:48.005000+00:00,SATS-USDT-SWAP,177557760000000.0,1757386368005
2025-09-09 02:52:48.472000+00:00,SCR-USDT-SWAP,3390494.0,1757386368472
2025-09-09 02:52:48.464000+00:00,SHELL-USDT-SWAP,5512550.0,1757386368464
2025-09-09 02:52:48.489000+00:00,SHIB-USDT-SWAP,1524748000000.0,1757386368489
2025-09-09 02:52:48.468000+00:00,SIGN-USDT-SWAP,44675100.0,1757386368468
2025-09-09 02:52:48.464000+00:00,SLP-USDT-SWAP,444315030.0,1757386368464
2025-09-09 02:52:48.497000+00:00,SNX-USDT-SWAP,2527198.0,1757386368497
2025-09-09 02:52:48.472000+00:00,SOL-USDT-SWAP,3602947.5500000003,1757386368472
2025-09-09 02:52:48.477000+00:00,SOLV-USDT-SWAP,67902300.0,1757386368477
2025-09-09 02:52:48.474000+00:00,SONIC-USDT-SWAP,8221867.0,1757386368474
2025-09-09 02:52:48.474000+00:00,SOON-USDT-SWAP,9233760.0,1757386368474
2025-09-09 02:52:48.925000+00:00,SOPH-USDT-SWAP,85763300.0,1757386368925
2025-09-09 02:52:48.935000+00:00,SPK-USDT-SWAP,132043000.0,1757386368935
2025-09-09 02:52:48.939000+00:00,SPX-USDT-SWAP,1115193.0,1757386368939
2025-09-09 02:52:48.937000+00:00,SSV-USDT-SWAP,287172.7,1757386368937
2025-09-09 02:52:48.932000+00:00,STORJ-USDT-SWAP,5574280.0,1757386368932
2025-09-09 02:52:48.928000+00:00,STRK-USDT-SWAP,24670644.0,1757386368928
2025-09-09 02:52:48.937000+00:00,STX-USDT-SWAP,6648311.999999999,1757386368937
2025-09-09 02:52:48.928000+00:00,SUI-USDT-SWAP,20138937.0,1757386368928
2025-09-09 02:52:48.947000+00:00,SUSHI-USDT-SWAP,8175211.0,1757386368947
2025-09-09 02:52:48.929000+00:00,SWARMS-USDT-SWAP,80800570.0,1757386368929
2025-09-09 02:52:49.474000+00:00,SYRUP-USDT-SWAP,2919950.0,1757386369474
2025-09-09 02:52:49.369000+00:00,T-USDT-SWAP,41210600.0,1757386369369
2025-09-09 02:52:49.407000+00:00,TAO-USDT-SWAP,14231.1,1757386369407
2025-09-09 02:52:49.408000+00:00,THETA-USDT-SWAP,2699019.0,1757386369408
2025-09-09 02:52:49.382000+00:00,TIA-USDT-SWAP,5271703.0,1757386369382
2025-09-09 02:52:49.366000+00:00,TNSR-USDT-SWAP,8394820.0,1757386369366
2025-09-09 02:52:49.377000+00:00,TON-USDT-SWAP,9489923.0,1757386369377
2025-09-09 02:52:49.373000+00:00,TRB-USDT-SWAP,270979.6,1757386369373
2025-09-09 02:52:49.380000+00:00,TREE-USDT-SWAP,6252261.0,1757386369380
2025-09-09 02:52:49.389000+00:00,TRUMP-USDT-SWAP,5101875.6,1757386369389
2025-09-09 02:52:49.898000+00:00,TRX-USDT-SWAP,99485280.00000006,1757386369898
2025-09-09 02:52:50.098000+00:00,TURBO-USDT-SWAP,939326000.0000002,1757386370098
2025-09-09 02:52:49.907000+00:00,UMA-USDT-SWAP,1445605.9,1757386369907
2025-09-09 02:52:49.896000+00:00,UNI-USDT-SWAP,3197386.0,1757386369896
2025-09-09 02:52:49.890000+00:00,USDC-USDT-SWAP,1075830.0,1757386369890
2025-09-09 02:52:49.908000+00:00,USELESS-USDT-SWAP,13531460.0,1757386369908
2025-09-09 02:52:49.900000+00:00,USTC-USDT-SWAP,135114300.0,1757386369900
2025-09-09 02:52:49.892000+00:00,UXLINK-USDT-SWAP,6326360.0,1757386369892
2025-09-09 02:52:49.904000+00:00,VANA-USDT-SWAP,149985.9,1757386369904
2025-09-09 02:52:49.905000+00:00,VINE-USDT-SWAP,111966710.0,1757386369905
2025-09-09 02:52:50.521000+00:00,VIRTUAL-USDT-SWAP,3480760.0,1757386370521
2025-09-09 02:52:50.523000+00:00,W-USDT-SWAP,47992108.0,1757386370523
2025-09-09 02:52:50.524000+00:00,WAL-USDT-SWAP,2039760.0,1757386370524
2025-09-09 02:52:50.525000+00:00,WAXP-USDT-SWAP,25192400.0,1757386370525
2025-09-09 02:52:50.513000+00:00,WCT-USDT-SWAP,10727710.0,1757386370513
2025-09-09 02:52:50.525000+00:00,WIF-USDT-SWAP,17335652.0,1757386370525
2025-09-09 02:52:50.531000+00:00,WLD-USDT-SWAP,31123010.0,1757386370531
2025-09-09 02:52:50.521000+00:00,WLFI-USDT-SWAP,282764240.0,1757386370521
2025-09-09 02:52:50.526000+00:00,WOO-USDT-SWAP,15580940.0,1757386370526
2025-09-09 02:52:50.524000+00:00,XAUT-USDT-SWAP,5791.646,1757386370524
2025-09-09 02:52:50.957000+00:00,XLM-USDT-SWAP,40870490.0,1757386370957
2025-09-09 02:52:50.966000+00:00,XPL-USDT-SWAP,6387920.0,1757386370966
2025-09-09 02:52:50.969000+00:00,XRP-USDT-SWAP,91408939.0,1757386370969
2025-09-09 02:52:50.960000+00:00,XTZ-USDT-SWAP,5466999.0,1757386370960
2025-09-09 02:52:50.964000+00:00,YFI-USDT-SWAP,363.7531,1757386370964
2025-09-09 02:52:50.949000+00:00,YGG-USDT-SWAP,27389536.0,1757386370949
2025-09-09 02:52:50.966000+00:00,ZENT-USDT-SWAP,175917500.0,1757386370966
2025-09-09 02:52:50.971000+00:00,ZEREBRO-USDT-SWAP,59270020.0,1757386370971
2025-09-09 02:52:50.956000+00:00,ZETA-USDT-SWAP,5631110.0,1757386370956
2025-09-09 02:52:50.967000+00:00,ZIL-USDT-SWAP,164541500.0,1757386370967
2025-09-09 02:52:51.422000+00:00,ZK-USDT-SWAP,52596940.0,1757386371422
2025-09-09 02:52:51.415000+00:00,ZRO-USDT-SWAP,2015940.0,1757386371415
2025-09-09 02:52:51.412000+00:00,ZRX-USDT-SWAP,8092450.0,1757386371412
2025-09-09 02:53:52.148000+00:00,1INCH-USDT-SWAP,8265354.0,1757386432148
2025-09-09 02:53:52.133000+00:00,A-USDT-SWAP,9940360.0,1757386432133
2025-09-09 02:53:52.169000+00:00,AAVE-USDT-SWAP,132364.13000000006,1757386432169
2025-09-09 02:53:52.169000+00:00,ACE-USDT-SWAP,1899961.0,1757386432169
2025-09-09 02:53:52.152000+00:00,ACH-USDT-SWAP,80097100.0,1757386432152
2025-09-09 02:53:52.150000+00:00,ACT-USDT-SWAP,90080956.0,1757386432150
2025-09-09 02:53:52.148000+00:00,ADA-USDT-SWAP,80697900.00000003,1757386432148
2025-09-09 02:53:52.162000+00:00,AERO-USDT-SWAP,1581340.0,1757386432162
2025-09-09 02:53:52.151000+00:00,AEVO-USDT-SWAP,13105432.0,1757386432151
2025-09-09 02:53:52.148000+00:00,AGLD-USDT-SWAP,1820480.0,1757386432148
2025-09-09 02:53:52.592000+00:00,AI16Z-USDT-SWAP,52511844.0,1757386432592
2025-09-09 02:53:52.586000+00:00,AIXBT-USDT-SWAP,27425780.0,1757386432586
2025-09-09 02:53:52.593000+00:00,ALCH-USDT-SWAP,19791790.0,1757386432593
2025-09-09 02:53:52.591000+00:00,ALGO-USDT-SWAP,27057600.0,1757386432591
2025-09-09 02:53:52.589000+00:00,ANIME-USDT-SWAP,106515890.0,1757386432589
2025-09-09 02:53:52.585000+00:00,APE-USDT-SWAP,8086032.4,1757386432585
2025-09-09 02:53:52.601000+00:00,API3-USDT-SWAP,3529821.0,1757386432601
2025-09-09 02:53:52.581000+00:00,APT-USDT-SWAP,3652230.0,1757386432581
2025-09-09 02:53:52.600000+00:00,AR-USDT-SWAP,525431.5,1757386432600
2025-09-09 02:53:52.595000+00:00,ARB-USDT-SWAP,33649238.99999999,1757386432595
2025-09-09 02:53:53.041000+00:00,ARC-USDT-SWAP,61277400.0,1757386433041
2025-09-09 02:53:53.029000+00:00,ARKM-USDT-SWAP,6520013.0,1757386433029
2025-09-09 02:53:53.048000+00:00,ATH-USDT-SWAP,168331700.0,1757386433048
2025-09-09 02:53:53.039000+00:00,ATOM-USDT-SWAP,1978814.0,1757386433039
2025-09-09 02:53:53.044000+00:00,AUCTION-USDT-SWAP,212234.0,1757386433044
2025-09-09 02:53:53.037000+00:00,AVAAI-USDT-SWAP,58259120.0,1757386433037
2025-09-09 02:53:53.048000+00:00,AVAX-USDT-SWAP,2008152.0999999996,1757386433048
2025-09-09 02:53:53.025000+00:00,AXS-USDT-SWAP,1191215.9,1757386433025
2025-09-09 02:53:53.037000+00:00,BABY-USDT-SWAP,40946710.0,1757386433037
2025-09-09 02:53:53.042000+00:00,BAND-USDT-SWAP,1492636.0,1757386433042
2025-09-09 02:53:53.621000+00:00,BAT-USDT-SWAP,6050780.0,1757386433621
2025-09-09 02:53:53.486000+00:00,BCH-USDT-SWAP,78175.18999999999,1757386433486
2025-09-09 02:53:53.490000+00:00,BERA-USDT-SWAP,2508213.6,1757386433490
2025-09-09 02:53:53.491000+00:00,BICO-USDT-SWAP,6774077.0,1757386433491
2025-09-09 02:53:53.488000+00:00,BIGTIME-USDT-SWAP,41265840.0,1757386433488
2025-09-09 02:53:53.493000+00:00,BIO-USDT-SWAP,59430795.0,1757386433493
2025-09-09 02:53:53.495000+00:00,BLUR-USDT-SWAP,24082280.0,1757386433495
2025-09-09 02:53:53.488000+00:00,BNB-USDT-SWAP,96199.94,1757386433488
2025-09-09 02:53:53.489000+00:00,BNT-USDT-SWAP,743770.0,1757386433489
2025-09-09 02:53:53.489000+00:00,BOME-USDT-SWAP,1363572000.0,1757386433489
2025-09-09 02:53:54.051000+00:00,BONK-USDT-SWAP,541210400000.0,1757386434051
2025-09-09 02:53:54.051000+00:00,BRETT-USDT-SWAP,12315900.0,1757386434051
2025-09-09 02:53:54.045000+00:00,BTC-USDT-SWAP,28076.01180000008,1757386434045
2025-09-09 02:53:54.041000+00:00,CAT-USDT-SWAP,196187400000.0,1757386434041
2025-09-09 02:53:54.049000+00:00,CATI-USDT-SWAP,16592432.0,1757386434049
2025-09-09 02:53:54.043000+00:00,CELO-USDT-SWAP,4351531.0,1757386434043
2025-09-09 02:53:54.045000+00:00,CETUS-USDT-SWAP,18635880.0,1757386434045
2025-09-09 02:53:54.067000+00:00,CFX-USDT-SWAP,76015510.0,1757386434067
2025-09-09 02:53:54.035000+00:00,CHZ-USDT-SWAP,78513560.0,1757386434035
2025-09-09 02:53:54.041000+00:00,COMP-USDT-SWAP,88159.6,1757386434041
2025-09-09 02:53:54.499000+00:00,COOKIE-USDT-SWAP,4177720.0,1757386434499
2025-09-09 02:53:54.515000+00:00,CORE-USDT-SWAP,9621542.0,1757386434515
2025-09-09 02:53:54.906000+00:00,CRO-USDT-SWAP,64555230.0,1757386434906
2025-09-09 02:53:54.514000+00:00,CRV-USDT-SWAP,24473076.0,1757386434514
2025-09-09 02:53:54.492000+00:00,CTC-USDT-SWAP,1730350.0,1757386434492
2025-09-09 02:53:54.637000+00:00,CVC-USDT-SWAP,9826400.0,1757386434637
2025-09-09 02:53:54.890000+00:00,CVX-USDT-SWAP,303351.0,1757386434890
2025-09-09 02:53:54.499000+00:00,DEGEN-USDT-SWAP,292919100.0,1757386434499
2025-09-09 02:53:54.497000+00:00,DGB-USDT-SWAP,44077600.0,1757386434497
2025-09-09 02:53:54.498000+00:00,DOG-USDT-SWAP,435969000.0,1757386434498
2025-09-09 02:53:55.343000+00:00,DOGE-USDT-SWAP,1618728989.9999998,1757386435343
2025-09-09 02:53:55.350000+00:00,DOGS-USDT-SWAP,17590995000.0,1757386435350
2025-09-09 02:53:55.347000+00:00,DOOD-USDT-SWAP,145674000.0,1757386435347
2025-09-09 02:53:55.338000+00:00,DOT-USDT-SWAP,6430212.0,1757386435338
2025-09-09 02:53:55.364000+00:00,DUCK-USDT-SWAP,865550800.0,1757386435364
2025-09-09 02:53:55.344000+00:00,DYDX-USDT-SWAP,9918275.0,1757386435344
2025-09-09 02:53:55.342000+00:00,EGLD-USDT-SWAP,111622.0,1757386435342
2025-09-09 02:53:55.338000+00:00,EIGEN-USDT-SWAP,3679793.0,1757386435338
2025-09-09 02:53:55.344000+00:00,ENJ-USDT-SWAP,13099860.0,1757386435344
2025-09-09 02:53:55.342000+00:00,ENS-USDT-SWAP,350970.6,1757386435342
2025-09-09 02:53:55.795000+00:00,ETC-USDT-SWAP,1062928.3000000003,1757386435795
2025-09-09 02:53:55.774000+00:00,ETH-USDT-SWAP,773031.3900000025,1757386435774
2025-09-09 02:53:55.791000+00:00,ETHFI-USDT-SWAP,8009280.0,1757386435791
2025-09-09 02:53:55.833000+00:00,ETHW-USDT-SWAP,1270379.2,1757386435833
2025-09-09 02:53:55.797000+00:00,FARTCOIN-USDT-SWAP,18772751.0,1757386435797
2025-09-09 02:53:55.790000+00:00,FIL-USDT-SWAP,14431597.8,1757386435790
2025-09-09 02:53:55.917000+00:00,FLM-USDT-SWAP,26807650.0,1757386435917
2025-09-09 02:53:55.784000+00:00,FLOKI-USDT-SWAP,39272000000.0,1757386435784
2025-09-09 02:53:55.784000+00:00,FLOW-USDT-SWAP,4569220.0,1757386435784
2025-09-09 02:53:55.788000+00:00,FXS-USDT-SWAP,387282.0,1757386435788
2025-09-09 02:53:56.350000+00:00,GALA-USDT-SWAP,432518790.0,1757386436350
2025-09-09 02:53:56.335000+00:00,GAS-USDT-SWAP,440117.0,1757386436335
2025-09-09 02:53:56.331000+00:00,GLM-USDT-SWAP,2797730.0,1757386436331
2025-09-09 02:53:56.339000+00:00,GMT-USDT-SWAP,47945172.0,1757386436339
2025-09-09 02:53:56.335000+00:00,GMX-USDT-SWAP,73544.1,1757386436335
2025-09-09 02:53:56.347000+00:00,GOAT-USDT-SWAP,33791350.0,1757386436347
2025-09-09 02:53:56.343000+00:00,GODS-USDT-SWAP,6718077.0,1757386436343
2025-09-09 02:53:56.342000+00:00,GPS-USDT-SWAP,190378550.0,1757386436342
2025-09-09 02:53:56.342000+00:00,GRASS-USDT-SWAP,2711789.0,1757386436342
2025-09-09 02:53:56.343000+00:00,GRIFFAIN-USDT-SWAP,25824410.0,1757386436343
2025-09-09 02:53:56.768000+00:00,GRT-USDT-SWAP,22520910.0,1757386436768
2025-09-09 02:53:56.903000+00:00,H-USDT-SWAP,63648200.0,1757386436903
2025-09-09 02:53:56.769000+00:00,HBAR-USDT-SWAP,73140800.00000001,1757386436769
2025-09-09 02:53:56.765000+00:00,HMSTR-USDT-SWAP,960825500.0,1757386436765
2025-09-09 02:53:56.772000+00:00,HOME-USDT-SWAP,21060100.0,1757386436772
2025-09-09 02:53:56.770000+00:00,HUMA-USDT-SWAP,84938100.0,1757386436770
2025-09-09 02:53:56.787000+00:00,HYPE-USDT-SWAP,932704.5,1757386436787
2025-09-09 02:53:56.782000+00:00,ICP-USDT-SWAP,1271903.3,1757386436782
2025-09-09 02:53:56.775000+00:00,ICX-USDT-SWAP,6010660.0,1757386436775
2025-09-09 02:53:56.776000+00:00,IMX-USDT-SWAP,6610067.0,1757386436776
2025-09-09 02:53:57.324000+00:00,INIT-USDT-SWAP,3953070.0,1757386437324
2025-09-09 02:53:57.314000+00:00,INJ-USDT-SWAP,857345.2,1757386437314
2025-09-09 02:53:57.328000+00:00,IOST-USDT-SWAP,302665000.0,1757386437328
2025-09-09 02:53:57.334000+00:00,IOTA-USDT-SWAP,15618270.0,1757386437334
2025-09-09 02:53:57.459000+00:00,IP-USDT-SWAP,2878123.0,1757386437459
2025-09-09 02:53:57.334000+00:00,JELLYJELLY-USDT-SWAP,207672700.0,1757386437334
2025-09-09 02:53:57.474000+00:00,JOE-USDT-SWAP,7251210.0,1757386437474
2025-09-09 02:53:57.330000+00:00,JTO-USDT-SWAP,2832346.0,1757386437330
2025-09-09 02:53:57.330000+00:00,JUP-USDT-SWAP,14352250.0,1757386437330
2025-09-09 02:53:57.903000+00:00,KAITO-USDT-SWAP,6330078.0,1757386437903
2025-09-09 02:53:57.896000+00:00,KMNO-USDT-SWAP,16909200.0,1757386437896
2025-09-09 02:53:57.899000+00:00,KSM-USDT-SWAP,128323.1,1757386437899
2025-09-09 02:53:57.907000+00:00,LA-USDT-SWAP,2748770.0,1757386437907
2025-09-09 02:53:57.911000+00:00,LAUNCHCOIN-USDT-SWAP,54652290.0,1757386437911
2025-09-09 02:53:57.908000+00:00,LAYER-USDT-SWAP,5622497.0,1757386437908
2025-09-09 02:53:57.912000+00:00,LDO-USDT-SWAP,14568354.0,1757386437912
2025-09-09 02:53:57.898000+00:00,LINK-USDT-SWAP,2606656.599999999,1757386437898
2025-09-09 02:53:57.912000+00:00,LPT-USDT-SWAP,820470.7,1757386437912
2025-09-09 02:53:57.903000+00:00,LQTY-USDT-SWAP,1561630.0,1757386437903
2025-09-09 02:53:58.454000+00:00,LRC-USDT-SWAP,17280210.0,1757386438454
2025-09-09 02:53:58.376000+00:00,LTC-USDT-SWAP,673894.0,1757386438376
2025-09-09 02:53:58.388000+00:00,LUNA-USDT-SWAP,15301251.0,1757386438388
2025-09-09 02:53:58.378000+00:00,LUNC-USDT-SWAP,32269860000.0,1757386438378
2025-09-09 02:53:58.382000+00:00,MAGIC-USDT-SWAP,20463039.0,1757386438382
2025-09-09 02:53:58.388000+00:00,MAJOR-USDT-SWAP,4615402.0,1757386438388
2025-09-09 02:53:58.388000+00:00,MANA-USDT-SWAP,10101040.0,1757386438388
2025-09-09 02:53:58.386000+00:00,MASK-USDT-SWAP,2937386.0,1757386438386
2025-09-09 02:53:58.391000+00:00,ME-USDT-SWAP,3872031.0,1757386438391
2025-09-09 02:53:58.390000+00:00,MEME-USDT-SWAP,1550593200.0,1757386438390
2025-09-09 02:53:58.910000+00:00,MERL-USDT-SWAP,50036768.0,1757386438910
2025-09-09 02:53:58.888000+00:00,METIS-USDT-SWAP,94298.9,1757386438888
2025-09-09 02:53:58.893000+00:00,MEW-USDT-SWAP,1021951000.0,1757386438893
2025-09-09 02:53:58.883000+00:00,MINA-USDT-SWAP,7038044.0,1757386438883
2025-09-09 02:53:58.893000+00:00,MOG-USDT-SWAP,592127000000.0,1757386438893
2025-09-09 02:53:58.889000+00:00,MOODENG-USDT-SWAP,45099610.0,1757386438889
2025-09-09 02:53:58.886000+00:00,MORPHO-USDT-SWAP,1330959.0,1757386438886
2025-09-09 02:53:58.897000+00:00,MOVE-USDT-SWAP,28283650.0,1757386438897
2025-09-09 02:53:58.899000+00:00,MUBARAK-USDT-SWAP,12788100.0,1757386438899
2025-09-09 02:53:59.348000+00:00,NEAR-USDT-SWAP,5298375.0,1757386439348
2025-09-09 02:53:59.328000+00:00,NEIRO-USDT-SWAP,8786347000.0,1757386439328
2025-09-09 02:53:59.324000+00:00,NEIROETH-USDT-SWAP,17403800.0,1757386439324
2025-09-09 02:53:59.331000+00:00,NEO-USDT-SWAP,319392.0,1757386439331
2025-09-09 02:53:59.331000+00:00,NEWT-USDT-SWAP,3461780.0,1757386439331
2025-09-09 02:53:59.332000+00:00,NMR-USDT-SWAP,473916.7,1757386439332
2025-09-09 02:53:59.336000+00:00,NOT-USDT-SWAP,1660245100.0,1757386439336
2025-09-09 02:53:59.322000+00:00,NXPC-USDT-SWAP,894206.0,1757386439322
2025-09-09 02:53:59.340000+00:00,OL-USDT-SWAP,92844310.0,1757386439340
2025-09-09 02:53:59.332000+00:00,OM-USDT-SWAP,26011347.000000004,1757386439332
2025-09-09 02:53:59.777000+00:00,ONDO-USDT-SWAP,18508350.0,1757386439777
2025-09-09 02:53:59.777000+00:00,ONE-USDT-SWAP,83617100.0,1757386439777
2025-09-09 02:53:59.783000+00:00,ONT-USDT-SWAP,13509130.0,1757386439783
2025-09-09 02:53:59.773000+00:00,OP-USDT-SWAP,23241299.0,1757386439773
2025-09-09 02:53:59.775000+00:00,ORBS-USDT-SWAP,25703200.0,1757386439775
2025-09-09 02:53:59.773000+00:00,ORDI-USDT-SWAP,1144088.9,1757386439773
2025-09-09 02:53:59.784000+00:00,PARTI-USDT-SWAP,13686680.0,1757386439784
2025-09-09 02:53:59.771000+00:00,PENGU-USDT-SWAP,673154200.0,1757386439771
2025-09-09 02:53:59.801000+00:00,PEOPLE-USDT-SWAP,312303200.0,1757386439801
2025-09-09 02:53:59.780000+00:00,PEPE-USDT-SWAP,7492213000000.0,1757386439780
2025-09-09 02:54:00.219000+00:00,PERP-USDT-SWAP,2689752.0,1757386440219
2025-09-09 02:54:00.219000+00:00,PI-USDT-SWAP,31791414.0,1757386440219
2025-09-09 02:54:00.224000+00:00,PLUME-USDT-SWAP,15587150.0,1757386440224
2025-09-09 02:54:00.226000+00:00,PNUT-USDT-SWAP,39763510.0,1757386440226
2025-09-09 02:54:00.280000+00:00,POL-USDT-SWAP,38160110.0,1757386440280
2025-09-09 02:54:00.219000+00:00,POPCAT-USDT-SWAP,9642580.0,1757386440219
2025-09-09 02:54:00.229000+00:00,PRCL-USDT-SWAP,13458852.0,1757386440229
2025-09-09 02:54:00.216000+00:00,PROMPT-USDT-SWAP,33073490.0,1757386440216
2025-09-09 02:54:00.222000+00:00,PUMP-USDT-SWAP,6647623000.0,1757386440222
2025-09-09 02:54:00.234000+00:00,PYTH-USDT-SWAP,46105610.0,1757386440234
2025-09-09 02:54:00.848000+00:00,QTUM-USDT-SWAP,1333870.0,1757386440848
2025-09-09 02:54:00.697000+00:00,RAY-USDT-SWAP,972074.0,1757386440697
2025-09-09 02:54:00.694000+00:00,RENDER-USDT-SWAP,1285334.0,1757386440694
2025-09-09 02:54:00.700000+00:00,RESOLV-USDT-SWAP,25694600.0,1757386440700
2025-09-09 02:54:00.714000+00:00,RSR-USDT-SWAP,255577900.0,1757386440714
2025-09-09 02:54:00.704000+00:00,RVN-USDT-SWAP,77080410.0,1757386440704
2025-09-09 02:54:00.703000+00:00,S-USDT-SWAP,12354100.0,1757386440703
2025-09-09 02:54:00.702000+00:00,SAHARA-USDT-SWAP,62755370.0,1757386440702
2025-09-09 02:54:00.698000+00:00,SAND-USDT-SWAP,19256800.0,1757386440698
2025-09-09 02:54:00.712000+00:00,SATS-USDT-SWAP,177621890000000.0,1757386440712
2025-09-09 02:54:01.289000+00:00,SCR-USDT-SWAP,3386764.0,1757386441289
2025-09-09 02:54:01.279000+00:00,SHELL-USDT-SWAP,5506050.0,1757386441279
2025-09-09 02:54:01.289000+00:00,SHIB-USDT-SWAP,1524718700000.0,1757386441289
2025-09-09 02:54:01.277000+00:00,SIGN-USDT-SWAP,44665400.0,1757386441277
2025-09-09 02:54:01.289000+00:00,SLP-USDT-SWAP,444387660.0,1757386441289
2025-09-09 02:54:01.282000+00:00,SNX-USDT-SWAP,2528301.0,1757386441282
2025-09-09 02:54:01.354000+00:00,SOL-USDT-SWAP,3603890.4100000006,1757386441354
2025-09-09 02:54:01.282000+00:00,SOLV-USDT-SWAP,67921800.0,1757386441282
2025-09-09 02:54:01.300000+00:00,SONIC-USDT-SWAP,8232081.0,1757386441300
2025-09-09 02:54:01.288000+00:00,SOON-USDT-SWAP,9222830.0,1757386441288
2025-09-09 02:54:01.785000+00:00,SOPH-USDT-SWAP,85842700.0,1757386441785
2025-09-09 02:54:01.776000+00:00,SPK-USDT-SWAP,131945800.0,1757386441776
2025-09-09 02:54:01.784000+00:00,SPX-USDT-SWAP,1116639.0,1757386441784
2025-09-09 02:54:01.774000+00:00,SSV-USDT-SWAP,287189.3,1757386441774
2025-09-09 02:54:01.776000+00:00,STORJ-USDT-SWAP,5579130.0,1757386441776
2025-09-09 02:54:01.773000+00:00,STRK-USDT-SWAP,24670751.0,1757386441773
2025-09-09 02:54:01.788000+00:00,STX-USDT-SWAP,6647653.999999999,1757386441788
2025-09-09 02:54:01.784000+00:00,SUI-USDT-SWAP,20138297.0,1757386441784
2025-09-09 02:54:01.779000+00:00,SUSHI-USDT-SWAP,8177773.0,1757386441779
2025-09-09 02:54:01.790000+00:00,SWARMS-USDT-SWAP,80758820.0,1757386441790
2025-09-09 02:54:02.351000+00:00,SYRUP-USDT-SWAP,2920550.0,1757386442351
2025-09-09 02:54:02.208000+00:00,T-USDT-SWAP,41168000.0,1757386442208
2025-09-09 02:54:02.222000+00:00,TAO-USDT-SWAP,14271.05,1757386442222
2025-09-09 02:54:02.216000+00:00,THETA-USDT-SWAP,2699520.0,1757386442216
2025-09-09 02:54:02.222000+00:00,TIA-USDT-SWAP,5276762.0,1757386442222
2025-09-09 02:54:02.224000+00:00,TNSR-USDT-SWAP,8393331.0,1757386442224
2025-09-09 02:54:02.266000+00:00,TON-USDT-SWAP,9488631.0,1757386442266
2025-09-09 02:54:02.220000+00:00,TRB-USDT-SWAP,271086.2,1757386442220
2025-09-09 02:54:02.217000+00:00,TREE-USDT-SWAP,6269204.0,1757386442217
2025-09-09 02:54:02.220000+00:00,TRUMP-USDT-SWAP,5101643.4,1757386442220
2025-09-09 02:54:02.765000+00:00,TRX-USDT-SWAP,99478470.00000006,1757386442765
2025-09-09 02:54:02.767000+00:00,TURBO-USDT-SWAP,939295000.0000002,1757386442767
2025-09-09 02:54:02.765000+00:00,UMA-USDT-SWAP,1444966.2,1757386442765
2025-09-09 02:54:02.775000+00:00,UNI-USDT-SWAP,3196887.0,1757386442775
2025-09-09 02:54:02.771000+00:00,USDC-USDT-SWAP,1075830.0,1757386442771
2025-09-09 02:54:02.773000+00:00,USELESS-USDT-SWAP,13484970.0,1757386442773
2025-09-09 02:54:02.807000+00:00,USTC-USDT-SWAP,135114300.0,1757386442807
2025-09-09 02:54:02.791000+00:00,UXLINK-USDT-SWAP,6303710.0,1757386442791
2025-09-09 02:54:02.781000+00:00,VANA-USDT-SWAP,149548.7,1757386442781
2025-09-09 02:54:02.769000+00:00,VINE-USDT-SWAP,111959510.0,1757386442769
2025-09-09 02:54:03.235000+00:00,VIRTUAL-USDT-SWAP,3472430.0,1757386443235
2025-09-09 02:54:03.232000+00:00,W-USDT-SWAP,47991973.0,1757386443232
2025-09-09 02:54:03.226000+00:00,WAL-USDT-SWAP,2038610.0,1757386443226
2025-09-09 02:54:03.237000+00:00,WAXP-USDT-SWAP,25217800.0,1757386443237
2025-09-09 02:54:03.239000+00:00,WCT-USDT-SWAP,10741640.0,1757386443239
2025-09-09 02:54:03.242000+00:00,WIF-USDT-SWAP,17304393.0,1757386443242
2025-09-09 02:54:03.241000+00:00,WLD-USDT-SWAP,31110599.0,1757386443241
2025-09-09 02:54:03.231000+00:00,WLFI-USDT-SWAP,283745850.0,1757386443231
2025-09-09 02:54:03.247000+00:00,WOO-USDT-SWAP,15587630.0,1757386443247
2025-09-09 02:54:03.238000+00:00,XAUT-USDT-SWAP,5784.584,1757386443238
2025-09-09 02:54:03.675000+00:00,XLM-USDT-SWAP,40872590.0,1757386443675
2025-09-09 02:54:03.669000+00:00,XPL-USDT-SWAP,6387280.0,1757386443669
2025-09-09 02:54:03.671000+00:00,XRP-USDT-SWAP,91477449.00000001,1757386443671
2025-09-09 02:54:03.666000+00:00,XTZ-USDT-SWAP,5467152.0,1757386443666
2025-09-09 02:54:03.666000+00:00,YFI-USDT-SWAP,363.7032,1757386443666
2025-09-09 02:54:03.665000+00:00,YGG-USDT-SWAP,27389021.0,1757386443665
2025-09-09 02:54:03.677000+00:00,ZENT-USDT-SWAP,175878500.0,1757386443677
2025-09-09 02:54:03.662000+00:00,ZEREBRO-USDT-SWAP,59252930.0,1757386443662
2025-09-09 02:54:03.675000+00:00,ZETA-USDT-SWAP,5633690.0,1757386443675
2025-09-09 02:54:03.674000+00:00,ZIL-USDT-SWAP,164540700.0,1757386443674
2025-09-09 02:54:04.097000+00:00,ZK-USDT-SWAP,52596750.0,1757386444097
2025-09-09 02:54:04.109000+00:00,ZRO-USDT-SWAP,2015844.0,1757386444109
2025-09-09 02:54:04.095000+00:00,ZRX-USDT-SWAP,8095380.0,1757386444095
2025-09-09 02:55:04.821000+00:00,1INCH-USDT-SWAP,8272534.0,1757386504821
2025-09-09 02:55:04.826000+00:00,A-USDT-SWAP,9939490.0,1757386504826
2025-09-09 02:55:04.834000+00:00,AAVE-USDT-SWAP,132479.28000000006,1757386504834
2025-09-09 02:55:04.837000+00:00,ACE-USDT-SWAP,1899987.0,1757386504837
2025-09-09 02:55:04.852000+00:00,ACH-USDT-SWAP,80077000.0,1757386504852
2025-09-09 02:55:04.849000+00:00,ACT-USDT-SWAP,90056744.0,1757386504849
2025-09-09 02:55:04.823000+00:00,ADA-USDT-SWAP,80687360.00000003,1757386504823
2025-09-09 02:55:04.817000+00:00,AERO-USDT-SWAP,1581150.0,1757386504817
2025-09-09 02:55:04.855000+00:00,AEVO-USDT-SWAP,13124020.0,1757386504855
2025-09-09 02:55:04.836000+00:00,AGLD-USDT-SWAP,1820175.0,1757386504836
2025-09-09 02:55:05.321000+00:00,AI16Z-USDT-SWAP,52508563.0,1757386505321
2025-09-09 02:55:05.318000+00:00,AIXBT-USDT-SWAP,27358310.0,1757386505318
2025-09-09 02:55:05.338000+00:00,ALCH-USDT-SWAP,19777120.0,1757386505338
2025-09-09 02:55:05.323000+00:00,ALGO-USDT-SWAP,27060160.0,1757386505323
2025-09-09 02:55:05.319000+00:00,ANIME-USDT-SWAP,106485280.0,1757386505319
2025-09-09 02:55:05.699000+00:00,APE-USDT-SWAP,8085792.8,1757386505699
2025-09-09 02:55:05.323000+00:00,API3-USDT-SWAP,3531523.0,1757386505323
2025-09-09 02:55:05.314000+00:00,APT-USDT-SWAP,3652077.0,1757386505314
2025-09-09 02:55:05.319000+00:00,AR-USDT-SWAP,525470.8,1757386505319
2025-09-09 02:55:05.340000+00:00,ARB-USDT-SWAP,33650277.99999999,1757386505340
2025-09-09 02:55:06.126000+00:00,ARC-USDT-SWAP,61231910.0,1757386506126
2025-09-09 02:55:06.122000+00:00,ARKM-USDT-SWAP,6520788.0,1757386506122
2025-09-09 02:55:06.128000+00:00,ATH-USDT-SWAP,168187700.0,1757386506128
2025-09-09 02:55:06.124000+00:00,ATOM-USDT-SWAP,1979270.0,1757386506124
2025-09-09 02:55:06.145000+00:00,AUCTION-USDT-SWAP,212243.0,1757386506145
2025-09-09 02:55:06.129000+00:00,AVAAI-USDT-SWAP,58255720.0,1757386506129
2025-09-09 02:55:06.121000+00:00,AVAX-USDT-SWAP,2008191.0999999994,1757386506121
2025-09-09 02:55:06.117000+00:00,AXS-USDT-SWAP,1191840.5,1757386506117
2025-09-09 02:55:06.118000+00:00,BABY-USDT-SWAP,40953520.0,1757386506118
2025-09-09 02:55:06.136000+00:00,BAND-USDT-SWAP,1492737.0,1757386506136
2025-09-09 02:55:06.564000+00:00,BAT-USDT-SWAP,6050870.0,1757386506564
2025-09-09 02:55:06.556000+00:00,BCH-USDT-SWAP,78221.14,1757386506556
2025-09-09 02:55:06.582000+00:00,BERA-USDT-SWAP,2511910.9,1757386506582
2025-09-09 02:55:06.562000+00:00,BICO-USDT-SWAP,6777455.0,1757386506562
2025-09-09 02:55:06.569000+00:00,BIGTIME-USDT-SWAP,41274020.0,1757386506569
2025-09-09 02:55:06.563000+00:00,BIO-USDT-SWAP,59460207.0,1757386506563
2025-09-09 02:55:06.569000+00:00,BLUR-USDT-SWAP,24089720.0,1757386506569
2025-09-09 02:55:06.574000+00:00,BNB-USDT-SWAP,96192.2,1757386506574
2025-09-09 02:55:06.573000+00:00,BNT-USDT-SWAP,744250.0,1757386506573
2025-09-09 02:55:06.586000+00:00,BOME-USDT-SWAP,1363472000.0,1757386506586
2025-09-09 02:55:07.014000+00:00,BONK-USDT-SWAP,542337100000.0,1757386507014
2025-09-09 02:55:07.008000+00:00,BRETT-USDT-SWAP,12307100.0,1757386507008
2025-09-09 02:55:07.020000+00:00,BTC-USDT-SWAP,28076.84340000008,1757386507020
2025-09-09 02:55:07.008000+00:00,CAT-USDT-SWAP,196178900000.0,1757386507008
2025-09-09 02:55:07.006000+00:00,CATI-USDT-SWAP,16587464.0,1757386507006
2025-09-09 02:55:07.010000+00:00,CELO-USDT-SWAP,4349116.0,1757386507010
2025-09-09 02:55:07.004000+00:00,CETUS-USDT-SWAP,18634440.0,1757386507004
2025-09-09 02:55:07.013000+00:00,CFX-USDT-SWAP,76019430.0,1757386507013
2025-09-09 02:55:07.011000+00:00,CHZ-USDT-SWAP,78514730.0,1757386507011
2025-09-09 02:55:07.014000+00:00,COMP-USDT-SWAP,88525.7,1757386507014
2025-09-09 02:55:07.455000+00:00,COOKIE-USDT-SWAP,4175130.0,1757386507455
2025-09-09 02:55:07.444000+00:00,CORE-USDT-SWAP,9619067.0,1757386507444
2025-09-09 02:55:07.438000+00:00,CRO-USDT-SWAP,64609660.0,1757386507438
2025-09-09 02:55:07.437000+00:00,CRV-USDT-SWAP,24462891.0,1757386507437
2025-09-09 02:55:07.457000+00:00,CTC-USDT-SWAP,1730420.0,1757386507457
2025-09-09 02:55:07.437000+00:00,CVC-USDT-SWAP,9826500.0,1757386507437
2025-09-09 02:55:07.448000+00:00,CVX-USDT-SWAP,303363.0,1757386507448
2025-09-09 02:55:07.437000+00:00,DEGEN-USDT-SWAP,292886900.0,1757386507437
2025-09-09 02:55:07.442000+00:00,DGB-USDT-SWAP,44029200.0,1757386507442
2025-09-09 02:55:07.483000+00:00,DOG-USDT-SWAP,436451000.0,1757386507483
2025-09-09 02:55:07.936000+00:00,DOGE-USDT-SWAP,1618260259.9999995,1757386507936
2025-09-09 02:55:07.906000+00:00,DOGS-USDT-SWAP,17603246000.0,1757386507906
2025-09-09 02:55:07.932000+00:00,DOOD-USDT-SWAP,145798000.0,1757386507932
2025-09-09 02:55:07.913000+00:00,DOT-USDT-SWAP,6430225.0,1757386507913
2025-09-09 02:55:07.923000+00:00,DUCK-USDT-SWAP,865338700.0,1757386507923
2025-09-09 02:55:07.901000+00:00,DYDX-USDT-SWAP,9921057.0,1757386507901
2025-09-09 02:55:07.910000+00:00,EGLD-USDT-SWAP,111613.7,1757386507910
2025-09-09 02:55:07.906000+00:00,EIGEN-USDT-SWAP,3680639.0,1757386507906
2025-09-09 02:55:07.905000+00:00,ENJ-USDT-SWAP,13099660.0,1757386507905
2025-09-09 02:55:07.926000+00:00,ENS-USDT-SWAP,351055.0,1757386507926
2025-09-09 02:55:08.403000+00:00,ETC-USDT-SWAP,1064816.5000000005,1757386508403
2025-09-09 02:55:08.390000+00:00,ETH-USDT-SWAP,773210.9780000023,1757386508390
2025-09-09 02:55:08.396000+00:00,ETHFI-USDT-SWAP,8014606.0,1757386508396
2025-09-09 02:55:08.394000+00:00,ETHW-USDT-SWAP,1270340.4,1757386508394
2025-09-09 02:55:08.402000+00:00,FARTCOIN-USDT-SWAP,18777406.0,1757386508402
2025-09-09 02:55:08.398000+00:00,FIL-USDT-SWAP,14433993.9,1757386508398
2025-09-09 02:55:08.401000+00:00,FLM-USDT-SWAP,26757600.0,1757386508401
2025-09-09 02:55:08.397000+00:00,FLOKI-USDT-SWAP,39257900000.0,1757386508397
2025-09-09 02:55:08.393000+00:00,FLOW-USDT-SWAP,4566580.0,1757386508393
2025-09-09 02:55:08.409000+00:00,FXS-USDT-SWAP,387513.0,1757386508409
2025-09-09 02:55:08.831000+00:00,GALA-USDT-SWAP,432537990.0,1757386508831
2025-09-09 02:55:08.829000+00:00,GAS-USDT-SWAP,440118.0,1757386508829
2025-09-09 02:55:08.843000+00:00,GLM-USDT-SWAP,2797630.0,1757386508843
2025-09-09 02:55:08.829000+00:00,GMT-USDT-SWAP,47971778.0,1757386508829
2025-09-09 02:55:08.834000+00:00,GMX-USDT-SWAP,73606.6,1757386508834
2025-09-09 02:55:08.824000+00:00,GOAT-USDT-SWAP,33285030.0,1757386508824
2025-09-09 02:55:08.832000+00:00,GODS-USDT-SWAP,6744333.0,1757386508832
2025-09-09 02:55:08.844000+00:00,GPS-USDT-SWAP,190470270.0,1757386508844
2025-09-09 02:55:08.850000+00:00,GRASS-USDT-SWAP,2719471.0,1757386508850
2025-09-09 02:55:08.843000+00:00,GRIFFAIN-USDT-SWAP,25787020.0,1757386508843
2025-09-09 02:55:09.273000+00:00,GRT-USDT-SWAP,22522680.0,1757386509273
2025-09-09 02:55:09.282000+00:00,H-USDT-SWAP,63442400.0,1757386509282
2025-09-09 02:55:09.287000+00:00,HBAR-USDT-SWAP,73259040.00000001,1757386509287
2025-09-09 02:55:09.280000+00:00,HMSTR-USDT-SWAP,961273400.0,1757386509280
2025-09-09 02:55:09.278000+00:00,HOME-USDT-SWAP,21102600.0,1757386509278
2025-09-09 02:55:09.273000+00:00,HUMA-USDT-SWAP,84888600.0,1757386509273
2025-09-09 02:55:09.269000+00:00,HYPE-USDT-SWAP,933033.4,1757386509269
2025-09-09 02:55:09.396000+00:00,ICP-USDT-SWAP,1272083.05,1757386509396
2025-09-09 02:55:09.270000+00:00,ICX-USDT-SWAP,6011730.0,1757386509270
2025-09-09 02:55:09.326000+00:00,IMX-USDT-SWAP,6606748.0,1757386509326
2025-09-09 02:55:09.823000+00:00,INIT-USDT-SWAP,3956080.0,1757386509823
2025-09-09 02:55:09.823000+00:00,INJ-USDT-SWAP,857638.2,1757386509823
2025-09-09 02:55:09.820000+00:00,IOST-USDT-SWAP,302614000.0,1757386509820
2025-09-09 02:55:09.812000+00:00,IOTA-USDT-SWAP,15643570.0,1757386509812
2025-09-09 02:55:09.814000+00:00,IP-USDT-SWAP,2877137.0,1757386509814
2025-09-09 02:55:09.814000+00:00,JELLYJELLY-USDT-SWAP,207737700.0,1757386509814
2025-09-09 02:55:09.809000+00:00,JOE-USDT-SWAP,7251360.0,1757386509809
2025-09-09 02:55:09.814000+00:00,JTO-USDT-SWAP,2831975.0,1757386509814
2025-09-09 02:55:09.836000+00:00,JUP-USDT-SWAP,14352680.0,1757386509836
2025-09-09 02:55:10.304000+00:00,KAITO-USDT-SWAP,6319756.0,1757386510304
2025-09-09 02:55:10.256000+00:00,KMNO-USDT-SWAP,16905900.0,1757386510256
2025-09-09 02:55:10.259000+00:00,KSM-USDT-SWAP,128693.4,1757386510259
2025-09-09 02:55:10.253000+00:00,LA-USDT-SWAP,2786890.0,1757386510253
2025-09-09 02:55:10.273000+00:00,LAUNCHCOIN-USDT-SWAP,54709620.0,1757386510273
2025-09-09 02:55:10.271000+00:00,LAYER-USDT-SWAP,5620280.0,1757386510271
2025-09-09 02:55:10.259000+00:00,LDO-USDT-SWAP,14571911.0,1757386510259
2025-09-09 02:55:10.259000+00:00,LINK-USDT-SWAP,2608079.8999999994,1757386510259
2025-09-09 02:55:10.269000+00:00,LPT-USDT-SWAP,820742.6,1757386510269
2025-09-09 02:55:10.260000+00:00,LQTY-USDT-SWAP,1562509.0,1757386510260
2025-09-09 02:55:10.727000+00:00,LRC-USDT-SWAP,17283560.0,1757386510727
2025-09-09 02:55:10.718000+00:00,LTC-USDT-SWAP,675093.3999999999,1757386510718
2025-09-09 02:55:10.733000+00:00,LUNA-USDT-SWAP,15301270.0,1757386510733
2025-09-09 02:55:10.761000+00:00,LUNC-USDT-SWAP,32268540000.0,1757386510761
2025-09-09 02:55:10.719000+00:00,MAGIC-USDT-SWAP,20460623.0,1757386510719
2025-09-09 02:55:10.739000+00:00,MAJOR-USDT-SWAP,4615403.0,1757386510739
2025-09-09 02:55:10.723000+00:00,MANA-USDT-SWAP,10102380.0,1757386510723
2025-09-09 02:55:10.731000+00:00,MASK-USDT-SWAP,2940249.0,1757386510731
2025-09-09 02:55:10.720000+00:00,ME-USDT-SWAP,3870386.0,1757386510720
2025-09-09 02:55:10.741000+00:00,MEME-USDT-SWAP,1560013400.0,1757386510741
2025-09-09 02:55:11.181000+00:00,MERL-USDT-SWAP,50404310.0,1757386511181
2025-09-09 02:55:11.199000+00:00,METIS-USDT-SWAP,94400.6,1757386511199
2025-09-09 02:55:11.190000+00:00,MEW-USDT-SWAP,1021993000.0,1757386511190
2025-09-09 02:55:11.192000+00:00,MINA-USDT-SWAP,7047428.0,1757386511192
2025-09-09 02:55:11.196000+00:00,MOG-USDT-SWAP,591037000000.0,1757386511196
2025-09-09 02:55:11.193000+00:00,MOODENG-USDT-SWAP,45044570.0,1757386511193
2025-09-09 02:55:11.205000+00:00,MORPHO-USDT-SWAP,1330639.0,1757386511205
2025-09-09 02:55:11.192000+00:00,MOVE-USDT-SWAP,28265050.0,1757386511192
2025-09-09 02:55:11.195000+00:00,MUBARAK-USDT-SWAP,12788200.0,1757386511195
2025-09-09 02:55:11.655000+00:00,NEAR-USDT-SWAP,5300681.0,1757386511655
2025-09-09 02:55:11.653000+00:00,NEIRO-USDT-SWAP,8793317000.0,1757386511653
2025-09-09 02:55:11.659000+00:00,NEIROETH-USDT-SWAP,17382200.0,1757386511659
2025-09-09 02:55:11.650000+00:00,NEO-USDT-SWAP,319369.0,1757386511650
2025-09-09 02:55:11.648000+00:00,NEWT-USDT-SWAP,3437200.0,1757386511648
2025-09-09 02:55:11.650000+00:00,NMR-USDT-SWAP,475263.5,1757386511650
2025-09-09 02:55:11.651000+00:00,NOT-USDT-SWAP,1660191000.0,1757386511651
2025-09-09 02:55:11.643000+00:00,NXPC-USDT-SWAP,893671.0,1757386511643
2025-09-09 02:55:11.646000+00:00,OL-USDT-SWAP,92860070.0,1757386511646
2025-09-09 02:55:11.680000+00:00,OM-USDT-SWAP,26018800.0,1757386511680
2025-09-09 02:55:12.101000+00:00,ONDO-USDT-SWAP,18517290.0,1757386512101
2025-09-09 02:55:12.105000+00:00,ONE-USDT-SWAP,83618900.0,1757386512105
2025-09-09 02:55:12.108000+00:00,ONT-USDT-SWAP,13506990.0,1757386512108
2025-09-09 02:55:12.095000+00:00,OP-USDT-SWAP,23227743.0,1757386512095
2025-09-09 02:55:12.104000+00:00,ORBS-USDT-SWAP,25703200.0,1757386512104
2025-09-09 02:55:12.100000+00:00,ORDI-USDT-SWAP,1141737.7,1757386512100
2025-09-09 02:55:12.097000+00:00,PARTI-USDT-SWAP,13687980.0,1757386512097
2025-09-09 02:55:12.100000+00:00,PENGU-USDT-SWAP,672811200.0,1757386512100
2025-09-09 02:55:12.160000+00:00,PEOPLE-USDT-SWAP,312213200.0,1757386512160
2025-09-09 02:55:12.114000+00:00,PEPE-USDT-SWAP,7489368000000.0,1757386512114
2025-09-09 02:55:12.599000+00:00,PERP-USDT-SWAP,2690908.0,1757386512599
2025-09-09 02:55:12.581000+00:00,PI-USDT-SWAP,31794104.0,1757386512581
2025-09-09 02:55:12.585000+00:00,PLUME-USDT-SWAP,15572870.0,1757386512585
2025-09-09 02:55:12.573000+00:00,PNUT-USDT-SWAP,39807600.0,1757386512573
2025-09-09 02:55:12.606000+00:00,POL-USDT-SWAP,38173010.0,1757386512606
2025-09-09 02:55:12.588000+00:00,POPCAT-USDT-SWAP,9646430.0,1757386512588
2025-09-09 02:55:12.594000+00:00,PRCL-USDT-SWAP,13411901.0,1757386512594
2025-09-09 02:55:12.604000+00:00,PROMPT-USDT-SWAP,32960130.0,1757386512604
2025-09-09 02:55:12.586000+00:00,PUMP-USDT-SWAP,6644732000.0,1757386512586
2025-09-09 02:55:12.602000+00:00,PYTH-USDT-SWAP,46118430.0,1757386512602
2025-09-09 02:55:13.024000+00:00,QTUM-USDT-SWAP,1333947.0,1757386513024
2025-09-09 02:55:13.031000+00:00,RAY-USDT-SWAP,971415.0,1757386513031
2025-09-09 02:55:13.037000+00:00,RENDER-USDT-SWAP,1285573.0,1757386513037
2025-09-09 02:55:13.026000+00:00,RESOLV-USDT-SWAP,25727040.0,1757386513026
2025-09-09 02:55:13.041000+00:00,RSR-USDT-SWAP,255441400.0,1757386513041
2025-09-09 02:55:13.032000+00:00,RVN-USDT-SWAP,77089620.0,1757386513032
2025-09-09 02:55:13.033000+00:00,S-USDT-SWAP,12360270.0,1757386513033
2025-09-09 02:55:13.030000+00:00,SAHARA-USDT-SWAP,62918740.0,1757386513030
2025-09-09 02:55:13.052000+00:00,SAND-USDT-SWAP,19272230.0,1757386513052
2025-09-09 02:55:13.041000+00:00,SATS-USDT-SWAP,177525060000000.0,1757386513041
2025-09-09 02:55:13.465000+00:00,SCR-USDT-SWAP,3382839.0,1757386513465
2025-09-09 02:55:13.478000+00:00,SHELL-USDT-SWAP,5493740.0,1757386513478
2025-09-09 02:55:13.475000+00:00,SHIB-USDT-SWAP,1524965400000.0,1757386513475
2025-09-09 02:55:13.468000+00:00,SIGN-USDT-SWAP,44662000.0,1757386513468
2025-09-09 02:55:13.478000+00:00,SLP-USDT-SWAP,444379310.0,1757386513478
2025-09-09 02:55:13.470000+00:00,SNX-USDT-SWAP,2529004.0,1757386513470
2025-09-09 02:55:13.479000+00:00,SOL-USDT-SWAP,3604457.96,1757386513479
2025-09-09 02:55:13.488000+00:00,SOLV-USDT-SWAP,67924700.0,1757386513488
2025-09-09 02:55:13.471000+00:00,SONIC-USDT-SWAP,8230551.0,1757386513471
2025-09-09 02:55:13.480000+00:00,SOON-USDT-SWAP,9211500.0,1757386513480
2025-09-09 02:55:13.939000+00:00,SOPH-USDT-SWAP,85758900.0,1757386513939
2025-09-09 02:55:13.933000+00:00,SPK-USDT-SWAP,132164600.0,1757386513933
2025-09-09 02:55:13.950000+00:00,SPX-USDT-SWAP,1116346.0,1757386513950
2025-09-09 02:55:13.937000+00:00,SSV-USDT-SWAP,287541.6,1757386513937
2025-09-09 02:55:13.945000+00:00,STORJ-USDT-SWAP,5578480.0,1757386513945
2025-09-09 02:55:13.938000+00:00,STRK-USDT-SWAP,24628666.0,1757386513938
2025-09-09 02:55:13.957000+00:00,STX-USDT-SWAP,6645302.999999999,1757386513957
2025-09-09 02:55:13.940000+00:00,SUI-USDT-SWAP,20124913.0,1757386513940
2025-09-09 02:55:13.951000+00:00,SUSHI-USDT-SWAP,8176458.0,1757386513951
2025-09-09 02:55:14.100000+00:00,SWARMS-USDT-SWAP,80660650.0,1757386514100
2025-09-09 02:55:14.555000+00:00,SYRUP-USDT-SWAP,2920380.0,1757386514555
2025-09-09 02:55:14.520000+00:00,T-USDT-SWAP,41165300.0,1757386514520
2025-09-09 02:55:14.524000+00:00,TAO-USDT-SWAP,14274.57,1757386514524
2025-09-09 02:55:14.531000+00:00,THETA-USDT-SWAP,2698692.9999999995,1757386514531
2025-09-09 02:55:14.535000+00:00,TIA-USDT-SWAP,5279767.0,1757386514535
2025-09-09 02:55:14.524000+00:00,TNSR-USDT-SWAP,8394303.0,1757386514524
2025-09-09 02:55:14.521000+00:00,TON-USDT-SWAP,9491613.0,1757386514521
2025-09-09 02:55:14.528000+00:00,TRB-USDT-SWAP,271153.3,1757386514528
2025-09-09 02:55:14.532000+00:00,TREE-USDT-SWAP,6276830.0,1757386514532
2025-09-09 02:55:14.526000+00:00,TRUMP-USDT-SWAP,5100129.4,1757386514526
2025-09-09 02:55:14.976000+00:00,TRX-USDT-SWAP,99446930.00000006,1757386514976
2025-09-09 02:55:14.974000+00:00,TURBO-USDT-SWAP,939181000.0000002,1757386514974
2025-09-09 02:55:14.967000+00:00,UMA-USDT-SWAP,1444937.9,1757386514967
2025-09-09 02:55:14.985000+00:00,UNI-USDT-SWAP,3196072.0,1757386514985
2025-09-09 02:55:14.972000+00:00,USDC-USDT-SWAP,1075830.0,1757386514972
2025-09-09 02:55:14.982000+00:00,USELESS-USDT-SWAP,13527640.0,1757386514982
2025-09-09 02:55:14.975000+00:00,USTC-USDT-SWAP,135066800.0,1757386514975
2025-09-09 02:55:14.970000+00:00,UXLINK-USDT-SWAP,6307210.0,1757386514970
2025-09-09 02:55:14.976000+00:00,VANA-USDT-SWAP,147925.9,1757386514976
2025-09-09 02:55:14.996000+00:00,VINE-USDT-SWAP,111935860.0,1757386514996
2025-09-09 02:55:15.419000+00:00,VIRTUAL-USDT-SWAP,3475084.0,1757386515419
2025-09-09 02:55:15.417000+00:00,W-USDT-SWAP,48006968.0,1757386515417
2025-09-09 02:55:15.410000+00:00,WAL-USDT-SWAP,2038090.0,1757386515410
2025-09-09 02:55:15.410000+00:00,WAXP-USDT-SWAP,25217500.0,1757386515410
2025-09-09 02:55:15.428000+00:00,WCT-USDT-SWAP,10739150.0,1757386515428
2025-09-09 02:55:15.428000+00:00,WIF-USDT-SWAP,17302496.0,1757386515428
2025-09-09 02:55:15.422000+00:00,WLD-USDT-SWAP,31222912.0,1757386515422
2025-09-09 02:55:15.429000+00:00,WLFI-USDT-SWAP,283812990.0,1757386515429
2025-09-09 02:55:15.422000+00:00,WOO-USDT-SWAP,15586160.0,1757386515422
2025-09-09 02:55:15.432000+00:00,XAUT-USDT-SWAP,5782.702,1757386515432
2025-09-09 02:55:15.843000+00:00,XLM-USDT-SWAP,40871510.0,1757386515843
2025-09-09 02:55:15.844000+00:00,XPL-USDT-SWAP,6386560.0,1757386515844
2025-09-09 02:55:15.848000+00:00,XRP-USDT-SWAP,91542045.00000001,1757386515848
2025-09-09 02:55:15.856000+00:00,XTZ-USDT-SWAP,5467105.0,1757386515856
2025-09-09 02:55:15.847000+00:00,YFI-USDT-SWAP,363.7015,1757386515847
2025-09-09 02:55:15.856000+00:00,YGG-USDT-SWAP,27395345.0,1757386515856
2025-09-09 02:55:15.859000+00:00,ZENT-USDT-SWAP,176306000.0,1757386515859
2025-09-09 02:55:15.856000+00:00,ZEREBRO-USDT-SWAP,59229930.0,1757386515856
2025-09-09 02:55:15.853000+00:00,ZETA-USDT-SWAP,5634120.0,1757386515853
2025-09-09 02:55:15.888000+00:00,ZIL-USDT-SWAP,164654500.0,1757386515888
2025-09-09 02:55:16.453000+00:00,ZK-USDT-SWAP,52592880.0,1757386516453
2025-09-09 02:55:16.311000+00:00,ZRO-USDT-SWAP,2016510.0,1757386516311
2025-09-09 02:55:16.325000+00:00,ZRX-USDT-SWAP,8101910.0,1757386516325
2025-09-09 02:56:17.206000+00:00,1INCH-USDT-SWAP,8273152.0,1757386577206
2025-09-09 02:56:17.202000+00:00,A-USDT-SWAP,9940500.0,1757386577202
2025-09-09 02:56:17.213000+00:00,AAVE-USDT-SWAP,132519.17000000007,1757386577213
2025-09-09 02:56:17.216000+00:00,ACE-USDT-SWAP,1899421.0,1757386577216
2025-09-09 02:56:17.201000+00:00,ACH-USDT-SWAP,80072800.0,1757386577201
2025-09-09 02:56:17.213000+00:00,ACT-USDT-SWAP,90120613.0,1757386577213
2025-09-09 02:56:17.205000+00:00,ADA-USDT-SWAP,80701100.00000003,1757386577205
2025-09-09 02:56:17.210000+00:00,AERO-USDT-SWAP,1581480.0,1757386577210
2025-09-09 02:56:17.222000+00:00,AEVO-USDT-SWAP,13133631.0,1757386577222
2025-09-09 02:56:17.217000+00:00,AGLD-USDT-SWAP,1820783.0,1757386577217
2025-09-09 02:56:17.694000+00:00,AI16Z-USDT-SWAP,52586025.0,1757386577694
2025-09-09 02:56:17.697000+00:00,AIXBT-USDT-SWAP,27380240.0,1757386577697
2025-09-09 02:56:17.704000+00:00,ALCH-USDT-SWAP,19764140.0,1757386577704
2025-09-09 02:56:17.721000+00:00,ALGO-USDT-SWAP,27055690.0,1757386577721
2025-09-09 02:56:17.706000+00:00,ANIME-USDT-SWAP,106464740.0,1757386577706
2025-09-09 02:56:17.703000+00:00,APE-USDT-SWAP,8085517.9,1757386577703
2025-09-09 02:56:17.698000+00:00,API3-USDT-SWAP,3531499.0,1757386577698
2025-09-09 02:56:17.692000+00:00,APT-USDT-SWAP,3652988.0,1757386577692
2025-09-09 02:56:17.702000+00:00,AR-USDT-SWAP,525493.3,1757386577702
2025-09-09 02:56:17.716000+00:00,ARB-USDT-SWAP,33655084.999999985,1757386577716
2025-09-09 02:56:18.168000+00:00,ARC-USDT-SWAP,61136980.0,1757386578168
2025-09-09 02:56:18.166000+00:00,ARKM-USDT-SWAP,6530417.0,1757386578166
2025-09-09 02:56:18.175000+00:00,ATH-USDT-SWAP,168243100.0,1757386578175
2025-09-09 02:56:18.181000+00:00,ATOM-USDT-SWAP,1978491.0,1757386578181
2025-09-09 02:56:18.184000+00:00,AUCTION-USDT-SWAP,212250.6,1757386578184
2025-09-09 02:56:18.185000+00:00,AVAAI-USDT-SWAP,58264920.0,1757386578185
2025-09-09 02:56:18.164000+00:00,AVAX-USDT-SWAP,2007443.2999999996,1757386578164
2025-09-09 02:56:18.170000+00:00,AXS-USDT-SWAP,1191338.7,1757386578170
2025-09-09 02:56:18.176000+00:00,BABY-USDT-SWAP,40942600.0,1757386578176
2025-09-09 02:56:18.174000+00:00,BAND-USDT-SWAP,1492682.0,1757386578174
2025-09-09 02:56:18.615000+00:00,BAT-USDT-SWAP,6051580.0,1757386578615
2025-09-09 02:56:18.603000+00:00,BCH-USDT-SWAP,79017.29,1757386578603
2025-09-09 02:56:18.612000+00:00,BERA-USDT-SWAP,2510980.9,1757386578612
2025-09-09 02:56:18.617000+00:00,BICO-USDT-SWAP,6777361.0,1757386578617
2025-09-09 02:56:18.613000+00:00,BIGTIME-USDT-SWAP,41268260.0,1757386578613
2025-09-09 02:56:18.608000+00:00,BIO-USDT-SWAP,59418337.0,1757386578608
2025-09-09 02:56:18.603000+00:00,BLUR-USDT-SWAP,24091810.0,1757386578603
2025-09-09 02:56:18.605000+00:00,BNB-USDT-SWAP,96099.89,1757386578605
2025-09-09 02:56:18.601000+00:00,BNT-USDT-SWAP,742980.0,1757386578601
2025-09-09 02:56:18.605000+00:00,BOME-USDT-SWAP,1361200000.0,1757386578605
2025-09-09 02:56:19.031000+00:00,BONK-USDT-SWAP,541957000000.0,1757386579031
2025-09-09 02:56:19.206000+00:00,BRETT-USDT-SWAP,12200800.0,1757386579206
2025-09-09 02:56:19.039000+00:00,BTC-USDT-SWAP,28072.12880000008,1757386579039
2025-09-09 02:56:19.036000+00:00,CAT-USDT-SWAP,196197800000.0,1757386579036
2025-09-09 02:56:19.054000+00:00,CATI-USDT-SWAP,16587754.0,1757386579054
2025-09-09 02:56:19.041000+00:00,CELO-USDT-SWAP,4346697.0,1757386579041
2025-09-09 02:56:19.041000+00:00,CETUS-USDT-SWAP,18634820.0,1757386579041
2025-09-09 02:56:19.047000+00:00,CFX-USDT-SWAP,76066730.0,1757386579047
2025-09-09 02:56:19.039000+00:00,CHZ-USDT-SWAP,78533140.0,1757386579039
2025-09-09 02:56:19.050000+00:00,COMP-USDT-SWAP,88525.1,1757386579050
2025-09-09 02:56:19.652000+00:00,COOKIE-USDT-SWAP,4149290.0,1757386579652
2025-09-09 02:56:19.642000+00:00,CORE-USDT-SWAP,9623631.0,1757386579642
2025-09-09 02:56:19.630000+00:00,CRO-USDT-SWAP,64692210.0,1757386579630
2025-09-09 02:56:19.621000+00:00,CRV-USDT-SWAP,24467003.0,1757386579621
2025-09-09 02:56:19.636000+00:00,CTC-USDT-SWAP,1730430.0,1757386579636
2025-09-09 02:56:19.638000+00:00,CVC-USDT-SWAP,9826600.0,1757386579638
2025-09-09 02:56:19.632000+00:00,CVX-USDT-SWAP,303395.0,1757386579632
2025-09-09 02:56:19.633000+00:00,DEGEN-USDT-SWAP,292946700.0,1757386579633
2025-09-09 02:56:19.636000+00:00,DGB-USDT-SWAP,44000700.0,1757386579636
2025-09-09 02:56:19.644000+00:00,DOG-USDT-SWAP,436358000.0,1757386579644
2025-09-09 02:56:20.094000+00:00,DOGE-USDT-SWAP,1620977179.9999998,1757386580094
2025-09-09 02:56:20.116000+00:00,DOGS-USDT-SWAP,17603220000.0,1757386580116
2025-09-09 02:56:20.089000+00:00,DOOD-USDT-SWAP,146723000.0,1757386580089
2025-09-09 02:56:20.095000+00:00,DOT-USDT-SWAP,6425829.0,1757386580095
2025-09-09 02:56:20.095000+00:00,DUCK-USDT-SWAP,864113900.0,1757386580095
2025-09-09 02:56:20.087000+00:00,DYDX-USDT-SWAP,9916193.0,1757386580087
2025-09-09 02:56:20.093000+00:00,EGLD-USDT-SWAP,111591.6,1757386580093
2025-09-09 02:56:20.086000+00:00,EIGEN-USDT-SWAP,3683175.0,1757386580086
2025-09-09 02:56:20.084000+00:00,ENJ-USDT-SWAP,13098110.0,1757386580084
2025-09-09 02:56:20.110000+00:00,ENS-USDT-SWAP,351073.1,1757386580110
2025-09-09 02:56:20.533000+00:00,ETC-USDT-SWAP,1064725.5000000002,1757386580533
2025-09-09 02:56:20.616000+00:00,ETH-USDT-SWAP,773537.1670000023,1757386580616
2025-09-09 02:56:20.555000+00:00,ETHFI-USDT-SWAP,8016586.0,1757386580555
2025-09-09 02:56:20.546000+00:00,ETHW-USDT-SWAP,1270344.7,1757386580546
2025-09-09 02:56:20.540000+00:00,FARTCOIN-USDT-SWAP,18769046.0,1757386580540
2025-09-09 02:56:20.543000+00:00,FIL-USDT-SWAP,14431521.5,1757386580543
2025-09-09 02:56:20.547000+00:00,FLM-USDT-SWAP,26738150.0,1757386580547
2025-09-09 02:56:20.609000+00:00,FLOKI-USDT-SWAP,39262200000.0,1757386580609
2025-09-09 02:56:20.543000+00:00,FLOW-USDT-SWAP,4566550.0,1757386580543
2025-09-09 02:56:20.551000+00:00,FXS-USDT-SWAP,387515.0,1757386580551
2025-09-09 02:56:21.038000+00:00,GALA-USDT-SWAP,432698730.0,1757386581038
2025-09-09 02:56:21.043000+00:00,GAS-USDT-SWAP,440061.0,1757386581043
2025-09-09 02:56:21.041000+00:00,GLM-USDT-SWAP,2797420.0,1757386581041
2025-09-09 02:56:21.041000+00:00,GMT-USDT-SWAP,47958815.0,1757386581041
2025-09-09 02:56:21.035000+00:00,GMX-USDT-SWAP,73611.8,1757386581035
2025-09-09 02:56:21.157000+00:00,GOAT-USDT-SWAP,33354620.0,1757386581157
2025-09-09 02:56:21.045000+00:00,GODS-USDT-SWAP,6744316.0,1757386581045
2025-09-09 02:56:21.037000+00:00,GPS-USDT-SWAP,190920400.0,1757386581037
2025-09-09 02:56:21.044000+00:00,GRASS-USDT-SWAP,2717546.0,1757386581044
2025-09-09 02:56:21.047000+00:00,GRIFFAIN-USDT-SWAP,25740400.0,1757386581047
2025-09-09 02:56:21.574000+00:00,GRT-USDT-SWAP,22522500.0,1757386581574
2025-09-09 02:56:21.589000+00:00,H-USDT-SWAP,63573900.0,1757386581589
2025-09-09 02:56:21.573000+00:00,HBAR-USDT-SWAP,73299920.00000001,1757386581573
2025-09-09 02:56:21.578000+00:00,HMSTR-USDT-SWAP,961229600.0,1757386581578
2025-09-09 02:56:21.573000+00:00,HOME-USDT-SWAP,21072900.0,1757386581573
2025-09-09 02:56:21.583000+00:00,HUMA-USDT-SWAP,84863100.0,1757386581583
2025-09-09 02:56:21.574000+00:00,HYPE-USDT-SWAP,933365.2,1757386581574
2025-09-09 02:56:21.582000+00:00,ICP-USDT-SWAP,1272039.04,1757386581582
2025-09-09 02:56:21.587000+00:00,ICX-USDT-SWAP,6007360.0,1757386581587
2025-09-09 02:56:21.578000+00:00,IMX-USDT-SWAP,6605136.0,1757386581578
2025-09-09 02:56:22.010000+00:00,INIT-USDT-SWAP,3955320.0,1757386582010
2025-09-09 02:56:22.010000+00:00,INJ-USDT-SWAP,857649.5,1757386582010
2025-09-09 02:56:22.015000+00:00,IOST-USDT-SWAP,302621000.0,1757386582015
2025-09-09 02:56:22.009000+00:00,IOTA-USDT-SWAP,15648140.0,1757386582009
2025-09-09 02:56:22.008000+00:00,IP-USDT-SWAP,2876684.0,1757386582008
2025-09-09 02:56:22.014000+00:00,JELLYJELLY-USDT-SWAP,207699000.0,1757386582014
2025-09-09 02:56:22.020000+00:00,JOE-USDT-SWAP,7251020.0,1757386582020
2025-09-09 02:56:22.018000+00:00,JTO-USDT-SWAP,2835895.0,1757386582018
2025-09-09 02:56:22.021000+00:00,JUP-USDT-SWAP,14351690.0,1757386582021
2025-09-09 02:56:22.444000+00:00,KAITO-USDT-SWAP,6414771.0,1757386582444
2025-09-09 02:56:22.438000+00:00,KMNO-USDT-SWAP,16896600.0,1757386582438
2025-09-09 02:56:22.444000+00:00,KSM-USDT-SWAP,128668.5,1757386582444
2025-09-09 02:56:22.447000+00:00,LA-USDT-SWAP,2797560.0,1757386582447
2025-09-09 02:56:22.437000+00:00,LAUNCHCOIN-USDT-SWAP,54841360.0,1757386582437
2025-09-09 02:56:22.444000+00:00,LAYER-USDT-SWAP,5621589.0,1757386582444
2025-09-09 02:56:22.437000+00:00,LDO-USDT-SWAP,14580865.0,1757386582437
2025-09-09 02:56:22.459000+00:00,LINK-USDT-SWAP,2606440.6999999997,1757386582459
2025-09-09 02:56:22.441000+00:00,LPT-USDT-SWAP,820806.2,1757386582441
2025-09-09 02:56:22.440000+00:00,LQTY-USDT-SWAP,1562399.0,1757386582440
2025-09-09 02:56:22.879000+00:00,LRC-USDT-SWAP,17304080.0,1757386582879
2025-09-09 02:56:22.875000+00:00,LTC-USDT-SWAP,674981.1,1757386582875
2025-09-09 02:56:22.882000+00:00,LUNA-USDT-SWAP,15301461.0,1757386582882
2025-09-09 02:56:22.878000+00:00,LUNC-USDT-SWAP,32268330000.0,1757386582878
2025-09-09 02:56:22.891000+00:00,MAGIC-USDT-SWAP,20535390.0,1757386582891
2025-09-09 02:56:22.885000+00:00,MAJOR-USDT-SWAP,4618228.0,1757386582885
2025-09-09 02:56:22.873000+00:00,MANA-USDT-SWAP,10102420.0,1757386582873
2025-09-09 02:56:22.877000+00:00,MASK-USDT-SWAP,2938402.0,1757386582877
2025-09-09 02:56:22.878000+00:00,ME-USDT-SWAP,3874139.0,1757386582878
2025-09-09 02:56:22.875000+00:00,MEME-USDT-SWAP,1551787300.0,1757386582875
2025-09-09 02:56:23.320000+00:00,MERL-USDT-SWAP,50406875.0,1757386583320
2025-09-09 02:56:23.319000+00:00,METIS-USDT-SWAP,94450.6,1757386583319
2025-09-09 02:56:23.327000+00:00,MEW-USDT-SWAP,1022996000.0,1757386583327
2025-09-09 02:56:23.323000+00:00,MINA-USDT-SWAP,7047225.0,1757386583323
2025-09-09 02:56:23.318000+00:00,MOG-USDT-SWAP,590780000000.0,1757386583318
2025-09-09 02:56:23.323000+00:00,MOODENG-USDT-SWAP,45082190.0,1757386583323
2025-09-09 02:56:23.319000+00:00,MORPHO-USDT-SWAP,1332012.0,1757386583319
2025-09-09 02:56:23.307000+00:00,MOVE-USDT-SWAP,28242090.0,1757386583307
2025-09-09 02:56:23.333000+00:00,MUBARAK-USDT-SWAP,12781700.0,1757386583333
2025-09-09 02:56:23.787000+00:00,NEAR-USDT-SWAP,5299594.0,1757386583787
2025-09-09 02:56:23.789000+00:00,NEIRO-USDT-SWAP,8794593000.0,1757386583789
2025-09-09 02:56:23.781000+00:00,NEIROETH-USDT-SWAP,17387000.0,1757386583781
2025-09-09 02:56:23.782000+00:00,NEO-USDT-SWAP,319454.0,1757386583782
2025-09-09 02:56:23.780000+00:00,NEWT-USDT-SWAP,3429820.0,1757386583780
2025-09-09 02:56:23.781000+00:00,NMR-USDT-SWAP,476693.0,1757386583781
2025-09-09 02:56:23.780000+00:00,NOT-USDT-SWAP,1660176500.0,1757386583780
2025-09-09 02:56:23.780000+00:00,NXPC-USDT-SWAP,894285.0,1757386583780
2025-09-09 02:56:23.773000+00:00,OL-USDT-SWAP,92908430.0,1757386583773
2025-09-09 02:56:23.789000+00:00,OM-USDT-SWAP,25946180.000000004,1757386583789
2025-09-09 02:56:24.221000+00:00,ONDO-USDT-SWAP,18529440.0,1757386584221
2025-09-09 02:56:24.215000+00:00,ONE-USDT-SWAP,83623800.0,1757386584215
2025-09-09 02:56:24.223000+00:00,ONT-USDT-SWAP,13501780.0,1757386584223
2025-09-09 02:56:24.221000+00:00,OP-USDT-SWAP,23247652.0,1757386584221
2025-09-09 02:56:24.232000+00:00,ORBS-USDT-SWAP,25694500.0,1757386584232
2025-09-09 02:56:24.225000+00:00,ORDI-USDT-SWAP,1141273.6,1757386584225
2025-09-09 02:56:24.224000+00:00,PARTI-USDT-SWAP,13689400.0,1757386584224
2025-09-09 02:56:24.208000+00:00,PENGU-USDT-SWAP,672141400.0,1757386584208
2025-09-09 02:56:24.235000+00:00,PEOPLE-USDT-SWAP,312261100.0,1757386584235
2025-09-09 02:56:24.237000+00:00,PEPE-USDT-SWAP,7486031999999.999,1757386584237
2025-09-09 02:56:24.705000+00:00,PERP-USDT-SWAP,2690162.0,1757386584705
2025-09-09 02:56:24.678000+00:00,PI-USDT-SWAP,31788592.0,1757386584678
2025-09-09 02:56:24.687000+00:00,PLUME-USDT-SWAP,15575590.0,1757386584687
2025-09-09 02:56:24.691000+00:00,PNUT-USDT-SWAP,39827970.0,1757386584691
2025-09-09 02:56:24.679000+00:00,POL-USDT-SWAP,38458150.0,1757386584679
2025-09-09 02:56:24.681000+00:00,POPCAT-USDT-SWAP,9648500.0,1757386584681
2025-09-09 02:56:24.675000+00:00,PRCL-USDT-SWAP,13413207.0,1757386584675
2025-09-09 02:56:24.673000+00:00,PROMPT-USDT-SWAP,32950200.0,1757386584673
2025-09-09 02:56:24.681000+00:00,PUMP-USDT-SWAP,6643157000.0,1757386584681
2025-09-09 02:56:24.692000+00:00,PYTH-USDT-SWAP,46119080.0,1757386584692
2025-09-09 02:56:25.123000+00:00,QTUM-USDT-SWAP,1334099.0,1757386585123
2025-09-09 02:56:25.133000+00:00,RAY-USDT-SWAP,970493.0,1757386585133
2025-09-09 02:56:25.127000+00:00,RENDER-USDT-SWAP,1286749.0,1757386585127
2025-09-09 02:56:25.127000+00:00,RESOLV-USDT-SWAP,25725450.0,1757386585127
2025-09-09 02:56:25.136000+00:00,RSR-USDT-SWAP,255209500.0,1757386585136
2025-09-09 02:56:25.132000+00:00,RVN-USDT-SWAP,77258790.0,1757386585132
2025-09-09 02:56:25.134000+00:00,S-USDT-SWAP,12360160.0,1757386585134
2025-09-09 02:56:25.124000+00:00,SAHARA-USDT-SWAP,63094420.0,1757386585124
2025-09-09 02:56:25.128000+00:00,SAND-USDT-SWAP,19255280.0,1757386585128
2025-09-09 02:56:25.128000+00:00,SATS-USDT-SWAP,177483530000000.0,1757386585128
2025-09-09 02:56:25.545000+00:00,SCR-USDT-SWAP,3383188.0,1757386585545
2025-09-09 02:56:25.549000+00:00,SHELL-USDT-SWAP,5484660.0,1757386585549
2025-09-09 02:56:25.554000+00:00,SHIB-USDT-SWAP,1525137600000.0,1757386585554
2025-09-09 02:56:25.554000+00:00,SIGN-USDT-SWAP,44657200.0,1757386585554
2025-09-09 02:56:25.577000+00:00,SLP-USDT-SWAP,444377830.0,1757386585577
2025-09-09 02:56:25.547000+00:00,SNX-USDT-SWAP,2527949.0,1757386585547
2025-09-09 02:56:25.559000+00:00,SOL-USDT-SWAP,3603809.7600000002,1757386585559
2025-09-09 02:56:25.564000+00:00,SOLV-USDT-SWAP,67912400.0,1757386585564
2025-09-09 02:56:25.556000+00:00,SONIC-USDT-SWAP,8211401.0,1757386585556
2025-09-09 02:56:25.560000+00:00,SOON-USDT-SWAP,9206900.0,1757386585560
2025-09-09 02:56:26.001000+00:00,SOPH-USDT-SWAP,85571300.0,1757386586001
2025-09-09 02:56:26.034000+00:00,SPK-USDT-SWAP,131917700.0,1757386586034
2025-09-09 02:56:26.008000+00:00,SPX-USDT-SWAP,1115797.0,1757386586008
2025-09-09 02:56:26.007000+00:00,SSV-USDT-SWAP,287538.0,1757386586007
2025-09-09 02:56:26.016000+00:00,STORJ-USDT-SWAP,5578660.0,1757386586016
2025-09-09 02:56:25.997000+00:00,STRK-USDT-SWAP,24648210.0,1757386585997
2025-09-09 02:56:26+00:00,STX-USDT-SWAP,6645135.999999999,1757386586000
2025-09-09 02:56:26.003000+00:00,SUI-USDT-SWAP,20090654.0,1757386586003
2025-09-09 02:56:26.011000+00:00,SUSHI-USDT-SWAP,8178232.0,1757386586011
2025-09-09 02:56:26.007000+00:00,SWARMS-USDT-SWAP,80658380.0,1757386586007
2025-09-09 02:56:26.466000+00:00,SYRUP-USDT-SWAP,2924570.0,1757386586466
2025-09-09 02:56:26.463000+00:00,T-USDT-SWAP,41163200.0,1757386586463
2025-09-09 02:56:26.460000+00:00,TAO-USDT-SWAP,14267.73,1757386586460
2025-09-09 02:56:26.460000+00:00,THETA-USDT-SWAP,2698677.9999999995,1757386586460
2025-09-09 02:56:26.484000+00:00,TIA-USDT-SWAP,5279322.0,1757386586484
2025-09-09 02:56:26.453000+00:00,TNSR-USDT-SWAP,8396676.0,1757386586453
2025-09-09 02:56:26.453000+00:00,TON-USDT-SWAP,9489880.0,1757386586453
2025-09-09 02:56:26.452000+00:00,TRB-USDT-SWAP,271127.3,1757386586452
2025-09-09 02:56:26.454000+00:00,TREE-USDT-SWAP,6280756.0,1757386586454
2025-09-09 02:56:26.462000+00:00,TRUMP-USDT-SWAP,5102528.1,1757386586462
2025-09-09 02:56:26.901000+00:00,TRX-USDT-SWAP,99465270.00000006,1757386586901
2025-09-09 02:56:26.896000+00:00,TURBO-USDT-SWAP,940777000.0000002,1757386586896
2025-09-09 02:56:26.907000+00:00,UMA-USDT-SWAP,1445744.4,1757386586907
2025-09-09 02:56:26.895000+00:00,UNI-USDT-SWAP,3195345.0,1757386586895
2025-09-09 02:56:26.923000+00:00,USDC-USDT-SWAP,1075830.0,1757386586923
2025-09-09 02:56:26.905000+00:00,USELESS-USDT-SWAP,13533350.0,1757386586905
2025-09-09 02:56:26.919000+00:00,USTC-USDT-SWAP,135066100.0,1757386586919
2025-09-09 02:56:26.902000+00:00,UXLINK-USDT-SWAP,6299610.0,1757386586902
2025-09-09 02:56:26.895000+00:00,VANA-USDT-SWAP,147633.1,1757386586895
2025-09-09 02:56:26.927000+00:00,VINE-USDT-SWAP,111913300.0,1757386586927
2025-09-09 02:56:27.362000+00:00,VIRTUAL-USDT-SWAP,3475972.0,1757386587362
2025-09-09 02:56:27.343000+00:00,W-USDT-SWAP,47981215.0,1757386587343
2025-09-09 02:56:27.353000+00:00,WAL-USDT-SWAP,2035480.0,1757386587353
2025-09-09 02:56:27.360000+00:00,WAXP-USDT-SWAP,25218200.0,1757386587360
2025-09-09 02:56:27.351000+00:00,WCT-USDT-SWAP,10742460.0,1757386587351
2025-09-09 02:56:27.347000+00:00,WIF-USDT-SWAP,17304741.0,1757386587347
2025-09-09 02:56:27.347000+00:00,WLD-USDT-SWAP,31194809.0,1757386587347
2025-09-09 02:56:27.490000+00:00,WLFI-USDT-SWAP,284022390.0,1757386587490
2025-09-09 02:56:27.752000+00:00,WOO-USDT-SWAP,15586100.0,1757386587752
2025-09-09 02:56:27.350000+00:00,XAUT-USDT-SWAP,5783.464,1757386587350
2025-09-09 02:56:28.172000+00:00,XLM-USDT-SWAP,40882140.0,1757386588172
2025-09-09 02:56:28.181000+00:00,XPL-USDT-SWAP,6387230.0,1757386588181
2025-09-09 02:56:28.191000+00:00,XRP-USDT-SWAP,91588919.0,1757386588191
2025-09-09 02:56:28.181000+00:00,XTZ-USDT-SWAP,5466423.0,1757386588181
2025-09-09 02:56:28.200000+00:00,YFI-USDT-SWAP,363.6654,1757386588200
2025-09-09 02:56:28.180000+00:00,YGG-USDT-SWAP,27383869.0,1757386588180
2025-09-09 02:56:28.178000+00:00,ZENT-USDT-SWAP,175854800.0,1757386588178
2025-09-09 02:56:28.189000+00:00,ZEREBRO-USDT-SWAP,59213350.0,1757386588189
2025-09-09 02:56:28.177000+00:00,ZETA-USDT-SWAP,5634080.0,1757386588177
2025-09-09 02:56:28.182000+00:00,ZIL-USDT-SWAP,164762000.0,1757386588182
2025-09-09 02:56:28.619000+00:00,ZK-USDT-SWAP,52574410.0,1757386588619
2025-09-09 02:56:28.632000+00:00,ZRO-USDT-SWAP,2016267.0,1757386588632
2025-09-09 02:56:28.660000+00:00,ZRX-USDT-SWAP,8097970.0,1757386588660
2025-09-09 02:57:29.462000+00:00,1INCH-USDT-SWAP,8272053.0,1757386649462
2025-09-09 02:57:29.394000+00:00,A-USDT-SWAP,9936610.0,1757386649394
2025-09-09 02:57:29.434000+00:00,AAVE-USDT-SWAP,132561.13000000006,1757386649434
2025-09-09 02:57:29.375000+00:00,ACE-USDT-SWAP,1899306.0,1757386649375
2025-09-09 02:57:29.388000+00:00,ACH-USDT-SWAP,80071400.0,1757386649388
2025-09-09 02:57:29.387000+00:00,ACT-USDT-SWAP,90246657.0,1757386649387
2025-09-09 02:57:29.386000+00:00,ADA-USDT-SWAP,80713910.00000003,1757386649386
2025-09-09 02:57:29.394000+00:00,AERO-USDT-SWAP,1581500.0,1757386649394
2025-09-09 02:57:29.389000+00:00,AEVO-USDT-SWAP,13132869.0,1757386649389
2025-09-09 02:57:29.390000+00:00,AGLD-USDT-SWAP,1820460.0,1757386649390
2025-09-09 02:57:29.888000+00:00,AI16Z-USDT-SWAP,52582402.0,1757386649888
2025-09-09 02:57:29.902000+00:00,AIXBT-USDT-SWAP,27380360.0,1757386649902
2025-09-09 02:57:29.884000+00:00,ALCH-USDT-SWAP,19753370.0,1757386649884
2025-09-09 02:57:29.882000+00:00,ALGO-USDT-SWAP,27057640.0,1757386649882
2025-09-09 02:57:29.908000+00:00,ANIME-USDT-SWAP,106810170.0,1757386649908
2025-09-09 02:57:29.901000+00:00,APE-USDT-SWAP,8086023.5,1757386649901
2025-09-09 02:57:29.885000+00:00,API3-USDT-SWAP,3530574.0,1757386649885
2025-09-09 02:57:29.904000+00:00,APT-USDT-SWAP,3652161.0,1757386649904
2025-09-09 02:57:29.890000+00:00,AR-USDT-SWAP,525429.9,1757386649890
2025-09-09 02:57:29.895000+00:00,ARB-USDT-SWAP,33649721.999999985,1757386649895
2025-09-09 02:57:30.334000+00:00,ARC-USDT-SWAP,60884960.0,1757386650334
2025-09-09 02:57:30.321000+00:00,ARKM-USDT-SWAP,6526510.0,1757386650321
2025-09-09 02:57:30.327000+00:00,ATH-USDT-SWAP,168152700.0,1757386650327
2025-09-09 02:57:30.329000+00:00,ATOM-USDT-SWAP,1977554.0,1757386650329
2025-09-09 02:57:30.354000+00:00,AUCTION-USDT-SWAP,212282.9,1757386650354
2025-09-09 02:57:30.344000+00:00,AVAAI-USDT-SWAP,58264310.0,1757386650344
2025-09-09 02:57:30.333000+00:00,AVAX-USDT-SWAP,2007509.0999999994,1757386650333
2025-09-09 02:57:30.331000+00:00,AXS-USDT-SWAP,1191264.5,1757386650331
2025-09-09 02:57:30.328000+00:00,BABY-USDT-SWAP,40876960.0,1757386650328
2025-09-09 02:57:30.335000+00:00,BAND-USDT-SWAP,1493121.0,1757386650335
2025-09-09 02:57:30.775000+00:00,BAT-USDT-SWAP,6056400.0,1757386650775
2025-09-09 02:57:30.788000+00:00,BCH-USDT-SWAP,78953.01999999999,1757386650788
2025-09-09 02:57:30.785000+00:00,BERA-USDT-SWAP,2511414.8,1757386650785
2025-09-09 02:57:30.776000+00:00,BICO-USDT-SWAP,6768975.0,1757386650776
2025-09-09 02:57:30.791000+00:00,BIGTIME-USDT-SWAP,41245990.0,1757386650791
2025-09-09 02:57:30.782000+00:00,BIO-USDT-SWAP,59393469.0,1757386650782
2025-09-09 02:57:30.786000+00:00,BLUR-USDT-SWAP,23986130.0,1757386650786
2025-09-09 02:57:30.777000+00:00,BNB-USDT-SWAP,96215.4,1757386650777
2025-09-09 02:57:30.796000+00:00,BNT-USDT-SWAP,742970.0,1757386650796
2025-09-09 02:57:30.787000+00:00,BOME-USDT-SWAP,1361434000.0,1757386650787
2025-09-09 02:57:31.229000+00:00,BONK-USDT-SWAP,541858000000.0,1757386651229
2025-09-09 02:57:31.230000+00:00,BRETT-USDT-SWAP,12230200.0,1757386651230
2025-09-09 02:57:31.221000+00:00,BTC-USDT-SWAP,28073.18420000008,1757386651221
2025-09-09 02:57:31.228000+00:00,CAT-USDT-SWAP,196730600000.0,1757386651228
2025-09-09 02:57:31.233000+00:00,CATI-USDT-SWAP,16588683.0,1757386651233
2025-09-09 02:57:31.223000+00:00,CELO-USDT-SWAP,4348412.0,1757386651223
2025-09-09 02:57:31.219000+00:00,CETUS-USDT-SWAP,18634430.0,1757386651219
2025-09-09 02:57:31.226000+00:00,CFX-USDT-SWAP,76062170.0,1757386651226
2025-09-09 02:57:31.230000+00:00,CHZ-USDT-SWAP,78540120.0,1757386651230
2025-09-09 02:57:31.237000+00:00,COMP-USDT-SWAP,88528.5,1757386651237
2025-09-09 02:57:31.654000+00:00,COOKIE-USDT-SWAP,4138460.0,1757386651654
2025-09-09 02:57:31.654000+00:00,CORE-USDT-SWAP,9622949.0,1757386651654
2025-09-09 02:57:31.667000+00:00,CRO-USDT-SWAP,64758830.0,1757386651667
2025-09-09 02:57:31.652000+00:00,CRV-USDT-SWAP,24471955.0,1757386651652
2025-09-09 02:57:31.662000+00:00,CTC-USDT-SWAP,1730370.0,1757386651662
2025-09-09 02:57:31.656000+00:00,CVC-USDT-SWAP,9824100.0,1757386651656
2025-09-09 02:57:31.805000+00:00,CVX-USDT-SWAP,303447.0,1757386651805
2025-09-09 02:57:31.654000+00:00,DEGEN-USDT-SWAP,292981400.0,1757386651654
2025-09-09 02:57:31.663000+00:00,DGB-USDT-SWAP,44006900.0,1757386651663
2025-09-09 02:57:31.673000+00:00,DOG-USDT-SWAP,436240000.0,1757386651673
2025-09-09 02:57:32.224000+00:00,DOGE-USDT-SWAP,1621349139.9999998,1757386652224
2025-09-09 02:57:32.254000+00:00,DOGS-USDT-SWAP,17595182000.0,1757386652254
2025-09-09 02:57:32.225000+00:00,DOOD-USDT-SWAP,146799000.0,1757386652225
2025-09-09 02:57:32.227000+00:00,DOT-USDT-SWAP,6420824.0,1757386652227
2025-09-09 02:57:32.227000+00:00,DUCK-USDT-SWAP,864309800.0,1757386652227
2025-09-09 02:57:32.228000+00:00,DYDX-USDT-SWAP,9920619.0,1757386652228
2025-09-09 02:57:32.231000+00:00,EGLD-USDT-SWAP,111591.4,1757386652231
2025-09-09 02:57:32.220000+00:00,EIGEN-USDT-SWAP,3702836.0,1757386652220
2025-09-09 02:57:32.241000+00:00,ENJ-USDT-SWAP,13095910.0,1757386652241
2025-09-09 02:57:32.235000+00:00,ENS-USDT-SWAP,351233.7,1757386652235
2025-09-09 02:57:32.680000+00:00,ETC-USDT-SWAP,1064449.0000000005,1757386652680
2025-09-09 02:57:32.692000+00:00,ETH-USDT-SWAP,773254.6520000022,1757386652692
2025-09-09 02:57:32.687000+00:00,ETHFI-USDT-SWAP,8019252.0,1757386652687
2025-09-09 02:57:32.712000+00:00,ETHW-USDT-SWAP,1270340.7,1757386652712
2025-09-09 02:57:32.732000+00:00,FARTCOIN-USDT-SWAP,18761871.0,1757386652732
2025-09-09 02:57:32.688000+00:00,FIL-USDT-SWAP,14428502.5,1757386652688
2025-09-09 02:57:32.698000+00:00,FLM-USDT-SWAP,26731740.0,1757386652698
2025-09-09 02:57:32.687000+00:00,FLOKI-USDT-SWAP,39253300000.0,1757386652687
2025-09-09 02:57:32.690000+00:00,FLOW-USDT-SWAP,4567440.0,1757386652690
2025-09-09 02:57:32.695000+00:00,FXS-USDT-SWAP,387502.0,1757386652695
2025-09-09 02:57:33.161000+00:00,GALA-USDT-SWAP,432715380.0,1757386653161
2025-09-09 02:57:33.166000+00:00,GAS-USDT-SWAP,440053.0,1757386653166
2025-09-09 02:57:33.162000+00:00,GLM-USDT-SWAP,2797420.0,1757386653162
2025-09-09 02:57:33.151000+00:00,GMT-USDT-SWAP,47958802.0,1757386653151
2025-09-09 02:57:33.162000+00:00,GMX-USDT-SWAP,73615.4,1757386653162
2025-09-09 02:57:33.160000+00:00,GOAT-USDT-SWAP,33363510.0,1757386653160
2025-09-09 02:57:33.174000+00:00,GODS-USDT-SWAP,6739456.0,1757386653174
2025-09-09 02:57:33.295000+00:00,GPS-USDT-SWAP,191086270.0,1757386653295
2025-09-09 02:57:33.164000+00:00,GRASS-USDT-SWAP,2720909.0,1757386653164
2025-09-09 02:57:33.165000+00:00,GRIFFAIN-USDT-SWAP,25737230.0,1757386653165
2025-09-09 02:57:33.715000+00:00,GRT-USDT-SWAP,22523860.0,1757386653715
2025-09-09 02:57:33.731000+00:00,H-USDT-SWAP,63641600.0,1757386653731
2025-09-09 02:57:33.729000+00:00,HBAR-USDT-SWAP,73316400.00000001,1757386653729
2025-09-09 02:57:33.856000+00:00,HMSTR-USDT-SWAP,961207200.0,1757386653856
2025-09-09 02:57:33.712000+00:00,HOME-USDT-SWAP,21066800.0,1757386653712
2025-09-09 02:57:33.709000+00:00,HUMA-USDT-SWAP,84870600.0,1757386653709
2025-09-09 02:57:33.718000+00:00,HYPE-USDT-SWAP,933724.0,1757386653718
2025-09-09 02:57:33.707000+00:00,ICP-USDT-SWAP,1271902.0,1757386653707
2025-09-09 02:57:33.726000+00:00,ICX-USDT-SWAP,6008400.0,1757386653726
2025-09-09 02:57:33.726000+00:00,IMX-USDT-SWAP,6602340.0,1757386653726
2025-09-09 02:57:34.283000+00:00,INIT-USDT-SWAP,3947960.0,1757386654283
2025-09-09 02:57:34.274000+00:00,INJ-USDT-SWAP,857497.0,1757386654274
2025-09-09 02:57:34.276000+00:00,IOST-USDT-SWAP,302693000.0,1757386654276
2025-09-09 02:57:34.283000+00:00,IOTA-USDT-SWAP,15701540.0,1757386654283
2025-09-09 02:57:34.278000+00:00,IP-USDT-SWAP,2877578.0,1757386654278
2025-09-09 02:57:34.270000+00:00,JELLYJELLY-USDT-SWAP,207694200.0,1757386654270
2025-09-09 02:57:34.275000+00:00,JOE-USDT-SWAP,7251460.0,1757386654275
2025-09-09 02:57:34.278000+00:00,JTO-USDT-SWAP,2835502.0,1757386654278
2025-09-09 02:57:34.274000+00:00,JUP-USDT-SWAP,14345440.0,1757386654274
2025-09-09 02:57:34.712000+00:00,KAITO-USDT-SWAP,6380048.0,1757386654712
2025-09-09 02:57:34.707000+00:00,KMNO-USDT-SWAP,16886500.0,1757386654707
2025-09-09 02:57:34.713000+00:00,KSM-USDT-SWAP,128685.2,1757386654713
2025-09-09 02:57:34.726000+00:00,LA-USDT-SWAP,2800360.0,1757386654726
2025-09-09 02:57:34.720000+00:00,LAUNCHCOIN-USDT-SWAP,54908620.0,1757386654720
2025-09-09 02:57:34.721000+00:00,LAYER-USDT-SWAP,5621136.0,1757386654721
2025-09-09 02:57:34.711000+00:00,LDO-USDT-SWAP,14578169.0,1757386654711
2025-09-09 02:57:34.708000+00:00,LINK-USDT-SWAP,2606143.2999999993,1757386654708
2025-09-09 02:57:34.710000+00:00,LPT-USDT-SWAP,821231.3,1757386654710
2025-09-09 02:57:34.712000+00:00,LQTY-USDT-SWAP,1562299.0,1757386654712
2025-09-09 02:57:35.158000+00:00,LRC-USDT-SWAP,17297150.0,1757386655158
2025-09-09 02:57:35.174000+00:00,LTC-USDT-SWAP,675002.2999999999,1757386655174
2025-09-09 02:57:35.167000+00:00,LUNA-USDT-SWAP,15308650.0,1757386655167
2025-09-09 02:57:35.154000+00:00,LUNC-USDT-SWAP,32268090000.0,1757386655154
2025-09-09 02:57:35.175000+00:00,MAGIC-USDT-SWAP,20547607.0,1757386655175
2025-09-09 02:57:35.152000+00:00,MAJOR-USDT-SWAP,4619456.0,1757386655152
2025-09-09 02:57:35.161000+00:00,MANA-USDT-SWAP,10105570.0,1757386655161
2025-09-09 02:57:35.165000+00:00,MASK-USDT-SWAP,2938403.0,1757386655165
2025-09-09 02:57:35.163000+00:00,ME-USDT-SWAP,3873060.0,1757386655163
2025-09-09 02:57:35.166000+00:00,MEME-USDT-SWAP,1551669400.0,1757386655166
2025-09-09 02:57:35.638000+00:00,MERL-USDT-SWAP,50402248.0,1757386655638
2025-09-09 02:57:35.632000+00:00,METIS-USDT-SWAP,94436.3,1757386655632
2025-09-09 02:57:35.612000+00:00,MEW-USDT-SWAP,1023374000.0,1757386655612
2025-09-09 02:57:35.616000+00:00,MINA-USDT-SWAP,7047196.0,1757386655616
2025-09-09 02:57:35.632000+00:00,MOG-USDT-SWAP,594471000000.0,1757386655632
2025-09-09 02:57:35.626000+00:00,MOODENG-USDT-SWAP,45130060.0,1757386655626
2025-09-09 02:57:35.622000+00:00,MORPHO-USDT-SWAP,1331619.0,1757386655622
2025-09-09 02:57:35.621000+00:00,MOVE-USDT-SWAP,28234730.0,1757386655621
2025-09-09 02:57:35.629000+00:00,MUBARAK-USDT-SWAP,12780700.0,1757386655629
2025-09-09 02:57:36.075000+00:00,NEAR-USDT-SWAP,5303600.0,1757386656075
2025-09-09 02:57:36.072000+00:00,NEIRO-USDT-SWAP,8822810000.0,1757386656072
2025-09-09 02:57:36.073000+00:00,NEIROETH-USDT-SWAP,17388600.0,1757386656073
2025-09-09 02:57:36.067000+00:00,NEO-USDT-SWAP,319198.0,1757386656067
2025-09-09 02:57:36.076000+00:00,NEWT-USDT-SWAP,3429300.0,1757386656076
2025-09-09 02:57:36.062000+00:00,NMR-USDT-SWAP,476821.0,1757386656062
2025-09-09 02:57:36.071000+00:00,NOT-USDT-SWAP,1659212100.0,1757386656071
2025-09-09 02:57:36.139000+00:00,NXPC-USDT-SWAP,894834.0,1757386656139
2025-09-09 02:57:36.074000+00:00,OL-USDT-SWAP,92880220.0,1757386656074
2025-09-09 02:57:36.066000+00:00,OM-USDT-SWAP,25952255.0,1757386656066
2025-09-09 02:57:36.566000+00:00,ONDO-USDT-SWAP,18512600.0,1757386656566
2025-09-09 02:57:36.558000+00:00,ONE-USDT-SWAP,83632800.0,1757386656558
2025-09-09 02:57:36.557000+00:00,ONT-USDT-SWAP,13497220.0,1757386656557
2025-09-09 02:57:36.551000+00:00,OP-USDT-SWAP,23254502.0,1757386656551
2025-09-09 02:57:36.560000+00:00,ORBS-USDT-SWAP,25694500.0,1757386656560
2025-09-09 02:57:36.562000+00:00,ORDI-USDT-SWAP,1141435.8,1757386656562
2025-09-09 02:57:36.573000+00:00,PARTI-USDT-SWAP,13695180.0,1757386656573
2025-09-09 02:57:36.561000+00:00,PENGU-USDT-SWAP,672761800.0,1757386656561
2025-09-09 02:57:36.557000+00:00,PEOPLE-USDT-SWAP,312212500.0,1757386656557
2025-09-09 02:57:36.562000+00:00,PEPE-USDT-SWAP,7481657000000.0,1757386656562
2025-09-09 02:57:37.415000+00:00,PERP-USDT-SWAP,2690162.0,1757386657415
2025-09-09 02:57:36.998000+00:00,PI-USDT-SWAP,31805562.0,1757386656998
2025-09-09 02:57:37.005000+00:00,PLUME-USDT-SWAP,15573160.0,1757386657005
2025-09-09 02:57:37.001000+00:00,PNUT-USDT-SWAP,39849600.0,1757386657001
2025-09-09 02:57:37.015000+00:00,POL-USDT-SWAP,38458480.0,1757386657015
2025-09-09 02:57:37.002000+00:00,POPCAT-USDT-SWAP,9652180.0,1757386657002
2025-09-09 02:57:37.002000+00:00,PRCL-USDT-SWAP,13432275.0,1757386657002
2025-09-09 02:57:37+00:00,PROMPT-USDT-SWAP,32906070.0,1757386657000
2025-09-09 02:57:37.089000+00:00,PUMP-USDT-SWAP,6653378000.0,1757386657089
2025-09-09 02:57:37.009000+00:00,PYTH-USDT-SWAP,46108030.0,1757386657009
2025-09-09 02:57:37.839000+00:00,QTUM-USDT-SWAP,1334269.0,1757386657839
2025-09-09 02:57:37.854000+00:00,RAY-USDT-SWAP,970256.0,1757386657854
2025-09-09 02:57:37.853000+00:00,RENDER-USDT-SWAP,1286330.0,1757386657853
2025-09-09 02:57:37.845000+00:00,RESOLV-USDT-SWAP,25752900.0,1757386657845
2025-09-09 02:57:37.861000+00:00,RSR-USDT-SWAP,255208800.0,1757386657861
2025-09-09 02:57:37.860000+00:00,RVN-USDT-SWAP,77181360.0,1757386657860
2025-09-09 02:57:37.854000+00:00,S-USDT-SWAP,12359410.0,1757386657854
2025-09-09 02:57:37.847000+00:00,SAHARA-USDT-SWAP,63125030.0,1757386657847
2025-09-09 02:57:37.846000+00:00,SAND-USDT-SWAP,19251030.0,1757386657846
2025-09-09 02:57:37.857000+00:00,SATS-USDT-SWAP,177494070000000.0,1757386657857
2025-09-09 02:57:38.289000+00:00,SCR-USDT-SWAP,3382975.0,1757386658289
2025-09-09 02:57:38.284000+00:00,SHELL-USDT-SWAP,5472970.0,1757386658284
2025-09-09 02:57:38.294000+00:00,SHIB-USDT-SWAP,1525950500000.0,1757386658294
2025-09-09 02:57:38.279000+00:00,SIGN-USDT-SWAP,44655400.0,1757386658279
2025-09-09 02:57:38.292000+00:00,SLP-USDT-SWAP,444377160.0,1757386658292
2025-09-09 02:57:38.285000+00:00,SNX-USDT-SWAP,2527688.0,1757386658285
2025-09-09 02:57:38.280000+00:00,SOL-USDT-SWAP,3601948.7100000004,1757386658280
2025-09-09 02:57:38.280000+00:00,SOLV-USDT-SWAP,67915400.0,1757386658280
2025-09-09 02:57:38.294000+00:00,SONIC-USDT-SWAP,8216802.0,1757386658294
2025-09-09 02:57:38.303000+00:00,SOON-USDT-SWAP,9198440.0,1757386658303
2025-09-09 02:57:38.719000+00:00,SOPH-USDT-SWAP,85520300.0,1757386658719
2025-09-09 02:57:38.740000+00:00,SPK-USDT-SWAP,131795500.0,1757386658740
2025-09-09 02:57:38.726000+00:00,SPX-USDT-SWAP,1115134.0,1757386658726
2025-09-09 02:57:38.726000+00:00,SSV-USDT-SWAP,287497.2,1757386658726
2025-09-09 02:57:38.758000+00:00,STORJ-USDT-SWAP,5579040.0,1757386658758
2025-09-09 02:57:38.736000+00:00,STRK-USDT-SWAP,24647061.0,1757386658736
2025-09-09 02:57:38.726000+00:00,STX-USDT-SWAP,6645290.999999999,1757386658726
2025-09-09 02:57:38.724000+00:00,SUI-USDT-SWAP,20135706.0,1757386658724
2025-09-09 02:57:38.727000+00:00,SUSHI-USDT-SWAP,8177530.0,1757386658727
2025-09-09 02:57:38.731000+00:00,SWARMS-USDT-SWAP,80656610.0,1757386658731
2025-09-09 02:57:39.172000+00:00,SYRUP-USDT-SWAP,2932480.0,1757386659172
2025-09-09 02:57:39.181000+00:00,T-USDT-SWAP,41163200.0,1757386659181
2025-09-09 02:57:39.178000+00:00,TAO-USDT-SWAP,14272.39,1757386659178
2025-09-09 02:57:39.180000+00:00,THETA-USDT-SWAP,2697922.0,1757386659180
2025-09-09 02:57:39.186000+00:00,TIA-USDT-SWAP,5279671.0,1757386659186
2025-09-09 02:57:39.188000+00:00,TNSR-USDT-SWAP,8396624.0,1757386659188
2025-09-09 02:57:39.188000+00:00,TON-USDT-SWAP,9489707.0,1757386659188
2025-09-09 02:57:39.179000+00:00,TRB-USDT-SWAP,271154.8,1757386659179
2025-09-09 02:57:39.177000+00:00,TREE-USDT-SWAP,6260240.0,1757386659177
2025-09-09 02:57:39.182000+00:00,TRUMP-USDT-SWAP,5099323.7,1757386659182
2025-09-09 02:57:39.642000+00:00,TRX-USDT-SWAP,99466120.00000004,1757386659642
2025-09-09 02:57:39.632000+00:00,TURBO-USDT-SWAP,941635000.0000002,1757386659632
2025-09-09 02:57:39.615000+00:00,UMA-USDT-SWAP,1445433.0,1757386659615
2025-09-09 02:57:39.608000+00:00,UNI-USDT-SWAP,3199273.0,1757386659608
2025-09-09 02:57:39.669000+00:00,USDC-USDT-SWAP,1075830.0,1757386659669
2025-09-09 02:57:39.619000+00:00,USELESS-USDT-SWAP,13539020.0,1757386659619
2025-09-09 02:57:39.761000+00:00,USTC-USDT-SWAP,135066100.0,1757386659761
2025-09-09 02:57:39.616000+00:00,UXLINK-USDT-SWAP,6297510.0,1757386659616
2025-09-09 02:57:39.624000+00:00,VANA-USDT-SWAP,147731.8,1757386659624
2025-09-09 02:57:39.619000+00:00,VINE-USDT-SWAP,111903960.0,1757386659619
2025-09-09 02:57:40.181000+00:00,VIRTUAL-USDT-SWAP,3476770.0,1757386660181
2025-09-09 02:57:40.186000+00:00,W-USDT-SWAP,47955888.0,1757386660186
2025-09-09 02:57:40.185000+00:00,WAL-USDT-SWAP,2035600.0,1757386660185
2025-09-09 02:57:40.175000+00:00,WAXP-USDT-SWAP,25218200.0,1757386660175
2025-09-09 02:57:40.192000+00:00,WCT-USDT-SWAP,10739090.0,1757386660192
2025-09-09 02:57:40.179000+00:00,WIF-USDT-SWAP,17291307.0,1757386660179
2025-09-09 02:57:40.173000+00:00,WLD-USDT-SWAP,31082734.0,1757386660173
2025-09-09 02:57:40.187000+00:00,WLFI-USDT-SWAP,284180990.0,1757386660187
2025-09-09 02:57:40.198000+00:00,WOO-USDT-SWAP,15583790.0,1757386660198
2025-09-09 02:57:40.223000+00:00,XAUT-USDT-SWAP,5779.726,1757386660223
2025-09-09 02:57:40.641000+00:00,XLM-USDT-SWAP,40883560.0,1757386660641
2025-09-09 02:57:40.647000+00:00,XPL-USDT-SWAP,6384920.0,1757386660647
2025-09-09 02:57:40.644000+00:00,XRP-USDT-SWAP,91594913.0,1757386660644
2025-09-09 02:57:40.637000+00:00,XTZ-USDT-SWAP,5466270.0,1757386660637
2025-09-09 02:57:40.668000+00:00,YFI-USDT-SWAP,363.6551,1757386660668
2025-09-09 02:57:40.649000+00:00,YGG-USDT-SWAP,27377938.0,1757386660649
2025-09-09 02:57:40.637000+00:00,ZENT-USDT-SWAP,177389900.0,1757386660637
2025-09-09 02:57:40.640000+00:00,ZEREBRO-USDT-SWAP,59022730.0,1757386660640
2025-09-09 02:57:40.636000+00:00,ZETA-USDT-SWAP,5634020.0,1757386660636
2025-09-09 02:57:40.657000+00:00,ZIL-USDT-SWAP,164761800.0,1757386660657
2025-09-09 02:57:41.084000+00:00,ZK-USDT-SWAP,52577780.0,1757386661084
2025-09-09 02:57:41.084000+00:00,ZRO-USDT-SWAP,2016242.0,1757386661084
2025-09-09 02:57:41.078000+00:00,ZRX-USDT-SWAP,8092930.0,1757386661078
