datetime_utc,symbol,oi_value,timestamp_ms
2025-09-10 01:43:33.088000+00:00,1INCH-USDT-SWAP,8116118.0,1757468613088
2025-09-10 01:43:33.117000+00:00,A-USDT-SWAP,10388580.0,1757468613117
2025-09-10 01:43:33.097000+00:00,AAVE-USDT-SWAP,134605.87000000005,1757468613097
2025-09-10 01:43:33.093000+00:00,ACE-USDT-SWAP,1908881.0,1757468613093
2025-09-10 01:43:33.082000+00:00,ACH-USDT-SWAP,81787500.0,1757468613082
2025-09-10 01:43:33.093000+00:00,ACT-USDT-SWAP,81354822.0,1757468613093
2025-09-10 01:43:33.091000+00:00,ADA-USDT-SWAP,79010600.00000001,1757468613091
2025-09-10 01:43:33.064000+00:00,AERO-USDT-SWAP,1689270.0,1757468613064
2025-09-10 01:43:33.088000+00:00,AEVO-USDT-SWAP,18322694.0,1757468613088
2025-09-10 01:43:33.084000+00:00,AGLD-USDT-SWAP,1759990.0,1757468613084
2025-09-10 01:43:33.556000+00:00,AI16Z-USDT-SWAP,53983861.0,1757468613556
2025-09-10 01:43:33.563000+00:00,AIXBT-USDT-SWAP,21736010.0,1757468613563
2025-09-10 01:43:33.552000+00:00,ALCH-USDT-SWAP,17006910.0,1757468613552
2025-09-10 01:43:33.571000+00:00,ALGO-USDT-SWAP,26834880.0,1757468613571
2025-09-10 01:43:33.603000+00:00,ANIME-USDT-SWAP,99237330.0,1757468613603
2025-09-10 01:43:33.562000+00:00,APE-USDT-SWAP,8055511.1,1757468613562
2025-09-10 01:43:33.580000+00:00,API3-USDT-SWAP,3227960.0,1757468613580
2025-09-10 01:43:33.591000+00:00,APT-USDT-SWAP,3487466.0,1757468613591
2025-09-10 01:43:33.574000+00:00,AR-USDT-SWAP,508413.7,1757468613574
2025-09-10 01:43:33.574000+00:00,ARB-USDT-SWAP,34786571.99999999,1757468613574
2025-09-10 01:43:34.055000+00:00,ARC-USDT-SWAP,60440790.0,1757468614055
2025-09-10 01:43:34.062000+00:00,ARKM-USDT-SWAP,6089263.0,1757468614062
2025-09-10 01:43:34.058000+00:00,ATH-USDT-SWAP,186809600.0,1757468614058
2025-09-10 01:43:34.052000+00:00,ATOM-USDT-SWAP,1927171.0,1757468614052
2025-09-10 01:43:34.050000+00:00,AUCTION-USDT-SWAP,218082.7,1757468614050
2025-09-10 01:43:34.041000+00:00,AVAAI-USDT-SWAP,71684510.0,1757468614041
2025-09-10 01:43:34.061000+00:00,AVAX-USDT-SWAP,2229333.1999999997,1757468614061
2025-09-10 01:43:34.045000+00:00,AXS-USDT-SWAP,1304735.0,1757468614045
2025-09-10 01:43:34.060000+00:00,BABY-USDT-SWAP,39196410.0,1757468614060
2025-09-10 01:43:34.058000+00:00,BAND-USDT-SWAP,1427682.0,1757468614058
2025-09-10 01:43:34.516000+00:00,BAT-USDT-SWAP,5594770.0,1757468614516
2025-09-10 01:43:34.532000+00:00,BCH-USDT-SWAP,73043.79999999999,1757468614532
2025-09-10 01:43:34.519000+00:00,BERA-USDT-SWAP,2387551.2,1757468614519
2025-09-10 01:43:34.514000+00:00,BICO-USDT-SWAP,7062083.0,1757468614514
2025-09-10 01:43:34.514000+00:00,BIGTIME-USDT-SWAP,39662620.0,1757468614514
2025-09-10 01:43:34.510000+00:00,BIO-USDT-SWAP,55685238.0,1757468614510
2025-09-10 01:43:34.525000+00:00,BLUR-USDT-SWAP,24372610.0,1757468614525
2025-09-10 01:43:34.525000+00:00,BNB-USDT-SWAP,100000.3,1757468614525
2025-09-10 01:43:34.525000+00:00,BNT-USDT-SWAP,781640.0,1757468614525
2025-09-10 01:43:34.546000+00:00,BOME-USDT-SWAP,1308241000.0,1757468614546
2025-09-10 01:43:34.990000+00:00,BONK-USDT-SWAP,533468500000.0,1757468614990
2025-09-10 01:43:34.999000+00:00,BRETT-USDT-SWAP,11365500.0,1757468614999
2025-09-10 01:43:34.989000+00:00,BTC-USDT-SWAP,28287.175400000087,1757468614989
2025-09-10 01:43:35.007000+00:00,CAT-USDT-SWAP,144678700000.0,1757468615007
2025-09-10 01:43:34.993000+00:00,CATI-USDT-SWAP,17238472.0,1757468614993
2025-09-10 01:43:34.999000+00:00,CELO-USDT-SWAP,4468400.0,1757468614999
2025-09-10 01:43:35.004000+00:00,CETUS-USDT-SWAP,19275610.0,1757468615004
2025-09-10 01:43:35.012000+00:00,CFX-USDT-SWAP,74697340.0,1757468615012
2025-09-10 01:43:35.012000+00:00,CHZ-USDT-SWAP,78963580.0,1757468615012
2025-09-10 01:43:34.996000+00:00,COMP-USDT-SWAP,86086.0,1757468614996
2025-09-10 01:43:35.456000+00:00,COOKIE-USDT-SWAP,5132070.0,1757468615456
2025-09-10 01:43:35.472000+00:00,CORE-USDT-SWAP,11127739.0,1757468615472
2025-09-10 01:43:35.465000+00:00,CRO-USDT-SWAP,73523620.0,1757468615465
2025-09-10 01:43:35.468000+00:00,CRV-USDT-SWAP,23202481.0,1757468615468
2025-09-10 01:43:35.454000+00:00,CTC-USDT-SWAP,1846720.0,1757468615454
2025-09-10 01:43:35.472000+00:00,CVC-USDT-SWAP,9309800.0,1757468615472
2025-09-10 01:43:35.474000+00:00,CVX-USDT-SWAP,311162.0,1757468615474
2025-09-10 01:43:35.465000+00:00,DEGEN-USDT-SWAP,279097700.0,1757468615465
2025-09-10 01:43:35.485000+00:00,DGB-USDT-SWAP,45528200.0,1757468615485
2025-09-10 01:43:35.462000+00:00,DOG-USDT-SWAP,391005000.0,1757468615462
2025-09-10 01:43:35.932000+00:00,DOGE-USDT-SWAP,1619296990.0,1757468615932
2025-09-10 01:43:35.950000+00:00,DOGS-USDT-SWAP,16097408000.0,1757468615950
2025-09-10 01:43:35.941000+00:00,DOOD-USDT-SWAP,152098000.0,1757468615941
2025-09-10 01:43:35.942000+00:00,DOT-USDT-SWAP,6152438.0,1757468615942
2025-09-10 01:43:35.952000+00:00,DUCK-USDT-SWAP,820336300.0,1757468615952
2025-09-10 01:43:35.946000+00:00,DYDX-USDT-SWAP,10333930.0,1757468615946
2025-09-10 01:43:35.940000+00:00,EGLD-USDT-SWAP,106578.2,1757468615940
2025-09-10 01:43:35.942000+00:00,EIGEN-USDT-SWAP,3661656.0,1757468615942
2025-09-10 01:43:35.958000+00:00,ENJ-USDT-SWAP,13387470.0,1757468615958
2025-09-10 01:43:35.944000+00:00,ENS-USDT-SWAP,336750.5,1757468615944
2025-09-10 01:43:36.408000+00:00,ETC-USDT-SWAP,1062716.0000000002,1757468616408
2025-09-10 01:43:36.413000+00:00,ETH-USDT-SWAP,782082.4980000027,1757468616413
2025-09-10 01:43:36.413000+00:00,ETHFI-USDT-SWAP,7634976.0,1757468616413
2025-09-10 01:43:36.413000+00:00,ETHW-USDT-SWAP,1244669.0,1757468616413
2025-09-10 01:43:36.423000+00:00,FARTCOIN-USDT-SWAP,17518797.0,1757468616423
2025-09-10 01:43:36.403000+00:00,FIL-USDT-SWAP,14070241.1,1757468616403
2025-09-10 01:43:36.415000+00:00,FLM-USDT-SWAP,29617050.0,1757468616415
2025-09-10 01:43:36.415000+00:00,FLOKI-USDT-SWAP,37271000000.0,1757468616415
2025-09-10 01:43:36.421000+00:00,FLOW-USDT-SWAP,4888640.0,1757468616421
2025-09-10 01:43:36.421000+00:00,FXS-USDT-SWAP,396567.0,1757468616421
2025-09-10 01:43:36.886000+00:00,GALA-USDT-SWAP,440353680.0,1757468616886
2025-09-10 01:43:36.890000+00:00,GAS-USDT-SWAP,414760.0,1757468616890
2025-09-10 01:43:36.887000+00:00,GLM-USDT-SWAP,2772500.0,1757468616887
2025-09-10 01:43:36.896000+00:00,GMT-USDT-SWAP,45759990.0,1757468616896
2025-09-10 01:43:36.872000+00:00,GMX-USDT-SWAP,71213.4,1757468616872
2025-09-10 01:43:36.902000+00:00,GOAT-USDT-SWAP,32416360.0,1757468616902
2025-09-10 01:43:36.880000+00:00,GODS-USDT-SWAP,6832949.0,1757468616880
2025-09-10 01:43:36.876000+00:00,GPS-USDT-SWAP,196721690.0,1757468616876
2025-09-10 01:43:36.889000+00:00,GRASS-USDT-SWAP,2743108.0,1757468616889
2025-09-10 01:43:36.888000+00:00,GRIFFAIN-USDT-SWAP,24122120.0,1757468616888
2025-09-10 01:43:37.359000+00:00,GRT-USDT-SWAP,25746080.0,1757468617359
2025-09-10 01:43:37.392000+00:00,H-USDT-SWAP,59975100.0,1757468617392
2025-09-10 01:43:37.362000+00:00,HBAR-USDT-SWAP,72115470.0,1757468617362
2025-09-10 01:43:37.363000+00:00,HMSTR-USDT-SWAP,1216509500.0,1757468617363
2025-09-10 01:43:37.356000+00:00,HOME-USDT-SWAP,21526300.0,1757468617356
2025-09-10 01:43:37.374000+00:00,HUMA-USDT-SWAP,73451600.0,1757468617374
2025-09-10 01:43:37.359000+00:00,HYPE-USDT-SWAP,938537.1,1757468617359
2025-09-10 01:43:37.360000+00:00,ICP-USDT-SWAP,1277786.38,1757468617360
2025-09-10 01:43:37.359000+00:00,ICX-USDT-SWAP,5939000.0,1757468617359
2025-09-10 01:43:37.369000+00:00,IMX-USDT-SWAP,6848556.0,1757468617369
2025-09-10 01:43:37.865000+00:00,INIT-USDT-SWAP,3255390.0,1757468617865
2025-09-10 01:43:37.858000+00:00,INJ-USDT-SWAP,860472.8,1757468617858
2025-09-10 01:43:37.839000+00:00,IOST-USDT-SWAP,292734000.0,1757468617839
2025-09-10 01:43:37.844000+00:00,IOTA-USDT-SWAP,14427660.0,1757468617844
2025-09-10 01:43:37.839000+00:00,IP-USDT-SWAP,3074843.0,1757468617839
2025-09-10 01:43:37.841000+00:00,JELLYJELLY-USDT-SWAP,197809400.0,1757468617841
2025-09-10 01:43:37.847000+00:00,JOE-USDT-SWAP,7016850.0,1757468617847
2025-09-10 01:43:37.845000+00:00,JTO-USDT-SWAP,2854536.0,1757468617845
2025-09-10 01:43:37.851000+00:00,JUP-USDT-SWAP,14345030.0,1757468617851
2025-09-10 01:43:38.324000+00:00,KAITO-USDT-SWAP,6777371.0,1757468618324
2025-09-10 01:43:38.323000+00:00,KMNO-USDT-SWAP,20442800.0,1757468618323
2025-09-10 01:43:38.309000+00:00,KSM-USDT-SWAP,121890.0,1757468618309
2025-09-10 01:43:38.309000+00:00,LA-USDT-SWAP,2683860.0,1757468618309
2025-09-10 01:43:38.320000+00:00,LAUNCHCOIN-USDT-SWAP,56993140.0,1757468618320
2025-09-10 01:43:38.304000+00:00,LAYER-USDT-SWAP,5895117.0,1757468618304
2025-09-10 01:43:38.318000+00:00,LDO-USDT-SWAP,15244032.0,1757468618318
2025-09-10 01:43:38.314000+00:00,LINK-USDT-SWAP,2514256.8999999994,1757468618314
2025-09-10 01:43:38.315000+00:00,LPT-USDT-SWAP,773717.5,1757468618315
2025-09-10 01:43:38.326000+00:00,LQTY-USDT-SWAP,1571069.0,1757468618326
2025-09-10 01:43:38.775000+00:00,LRC-USDT-SWAP,19122770.0,1757468618775
2025-09-10 01:43:38.773000+00:00,LTC-USDT-SWAP,666290.6999999997,1757468618773
2025-09-10 01:43:38.774000+00:00,LUNA-USDT-SWAP,16016823.0,1757468618774
2025-09-10 01:43:38.766000+00:00,LUNC-USDT-SWAP,32144300000.0,1757468618766
2025-09-10 01:43:38.782000+00:00,MAGIC-USDT-SWAP,16902078.0,1757468618782
2025-09-10 01:43:38.762000+00:00,MAJOR-USDT-SWAP,4814593.0,1757468618762
2025-09-10 01:43:38.781000+00:00,MANA-USDT-SWAP,10121830.0,1757468618781
2025-09-10 01:43:38.771000+00:00,MASK-USDT-SWAP,3003675.0,1757468618771
2025-09-10 01:43:38.774000+00:00,ME-USDT-SWAP,3698661.0,1757468618774
2025-09-10 01:43:38.776000+00:00,MEME-USDT-SWAP,1473964600.0,1757468618776
2025-09-10 01:43:39.233000+00:00,MERL-USDT-SWAP,51048450.0,1757468619233
2025-09-10 01:43:39.241000+00:00,METIS-USDT-SWAP,91513.8,1757468619241
2025-09-10 01:43:39.239000+00:00,MEW-USDT-SWAP,1061197000.0,1757468619239
2025-09-10 01:43:39.227000+00:00,MINA-USDT-SWAP,7076295.0,1757468619227
2025-09-10 01:43:39.235000+00:00,MOG-USDT-SWAP,543697000000.0,1757468619235
2025-09-10 01:43:39.285000+00:00,MOODENG-USDT-SWAP,44868030.0,1757468619285
2025-09-10 01:43:39.240000+00:00,MORPHO-USDT-SWAP,1421042.0,1757468619240
2025-09-10 01:43:39.235000+00:00,MOVE-USDT-SWAP,29374110.0,1757468619235
2025-09-10 01:43:39.233000+00:00,MUBARAK-USDT-SWAP,13213000.0,1757468619233
2025-09-10 01:43:39.716000+00:00,NEAR-USDT-SWAP,5285893.999999999,1757468619716
2025-09-10 01:43:39.732000+00:00,NEIRO-USDT-SWAP,8584909000.0,1757468619732
2025-09-10 01:43:39.737000+00:00,NEIROETH-USDT-SWAP,14708100.0,1757468619737
2025-09-10 01:43:39.743000+00:00,NEO-USDT-SWAP,374895.0,1757468619743
2025-09-10 01:43:39.731000+00:00,NEWT-USDT-SWAP,2683810.0,1757468619731
2025-09-10 01:43:39.739000+00:00,NMR-USDT-SWAP,388785.6,1757468619739
2025-09-10 01:43:39.738000+00:00,NOT-USDT-SWAP,1585966100.0,1757468619738
2025-09-10 01:43:39.732000+00:00,NXPC-USDT-SWAP,1046819.0,1757468619732
2025-09-10 01:43:39.742000+00:00,OL-USDT-SWAP,82669360.0,1757468619742
2025-09-10 01:43:39.734000+00:00,OM-USDT-SWAP,25824080.000000004,1757468619734
2025-09-10 01:43:40.316000+00:00,ONDO-USDT-SWAP,19802670.0,1757468620316
2025-09-10 01:43:40.217000+00:00,ONE-USDT-SWAP,87461000.0,1757468620217
2025-09-10 01:43:40.208000+00:00,ONT-USDT-SWAP,11550530.0,1757468620208
2025-09-10 01:43:40.194000+00:00,OP-USDT-SWAP,24097947.0,1757468620194
2025-09-10 01:43:40.211000+00:00,ORBS-USDT-SWAP,30051300.0,1757468620211
2025-09-10 01:43:40.204000+00:00,ORDI-USDT-SWAP,1204383.0,1757468620204
2025-09-10 01:43:40.212000+00:00,PARTI-USDT-SWAP,13870810.0,1757468620212
2025-09-10 01:43:40.216000+00:00,PENGU-USDT-SWAP,662284500.0,1757468620216
2025-09-10 01:43:40.209000+00:00,PEOPLE-USDT-SWAP,324717700.0,1757468620209
2025-09-10 01:43:40.218000+00:00,PEPE-USDT-SWAP,8645050000000.002,1757468620218
2025-09-10 01:43:40.760000+00:00,PERP-USDT-SWAP,2992681.0,1757468620760
2025-09-10 01:43:40.756000+00:00,PI-USDT-SWAP,31277275.0,1757468620756
2025-09-10 01:43:40.755000+00:00,PLUME-USDT-SWAP,17982700.0,1757468620755
2025-09-10 01:43:40.762000+00:00,PNUT-USDT-SWAP,37046690.0,1757468620762
2025-09-10 01:43:40.766000+00:00,POL-USDT-SWAP,39965570.0,1757468620766
2025-09-10 01:43:40.782000+00:00,POPCAT-USDT-SWAP,9656690.0,1757468620782
2025-09-10 01:43:40.759000+00:00,PRCL-USDT-SWAP,17000054.0,1757468620759
2025-09-10 01:43:40.749000+00:00,PROMPT-USDT-SWAP,41238800.0,1757468620749
2025-09-10 01:43:40.765000+00:00,PUMP-USDT-SWAP,6296266000.0,1757468620765
2025-09-10 01:43:40.787000+00:00,PYTH-USDT-SWAP,46924190.0,1757468620787
2025-09-10 01:43:41.249000+00:00,QTUM-USDT-SWAP,1454270.0,1757468621249
2025-09-10 01:43:41.255000+00:00,RAY-USDT-SWAP,971145.0,1757468621255
2025-09-10 01:43:41.245000+00:00,RENDER-USDT-SWAP,1371660.0,1757468621245
2025-09-10 01:43:41.241000+00:00,RESOLV-USDT-SWAP,24256630.0,1757468621241
2025-09-10 01:43:41.257000+00:00,RSR-USDT-SWAP,266056500.0,1757468621257
2025-09-10 01:43:41.258000+00:00,RVN-USDT-SWAP,72231410.0,1757468621258
2025-09-10 01:43:41.259000+00:00,S-USDT-SWAP,12320030.0,1757468621259
2025-09-10 01:43:41.283000+00:00,SAHARA-USDT-SWAP,59162720.0,1757468621283
2025-09-10 01:43:41.261000+00:00,SAND-USDT-SWAP,19090740.0,1757468621261
2025-09-10 01:43:41.259000+00:00,SATS-USDT-SWAP,217349160000000.0,1757468621259
2025-09-10 01:43:41.731000+00:00,SCR-USDT-SWAP,3025843.0,1757468621731
2025-09-10 01:43:41.729000+00:00,SHELL-USDT-SWAP,5454800.0,1757468621729
2025-09-10 01:43:41.722000+00:00,SHIB-USDT-SWAP,1630685399999.9998,1757468621722
2025-09-10 01:43:41.729000+00:00,SIGN-USDT-SWAP,46468500.0,1757468621729
2025-09-10 01:43:41.735000+00:00,SLP-USDT-SWAP,421290640.0,1757468621735
2025-09-10 01:43:41.732000+00:00,SNX-USDT-SWAP,2443997.0,1757468621732
2025-09-10 01:43:41.735000+00:00,SOL-USDT-SWAP,3481459.8899999997,1757468621735
2025-09-10 01:43:41.726000+00:00,SOLV-USDT-SWAP,69128400.0,1757468621726
2025-09-10 01:43:41.744000+00:00,SONIC-USDT-SWAP,8151633.0,1757468621744
2025-09-10 01:43:41.748000+00:00,SOON-USDT-SWAP,8973050.0,1757468621748
2025-09-10 01:43:42.202000+00:00,SOPH-USDT-SWAP,82849600.0,1757468622202
2025-09-10 01:43:42.197000+00:00,SPK-USDT-SWAP,119610600.0,1757468622197
2025-09-10 01:43:42.194000+00:00,SPX-USDT-SWAP,1064438.0,1757468622194
2025-09-10 01:43:42.186000+00:00,SSV-USDT-SWAP,287927.0,1757468622186
2025-09-10 01:43:42.195000+00:00,STORJ-USDT-SWAP,5531250.0,1757468622195
2025-09-10 01:43:42.196000+00:00,STRK-USDT-SWAP,22686568.0,1757468622196
2025-09-10 01:43:42.203000+00:00,STX-USDT-SWAP,6416701.999999999,1757468622203
2025-09-10 01:43:42.188000+00:00,SUI-USDT-SWAP,20214639.0,1757468622188
2025-09-10 01:43:42.204000+00:00,SUSHI-USDT-SWAP,7822222.0,1757468622204
2025-09-10 01:43:42.206000+00:00,SWARMS-USDT-SWAP,82364830.0,1757468622206
2025-09-10 01:43:42.672000+00:00,SYRUP-USDT-SWAP,2840960.0,1757468622672
2025-09-10 01:43:42.663000+00:00,T-USDT-SWAP,43899100.0,1757468622663
2025-09-10 01:43:42.666000+00:00,TAO-USDT-SWAP,14859.63,1757468622666
2025-09-10 01:43:42.663000+00:00,THETA-USDT-SWAP,2987397.0,1757468622663
2025-09-10 01:43:42.665000+00:00,TIA-USDT-SWAP,5718043.0,1757468622665
2025-09-10 01:43:42.674000+00:00,TNSR-USDT-SWAP,8336781.0,1757468622674
2025-09-10 01:43:42.668000+00:00,TON-USDT-SWAP,9466116.0,1757468622668
2025-09-10 01:43:42.667000+00:00,TRB-USDT-SWAP,262570.0,1757468622667
2025-09-10 01:43:42.682000+00:00,TREE-USDT-SWAP,6513083.0,1757468622682
2025-09-10 01:43:42.707000+00:00,TRUMP-USDT-SWAP,5190119.2,1757468622707
2025-09-10 01:43:43.145000+00:00,TRX-USDT-SWAP,95688990.00000007,1757468623145
2025-09-10 01:43:43.175000+00:00,TURBO-USDT-SWAP,911722000.0000001,1757468623175
2025-09-10 01:43:43.157000+00:00,UMA-USDT-SWAP,1465322.0,1757468623157
2025-09-10 01:43:43.146000+00:00,UNI-USDT-SWAP,3355976.0,1757468623146
2025-09-10 01:43:43.145000+00:00,USDC-USDT-SWAP,1194810.0,1757468623145
2025-09-10 01:43:43.139000+00:00,USELESS-USDT-SWAP,12977870.0,1757468623139
2025-09-10 01:43:43.145000+00:00,USTC-USDT-SWAP,114005900.0,1757468623145
2025-09-10 01:43:43.591000+00:00,UXLINK-USDT-SWAP,5785800.0,1757468623591
2025-09-10 01:43:43.142000+00:00,VANA-USDT-SWAP,175536.8,1757468623142
2025-09-10 01:43:43.158000+00:00,VINE-USDT-SWAP,106875170.0,1757468623158
2025-09-10 01:43:44.033000+00:00,VIRTUAL-USDT-SWAP,3637572.0,1757468624033
2025-09-10 01:43:44.028000+00:00,W-USDT-SWAP,51014314.0,1757468624028
2025-09-10 01:43:44.040000+00:00,WAL-USDT-SWAP,2290720.0,1757468624040
2025-09-10 01:43:44.039000+00:00,WAXP-USDT-SWAP,24485800.0,1757468624039
2025-09-10 01:43:44.037000+00:00,WCT-USDT-SWAP,10068900.0,1757468624037
2025-09-10 01:43:44.038000+00:00,WIF-USDT-SWAP,16228968.0,1757468624038
2025-09-10 01:43:44.038000+00:00,WLD-USDT-SWAP,31533920.0,1757468624038
2025-09-10 01:43:44.031000+00:00,WLFI-USDT-SWAP,276941660.0,1757468624031
2025-09-10 01:43:44.044000+00:00,WOO-USDT-SWAP,16690270.0,1757468624044
2025-09-10 01:43:44.058000+00:00,XAUT-USDT-SWAP,5833.766,1757468624058
2025-09-10 01:43:44.508000+00:00,XLM-USDT-SWAP,42554180.0,1757468624508
2025-09-10 01:43:44.528000+00:00,XPL-USDT-SWAP,6265240.0,1757468624528
2025-09-10 01:43:44.501000+00:00,XRP-USDT-SWAP,91804801.0,1757468624501
2025-09-10 01:43:44.515000+00:00,XTZ-USDT-SWAP,5038019.0,1757468624515
2025-09-10 01:43:44.518000+00:00,YFI-USDT-SWAP,383.1227,1757468624518
2025-09-10 01:43:44.531000+00:00,YGG-USDT-SWAP,28407107.0,1757468624531
2025-09-10 01:43:44.511000+00:00,ZENT-USDT-SWAP,183236400.0,1757468624511
2025-09-10 01:43:44.517000+00:00,ZEREBRO-USDT-SWAP,53901960.0,1757468624517
2025-09-10 01:43:44.514000+00:00,ZETA-USDT-SWAP,5577610.0,1757468624514
2025-09-10 01:43:44.528000+00:00,ZIL-USDT-SWAP,174944500.0,1757468624528
2025-09-10 01:43:44.965000+00:00,ZK-USDT-SWAP,48770090.0,1757468624965
2025-09-10 01:43:44.986000+00:00,ZRO-USDT-SWAP,1772225.0,1757468624986
2025-09-10 01:43:44.982000+00:00,ZRX-USDT-SWAP,8049380.0,1757468624982
2025-09-10 01:44:45.713000+00:00,1INCH-USDT-SWAP,8116168.0,1757468685713
2025-09-10 01:44:45.717000+00:00,A-USDT-SWAP,10388600.0,1757468685717
2025-09-10 01:44:45.716000+00:00,AAVE-USDT-SWAP,134680.34000000005,1757468685716
2025-09-10 01:44:45.747000+00:00,ACE-USDT-SWAP,1908951.0,1757468685747
2025-09-10 01:44:45.718000+00:00,ACH-USDT-SWAP,81787300.0,1757468685718
2025-09-10 01:44:45.705000+00:00,ACT-USDT-SWAP,81358237.0,1757468685705
2025-09-10 01:44:45.721000+00:00,ADA-USDT-SWAP,78975480.00000001,1757468685721
2025-09-10 01:44:45.716000+00:00,AERO-USDT-SWAP,1688990.0,1757468685716
2025-09-10 01:44:45.730000+00:00,AEVO-USDT-SWAP,18278752.0,1757468685730
2025-09-10 01:44:45.721000+00:00,AGLD-USDT-SWAP,1760020.0,1757468685721
2025-09-10 01:44:46.180000+00:00,AI16Z-USDT-SWAP,53988296.0,1757468686180
2025-09-10 01:44:46.180000+00:00,AIXBT-USDT-SWAP,21738510.0,1757468686180
2025-09-10 01:44:46.192000+00:00,ALCH-USDT-SWAP,17003950.0,1757468686192
2025-09-10 01:44:46.185000+00:00,ALGO-USDT-SWAP,26834880.0,1757468686185
2025-09-10 01:44:46.178000+00:00,ANIME-USDT-SWAP,99228900.0,1757468686178
2025-09-10 01:44:46.183000+00:00,APE-USDT-SWAP,8055141.5,1757468686183
2025-09-10 01:44:46.195000+00:00,API3-USDT-SWAP,3227649.0,1757468686195
2025-09-10 01:44:46.197000+00:00,APT-USDT-SWAP,3487527.0,1757468686197
2025-09-10 01:44:46.182000+00:00,AR-USDT-SWAP,508459.2,1757468686182
2025-09-10 01:44:46.211000+00:00,ARB-USDT-SWAP,34786680.99999999,1757468686211
2025-09-10 01:44:46.665000+00:00,ARC-USDT-SWAP,60431570.0,1757468686665
2025-09-10 01:44:46.644000+00:00,ARKM-USDT-SWAP,6087032.0,1757468686644
2025-09-10 01:44:46.651000+00:00,ATH-USDT-SWAP,186784900.0,1757468686651
2025-09-10 01:44:46.642000+00:00,ATOM-USDT-SWAP,1927172.0,1757468686642
2025-09-10 01:44:46.643000+00:00,AUCTION-USDT-SWAP,218086.2,1757468686643
2025-09-10 01:44:46.641000+00:00,AVAAI-USDT-SWAP,71726450.0,1757468686641
2025-09-10 01:44:46.646000+00:00,AVAX-USDT-SWAP,2229297.8,1757468686646
2025-09-10 01:44:46.654000+00:00,AXS-USDT-SWAP,1304696.5,1757468686654
2025-09-10 01:44:46.664000+00:00,BABY-USDT-SWAP,39196060.0,1757468686664
2025-09-10 01:44:46.649000+00:00,BAND-USDT-SWAP,1428366.0,1757468686649
2025-09-10 01:44:47.120000+00:00,BAT-USDT-SWAP,5595340.0,1757468687120
2025-09-10 01:44:47.116000+00:00,BCH-USDT-SWAP,73029.74999999999,1757468687116
2025-09-10 01:44:47.116000+00:00,BERA-USDT-SWAP,2386962.9,1757468687116
2025-09-10 01:44:47.117000+00:00,BICO-USDT-SWAP,7065687.0,1757468687117
2025-09-10 01:44:47.128000+00:00,BIGTIME-USDT-SWAP,39652730.0,1757468687128
2025-09-10 01:44:47.107000+00:00,BIO-USDT-SWAP,55647218.0,1757468687107
2025-09-10 01:44:47.121000+00:00,BLUR-USDT-SWAP,24373500.0,1757468687121
2025-09-10 01:44:47.111000+00:00,BNB-USDT-SWAP,100000.28,1757468687111
2025-09-10 01:44:47.125000+00:00,BNT-USDT-SWAP,781630.0,1757468687125
2025-09-10 01:44:47.117000+00:00,BOME-USDT-SWAP,1307366000.0,1757468687117
2025-09-10 01:44:47.615000+00:00,BONK-USDT-SWAP,533445300000.0,1757468687615
2025-09-10 01:44:47.593000+00:00,BRETT-USDT-SWAP,11363700.0,1757468687593
2025-09-10 01:44:47.590000+00:00,BTC-USDT-SWAP,28287.78780000009,1757468687590
2025-09-10 01:44:47.581000+00:00,CAT-USDT-SWAP,144668500000.0,1757468687581
2025-09-10 01:44:47.585000+00:00,CATI-USDT-SWAP,17258132.0,1757468687585
2025-09-10 01:44:47.589000+00:00,CELO-USDT-SWAP,4467780.0,1757468687589
2025-09-10 01:44:47.586000+00:00,CETUS-USDT-SWAP,19275490.0,1757468687586
2025-09-10 01:44:47.588000+00:00,CFX-USDT-SWAP,74703700.0,1757468687588
2025-09-10 01:44:47.602000+00:00,CHZ-USDT-SWAP,78971160.0,1757468687602
2025-09-10 01:44:47.591000+00:00,COMP-USDT-SWAP,86086.0,1757468687591
2025-09-10 01:44:48.084000+00:00,COOKIE-USDT-SWAP,5119860.0,1757468688084
2025-09-10 01:44:48.086000+00:00,CORE-USDT-SWAP,11128944.0,1757468688086
2025-09-10 01:44:48.089000+00:00,CRO-USDT-SWAP,73447310.0,1757468688089
2025-09-10 01:44:48.082000+00:00,CRV-USDT-SWAP,23196304.0,1757468688082
2025-09-10 01:44:48.067000+00:00,CTC-USDT-SWAP,1846720.0,1757468688067
2025-09-10 01:44:48.083000+00:00,CVC-USDT-SWAP,9309800.0,1757468688083
2025-09-10 01:44:48.091000+00:00,CVX-USDT-SWAP,311069.0,1757468688091
2025-09-10 01:44:48.084000+00:00,DEGEN-USDT-SWAP,279120300.0,1757468688084
2025-09-10 01:44:48.094000+00:00,DGB-USDT-SWAP,45528200.0,1757468688094
2025-09-10 01:44:48.217000+00:00,DOG-USDT-SWAP,391006000.0,1757468688217
2025-09-10 01:44:48.667000+00:00,DOGE-USDT-SWAP,1619062810.0,1757468688667
2025-09-10 01:44:48.662000+00:00,DOGS-USDT-SWAP,16090423000.0,1757468688662
2025-09-10 01:44:48.659000+00:00,DOOD-USDT-SWAP,152043000.0,1757468688659
2025-09-10 01:44:48.664000+00:00,DOT-USDT-SWAP,6151700.0,1757468688664
2025-09-10 01:44:48.659000+00:00,DUCK-USDT-SWAP,820305600.0,1757468688659
2025-09-10 01:44:48.658000+00:00,DYDX-USDT-SWAP,10333231.0,1757468688658
2025-09-10 01:44:48.677000+00:00,EGLD-USDT-SWAP,106583.3,1757468688677
2025-09-10 01:44:48.651000+00:00,EIGEN-USDT-SWAP,3660386.0,1757468688651
2025-09-10 01:44:48.798000+00:00,ENJ-USDT-SWAP,13386190.0,1757468688798
2025-09-10 01:44:48.655000+00:00,ENS-USDT-SWAP,336749.5,1757468688655
2025-09-10 01:44:49.234000+00:00,ETC-USDT-SWAP,1062714.4000000004,1757468689234
2025-09-10 01:44:49.244000+00:00,ETH-USDT-SWAP,782101.5490000026,1757468689244
2025-09-10 01:44:49.240000+00:00,ETHFI-USDT-SWAP,7634262.0,1757468689240
2025-09-10 01:44:49.240000+00:00,ETHW-USDT-SWAP,1244648.1,1757468689240
2025-09-10 01:44:49.242000+00:00,FARTCOIN-USDT-SWAP,17512566.0,1757468689242
2025-09-10 01:44:49.244000+00:00,FIL-USDT-SWAP,14070654.5,1757468689244
2025-09-10 01:44:49.251000+00:00,FLM-USDT-SWAP,29615710.0,1757468689251
2025-09-10 01:44:49.245000+00:00,FLOKI-USDT-SWAP,37269500000.0,1757468689245
2025-09-10 01:44:49.236000+00:00,FLOW-USDT-SWAP,4888640.0,1757468689236
2025-09-10 01:44:49.239000+00:00,FXS-USDT-SWAP,395338.0,1757468689239
2025-09-10 01:44:49.718000+00:00,GALA-USDT-SWAP,440731040.0,1757468689718
2025-09-10 01:44:49.717000+00:00,GAS-USDT-SWAP,414760.0,1757468689717
2025-09-10 01:44:49.733000+00:00,GLM-USDT-SWAP,2772740.0,1757468689733
2025-09-10 01:44:49.737000+00:00,GMT-USDT-SWAP,45714336.0,1757468689737
2025-09-10 01:44:49.721000+00:00,GMX-USDT-SWAP,71213.4,1757468689721
2025-09-10 01:44:49.726000+00:00,GOAT-USDT-SWAP,32371450.0,1757468689726
2025-09-10 01:44:49.731000+00:00,GODS-USDT-SWAP,6832949.0,1757468689731
2025-09-10 01:44:49.711000+00:00,GPS-USDT-SWAP,196819570.0,1757468689711
2025-09-10 01:44:49.715000+00:00,GRASS-USDT-SWAP,2742991.0,1757468689715
2025-09-10 01:44:49.718000+00:00,GRIFFAIN-USDT-SWAP,24438470.0,1757468689718
2025-09-10 01:44:50.200000+00:00,GRT-USDT-SWAP,25721560.0,1757468690200
2025-09-10 01:44:50.305000+00:00,H-USDT-SWAP,59971500.0,1757468690305
2025-09-10 01:44:50.197000+00:00,HBAR-USDT-SWAP,71991930.0,1757468690197
2025-09-10 01:44:50.188000+00:00,HMSTR-USDT-SWAP,1216490600.0,1757468690188
2025-09-10 01:44:50.178000+00:00,HOME-USDT-SWAP,21527300.0,1757468690178
2025-09-10 01:44:50.179000+00:00,HUMA-USDT-SWAP,73560400.0,1757468690179
2025-09-10 01:44:50.192000+00:00,HYPE-USDT-SWAP,939036.2,1757468690192
2025-09-10 01:44:50.192000+00:00,ICP-USDT-SWAP,1277921.35,1757468690192
2025-09-10 01:44:50.183000+00:00,ICX-USDT-SWAP,5938630.0,1757468690183
2025-09-10 01:44:50.198000+00:00,IMX-USDT-SWAP,6848433.0,1757468690198
2025-09-10 01:44:50.763000+00:00,INIT-USDT-SWAP,3253720.0,1757468690763
2025-09-10 01:44:50.750000+00:00,INJ-USDT-SWAP,860522.6,1757468690750
2025-09-10 01:44:50.757000+00:00,IOST-USDT-SWAP,292687000.0,1757468690757
2025-09-10 01:44:50.743000+00:00,IOTA-USDT-SWAP,14427660.0,1757468690743
2025-09-10 01:44:50.743000+00:00,IP-USDT-SWAP,3075309.0,1757468690743
2025-09-10 01:44:50.751000+00:00,JELLYJELLY-USDT-SWAP,198034200.0,1757468690751
2025-09-10 01:44:50.758000+00:00,JOE-USDT-SWAP,7016070.0,1757468690758
2025-09-10 01:44:50.772000+00:00,JTO-USDT-SWAP,2853747.0,1757468690772
2025-09-10 01:44:50.751000+00:00,JUP-USDT-SWAP,14345930.0,1757468690751
2025-09-10 01:44:51.224000+00:00,KAITO-USDT-SWAP,6779653.0,1757468691224
2025-09-10 01:44:51.231000+00:00,KMNO-USDT-SWAP,20443400.0,1757468691231
2025-09-10 01:44:51.235000+00:00,KSM-USDT-SWAP,121897.2,1757468691235
2025-09-10 01:44:51.226000+00:00,LA-USDT-SWAP,2684540.0,1757468691226
2025-09-10 01:44:51.219000+00:00,LAUNCHCOIN-USDT-SWAP,56986850.0,1757468691219
2025-09-10 01:44:51.231000+00:00,LAYER-USDT-SWAP,5894793.0,1757468691231
2025-09-10 01:44:51.261000+00:00,LDO-USDT-SWAP,15242997.0,1757468691261
2025-09-10 01:44:51.241000+00:00,LINK-USDT-SWAP,2514209.099999999,1757468691241
2025-09-10 01:44:51.267000+00:00,LPT-USDT-SWAP,773503.6,1757468691267
2025-09-10 01:44:51.222000+00:00,LQTY-USDT-SWAP,1570714.0,1757468691222
2025-09-10 01:44:51.860000+00:00,LRC-USDT-SWAP,19110410.0,1757468691860
2025-09-10 01:44:51.743000+00:00,LTC-USDT-SWAP,666311.8999999998,1757468691743
2025-09-10 01:44:51.718000+00:00,LUNA-USDT-SWAP,16016816.0,1757468691718
2025-09-10 01:44:51.718000+00:00,LUNC-USDT-SWAP,32144300000.0,1757468691718
2025-09-10 01:44:51.730000+00:00,MAGIC-USDT-SWAP,16901855.0,1757468691730
2025-09-10 01:44:51.734000+00:00,MAJOR-USDT-SWAP,4814425.0,1757468691734
2025-09-10 01:44:51.733000+00:00,MANA-USDT-SWAP,10120690.0,1757468691733
2025-09-10 01:44:51.731000+00:00,MASK-USDT-SWAP,3003675.0,1757468691731
2025-09-10 01:44:51.734000+00:00,ME-USDT-SWAP,3698653.0,1757468691734
2025-09-10 01:44:51.732000+00:00,MEME-USDT-SWAP,1477814000.0,1757468691732
2025-09-10 01:44:52.299000+00:00,MERL-USDT-SWAP,51053432.0,1757468692299
2025-09-10 01:44:52.292000+00:00,METIS-USDT-SWAP,91513.8,1757468692292
2025-09-10 01:44:52.307000+00:00,MEW-USDT-SWAP,1061551000.0,1757468692307
2025-09-10 01:44:52.312000+00:00,MINA-USDT-SWAP,7076300.0,1757468692312
2025-09-10 01:44:52.434000+00:00,MOG-USDT-SWAP,543673000000.0,1757468692434
2025-09-10 01:44:52.310000+00:00,MOODENG-USDT-SWAP,44848990.0,1757468692310
2025-09-10 01:44:52.313000+00:00,MORPHO-USDT-SWAP,1420216.0,1757468692313
2025-09-10 01:44:52.302000+00:00,MOVE-USDT-SWAP,29373870.0,1757468692302
2025-09-10 01:44:52.291000+00:00,MUBARAK-USDT-SWAP,13213000.0,1757468692291
2025-09-10 01:44:52.861000+00:00,NEAR-USDT-SWAP,5294124.0,1757468692861
2025-09-10 01:44:52.873000+00:00,NEIRO-USDT-SWAP,8584944000.0,1757468692873
2025-09-10 01:44:52.884000+00:00,NEIROETH-USDT-SWAP,14702200.0,1757468692884
2025-09-10 01:44:52.863000+00:00,NEO-USDT-SWAP,374952.0,1757468692863
2025-09-10 01:44:52.869000+00:00,NEWT-USDT-SWAP,2683590.0,1757468692869
2025-09-10 01:44:52.883000+00:00,NMR-USDT-SWAP,388991.8,1757468692883
2025-09-10 01:44:52.878000+00:00,NOT-USDT-SWAP,1586472700.0,1757468692878
2025-09-10 01:44:52.881000+00:00,NXPC-USDT-SWAP,1046815.0,1757468692881
2025-09-10 01:44:52.885000+00:00,OL-USDT-SWAP,82696710.0,1757468692885
2025-09-10 01:44:52.871000+00:00,OM-USDT-SWAP,25824426.000000004,1757468692871
2025-09-10 01:44:53.342000+00:00,ONDO-USDT-SWAP,19917600.0,1757468693342
2025-09-10 01:44:53.346000+00:00,ONE-USDT-SWAP,87461800.0,1757468693346
2025-09-10 01:44:53.348000+00:00,ONT-USDT-SWAP,11550960.0,1757468693348
2025-09-10 01:44:53.340000+00:00,OP-USDT-SWAP,24098061.0,1757468693340
2025-09-10 01:44:53.779000+00:00,ORBS-USDT-SWAP,30057200.0,1757468693779
2025-09-10 01:44:53.404000+00:00,ORDI-USDT-SWAP,1204509.5,1757468693404
2025-09-10 01:44:53.347000+00:00,PARTI-USDT-SWAP,13885010.0,1757468693347
2025-09-10 01:44:53.336000+00:00,PENGU-USDT-SWAP,662150700.0,1757468693336
2025-09-10 01:44:53.335000+00:00,PEOPLE-USDT-SWAP,324703400.0,1757468693335
2025-09-10 01:44:53.338000+00:00,PEPE-USDT-SWAP,8639642000000.003,1757468693338
2025-09-10 01:44:54.239000+00:00,PERP-USDT-SWAP,2992681.0,1757468694239
2025-09-10 01:44:54.233000+00:00,PI-USDT-SWAP,31275399.0,1757468694233
2025-09-10 01:44:54.251000+00:00,PLUME-USDT-SWAP,18074570.0,1757468694251
2025-09-10 01:44:54.219000+00:00,PNUT-USDT-SWAP,37051080.0,1757468694219
2025-09-10 01:44:54.222000+00:00,POL-USDT-SWAP,39965600.0,1757468694222
2025-09-10 01:44:54.221000+00:00,POPCAT-USDT-SWAP,9659100.0,1757468694221
2025-09-10 01:44:54.274000+00:00,PRCL-USDT-SWAP,17183652.0,1757468694274
2025-09-10 01:44:54.229000+00:00,PROMPT-USDT-SWAP,41242850.0,1757468694229
2025-09-10 01:44:54.242000+00:00,PUMP-USDT-SWAP,6310475000.0,1757468694242
2025-09-10 01:44:54.233000+00:00,PYTH-USDT-SWAP,46972650.0,1757468694233
2025-09-10 01:44:54.707000+00:00,QTUM-USDT-SWAP,1454269.0,1757468694707
2025-09-10 01:44:54.729000+00:00,RAY-USDT-SWAP,973587.0,1757468694729
2025-09-10 01:44:54.723000+00:00,RENDER-USDT-SWAP,1371898.0,1757468694723
2025-09-10 01:44:54.708000+00:00,RESOLV-USDT-SWAP,24264790.0,1757468694708
2025-09-10 01:44:54.725000+00:00,RSR-USDT-SWAP,266046400.0,1757468694725
2025-09-10 01:44:54.714000+00:00,RVN-USDT-SWAP,72231410.0,1757468694714
2025-09-10 01:44:54.720000+00:00,S-USDT-SWAP,12319540.0,1757468694720
2025-09-10 01:44:54.720000+00:00,SAHARA-USDT-SWAP,59157840.0,1757468694720
2025-09-10 01:44:54.716000+00:00,SAND-USDT-SWAP,19090240.0,1757468694716
2025-09-10 01:44:54.713000+00:00,SATS-USDT-SWAP,217211350000000.0,1757468694713
2025-09-10 01:44:55.178000+00:00,SCR-USDT-SWAP,3025844.0,1757468695178
2025-09-10 01:44:55.185000+00:00,SHELL-USDT-SWAP,5462530.0,1757468695185
2025-09-10 01:44:55.186000+00:00,SHIB-USDT-SWAP,1630246000000.0,1757468695186
2025-09-10 01:44:55.184000+00:00,SIGN-USDT-SWAP,46474600.0,1757468695184
2025-09-10 01:44:55.183000+00:00,SLP-USDT-SWAP,421258840.0,1757468695183
2025-09-10 01:44:55.192000+00:00,SNX-USDT-SWAP,2443709.0,1757468695192
2025-09-10 01:44:55.184000+00:00,SOL-USDT-SWAP,3481343.349999999,1757468695184
2025-09-10 01:44:55.187000+00:00,SOLV-USDT-SWAP,69128400.0,1757468695187
2025-09-10 01:44:55.201000+00:00,SONIC-USDT-SWAP,8151335.0,1757468695201
2025-09-10 01:44:55.191000+00:00,SOON-USDT-SWAP,8973350.0,1757468695191
2025-09-10 01:44:55.659000+00:00,SOPH-USDT-SWAP,82881800.0,1757468695659
2025-09-10 01:44:55.659000+00:00,SPK-USDT-SWAP,119576500.0,1757468695659
2025-09-10 01:44:55.656000+00:00,SPX-USDT-SWAP,1063988.0,1757468695656
2025-09-10 01:44:55.656000+00:00,SSV-USDT-SWAP,287296.6,1757468695656
2025-09-10 01:44:55.650000+00:00,STORJ-USDT-SWAP,5531290.0,1757468695650
2025-09-10 01:44:55.650000+00:00,STRK-USDT-SWAP,22686568.0,1757468695650
2025-09-10 01:44:55.668000+00:00,STX-USDT-SWAP,6416348.999999999,1757468695668
2025-09-10 01:44:55.672000+00:00,SUI-USDT-SWAP,20225802.0,1757468695672
2025-09-10 01:44:55.670000+00:00,SUSHI-USDT-SWAP,7820041.0,1757468695670
2025-09-10 01:44:55.655000+00:00,SWARMS-USDT-SWAP,82353630.0,1757468695655
2025-09-10 01:44:56.136000+00:00,SYRUP-USDT-SWAP,2842150.0,1757468696136
2025-09-10 01:44:56.131000+00:00,T-USDT-SWAP,43899100.0,1757468696131
2025-09-10 01:44:56.146000+00:00,TAO-USDT-SWAP,14845.4,1757468696146
2025-09-10 01:44:56.127000+00:00,THETA-USDT-SWAP,2986786.0,1757468696127
2025-09-10 01:44:56.118000+00:00,TIA-USDT-SWAP,5717279.0,1757468696118
2025-09-10 01:44:56.124000+00:00,TNSR-USDT-SWAP,8336765.0,1757468696124
2025-09-10 01:44:56.133000+00:00,TON-USDT-SWAP,9466944.0,1757468696133
2025-09-10 01:44:56.125000+00:00,TRB-USDT-SWAP,262584.9,1757468696125
2025-09-10 01:44:56.122000+00:00,TREE-USDT-SWAP,6513840.0,1757468696122
2025-09-10 01:44:56.133000+00:00,TRUMP-USDT-SWAP,5194132.2,1757468696133
2025-09-10 01:44:56.586000+00:00,TRX-USDT-SWAP,95684340.00000007,1757468696586
2025-09-10 01:44:56.598000+00:00,TURBO-USDT-SWAP,911675000.0000001,1757468696598
2025-09-10 01:44:56.593000+00:00,UMA-USDT-SWAP,1465321.3,1757468696593
2025-09-10 01:44:56.592000+00:00,UNI-USDT-SWAP,3348961.0,1757468696592
2025-09-10 01:44:56.593000+00:00,USDC-USDT-SWAP,1194810.0,1757468696593
2025-09-10 01:44:56.591000+00:00,USELESS-USDT-SWAP,12965510.0,1757468696591
2025-09-10 01:44:56.595000+00:00,USTC-USDT-SWAP,114005900.0,1757468696595
2025-09-10 01:44:56.592000+00:00,UXLINK-USDT-SWAP,5780090.0,1757468696592
2025-09-10 01:44:56.596000+00:00,VANA-USDT-SWAP,174735.5,1757468696596
2025-09-10 01:44:56.591000+00:00,VINE-USDT-SWAP,106862490.0,1757468696591
2025-09-10 01:44:57.030000+00:00,VIRTUAL-USDT-SWAP,3637754.0,1757468697030
2025-09-10 01:44:57.035000+00:00,W-USDT-SWAP,51043417.0,1757468697035
2025-09-10 01:44:57.035000+00:00,WAL-USDT-SWAP,2290710.0,1757468697035
2025-09-10 01:44:57.029000+00:00,WAXP-USDT-SWAP,24485800.0,1757468697029
2025-09-10 01:44:57.041000+00:00,WCT-USDT-SWAP,10058880.0,1757468697041
2025-09-10 01:44:57.038000+00:00,WIF-USDT-SWAP,16227734.0,1757468697038
2025-09-10 01:44:57.047000+00:00,WLD-USDT-SWAP,31540187.0,1757468697047
2025-09-10 01:44:57.048000+00:00,WLFI-USDT-SWAP,276466140.0,1757468697048
2025-09-10 01:44:57.055000+00:00,WOO-USDT-SWAP,16694680.0,1757468697055
2025-09-10 01:44:57.045000+00:00,XAUT-USDT-SWAP,5837.475,1757468697045
2025-09-10 01:44:57.504000+00:00,XLM-USDT-SWAP,42558670.0,1757468697504
2025-09-10 01:44:57.493000+00:00,XPL-USDT-SWAP,6263390.0,1757468697493
2025-09-10 01:44:57.499000+00:00,XRP-USDT-SWAP,91797856.0,1757468697499
2025-09-10 01:44:57.495000+00:00,XTZ-USDT-SWAP,5037815.0,1757468697495
2025-09-10 01:44:57.495000+00:00,YFI-USDT-SWAP,383.1426,1757468697495
2025-09-10 01:44:57.507000+00:00,YGG-USDT-SWAP,28407243.0,1757468697507
2025-09-10 01:44:57.502000+00:00,ZENT-USDT-SWAP,183251000.0,1757468697502
2025-09-10 01:44:57.514000+00:00,ZEREBRO-USDT-SWAP,53915290.0,1757468697514
2025-09-10 01:44:57.516000+00:00,ZETA-USDT-SWAP,5577970.0,1757468697516
2025-09-10 01:44:57.497000+00:00,ZIL-USDT-SWAP,174944500.0,1757468697497
2025-09-10 01:44:57.957000+00:00,ZK-USDT-SWAP,48769280.0,1757468697957
2025-09-10 01:44:57.963000+00:00,ZRO-USDT-SWAP,1772225.0,1757468697963
2025-09-10 01:44:57.960000+00:00,ZRX-USDT-SWAP,8049380.0,1757468697960
2025-09-10 01:45:58.663000+00:00,1INCH-USDT-SWAP,8124246.0,1757468758663
2025-09-10 01:45:58.685000+00:00,A-USDT-SWAP,10387340.0,1757468758685
2025-09-10 01:45:58.688000+00:00,AAVE-USDT-SWAP,134715.88000000003,1757468758688
2025-09-10 01:45:58.690000+00:00,ACE-USDT-SWAP,1908804.0,1757468758690
2025-09-10 01:45:58.752000+00:00,ACH-USDT-SWAP,81773000.0,1757468758752
2025-09-10 01:45:58.689000+00:00,ACT-USDT-SWAP,81375711.0,1757468758689
2025-09-10 01:45:58.692000+00:00,ADA-USDT-SWAP,78922940.00000001,1757468758692
2025-09-10 01:45:58.688000+00:00,AERO-USDT-SWAP,1686960.0,1757468758688
2025-09-10 01:45:58.683000+00:00,AEVO-USDT-SWAP,18250739.0,1757468758683
2025-09-10 01:45:58.688000+00:00,AGLD-USDT-SWAP,1760057.0,1757468758688
2025-09-10 01:45:59.241000+00:00,AI16Z-USDT-SWAP,53776376.0,1757468759241
2025-09-10 01:45:59.214000+00:00,AIXBT-USDT-SWAP,21759890.0,1757468759214
2025-09-10 01:45:59.214000+00:00,ALCH-USDT-SWAP,17002130.0,1757468759214
2025-09-10 01:45:59.213000+00:00,ALGO-USDT-SWAP,26830430.0,1757468759213
2025-09-10 01:45:59.213000+00:00,ANIME-USDT-SWAP,99437150.0,1757468759213
2025-09-10 01:45:59.233000+00:00,APE-USDT-SWAP,8055345.0,1757468759233
2025-09-10 01:45:59.250000+00:00,API3-USDT-SWAP,3226969.0,1757468759250
2025-09-10 01:45:59.215000+00:00,APT-USDT-SWAP,3488292.0,1757468759215
2025-09-10 01:45:59.213000+00:00,AR-USDT-SWAP,508294.4,1757468759213
2025-09-10 01:45:59.225000+00:00,ARB-USDT-SWAP,34779397.99999999,1757468759225
2025-09-10 01:45:59.686000+00:00,ARC-USDT-SWAP,60413420.0,1757468759686
2025-09-10 01:45:59.703000+00:00,ARKM-USDT-SWAP,6089591.0,1757468759703
2025-09-10 01:45:59.692000+00:00,ATH-USDT-SWAP,186777100.0,1757468759692
2025-09-10 01:45:59.709000+00:00,ATOM-USDT-SWAP,1926009.0,1757468759709
2025-09-10 01:45:59.703000+00:00,AUCTION-USDT-SWAP,218069.8,1757468759703
2025-09-10 01:45:59.713000+00:00,AVAAI-USDT-SWAP,71523810.0,1757468759713
2025-09-10 01:45:59.706000+00:00,AVAX-USDT-SWAP,2229528.8999999994,1757468759706
2025-09-10 01:45:59.705000+00:00,AXS-USDT-SWAP,1304888.3,1757468759705
2025-09-10 01:45:59.704000+00:00,BABY-USDT-SWAP,39191120.0,1757468759704
2025-09-10 01:45:59.699000+00:00,BAND-USDT-SWAP,1428517.0,1757468759699
2025-09-10 01:46:00.160000+00:00,BAT-USDT-SWAP,5594350.0,1757468760160
2025-09-10 01:46:00.175000+00:00,BCH-USDT-SWAP,73033.71999999997,1757468760175
2025-09-10 01:46:00.185000+00:00,BERA-USDT-SWAP,2386080.4,1757468760185
2025-09-10 01:46:00.201000+00:00,BICO-USDT-SWAP,7064550.0,1757468760201
2025-09-10 01:46:00.164000+00:00,BIGTIME-USDT-SWAP,39651480.0,1757468760164
2025-09-10 01:46:00.168000+00:00,BIO-USDT-SWAP,55625592.0,1757468760168
2025-09-10 01:46:00.172000+00:00,BLUR-USDT-SWAP,24366840.0,1757468760172
2025-09-10 01:46:00.148000+00:00,BNB-USDT-SWAP,100000.06,1757468760148
2025-09-10 01:46:00.166000+00:00,BNT-USDT-SWAP,780940.0,1757468760166
2025-09-10 01:46:00.162000+00:00,BOME-USDT-SWAP,1307306000.0,1757468760162
2025-09-10 01:46:00.658000+00:00,BONK-USDT-SWAP,533147600000.0,1757468760658
2025-09-10 01:46:00.645000+00:00,BRETT-USDT-SWAP,11361600.0,1757468760645
2025-09-10 01:46:00.649000+00:00,BTC-USDT-SWAP,28293.078200000087,1757468760649
2025-09-10 01:46:00.669000+00:00,CAT-USDT-SWAP,144790800000.0,1757468760669
2025-09-10 01:46:00.638000+00:00,CATI-USDT-SWAP,17253735.0,1757468760638
2025-09-10 01:46:00.656000+00:00,CELO-USDT-SWAP,4467600.0,1757468760656
2025-09-10 01:46:00.648000+00:00,CETUS-USDT-SWAP,19275570.0,1757468760648
2025-09-10 01:46:00.643000+00:00,CFX-USDT-SWAP,74701300.0,1757468760643
2025-09-10 01:46:00.637000+00:00,CHZ-USDT-SWAP,79131190.0,1757468760637
2025-09-10 01:46:00.640000+00:00,COMP-USDT-SWAP,86067.6,1757468760640
2025-09-10 01:46:01.107000+00:00,COOKIE-USDT-SWAP,5120960.0,1757468761107
2025-09-10 01:46:01.115000+00:00,CORE-USDT-SWAP,11129147.0,1757468761115
2025-09-10 01:46:01.114000+00:00,CRO-USDT-SWAP,73365420.0,1757468761114
2025-09-10 01:46:01.109000+00:00,CRV-USDT-SWAP,23199512.0,1757468761109
2025-09-10 01:46:01.106000+00:00,CTC-USDT-SWAP,1846730.0,1757468761106
2025-09-10 01:46:01.109000+00:00,CVC-USDT-SWAP,9309900.0,1757468761109
2025-09-10 01:46:01.116000+00:00,CVX-USDT-SWAP,310776.0,1757468761116
2025-09-10 01:46:01.112000+00:00,DEGEN-USDT-SWAP,279108500.0,1757468761112
2025-09-10 01:46:01.106000+00:00,DGB-USDT-SWAP,45525100.0,1757468761106
2025-09-10 01:46:01.109000+00:00,DOG-USDT-SWAP,390984000.0,1757468761109
2025-09-10 01:46:01.578000+00:00,DOGE-USDT-SWAP,1619109620.0,1757468761578
2025-09-10 01:46:01.566000+00:00,DOGS-USDT-SWAP,16086842000.0,1757468761566
2025-09-10 01:46:01.572000+00:00,DOOD-USDT-SWAP,151656000.0,1757468761572
2025-09-10 01:46:01.613000+00:00,DOT-USDT-SWAP,6149792.0,1757468761613
2025-09-10 01:46:01.576000+00:00,DUCK-USDT-SWAP,820261700.0,1757468761576
2025-09-10 01:46:01.572000+00:00,DYDX-USDT-SWAP,10317058.0,1757468761572
2025-09-10 01:46:01.567000+00:00,EGLD-USDT-SWAP,106546.9,1757468761567
2025-09-10 01:46:01.557000+00:00,EIGEN-USDT-SWAP,3660436.0,1757468761557
2025-09-10 01:46:01.576000+00:00,ENJ-USDT-SWAP,13385060.0,1757468761576
2025-09-10 01:46:01.574000+00:00,ENS-USDT-SWAP,336787.4,1757468761574
2025-09-10 01:46:02.065000+00:00,ETC-USDT-SWAP,1062751.4000000004,1757468762065
2025-09-10 01:46:02.073000+00:00,ETH-USDT-SWAP,782371.6330000026,1757468762073
2025-09-10 01:46:02.091000+00:00,ETHFI-USDT-SWAP,7632493.0,1757468762091
2025-09-10 01:46:02.070000+00:00,ETHW-USDT-SWAP,1244566.5,1757468762070
2025-09-10 01:46:02.056000+00:00,FARTCOIN-USDT-SWAP,17508744.0,1757468762056
2025-09-10 01:46:02.072000+00:00,FIL-USDT-SWAP,14068264.7,1757468762072
2025-09-10 01:46:02.079000+00:00,FLM-USDT-SWAP,29636360.0,1757468762079
2025-09-10 01:46:02.071000+00:00,FLOKI-USDT-SWAP,37269500000.0,1757468762071
2025-09-10 01:46:02.094000+00:00,FLOW-USDT-SWAP,4888370.0,1757468762094
2025-09-10 01:46:02.068000+00:00,FXS-USDT-SWAP,395506.0,1757468762068
2025-09-10 01:46:02.548000+00:00,GALA-USDT-SWAP,440753420.0,1757468762548
2025-09-10 01:46:02.568000+00:00,GAS-USDT-SWAP,414161.0,1757468762568
2025-09-10 01:46:02.551000+00:00,GLM-USDT-SWAP,2772740.0,1757468762551
2025-09-10 01:46:02.556000+00:00,GMT-USDT-SWAP,45690010.0,1757468762556
2025-09-10 01:46:02.546000+00:00,GMX-USDT-SWAP,71178.3,1757468762546
2025-09-10 01:46:02.556000+00:00,GOAT-USDT-SWAP,32342000.0,1757468762556
2025-09-10 01:46:02.564000+00:00,GODS-USDT-SWAP,6832811.0,1757468762564
2025-09-10 01:46:02.557000+00:00,GPS-USDT-SWAP,197151130.0,1757468762557
2025-09-10 01:46:02.547000+00:00,GRASS-USDT-SWAP,2742060.0,1757468762547
2025-09-10 01:46:02.547000+00:00,GRIFFAIN-USDT-SWAP,24322330.0,1757468762547
2025-09-10 01:46:03.023000+00:00,GRT-USDT-SWAP,25708130.0,1757468763023
2025-09-10 01:46:03.026000+00:00,H-USDT-SWAP,59974300.0,1757468763026
2025-09-10 01:46:03.025000+00:00,HBAR-USDT-SWAP,71985870.0,1757468763025
2025-09-10 01:46:03.026000+00:00,HMSTR-USDT-SWAP,1216555800.0,1757468763026
2025-09-10 01:46:03.013000+00:00,HOME-USDT-SWAP,21514200.0,1757468763013
2025-09-10 01:46:03.042000+00:00,HUMA-USDT-SWAP,73611300.0,1757468763042
2025-09-10 01:46:03.041000+00:00,HYPE-USDT-SWAP,939020.7,1757468763041
2025-09-10 01:46:03.027000+00:00,ICP-USDT-SWAP,1277812.61,1757468763027
2025-09-10 01:46:03.025000+00:00,ICX-USDT-SWAP,5938130.0,1757468763025
2025-09-10 01:46:03.035000+00:00,IMX-USDT-SWAP,6848439.0,1757468763035
2025-09-10 01:46:03.484000+00:00,INIT-USDT-SWAP,3253050.0,1757468763484
2025-09-10 01:46:03.504000+00:00,INJ-USDT-SWAP,860703.2,1757468763504
2025-09-10 01:46:03.493000+00:00,IOST-USDT-SWAP,293321000.0,1757468763493
2025-09-10 01:46:03.495000+00:00,IOTA-USDT-SWAP,14422720.0,1757468763495
2025-09-10 01:46:03.504000+00:00,IP-USDT-SWAP,3077543.0,1757468763504
2025-09-10 01:46:03.515000+00:00,JELLYJELLY-USDT-SWAP,198034800.0,1757468763515
2025-09-10 01:46:03.515000+00:00,JOE-USDT-SWAP,6966940.0,1757468763515
2025-09-10 01:46:03.498000+00:00,JTO-USDT-SWAP,2854079.0,1757468763498
2025-09-10 01:46:03.496000+00:00,JUP-USDT-SWAP,14346230.0,1757468763496
2025-09-10 01:46:03.981000+00:00,KAITO-USDT-SWAP,6785477.0,1757468763981
2025-09-10 01:46:03.983000+00:00,KMNO-USDT-SWAP,20430500.0,1757468763983
2025-09-10 01:46:03.976000+00:00,KSM-USDT-SWAP,121883.0,1757468763976
2025-09-10 01:46:03.969000+00:00,LA-USDT-SWAP,2684370.0,1757468763969
2025-09-10 01:46:03.974000+00:00,LAUNCHCOIN-USDT-SWAP,56983800.0,1757468763974
2025-09-10 01:46:03.978000+00:00,LAYER-USDT-SWAP,5944160.0,1757468763978
2025-09-10 01:46:03.969000+00:00,LDO-USDT-SWAP,15239458.0,1757468763969
2025-09-10 01:46:03.962000+00:00,LINK-USDT-SWAP,2514379.999999999,1757468763962
2025-09-10 01:46:03.959000+00:00,LPT-USDT-SWAP,773284.7,1757468763959
2025-09-10 01:46:03.964000+00:00,LQTY-USDT-SWAP,1570168.0,1757468763964
2025-09-10 01:46:04.431000+00:00,LRC-USDT-SWAP,19106880.0,1757468764431
2025-09-10 01:46:04.433000+00:00,LTC-USDT-SWAP,666204.6999999998,1757468764433
2025-09-10 01:46:04.441000+00:00,LUNA-USDT-SWAP,16016388.0,1757468764441
2025-09-10 01:46:04.435000+00:00,LUNC-USDT-SWAP,32138300000.0,1757468764435
2025-09-10 01:46:04.448000+00:00,MAGIC-USDT-SWAP,16908793.0,1757468764448
2025-09-10 01:46:04.463000+00:00,MAJOR-USDT-SWAP,4814384.0,1757468764463
2025-09-10 01:46:04.442000+00:00,MANA-USDT-SWAP,10117350.0,1757468764442
2025-09-10 01:46:04.431000+00:00,MASK-USDT-SWAP,3003421.0,1757468764431
2025-09-10 01:46:04.440000+00:00,ME-USDT-SWAP,3697447.0,1757468764440
2025-09-10 01:46:04.446000+00:00,MEME-USDT-SWAP,1478209700.0,1757468764446
2025-09-10 01:46:04.902000+00:00,MERL-USDT-SWAP,51025411.0,1757468764902
2025-09-10 01:46:04.910000+00:00,METIS-USDT-SWAP,91550.6,1757468764910
2025-09-10 01:46:04.910000+00:00,MEW-USDT-SWAP,1061111000.0,1757468764910
2025-09-10 01:46:04.920000+00:00,MINA-USDT-SWAP,7076395.0,1757468764920
2025-09-10 01:46:04.900000+00:00,MOG-USDT-SWAP,543588000000.0,1757468764900
2025-09-10 01:46:04.926000+00:00,MOODENG-USDT-SWAP,44841200.0,1757468764926
2025-09-10 01:46:04.911000+00:00,MORPHO-USDT-SWAP,1419913.0,1757468764911
2025-09-10 01:46:04.907000+00:00,MOVE-USDT-SWAP,29370250.0,1757468764907
2025-09-10 01:46:04.907000+00:00,MUBARAK-USDT-SWAP,13210900.0,1757468764907
2025-09-10 01:46:05.372000+00:00,NEAR-USDT-SWAP,5292643.0,1757468765372
2025-09-10 01:46:05.372000+00:00,NEIRO-USDT-SWAP,8583905000.0,1757468765372
2025-09-10 01:46:05.374000+00:00,NEIROETH-USDT-SWAP,14690600.0,1757468765374
2025-09-10 01:46:05.394000+00:00,NEO-USDT-SWAP,375004.0,1757468765394
2025-09-10 01:46:05.376000+00:00,NEWT-USDT-SWAP,2682350.0,1757468765376
2025-09-10 01:46:05.387000+00:00,NMR-USDT-SWAP,390167.7,1757468765387
2025-09-10 01:46:05.519000+00:00,NOT-USDT-SWAP,1586415100.0,1757468765519
2025-09-10 01:46:05.373000+00:00,NXPC-USDT-SWAP,1044742.0,1757468765373
2025-09-10 01:46:05.387000+00:00,OL-USDT-SWAP,82779590.0,1757468765387
2025-09-10 01:46:05.391000+00:00,OM-USDT-SWAP,25825180.000000004,1757468765391
2025-09-10 01:46:05.943000+00:00,ONDO-USDT-SWAP,19965210.0,1757468765943
2025-09-10 01:46:05.948000+00:00,ONE-USDT-SWAP,87457400.0,1757468765948
2025-09-10 01:46:05.952000+00:00,ONT-USDT-SWAP,11546150.0,1757468765952
2025-09-10 01:46:05.969000+00:00,OP-USDT-SWAP,24108119.0,1757468765969
2025-09-10 01:46:05.975000+00:00,ORBS-USDT-SWAP,30058000.0,1757468765975
2025-09-10 01:46:05.956000+00:00,ORDI-USDT-SWAP,1204272.2,1757468765956
2025-09-10 01:46:05.960000+00:00,PARTI-USDT-SWAP,13878250.0,1757468765960
2025-09-10 01:46:05.946000+00:00,PENGU-USDT-SWAP,662128700.0,1757468765946
2025-09-10 01:46:05.956000+00:00,PEOPLE-USDT-SWAP,324539500.0,1757468765956
2025-09-10 01:46:05.964000+00:00,PEPE-USDT-SWAP,8640112000000.002,1757468765964
2025-09-10 01:46:06.427000+00:00,PERP-USDT-SWAP,2992714.0,1757468766427
2025-09-10 01:46:06.427000+00:00,PI-USDT-SWAP,31271836.0,1757468766427
2025-09-10 01:46:06.461000+00:00,PLUME-USDT-SWAP,18069860.0,1757468766461
2025-09-10 01:46:06.472000+00:00,PNUT-USDT-SWAP,36989050.0,1757468766472
2025-09-10 01:46:06.435000+00:00,POL-USDT-SWAP,39933020.0,1757468766435
2025-09-10 01:46:06.451000+00:00,POPCAT-USDT-SWAP,9659570.0,1757468766451
2025-09-10 01:46:06.438000+00:00,PRCL-USDT-SWAP,17279414.0,1757468766438
2025-09-10 01:46:06.430000+00:00,PROMPT-USDT-SWAP,41248500.0,1757468766430
2025-09-10 01:46:06.425000+00:00,PUMP-USDT-SWAP,6324706000.0,1757468766425
2025-09-10 01:46:06.437000+00:00,PYTH-USDT-SWAP,46978980.0,1757468766437
2025-09-10 01:46:06.934000+00:00,QTUM-USDT-SWAP,1453777.0,1757468766934
2025-09-10 01:46:06.937000+00:00,RAY-USDT-SWAP,973640.0,1757468766937
2025-09-10 01:46:06.937000+00:00,RENDER-USDT-SWAP,1371875.0,1757468766937
2025-09-10 01:46:06.937000+00:00,RESOLV-USDT-SWAP,24265420.0,1757468766937
2025-09-10 01:46:06.920000+00:00,RSR-USDT-SWAP,266049400.0,1757468766920
2025-09-10 01:46:06.946000+00:00,RVN-USDT-SWAP,72033790.0,1757468766946
2025-09-10 01:46:06.932000+00:00,S-USDT-SWAP,12320120.0,1757468766932
2025-09-10 01:46:06.929000+00:00,SAHARA-USDT-SWAP,59149350.0,1757468766929
2025-09-10 01:46:06.922000+00:00,SAND-USDT-SWAP,19123390.0,1757468766922
2025-09-10 01:46:06.923000+00:00,SATS-USDT-SWAP,217381770000000.0,1757468766923
2025-09-10 01:46:07.413000+00:00,SCR-USDT-SWAP,3025837.0,1757468767413
2025-09-10 01:46:07.405000+00:00,SHELL-USDT-SWAP,5462890.0,1757468767405
2025-09-10 01:46:07.406000+00:00,SHIB-USDT-SWAP,1629708499999.9998,1757468767406
2025-09-10 01:46:07.421000+00:00,SIGN-USDT-SWAP,46481500.0,1757468767421
2025-09-10 01:46:07.404000+00:00,SLP-USDT-SWAP,421433830.0,1757468767404
2025-09-10 01:46:07.423000+00:00,SNX-USDT-SWAP,2442934.0,1757468767423
2025-09-10 01:46:07.423000+00:00,SOL-USDT-SWAP,3481531.4799999995,1757468767423
2025-09-10 01:46:07.398000+00:00,SOLV-USDT-SWAP,69122600.0,1757468767398
2025-09-10 01:46:07.427000+00:00,SONIC-USDT-SWAP,8152065.0,1757468767427
2025-09-10 01:46:07.409000+00:00,SOON-USDT-SWAP,8989870.0,1757468767409
2025-09-10 01:46:07.874000+00:00,SOPH-USDT-SWAP,82888200.0,1757468767874
2025-09-10 01:46:07.898000+00:00,SPK-USDT-SWAP,119545400.0,1757468767898
2025-09-10 01:46:07.895000+00:00,SPX-USDT-SWAP,1060549.0,1757468767895
2025-09-10 01:46:07.889000+00:00,SSV-USDT-SWAP,287519.5,1757468767889
2025-09-10 01:46:07.887000+00:00,STORJ-USDT-SWAP,5530840.0,1757468767887
2025-09-10 01:46:07.894000+00:00,STRK-USDT-SWAP,22702146.0,1757468767894
2025-09-10 01:46:07.913000+00:00,STX-USDT-SWAP,6416363.999999999,1757468767913
2025-09-10 01:46:07.888000+00:00,SUI-USDT-SWAP,20149653.0,1757468767888
2025-09-10 01:46:07.898000+00:00,SUSHI-USDT-SWAP,7819610.0,1757468767898
2025-09-10 01:46:07.885000+00:00,SWARMS-USDT-SWAP,82339260.0,1757468767885
2025-09-10 01:46:08.364000+00:00,SYRUP-USDT-SWAP,2842170.0,1757468768364
2025-09-10 01:46:08.358000+00:00,T-USDT-SWAP,43873200.0,1757468768358
2025-09-10 01:46:08.358000+00:00,TAO-USDT-SWAP,14846.1,1757468768358
2025-09-10 01:46:08.364000+00:00,THETA-USDT-SWAP,2988984.0,1757468768364
2025-09-10 01:46:08.346000+00:00,TIA-USDT-SWAP,5716755.0,1757468768346
2025-09-10 01:46:08.350000+00:00,TNSR-USDT-SWAP,8336554.0,1757468768350
2025-09-10 01:46:08.371000+00:00,TON-USDT-SWAP,9468169.0,1757468768371
2025-09-10 01:46:08.356000+00:00,TRB-USDT-SWAP,262514.6,1757468768356
2025-09-10 01:46:08.354000+00:00,TREE-USDT-SWAP,6516314.0,1757468768354
2025-09-10 01:46:08.354000+00:00,TRUMP-USDT-SWAP,5194051.8,1757468768354
2025-09-10 01:46:08.823000+00:00,TRX-USDT-SWAP,95682340.00000007,1757468768823
2025-09-10 01:46:08.873000+00:00,TURBO-USDT-SWAP,911645000.0000001,1757468768873
2025-09-10 01:46:08.852000+00:00,UMA-USDT-SWAP,1465064.2,1757468768852
2025-09-10 01:46:08.823000+00:00,UNI-USDT-SWAP,3350959.0,1757468768823
2025-09-10 01:46:08.819000+00:00,USDC-USDT-SWAP,1194840.0,1757468768819
2025-09-10 01:46:08.828000+00:00,USELESS-USDT-SWAP,12965350.0,1757468768828
2025-09-10 01:46:08.827000+00:00,USTC-USDT-SWAP,113971600.0,1757468768827
2025-09-10 01:46:08.837000+00:00,UXLINK-USDT-SWAP,5780070.0,1757468768837
2025-09-10 01:46:08.823000+00:00,VANA-USDT-SWAP,174715.1,1757468768823
2025-09-10 01:46:08.823000+00:00,VINE-USDT-SWAP,106863510.0,1757468768823
2025-09-10 01:46:09.304000+00:00,VIRTUAL-USDT-SWAP,3636136.0,1757468769304
2025-09-10 01:46:09.318000+00:00,W-USDT-SWAP,51038826.0,1757468769318
2025-09-10 01:46:09.321000+00:00,WAL-USDT-SWAP,2290630.0,1757468769321
2025-09-10 01:46:09.305000+00:00,WAXP-USDT-SWAP,24493200.0,1757468769305
2025-09-10 01:46:09.319000+00:00,WCT-USDT-SWAP,10057400.0,1757468769319
2025-09-10 01:46:09.320000+00:00,WIF-USDT-SWAP,16173800.0,1757468769320
2025-09-10 01:46:09.318000+00:00,WLD-USDT-SWAP,31496354.0,1757468769318
2025-09-10 01:46:09.307000+00:00,WLFI-USDT-SWAP,276267360.0,1757468769307
2025-09-10 01:46:09.316000+00:00,WOO-USDT-SWAP,16694680.0,1757468769316
2025-09-10 01:46:09.327000+00:00,XAUT-USDT-SWAP,5837.113,1757468769327
2025-09-10 01:46:09.772000+00:00,XLM-USDT-SWAP,42547070.0,1757468769772
2025-09-10 01:46:09.892000+00:00,XPL-USDT-SWAP,6264170.0,1757468769892
2025-09-10 01:46:09.773000+00:00,XRP-USDT-SWAP,91791895.0,1757468769773
2025-09-10 01:46:09.784000+00:00,XTZ-USDT-SWAP,5038408.0,1757468769784
2025-09-10 01:46:09.767000+00:00,YFI-USDT-SWAP,383.2169,1757468769767
2025-09-10 01:46:09.788000+00:00,YGG-USDT-SWAP,28402650.0,1757468769788
2025-09-10 01:46:09.777000+00:00,ZENT-USDT-SWAP,183249900.0,1757468769777
2025-09-10 01:46:09.773000+00:00,ZEREBRO-USDT-SWAP,53937090.0,1757468769773
2025-09-10 01:46:09.771000+00:00,ZETA-USDT-SWAP,5578910.0,1757468769771
2025-09-10 01:46:09.784000+00:00,ZIL-USDT-SWAP,174858700.0,1757468769784
2025-09-10 01:46:10.333000+00:00,ZK-USDT-SWAP,48764660.0,1757468770333
2025-09-10 01:46:10.327000+00:00,ZRO-USDT-SWAP,1772124.0,1757468770327
2025-09-10 01:46:10.324000+00:00,ZRX-USDT-SWAP,8055000.0,1757468770324
2025-09-10 01:47:11.066000+00:00,1INCH-USDT-SWAP,8126328.0,1757468831066
2025-09-10 01:47:11.060000+00:00,A-USDT-SWAP,10384220.0,1757468831060
2025-09-10 01:47:11.064000+00:00,AAVE-USDT-SWAP,134746.37000000005,1757468831064
2025-09-10 01:47:11.047000+00:00,ACE-USDT-SWAP,1908815.0,1757468831047
2025-09-10 01:47:11.051000+00:00,ACH-USDT-SWAP,81821900.0,1757468831051
2025-09-10 01:47:11.056000+00:00,ACT-USDT-SWAP,81407270.0,1757468831056
2025-09-10 01:47:11.070000+00:00,ADA-USDT-SWAP,78907220.00000001,1757468831070
2025-09-10 01:47:11.059000+00:00,AERO-USDT-SWAP,1686870.0,1757468831059
2025-09-10 01:47:11.061000+00:00,AEVO-USDT-SWAP,18267701.0,1757468831061
2025-09-10 01:47:11.063000+00:00,AGLD-USDT-SWAP,1760043.0,1757468831063
2025-09-10 01:47:11.532000+00:00,AI16Z-USDT-SWAP,53751674.0,1757468831532
2025-09-10 01:47:11.518000+00:00,AIXBT-USDT-SWAP,21766600.0,1757468831518
2025-09-10 01:47:11.532000+00:00,ALCH-USDT-SWAP,17001760.0,1757468831532
2025-09-10 01:47:11.552000+00:00,ALGO-USDT-SWAP,26837320.0,1757468831552
2025-09-10 01:47:11.530000+00:00,ANIME-USDT-SWAP,99406810.0,1757468831530
2025-09-10 01:47:11.535000+00:00,APE-USDT-SWAP,8054359.2,1757468831535
2025-09-10 01:47:11.538000+00:00,API3-USDT-SWAP,3226100.0,1757468831538
2025-09-10 01:47:11.535000+00:00,APT-USDT-SWAP,3488325.0,1757468831535
2025-09-10 01:47:11.532000+00:00,AR-USDT-SWAP,508578.0,1757468831532
2025-09-10 01:47:11.538000+00:00,ARB-USDT-SWAP,34789855.99999999,1757468831538
2025-09-10 01:47:11.990000+00:00,ARC-USDT-SWAP,60184360.0,1757468831990
2025-09-10 01:47:11.992000+00:00,ARKM-USDT-SWAP,6104627.0,1757468831992
2025-09-10 01:47:12+00:00,ATH-USDT-SWAP,186736100.0,1757468832000
2025-09-10 01:47:11.994000+00:00,ATOM-USDT-SWAP,1925881.0,1757468831994
2025-09-10 01:47:12.001000+00:00,AUCTION-USDT-SWAP,218081.0,1757468832001
2025-09-10 01:47:12.005000+00:00,AVAAI-USDT-SWAP,71423420.0,1757468832005
2025-09-10 01:47:12.020000+00:00,AVAX-USDT-SWAP,2229064.1999999997,1757468832020
2025-09-10 01:47:12.001000+00:00,AXS-USDT-SWAP,1303968.3,1757468832001
2025-09-10 01:47:12.019000+00:00,BABY-USDT-SWAP,39189790.0,1757468832019
2025-09-10 01:47:11.995000+00:00,BAND-USDT-SWAP,1430201.0,1757468831995
2025-09-10 01:47:12.494000+00:00,BAT-USDT-SWAP,5594380.0,1757468832494
2025-09-10 01:47:12.497000+00:00,BCH-USDT-SWAP,73027.18999999999,1757468832497
2025-09-10 01:47:12.492000+00:00,BERA-USDT-SWAP,2385792.0,1757468832492
2025-09-10 01:47:12.494000+00:00,BICO-USDT-SWAP,7056951.0,1757468832494
2025-09-10 01:47:12.508000+00:00,BIGTIME-USDT-SWAP,39612930.0,1757468832508
2025-09-10 01:47:12.491000+00:00,BIO-USDT-SWAP,55426834.0,1757468832491
2025-09-10 01:47:12.501000+00:00,BLUR-USDT-SWAP,24360130.0,1757468832501
2025-09-10 01:47:12.505000+00:00,BNB-USDT-SWAP,99996.42,1757468832505
2025-09-10 01:47:12.498000+00:00,BNT-USDT-SWAP,780950.0,1757468832498
2025-09-10 01:47:12.492000+00:00,BOME-USDT-SWAP,1311198000.0,1757468832492
2025-09-10 01:47:12.959000+00:00,BONK-USDT-SWAP,532683000000.0,1757468832959
2025-09-10 01:47:12.971000+00:00,BRETT-USDT-SWAP,11350700.0,1757468832971
2025-09-10 01:47:12.959000+00:00,BTC-USDT-SWAP,28292.80770000009,1757468832959
2025-09-10 01:47:12.951000+00:00,CAT-USDT-SWAP,144657500000.0,1757468832951
2025-09-10 01:47:12.955000+00:00,CATI-USDT-SWAP,17256537.0,1757468832955
2025-09-10 01:47:12.964000+00:00,CELO-USDT-SWAP,4471090.0,1757468832964
2025-09-10 01:47:12.963000+00:00,CETUS-USDT-SWAP,19342740.0,1757468832963
2025-09-10 01:47:12.958000+00:00,CFX-USDT-SWAP,74649990.0,1757468832958
2025-09-10 01:47:12.961000+00:00,CHZ-USDT-SWAP,79114630.0,1757468832961
2025-09-10 01:47:12.965000+00:00,COMP-USDT-SWAP,86056.6,1757468832965
2025-09-10 01:47:13.417000+00:00,COOKIE-USDT-SWAP,5118360.0,1757468833417
2025-09-10 01:47:13.417000+00:00,CORE-USDT-SWAP,11129153.0,1757468833417
2025-09-10 01:47:13.409000+00:00,CRO-USDT-SWAP,73350570.0,1757468833409
2025-09-10 01:47:13.420000+00:00,CRV-USDT-SWAP,23201835.0,1757468833420
2025-09-10 01:47:13.417000+00:00,CTC-USDT-SWAP,1846590.0,1757468833417
2025-09-10 01:47:13.419000+00:00,CVC-USDT-SWAP,9318000.0,1757468833419
2025-09-10 01:47:13.430000+00:00,CVX-USDT-SWAP,310550.0,1757468833430
2025-09-10 01:47:13.428000+00:00,DEGEN-USDT-SWAP,279117700.0,1757468833428
2025-09-10 01:47:13.417000+00:00,DGB-USDT-SWAP,45523900.0,1757468833417
2025-09-10 01:47:13.423000+00:00,DOG-USDT-SWAP,390947000.0,1757468833423
2025-09-10 01:47:13.883000+00:00,DOGE-USDT-SWAP,1619061430.0,1757468833883
2025-09-10 01:47:13.871000+00:00,DOGS-USDT-SWAP,16117692000.0,1757468833871
2025-09-10 01:47:13.880000+00:00,DOOD-USDT-SWAP,151498000.0,1757468833880
2025-09-10 01:47:13.873000+00:00,DOT-USDT-SWAP,6144335.0,1757468833873
2025-09-10 01:47:13.885000+00:00,DUCK-USDT-SWAP,820260400.0,1757468833885
2025-09-10 01:47:13.871000+00:00,DYDX-USDT-SWAP,10308637.0,1757468833871
2025-09-10 01:47:13.882000+00:00,EGLD-USDT-SWAP,106548.1,1757468833882
2025-09-10 01:47:13.886000+00:00,EIGEN-USDT-SWAP,3653886.0,1757468833886
2025-09-10 01:47:13.885000+00:00,ENJ-USDT-SWAP,13384960.0,1757468833885
2025-09-10 01:47:13.883000+00:00,ENS-USDT-SWAP,336880.2,1757468833883
2025-09-10 01:47:14.329000+00:00,ETC-USDT-SWAP,1062720.5000000002,1757468834329
2025-09-10 01:47:14.333000+00:00,ETH-USDT-SWAP,782132.2670000027,1757468834333
2025-09-10 01:47:14.333000+00:00,ETHFI-USDT-SWAP,7624234.0,1757468834333
2025-09-10 01:47:14.340000+00:00,ETHW-USDT-SWAP,1244549.2,1757468834340
2025-09-10 01:47:14.328000+00:00,FARTCOIN-USDT-SWAP,17505019.0,1757468834328
2025-09-10 01:47:14.349000+00:00,FIL-USDT-SWAP,14067911.4,1757468834349
2025-09-10 01:47:14.353000+00:00,FLM-USDT-SWAP,29636020.0,1757468834353
2025-09-10 01:47:14.341000+00:00,FLOKI-USDT-SWAP,37282800000.0,1757468834341
2025-09-10 01:47:14.351000+00:00,FLOW-USDT-SWAP,4893570.0,1757468834351
2025-09-10 01:47:14.349000+00:00,FXS-USDT-SWAP,395168.0,1757468834349
2025-09-10 01:47:14.799000+00:00,GALA-USDT-SWAP,440490580.0,1757468834799
2025-09-10 01:47:14.811000+00:00,GAS-USDT-SWAP,414267.0,1757468834811
2025-09-10 01:47:14.811000+00:00,GLM-USDT-SWAP,2772900.0,1757468834811
2025-09-10 01:47:14.818000+00:00,GMT-USDT-SWAP,45656839.0,1757468834818
2025-09-10 01:47:14.805000+00:00,GMX-USDT-SWAP,71178.4,1757468834805
2025-09-10 01:47:14.795000+00:00,GOAT-USDT-SWAP,32279410.0,1757468834795
2025-09-10 01:47:14.811000+00:00,GODS-USDT-SWAP,6832267.0,1757468834811
2025-09-10 01:47:14.803000+00:00,GPS-USDT-SWAP,196724650.0,1757468834803
2025-09-10 01:47:14.808000+00:00,GRASS-USDT-SWAP,2742825.0,1757468834808
2025-09-10 01:47:14.800000+00:00,GRIFFAIN-USDT-SWAP,24358050.0,1757468834800
2025-09-10 01:47:15.250000+00:00,GRT-USDT-SWAP,25677380.0,1757468835250
2025-09-10 01:47:15.259000+00:00,H-USDT-SWAP,60015400.0,1757468835259
2025-09-10 01:47:15.258000+00:00,HBAR-USDT-SWAP,71969800.0,1757468835258
2025-09-10 01:47:15.264000+00:00,HMSTR-USDT-SWAP,1215655300.0,1757468835264
2025-09-10 01:47:15.267000+00:00,HOME-USDT-SWAP,21510100.0,1757468835267
2025-09-10 01:47:15.261000+00:00,HUMA-USDT-SWAP,73602300.0,1757468835261
2025-09-10 01:47:15.265000+00:00,HYPE-USDT-SWAP,939157.6,1757468835265
2025-09-10 01:47:15.268000+00:00,ICP-USDT-SWAP,1277810.12,1757468835268
2025-09-10 01:47:15.265000+00:00,ICX-USDT-SWAP,5938200.0,1757468835265
2025-09-10 01:47:15.314000+00:00,IMX-USDT-SWAP,6855558.0,1757468835314
2025-09-10 01:47:15.747000+00:00,INIT-USDT-SWAP,3254110.0,1757468835747
2025-09-10 01:47:15.893000+00:00,INJ-USDT-SWAP,859757.3,1757468835893
2025-09-10 01:47:15.761000+00:00,IOST-USDT-SWAP,293469000.0,1757468835761
2025-09-10 01:47:15.744000+00:00,IOTA-USDT-SWAP,14425130.0,1757468835744
2025-09-10 01:47:15.746000+00:00,IP-USDT-SWAP,3076916.0,1757468835746
2025-09-10 01:47:15.753000+00:00,JELLYJELLY-USDT-SWAP,197771200.0,1757468835753
2025-09-10 01:47:15.793000+00:00,JOE-USDT-SWAP,6957030.0,1757468835793
2025-09-10 01:47:15.761000+00:00,JTO-USDT-SWAP,2854422.0,1757468835761
2025-09-10 01:47:15.769000+00:00,JUP-USDT-SWAP,14345720.0,1757468835769
2025-09-10 01:47:16.331000+00:00,KAITO-USDT-SWAP,6765357.0,1757468836331
2025-09-10 01:47:16.345000+00:00,KMNO-USDT-SWAP,20403600.0,1757468836345
2025-09-10 01:47:16.348000+00:00,KSM-USDT-SWAP,121919.0,1757468836348
2025-09-10 01:47:16.344000+00:00,LA-USDT-SWAP,2682750.0,1757468836344
2025-09-10 01:47:16.346000+00:00,LAUNCHCOIN-USDT-SWAP,57011440.0,1757468836346
2025-09-10 01:47:16.342000+00:00,LAYER-USDT-SWAP,5944157.0,1757468836342
2025-09-10 01:47:16.370000+00:00,LDO-USDT-SWAP,15237150.0,1757468836370
2025-09-10 01:47:16.348000+00:00,LINK-USDT-SWAP,2512818.2999999993,1757468836348
2025-09-10 01:47:16.342000+00:00,LPT-USDT-SWAP,773845.6,1757468836342
2025-09-10 01:47:16.343000+00:00,LQTY-USDT-SWAP,1572735.0,1757468836343
2025-09-10 01:47:16.817000+00:00,LRC-USDT-SWAP,19100460.0,1757468836817
2025-09-10 01:47:16.814000+00:00,LTC-USDT-SWAP,666184.8999999998,1757468836814
2025-09-10 01:47:16.832000+00:00,LUNA-USDT-SWAP,16011383.0,1757468836832
2025-09-10 01:47:16.808000+00:00,LUNC-USDT-SWAP,32136100000.0,1757468836808
2025-09-10 01:47:16.805000+00:00,MAGIC-USDT-SWAP,16911211.0,1757468836805
2025-09-10 01:47:16.812000+00:00,MAJOR-USDT-SWAP,4813906.0,1757468836812
2025-09-10 01:47:16.820000+00:00,MANA-USDT-SWAP,10116920.0,1757468836820
2025-09-10 01:47:16.813000+00:00,MASK-USDT-SWAP,3002291.0,1757468836813
2025-09-10 01:47:16.820000+00:00,ME-USDT-SWAP,3696781.0,1757468836820
2025-09-10 01:47:16.834000+00:00,MEME-USDT-SWAP,1478210800.0,1757468836834
2025-09-10 01:47:17.283000+00:00,MERL-USDT-SWAP,51045350.0,1757468837283
2025-09-10 01:47:17.278000+00:00,METIS-USDT-SWAP,91539.1,1757468837278
2025-09-10 01:47:17.290000+00:00,MEW-USDT-SWAP,1064196000.0,1757468837290
2025-09-10 01:47:17.294000+00:00,MINA-USDT-SWAP,7079129.0,1757468837294
2025-09-10 01:47:17.282000+00:00,MOG-USDT-SWAP,543700000000.0,1757468837282
2025-09-10 01:47:17.295000+00:00,MOODENG-USDT-SWAP,44834280.0,1757468837295
2025-09-10 01:47:17.293000+00:00,MORPHO-USDT-SWAP,1419447.0,1757468837293
2025-09-10 01:47:17.289000+00:00,MOVE-USDT-SWAP,29364870.0,1757468837289
2025-09-10 01:47:17.291000+00:00,MUBARAK-USDT-SWAP,13210900.0,1757468837291
2025-09-10 01:47:17.731000+00:00,NEAR-USDT-SWAP,5288569.0,1757468837731
2025-09-10 01:47:17.751000+00:00,NEIRO-USDT-SWAP,8568986000.0,1757468837751
2025-09-10 01:47:17.748000+00:00,NEIROETH-USDT-SWAP,14674100.0,1757468837748
2025-09-10 01:47:17.747000+00:00,NEO-USDT-SWAP,373884.0,1757468837747
2025-09-10 01:47:17.742000+00:00,NEWT-USDT-SWAP,2679800.0,1757468837742
2025-09-10 01:47:17.745000+00:00,NMR-USDT-SWAP,390503.8,1757468837745
2025-09-10 01:47:17.738000+00:00,NOT-USDT-SWAP,1586373500.0,1757468837738
2025-09-10 01:47:17.747000+00:00,NXPC-USDT-SWAP,1045176.0,1757468837747
2025-09-10 01:47:17.753000+00:00,OL-USDT-SWAP,82838310.0,1757468837753
2025-09-10 01:47:17.756000+00:00,OM-USDT-SWAP,25829888.000000004,1757468837756
2025-09-10 01:47:18.196000+00:00,ONDO-USDT-SWAP,20110110.0,1757468838196
2025-09-10 01:47:18.207000+00:00,ONE-USDT-SWAP,87459300.0,1757468838207
2025-09-10 01:47:18.216000+00:00,ONT-USDT-SWAP,11533290.0,1757468838216
2025-09-10 01:47:18.201000+00:00,OP-USDT-SWAP,24096951.0,1757468838201
2025-09-10 01:47:18.194000+00:00,ORBS-USDT-SWAP,30024500.0,1757468838194
2025-09-10 01:47:18.202000+00:00,ORDI-USDT-SWAP,1203832.4,1757468838202
2025-09-10 01:47:18.216000+00:00,PARTI-USDT-SWAP,13875120.0,1757468838216
2025-09-10 01:47:18.297000+00:00,PENGU-USDT-SWAP,662226400.0,1757468838297
2025-09-10 01:47:18.212000+00:00,PEOPLE-USDT-SWAP,324396300.0,1757468838212
2025-09-10 01:47:18.211000+00:00,PEPE-USDT-SWAP,8639317000000.002,1757468838211
2025-09-10 01:47:18.722000+00:00,PERP-USDT-SWAP,2991934.0,1757468838722
2025-09-10 01:47:18.743000+00:00,PI-USDT-SWAP,31269859.0,1757468838743
2025-09-10 01:47:18.731000+00:00,PLUME-USDT-SWAP,18095820.0,1757468838731
2025-09-10 01:47:18.733000+00:00,PNUT-USDT-SWAP,37021510.0,1757468838733
2025-09-10 01:47:18.737000+00:00,POL-USDT-SWAP,39924930.0,1757468838737
2025-09-10 01:47:18.753000+00:00,POPCAT-USDT-SWAP,9666350.0,1757468838753
2025-09-10 01:47:18.769000+00:00,PRCL-USDT-SWAP,18040796.0,1757468838769
2025-09-10 01:47:18.735000+00:00,PROMPT-USDT-SWAP,41252930.0,1757468838735
2025-09-10 01:47:18.750000+00:00,PUMP-USDT-SWAP,6325587000.0,1757468838750
2025-09-10 01:47:18.734000+00:00,PYTH-USDT-SWAP,46744210.0,1757468838734
2025-09-10 01:47:19.208000+00:00,QTUM-USDT-SWAP,1453088.0,1757468839208
2025-09-10 01:47:19.214000+00:00,RAY-USDT-SWAP,973577.0,1757468839214
2025-09-10 01:47:19.213000+00:00,RENDER-USDT-SWAP,1371136.0,1757468839213
2025-09-10 01:47:19.210000+00:00,RESOLV-USDT-SWAP,24267560.0,1757468839210
2025-09-10 01:47:19.203000+00:00,RSR-USDT-SWAP,266029000.0,1757468839203
2025-09-10 01:47:19.211000+00:00,RVN-USDT-SWAP,71958470.0,1757468839211
2025-09-10 01:47:19.217000+00:00,S-USDT-SWAP,12318040.0,1757468839217
2025-09-10 01:47:19.224000+00:00,SAHARA-USDT-SWAP,59122880.0,1757468839224
2025-09-10 01:47:19.211000+00:00,SAND-USDT-SWAP,19121100.0,1757468839211
2025-09-10 01:47:19.221000+00:00,SATS-USDT-SWAP,217481750000000.0,1757468839221
2025-09-10 01:47:19.719000+00:00,SCR-USDT-SWAP,3025238.0,1757468839719
2025-09-10 01:47:19.718000+00:00,SHELL-USDT-SWAP,5452640.0,1757468839718
2025-09-10 01:47:19.720000+00:00,SHIB-USDT-SWAP,1629438899999.9998,1757468839720
2025-09-10 01:47:19.723000+00:00,SIGN-USDT-SWAP,46484000.0,1757468839723
2025-09-10 01:47:19.712000+00:00,SLP-USDT-SWAP,421424320.0,1757468839712
2025-09-10 01:47:19.724000+00:00,SNX-USDT-SWAP,2441431.0,1757468839724
2025-09-10 01:47:19.738000+00:00,SOL-USDT-SWAP,3481057.6699999995,1757468839738
2025-09-10 01:47:19.731000+00:00,SOLV-USDT-SWAP,69098100.0,1757468839731
2025-09-10 01:47:19.721000+00:00,SONIC-USDT-SWAP,8151755.0,1757468839721
2025-09-10 01:47:19.726000+00:00,SOON-USDT-SWAP,8989920.0,1757468839726
2025-09-10 01:47:20.184000+00:00,SOPH-USDT-SWAP,82904800.0,1757468840184
2025-09-10 01:47:20.177000+00:00,SPK-USDT-SWAP,119455000.0,1757468840177
2025-09-10 01:47:20.183000+00:00,SPX-USDT-SWAP,1062254.0,1757468840183
2025-09-10 01:47:20.177000+00:00,SSV-USDT-SWAP,287456.3,1757468840177
2025-09-10 01:47:20.186000+00:00,STORJ-USDT-SWAP,5530870.0,1757468840186
2025-09-10 01:47:20.177000+00:00,STRK-USDT-SWAP,22702089.0,1757468840177
2025-09-10 01:47:20.184000+00:00,STX-USDT-SWAP,6414004.999999999,1757468840184
2025-09-10 01:47:20.194000+00:00,SUI-USDT-SWAP,20158061.0,1757468840194
2025-09-10 01:47:20.186000+00:00,SUSHI-USDT-SWAP,7818535.0,1757468840186
2025-09-10 01:47:20.196000+00:00,SWARMS-USDT-SWAP,82338730.0,1757468840196
2025-09-10 01:47:20.649000+00:00,SYRUP-USDT-SWAP,2846450.0,1757468840649
2025-09-10 01:47:20.654000+00:00,T-USDT-SWAP,43923700.0,1757468840654
2025-09-10 01:47:20.652000+00:00,TAO-USDT-SWAP,14836.21,1757468840652
2025-09-10 01:47:20.659000+00:00,THETA-USDT-SWAP,2988723.0,1757468840659
2025-09-10 01:47:20.647000+00:00,TIA-USDT-SWAP,5708582.0,1757468840647
2025-09-10 01:47:20.654000+00:00,TNSR-USDT-SWAP,8336878.0,1757468840654
2025-09-10 01:47:20.657000+00:00,TON-USDT-SWAP,9468049.0,1757468840657
2025-09-10 01:47:20.645000+00:00,TRB-USDT-SWAP,262547.7,1757468840645
2025-09-10 01:47:20.666000+00:00,TREE-USDT-SWAP,6518092.0,1757468840666
2025-09-10 01:47:20.694000+00:00,TRUMP-USDT-SWAP,5180882.6,1757468840694
2025-09-10 01:47:21.145000+00:00,TRX-USDT-SWAP,95678090.00000007,1757468841145
2025-09-10 01:47:21.187000+00:00,TURBO-USDT-SWAP,911480000.0,1757468841187
2025-09-10 01:47:21.152000+00:00,UMA-USDT-SWAP,1465123.0,1757468841152
2025-09-10 01:47:21.155000+00:00,UNI-USDT-SWAP,3358232.0,1757468841155
2025-09-10 01:47:21.155000+00:00,USDC-USDT-SWAP,1194840.0,1757468841155
2025-09-10 01:47:21.303000+00:00,USELESS-USDT-SWAP,12954050.0,1757468841303
2025-09-10 01:47:21.170000+00:00,USTC-USDT-SWAP,113982700.0,1757468841170
2025-09-10 01:47:21.156000+00:00,UXLINK-USDT-SWAP,5780140.0,1757468841156
2025-09-10 01:47:21.167000+00:00,VANA-USDT-SWAP,174636.5,1757468841167
2025-09-10 01:47:21.170000+00:00,VINE-USDT-SWAP,106883280.0,1757468841170
2025-09-10 01:47:21.735000+00:00,VIRTUAL-USDT-SWAP,3623746.0,1757468841735
2025-09-10 01:47:21.732000+00:00,W-USDT-SWAP,51132367.0,1757468841732
2025-09-10 01:47:21.729000+00:00,WAL-USDT-SWAP,2290490.0,1757468841729
2025-09-10 01:47:21.737000+00:00,WAXP-USDT-SWAP,24492100.0,1757468841737
2025-09-10 01:47:21.735000+00:00,WCT-USDT-SWAP,10057720.0,1757468841735
2025-09-10 01:47:21.753000+00:00,WIF-USDT-SWAP,16148024.0,1757468841753
2025-09-10 01:47:21.755000+00:00,WLD-USDT-SWAP,30363515.0,1757468841755
2025-09-10 01:47:21.735000+00:00,WLFI-USDT-SWAP,276153850.0,1757468841735
2025-09-10 01:47:21.741000+00:00,WOO-USDT-SWAP,16701600.0,1757468841741
2025-09-10 01:47:21.741000+00:00,XAUT-USDT-SWAP,5835.011,1757468841741
2025-09-10 01:47:22.198000+00:00,XLM-USDT-SWAP,42558120.0,1757468842198
2025-09-10 01:47:22.194000+00:00,XPL-USDT-SWAP,6265380.0,1757468842194
2025-09-10 01:47:22.222000+00:00,XRP-USDT-SWAP,91784141.0,1757468842222
2025-09-10 01:47:22.202000+00:00,XTZ-USDT-SWAP,5039439.0,1757468842202
2025-09-10 01:47:22.196000+00:00,YFI-USDT-SWAP,383.2351,1757468842196
2025-09-10 01:47:22.203000+00:00,YGG-USDT-SWAP,28395144.0,1757468842203
2025-09-10 01:47:22.213000+00:00,ZENT-USDT-SWAP,183213500.0,1757468842213
2025-09-10 01:47:22.208000+00:00,ZEREBRO-USDT-SWAP,53925240.0,1757468842208
2025-09-10 01:47:22.210000+00:00,ZETA-USDT-SWAP,5573070.0,1757468842210
2025-09-10 01:47:22.205000+00:00,ZIL-USDT-SWAP,174887600.0,1757468842205
2025-09-10 01:47:22.664000+00:00,ZK-USDT-SWAP,48761790.0,1757468842664
2025-09-10 01:47:22.670000+00:00,ZRO-USDT-SWAP,1772759.0,1757468842670
2025-09-10 01:47:22.672000+00:00,ZRX-USDT-SWAP,8056300.0,1757468842672
2025-09-10 01:48:23.373000+00:00,1INCH-USDT-SWAP,8126237.0,1757468903373
2025-09-10 01:48:23.363000+00:00,A-USDT-SWAP,10384040.0,1757468903363
2025-09-10 01:48:23.407000+00:00,AAVE-USDT-SWAP,134738.28000000003,1757468903407
2025-09-10 01:48:23.367000+00:00,ACE-USDT-SWAP,1910313.0,1757468903367
2025-09-10 01:48:23.394000+00:00,ACH-USDT-SWAP,81821600.0,1757468903394
2025-09-10 01:48:23.383000+00:00,ACT-USDT-SWAP,81411394.0,1757468903383
2025-09-10 01:48:23.389000+00:00,ADA-USDT-SWAP,78891460.00000001,1757468903389
2025-09-10 01:48:23.396000+00:00,AERO-USDT-SWAP,1685050.0,1757468903396
2025-09-10 01:48:23.393000+00:00,AEVO-USDT-SWAP,18224824.0,1757468903393
2025-09-10 01:48:23.384000+00:00,AGLD-USDT-SWAP,1759518.0,1757468903384
2025-09-10 01:48:23.915000+00:00,AI16Z-USDT-SWAP,53698951.0,1757468903915
2025-09-10 01:48:23.907000+00:00,AIXBT-USDT-SWAP,21738320.0,1757468903907
2025-09-10 01:48:23.929000+00:00,ALCH-USDT-SWAP,17001260.0,1757468903929
2025-09-10 01:48:23.912000+00:00,ALGO-USDT-SWAP,26834530.0,1757468903912
2025-09-10 01:48:23.920000+00:00,ANIME-USDT-SWAP,99317270.0,1757468903920
2025-09-10 01:48:23.909000+00:00,APE-USDT-SWAP,8054311.2,1757468903909
2025-09-10 01:48:23.901000+00:00,API3-USDT-SWAP,3225102.0,1757468903901
2025-09-10 01:48:23.908000+00:00,APT-USDT-SWAP,3488357.0,1757468903908
2025-09-10 01:48:23.896000+00:00,AR-USDT-SWAP,508545.6,1757468903896
2025-09-10 01:48:23.922000+00:00,ARB-USDT-SWAP,34890093.99999999,1757468903922
2025-09-10 01:48:24.379000+00:00,ARC-USDT-SWAP,60252280.0,1757468904379
2025-09-10 01:48:24.381000+00:00,ARKM-USDT-SWAP,6101216.0,1757468904381
2025-09-10 01:48:24.403000+00:00,ATH-USDT-SWAP,186877900.0,1757468904403
2025-09-10 01:48:24.384000+00:00,ATOM-USDT-SWAP,1925850.0,1757468904384
2025-09-10 01:48:24.383000+00:00,AUCTION-USDT-SWAP,218083.8,1757468904383
2025-09-10 01:48:24.375000+00:00,AVAAI-USDT-SWAP,71388610.0,1757468904375
2025-09-10 01:48:24.392000+00:00,AVAX-USDT-SWAP,2228833.7999999993,1757468904392
2025-09-10 01:48:24.387000+00:00,AXS-USDT-SWAP,1304623.1,1757468904387
2025-09-10 01:48:24.374000+00:00,BABY-USDT-SWAP,39199890.0,1757468904374
2025-09-10 01:48:24.386000+00:00,BAND-USDT-SWAP,1434157.0,1757468904386
2025-09-10 01:48:24.866000+00:00,BAT-USDT-SWAP,5586460.0,1757468904866
2025-09-10 01:48:24.831000+00:00,BCH-USDT-SWAP,73024.32999999999,1757468904831
2025-09-10 01:48:24.844000+00:00,BERA-USDT-SWAP,2384933.1,1757468904844
2025-09-10 01:48:24.837000+00:00,BICO-USDT-SWAP,7056976.0,1757468904837
2025-09-10 01:48:24.847000+00:00,BIGTIME-USDT-SWAP,39654270.0,1757468904847
2025-09-10 01:48:24.841000+00:00,BIO-USDT-SWAP,55495210.0,1757468904841
2025-09-10 01:48:24.841000+00:00,BLUR-USDT-SWAP,24354250.0,1757468904841
2025-09-10 01:48:24.841000+00:00,BNB-USDT-SWAP,99984.72,1757468904841
2025-09-10 01:48:24.834000+00:00,BNT-USDT-SWAP,780440.0,1757468904834
2025-09-10 01:48:24.841000+00:00,BOME-USDT-SWAP,1310718000.0,1757468904841
2025-09-10 01:48:25.326000+00:00,BONK-USDT-SWAP,532285600000.0,1757468905326
2025-09-10 01:48:25.310000+00:00,BRETT-USDT-SWAP,11350400.0,1757468905310
2025-09-10 01:48:25.317000+00:00,BTC-USDT-SWAP,28308.063800000087,1757468905317
2025-09-10 01:48:25.332000+00:00,CAT-USDT-SWAP,144636800000.0,1757468905332
2025-09-10 01:48:25.318000+00:00,CATI-USDT-SWAP,17247966.0,1757468905318
2025-09-10 01:48:25.337000+00:00,CELO-USDT-SWAP,4470288.0,1757468905337
2025-09-10 01:48:25.324000+00:00,CETUS-USDT-SWAP,19340320.0,1757468905324
2025-09-10 01:48:25.331000+00:00,CFX-USDT-SWAP,74630210.0,1757468905331
2025-09-10 01:48:25.316000+00:00,CHZ-USDT-SWAP,79116240.0,1757468905316
2025-09-10 01:48:25.316000+00:00,COMP-USDT-SWAP,86064.6,1757468905316
2025-09-10 01:48:25.788000+00:00,COOKIE-USDT-SWAP,5114310.0,1757468905788
2025-09-10 01:48:25.780000+00:00,CORE-USDT-SWAP,11127365.0,1757468905780
2025-09-10 01:48:25.785000+00:00,CRO-USDT-SWAP,73337780.0,1757468905785
2025-09-10 01:48:25.781000+00:00,CRV-USDT-SWAP,23200919.0,1757468905781
2025-09-10 01:48:25.780000+00:00,CTC-USDT-SWAP,1846510.0,1757468905780
2025-09-10 01:48:25.781000+00:00,CVC-USDT-SWAP,9318100.0,1757468905781
2025-09-10 01:48:25.793000+00:00,CVX-USDT-SWAP,310263.0,1757468905793
2025-09-10 01:48:25.776000+00:00,DEGEN-USDT-SWAP,279105800.0,1757468905776
2025-09-10 01:48:25.788000+00:00,DGB-USDT-SWAP,45523100.0,1757468905788
2025-09-10 01:48:25.792000+00:00,DOG-USDT-SWAP,390977000.0,1757468905792
2025-09-10 01:48:26.236000+00:00,DOGE-USDT-SWAP,1618954800.0000002,1757468906236
2025-09-10 01:48:26.227000+00:00,DOGS-USDT-SWAP,16118285000.0,1757468906227
2025-09-10 01:48:26.236000+00:00,DOOD-USDT-SWAP,151550000.0,1757468906236
2025-09-10 01:48:26.277000+00:00,DOT-USDT-SWAP,6144226.0,1757468906277
2025-09-10 01:48:26.240000+00:00,DUCK-USDT-SWAP,820218200.0,1757468906240
2025-09-10 01:48:26.240000+00:00,DYDX-USDT-SWAP,10299864.0,1757468906240
2025-09-10 01:48:26.234000+00:00,EGLD-USDT-SWAP,106583.6,1757468906234
2025-09-10 01:48:26.279000+00:00,EIGEN-USDT-SWAP,3650913.0,1757468906279
2025-09-10 01:48:26.232000+00:00,ENJ-USDT-SWAP,13384210.0,1757468906232
2025-09-10 01:48:26.241000+00:00,ENS-USDT-SWAP,336768.7,1757468906241
2025-09-10 01:48:26.742000+00:00,ETC-USDT-SWAP,1062764.8000000003,1757468906742
2025-09-10 01:48:26.707000+00:00,ETH-USDT-SWAP,782139.4940000025,1757468906707
2025-09-10 01:48:26.727000+00:00,ETHFI-USDT-SWAP,7622405.0,1757468906727
2025-09-10 01:48:26.726000+00:00,ETHW-USDT-SWAP,1244388.0,1757468906726
2025-09-10 01:48:26.724000+00:00,FARTCOIN-USDT-SWAP,17491285.0,1757468906724
2025-09-10 01:48:26.727000+00:00,FIL-USDT-SWAP,14067083.9,1757468906727
2025-09-10 01:48:26.736000+00:00,FLM-USDT-SWAP,29636930.0,1757468906736
2025-09-10 01:48:26.707000+00:00,FLOKI-USDT-SWAP,37289500000.0,1757468906707
2025-09-10 01:48:26.727000+00:00,FLOW-USDT-SWAP,4893600.0,1757468906727
2025-09-10 01:48:26.728000+00:00,FXS-USDT-SWAP,396712.0,1757468906728
2025-09-10 01:48:27.194000+00:00,GALA-USDT-SWAP,440513780.0,1757468907194
2025-09-10 01:48:27.193000+00:00,GAS-USDT-SWAP,414289.0,1757468907193
2025-09-10 01:48:27.221000+00:00,GLM-USDT-SWAP,2772900.0,1757468907221
2025-09-10 01:48:27.210000+00:00,GMT-USDT-SWAP,45657621.0,1757468907210
2025-09-10 01:48:27.197000+00:00,GMX-USDT-SWAP,71168.6,1757468907197
2025-09-10 01:48:27.209000+00:00,GOAT-USDT-SWAP,32275150.0,1757468907209
2025-09-10 01:48:27.205000+00:00,GODS-USDT-SWAP,6831686.0,1757468907205
2025-09-10 01:48:27.195000+00:00,GPS-USDT-SWAP,196617600.0,1757468907195
2025-09-10 01:48:27.215000+00:00,GRASS-USDT-SWAP,2742537.0,1757468907215
2025-09-10 01:48:27.213000+00:00,GRIFFAIN-USDT-SWAP,24333460.0,1757468907213
2025-09-10 01:48:27.662000+00:00,GRT-USDT-SWAP,25651850.0,1757468907662
2025-09-10 01:48:27.664000+00:00,H-USDT-SWAP,59971400.0,1757468907664
2025-09-10 01:48:27.666000+00:00,HBAR-USDT-SWAP,71966430.0,1757468907666
2025-09-10 01:48:27.672000+00:00,HMSTR-USDT-SWAP,1215790900.0,1757468907672
2025-09-10 01:48:27.670000+00:00,HOME-USDT-SWAP,21510100.0,1757468907670
2025-09-10 01:48:27.654000+00:00,HUMA-USDT-SWAP,73510400.0,1757468907654
2025-09-10 01:48:27.667000+00:00,HYPE-USDT-SWAP,938678.3,1757468907667
2025-09-10 01:48:27.665000+00:00,ICP-USDT-SWAP,1277831.74,1757468907665
2025-09-10 01:48:27.664000+00:00,ICX-USDT-SWAP,5938210.0,1757468907664
2025-09-10 01:48:27.675000+00:00,IMX-USDT-SWAP,6855025.0,1757468907675
2025-09-10 01:48:28.136000+00:00,INIT-USDT-SWAP,3253050.0,1757468908136
2025-09-10 01:48:28.121000+00:00,INJ-USDT-SWAP,859689.4,1757468908121
2025-09-10 01:48:28.131000+00:00,IOST-USDT-SWAP,293395000.0,1757468908131
2025-09-10 01:48:28.128000+00:00,IOTA-USDT-SWAP,14424780.0,1757468908128
2025-09-10 01:48:28.125000+00:00,IP-USDT-SWAP,3076393.0,1757468908125
2025-09-10 01:48:28.141000+00:00,JELLYJELLY-USDT-SWAP,197737800.0,1757468908141
2025-09-10 01:48:28.146000+00:00,JOE-USDT-SWAP,6951300.0,1757468908146
2025-09-10 01:48:28.140000+00:00,JTO-USDT-SWAP,2854412.0,1757468908140
2025-09-10 01:48:28.131000+00:00,JUP-USDT-SWAP,14314850.0,1757468908131
2025-09-10 01:48:28.599000+00:00,KAITO-USDT-SWAP,6772616.0,1757468908599
2025-09-10 01:48:28.609000+00:00,KMNO-USDT-SWAP,20404100.0,1757468908609
2025-09-10 01:48:28.613000+00:00,KSM-USDT-SWAP,121914.1,1757468908613
2025-09-10 01:48:28.599000+00:00,LA-USDT-SWAP,2682400.0,1757468908599
2025-09-10 01:48:28.602000+00:00,LAUNCHCOIN-USDT-SWAP,56998380.0,1757468908602
2025-09-10 01:48:28.604000+00:00,LAYER-USDT-SWAP,5943601.0,1757468908604
2025-09-10 01:48:28.615000+00:00,LDO-USDT-SWAP,15238160.0,1757468908615
2025-09-10 01:48:28.615000+00:00,LINK-USDT-SWAP,2512480.4999999995,1757468908615
2025-09-10 01:48:28.614000+00:00,LPT-USDT-SWAP,773789.1,1757468908614
2025-09-10 01:48:28.611000+00:00,LQTY-USDT-SWAP,1572843.0,1757468908611
2025-09-10 01:48:29.064000+00:00,LRC-USDT-SWAP,19099350.0,1757468909064
2025-09-10 01:48:29.068000+00:00,LTC-USDT-SWAP,666187.8999999998,1757468909068
2025-09-10 01:48:29.072000+00:00,LUNA-USDT-SWAP,16011389.0,1757468909072
2025-09-10 01:48:29.082000+00:00,LUNC-USDT-SWAP,32145720000.0,1757468909082
2025-09-10 01:48:29.076000+00:00,MAGIC-USDT-SWAP,16921803.0,1757468909076
2025-09-10 01:48:29.072000+00:00,MAJOR-USDT-SWAP,4813477.0,1757468909072
2025-09-10 01:48:29.091000+00:00,MANA-USDT-SWAP,10127310.0,1757468909091
2025-09-10 01:48:29.074000+00:00,MASK-USDT-SWAP,3003091.0,1757468909074
2025-09-10 01:48:29.081000+00:00,ME-USDT-SWAP,3697233.0,1757468909081
2025-09-10 01:48:29.072000+00:00,MEME-USDT-SWAP,1478011500.0,1757468909072
2025-09-10 01:48:29.575000+00:00,MERL-USDT-SWAP,51054936.0,1757468909575
2025-09-10 01:48:29.543000+00:00,METIS-USDT-SWAP,91536.6,1757468909543
2025-09-10 01:48:29.558000+00:00,MEW-USDT-SWAP,1064195000.0,1757468909558
2025-09-10 01:48:29.567000+00:00,MINA-USDT-SWAP,7075032.0,1757468909567
2025-09-10 01:48:29.565000+00:00,MOG-USDT-SWAP,543620000000.0,1757468909565
2025-09-10 01:48:29.568000+00:00,MOODENG-USDT-SWAP,44819260.0,1757468909568
2025-09-10 01:48:29.544000+00:00,MORPHO-USDT-SWAP,1419173.0,1757468909544
2025-09-10 01:48:29.553000+00:00,MOVE-USDT-SWAP,29358660.0,1757468909553
2025-09-10 01:48:29.551000+00:00,MUBARAK-USDT-SWAP,13211500.0,1757468909551
2025-09-10 01:48:30.019000+00:00,NEAR-USDT-SWAP,5287403.0,1757468910019
2025-09-10 01:48:30.019000+00:00,NEIRO-USDT-SWAP,8578720000.0,1757468910019
2025-09-10 01:48:30.040000+00:00,NEIROETH-USDT-SWAP,14668900.0,1757468910040
2025-09-10 01:48:30.029000+00:00,NEO-USDT-SWAP,373919.0,1757468910029
2025-09-10 01:48:30.034000+00:00,NEWT-USDT-SWAP,2680080.0,1757468910034
2025-09-10 01:48:30.020000+00:00,NMR-USDT-SWAP,390561.5,1757468910020
2025-09-10 01:48:30.047000+00:00,NOT-USDT-SWAP,1586373200.0,1757468910047
2025-09-10 01:48:30.037000+00:00,NXPC-USDT-SWAP,1044906.0,1757468910037
2025-09-10 01:48:30.026000+00:00,OL-USDT-SWAP,82770530.0,1757468910026
2025-09-10 01:48:30.039000+00:00,OM-USDT-SWAP,25819277.000000004,1757468910039
2025-09-10 01:48:30.495000+00:00,ONDO-USDT-SWAP,20177620.0,1757468910495
2025-09-10 01:48:30.484000+00:00,ONE-USDT-SWAP,87456600.0,1757468910484
2025-09-10 01:48:30.493000+00:00,ONT-USDT-SWAP,11523240.0,1757468910493
2025-09-10 01:48:30.487000+00:00,OP-USDT-SWAP,24100186.0,1757468910487
2025-09-10 01:48:30.492000+00:00,ORBS-USDT-SWAP,30023400.0,1757468910492
2025-09-10 01:48:30.505000+00:00,ORDI-USDT-SWAP,1203685.3,1757468910505
2025-09-10 01:48:30.501000+00:00,PARTI-USDT-SWAP,13874740.0,1757468910501
2025-09-10 01:48:30.491000+00:00,PENGU-USDT-SWAP,662610400.0,1757468910491
2025-09-10 01:48:30.484000+00:00,PEOPLE-USDT-SWAP,324360500.0,1757468910484
2025-09-10 01:48:30.496000+00:00,PEPE-USDT-SWAP,8638325000000.003,1757468910496
2025-09-10 01:48:30.951000+00:00,PERP-USDT-SWAP,2991442.0,1757468910951
2025-09-10 01:48:30.945000+00:00,PI-USDT-SWAP,31263716.0,1757468910945
2025-09-10 01:48:30.958000+00:00,PLUME-USDT-SWAP,18062290.0,1757468910958
2025-09-10 01:48:30.955000+00:00,PNUT-USDT-SWAP,37023080.0,1757468910955
2025-09-10 01:48:30.947000+00:00,POL-USDT-SWAP,39924270.0,1757468910947
2025-09-10 01:48:30.959000+00:00,POPCAT-USDT-SWAP,9668580.0,1757468910959
2025-09-10 01:48:30.946000+00:00,PRCL-USDT-SWAP,19011720.0,1757468910946
2025-09-10 01:48:30.943000+00:00,PROMPT-USDT-SWAP,41319910.0,1757468910943
2025-09-10 01:48:30.953000+00:00,PUMP-USDT-SWAP,6323541000.0,1757468910953
2025-09-10 01:48:30.976000+00:00,PYTH-USDT-SWAP,46726300.0,1757468910976
2025-09-10 01:48:31.546000+00:00,QTUM-USDT-SWAP,1453485.0,1757468911546
2025-09-10 01:48:31.416000+00:00,RAY-USDT-SWAP,974006.0,1757468911416
2025-09-10 01:48:31.421000+00:00,RENDER-USDT-SWAP,1371012.0,1757468911421
2025-09-10 01:48:31.408000+00:00,RESOLV-USDT-SWAP,24259000.0,1757468911408
2025-09-10 01:48:31.415000+00:00,RSR-USDT-SWAP,266031000.0,1757468911415
2025-09-10 01:48:31.409000+00:00,RVN-USDT-SWAP,71943580.0,1757468911409
2025-09-10 01:48:31.418000+00:00,S-USDT-SWAP,12317200.0,1757468911418
2025-09-10 01:48:31.434000+00:00,SAHARA-USDT-SWAP,59114960.0,1757468911434
2025-09-10 01:48:31.425000+00:00,SAND-USDT-SWAP,19117900.0,1757468911425
2025-09-10 01:48:31.425000+00:00,SATS-USDT-SWAP,217267450000000.0,1757468911425
2025-09-10 01:48:31.984000+00:00,SCR-USDT-SWAP,3025093.0,1757468911984
2025-09-10 01:48:31.983000+00:00,SHELL-USDT-SWAP,5477320.0,1757468911983
2025-09-10 01:48:31.991000+00:00,SHIB-USDT-SWAP,1629412499999.9998,1757468911991
2025-09-10 01:48:31.982000+00:00,SIGN-USDT-SWAP,46515600.0,1757468911982
2025-09-10 01:48:31.989000+00:00,SLP-USDT-SWAP,421389000.0,1757468911989
2025-09-10 01:48:31.986000+00:00,SNX-USDT-SWAP,2441481.0,1757468911986
2025-09-10 01:48:31.991000+00:00,SOL-USDT-SWAP,3480972.0,1757468911991
2025-09-10 01:48:31.989000+00:00,SOLV-USDT-SWAP,69097400.0,1757468911989
2025-09-10 01:48:31.982000+00:00,SONIC-USDT-SWAP,8151468.0,1757468911982
2025-09-10 01:48:32.012000+00:00,SOON-USDT-SWAP,8980390.0,1757468912012
2025-09-10 01:48:32.438000+00:00,SOPH-USDT-SWAP,82891100.0,1757468912438
2025-09-10 01:48:32.449000+00:00,SPK-USDT-SWAP,119379200.0,1757468912449
2025-09-10 01:48:32.457000+00:00,SPX-USDT-SWAP,1062441.0,1757468912457
2025-09-10 01:48:32.455000+00:00,SSV-USDT-SWAP,287272.1,1757468912455
2025-09-10 01:48:32.451000+00:00,STORJ-USDT-SWAP,5534880.0,1757468912451
2025-09-10 01:48:32.456000+00:00,STRK-USDT-SWAP,22697734.0,1757468912456
2025-09-10 01:48:32.457000+00:00,STX-USDT-SWAP,6413578.999999999,1757468912457
2025-09-10 01:48:32.459000+00:00,SUI-USDT-SWAP,20165031.0,1757468912459
2025-09-10 01:48:32.446000+00:00,SUSHI-USDT-SWAP,7819111.0,1757468912446
2025-09-10 01:48:32.453000+00:00,SWARMS-USDT-SWAP,82337480.0,1757468912453
2025-09-10 01:48:32.922000+00:00,SYRUP-USDT-SWAP,2847760.0,1757468912922
2025-09-10 01:48:32.904000+00:00,T-USDT-SWAP,43920300.0,1757468912904
2025-09-10 01:48:32.916000+00:00,TAO-USDT-SWAP,14837.84,1757468912916
2025-09-10 01:48:32.909000+00:00,THETA-USDT-SWAP,2987805.0,1757468912909
2025-09-10 01:48:32.908000+00:00,TIA-USDT-SWAP,5702078.0,1757468912908
2025-09-10 01:48:32.904000+00:00,TNSR-USDT-SWAP,8335465.0,1757468912904
2025-09-10 01:48:32.913000+00:00,TON-USDT-SWAP,9467733.0,1757468912913
2025-09-10 01:48:32.902000+00:00,TRB-USDT-SWAP,262499.2,1757468912902
2025-09-10 01:48:32.908000+00:00,TREE-USDT-SWAP,6517095.0,1757468912908
2025-09-10 01:48:32.911000+00:00,TRUMP-USDT-SWAP,5179031.5,1757468912911
2025-09-10 01:48:33.367000+00:00,TRX-USDT-SWAP,95704860.00000007,1757468913367
2025-09-10 01:48:33.403000+00:00,TURBO-USDT-SWAP,911721000.0000001,1757468913403
2025-09-10 01:48:33.429000+00:00,UMA-USDT-SWAP,1466158.8,1757468913429
2025-09-10 01:48:33.370000+00:00,UNI-USDT-SWAP,3358129.0,1757468913370
2025-09-10 01:48:33.384000+00:00,USDC-USDT-SWAP,1194870.0,1757468913384
2025-09-10 01:48:33.384000+00:00,USELESS-USDT-SWAP,12953080.0,1757468913384
2025-09-10 01:48:33.381000+00:00,USTC-USDT-SWAP,113928100.0,1757468913381
2025-09-10 01:48:33.373000+00:00,UXLINK-USDT-SWAP,5787180.0,1757468913373
2025-09-10 01:48:33.376000+00:00,VANA-USDT-SWAP,173474.6,1757468913376
2025-09-10 01:48:33.378000+00:00,VINE-USDT-SWAP,106928590.0,1757468913378
2025-09-10 01:48:33.872000+00:00,VIRTUAL-USDT-SWAP,3620446.0,1757468913872
2025-09-10 01:48:33.860000+00:00,W-USDT-SWAP,50956415.0,1757468913860
2025-09-10 01:48:33.861000+00:00,WAL-USDT-SWAP,2290500.0,1757468913861
2025-09-10 01:48:33.875000+00:00,WAXP-USDT-SWAP,24494200.0,1757468913875
2025-09-10 01:48:33.863000+00:00,WCT-USDT-SWAP,10029580.0,1757468913863
2025-09-10 01:48:33.870000+00:00,WIF-USDT-SWAP,16150433.0,1757468913870
2025-09-10 01:48:33.867000+00:00,WLD-USDT-SWAP,30538657.0,1757468913867
2025-09-10 01:48:33.974000+00:00,WLFI-USDT-SWAP,276023760.0,1757468913974
2025-09-10 01:48:33.862000+00:00,WOO-USDT-SWAP,16688100.0,1757468913862
2025-09-10 01:48:33.864000+00:00,XAUT-USDT-SWAP,5833.511,1757468913864
2025-09-10 01:48:34.428000+00:00,XLM-USDT-SWAP,42572910.00000001,1757468914428
2025-09-10 01:48:34.425000+00:00,XPL-USDT-SWAP,6264800.0,1757468914425
2025-09-10 01:48:34.451000+00:00,XRP-USDT-SWAP,91779327.0,1757468914451
2025-09-10 01:48:34.439000+00:00,XTZ-USDT-SWAP,5038329.0,1757468914439
2025-09-10 01:48:34.426000+00:00,YFI-USDT-SWAP,383.2352,1757468914426
2025-09-10 01:48:34.435000+00:00,YGG-USDT-SWAP,28394752.0,1757468914435
2025-09-10 01:48:34.436000+00:00,ZENT-USDT-SWAP,183197700.0,1757468914436
2025-09-10 01:48:34.442000+00:00,ZEREBRO-USDT-SWAP,53922940.0,1757468914442
2025-09-10 01:48:34.444000+00:00,ZETA-USDT-SWAP,5578520.0,1757468914444
2025-09-10 01:48:34.439000+00:00,ZIL-USDT-SWAP,174885700.0,1757468914439
2025-09-10 01:48:34.894000+00:00,ZK-USDT-SWAP,48747020.0,1757468914894
2025-09-10 01:48:34.900000+00:00,ZRO-USDT-SWAP,1772656.0,1757468914900
2025-09-10 01:48:34.905000+00:00,ZRX-USDT-SWAP,8052710.0,1757468914905
2025-09-10 02:46:04.130000+00:00,1INCH-USDT-SWAP,8116174.0,1757472364130
2025-09-10 02:46:04.119000+00:00,A-USDT-SWAP,10384370.0,1757472364119
2025-09-10 02:46:04.119000+00:00,AAVE-USDT-SWAP,135555.40000000005,1757472364119
2025-09-10 02:46:04.117000+00:00,ACE-USDT-SWAP,1918498.0,1757472364117
2025-09-10 02:46:04.131000+00:00,ACH-USDT-SWAP,82561100.0,1757472364131
2025-09-10 02:46:04.100000+00:00,ACT-USDT-SWAP,81505537.0,1757472364100
2025-09-10 02:46:04.111000+00:00,ADA-USDT-SWAP,79311920.00000001,1757472364111
2025-09-10 02:46:04.124000+00:00,AERO-USDT-SWAP,1684700.0,1757472364124
2025-09-10 02:46:04.116000+00:00,AEVO-USDT-SWAP,18092005.0,1757472364116
2025-09-10 02:46:04.118000+00:00,AGLD-USDT-SWAP,1749533.0,1757472364118
2025-09-10 02:46:04.576000+00:00,AI16Z-USDT-SWAP,55196069.0,1757472364576
2025-09-10 02:46:04.576000+00:00,AIXBT-USDT-SWAP,22220090.0,1757472364576
2025-09-10 02:46:04.578000+00:00,ALCH-USDT-SWAP,16858470.0,1757472364578
2025-09-10 02:46:04.570000+00:00,ALGO-USDT-SWAP,26745350.0,1757472364570
2025-09-10 02:46:04.562000+00:00,ANIME-USDT-SWAP,98759850.0,1757472364562
2025-09-10 02:46:04.573000+00:00,APE-USDT-SWAP,8066323.3,1757472364573
2025-09-10 02:46:04.575000+00:00,API3-USDT-SWAP,3184412.0,1757472364575
2025-09-10 02:46:04.576000+00:00,APT-USDT-SWAP,3498420.0,1757472364576
2025-09-10 02:46:04.568000+00:00,AR-USDT-SWAP,505905.1,1757472364568
2025-09-10 02:46:04.562000+00:00,ARB-USDT-SWAP,35009449.99999999,1757472364562
2025-09-10 02:46:05.040000+00:00,ARC-USDT-SWAP,60879010.0,1757472365040
2025-09-10 02:46:05.031000+00:00,ARKM-USDT-SWAP,6025839.0,1757472365031
2025-09-10 02:46:05.043000+00:00,ATH-USDT-SWAP,187474300.0,1757472365043
2025-09-10 02:46:05.045000+00:00,ATOM-USDT-SWAP,1921748.0,1757472365045
2025-09-10 02:46:05.034000+00:00,AUCTION-USDT-SWAP,217083.1,1757472365034
2025-09-10 02:46:05.034000+00:00,AVAAI-USDT-SWAP,70603000.0,1757472365034
2025-09-10 02:46:05.042000+00:00,AVAX-USDT-SWAP,2241894.6999999997,1757472365042
2025-09-10 02:46:05.024000+00:00,AXS-USDT-SWAP,1301823.6,1757472365024
2025-09-10 02:46:05.041000+00:00,BABY-USDT-SWAP,39539640.0,1757472365041
2025-09-10 02:46:05.037000+00:00,BAND-USDT-SWAP,1435011.0,1757472365037
2025-09-10 02:46:05.524000+00:00,BAT-USDT-SWAP,5583790.0,1757472365524
2025-09-10 02:46:05.516000+00:00,BCH-USDT-SWAP,72983.66999999998,1757472365516
2025-09-10 02:46:05.520000+00:00,BERA-USDT-SWAP,2386050.5,1757472365520
2025-09-10 02:46:05.516000+00:00,BICO-USDT-SWAP,7274781.0,1757472365516
2025-09-10 02:46:05.511000+00:00,BIGTIME-USDT-SWAP,39670690.0,1757472365511
2025-09-10 02:46:05.519000+00:00,BIO-USDT-SWAP,55559927.0,1757472365519
2025-09-10 02:46:05.520000+00:00,BLUR-USDT-SWAP,24170770.0,1757472365520
2025-09-10 02:46:05.522000+00:00,BNB-USDT-SWAP,100283.84,1757472365522
2025-09-10 02:46:05.519000+00:00,BNT-USDT-SWAP,778320.0,1757472365519
2025-09-10 02:46:05.513000+00:00,BOME-USDT-SWAP,1321483000.0,1757472365513
2025-09-10 02:46:05.975000+00:00,BONK-USDT-SWAP,541469600000.0,1757472365975
2025-09-10 02:46:05.976000+00:00,BRETT-USDT-SWAP,11335700.0,1757472365976
2025-09-10 02:46:06.013000+00:00,BTC-USDT-SWAP,28333.146600000084,1757472366013
2025-09-10 02:46:05.983000+00:00,CAT-USDT-SWAP,145532200000.0,1757472365983
2025-09-10 02:46:05.974000+00:00,CATI-USDT-SWAP,17151467.0,1757472365974
2025-09-10 02:46:05.976000+00:00,CELO-USDT-SWAP,4457385.0,1757472365976
2025-09-10 02:46:05.985000+00:00,CETUS-USDT-SWAP,19174810.0,1757472365985
2025-09-10 02:46:05.992000+00:00,CFX-USDT-SWAP,74115910.0,1757472365992
2025-09-10 02:46:05.985000+00:00,CHZ-USDT-SWAP,79438050.0,1757472365985
2025-09-10 02:46:05.988000+00:00,COMP-USDT-SWAP,86180.6,1757472365988
2025-09-10 02:46:06.450000+00:00,COOKIE-USDT-SWAP,5141260.0,1757472366450
2025-09-10 02:46:06.454000+00:00,CORE-USDT-SWAP,11200908.0,1757472366454
2025-09-10 02:46:06.462000+00:00,CRO-USDT-SWAP,73381730.0,1757472366462
2025-09-10 02:46:06.449000+00:00,CRV-USDT-SWAP,23139839.0,1757472366449
2025-09-10 02:46:06.455000+00:00,CTC-USDT-SWAP,1836780.0,1757472366455
2025-09-10 02:46:06.452000+00:00,CVC-USDT-SWAP,9344300.0,1757472366452
2025-09-10 02:46:06.458000+00:00,CVX-USDT-SWAP,307923.0,1757472366458
2025-09-10 02:46:06.468000+00:00,DEGEN-USDT-SWAP,280205900.0,1757472366468
2025-09-10 02:46:06.476000+00:00,DGB-USDT-SWAP,45805500.0,1757472366476
2025-09-10 02:46:06.452000+00:00,DOG-USDT-SWAP,390860000.0,1757472366452
2025-09-10 02:46:06.930000+00:00,DOGE-USDT-SWAP,1624239529.999999,1757472366930
2025-09-10 02:46:06.919000+00:00,DOGS-USDT-SWAP,15997138000.0,1757472366919
2025-09-10 02:46:06.936000+00:00,DOOD-USDT-SWAP,159253000.0,1757472366936
2025-09-10 02:46:06.943000+00:00,DOT-USDT-SWAP,6245090.0,1757472366943
2025-09-10 02:46:06.926000+00:00,DUCK-USDT-SWAP,820940000.0,1757472366926
2025-09-10 02:46:06.916000+00:00,DYDX-USDT-SWAP,10350251.0,1757472366916
2025-09-10 02:46:06.927000+00:00,EGLD-USDT-SWAP,106331.1,1757472366927
2025-09-10 02:46:07.034000+00:00,EIGEN-USDT-SWAP,3692368.0,1757472367034
2025-09-10 02:46:06.933000+00:00,ENJ-USDT-SWAP,13376230.0,1757472366933
2025-09-10 02:46:06.920000+00:00,ENS-USDT-SWAP,337767.5,1757472366920
2025-09-10 02:46:07.483000+00:00,ETC-USDT-SWAP,1072212.2000000002,1757472367483
2025-09-10 02:46:07.470000+00:00,ETH-USDT-SWAP,780262.2910000023,1757472367470
2025-09-10 02:46:07.476000+00:00,ETHFI-USDT-SWAP,7681065.0,1757472367476
2025-09-10 02:46:07.481000+00:00,ETHW-USDT-SWAP,1234905.7,1757472367481
2025-09-10 02:46:07.466000+00:00,FARTCOIN-USDT-SWAP,17800350.0,1757472367466
2025-09-10 02:46:07.474000+00:00,FIL-USDT-SWAP,14098402.8,1757472367474
2025-09-10 02:46:07.473000+00:00,FLM-USDT-SWAP,29582120.0,1757472367473
2025-09-10 02:46:07.484000+00:00,FLOKI-USDT-SWAP,37402500000.0,1757472367484
2025-09-10 02:46:07.478000+00:00,FLOW-USDT-SWAP,4950340.0,1757472367478
2025-09-10 02:46:07.465000+00:00,FXS-USDT-SWAP,411041.0,1757472367465
2025-09-10 02:46:07.953000+00:00,GALA-USDT-SWAP,441453820.0,1757472367953
2025-09-10 02:46:07.943000+00:00,GAS-USDT-SWAP,404737.0,1757472367943
2025-09-10 02:46:07.938000+00:00,GLM-USDT-SWAP,2800700.0,1757472367938
2025-09-10 02:46:07.934000+00:00,GMT-USDT-SWAP,45688399.0,1757472367934
2025-09-10 02:46:07.945000+00:00,GMX-USDT-SWAP,71320.8,1757472367945
2025-09-10 02:46:07.941000+00:00,GOAT-USDT-SWAP,32711030.0,1757472367941
2025-09-10 02:46:07.937000+00:00,GODS-USDT-SWAP,6820031.0,1757472367937
2025-09-10 02:46:07.959000+00:00,GPS-USDT-SWAP,195097570.0,1757472367959
2025-09-10 02:46:07.944000+00:00,GRASS-USDT-SWAP,2762332.0,1757472367944
2025-09-10 02:46:07.944000+00:00,GRIFFAIN-USDT-SWAP,24359170.0,1757472367944
2025-09-10 02:46:08.425000+00:00,GRT-USDT-SWAP,25654490.0,1757472368425
2025-09-10 02:46:08.420000+00:00,H-USDT-SWAP,58661100.0,1757472368420
2025-09-10 02:46:08.414000+00:00,HBAR-USDT-SWAP,71324190.00000001,1757472368414
2025-09-10 02:46:08.428000+00:00,HMSTR-USDT-SWAP,1214319800.0,1757472368428
2025-09-10 02:46:08.418000+00:00,HOME-USDT-SWAP,21345400.0,1757472368418
2025-09-10 02:46:08.417000+00:00,HUMA-USDT-SWAP,74537300.0,1757472368417
2025-09-10 02:46:08.410000+00:00,HYPE-USDT-SWAP,1085206.6,1757472368410
2025-09-10 02:46:08.416000+00:00,ICP-USDT-SWAP,1278266.69,1757472368416
2025-09-10 02:46:08.416000+00:00,ICX-USDT-SWAP,5950820.0,1757472368416
2025-09-10 02:46:08.426000+00:00,IMX-USDT-SWAP,6893106.0,1757472368426
2025-09-10 02:46:08.883000+00:00,INIT-USDT-SWAP,3230430.0,1757472368883
2025-09-10 02:46:08.885000+00:00,INJ-USDT-SWAP,876665.3,1757472368885
2025-09-10 02:46:08.895000+00:00,IOST-USDT-SWAP,294087000.0,1757472368895
2025-09-10 02:46:08.885000+00:00,IOTA-USDT-SWAP,14430600.0,1757472368885
2025-09-10 02:46:08.888000+00:00,IP-USDT-SWAP,3057546.0,1757472368888
2025-09-10 02:46:08.884000+00:00,JELLYJELLY-USDT-SWAP,198475100.0,1757472368884
2025-09-10 02:46:08.881000+00:00,JOE-USDT-SWAP,6687780.0,1757472368881
2025-09-10 02:46:08.888000+00:00,JTO-USDT-SWAP,2855811.0,1757472368888
2025-09-10 02:46:08.885000+00:00,JUP-USDT-SWAP,14348380.0,1757472368885
2025-09-10 02:46:09.355000+00:00,KAITO-USDT-SWAP,6403634.0,1757472369355
2025-09-10 02:46:09.344000+00:00,KMNO-USDT-SWAP,20186000.0,1757472369344
2025-09-10 02:46:09.337000+00:00,KSM-USDT-SWAP,122212.1,1757472369337
2025-09-10 02:46:09.341000+00:00,LA-USDT-SWAP,2674930.0,1757472369341
2025-09-10 02:46:09.355000+00:00,LAUNCHCOIN-USDT-SWAP,56475970.0,1757472369355
2025-09-10 02:46:09.339000+00:00,LAYER-USDT-SWAP,5951893.0,1757472369339
2025-09-10 02:46:09.341000+00:00,LDO-USDT-SWAP,15198838.0,1757472369341
2025-09-10 02:46:09.352000+00:00,LINK-USDT-SWAP,2493367.3999999994,1757472369352
2025-09-10 02:46:09.351000+00:00,LPT-USDT-SWAP,771721.4,1757472369351
2025-09-10 02:46:09.340000+00:00,LQTY-USDT-SWAP,1547933.0,1757472369340
2025-09-10 02:46:09.831000+00:00,LRC-USDT-SWAP,18936850.0,1757472369831
2025-09-10 02:46:09.826000+00:00,LTC-USDT-SWAP,668607.6999999997,1757472369826
2025-09-10 02:46:09.823000+00:00,LUNA-USDT-SWAP,15966542.0,1757472369823
2025-09-10 02:46:09.813000+00:00,LUNC-USDT-SWAP,32276600000.0,1757472369813
2025-09-10 02:46:09.828000+00:00,MAGIC-USDT-SWAP,16927761.0,1757472369828
2025-09-10 02:46:09.819000+00:00,MAJOR-USDT-SWAP,4813811.0,1757472369819
2025-09-10 02:46:09.815000+00:00,MANA-USDT-SWAP,10166840.0,1757472369815
2025-09-10 02:46:09.815000+00:00,MASK-USDT-SWAP,2864756.0,1757472369815
2025-09-10 02:46:09.861000+00:00,ME-USDT-SWAP,3716336.0,1757472369861
2025-09-10 02:46:09.821000+00:00,MEME-USDT-SWAP,1473922200.0,1757472369821
2025-09-10 02:46:10.299000+00:00,MERL-USDT-SWAP,51470855.0,1757472370299
2025-09-10 02:46:10.289000+00:00,METIS-USDT-SWAP,92668.4,1757472370289
2025-09-10 02:46:10.304000+00:00,MEW-USDT-SWAP,1066069000.0,1757472370304
2025-09-10 02:46:10.292000+00:00,MINA-USDT-SWAP,7035171.0,1757472370292
2025-09-10 02:46:10.301000+00:00,MOG-USDT-SWAP,540834000000.0,1757472370301
2025-09-10 02:46:10.309000+00:00,MOODENG-USDT-SWAP,44555450.0,1757472370309
2025-09-10 02:46:10.302000+00:00,MORPHO-USDT-SWAP,1410618.0,1757472370302
2025-09-10 02:46:10.295000+00:00,MOVE-USDT-SWAP,29002850.0,1757472370295
2025-09-10 02:46:10.293000+00:00,MUBARAK-USDT-SWAP,13097800.0,1757472370293
2025-09-10 02:46:10.756000+00:00,NEAR-USDT-SWAP,5318641.0,1757472370756
2025-09-10 02:46:10.736000+00:00,NEIRO-USDT-SWAP,8490582000.0,1757472370736
2025-09-10 02:46:10.740000+00:00,NEIROETH-USDT-SWAP,14735300.0,1757472370740
2025-09-10 02:46:10.744000+00:00,NEO-USDT-SWAP,374432.0,1757472370744
2025-09-10 02:46:10.738000+00:00,NEWT-USDT-SWAP,2683400.0,1757472370738
2025-09-10 02:46:10.752000+00:00,NMR-USDT-SWAP,391697.3,1757472370752
2025-09-10 02:46:10.747000+00:00,NOT-USDT-SWAP,1579059700.0,1757472370747
2025-09-10 02:46:10.739000+00:00,NXPC-USDT-SWAP,1038287.0,1757472370739
2025-09-10 02:46:10.748000+00:00,OL-USDT-SWAP,83695960.0,1757472370748
2025-09-10 02:46:10.742000+00:00,OM-USDT-SWAP,25834915.000000004,1757472370742
2025-09-10 02:46:11.214000+00:00,ONDO-USDT-SWAP,22414790.0,1757472371214
2025-09-10 02:46:11.209000+00:00,ONE-USDT-SWAP,86678400.0,1757472371209
2025-09-10 02:46:11.218000+00:00,ONT-USDT-SWAP,11241220.0,1757472371218
2025-09-10 02:46:11.229000+00:00,OP-USDT-SWAP,24318423.0,1757472371229
2025-09-10 02:46:11.216000+00:00,ORBS-USDT-SWAP,30121800.0,1757472371216
2025-09-10 02:46:11.338000+00:00,ORDI-USDT-SWAP,1238599.5,1757472371338
2025-09-10 02:46:11.208000+00:00,PARTI-USDT-SWAP,13928480.0,1757472371208
2025-09-10 02:46:11.206000+00:00,PENGU-USDT-SWAP,688179200.0,1757472371206
2025-09-10 02:46:11.218000+00:00,PEOPLE-USDT-SWAP,324298300.0,1757472371218
2025-09-10 02:46:11.217000+00:00,PEPE-USDT-SWAP,8629275000000.002,1757472371217
2025-09-10 02:46:11.776000+00:00,PERP-USDT-SWAP,2988568.0,1757472371776
2025-09-10 02:46:11.769000+00:00,PI-USDT-SWAP,31227143.0,1757472371769
2025-09-10 02:46:11.789000+00:00,PLUME-USDT-SWAP,18962190.0,1757472371789
2025-09-10 02:46:11.768000+00:00,PNUT-USDT-SWAP,37413210.0,1757472371768
2025-09-10 02:46:11.794000+00:00,POL-USDT-SWAP,40382760.0,1757472371794
2025-09-10 02:46:11.768000+00:00,POPCAT-USDT-SWAP,9759870.0,1757472371768
2025-09-10 02:46:11.770000+00:00,PRCL-USDT-SWAP,24949296.0,1757472371770
2025-09-10 02:46:11.775000+00:00,PROMPT-USDT-SWAP,41757200.0,1757472371775
2025-09-10 02:46:11.783000+00:00,PUMP-USDT-SWAP,6379858000.0,1757472371783
2025-09-10 02:46:11.786000+00:00,PYTH-USDT-SWAP,47408740.0,1757472371786
2025-09-10 02:46:12.265000+00:00,QTUM-USDT-SWAP,1455881.0,1757472372265
2025-09-10 02:46:12.238000+00:00,RAY-USDT-SWAP,972364.0,1757472372238
2025-09-10 02:46:12.251000+00:00,RENDER-USDT-SWAP,1362433.0,1757472372251
2025-09-10 02:46:12.250000+00:00,RESOLV-USDT-SWAP,24120370.0,1757472372250
2025-09-10 02:46:12.233000+00:00,RSR-USDT-SWAP,267425400.0,1757472372233
2025-09-10 02:46:12.245000+00:00,RVN-USDT-SWAP,71980420.0,1757472372245
2025-09-10 02:46:12.245000+00:00,S-USDT-SWAP,12268650.0,1757472372245
2025-09-10 02:46:12.239000+00:00,SAHARA-USDT-SWAP,59254420.0,1757472372239
2025-09-10 02:46:12.256000+00:00,SAND-USDT-SWAP,19158120.0,1757472372256
2025-09-10 02:46:12.237000+00:00,SATS-USDT-SWAP,234382310000000.0,1757472372237
2025-09-10 02:46:12.713000+00:00,SCR-USDT-SWAP,3008508.0,1757472372713
2025-09-10 02:46:12.711000+00:00,SHELL-USDT-SWAP,5433110.0,1757472372711
2025-09-10 02:46:12.710000+00:00,SHIB-USDT-SWAP,1633168999999.9998,1757472372710
2025-09-10 02:46:12.717000+00:00,SIGN-USDT-SWAP,46700600.0,1757472372717
2025-09-10 02:46:12.710000+00:00,SLP-USDT-SWAP,422600090.0,1757472372710
2025-09-10 02:46:12.715000+00:00,SNX-USDT-SWAP,2623007.0,1757472372715
2025-09-10 02:46:12.716000+00:00,SOL-USDT-SWAP,3463547.81,1757472372716
2025-09-10 02:46:12.712000+00:00,SOLV-USDT-SWAP,69019800.0,1757472372712
2025-09-10 02:46:12.729000+00:00,SONIC-USDT-SWAP,8126585.0,1757472372729
2025-09-10 02:46:12.705000+00:00,SOON-USDT-SWAP,8855090.0,1757472372705
2025-09-10 02:46:13.183000+00:00,SOPH-USDT-SWAP,83028600.0,1757472373183
2025-09-10 02:46:13.174000+00:00,SPK-USDT-SWAP,119931100.0,1757472373174
2025-09-10 02:46:13.190000+00:00,SPX-USDT-SWAP,1103125.0,1757472373190
2025-09-10 02:46:13.192000+00:00,SSV-USDT-SWAP,288883.5,1757472373192
2025-09-10 02:46:13.178000+00:00,STORJ-USDT-SWAP,5534390.0,1757472373178
2025-09-10 02:46:13.321000+00:00,STRK-USDT-SWAP,22564261.0,1757472373321
2025-09-10 02:46:13.170000+00:00,STX-USDT-SWAP,6516880.0,1757472373170
2025-09-10 02:46:13.195000+00:00,SUI-USDT-SWAP,20085817.0,1757472373195
2025-09-10 02:46:13.187000+00:00,SUSHI-USDT-SWAP,7785660.0,1757472373187
2025-09-10 02:46:13.173000+00:00,SWARMS-USDT-SWAP,81447920.0,1757472373173
2025-09-10 02:46:13.759000+00:00,SYRUP-USDT-SWAP,2834990.0,1757472373759
2025-09-10 02:46:13.759000+00:00,T-USDT-SWAP,43751500.0,1757472373759
2025-09-10 02:46:13.756000+00:00,TAO-USDT-SWAP,15136.96,1757472373756
2025-09-10 02:46:13.763000+00:00,THETA-USDT-SWAP,2984724.9999999995,1757472373763
2025-09-10 02:46:13.755000+00:00,TIA-USDT-SWAP,5723729.0,1757472373755
2025-09-10 02:46:13.762000+00:00,TNSR-USDT-SWAP,8350658.0,1757472373762
2025-09-10 02:46:13.751000+00:00,TON-USDT-SWAP,9446706.0,1757472373751
2025-09-10 02:46:13.792000+00:00,TRB-USDT-SWAP,261708.4,1757472373792
2025-09-10 02:46:13.764000+00:00,TREE-USDT-SWAP,6382927.0,1757472373764
2025-09-10 02:46:13.758000+00:00,TRUMP-USDT-SWAP,5129766.0,1757472373758
2025-09-10 02:46:14.252000+00:00,TRX-USDT-SWAP,95635150.00000006,1757472374252
2025-09-10 02:46:14.229000+00:00,TURBO-USDT-SWAP,908272000.0000001,1757472374229
2025-09-10 02:46:14.241000+00:00,UMA-USDT-SWAP,1457959.9,1757472374241
2025-09-10 02:46:14.252000+00:00,UNI-USDT-SWAP,3359984.0,1757472374252
2025-09-10 02:46:14.220000+00:00,USDC-USDT-SWAP,1194840.0,1757472374220
2025-09-10 02:46:14.237000+00:00,USELESS-USDT-SWAP,13407660.0,1757472374237
2025-09-10 02:46:14.243000+00:00,USTC-USDT-SWAP,114341100.0,1757472374243
2025-09-10 02:46:14.227000+00:00,UXLINK-USDT-SWAP,5836960.0,1757472374227
2025-09-10 02:46:14.233000+00:00,VANA-USDT-SWAP,169983.3,1757472374233
2025-09-10 02:46:14.232000+00:00,VINE-USDT-SWAP,106788880.0,1757472374232
2025-09-10 02:46:14.701000+00:00,VIRTUAL-USDT-SWAP,3638423.0,1757472374701
2025-09-10 02:46:14.702000+00:00,W-USDT-SWAP,52320686.0,1757472374702
2025-09-10 02:46:14.707000+00:00,WAL-USDT-SWAP,2251350.0,1757472374707
2025-09-10 02:46:14.696000+00:00,WAXP-USDT-SWAP,24559400.0,1757472374696
2025-09-10 02:46:14.699000+00:00,WCT-USDT-SWAP,10000280.0,1757472374699
2025-09-10 02:46:14.701000+00:00,WIF-USDT-SWAP,16123216.0,1757472374701
2025-09-10 02:46:14.704000+00:00,WLD-USDT-SWAP,30926465.0,1757472374704
2025-09-10 02:46:14.707000+00:00,WLFI-USDT-SWAP,278276110.0,1757472374707
2025-09-10 02:46:14.707000+00:00,WOO-USDT-SWAP,16622820.0,1757472374707
2025-09-10 02:46:14.710000+00:00,XAUT-USDT-SWAP,5858.937,1757472374710
2025-09-10 02:46:15.175000+00:00,XLM-USDT-SWAP,42684020.0,1757472375175
2025-09-10 02:46:15.161000+00:00,XPL-USDT-SWAP,6242960.0,1757472375161
2025-09-10 02:46:15.162000+00:00,XRP-USDT-SWAP,90827744.0,1757472375162
2025-09-10 02:46:15.173000+00:00,XTZ-USDT-SWAP,5025365.0,1757472375173
2025-09-10 02:46:15.148000+00:00,YFI-USDT-SWAP,380.0657,1757472375148
2025-09-10 02:46:15.154000+00:00,YGG-USDT-SWAP,28876185.0,1757472375154
2025-09-10 02:46:15.155000+00:00,ZENT-USDT-SWAP,179672800.0,1757472375155
2025-09-10 02:46:15.166000+00:00,ZEREBRO-USDT-SWAP,54258330.0,1757472375166
2025-09-10 02:46:15.154000+00:00,ZETA-USDT-SWAP,5640470.0,1757472375154
2025-09-10 02:46:15.162000+00:00,ZIL-USDT-SWAP,174565900.0,1757472375162
2025-09-10 02:46:15.634000+00:00,ZK-USDT-SWAP,48558410.0,1757472375634
2025-09-10 02:46:15.621000+00:00,ZRO-USDT-SWAP,1768028.0,1757472375621
2025-09-10 02:46:15.614000+00:00,ZRX-USDT-SWAP,8003360.0,1757472375614
2025-09-10 02:47:16.392000+00:00,1INCH-USDT-SWAP,8117243.0,1757472436392
2025-09-10 02:47:16.373000+00:00,A-USDT-SWAP,10383130.0,1757472436373
2025-09-10 02:47:16.353000+00:00,AAVE-USDT-SWAP,135609.21000000005,1757472436353
2025-09-10 02:47:16.367000+00:00,ACE-USDT-SWAP,1918732.0,1757472436367
2025-09-10 02:47:16.359000+00:00,ACH-USDT-SWAP,82583900.0,1757472436359
2025-09-10 02:47:16.403000+00:00,ACT-USDT-SWAP,81533655.0,1757472436403
2025-09-10 02:47:16.368000+00:00,ADA-USDT-SWAP,79264120.00000001,1757472436368
2025-09-10 02:47:16.370000+00:00,AERO-USDT-SWAP,1684800.0,1757472436370
2025-09-10 02:47:16.391000+00:00,AEVO-USDT-SWAP,18133213.0,1757472436391
2025-09-10 02:47:16.372000+00:00,AGLD-USDT-SWAP,1749330.0,1757472436372
2025-09-10 02:47:16.863000+00:00,AI16Z-USDT-SWAP,55212120.0,1757472436863
2025-09-10 02:47:16.868000+00:00,AIXBT-USDT-SWAP,22219960.0,1757472436868
2025-09-10 02:47:16.873000+00:00,ALCH-USDT-SWAP,16857450.0,1757472436873
2025-09-10 02:47:16.855000+00:00,ALGO-USDT-SWAP,26744250.0,1757472436855
2025-09-10 02:47:16.861000+00:00,ANIME-USDT-SWAP,98806760.0,1757472436861
2025-09-10 02:47:16.865000+00:00,APE-USDT-SWAP,8048606.6,1757472436865
2025-09-10 02:47:16.861000+00:00,API3-USDT-SWAP,3183914.0,1757472436861
2025-09-10 02:47:16.856000+00:00,APT-USDT-SWAP,3496681.0,1757472436856
2025-09-10 02:47:16.882000+00:00,AR-USDT-SWAP,505072.3,1757472436882
2025-09-10 02:47:16.869000+00:00,ARB-USDT-SWAP,35018993.99999999,1757472436869
2025-09-10 02:47:17.343000+00:00,ARC-USDT-SWAP,60864890.0,1757472437343
2025-09-10 02:47:17.333000+00:00,ARKM-USDT-SWAP,6022344.0,1757472437333
2025-09-10 02:47:17.345000+00:00,ATH-USDT-SWAP,187547600.0,1757472437345
2025-09-10 02:47:17.331000+00:00,ATOM-USDT-SWAP,1918302.0,1757472437331
2025-09-10 02:47:17.328000+00:00,AUCTION-USDT-SWAP,217296.5,1757472437328
2025-09-10 02:47:17.345000+00:00,AVAAI-USDT-SWAP,70370370.0,1757472437345
2025-09-10 02:47:17.362000+00:00,AVAX-USDT-SWAP,2241881.7999999993,1757472437362
2025-09-10 02:47:17.325000+00:00,AXS-USDT-SWAP,1300146.3,1757472437325
2025-09-10 02:47:17.350000+00:00,BABY-USDT-SWAP,39540160.0,1757472437350
2025-09-10 02:47:17.351000+00:00,BAND-USDT-SWAP,1434095.0,1757472437351
2025-09-10 02:47:17.802000+00:00,BAT-USDT-SWAP,5583300.0,1757472437802
2025-09-10 02:47:17.792000+00:00,BCH-USDT-SWAP,72966.40999999999,1757472437792
2025-09-10 02:47:17.823000+00:00,BERA-USDT-SWAP,2386061.3,1757472437823
2025-09-10 02:47:17.796000+00:00,BICO-USDT-SWAP,7289182.0,1757472437796
2025-09-10 02:47:17.791000+00:00,BIGTIME-USDT-SWAP,39650690.0,1757472437791
2025-09-10 02:47:17.808000+00:00,BIO-USDT-SWAP,55559002.0,1757472437808
2025-09-10 02:47:17.806000+00:00,BLUR-USDT-SWAP,24198500.0,1757472437806
2025-09-10 02:47:17.802000+00:00,BNB-USDT-SWAP,100292.61,1757472437802
2025-09-10 02:47:17.815000+00:00,BNT-USDT-SWAP,778250.0,1757472437815
2025-09-10 02:47:17.805000+00:00,BOME-USDT-SWAP,1322411000.0,1757472437805
2025-09-10 02:47:18.365000+00:00,BONK-USDT-SWAP,541337300000.0,1757472438365
2025-09-10 02:47:18.372000+00:00,BRETT-USDT-SWAP,11342200.0,1757472438372
2025-09-10 02:47:18.373000+00:00,BTC-USDT-SWAP,28307.861600000084,1757472438373
2025-09-10 02:47:18.370000+00:00,CAT-USDT-SWAP,145471800000.0,1757472438370
2025-09-10 02:47:18.390000+00:00,CATI-USDT-SWAP,17157864.0,1757472438390
2025-09-10 02:47:18.369000+00:00,CELO-USDT-SWAP,4451338.0,1757472438369
2025-09-10 02:47:18.385000+00:00,CETUS-USDT-SWAP,19173210.0,1757472438385
2025-09-10 02:47:18.381000+00:00,CFX-USDT-SWAP,74112050.0,1757472438381
2025-09-10 02:47:18.382000+00:00,CHZ-USDT-SWAP,79459200.0,1757472438382
2025-09-10 02:47:18.406000+00:00,COMP-USDT-SWAP,86178.6,1757472438406
2025-09-10 02:47:18.853000+00:00,COOKIE-USDT-SWAP,5140660.0,1757472438853
2025-09-10 02:47:18.856000+00:00,CORE-USDT-SWAP,11194930.0,1757472438856
2025-09-10 02:47:18.868000+00:00,CRO-USDT-SWAP,73363920.0,1757472438868
2025-09-10 02:47:18.857000+00:00,CRV-USDT-SWAP,23139435.0,1757472438857
2025-09-10 02:47:18.866000+00:00,CTC-USDT-SWAP,1836580.0,1757472438866
2025-09-10 02:47:18.903000+00:00,CVC-USDT-SWAP,9344700.0,1757472438903
2025-09-10 02:47:18.875000+00:00,CVX-USDT-SWAP,307925.0,1757472438875
2025-09-10 02:47:18.864000+00:00,DEGEN-USDT-SWAP,280229000.0,1757472438864
2025-09-10 02:47:18.873000+00:00,DGB-USDT-SWAP,45805900.0,1757472438873
2025-09-10 02:47:18.888000+00:00,DOG-USDT-SWAP,390901000.0,1757472438888
2025-09-10 02:47:19.345000+00:00,DOGE-USDT-SWAP,1624677619.9999993,1757472439345
2025-09-10 02:47:19.349000+00:00,DOGS-USDT-SWAP,15998957000.0,1757472439349
2025-09-10 02:47:19.365000+00:00,DOOD-USDT-SWAP,158546000.0,1757472439365
2025-09-10 02:47:19.345000+00:00,DOT-USDT-SWAP,6253737.0,1757472439345
2025-09-10 02:47:19.336000+00:00,DUCK-USDT-SWAP,820925000.0,1757472439336
2025-09-10 02:47:19.356000+00:00,DYDX-USDT-SWAP,10347827.0,1757472439356
2025-09-10 02:47:19.342000+00:00,EGLD-USDT-SWAP,106376.9,1757472439342
2025-09-10 02:47:19.344000+00:00,EIGEN-USDT-SWAP,3696347.0,1757472439344
2025-09-10 02:47:19.352000+00:00,ENJ-USDT-SWAP,13375410.0,1757472439352
2025-09-10 02:47:19.377000+00:00,ENS-USDT-SWAP,337755.1,1757472439377
2025-09-10 02:47:19.828000+00:00,ETC-USDT-SWAP,1070769.1000000003,1757472439828
2025-09-10 02:47:19.827000+00:00,ETH-USDT-SWAP,780292.1320000023,1757472439827
2025-09-10 02:47:19.837000+00:00,ETHFI-USDT-SWAP,7682314.0,1757472439837
2025-09-10 02:47:19.827000+00:00,ETHW-USDT-SWAP,1234572.5,1757472439827
2025-09-10 02:47:19.831000+00:00,FARTCOIN-USDT-SWAP,17785350.0,1757472439831
2025-09-10 02:47:19.834000+00:00,FIL-USDT-SWAP,14097427.5,1757472439834
2025-09-10 02:47:19.827000+00:00,FLM-USDT-SWAP,29587940.0,1757472439827
2025-09-10 02:47:19.826000+00:00,FLOKI-USDT-SWAP,37403200000.0,1757472439826
2025-09-10 02:47:19.824000+00:00,FLOW-USDT-SWAP,4950860.0,1757472439824
2025-09-10 02:47:19.846000+00:00,FXS-USDT-SWAP,410884.0,1757472439846
2025-09-10 02:47:20.302000+00:00,GALA-USDT-SWAP,441464700.0,1757472440302
2025-09-10 02:47:20.297000+00:00,GAS-USDT-SWAP,404614.0,1757472440297
2025-09-10 02:47:20.311000+00:00,GLM-USDT-SWAP,2800730.0,1757472440311
2025-09-10 02:47:20.290000+00:00,GMT-USDT-SWAP,45691403.0,1757472440290
2025-09-10 02:47:20.300000+00:00,GMX-USDT-SWAP,71472.3,1757472440300
2025-09-10 02:47:20.303000+00:00,GOAT-USDT-SWAP,32704080.0,1757472440303
2025-09-10 02:47:20.303000+00:00,GODS-USDT-SWAP,6820031.0,1757472440303
2025-09-10 02:47:20.295000+00:00,GPS-USDT-SWAP,195116100.0,1757472440295
2025-09-10 02:47:20.299000+00:00,GRASS-USDT-SWAP,2761883.0,1757472440299
2025-09-10 02:47:20.294000+00:00,GRIFFAIN-USDT-SWAP,24364070.0,1757472440294
2025-09-10 02:47:20.777000+00:00,GRT-USDT-SWAP,25655650.0,1757472440777
2025-09-10 02:47:20.771000+00:00,H-USDT-SWAP,58840300.0,1757472440771
2025-09-10 02:47:20.828000+00:00,HBAR-USDT-SWAP,71366120.00000001,1757472440828
2025-09-10 02:47:20.767000+00:00,HMSTR-USDT-SWAP,1214349700.0,1757472440767
2025-09-10 02:47:20.776000+00:00,HOME-USDT-SWAP,21339200.0,1757472440776
2025-09-10 02:47:20.783000+00:00,HUMA-USDT-SWAP,74498700.0,1757472440783
2025-09-10 02:47:20.773000+00:00,HYPE-USDT-SWAP,1083627.7,1757472440773
2025-09-10 02:47:20.777000+00:00,ICP-USDT-SWAP,1280873.48,1757472440777
2025-09-10 02:47:20.800000+00:00,ICX-USDT-SWAP,5952140.0,1757472440800
2025-09-10 02:47:20.781000+00:00,IMX-USDT-SWAP,6892048.0,1757472440781
2025-09-10 02:47:21.279000+00:00,INIT-USDT-SWAP,3231060.0,1757472441279
2025-09-10 02:47:21.288000+00:00,INJ-USDT-SWAP,876599.7,1757472441288
2025-09-10 02:47:21.287000+00:00,IOST-USDT-SWAP,293995000.0,1757472441287
2025-09-10 02:47:21.287000+00:00,IOTA-USDT-SWAP,14431810.0,1757472441287
2025-09-10 02:47:21.292000+00:00,IP-USDT-SWAP,3057239.0,1757472441292
2025-09-10 02:47:21.425000+00:00,JELLYJELLY-USDT-SWAP,198355800.0,1757472441425
2025-09-10 02:47:21.290000+00:00,JOE-USDT-SWAP,6683380.0,1757472441290
2025-09-10 02:47:21.292000+00:00,JTO-USDT-SWAP,2855852.0,1757472441292
2025-09-10 02:47:21.295000+00:00,JUP-USDT-SWAP,14346350.0,1757472441295
2025-09-10 02:47:21.874000+00:00,KAITO-USDT-SWAP,6432967.0,1757472441874
2025-09-10 02:47:21.863000+00:00,KMNO-USDT-SWAP,20153200.0,1757472441863
2025-09-10 02:47:21.886000+00:00,KSM-USDT-SWAP,122218.7,1757472441886
2025-09-10 02:47:21.859000+00:00,LA-USDT-SWAP,2675040.0,1757472441859
2025-09-10 02:47:21.875000+00:00,LAUNCHCOIN-USDT-SWAP,56510530.0,1757472441875
2025-09-10 02:47:21.879000+00:00,LAYER-USDT-SWAP,5950889.0,1757472441879
2025-09-10 02:47:21.869000+00:00,LDO-USDT-SWAP,15195909.0,1757472441869
2025-09-10 02:47:21.861000+00:00,LINK-USDT-SWAP,2491635.2999999993,1757472441861
2025-09-10 02:47:21.863000+00:00,LPT-USDT-SWAP,771590.6,1757472441863
2025-09-10 02:47:21.882000+00:00,LQTY-USDT-SWAP,1547498.0,1757472441882
2025-09-10 02:47:22.336000+00:00,LRC-USDT-SWAP,18926040.0,1757472442336
2025-09-10 02:47:22.340000+00:00,LTC-USDT-SWAP,668269.3999999998,1757472442340
2025-09-10 02:47:22.344000+00:00,LUNA-USDT-SWAP,15967188.0,1757472442344
2025-09-10 02:47:22.344000+00:00,LUNC-USDT-SWAP,32276180000.0,1757472442344
2025-09-10 02:47:22.348000+00:00,MAGIC-USDT-SWAP,16922232.0,1757472442348
2025-09-10 02:47:22.349000+00:00,MAJOR-USDT-SWAP,4813797.0,1757472442349
2025-09-10 02:47:22.339000+00:00,MANA-USDT-SWAP,10166890.0,1757472442339
2025-09-10 02:47:22.338000+00:00,MASK-USDT-SWAP,2865626.0,1757472442338
2025-09-10 02:47:22.345000+00:00,ME-USDT-SWAP,3716090.0,1757472442345
2025-09-10 02:47:22.341000+00:00,MEME-USDT-SWAP,1474081100.0,1757472442341
2025-09-10 02:47:22.792000+00:00,MERL-USDT-SWAP,51470586.0,1757472442792
2025-09-10 02:47:22.800000+00:00,METIS-USDT-SWAP,92665.8,1757472442800
2025-09-10 02:47:22.798000+00:00,MEW-USDT-SWAP,1066013000.0,1757472442798
2025-09-10 02:47:22.794000+00:00,MINA-USDT-SWAP,7035302.0,1757472442794
2025-09-10 02:47:22.793000+00:00,MOG-USDT-SWAP,540723000000.0,1757472442793
2025-09-10 02:47:22.800000+00:00,MOODENG-USDT-SWAP,44558460.0,1757472442800
2025-09-10 02:47:22.802000+00:00,MORPHO-USDT-SWAP,1410682.0,1757472442802
2025-09-10 02:47:22.801000+00:00,MOVE-USDT-SWAP,28985110.0,1757472442801
2025-09-10 02:47:22.799000+00:00,MUBARAK-USDT-SWAP,13099400.0,1757472442799
2025-09-10 02:47:23.257000+00:00,NEAR-USDT-SWAP,5316854.0,1757472443257
2025-09-10 02:47:23.252000+00:00,NEIRO-USDT-SWAP,8485435000.0,1757472443252
2025-09-10 02:47:23.264000+00:00,NEIROETH-USDT-SWAP,14730600.0,1757472443264
2025-09-10 02:47:23.242000+00:00,NEO-USDT-SWAP,377006.0,1757472443242
2025-09-10 02:47:23.254000+00:00,NEWT-USDT-SWAP,2681540.0,1757472443254
2025-09-10 02:47:23.270000+00:00,NMR-USDT-SWAP,391712.3,1757472443270
2025-09-10 02:47:23.254000+00:00,NOT-USDT-SWAP,1579058900.0,1757472443254
2025-09-10 02:47:23.242000+00:00,NXPC-USDT-SWAP,1038277.0,1757472443242
2025-09-10 02:47:23.270000+00:00,OL-USDT-SWAP,83666560.0,1757472443270
2025-09-10 02:47:23.269000+00:00,OM-USDT-SWAP,25817850.000000004,1757472443269
2025-09-10 02:47:23.719000+00:00,ONDO-USDT-SWAP,22350050.0,1757472443719
2025-09-10 02:47:23.716000+00:00,ONE-USDT-SWAP,86808100.0,1757472443716
2025-09-10 02:47:23.734000+00:00,ONT-USDT-SWAP,11241170.0,1757472443734
2025-09-10 02:47:23.724000+00:00,OP-USDT-SWAP,24313757.0,1757472443724
2025-09-10 02:47:23.715000+00:00,ORBS-USDT-SWAP,30113500.0,1757472443715
2025-09-10 02:47:23.726000+00:00,ORDI-USDT-SWAP,1239212.0,1757472443726
2025-09-10 02:47:23.741000+00:00,PARTI-USDT-SWAP,13929470.0,1757472443741
2025-09-10 02:47:23.716000+00:00,PENGU-USDT-SWAP,688833500.0,1757472443716
2025-09-10 02:47:23.734000+00:00,PEOPLE-USDT-SWAP,324404100.0,1757472443734
2025-09-10 02:47:23.739000+00:00,PEPE-USDT-SWAP,8618129000000.002,1757472443739
2025-09-10 02:47:24.211000+00:00,PERP-USDT-SWAP,2988949.0,1757472444211
2025-09-10 02:47:24.187000+00:00,PI-USDT-SWAP,31227392.0,1757472444187
2025-09-10 02:47:24.214000+00:00,PLUME-USDT-SWAP,18965570.0,1757472444214
2025-09-10 02:47:24.193000+00:00,PNUT-USDT-SWAP,37418400.0,1757472444193
2025-09-10 02:47:24.197000+00:00,POL-USDT-SWAP,40382960.0,1757472444197
2025-09-10 02:47:24.198000+00:00,POPCAT-USDT-SWAP,9759310.0,1757472444198
2025-09-10 02:47:24.278000+00:00,PRCL-USDT-SWAP,24361334.0,1757472444278
2025-09-10 02:47:24.203000+00:00,PROMPT-USDT-SWAP,41735750.0,1757472444203
2025-09-10 02:47:24.223000+00:00,PUMP-USDT-SWAP,6368228000.0,1757472444223
2025-09-10 02:47:24.211000+00:00,PYTH-USDT-SWAP,47427040.0,1757472444211
2025-09-10 02:47:24.734000+00:00,QTUM-USDT-SWAP,1455524.0,1757472444734
2025-09-10 02:47:24.715000+00:00,RAY-USDT-SWAP,972479.0,1757472444715
2025-09-10 02:47:24.728000+00:00,RENDER-USDT-SWAP,1360794.0,1757472444728
2025-09-10 02:47:24.732000+00:00,RESOLV-USDT-SWAP,24122880.0,1757472444732
2025-09-10 02:47:24.731000+00:00,RSR-USDT-SWAP,267399700.0,1757472444731
2025-09-10 02:47:24.720000+00:00,RVN-USDT-SWAP,71980410.0,1757472444720
2025-09-10 02:47:24.722000+00:00,S-USDT-SWAP,12267880.0,1757472444722
2025-09-10 02:47:24.722000+00:00,SAHARA-USDT-SWAP,59252120.0,1757472444722
2025-09-10 02:47:24.729000+00:00,SAND-USDT-SWAP,19161860.0,1757472444729
2025-09-10 02:47:24.725000+00:00,SATS-USDT-SWAP,234648740000000.0,1757472444725
2025-09-10 02:47:25.182000+00:00,SCR-USDT-SWAP,3008603.0,1757472445182
2025-09-10 02:47:25.219000+00:00,SHELL-USDT-SWAP,5432910.0,1757472445219
2025-09-10 02:47:25.192000+00:00,SHIB-USDT-SWAP,1632940299999.9998,1757472445192
2025-09-10 02:47:25.316000+00:00,SIGN-USDT-SWAP,46700400.0,1757472445316
2025-09-10 02:47:25.181000+00:00,SLP-USDT-SWAP,422314900.0,1757472445181
2025-09-10 02:47:25.320000+00:00,SNX-USDT-SWAP,2619343.0,1757472445320
2025-09-10 02:47:25.186000+00:00,SOL-USDT-SWAP,3469462.9400000004,1757472445186
2025-09-10 02:47:25.178000+00:00,SOLV-USDT-SWAP,69019800.0,1757472445178
2025-09-10 02:47:25.186000+00:00,SONIC-USDT-SWAP,8128987.0,1757472445186
2025-09-10 02:47:25.204000+00:00,SOON-USDT-SWAP,8869250.0,1757472445204
2025-09-10 02:47:25.757000+00:00,SOPH-USDT-SWAP,83026700.0,1757472445757
2025-09-10 02:47:25.752000+00:00,SPK-USDT-SWAP,119974200.0,1757472445752
2025-09-10 02:47:25.763000+00:00,SPX-USDT-SWAP,1105288.0,1757472445763
2025-09-10 02:47:25.766000+00:00,SSV-USDT-SWAP,289196.0,1757472445766
2025-09-10 02:47:25.749000+00:00,STORJ-USDT-SWAP,5534390.0,1757472445749
2025-09-10 02:47:25.756000+00:00,STRK-USDT-SWAP,22562854.0,1757472445756
2025-09-10 02:47:25.754000+00:00,STX-USDT-SWAP,6537103.0,1757472445754
2025-09-10 02:47:25.754000+00:00,SUI-USDT-SWAP,20075155.0,1757472445754
2025-09-10 02:47:25.754000+00:00,SUSHI-USDT-SWAP,7786394.0,1757472445754
2025-09-10 02:47:25.772000+00:00,SWARMS-USDT-SWAP,81446210.0,1757472445772
2025-09-10 02:47:26.207000+00:00,SYRUP-USDT-SWAP,2834610.0,1757472446207
2025-09-10 02:47:26.213000+00:00,T-USDT-SWAP,43751800.0,1757472446213
2025-09-10 02:47:26.252000+00:00,TAO-USDT-SWAP,15144.17,1757472446252
2025-09-10 02:47:26.217000+00:00,THETA-USDT-SWAP,2984337.9999999995,1757472446217
2025-09-10 02:47:26.234000+00:00,TIA-USDT-SWAP,5724071.0,1757472446234
2025-09-10 02:47:26.224000+00:00,TNSR-USDT-SWAP,8356696.0,1757472446224
2025-09-10 02:47:26.236000+00:00,TON-USDT-SWAP,9446786.0,1757472446236
2025-09-10 02:47:26.219000+00:00,TRB-USDT-SWAP,261701.0,1757472446219
2025-09-10 02:47:26.222000+00:00,TREE-USDT-SWAP,6382929.0,1757472446222
2025-09-10 02:47:26.226000+00:00,TRUMP-USDT-SWAP,5129446.9,1757472446226
2025-09-10 02:47:26.708000+00:00,TRX-USDT-SWAP,95621520.00000006,1757472446708
2025-09-10 02:47:26.709000+00:00,TURBO-USDT-SWAP,907687000.0000001,1757472446709
2025-09-10 02:47:26.720000+00:00,UMA-USDT-SWAP,1458694.2,1757472446720
2025-09-10 02:47:26.703000+00:00,UNI-USDT-SWAP,3357804.0,1757472446703
2025-09-10 02:47:26.714000+00:00,USDC-USDT-SWAP,1194890.0,1757472446714
2025-09-10 02:47:26.706000+00:00,USELESS-USDT-SWAP,13402520.0,1757472446706
2025-09-10 02:47:26.708000+00:00,USTC-USDT-SWAP,114340900.0,1757472446708
2025-09-10 02:47:26.711000+00:00,UXLINK-USDT-SWAP,5838820.0,1757472446711
2025-09-10 02:47:26.710000+00:00,VANA-USDT-SWAP,170013.0,1757472446710
2025-09-10 02:47:26.725000+00:00,VINE-USDT-SWAP,106843270.0,1757472446725
2025-09-10 02:47:27.165000+00:00,VIRTUAL-USDT-SWAP,3638577.0,1757472447165
2025-09-10 02:47:27.160000+00:00,W-USDT-SWAP,52333824.0,1757472447160
2025-09-10 02:47:27.194000+00:00,WAL-USDT-SWAP,2250700.0,1757472447194
2025-09-10 02:47:27.153000+00:00,WAXP-USDT-SWAP,24559400.0,1757472447153
2025-09-10 02:47:27.168000+00:00,WCT-USDT-SWAP,9999630.0,1757472447168
2025-09-10 02:47:27.168000+00:00,WIF-USDT-SWAP,16131157.0,1757472447168
2025-09-10 02:47:27.162000+00:00,WLD-USDT-SWAP,30932009.0,1757472447162
2025-09-10 02:47:27.159000+00:00,WLFI-USDT-SWAP,278400900.0,1757472447159
2025-09-10 02:47:27.179000+00:00,WOO-USDT-SWAP,16623180.0,1757472447179
2025-09-10 02:47:27.185000+00:00,XAUT-USDT-SWAP,5857.206,1757472447185
2025-09-10 02:47:27.664000+00:00,XLM-USDT-SWAP,42682360.0,1757472447664
2025-09-10 02:47:27.656000+00:00,XPL-USDT-SWAP,6244940.0,1757472447656
2025-09-10 02:47:27.667000+00:00,XRP-USDT-SWAP,90816220.0,1757472447667
2025-09-10 02:47:27.645000+00:00,XTZ-USDT-SWAP,5025597.0,1757472447645
2025-09-10 02:47:27.666000+00:00,YFI-USDT-SWAP,380.0685,1757472447666
2025-09-10 02:47:27.655000+00:00,YGG-USDT-SWAP,28878153.0,1757472447655
2025-09-10 02:47:27.662000+00:00,ZENT-USDT-SWAP,179679600.0,1757472447662
2025-09-10 02:47:27.653000+00:00,ZEREBRO-USDT-SWAP,54239360.0,1757472447653
2025-09-10 02:47:27.652000+00:00,ZETA-USDT-SWAP,5641750.0,1757472447652
2025-09-10 02:47:27.673000+00:00,ZIL-USDT-SWAP,174496800.0,1757472447673
2025-09-10 02:47:28.133000+00:00,ZK-USDT-SWAP,48556300.0,1757472448133
2025-09-10 02:47:28.107000+00:00,ZRO-USDT-SWAP,1768080.0,1757472448107
2025-09-10 02:47:28.106000+00:00,ZRX-USDT-SWAP,8001920.0,1757472448106
2025-09-10 02:48:28.867000+00:00,1INCH-USDT-SWAP,8119447.0,1757472508867
2025-09-10 02:48:28.841000+00:00,A-USDT-SWAP,10385820.0,1757472508841
2025-09-10 02:48:28.834000+00:00,AAVE-USDT-SWAP,135527.31000000006,1757472508834
2025-09-10 02:48:28.856000+00:00,ACE-USDT-SWAP,1918765.0,1757472508856
2025-09-10 02:48:28.848000+00:00,ACH-USDT-SWAP,82583800.0,1757472508848
2025-09-10 02:48:28.849000+00:00,ACT-USDT-SWAP,81523305.0,1757472508849
2025-09-10 02:48:28.866000+00:00,ADA-USDT-SWAP,79259440.00000001,1757472508866
2025-09-10 02:48:28.868000+00:00,AERO-USDT-SWAP,1685740.0,1757472508868
2025-09-10 02:48:28.857000+00:00,AEVO-USDT-SWAP,18135561.0,1757472508857
2025-09-10 02:48:28.847000+00:00,AGLD-USDT-SWAP,1749733.0,1757472508847
2025-09-10 02:48:29.315000+00:00,AI16Z-USDT-SWAP,55212234.0,1757472509315
2025-09-10 02:48:29.311000+00:00,AIXBT-USDT-SWAP,22234270.0,1757472509311
2025-09-10 02:48:29.335000+00:00,ALCH-USDT-SWAP,16854620.0,1757472509335
2025-09-10 02:48:29.323000+00:00,ALGO-USDT-SWAP,26742210.0,1757472509323
2025-09-10 02:48:29.319000+00:00,ANIME-USDT-SWAP,98746170.0,1757472509319
2025-09-10 02:48:29.321000+00:00,APE-USDT-SWAP,8047628.5,1757472509321
2025-09-10 02:48:29.331000+00:00,API3-USDT-SWAP,3183571.0,1757472509331
2025-09-10 02:48:29.323000+00:00,APT-USDT-SWAP,3491771.0,1757472509323
2025-09-10 02:48:29.323000+00:00,AR-USDT-SWAP,505035.0,1757472509323
2025-09-10 02:48:29.316000+00:00,ARB-USDT-SWAP,35044539.99999999,1757472509316
2025-09-10 02:48:29.806000+00:00,ARC-USDT-SWAP,60862420.0,1757472509806
2025-09-10 02:48:29.783000+00:00,ARKM-USDT-SWAP,5986620.0,1757472509783
2025-09-10 02:48:29.825000+00:00,ATH-USDT-SWAP,187542400.0,1757472509825
2025-09-10 02:48:29.805000+00:00,ATOM-USDT-SWAP,1918680.0,1757472509805
2025-09-10 02:48:29.795000+00:00,AUCTION-USDT-SWAP,217286.5,1757472509795
2025-09-10 02:48:29.937000+00:00,AVAAI-USDT-SWAP,70602760.0,1757472509937
2025-09-10 02:48:29.792000+00:00,AVAX-USDT-SWAP,2241919.0999999996,1757472509792
2025-09-10 02:48:29.794000+00:00,AXS-USDT-SWAP,1300025.6,1757472509794
2025-09-10 02:48:29.795000+00:00,BABY-USDT-SWAP,39571490.0,1757472509795
2025-09-10 02:48:29.799000+00:00,BAND-USDT-SWAP,1433867.0,1757472509799
2025-09-10 02:48:30.365000+00:00,BAT-USDT-SWAP,5582960.0,1757472510365
2025-09-10 02:48:30.366000+00:00,BCH-USDT-SWAP,72961.16999999998,1757472510366
2025-09-10 02:48:30.388000+00:00,BERA-USDT-SWAP,2386030.5,1757472510388
2025-09-10 02:48:30.523000+00:00,BICO-USDT-SWAP,7295974.0,1757472510523
2025-09-10 02:48:30.372000+00:00,BIGTIME-USDT-SWAP,39649600.0,1757472510372
2025-09-10 02:48:30.372000+00:00,BIO-USDT-SWAP,55568752.0,1757472510372
2025-09-10 02:48:30.835000+00:00,BLUR-USDT-SWAP,24201090.0,1757472510835
2025-09-10 02:48:30.363000+00:00,BNB-USDT-SWAP,100293.63,1757472510363
2025-09-10 02:48:30.389000+00:00,BNT-USDT-SWAP,778210.0,1757472510389
2025-09-10 02:48:30.377000+00:00,BOME-USDT-SWAP,1319180000.0,1757472510377
2025-09-10 02:48:31.299000+00:00,BONK-USDT-SWAP,541122700000.0,1757472511299
2025-09-10 02:48:31.272000+00:00,BRETT-USDT-SWAP,11339900.0,1757472511272
2025-09-10 02:48:31.294000+00:00,BTC-USDT-SWAP,28310.667200000084,1757472511294
2025-09-10 02:48:31.285000+00:00,CAT-USDT-SWAP,145452100000.0,1757472511285
2025-09-10 02:48:31.279000+00:00,CATI-USDT-SWAP,17152933.0,1757472511279
2025-09-10 02:48:31.276000+00:00,CELO-USDT-SWAP,4453416.0,1757472511276
2025-09-10 02:48:31.284000+00:00,CETUS-USDT-SWAP,19183360.0,1757472511284
2025-09-10 02:48:31.293000+00:00,CFX-USDT-SWAP,74110130.0,1757472511293
2025-09-10 02:48:31.281000+00:00,CHZ-USDT-SWAP,79459150.0,1757472511281
2025-09-10 02:48:31.287000+00:00,COMP-USDT-SWAP,86184.3,1757472511287
2025-09-10 02:48:31.752000+00:00,COOKIE-USDT-SWAP,5138650.0,1757472511752
2025-09-10 02:48:31.750000+00:00,CORE-USDT-SWAP,11193775.0,1757472511750
2025-09-10 02:48:31.761000+00:00,CRO-USDT-SWAP,73366460.0,1757472511761
2025-09-10 02:48:31.760000+00:00,CRV-USDT-SWAP,23143871.0,1757472511760
2025-09-10 02:48:31.753000+00:00,CTC-USDT-SWAP,1836860.0,1757472511753
2025-09-10 02:48:31.760000+00:00,CVC-USDT-SWAP,9343400.0,1757472511760
2025-09-10 02:48:31.751000+00:00,CVX-USDT-SWAP,307909.0,1757472511751
2025-09-10 02:48:31.751000+00:00,DEGEN-USDT-SWAP,280214600.0,1757472511751
2025-09-10 02:48:31.761000+00:00,DGB-USDT-SWAP,45807400.0,1757472511761
2025-09-10 02:48:31.767000+00:00,DOG-USDT-SWAP,392718000.0,1757472511767
2025-09-10 02:48:32.208000+00:00,DOGE-USDT-SWAP,1627904109.9999993,1757472512208
2025-09-10 02:48:32.194000+00:00,DOGS-USDT-SWAP,15997983000.0,1757472512194
2025-09-10 02:48:32.214000+00:00,DOOD-USDT-SWAP,158569000.0,1757472512214
2025-09-10 02:48:32.212000+00:00,DOT-USDT-SWAP,6252517.0,1757472512212
2025-09-10 02:48:32.196000+00:00,DUCK-USDT-SWAP,820730900.0,1757472512196
2025-09-10 02:48:32.201000+00:00,DYDX-USDT-SWAP,10332078.0,1757472512201
2025-09-10 02:48:32.200000+00:00,EGLD-USDT-SWAP,106376.4,1757472512200
2025-09-10 02:48:32.215000+00:00,EIGEN-USDT-SWAP,3696358.0,1757472512215
2025-09-10 02:48:32.203000+00:00,ENJ-USDT-SWAP,13375690.0,1757472512203
2025-09-10 02:48:32.210000+00:00,ENS-USDT-SWAP,337703.6,1757472512210
2025-09-10 02:48:32.687000+00:00,ETC-USDT-SWAP,1070404.1000000003,1757472512687
2025-09-10 02:48:32.699000+00:00,ETH-USDT-SWAP,780244.7580000024,1757472512699
2025-09-10 02:48:32.715000+00:00,ETHFI-USDT-SWAP,7682452.0,1757472512715
2025-09-10 02:48:32.684000+00:00,ETHW-USDT-SWAP,1234569.3,1757472512684
2025-09-10 02:48:32.684000+00:00,FARTCOIN-USDT-SWAP,17793806.0,1757472512684
2025-09-10 02:48:32.685000+00:00,FIL-USDT-SWAP,14097061.5,1757472512685
2025-09-10 02:48:32.693000+00:00,FLM-USDT-SWAP,29587940.0,1757472512693
2025-09-10 02:48:32.794000+00:00,FLOKI-USDT-SWAP,37405400000.0,1757472512794
2025-09-10 02:48:32.696000+00:00,FLOW-USDT-SWAP,4950890.0,1757472512696
2025-09-10 02:48:32.781000+00:00,FXS-USDT-SWAP,411607.0,1757472512781
2025-09-10 02:48:33.237000+00:00,GALA-USDT-SWAP,441427750.0,1757472513237
2025-09-10 02:48:33.229000+00:00,GAS-USDT-SWAP,404309.0,1757472513229
2025-09-10 02:48:33.255000+00:00,GLM-USDT-SWAP,2800480.0,1757472513255
2025-09-10 02:48:33.231000+00:00,GMT-USDT-SWAP,45695179.0,1757472513231
2025-09-10 02:48:33.224000+00:00,GMX-USDT-SWAP,71472.3,1757472513224
2025-09-10 02:48:33.232000+00:00,GOAT-USDT-SWAP,32702360.0,1757472513232
2025-09-10 02:48:33.241000+00:00,GODS-USDT-SWAP,6820031.0,1757472513241
2025-09-10 02:48:33.236000+00:00,GPS-USDT-SWAP,194917450.0,1757472513236
2025-09-10 02:48:33.242000+00:00,GRASS-USDT-SWAP,2761226.0,1757472513242
2025-09-10 02:48:33.238000+00:00,GRIFFAIN-USDT-SWAP,24361950.0,1757472513238
2025-09-10 02:48:33.714000+00:00,GRT-USDT-SWAP,25620460.0,1757472513714
2025-09-10 02:48:33.725000+00:00,H-USDT-SWAP,58881100.0,1757472513725
2025-09-10 02:48:33.747000+00:00,HBAR-USDT-SWAP,71534460.00000001,1757472513747
2025-09-10 02:48:33.722000+00:00,HMSTR-USDT-SWAP,1214441700.0,1757472513722
2025-09-10 02:48:33.726000+00:00,HOME-USDT-SWAP,21337100.0,1757472513726
2025-09-10 02:48:33.708000+00:00,HUMA-USDT-SWAP,74510800.0,1757472513708
2025-09-10 02:48:33.717000+00:00,HYPE-USDT-SWAP,1083258.8,1757472513717
2025-09-10 02:48:33.717000+00:00,ICP-USDT-SWAP,1281462.21,1757472513717
2025-09-10 02:48:33.741000+00:00,ICX-USDT-SWAP,5951980.0,1757472513741
2025-09-10 02:48:33.720000+00:00,IMX-USDT-SWAP,6891805.0,1757472513720
2025-09-10 02:48:34.194000+00:00,INIT-USDT-SWAP,3230970.0,1757472514194
2025-09-10 02:48:34.189000+00:00,INJ-USDT-SWAP,876515.9,1757472514189
2025-09-10 02:48:34.216000+00:00,IOST-USDT-SWAP,293994000.0,1757472514216
2025-09-10 02:48:34.198000+00:00,IOTA-USDT-SWAP,14434950.0,1757472514198
2025-09-10 02:48:34.190000+00:00,IP-USDT-SWAP,3055950.0,1757472514190
2025-09-10 02:48:34.199000+00:00,JELLYJELLY-USDT-SWAP,198381200.0,1757472514199
2025-09-10 02:48:34.206000+00:00,JOE-USDT-SWAP,6683800.0,1757472514206
2025-09-10 02:48:34.200000+00:00,JTO-USDT-SWAP,2856126.0,1757472514200
2025-09-10 02:48:34.201000+00:00,JUP-USDT-SWAP,14344840.0,1757472514201
2025-09-10 02:48:34.671000+00:00,KAITO-USDT-SWAP,6402681.0,1757472514671
2025-09-10 02:48:34.685000+00:00,KMNO-USDT-SWAP,20149300.0,1757472514685
2025-09-10 02:48:34.677000+00:00,KSM-USDT-SWAP,122257.2,1757472514677
2025-09-10 02:48:34.678000+00:00,LA-USDT-SWAP,2677930.0,1757472514678
2025-09-10 02:48:34.673000+00:00,LAUNCHCOIN-USDT-SWAP,56437740.0,1757472514673
2025-09-10 02:48:34.672000+00:00,LAYER-USDT-SWAP,5946856.0,1757472514672
2025-09-10 02:48:34.681000+00:00,LDO-USDT-SWAP,15191676.0,1757472514681
2025-09-10 02:48:34.681000+00:00,LINK-USDT-SWAP,2491146.3999999994,1757472514681
2025-09-10 02:48:34.702000+00:00,LPT-USDT-SWAP,772358.1,1757472514702
2025-09-10 02:48:34.689000+00:00,LQTY-USDT-SWAP,1546761.0,1757472514689
2025-09-10 02:48:35.155000+00:00,LRC-USDT-SWAP,18925390.0,1757472515155
2025-09-10 02:48:35.151000+00:00,LTC-USDT-SWAP,668265.3999999998,1757472515151
2025-09-10 02:48:35.179000+00:00,LUNA-USDT-SWAP,15994245.0,1757472515179
2025-09-10 02:48:35.153000+00:00,LUNC-USDT-SWAP,32276180000.0,1757472515153
2025-09-10 02:48:35.142000+00:00,MAGIC-USDT-SWAP,16924055.0,1757472515142
2025-09-10 02:48:35.153000+00:00,MAJOR-USDT-SWAP,4813797.0,1757472515153
2025-09-10 02:48:35.172000+00:00,MANA-USDT-SWAP,10164840.0,1757472515172
2025-09-10 02:48:35.161000+00:00,MASK-USDT-SWAP,2867114.0,1757472515161
2025-09-10 02:48:35.162000+00:00,ME-USDT-SWAP,3716410.0,1757472515162
2025-09-10 02:48:35.160000+00:00,MEME-USDT-SWAP,1473700400.0,1757472515160
2025-09-10 02:48:35.638000+00:00,MERL-USDT-SWAP,51455237.0,1757472515638
2025-09-10 02:48:35.622000+00:00,METIS-USDT-SWAP,92614.7,1757472515622
2025-09-10 02:48:35.639000+00:00,MEW-USDT-SWAP,1066017000.0,1757472515639
2025-09-10 02:48:35.633000+00:00,MINA-USDT-SWAP,7033124.0,1757472515633
2025-09-10 02:48:35.628000+00:00,MOG-USDT-SWAP,540676000000.0,1757472515628
2025-09-10 02:48:35.638000+00:00,MOODENG-USDT-SWAP,44562740.0,1757472515638
2025-09-10 02:48:35.624000+00:00,MORPHO-USDT-SWAP,1410725.0,1757472515624
2025-09-10 02:48:35.630000+00:00,MOVE-USDT-SWAP,28979920.0,1757472515630
2025-09-10 02:48:35.622000+00:00,MUBARAK-USDT-SWAP,13100300.0,1757472515622
2025-09-10 02:48:36.094000+00:00,NEAR-USDT-SWAP,5315783.0,1757472516094
2025-09-10 02:48:36.088000+00:00,NEIRO-USDT-SWAP,8486495000.0,1757472516088
2025-09-10 02:48:36.099000+00:00,NEIROETH-USDT-SWAP,14723100.0,1757472516099
2025-09-10 02:48:36.089000+00:00,NEO-USDT-SWAP,376945.0,1757472516089
2025-09-10 02:48:36.085000+00:00,NEWT-USDT-SWAP,2681540.0,1757472516085
2025-09-10 02:48:36.086000+00:00,NMR-USDT-SWAP,393890.5,1757472516086
2025-09-10 02:48:36.105000+00:00,NOT-USDT-SWAP,1578747700.0,1757472516105
2025-09-10 02:48:36.094000+00:00,NXPC-USDT-SWAP,1038205.0,1757472516094
2025-09-10 02:48:36.109000+00:00,OL-USDT-SWAP,83725790.0,1757472516109
2025-09-10 02:48:36.100000+00:00,OM-USDT-SWAP,25825153.000000004,1757472516100
2025-09-10 02:48:36.550000+00:00,ONDO-USDT-SWAP,22254260.0,1757472516550
2025-09-10 02:48:36.546000+00:00,ONE-USDT-SWAP,86818400.0,1757472516546
2025-09-10 02:48:36.573000+00:00,ONT-USDT-SWAP,11244870.0,1757472516573
2025-09-10 02:48:36.550000+00:00,OP-USDT-SWAP,24305052.0,1757472516550
2025-09-10 02:48:36.548000+00:00,ORBS-USDT-SWAP,30095500.0,1757472516548
2025-09-10 02:48:36.558000+00:00,ORDI-USDT-SWAP,1240114.0,1757472516558
2025-09-10 02:48:36.610000+00:00,PARTI-USDT-SWAP,13929450.0,1757472516610
2025-09-10 02:48:36.555000+00:00,PENGU-USDT-SWAP,688703100.0,1757472516555
2025-09-10 02:48:36.563000+00:00,PEOPLE-USDT-SWAP,324362800.0,1757472516563
2025-09-10 02:48:36.562000+00:00,PEPE-USDT-SWAP,8622294000000.001,1757472516562
2025-09-10 02:48:37.050000+00:00,PERP-USDT-SWAP,2988991.0,1757472517050
2025-09-10 02:48:37.036000+00:00,PI-USDT-SWAP,31227297.0,1757472517036
2025-09-10 02:48:37.047000+00:00,PLUME-USDT-SWAP,18986250.0,1757472517047
2025-09-10 02:48:37.051000+00:00,PNUT-USDT-SWAP,37422110.0,1757472517051
2025-09-10 02:48:37.051000+00:00,POL-USDT-SWAP,40389560.0,1757472517051
2025-09-10 02:48:37.195000+00:00,POPCAT-USDT-SWAP,9757370.0,1757472517195
2025-09-10 02:48:37.531000+00:00,PRCL-USDT-SWAP,24793098.0,1757472517531
2025-09-10 02:48:37.055000+00:00,PROMPT-USDT-SWAP,41717550.0,1757472517055
2025-09-10 02:48:37.057000+00:00,PUMP-USDT-SWAP,6370330000.0,1757472517057
2025-09-10 02:48:37.064000+00:00,PYTH-USDT-SWAP,47421810.0,1757472517064
2025-09-10 02:48:37.984000+00:00,QTUM-USDT-SWAP,1457052.0,1757472517984
2025-09-10 02:48:37.985000+00:00,RAY-USDT-SWAP,972452.0,1757472517985
2025-09-10 02:48:38.008000+00:00,RENDER-USDT-SWAP,1360661.0,1757472518008
2025-09-10 02:48:37.977000+00:00,RESOLV-USDT-SWAP,24121820.0,1757472517977
2025-09-10 02:48:37.979000+00:00,RSR-USDT-SWAP,267342600.0,1757472517979
2025-09-10 02:48:37.991000+00:00,RVN-USDT-SWAP,71980390.0,1757472517991
2025-09-10 02:48:37.984000+00:00,S-USDT-SWAP,12267800.0,1757472517984
2025-09-10 02:48:37.980000+00:00,SAHARA-USDT-SWAP,59195150.0,1757472517980
2025-09-10 02:48:38.007000+00:00,SAND-USDT-SWAP,19162640.0,1757472518007
2025-09-10 02:48:37.979000+00:00,SATS-USDT-SWAP,234346460000000.0,1757472517979
2025-09-10 02:48:38.453000+00:00,SCR-USDT-SWAP,3008603.0,1757472518453
2025-09-10 02:48:38.455000+00:00,SHELL-USDT-SWAP,5433700.0,1757472518455
2025-09-10 02:48:38.474000+00:00,SHIB-USDT-SWAP,1632255999999.9998,1757472518474
2025-09-10 02:48:38.461000+00:00,SIGN-USDT-SWAP,46700400.0,1757472518461
2025-09-10 02:48:38.452000+00:00,SLP-USDT-SWAP,422468830.0,1757472518452
2025-09-10 02:48:38.455000+00:00,SNX-USDT-SWAP,2619178.0,1757472518455
2025-09-10 02:48:38.459000+00:00,SOL-USDT-SWAP,3480067.1700000004,1757472518459
2025-09-10 02:48:38.453000+00:00,SOLV-USDT-SWAP,69026000.0,1757472518453
2025-09-10 02:48:38.467000+00:00,SONIC-USDT-SWAP,8128363.0,1757472518467
2025-09-10 02:48:38.450000+00:00,SOON-USDT-SWAP,8876330.0,1757472518450
2025-09-10 02:48:38.950000+00:00,SOPH-USDT-SWAP,82958200.0,1757472518950
2025-09-10 02:48:38.936000+00:00,SPK-USDT-SWAP,119881100.0,1757472518936
2025-09-10 02:48:38.945000+00:00,SPX-USDT-SWAP,1106074.0,1757472518945
2025-09-10 02:48:38.949000+00:00,SSV-USDT-SWAP,289143.9,1757472518949
2025-09-10 02:48:38.931000+00:00,STORJ-USDT-SWAP,5534500.0,1757472518931
2025-09-10 02:48:38.939000+00:00,STRK-USDT-SWAP,22562422.0,1757472518939
2025-09-10 02:48:38.955000+00:00,STX-USDT-SWAP,6591848.0,1757472518955
2025-09-10 02:48:38.938000+00:00,SUI-USDT-SWAP,20072985.0,1757472518938
2025-09-10 02:48:38.957000+00:00,SUSHI-USDT-SWAP,7786515.0,1757472518957
2025-09-10 02:48:38.945000+00:00,SWARMS-USDT-SWAP,81445920.0,1757472518945
2025-09-10 02:48:39.399000+00:00,SYRUP-USDT-SWAP,2834360.0,1757472519399
2025-09-10 02:48:39.402000+00:00,T-USDT-SWAP,43751500.0,1757472519402
2025-09-10 02:48:39.406000+00:00,TAO-USDT-SWAP,15158.73,1757472519406
2025-09-10 02:48:39.403000+00:00,THETA-USDT-SWAP,2981201.0,1757472519403
2025-09-10 02:48:39.423000+00:00,TIA-USDT-SWAP,5722455.0,1757472519423
2025-09-10 02:48:39.406000+00:00,TNSR-USDT-SWAP,8358405.0,1757472519406
2025-09-10 02:48:39.426000+00:00,TON-USDT-SWAP,9445980.0,1757472519426
2025-09-10 02:48:39.405000+00:00,TRB-USDT-SWAP,261615.6,1757472519405
2025-09-10 02:48:39.421000+00:00,TREE-USDT-SWAP,6368366.0,1757472519421
2025-09-10 02:48:39.414000+00:00,TRUMP-USDT-SWAP,5129357.5,1757472519414
2025-09-10 02:48:39.896000+00:00,TRX-USDT-SWAP,95618070.00000006,1757472519896
2025-09-10 02:48:39.889000+00:00,TURBO-USDT-SWAP,908198000.0000001,1757472519889
2025-09-10 02:48:39.920000+00:00,UMA-USDT-SWAP,1457952.2,1757472519920
2025-09-10 02:48:39.889000+00:00,UNI-USDT-SWAP,3357393.0,1757472519889
2025-09-10 02:48:39.891000+00:00,USDC-USDT-SWAP,1194840.0,1757472519891
2025-09-10 02:48:39.891000+00:00,USELESS-USDT-SWAP,13400420.0,1757472519891
2025-09-10 02:48:39.901000+00:00,USTC-USDT-SWAP,114333100.0,1757472519901
2025-09-10 02:48:39.886000+00:00,UXLINK-USDT-SWAP,5839460.0,1757472519886
2025-09-10 02:48:39.896000+00:00,VANA-USDT-SWAP,169959.1,1757472519896
2025-09-10 02:48:39.905000+00:00,VINE-USDT-SWAP,106850340.0,1757472519905
2025-09-10 02:48:40.382000+00:00,VIRTUAL-USDT-SWAP,3638190.0,1757472520382
2025-09-10 02:48:40.373000+00:00,W-USDT-SWAP,52428891.0,1757472520373
2025-09-10 02:48:40.377000+00:00,WAL-USDT-SWAP,2250690.0,1757472520377
2025-09-10 02:48:40.381000+00:00,WAXP-USDT-SWAP,24559400.0,1757472520381
2025-09-10 02:48:40.509000+00:00,WCT-USDT-SWAP,9995390.0,1757472520509
2025-09-10 02:48:40.387000+00:00,WIF-USDT-SWAP,16109894.0,1757472520387
2025-09-10 02:48:40.386000+00:00,WLD-USDT-SWAP,30826735.0,1757472520386
2025-09-10 02:48:40.382000+00:00,WLFI-USDT-SWAP,278464310.0,1757472520382
2025-09-10 02:48:40.384000+00:00,WOO-USDT-SWAP,16622360.0,1757472520384
2025-09-10 02:48:40.377000+00:00,XAUT-USDT-SWAP,5850.813,1757472520377
2025-09-10 02:48:40.938000+00:00,XLM-USDT-SWAP,42676469.99999999,1757472520938
2025-09-10 02:48:40.949000+00:00,XPL-USDT-SWAP,6244390.0,1757472520949
2025-09-10 02:48:40.959000+00:00,XRP-USDT-SWAP,90821388.0,1757472520959
2025-09-10 02:48:40.953000+00:00,XTZ-USDT-SWAP,5025705.0,1757472520953
2025-09-10 02:48:40.949000+00:00,YFI-USDT-SWAP,380.0685,1757472520949
2025-09-10 02:48:40.936000+00:00,YGG-USDT-SWAP,28851532.0,1757472520936
2025-09-10 02:48:40.958000+00:00,ZENT-USDT-SWAP,179674600.0,1757472520958
2025-09-10 02:48:40.946000+00:00,ZEREBRO-USDT-SWAP,54241860.0,1757472520946
2025-09-10 02:48:40.957000+00:00,ZETA-USDT-SWAP,5640950.0,1757472520957
2025-09-10 02:48:40.952000+00:00,ZIL-USDT-SWAP,174496800.0,1757472520952
2025-09-10 02:48:41.411000+00:00,ZK-USDT-SWAP,48554620.0,1757472521411
2025-09-10 02:48:41.399000+00:00,ZRO-USDT-SWAP,1768173.0,1757472521399
2025-09-10 02:48:41.406000+00:00,ZRX-USDT-SWAP,8000410.0,1757472521406
2025-09-10 02:49:42.091000+00:00,1INCH-USDT-SWAP,8118877.0,1757472582091
2025-09-10 02:49:42.116000+00:00,A-USDT-SWAP,10385500.0,1757472582116
2025-09-10 02:49:42.104000+00:00,AAVE-USDT-SWAP,135307.34000000005,1757472582104
2025-09-10 02:49:42.106000+00:00,ACE-USDT-SWAP,1918747.0,1757472582106
2025-09-10 02:49:42.138000+00:00,ACH-USDT-SWAP,82582600.0,1757472582138
2025-09-10 02:49:42.116000+00:00,ACT-USDT-SWAP,81542880.0,1757472582116
2025-09-10 02:49:42.118000+00:00,ADA-USDT-SWAP,79243050.00000001,1757472582118
2025-09-10 02:49:42.121000+00:00,AERO-USDT-SWAP,1685900.0,1757472582121
2025-09-10 02:49:42.149000+00:00,AEVO-USDT-SWAP,18119281.0,1757472582149
2025-09-10 02:49:42.113000+00:00,AGLD-USDT-SWAP,1749733.0,1757472582113
2025-09-10 02:49:42.574000+00:00,AI16Z-USDT-SWAP,55160460.0,1757472582574
2025-09-10 02:49:42.587000+00:00,AIXBT-USDT-SWAP,22230630.0,1757472582587
2025-09-10 02:49:42.602000+00:00,ALCH-USDT-SWAP,16850060.0,1757472582602
2025-09-10 02:49:42.579000+00:00,ALGO-USDT-SWAP,26741550.0,1757472582579
2025-09-10 02:49:42.582000+00:00,ANIME-USDT-SWAP,98746220.0,1757472582582
2025-09-10 02:49:42.584000+00:00,APE-USDT-SWAP,8047521.0,1757472582584
2025-09-10 02:49:42.594000+00:00,API3-USDT-SWAP,3182979.0,1757472582594
2025-09-10 02:49:42.590000+00:00,APT-USDT-SWAP,3492083.0,1757472582590
2025-09-10 02:49:42.633000+00:00,AR-USDT-SWAP,505036.3,1757472582633
2025-09-10 02:49:42.594000+00:00,ARB-USDT-SWAP,35056836.99999999,1757472582594
2025-09-10 02:49:43.065000+00:00,ARC-USDT-SWAP,60872270.0,1757472583065
2025-09-10 02:49:43.061000+00:00,ARKM-USDT-SWAP,5992276.0,1757472583061
2025-09-10 02:49:43.093000+00:00,ATH-USDT-SWAP,187619900.0,1757472583093
2025-09-10 02:49:43.083000+00:00,ATOM-USDT-SWAP,1918683.0,1757472583083
2025-09-10 02:49:43.066000+00:00,AUCTION-USDT-SWAP,217287.4,1757472583066
2025-09-10 02:49:43.067000+00:00,AVAAI-USDT-SWAP,70671760.0,1757472583067
2025-09-10 02:49:43.075000+00:00,AVAX-USDT-SWAP,2241903.9999999995,1757472583075
2025-09-10 02:49:43.082000+00:00,AXS-USDT-SWAP,1300118.2,1757472583082
2025-09-10 02:49:43.076000+00:00,BABY-USDT-SWAP,39570750.0,1757472583076
2025-09-10 02:49:43.078000+00:00,BAND-USDT-SWAP,1435341.0,1757472583078
2025-09-10 02:49:43.554000+00:00,BAT-USDT-SWAP,5582960.0,1757472583554
2025-09-10 02:49:43.554000+00:00,BCH-USDT-SWAP,72959.39999999998,1757472583554
2025-09-10 02:49:43.572000+00:00,BERA-USDT-SWAP,2386246.3,1757472583572
2025-09-10 02:49:43.548000+00:00,BICO-USDT-SWAP,7285677.0,1757472583548
2025-09-10 02:49:43.561000+00:00,BIGTIME-USDT-SWAP,39649720.0,1757472583561
2025-09-10 02:49:43.552000+00:00,BIO-USDT-SWAP,55605153.0,1757472583552
2025-09-10 02:49:43.574000+00:00,BLUR-USDT-SWAP,24189390.0,1757472583574
2025-09-10 02:49:43.687000+00:00,BNB-USDT-SWAP,100297.46,1757472583687
2025-09-10 02:49:43.552000+00:00,BNT-USDT-SWAP,778100.0,1757472583552
2025-09-10 02:49:43.551000+00:00,BOME-USDT-SWAP,1319460000.0,1757472583551
2025-09-10 02:49:44.117000+00:00,BONK-USDT-SWAP,541115200000.0,1757472584117
2025-09-10 02:49:44.114000+00:00,BRETT-USDT-SWAP,11344300.0,1757472584114
2025-09-10 02:49:44.121000+00:00,BTC-USDT-SWAP,28314.579600000085,1757472584121
2025-09-10 02:49:44.125000+00:00,CAT-USDT-SWAP,145512900000.0,1757472584125
2025-09-10 02:49:44.134000+00:00,CATI-USDT-SWAP,17156548.0,1757472584134
2025-09-10 02:49:44.117000+00:00,CELO-USDT-SWAP,4453800.0,1757472584117
2025-09-10 02:49:44.149000+00:00,CETUS-USDT-SWAP,19182660.0,1757472584149
2025-09-10 02:49:44.129000+00:00,CFX-USDT-SWAP,74110950.0,1757472584129
2025-09-10 02:49:44.135000+00:00,CHZ-USDT-SWAP,79459200.0,1757472584135
2025-09-10 02:49:44.117000+00:00,COMP-USDT-SWAP,86184.3,1757472584117
2025-09-10 02:49:44.593000+00:00,COOKIE-USDT-SWAP,5139200.0,1757472584593
2025-09-10 02:49:44.605000+00:00,CORE-USDT-SWAP,11194817.0,1757472584605
2025-09-10 02:49:44.604000+00:00,CRO-USDT-SWAP,73442480.0,1757472584604
2025-09-10 02:49:44.600000+00:00,CRV-USDT-SWAP,23144672.0,1757472584600
2025-09-10 02:49:44.608000+00:00,CTC-USDT-SWAP,1836170.0,1757472584608
2025-09-10 02:49:44.601000+00:00,CVC-USDT-SWAP,9343500.0,1757472584601
2025-09-10 02:49:44.611000+00:00,CVX-USDT-SWAP,307915.0,1757472584611
2025-09-10 02:49:44.591000+00:00,DEGEN-USDT-SWAP,280214600.0,1757472584591
2025-09-10 02:49:44.596000+00:00,DGB-USDT-SWAP,45808100.0,1757472584596
2025-09-10 02:49:44.601000+00:00,DOG-USDT-SWAP,392680000.0,1757472584601
2025-09-10 02:49:45.074000+00:00,DOGE-USDT-SWAP,1627442459.9999993,1757472585074
2025-09-10 02:49:45.067000+00:00,DOGS-USDT-SWAP,15997985000.0,1757472585067
2025-09-10 02:49:45.088000+00:00,DOOD-USDT-SWAP,158541000.0,1757472585088
2025-09-10 02:49:45.073000+00:00,DOT-USDT-SWAP,6248206.0,1757472585073
2025-09-10 02:49:45.081000+00:00,DUCK-USDT-SWAP,819664100.0,1757472585081
2025-09-10 02:49:45.067000+00:00,DYDX-USDT-SWAP,10331859.0,1757472585067
2025-09-10 02:49:45.087000+00:00,EGLD-USDT-SWAP,106376.4,1757472585087
2025-09-10 02:49:45.067000+00:00,EIGEN-USDT-SWAP,3696764.0,1757472585067
2025-09-10 02:49:45.081000+00:00,ENJ-USDT-SWAP,13375990.0,1757472585081
2025-09-10 02:49:45.084000+00:00,ENS-USDT-SWAP,337718.5,1757472585084
2025-09-10 02:49:45.533000+00:00,ETC-USDT-SWAP,1070479.8000000003,1757472585533
2025-09-10 02:49:45.546000+00:00,ETH-USDT-SWAP,780035.9740000024,1757472585546
2025-09-10 02:49:45.547000+00:00,ETHFI-USDT-SWAP,7682093.0,1757472585547
2025-09-10 02:49:45.550000+00:00,ETHW-USDT-SWAP,1234646.6,1757472585550
2025-09-10 02:49:45.541000+00:00,FARTCOIN-USDT-SWAP,17797192.0,1757472585541
2025-09-10 02:49:45.539000+00:00,FIL-USDT-SWAP,14097595.8,1757472585539
2025-09-10 02:49:45.566000+00:00,FLM-USDT-SWAP,29591390.0,1757472585566
2025-09-10 02:49:45.542000+00:00,FLOKI-USDT-SWAP,37409100000.0,1757472585542
2025-09-10 02:49:45.550000+00:00,FLOW-USDT-SWAP,4949850.0,1757472585550
2025-09-10 02:49:45.550000+00:00,FXS-USDT-SWAP,411433.0,1757472585550
2025-09-10 02:49:46.007000+00:00,GALA-USDT-SWAP,441426670.0,1757472586007
2025-09-10 02:49:46.016000+00:00,GAS-USDT-SWAP,404309.0,1757472586016
2025-09-10 02:49:46.013000+00:00,GLM-USDT-SWAP,2799800.0,1757472586013
2025-09-10 02:49:46.021000+00:00,GMT-USDT-SWAP,45695179.0,1757472586021
2025-09-10 02:49:46.021000+00:00,GMX-USDT-SWAP,71472.3,1757472586021
2025-09-10 02:49:46.008000+00:00,GOAT-USDT-SWAP,32694880.0,1757472586008
2025-09-10 02:49:46.022000+00:00,GODS-USDT-SWAP,6828319.0,1757472586022
2025-09-10 02:49:46.007000+00:00,GPS-USDT-SWAP,195369690.0,1757472586007
2025-09-10 02:49:46.013000+00:00,GRASS-USDT-SWAP,2760714.0,1757472586013
2025-09-10 02:49:46.019000+00:00,GRIFFAIN-USDT-SWAP,24361740.0,1757472586019
2025-09-10 02:49:46.463000+00:00,GRT-USDT-SWAP,25613020.0,1757472586463
2025-09-10 02:49:46.467000+00:00,H-USDT-SWAP,58880200.0,1757472586467
2025-09-10 02:49:46.460000+00:00,HBAR-USDT-SWAP,71493750.00000001,1757472586460
2025-09-10 02:49:46.463000+00:00,HMSTR-USDT-SWAP,1214458700.0,1757472586463
2025-09-10 02:49:46.470000+00:00,HOME-USDT-SWAP,21345500.0,1757472586470
2025-09-10 02:49:46.460000+00:00,HUMA-USDT-SWAP,74483000.0,1757472586460
2025-09-10 02:49:46.471000+00:00,HYPE-USDT-SWAP,1082409.9,1757472586471
2025-09-10 02:49:46.449000+00:00,ICP-USDT-SWAP,1281524.08,1757472586449
2025-09-10 02:49:46.465000+00:00,ICX-USDT-SWAP,5951980.0,1757472586465
2025-09-10 02:49:46.466000+00:00,IMX-USDT-SWAP,6889662.0,1757472586466
2025-09-10 02:49:46.923000+00:00,INIT-USDT-SWAP,3230370.0,1757472586923
2025-09-10 02:49:46.924000+00:00,INJ-USDT-SWAP,876393.8,1757472586924
2025-09-10 02:49:46.932000+00:00,IOST-USDT-SWAP,293945000.0,1757472586932
2025-09-10 02:49:46.917000+00:00,IOTA-USDT-SWAP,14434950.0,1757472586917
2025-09-10 02:49:46.941000+00:00,IP-USDT-SWAP,3055739.0,1757472586941
2025-09-10 02:49:46.917000+00:00,JELLYJELLY-USDT-SWAP,198376200.0,1757472586917
2025-09-10 02:49:46.937000+00:00,JOE-USDT-SWAP,6673030.0,1757472586937
2025-09-10 02:49:46.924000+00:00,JTO-USDT-SWAP,2856854.0,1757472586924
2025-09-10 02:49:46.923000+00:00,JUP-USDT-SWAP,14345960.0,1757472586923
2025-09-10 02:49:47.388000+00:00,KAITO-USDT-SWAP,6402019.0,1757472587388
2025-09-10 02:49:47.392000+00:00,KMNO-USDT-SWAP,20149400.0,1757472587392
2025-09-10 02:49:47.391000+00:00,KSM-USDT-SWAP,122257.8,1757472587391
2025-09-10 02:49:47.395000+00:00,LA-USDT-SWAP,2678290.0,1757472587395
2025-09-10 02:49:47.404000+00:00,LAUNCHCOIN-USDT-SWAP,56410800.0,1757472587404
2025-09-10 02:49:47.394000+00:00,LAYER-USDT-SWAP,5947089.0,1757472587394
2025-09-10 02:49:47.397000+00:00,LDO-USDT-SWAP,15190666.0,1757472587397
2025-09-10 02:49:47.393000+00:00,LINK-USDT-SWAP,2490716.2999999993,1757472587393
2025-09-10 02:49:47.392000+00:00,LPT-USDT-SWAP,772187.3,1757472587392
2025-09-10 02:49:47.397000+00:00,LQTY-USDT-SWAP,1546787.0,1757472587397
2025-09-10 02:49:47.840000+00:00,LRC-USDT-SWAP,18918440.0,1757472587840
2025-09-10 02:49:47.830000+00:00,LTC-USDT-SWAP,668246.5999999997,1757472587830
2025-09-10 02:49:47.861000+00:00,LUNA-USDT-SWAP,15994236.0,1757472587861
2025-09-10 02:49:47.837000+00:00,LUNC-USDT-SWAP,32276180000.0,1757472587837
2025-09-10 02:49:47.855000+00:00,MAGIC-USDT-SWAP,16929768.0,1757472587855
2025-09-10 02:49:47.833000+00:00,MAJOR-USDT-SWAP,4813874.0,1757472587833
2025-09-10 02:49:47.844000+00:00,MANA-USDT-SWAP,10167010.0,1757472587844
2025-09-10 02:49:47.838000+00:00,MASK-USDT-SWAP,2866134.0,1757472587838
2025-09-10 02:49:47.838000+00:00,ME-USDT-SWAP,3716418.0,1757472587838
2025-09-10 02:49:47.841000+00:00,MEME-USDT-SWAP,1472835400.0,1757472587841
2025-09-10 02:49:48.313000+00:00,MERL-USDT-SWAP,51454104.0,1757472588313
2025-09-10 02:49:48.332000+00:00,METIS-USDT-SWAP,92617.3,1757472588332
2025-09-10 02:49:48.338000+00:00,MEW-USDT-SWAP,1066017000.0,1757472588338
2025-09-10 02:49:48.335000+00:00,MINA-USDT-SWAP,7032609.0,1757472588335
2025-09-10 02:49:48.323000+00:00,MOG-USDT-SWAP,540550000000.0,1757472588323
2025-09-10 02:49:48.332000+00:00,MOODENG-USDT-SWAP,44569240.0,1757472588332
2025-09-10 02:49:48.317000+00:00,MORPHO-USDT-SWAP,1410741.0,1757472588317
2025-09-10 02:49:48.330000+00:00,MOVE-USDT-SWAP,28981670.0,1757472588330
2025-09-10 02:49:48.335000+00:00,MUBARAK-USDT-SWAP,13098600.0,1757472588335
2025-09-10 02:49:48.794000+00:00,NEAR-USDT-SWAP,5318496.0,1757472588794
2025-09-10 02:49:48.946000+00:00,NEIRO-USDT-SWAP,8486748000.0,1757472588946
2025-09-10 02:49:48.819000+00:00,NEIROETH-USDT-SWAP,14722200.0,1757472588819
2025-09-10 02:49:48.810000+00:00,NEO-USDT-SWAP,376821.0,1757472588810
2025-09-10 02:49:48.828000+00:00,NEWT-USDT-SWAP,2681480.0,1757472588828
2025-09-10 02:49:48.802000+00:00,NMR-USDT-SWAP,394832.6,1757472588802
2025-09-10 02:49:48.802000+00:00,NOT-USDT-SWAP,1579014100.0,1757472588802
2025-09-10 02:49:48.812000+00:00,NXPC-USDT-SWAP,1038222.0,1757472588812
2025-09-10 02:49:48.809000+00:00,OL-USDT-SWAP,83731380.0,1757472588809
2025-09-10 02:49:48.812000+00:00,OM-USDT-SWAP,25787888.000000004,1757472588812
2025-09-10 02:49:49.371000+00:00,ONDO-USDT-SWAP,22201120.0,1757472589371
2025-09-10 02:49:49.381000+00:00,ONE-USDT-SWAP,86867300.0,1757472589381
2025-09-10 02:49:49.403000+00:00,ONT-USDT-SWAP,11244870.0,1757472589403
2025-09-10 02:49:49.384000+00:00,OP-USDT-SWAP,24314741.0,1757472589384
2025-09-10 02:49:49.378000+00:00,ORBS-USDT-SWAP,30082200.0,1757472589378
2025-09-10 02:49:49.382000+00:00,ORDI-USDT-SWAP,1240759.0,1757472589382
2025-09-10 02:49:49.398000+00:00,PARTI-USDT-SWAP,13931070.0,1757472589398
2025-09-10 02:49:49.372000+00:00,PENGU-USDT-SWAP,690233100.0,1757472589372
2025-09-10 02:49:49.402000+00:00,PEOPLE-USDT-SWAP,324314800.0,1757472589402
2025-09-10 02:49:49.378000+00:00,PEPE-USDT-SWAP,8620883000000.001,1757472589378
2025-09-10 02:49:49.867000+00:00,PERP-USDT-SWAP,2988991.0,1757472589867
2025-09-10 02:49:49.882000+00:00,PI-USDT-SWAP,31228444.0,1757472589882
2025-09-10 02:49:49.872000+00:00,PLUME-USDT-SWAP,18954360.0,1757472589872
2025-09-10 02:49:49.869000+00:00,PNUT-USDT-SWAP,37423110.0,1757472589869
2025-09-10 02:49:49.866000+00:00,POL-USDT-SWAP,40419260.0,1757472589866
2025-09-10 02:49:49.871000+00:00,POPCAT-USDT-SWAP,9757380.0,1757472589871
2025-09-10 02:49:49.875000+00:00,PRCL-USDT-SWAP,25380988.0,1757472589875
2025-09-10 02:49:49.858000+00:00,PROMPT-USDT-SWAP,41390410.0,1757472589858
2025-09-10 02:49:49.865000+00:00,PUMP-USDT-SWAP,6361511000.0,1757472589865
2025-09-10 02:49:49.868000+00:00,PYTH-USDT-SWAP,47408730.0,1757472589868
2025-09-10 02:49:50.483000+00:00,QTUM-USDT-SWAP,1457887.0,1757472590483
2025-09-10 02:49:50.332000+00:00,RAY-USDT-SWAP,972509.0,1757472590332
2025-09-10 02:49:50.342000+00:00,RENDER-USDT-SWAP,1360826.0,1757472590342
2025-09-10 02:49:50.346000+00:00,RESOLV-USDT-SWAP,24132750.0,1757472590346
2025-09-10 02:49:50.333000+00:00,RSR-USDT-SWAP,267302300.0,1757472590333
2025-09-10 02:49:50.332000+00:00,RVN-USDT-SWAP,71980370.0,1757472590332
2025-09-10 02:49:50.337000+00:00,S-USDT-SWAP,12266640.0,1757472590337
2025-09-10 02:49:50.324000+00:00,SAHARA-USDT-SWAP,59257240.0,1757472590324
2025-09-10 02:49:50.330000+00:00,SAND-USDT-SWAP,19151700.0,1757472590330
2025-09-10 02:49:50.481000+00:00,SATS-USDT-SWAP,235370740000000.0,1757472590481
2025-09-10 02:49:50.917000+00:00,SCR-USDT-SWAP,3008654.0,1757472590917
2025-09-10 02:49:50.911000+00:00,SHELL-USDT-SWAP,5433800.0,1757472590911
2025-09-10 02:49:50.946000+00:00,SHIB-USDT-SWAP,1632289199999.9998,1757472590946
2025-09-10 02:49:50.927000+00:00,SIGN-USDT-SWAP,46700200.0,1757472590927
2025-09-10 02:49:50.915000+00:00,SLP-USDT-SWAP,422467820.0,1757472590915
2025-09-10 02:49:50.913000+00:00,SNX-USDT-SWAP,2618888.0,1757472590913
2025-09-10 02:49:50.934000+00:00,SOL-USDT-SWAP,3485813.1200000006,1757472590934
2025-09-10 02:49:50.915000+00:00,SOLV-USDT-SWAP,69026000.0,1757472590915
2025-09-10 02:49:50.917000+00:00,SONIC-USDT-SWAP,8128383.0,1757472590917
2025-09-10 02:49:50.914000+00:00,SOON-USDT-SWAP,8874200.0,1757472590914
2025-09-10 02:49:51.381000+00:00,SOPH-USDT-SWAP,82956400.0,1757472591381
2025-09-10 02:49:51.392000+00:00,SPK-USDT-SWAP,119874100.0,1757472591392
2025-09-10 02:49:51.405000+00:00,SPX-USDT-SWAP,1105701.0,1757472591405
2025-09-10 02:49:51.386000+00:00,SSV-USDT-SWAP,289143.5,1757472591386
2025-09-10 02:49:51.387000+00:00,STORJ-USDT-SWAP,5534530.0,1757472591387
2025-09-10 02:49:51.374000+00:00,STRK-USDT-SWAP,22564418.0,1757472591374
2025-09-10 02:49:51.386000+00:00,STX-USDT-SWAP,6597041.0,1757472591386
2025-09-10 02:49:51.373000+00:00,SUI-USDT-SWAP,20070405.0,1757472591373
2025-09-10 02:49:51.392000+00:00,SUSHI-USDT-SWAP,7780987.0,1757472591392
2025-09-10 02:49:51.378000+00:00,SWARMS-USDT-SWAP,81461670.0,1757472591378
2025-09-10 02:49:51.856000+00:00,SYRUP-USDT-SWAP,2865050.0,1757472591856
2025-09-10 02:49:51.853000+00:00,T-USDT-SWAP,43751500.0,1757472591853
2025-09-10 02:49:51.852000+00:00,TAO-USDT-SWAP,15177.09,1757472591852
2025-09-10 02:49:51.857000+00:00,THETA-USDT-SWAP,2981255.0,1757472591857
2025-09-10 02:49:51.864000+00:00,TIA-USDT-SWAP,5724196.0,1757472591864
2025-09-10 02:49:51.991000+00:00,TNSR-USDT-SWAP,8358535.0,1757472591991
2025-09-10 02:49:51.868000+00:00,TON-USDT-SWAP,9445134.0,1757472591868
2025-09-10 02:49:51.847000+00:00,TRB-USDT-SWAP,261617.1,1757472591847
2025-09-10 02:49:51.848000+00:00,TREE-USDT-SWAP,6368559.0,1757472591848
2025-09-10 02:49:51.852000+00:00,TRUMP-USDT-SWAP,5129366.2,1757472591852
2025-09-10 02:49:52.424000+00:00,TRX-USDT-SWAP,95608740.00000006,1757472592424
2025-09-10 02:49:52.420000+00:00,TURBO-USDT-SWAP,908286000.0000001,1757472592420
2025-09-10 02:49:52.419000+00:00,UMA-USDT-SWAP,1457952.2,1757472592419
2025-09-10 02:49:52.426000+00:00,UNI-USDT-SWAP,3356886.0,1757472592426
2025-09-10 02:49:52.428000+00:00,USDC-USDT-SWAP,1194870.0,1757472592428
2025-09-10 02:49:52.432000+00:00,USELESS-USDT-SWAP,13394590.0,1757472592432
2025-09-10 02:49:52.432000+00:00,USTC-USDT-SWAP,114329000.0,1757472592432
2025-09-10 02:49:52.430000+00:00,UXLINK-USDT-SWAP,5842740.0,1757472592430
2025-09-10 02:49:52.425000+00:00,VANA-USDT-SWAP,169631.7,1757472592425
2025-09-10 02:49:52.428000+00:00,VINE-USDT-SWAP,106916350.0,1757472592428
2025-09-10 02:49:52.869000+00:00,VIRTUAL-USDT-SWAP,3638095.0,1757472592869
2025-09-10 02:49:52.881000+00:00,W-USDT-SWAP,52482307.0,1757472592881
2025-09-10 02:49:52.893000+00:00,WAL-USDT-SWAP,2249670.0,1757472592893
2025-09-10 02:49:52.886000+00:00,WAXP-USDT-SWAP,24559600.0,1757472592886
2025-09-10 02:49:52.871000+00:00,WCT-USDT-SWAP,9995390.0,1757472592871
2025-09-10 02:49:52.884000+00:00,WIF-USDT-SWAP,16097271.0,1757472592884
2025-09-10 02:49:52.884000+00:00,WLD-USDT-SWAP,30899990.0,1757472592884
2025-09-10 02:49:52.876000+00:00,WLFI-USDT-SWAP,278311690.0,1757472592876
2025-09-10 02:49:52.886000+00:00,WOO-USDT-SWAP,16636750.0,1757472592886
2025-09-10 02:49:52.874000+00:00,XAUT-USDT-SWAP,5851.184,1757472592874
2025-09-10 02:49:53.348000+00:00,XLM-USDT-SWAP,42674879.99999999,1757472593348
2025-09-10 02:49:53.353000+00:00,XPL-USDT-SWAP,6243310.0,1757472593353
2025-09-10 02:49:53.364000+00:00,XRP-USDT-SWAP,90812400.0,1757472593364
2025-09-10 02:49:53.352000+00:00,XTZ-USDT-SWAP,5025548.0,1757472593352
2025-09-10 02:49:53.497000+00:00,YFI-USDT-SWAP,380.0685,1757472593497
2025-09-10 02:49:53.351000+00:00,YGG-USDT-SWAP,28847374.0,1757472593351
2025-09-10 02:49:53.366000+00:00,ZENT-USDT-SWAP,179727600.0,1757472593366
2025-09-10 02:49:53.348000+00:00,ZEREBRO-USDT-SWAP,54233770.0,1757472593348
2025-09-10 02:49:53.357000+00:00,ZETA-USDT-SWAP,5640950.0,1757472593357
2025-09-10 02:49:53.347000+00:00,ZIL-USDT-SWAP,174506500.0,1757472593347
2025-09-10 02:49:53.922000+00:00,ZK-USDT-SWAP,48554600.0,1757472593922
2025-09-10 02:49:53.930000+00:00,ZRO-USDT-SWAP,1768262.0,1757472593930
2025-09-10 02:49:53.936000+00:00,ZRX-USDT-SWAP,8003200.0,1757472593936
2025-09-10 02:50:54.638000+00:00,1INCH-USDT-SWAP,8118877.0,1757472654638
2025-09-10 02:50:54.654000+00:00,A-USDT-SWAP,10385530.0,1757472654654
2025-09-10 02:50:54.624000+00:00,AAVE-USDT-SWAP,135316.11000000004,1757472654624
2025-09-10 02:50:54.662000+00:00,ACE-USDT-SWAP,1918747.0,1757472654662
2025-09-10 02:50:54.661000+00:00,ACH-USDT-SWAP,82580600.0,1757472654661
2025-09-10 02:50:54.648000+00:00,ACT-USDT-SWAP,81533541.0,1757472654648
2025-09-10 02:50:54.646000+00:00,ADA-USDT-SWAP,79248030.00000001,1757472654646
2025-09-10 02:50:54.642000+00:00,AERO-USDT-SWAP,1685640.0,1757472654642
2025-09-10 02:50:54.646000+00:00,AEVO-USDT-SWAP,18080558.0,1757472654646
2025-09-10 02:50:54.652000+00:00,AGLD-USDT-SWAP,1750047.0,1757472654652
2025-09-10 02:50:55.102000+00:00,AI16Z-USDT-SWAP,55111095.0,1757472655102
2025-09-10 02:50:55.104000+00:00,AIXBT-USDT-SWAP,22215910.0,1757472655104
2025-09-10 02:50:55.130000+00:00,ALCH-USDT-SWAP,16844200.0,1757472655130
2025-09-10 02:50:55.122000+00:00,ALGO-USDT-SWAP,26741680.0,1757472655122
2025-09-10 02:50:55.106000+00:00,ANIME-USDT-SWAP,98746220.0,1757472655106
2025-09-10 02:50:55.125000+00:00,APE-USDT-SWAP,8048717.1,1757472655125
2025-09-10 02:50:55.110000+00:00,API3-USDT-SWAP,3184916.0,1757472655110
2025-09-10 02:50:55.117000+00:00,APT-USDT-SWAP,3491268.0,1757472655117
2025-09-10 02:50:55.143000+00:00,AR-USDT-SWAP,505017.0,1757472655143
2025-09-10 02:50:55.128000+00:00,ARB-USDT-SWAP,35059291.99999999,1757472655128
2025-09-10 02:50:55.574000+00:00,ARC-USDT-SWAP,60860820.0,1757472655574
2025-09-10 02:50:55.572000+00:00,ARKM-USDT-SWAP,5988040.0,1757472655572
2025-09-10 02:50:55.587000+00:00,ATH-USDT-SWAP,187660100.0,1757472655587
2025-09-10 02:50:55.575000+00:00,ATOM-USDT-SWAP,1918765.0,1757472655575
2025-09-10 02:50:55.587000+00:00,AUCTION-USDT-SWAP,217252.4,1757472655587
2025-09-10 02:50:55.586000+00:00,AVAAI-USDT-SWAP,70676160.0,1757472655586
2025-09-10 02:50:55.581000+00:00,AVAX-USDT-SWAP,2242001.1999999993,1757472655581
2025-09-10 02:50:55.584000+00:00,AXS-USDT-SWAP,1300253.2,1757472655584
2025-09-10 02:50:55.583000+00:00,BABY-USDT-SWAP,39578760.0,1757472655583
2025-09-10 02:50:55.592000+00:00,BAND-USDT-SWAP,1434850.0,1757472655592
2025-09-10 02:50:56.028000+00:00,BAT-USDT-SWAP,5582960.0,1757472656028
2025-09-10 02:50:56.038000+00:00,BCH-USDT-SWAP,72983.51999999999,1757472656038
2025-09-10 02:50:56.043000+00:00,BERA-USDT-SWAP,2386364.5,1757472656043
2025-09-10 02:50:56.029000+00:00,BICO-USDT-SWAP,7284074.0,1757472656029
2025-09-10 02:50:56.031000+00:00,BIGTIME-USDT-SWAP,39511450.0,1757472656031
2025-09-10 02:50:56.033000+00:00,BIO-USDT-SWAP,55593792.0,1757472656033
2025-09-10 02:50:56.041000+00:00,BLUR-USDT-SWAP,24251410.0,1757472656041
2025-09-10 02:50:56.032000+00:00,BNB-USDT-SWAP,100293.74,1757472656032
2025-09-10 02:50:56.051000+00:00,BNT-USDT-SWAP,778270.0,1757472656051
2025-09-10 02:50:56.038000+00:00,BOME-USDT-SWAP,1319279000.0,1757472656038
2025-09-10 02:50:56.484000+00:00,BONK-USDT-SWAP,541527100000.0,1757472656484
2025-09-10 02:50:56.493000+00:00,BRETT-USDT-SWAP,11344300.0,1757472656493
2025-09-10 02:50:56.499000+00:00,BTC-USDT-SWAP,28309.56200000008,1757472656499
2025-09-10 02:50:56.502000+00:00,CAT-USDT-SWAP,145511000000.0,1757472656502
2025-09-10 02:50:56.492000+00:00,CATI-USDT-SWAP,17156542.0,1757472656492
2025-09-10 02:50:56.490000+00:00,CELO-USDT-SWAP,4454647.0,1757472656490
2025-09-10 02:50:56.491000+00:00,CETUS-USDT-SWAP,19184560.0,1757472656491
2025-09-10 02:50:56.499000+00:00,CFX-USDT-SWAP,74121090.0,1757472656499
2025-09-10 02:50:56.487000+00:00,CHZ-USDT-SWAP,79441390.0,1757472656487
2025-09-10 02:50:56.506000+00:00,COMP-USDT-SWAP,86179.1,1757472656506
2025-09-10 02:50:56.950000+00:00,COOKIE-USDT-SWAP,5135480.0,1757472656950
2025-09-10 02:50:56.950000+00:00,CORE-USDT-SWAP,11196508.0,1757472656950
2025-09-10 02:50:56.970000+00:00,CRO-USDT-SWAP,73445530.0,1757472656970
2025-09-10 02:50:56.960000+00:00,CRV-USDT-SWAP,23135667.0,1757472656960
2025-09-10 02:50:56.962000+00:00,CTC-USDT-SWAP,1831930.0,1757472656962
2025-09-10 02:50:56.967000+00:00,CVC-USDT-SWAP,9344600.0,1757472656967
2025-09-10 02:50:56.959000+00:00,CVX-USDT-SWAP,307915.0,1757472656959
2025-09-10 02:50:56.963000+00:00,DEGEN-USDT-SWAP,280193700.0,1757472656963
2025-09-10 02:50:56.955000+00:00,DGB-USDT-SWAP,45808100.0,1757472656955
2025-09-10 02:50:56.954000+00:00,DOG-USDT-SWAP,392940000.0,1757472656954
2025-09-10 02:50:57.411000+00:00,DOGE-USDT-SWAP,1627752899.9999993,1757472657411
2025-09-10 02:50:57.413000+00:00,DOGS-USDT-SWAP,16009087000.0,1757472657413
2025-09-10 02:50:57.421000+00:00,DOOD-USDT-SWAP,158553000.0,1757472657421
2025-09-10 02:50:57.412000+00:00,DOT-USDT-SWAP,6246745.0,1757472657412
2025-09-10 02:50:57.411000+00:00,DUCK-USDT-SWAP,819601600.0,1757472657411
2025-09-10 02:50:57.410000+00:00,DYDX-USDT-SWAP,10320955.0,1757472657410
2025-09-10 02:50:57.418000+00:00,EGLD-USDT-SWAP,106376.6,1757472657418
2025-09-10 02:50:57.428000+00:00,EIGEN-USDT-SWAP,3696361.0,1757472657428
2025-09-10 02:50:57.431000+00:00,ENJ-USDT-SWAP,13374440.0,1757472657431
2025-09-10 02:50:57.455000+00:00,ENS-USDT-SWAP,337739.0,1757472657455
2025-09-10 02:50:57.907000+00:00,ETC-USDT-SWAP,1070530.3000000003,1757472657907
2025-09-10 02:50:57.898000+00:00,ETH-USDT-SWAP,779628.9260000023,1757472657898
2025-09-10 02:50:57.909000+00:00,ETHFI-USDT-SWAP,7684502.0,1757472657909
2025-09-10 02:50:57.901000+00:00,ETHW-USDT-SWAP,1234795.6,1757472657901
2025-09-10 02:50:57.901000+00:00,FARTCOIN-USDT-SWAP,17778236.0,1757472657901
2025-09-10 02:50:57.918000+00:00,FIL-USDT-SWAP,14097637.3,1757472657918
2025-09-10 02:50:57.910000+00:00,FLM-USDT-SWAP,29593580.0,1757472657910
2025-09-10 02:50:57.910000+00:00,FLOKI-USDT-SWAP,37412700000.0,1757472657910
2025-09-10 02:50:57.905000+00:00,FLOW-USDT-SWAP,4950060.0,1757472657905
2025-09-10 02:50:57.924000+00:00,FXS-USDT-SWAP,411066.0,1757472657924
2025-09-10 02:50:58.378000+00:00,GALA-USDT-SWAP,440999060.0,1757472658378
2025-09-10 02:50:58.370000+00:00,GAS-USDT-SWAP,404340.0,1757472658370
2025-09-10 02:50:58.389000+00:00,GLM-USDT-SWAP,2799790.0,1757472658389
2025-09-10 02:50:58.369000+00:00,GMT-USDT-SWAP,45694674.0,1757472658369
2025-09-10 02:50:58.376000+00:00,GMX-USDT-SWAP,71472.3,1757472658376
2025-09-10 02:50:58.372000+00:00,GOAT-USDT-SWAP,32692870.0,1757472658372
2025-09-10 02:50:58.388000+00:00,GODS-USDT-SWAP,6818277.0,1757472658388
2025-09-10 02:50:58.499000+00:00,GPS-USDT-SWAP,195323390.0,1757472658499
2025-09-10 02:50:58.381000+00:00,GRASS-USDT-SWAP,2760966.0,1757472658381
2025-09-10 02:50:58.389000+00:00,GRIFFAIN-USDT-SWAP,24324350.0,1757472658389
2025-09-10 02:50:58.930000+00:00,GRT-USDT-SWAP,25604880.0,1757472658930
2025-09-10 02:50:58.926000+00:00,H-USDT-SWAP,58859100.0,1757472658926
2025-09-10 02:50:58.963000+00:00,HBAR-USDT-SWAP,71578410.00000001,1757472658963
2025-09-10 02:50:58.942000+00:00,HMSTR-USDT-SWAP,1214487200.0,1757472658942
2025-09-10 02:50:58.933000+00:00,HOME-USDT-SWAP,21344000.0,1757472658933
2025-09-10 02:50:58.937000+00:00,HUMA-USDT-SWAP,74455800.0,1757472658937
2025-09-10 02:50:58.954000+00:00,HYPE-USDT-SWAP,1081609.4,1757472658954
2025-09-10 02:50:58.943000+00:00,ICP-USDT-SWAP,1281420.9,1757472658943
2025-09-10 02:50:58.942000+00:00,ICX-USDT-SWAP,5957660.0,1757472658942
2025-09-10 02:50:58.954000+00:00,IMX-USDT-SWAP,6887525.0,1757472658954
2025-09-10 02:50:59.393000+00:00,INIT-USDT-SWAP,3230320.0,1757472659393
2025-09-10 02:50:59.392000+00:00,INJ-USDT-SWAP,876460.2,1757472659392
2025-09-10 02:50:59.415000+00:00,IOST-USDT-SWAP,293940000.0,1757472659415
2025-09-10 02:50:59.396000+00:00,IOTA-USDT-SWAP,14434950.0,1757472659396
2025-09-10 02:50:59.402000+00:00,IP-USDT-SWAP,3051313.0,1757472659402
2025-09-10 02:50:59.398000+00:00,JELLYJELLY-USDT-SWAP,198397800.0,1757472659398
2025-09-10 02:50:59.405000+00:00,JOE-USDT-SWAP,6683870.0,1757472659405
2025-09-10 02:50:59.406000+00:00,JTO-USDT-SWAP,2856830.0,1757472659406
2025-09-10 02:50:59.412000+00:00,JUP-USDT-SWAP,14345340.0,1757472659412
2025-09-10 02:50:59.867000+00:00,KAITO-USDT-SWAP,6456534.0,1757472659867
2025-09-10 02:50:59.858000+00:00,KMNO-USDT-SWAP,20145300.0,1757472659858
2025-09-10 02:50:59.881000+00:00,KSM-USDT-SWAP,122292.2,1757472659881
2025-09-10 02:50:59.869000+00:00,LA-USDT-SWAP,2678720.0,1757472659869
2025-09-10 02:50:59.856000+00:00,LAUNCHCOIN-USDT-SWAP,56412170.0,1757472659856
2025-09-10 02:50:59.877000+00:00,LAYER-USDT-SWAP,5945217.0,1757472659877
2025-09-10 02:50:59.872000+00:00,LDO-USDT-SWAP,15186291.0,1757472659872
2025-09-10 02:50:59.871000+00:00,LINK-USDT-SWAP,2488869.1999999993,1757472659871
2025-09-10 02:50:59.865000+00:00,LPT-USDT-SWAP,771926.6,1757472659865
2025-09-10 02:50:59.900000+00:00,LQTY-USDT-SWAP,1546035.0,1757472659900
2025-09-10 02:51:00.496000+00:00,LRC-USDT-SWAP,18919080.0,1757472660496
2025-09-10 02:51:00.341000+00:00,LTC-USDT-SWAP,668166.7999999998,1757472660341
2025-09-10 02:51:00.361000+00:00,LUNA-USDT-SWAP,15994236.0,1757472660361
2025-09-10 02:51:00.353000+00:00,LUNC-USDT-SWAP,32276750000.0,1757472660353
2025-09-10 02:51:00.361000+00:00,MAGIC-USDT-SWAP,16930229.0,1757472660361
2025-09-10 02:51:00.365000+00:00,MAJOR-USDT-SWAP,4813097.0,1757472660365
2025-09-10 02:51:00.487000+00:00,MANA-USDT-SWAP,10167080.0,1757472660487
2025-09-10 02:51:00.526000+00:00,MASK-USDT-SWAP,2866000.0,1757472660526
2025-09-10 02:51:00.366000+00:00,ME-USDT-SWAP,3716445.0,1757472660366
2025-09-10 02:51:00.360000+00:00,MEME-USDT-SWAP,1472923900.0,1757472660360
2025-09-10 02:51:00.967000+00:00,MERL-USDT-SWAP,51465695.0,1757472660967
2025-09-10 02:51:00.968000+00:00,METIS-USDT-SWAP,92620.1,1757472660968
2025-09-10 02:51:00.984000+00:00,MEW-USDT-SWAP,1065845000.0,1757472660984
2025-09-10 02:51:00.958000+00:00,MINA-USDT-SWAP,7042759.0,1757472660958
2025-09-10 02:51:00.970000+00:00,MOG-USDT-SWAP,540555000000.0,1757472660970
2025-09-10 02:51:00.965000+00:00,MOODENG-USDT-SWAP,44569140.0,1757472660965
2025-09-10 02:51:00.962000+00:00,MORPHO-USDT-SWAP,1410738.0,1757472660962
2025-09-10 02:51:00.974000+00:00,MOVE-USDT-SWAP,28978770.0,1757472660974
2025-09-10 02:51:00.976000+00:00,MUBARAK-USDT-SWAP,13099100.0,1757472660976
2025-09-10 02:51:01.445000+00:00,NEAR-USDT-SWAP,5318389.0,1757472661445
2025-09-10 02:51:01.436000+00:00,NEIRO-USDT-SWAP,8484008000.0,1757472661436
2025-09-10 02:51:01.451000+00:00,NEIROETH-USDT-SWAP,14710000.0,1757472661451
2025-09-10 02:51:01.436000+00:00,NEO-USDT-SWAP,376830.0,1757472661436
2025-09-10 02:51:01.426000+00:00,NEWT-USDT-SWAP,2681130.0,1757472661426
2025-09-10 02:51:01.440000+00:00,NMR-USDT-SWAP,398090.5,1757472661440
2025-09-10 02:51:01.436000+00:00,NOT-USDT-SWAP,1579056700.0,1757472661436
2025-09-10 02:51:01.442000+00:00,NXPC-USDT-SWAP,1038322.0,1757472661442
2025-09-10 02:51:01.435000+00:00,OL-USDT-SWAP,83172840.0,1757472661435
2025-09-10 02:51:01.465000+00:00,OM-USDT-SWAP,25788574.000000004,1757472661465
2025-09-10 02:51:01.915000+00:00,ONDO-USDT-SWAP,22183790.0,1757472661915
2025-09-10 02:51:01.917000+00:00,ONE-USDT-SWAP,86858600.0,1757472661917
2025-09-10 02:51:02.064000+00:00,ONT-USDT-SWAP,11241760.0,1757472662064
2025-09-10 02:51:01.934000+00:00,OP-USDT-SWAP,24317498.0,1757472661934
2025-09-10 02:51:01.915000+00:00,ORBS-USDT-SWAP,30000100.0,1757472661915
2025-09-10 02:51:01.923000+00:00,ORDI-USDT-SWAP,1241092.6,1757472661923
2025-09-10 02:51:01.921000+00:00,PARTI-USDT-SWAP,13931110.0,1757472661921
2025-09-10 02:51:01.914000+00:00,PENGU-USDT-SWAP,690536900.0,1757472661914
2025-09-10 02:51:01.927000+00:00,PEOPLE-USDT-SWAP,324123800.0,1757472661927
2025-09-10 02:51:01.940000+00:00,PEPE-USDT-SWAP,8640568000000.002,1757472661940
2025-09-10 02:51:02.493000+00:00,PERP-USDT-SWAP,2989287.0,1757472662493
2025-09-10 02:51:02.500000+00:00,PI-USDT-SWAP,31228444.0,1757472662500
2025-09-10 02:51:02.520000+00:00,PLUME-USDT-SWAP,18930030.0,1757472662520
2025-09-10 02:51:02.523000+00:00,PNUT-USDT-SWAP,37300860.0,1757472662523
2025-09-10 02:51:02.511000+00:00,POL-USDT-SWAP,40419230.0,1757472662511
2025-09-10 02:51:02.517000+00:00,POPCAT-USDT-SWAP,9757230.0,1757472662517
2025-09-10 02:51:02.508000+00:00,PRCL-USDT-SWAP,25653949.0,1757472662508
2025-09-10 02:51:02.503000+00:00,PROMPT-USDT-SWAP,40943320.0,1757472662503
2025-09-10 02:51:02.498000+00:00,PUMP-USDT-SWAP,6357472000.0,1757472662498
2025-09-10 02:51:02.508000+00:00,PYTH-USDT-SWAP,47402950.0,1757472662508
2025-09-10 02:51:02.954000+00:00,QTUM-USDT-SWAP,1457855.0,1757472662954
2025-09-10 02:51:02.969000+00:00,RAY-USDT-SWAP,970180.0,1757472662969
2025-09-10 02:51:02.977000+00:00,RENDER-USDT-SWAP,1360586.0,1757472662977
2025-09-10 02:51:02.964000+00:00,RESOLV-USDT-SWAP,24143340.0,1757472662964
2025-09-10 02:51:02.968000+00:00,RSR-USDT-SWAP,267435700.0,1757472662968
2025-09-10 02:51:02.979000+00:00,RVN-USDT-SWAP,71979350.0,1757472662979
2025-09-10 02:51:02.977000+00:00,S-USDT-SWAP,12263470.0,1757472662977
2025-09-10 02:51:02.972000+00:00,SAHARA-USDT-SWAP,59265560.0,1757472662972
2025-09-10 02:51:02.965000+00:00,SAND-USDT-SWAP,19152110.0,1757472662965
2025-09-10 02:51:03.011000+00:00,SATS-USDT-SWAP,234326350000000.0,1757472663011
2025-09-10 02:51:03.463000+00:00,SCR-USDT-SWAP,3008004.0,1757472663463
2025-09-10 02:51:03.469000+00:00,SHELL-USDT-SWAP,5435540.0,1757472663469
2025-09-10 02:51:03.487000+00:00,SHIB-USDT-SWAP,1632152999999.9998,1757472663487
2025-09-10 02:51:03.477000+00:00,SIGN-USDT-SWAP,46698900.0,1757472663477
2025-09-10 02:51:03.474000+00:00,SLP-USDT-SWAP,422346240.0,1757472663474
2025-09-10 02:51:03.472000+00:00,SNX-USDT-SWAP,2618824.0,1757472663472
2025-09-10 02:51:03.486000+00:00,SOL-USDT-SWAP,3491030.210000001,1757472663486
2025-09-10 02:51:03.477000+00:00,SOLV-USDT-SWAP,69025900.0,1757472663477
2025-09-10 02:51:03.465000+00:00,SONIC-USDT-SWAP,8127456.0,1757472663465
2025-09-10 02:51:03.496000+00:00,SOON-USDT-SWAP,8832900.0,1757472663496
2025-09-10 02:51:03.937000+00:00,SOPH-USDT-SWAP,82963200.0,1757472663937
2025-09-10 02:51:03.955000+00:00,SPK-USDT-SWAP,119904700.0,1757472663955
2025-09-10 02:51:03.949000+00:00,SPX-USDT-SWAP,1101800.0,1757472663949
2025-09-10 02:51:03.959000+00:00,SSV-USDT-SWAP,289109.2,1757472663959
2025-09-10 02:51:03.950000+00:00,STORJ-USDT-SWAP,5533350.0,1757472663950
2025-09-10 02:51:03.954000+00:00,STRK-USDT-SWAP,22583195.0,1757472663954
2025-09-10 02:51:03.952000+00:00,STX-USDT-SWAP,6589021.0,1757472663952
2025-09-10 02:51:03.946000+00:00,SUI-USDT-SWAP,20065397.0,1757472663946
2025-09-10 02:51:04.423000+00:00,SUSHI-USDT-SWAP,7778140.0,1757472664423
2025-09-10 02:51:03.968000+00:00,SWARMS-USDT-SWAP,81487110.0,1757472663968
2025-09-10 02:51:04.869000+00:00,SYRUP-USDT-SWAP,2866440.0,1757472664869
2025-09-10 02:51:04.875000+00:00,T-USDT-SWAP,43751500.0,1757472664875
2025-09-10 02:51:04.898000+00:00,TAO-USDT-SWAP,15177.09,1757472664898
2025-09-10 02:51:04.871000+00:00,THETA-USDT-SWAP,2980734.0,1757472664871
2025-09-10 02:51:04.868000+00:00,TIA-USDT-SWAP,5718737.0,1757472664868
2025-09-10 02:51:04.879000+00:00,TNSR-USDT-SWAP,8358535.0,1757472664879
2025-09-10 02:51:04.883000+00:00,TON-USDT-SWAP,9444891.0,1757472664883
2025-09-10 02:51:04.873000+00:00,TRB-USDT-SWAP,261592.4,1757472664873
2025-09-10 02:51:04.873000+00:00,TREE-USDT-SWAP,6355768.0,1757472664873
2025-09-10 02:51:04.897000+00:00,TRUMP-USDT-SWAP,5129797.8,1757472664897
2025-09-10 02:51:05.344000+00:00,TRX-USDT-SWAP,95605330.00000006,1757472665344
2025-09-10 02:51:05.352000+00:00,TURBO-USDT-SWAP,908357000.0,1757472665352
2025-09-10 02:51:05.350000+00:00,UMA-USDT-SWAP,1457968.8,1757472665350
2025-09-10 02:51:05.348000+00:00,UNI-USDT-SWAP,3356544.0,1757472665348
2025-09-10 02:51:05.347000+00:00,USDC-USDT-SWAP,1194900.0,1757472665347
2025-09-10 02:51:05.353000+00:00,USELESS-USDT-SWAP,13365880.0,1757472665353
2025-09-10 02:51:05.357000+00:00,USTC-USDT-SWAP,114341200.0,1757472665357
2025-09-10 02:51:05.352000+00:00,UXLINK-USDT-SWAP,5835100.0,1757472665352
2025-09-10 02:51:05.359000+00:00,VANA-USDT-SWAP,169624.3,1757472665359
2025-09-10 02:51:05.379000+00:00,VINE-USDT-SWAP,107012680.0,1757472665379
2025-09-10 02:51:05.833000+00:00,VIRTUAL-USDT-SWAP,3637836.0,1757472665833
2025-09-10 02:51:05.824000+00:00,W-USDT-SWAP,52456596.0,1757472665824
2025-09-10 02:51:05.846000+00:00,WAL-USDT-SWAP,2249880.0,1757472665846
2025-09-10 02:51:05.836000+00:00,WAXP-USDT-SWAP,24559600.0,1757472665836
2025-09-10 02:51:05.819000+00:00,WCT-USDT-SWAP,9995380.0,1757472665819
2025-09-10 02:51:05.860000+00:00,WIF-USDT-SWAP,16100017.0,1757472665860
2025-09-10 02:51:05.830000+00:00,WLD-USDT-SWAP,31018663.0,1757472665830
2025-09-10 02:51:05.836000+00:00,WLFI-USDT-SWAP,278499590.0,1757472665836
2025-09-10 02:51:05.840000+00:00,WOO-USDT-SWAP,16637090.0,1757472665840
2025-09-10 02:51:05.833000+00:00,XAUT-USDT-SWAP,5851.655,1757472665833
2025-09-10 02:51:06.306000+00:00,XLM-USDT-SWAP,42679240.0,1757472666306
2025-09-10 02:51:06.309000+00:00,XPL-USDT-SWAP,6242620.0,1757472666309
2025-09-10 02:51:06.327000+00:00,XRP-USDT-SWAP,90777343.0,1757472666327
2025-09-10 02:51:06.327000+00:00,XTZ-USDT-SWAP,5024536.0,1757472666327
2025-09-10 02:51:06.325000+00:00,YFI-USDT-SWAP,380.0177,1757472666325
2025-09-10 02:51:06.331000+00:00,YGG-USDT-SWAP,28862735.0,1757472666331
2025-09-10 02:51:06.326000+00:00,ZENT-USDT-SWAP,179440400.0,1757472666326
2025-09-10 02:51:06.314000+00:00,ZEREBRO-USDT-SWAP,54218700.0,1757472666314
2025-09-10 02:51:06.322000+00:00,ZETA-USDT-SWAP,5641070.0,1757472666322
2025-09-10 02:51:06.334000+00:00,ZIL-USDT-SWAP,174554500.0,1757472666334
2025-09-10 02:51:06.773000+00:00,ZK-USDT-SWAP,48543340.0,1757472666773
2025-09-10 02:51:06.775000+00:00,ZRO-USDT-SWAP,1768905.0,1757472666775
2025-09-10 02:51:06.764000+00:00,ZRX-USDT-SWAP,8001780.0,1757472666764
