datetime_utc,symbol,oi_value,timestamp_ms
2025-09-07 00:59:12.555000+00:00,1INCH-USDT-SWAP,7682937.0,1757206752555
2025-09-07 00:59:12.571000+00:00,A-USDT-SWAP,9812870.0,1757206752571
2025-09-07 00:59:12.557000+00:00,AAVE-USDT-SWAP,132750.03,1757206752557
2025-09-07 00:59:12.556000+00:00,ACE-USDT-SWAP,1916626.0,1757206752556
2025-09-07 00:59:12.552000+00:00,ACH-USDT-SWAP,76653400.0,1757206752552
2025-09-07 00:59:12.564000+00:00,ACT-USDT-SWAP,80379279.0,1757206752564
2025-09-07 00:59:12.693000+00:00,ADA-USDT-SWAP,76643270.00000001,1757206752693
2025-09-07 00:59:12.565000+00:00,AERO-USDT-SWAP,1643430.0,1757206752565
2025-09-07 00:59:12.587000+00:00,AEVO-USDT-SWAP,12799517.0,1757206752587
2025-09-07 00:59:12.547000+00:00,AGLD-USDT-SWAP,1907178.0,1757206752547
2025-09-07 00:59:13.114000+00:00,AI16Z-USDT-SWAP,50379210.0,1757206753114
2025-09-07 00:59:13.119000+00:00,AIXBT-USDT-SWAP,21908960.0,1757206753119
2025-09-07 00:59:13.121000+00:00,ALCH-USDT-SWAP,23100980.0,1757206753121
2025-09-07 00:59:13.112000+00:00,ALGO-USDT-SWAP,28119950.0,1757206753112
2025-09-07 00:59:13.128000+00:00,ANIME-USDT-SWAP,113210750.0,1757206753128
2025-09-07 00:59:13.120000+00:00,APE-USDT-SWAP,8139393.5,1757206753120
2025-09-07 00:59:13.118000+00:00,API3-USDT-SWAP,4796928.0,1757206753118
2025-09-07 00:59:13.105000+00:00,APT-USDT-SWAP,3686367.0,1757206753105
2025-09-07 00:59:13.116000+00:00,AR-USDT-SWAP,526218.5,1757206753116
2025-09-07 00:59:13.122000+00:00,ARB-USDT-SWAP,33455543.0,1757206753122
2025-09-07 00:59:13.552000+00:00,ARC-USDT-SWAP,61019020.0,1757206753552
2025-09-07 00:59:13.550000+00:00,ARKM-USDT-SWAP,3488884.0,1757206753550
2025-09-07 00:59:13.573000+00:00,ATH-USDT-SWAP,141186000.0,1757206753573
2025-09-07 00:59:13.567000+00:00,ATOM-USDT-SWAP,1841677.0,1757206753567
2025-09-07 00:59:13.558000+00:00,AUCTION-USDT-SWAP,208956.8,1757206753558
2025-09-07 00:59:13.561000+00:00,AVAAI-USDT-SWAP,54194970.0,1757206753561
2025-09-07 00:59:13.559000+00:00,AVAX-USDT-SWAP,1843758.4000000001,1757206753559
2025-09-07 00:59:13.561000+00:00,AXS-USDT-SWAP,1195280.8,1757206753561
2025-09-07 00:59:13.556000+00:00,BABY-USDT-SWAP,39512180.0,1757206753556
2025-09-07 00:59:13.564000+00:00,BAND-USDT-SWAP,1744538.0,1757206753564
2025-09-07 00:59:13.989000+00:00,BAT-USDT-SWAP,5499250.0,1757206753989
2025-09-07 00:59:13.994000+00:00,BCH-USDT-SWAP,83207.45999999998,1757206753994
2025-09-07 00:59:14.007000+00:00,BERA-USDT-SWAP,2364425.6,1757206754007
2025-09-07 00:59:13.996000+00:00,BICO-USDT-SWAP,7002840.0,1757206753996
2025-09-07 00:59:13.988000+00:00,BIGTIME-USDT-SWAP,40084350.0,1757206753988
2025-09-07 00:59:13.994000+00:00,BIO-USDT-SWAP,75250183.0,1757206753994
2025-09-07 00:59:13.985000+00:00,BLUR-USDT-SWAP,23446450.0,1757206753985
2025-09-07 00:59:13.991000+00:00,BNB-USDT-SWAP,90151.99,1757206753991
2025-09-07 00:59:13.991000+00:00,BNT-USDT-SWAP,696550.0,1757206753991
2025-09-07 00:59:13.990000+00:00,BOME-USDT-SWAP,1336237000.0,1757206753990
2025-09-07 00:59:14.417000+00:00,BONK-USDT-SWAP,473586400000.0,1757206754417
2025-09-07 00:59:14.439000+00:00,BRETT-USDT-SWAP,13903700.0,1757206754439
2025-09-07 00:59:14.442000+00:00,BTC-USDT-SWAP,27429.19760000007,1757206754442
2025-09-07 00:59:14.429000+00:00,CAT-USDT-SWAP,200157500000.0,1757206754429
2025-09-07 00:59:14.432000+00:00,CATI-USDT-SWAP,17538903.0,1757206754432
2025-09-07 00:59:14.447000+00:00,CELO-USDT-SWAP,4063094.0,1757206754447
2025-09-07 00:59:14.432000+00:00,CETUS-USDT-SWAP,17648660.0,1757206754432
2025-09-07 00:59:14.422000+00:00,CFX-USDT-SWAP,77537330.0,1757206754422
2025-09-07 00:59:14.431000+00:00,CHZ-USDT-SWAP,80665000.0,1757206754431
2025-09-07 00:59:14.447000+00:00,COMP-USDT-SWAP,91997.0,1757206754447
2025-09-07 00:59:14.868000+00:00,COOKIE-USDT-SWAP,4642400.0,1757206754868
2025-09-07 00:59:14.867000+00:00,CORE-USDT-SWAP,10010388.0,1757206754867
2025-09-07 00:59:14.862000+00:00,CRO-USDT-SWAP,67339340.0,1757206754862
2025-09-07 00:59:14.859000+00:00,CRV-USDT-SWAP,25247437.0,1757206754859
2025-09-07 00:59:14.868000+00:00,CTC-USDT-SWAP,1826900.0,1757206754868
2025-09-07 00:59:14.876000+00:00,CVC-USDT-SWAP,10085900.0,1757206754876
2025-09-07 00:59:14.869000+00:00,CVX-USDT-SWAP,303823.0,1757206754869
2025-09-07 00:59:14.931000+00:00,DEGEN-USDT-SWAP,277586900.0,1757206754931
2025-09-07 00:59:14.872000+00:00,DGB-USDT-SWAP,49439800.0,1757206754872
2025-09-07 00:59:14.867000+00:00,DOG-USDT-SWAP,576824000.0,1757206754867
2025-09-07 00:59:15.350000+00:00,DOGE-USDT-SWAP,1389759529.9999993,1757206755350
2025-09-07 00:59:15.395000+00:00,DOGS-USDT-SWAP,19133146000.0,1757206755395
2025-09-07 00:59:15.371000+00:00,DOOD-USDT-SWAP,139495000.0,1757206755371
2025-09-07 00:59:15.360000+00:00,DOT-USDT-SWAP,5605467.0,1757206755360
2025-09-07 00:59:15.359000+00:00,DUCK-USDT-SWAP,846101800.0,1757206755359
2025-09-07 00:59:15.361000+00:00,DYDX-USDT-SWAP,9069171.0,1757206755361
2025-09-07 00:59:15.379000+00:00,EGLD-USDT-SWAP,101269.1,1757206755379
2025-09-07 00:59:15.355000+00:00,EIGEN-USDT-SWAP,3190760.0,1757206755355
2025-09-07 00:59:15.368000+00:00,ENJ-USDT-SWAP,12808240.0,1757206755368
2025-09-07 00:59:15.356000+00:00,ENS-USDT-SWAP,352926.5,1757206755356
2025-09-07 00:59:15.807000+00:00,ETC-USDT-SWAP,1097319.1000000008,1757206755807
2025-09-07 00:59:15.808000+00:00,ETH-USDT-SWAP,741552.7150000015,1757206755808
2025-09-07 00:59:15.817000+00:00,ETHFI-USDT-SWAP,8073401.0,1757206755817
2025-09-07 00:59:15.814000+00:00,ETHW-USDT-SWAP,1304737.8,1757206755814
2025-09-07 00:59:15.844000+00:00,FARTCOIN-USDT-SWAP,20470359.0,1757206755844
2025-09-07 00:59:15.815000+00:00,FIL-USDT-SWAP,13659356.3,1757206755815
2025-09-07 00:59:15.815000+00:00,FLM-USDT-SWAP,26012420.0,1757206755815
2025-09-07 00:59:15.812000+00:00,FLOKI-USDT-SWAP,42022400000.0,1757206755812
2025-09-07 00:59:15.809000+00:00,FLOW-USDT-SWAP,4305550.0,1757206755809
2025-09-07 00:59:15.808000+00:00,FXS-USDT-SWAP,253978.0,1757206755808
2025-09-07 00:59:16.261000+00:00,GALA-USDT-SWAP,419038310.0,1757206756261
2025-09-07 00:59:16.285000+00:00,GAS-USDT-SWAP,485030.0,1757206756285
2025-09-07 00:59:16.279000+00:00,GLM-USDT-SWAP,2760000.0,1757206756279
2025-09-07 00:59:16.264000+00:00,GMT-USDT-SWAP,46443513.0,1757206756264
2025-09-07 00:59:16.406000+00:00,GMX-USDT-SWAP,73511.7,1757206756406
2025-09-07 00:59:16.269000+00:00,GOAT-USDT-SWAP,25122120.0,1757206756269
2025-09-07 00:59:16.307000+00:00,GODS-USDT-SWAP,6292634.0,1757206756307
2025-09-07 00:59:16.268000+00:00,GPS-USDT-SWAP,173028310.0,1757206756268
2025-09-07 00:59:16.263000+00:00,GRASS-USDT-SWAP,2734723.0,1757206756263
2025-09-07 00:59:16.267000+00:00,GRIFFAIN-USDT-SWAP,23563460.0,1757206756267
2025-09-07 00:59:16.819000+00:00,GRT-USDT-SWAP,22524740.0,1757206756819
2025-09-07 00:59:16.817000+00:00,H-USDT-SWAP,59871500.0,1757206756817
2025-09-07 00:59:16.825000+00:00,HBAR-USDT-SWAP,73164560.0,1757206756825
2025-09-07 00:59:16.835000+00:00,HMSTR-USDT-SWAP,939703100.0,1757206756835
2025-09-07 00:59:16.818000+00:00,HOME-USDT-SWAP,25456600.0,1757206756818
2025-09-07 00:59:16.828000+00:00,HUMA-USDT-SWAP,87205700.0,1757206756828
2025-09-07 00:59:16.820000+00:00,HYPE-USDT-SWAP,803460.9,1757206756820
2025-09-07 00:59:16.819000+00:00,ICP-USDT-SWAP,1235332.13,1757206756819
2025-09-07 00:59:16.819000+00:00,ICX-USDT-SWAP,6386240.0,1757206756819
2025-09-07 00:59:16.827000+00:00,IMX-USDT-SWAP,6672548.0,1757206756827
2025-09-07 00:59:17.262000+00:00,INIT-USDT-SWAP,2434110.0,1757206757262
2025-09-07 00:59:17.249000+00:00,INJ-USDT-SWAP,856619.8,1757206757249
2025-09-07 00:59:17.263000+00:00,IOST-USDT-SWAP,312783000.0,1757206757263
2025-09-07 00:59:17.395000+00:00,IOTA-USDT-SWAP,15703620.0,1757206757395
2025-09-07 00:59:17.294000+00:00,IP-USDT-SWAP,2975258.0,1757206757294
2025-09-07 00:59:17.260000+00:00,JELLYJELLY-USDT-SWAP,217867600.0,1757206757260
2025-09-07 00:59:17.251000+00:00,JOE-USDT-SWAP,7292890.0,1757206757251
2025-09-07 00:59:17.259000+00:00,JTO-USDT-SWAP,2894075.0,1757206757259
2025-09-07 00:59:17.251000+00:00,JUP-USDT-SWAP,14283980.0,1757206757251
2025-09-07 00:59:17.833000+00:00,KAITO-USDT-SWAP,3486003.0,1757206757833
2025-09-07 00:59:17.841000+00:00,KMNO-USDT-SWAP,17189600.0,1757206757841
2025-09-07 00:59:17.853000+00:00,KSM-USDT-SWAP,123141.9,1757206757853
2025-09-07 00:59:17.851000+00:00,LA-USDT-SWAP,3185520.0,1757206757851
2025-09-07 00:59:17.844000+00:00,LAUNCHCOIN-USDT-SWAP,40150290.0,1757206757844
2025-09-07 00:59:17.846000+00:00,LAYER-USDT-SWAP,6121924.0,1757206757846
2025-09-07 00:59:17.853000+00:00,LDO-USDT-SWAP,14623500.0,1757206757853
2025-09-07 00:59:17.847000+00:00,LINK-USDT-SWAP,2592961.9,1757206757847
2025-09-07 00:59:17.854000+00:00,LPT-USDT-SWAP,848794.9,1757206757854
2025-09-07 00:59:17.842000+00:00,LQTY-USDT-SWAP,1569791.0,1757206757842
2025-09-07 00:59:18.259000+00:00,LRC-USDT-SWAP,17998410.0,1757206758259
2025-09-07 00:59:18.270000+00:00,LTC-USDT-SWAP,636957.5000000001,1757206758270
2025-09-07 00:59:18.281000+00:00,LUNA-USDT-SWAP,15442436.0,1757206758281
2025-09-07 00:59:18.272000+00:00,LUNC-USDT-SWAP,33186510000.0,1757206758272
2025-09-07 00:59:18.284000+00:00,MAGIC-USDT-SWAP,19768961.0,1757206758284
2025-09-07 00:59:18.280000+00:00,MAJOR-USDT-SWAP,4804934.0,1757206758280
2025-09-07 00:59:18.273000+00:00,MANA-USDT-SWAP,9943360.0,1757206758273
2025-09-07 00:59:18.267000+00:00,MASK-USDT-SWAP,3097027.0,1757206758267
2025-09-07 00:59:18.269000+00:00,ME-USDT-SWAP,3011829.0,1757206758269
2025-09-07 00:59:18.272000+00:00,MEME-USDT-SWAP,1824663700.0,1757206758272
2025-09-07 00:59:18.693000+00:00,MERL-USDT-SWAP,60624938.0,1757206758693
2025-09-07 00:59:18.699000+00:00,METIS-USDT-SWAP,96691.6,1757206758699
2025-09-07 00:59:18.719000+00:00,MEW-USDT-SWAP,1020212000.0,1757206758719
2025-09-07 00:59:18.700000+00:00,MINA-USDT-SWAP,7205326.0,1757206758700
2025-09-07 00:59:18.706000+00:00,MOG-USDT-SWAP,658280000000.0,1757206758706
2025-09-07 00:59:18.700000+00:00,MOODENG-USDT-SWAP,47253810.0,1757206758700
2025-09-07 00:59:18.710000+00:00,MORPHO-USDT-SWAP,1349217.0,1757206758710
2025-09-07 00:59:18.699000+00:00,MOVE-USDT-SWAP,29555000.0,1757206758699
2025-09-07 00:59:18.709000+00:00,MUBARAK-USDT-SWAP,13201400.0,1757206758709
2025-09-07 00:59:19.151000+00:00,NEAR-USDT-SWAP,5393476.000000001,1757206759151
2025-09-07 00:59:19.147000+00:00,NEIRO-USDT-SWAP,9185012000.0,1757206759147
2025-09-07 00:59:19.161000+00:00,NEIROETH-USDT-SWAP,22582200.0,1757206759161
2025-09-07 00:59:19.152000+00:00,NEO-USDT-SWAP,310215.0,1757206759152
2025-09-07 00:59:19.150000+00:00,NEWT-USDT-SWAP,3794360.0,1757206759150
2025-09-07 00:59:19.153000+00:00,NMR-USDT-SWAP,652594.2,1757206759153
2025-09-07 00:59:19.208000+00:00,NOT-USDT-SWAP,1749452500.0,1757206759208
2025-09-07 00:59:19.148000+00:00,NXPC-USDT-SWAP,823802.0,1757206759148
2025-09-07 00:59:19.148000+00:00,OL-USDT-SWAP,88809760.0,1757206759148
2025-09-07 00:59:19.163000+00:00,OM-USDT-SWAP,26192938.999999996,1757206759163
2025-09-07 00:59:19.622000+00:00,ONDO-USDT-SWAP,19140790.0,1757206759622
2025-09-07 00:59:19.637000+00:00,ONE-USDT-SWAP,78775600.0,1757206759637
2025-09-07 00:59:19.635000+00:00,ONT-USDT-SWAP,14304570.0,1757206759635
2025-09-07 00:59:19.625000+00:00,OP-USDT-SWAP,19779654.0,1757206759625
2025-09-07 00:59:19.632000+00:00,ORBS-USDT-SWAP,26227000.0,1757206759632
2025-09-07 00:59:19.631000+00:00,ORDI-USDT-SWAP,1183510.0,1757206759631
2025-09-07 00:59:19.630000+00:00,PARTI-USDT-SWAP,13699550.0,1757206759630
2025-09-07 00:59:19.621000+00:00,PENGU-USDT-SWAP,556206400.0,1757206759621
2025-09-07 00:59:19.620000+00:00,PEOPLE-USDT-SWAP,299191900.0,1757206759620
2025-09-07 00:59:19.634000+00:00,PEPE-USDT-SWAP,6512069000000.003,1757206759634
2025-09-07 00:59:20.047000+00:00,PERP-USDT-SWAP,2468838.0,1757206760047
2025-09-07 00:59:20.054000+00:00,PI-USDT-SWAP,33437491.0,1757206760054
2025-09-07 00:59:20.061000+00:00,PLUME-USDT-SWAP,14276970.0,1757206760061
2025-09-07 00:59:20.062000+00:00,PNUT-USDT-SWAP,37692740.0,1757206760062
2025-09-07 00:59:20.061000+00:00,POL-USDT-SWAP,39189840.0,1757206760061
2025-09-07 00:59:20.067000+00:00,POPCAT-USDT-SWAP,10574370.0,1757206760067
2025-09-07 00:59:20.061000+00:00,PRCL-USDT-SWAP,21393017.0,1757206760061
2025-09-07 00:59:20.047000+00:00,PROMPT-USDT-SWAP,30992520.0,1757206760047
2025-09-07 00:59:20.054000+00:00,PUMP-USDT-SWAP,6635500000.0,1757206760054
2025-09-07 00:59:20.061000+00:00,PYTH-USDT-SWAP,49382230.0,1757206760061
2025-09-07 00:59:20.487000+00:00,QTUM-USDT-SWAP,1514902.0,1757206760487
2025-09-07 00:59:20.482000+00:00,RAY-USDT-SWAP,967957.0,1757206760482
2025-09-07 00:59:20.499000+00:00,RENDER-USDT-SWAP,1388529.0,1757206760499
2025-09-07 00:59:20.490000+00:00,RESOLV-USDT-SWAP,27765390.0,1757206760490
2025-09-07 00:59:20.502000+00:00,RSR-USDT-SWAP,252589500.0,1757206760502
2025-09-07 00:59:20.508000+00:00,RVN-USDT-SWAP,84673980.0,1757206760508
2025-09-07 00:59:20.496000+00:00,S-USDT-SWAP,13535210.0,1757206760496
2025-09-07 00:59:20.493000+00:00,SAHARA-USDT-SWAP,56412380.0,1757206760493
2025-09-07 00:59:20.491000+00:00,SAND-USDT-SWAP,19430720.0,1757206760491
2025-09-07 00:59:20.500000+00:00,SATS-USDT-SWAP,171066810000000.0,1757206760500
2025-09-07 00:59:20.940000+00:00,SCR-USDT-SWAP,3275090.0,1757206760940
2025-09-07 00:59:20.958000+00:00,SHELL-USDT-SWAP,5679390.0,1757206760958
2025-09-07 00:59:20.940000+00:00,SHIB-USDT-SWAP,1321086000000.0002,1757206760940
2025-09-07 00:59:20.940000+00:00,SIGN-USDT-SWAP,45469500.0,1757206760940
2025-09-07 00:59:20.941000+00:00,SLP-USDT-SWAP,456300210.0,1757206760941
2025-09-07 00:59:20.939000+00:00,SNX-USDT-SWAP,2476368.0,1757206760939
2025-09-07 00:59:20.940000+00:00,SOL-USDT-SWAP,3421418.8200000017,1757206760940
2025-09-07 00:59:20.937000+00:00,SOLV-USDT-SWAP,50229900.0,1757206760937
2025-09-07 00:59:20.941000+00:00,SONIC-USDT-SWAP,7172426.0,1757206760941
2025-09-07 00:59:20.942000+00:00,SOON-USDT-SWAP,8649370.0,1757206760942
2025-09-07 00:59:21.375000+00:00,SOPH-USDT-SWAP,90639300.0,1757206761375
2025-09-07 00:59:21.374000+00:00,SPK-USDT-SWAP,139456700.0,1757206761374
2025-09-07 00:59:21.378000+00:00,SPX-USDT-SWAP,1144671.0,1757206761378
2025-09-07 00:59:21.385000+00:00,SSV-USDT-SWAP,284425.3,1757206761385
2025-09-07 00:59:21.371000+00:00,STORJ-USDT-SWAP,5561910.0,1757206761371
2025-09-07 00:59:21.380000+00:00,STRK-USDT-SWAP,25961546.0,1757206761380
2025-09-07 00:59:21.369000+00:00,STX-USDT-SWAP,6674616.0,1757206761369
2025-09-07 00:59:21.369000+00:00,SUI-USDT-SWAP,20607172.0,1757206761369
2025-09-07 00:59:21.369000+00:00,SUSHI-USDT-SWAP,8091712.0,1757206761369
2025-09-07 00:59:21.379000+00:00,SWARMS-USDT-SWAP,78687340.0,1757206761379
2025-09-07 00:59:21.811000+00:00,SYRUP-USDT-SWAP,3267700.0,1757206761811
2025-09-07 00:59:21.796000+00:00,T-USDT-SWAP,39667500.0,1757206761796
2025-09-07 00:59:21.826000+00:00,TAO-USDT-SWAP,15737.46,1757206761826
2025-09-07 00:59:21.809000+00:00,THETA-USDT-SWAP,2626323.0,1757206761809
2025-09-07 00:59:21.802000+00:00,TIA-USDT-SWAP,5205363.0,1757206761802
2025-09-07 00:59:21.843000+00:00,TNSR-USDT-SWAP,8385266.0,1757206761843
2025-09-07 00:59:21.809000+00:00,TON-USDT-SWAP,9747356.0,1757206761809
2025-09-07 00:59:21.825000+00:00,TRB-USDT-SWAP,280524.7,1757206761825
2025-09-07 00:59:21.809000+00:00,TREE-USDT-SWAP,7467263.0,1757206761809
2025-09-07 00:59:21.814000+00:00,TRUMP-USDT-SWAP,5376348.1,1757206761814
2025-09-07 00:59:22.242000+00:00,TRX-USDT-SWAP,96211620.00000004,1757206762242
2025-09-07 00:59:22.258000+00:00,TURBO-USDT-SWAP,829683000.0000001,1757206762258
2025-09-07 00:59:22.273000+00:00,UMA-USDT-SWAP,1534697.8,1757206762273
2025-09-07 00:59:22.250000+00:00,UNI-USDT-SWAP,3120682.0,1757206762250
2025-09-07 00:59:22.251000+00:00,USDC-USDT-SWAP,1020770.0,1757206762251
2025-09-07 00:59:22.261000+00:00,USELESS-USDT-SWAP,16591000.0,1757206762261
2025-09-07 00:59:22.258000+00:00,USTC-USDT-SWAP,147926300.0,1757206762258
2025-09-07 00:59:22.253000+00:00,UXLINK-USDT-SWAP,5587280.0,1757206762253
2025-09-07 00:59:22.262000+00:00,VANA-USDT-SWAP,129147.3,1757206762262
2025-09-07 00:59:22.254000+00:00,VINE-USDT-SWAP,103775900.0,1757206762254
2025-09-07 00:59:22.679000+00:00,VIRTUAL-USDT-SWAP,3216645.0,1757206762679
2025-09-07 00:59:22.695000+00:00,W-USDT-SWAP,48901285.0,1757206762695
2025-09-07 00:59:22.696000+00:00,WAL-USDT-SWAP,2150120.0,1757206762696
2025-09-07 00:59:22.699000+00:00,WAXP-USDT-SWAP,27587700.0,1757206762699
2025-09-07 00:59:22.699000+00:00,WCT-USDT-SWAP,10267820.0,1757206762699
2025-09-07 00:59:22.710000+00:00,WIF-USDT-SWAP,17373847.0,1757206762710
2025-09-07 00:59:22.690000+00:00,WLD-USDT-SWAP,34003257.0,1757206762690
2025-09-07 00:59:22.689000+00:00,WLFI-USDT-SWAP,290611200.0,1757206762689
2025-09-07 00:59:22.697000+00:00,WOO-USDT-SWAP,15011220.0,1757206762697
2025-09-07 00:59:22.700000+00:00,XAUT-USDT-SWAP,5831.091,1757206762700
2025-09-07 00:59:23.125000+00:00,XLM-USDT-SWAP,38983729.99999999,1757206763125
2025-09-07 00:59:23.123000+00:00,XPL-USDT-SWAP,7021000.0,1757206763123
2025-09-07 00:59:23.138000+00:00,XRP-USDT-SWAP,91759245.00000001,1757206763138
2025-09-07 00:59:23.126000+00:00,XTZ-USDT-SWAP,5686158.0,1757206763126
2025-09-07 00:59:23.133000+00:00,YFI-USDT-SWAP,368.4693,1757206763133
2025-09-07 00:59:23.179000+00:00,YGG-USDT-SWAP,27886068.0,1757206763179
2025-09-07 00:59:23.134000+00:00,ZENT-USDT-SWAP,177923700.0,1757206763134
2025-09-07 00:59:23.137000+00:00,ZEREBRO-USDT-SWAP,76929670.0,1757206763137
2025-09-07 00:59:23.129000+00:00,ZETA-USDT-SWAP,5604840.0,1757206763129
2025-09-07 00:59:23.126000+00:00,ZIL-USDT-SWAP,159061100.0,1757206763126
2025-09-07 00:59:23.604000+00:00,ZK-USDT-SWAP,50922650.0,1757206763604
2025-09-07 00:59:23.591000+00:00,ZRO-USDT-SWAP,2189568.0,1757206763591
2025-09-07 00:59:23.607000+00:00,ZRX-USDT-SWAP,7910490.0,1757206763607
2025-09-07 01:00:24.294000+00:00,1INCH-USDT-SWAP,7681911.0,1757206824294
2025-09-07 01:00:24.343000+00:00,A-USDT-SWAP,9812870.0,1757206824343
2025-09-07 01:00:24.316000+00:00,AAVE-USDT-SWAP,132746.58000000002,1757206824316
2025-09-07 01:00:24.312000+00:00,ACE-USDT-SWAP,1915836.0,1757206824312
2025-09-07 01:00:24.288000+00:00,ACH-USDT-SWAP,76657100.0,1757206824288
2025-09-07 01:00:24.295000+00:00,ACT-USDT-SWAP,80358115.0,1757206824295
2025-09-07 01:00:24.328000+00:00,ADA-USDT-SWAP,76659090.00000001,1757206824328
2025-09-07 01:00:24.332000+00:00,AERO-USDT-SWAP,1643350.0,1757206824332
2025-09-07 01:00:24.320000+00:00,AEVO-USDT-SWAP,12801697.0,1757206824320
2025-09-07 01:00:24.300000+00:00,AGLD-USDT-SWAP,1906328.0,1757206824300
2025-09-07 01:00:24.870000+00:00,AI16Z-USDT-SWAP,50392290.0,1757206824870
2025-09-07 01:00:24.758000+00:00,AIXBT-USDT-SWAP,21909490.0,1757206824758
2025-09-07 01:00:24.765000+00:00,ALCH-USDT-SWAP,23100730.0,1757206824765
2025-09-07 01:00:24.758000+00:00,ALGO-USDT-SWAP,28120910.0,1757206824758
2025-09-07 01:00:24.759000+00:00,ANIME-USDT-SWAP,113221950.0,1757206824759
2025-09-07 01:00:24.757000+00:00,APE-USDT-SWAP,8139442.6,1757206824757
2025-09-07 01:00:24.910000+00:00,API3-USDT-SWAP,4819488.0,1757206824910
2025-09-07 01:00:24.749000+00:00,APT-USDT-SWAP,3686493.0,1757206824749
2025-09-07 01:00:24.766000+00:00,AR-USDT-SWAP,526101.6,1757206824766
2025-09-07 01:00:24.769000+00:00,ARB-USDT-SWAP,33491025.0,1757206824769
2025-09-07 01:00:25.323000+00:00,ARC-USDT-SWAP,61018490.0,1757206825323
2025-09-07 01:00:25.320000+00:00,ARKM-USDT-SWAP,3488501.0,1757206825320
2025-09-07 01:00:25.323000+00:00,ATH-USDT-SWAP,141177100.0,1757206825323
2025-09-07 01:00:25.334000+00:00,ATOM-USDT-SWAP,1841513.0,1757206825334
2025-09-07 01:00:25.330000+00:00,AUCTION-USDT-SWAP,208955.2,1757206825330
2025-09-07 01:00:25.322000+00:00,AVAAI-USDT-SWAP,54191250.0,1757206825322
2025-09-07 01:00:25.339000+00:00,AVAX-USDT-SWAP,1843912.3,1757206825339
2025-09-07 01:00:25.319000+00:00,AXS-USDT-SWAP,1195152.3,1757206825319
2025-09-07 01:00:25.328000+00:00,BABY-USDT-SWAP,39518540.0,1757206825328
2025-09-07 01:00:25.335000+00:00,BAND-USDT-SWAP,1753743.0,1757206825335
2025-09-07 01:00:25.758000+00:00,BAT-USDT-SWAP,5493430.0,1757206825758
2025-09-07 01:00:25.762000+00:00,BCH-USDT-SWAP,83206.92999999998,1757206825762
2025-09-07 01:00:25.754000+00:00,BERA-USDT-SWAP,2366116.5,1757206825754
2025-09-07 01:00:25.761000+00:00,BICO-USDT-SWAP,7001174.0,1757206825761
2025-09-07 01:00:25.751000+00:00,BIGTIME-USDT-SWAP,40085650.0,1757206825751
2025-09-07 01:00:25.767000+00:00,BIO-USDT-SWAP,75251871.0,1757206825767
2025-09-07 01:00:25.772000+00:00,BLUR-USDT-SWAP,23445460.0,1757206825772
2025-09-07 01:00:25.758000+00:00,BNB-USDT-SWAP,90148.24,1757206825758
2025-09-07 01:00:25.767000+00:00,BNT-USDT-SWAP,696430.0,1757206825767
2025-09-07 01:00:25.765000+00:00,BOME-USDT-SWAP,1336164000.0,1757206825765
2025-09-07 01:00:26.192000+00:00,BONK-USDT-SWAP,473765300000.0,1757206826192
2025-09-07 01:00:26.205000+00:00,BRETT-USDT-SWAP,13905600.0,1757206826205
2025-09-07 01:00:26.208000+00:00,BTC-USDT-SWAP,27437.744400000065,1757206826208
2025-09-07 01:00:26.192000+00:00,CAT-USDT-SWAP,200083700000.0,1757206826192
2025-09-07 01:00:26.234000+00:00,CATI-USDT-SWAP,17533214.0,1757206826234
2025-09-07 01:00:26.199000+00:00,CELO-USDT-SWAP,4064456.0,1757206826199
2025-09-07 01:00:26.203000+00:00,CETUS-USDT-SWAP,17659270.0,1757206826203
2025-09-07 01:00:26.195000+00:00,CFX-USDT-SWAP,77680650.0,1757206826195
2025-09-07 01:00:26.209000+00:00,CHZ-USDT-SWAP,80662850.0,1757206826209
2025-09-07 01:00:26.201000+00:00,COMP-USDT-SWAP,91997.0,1757206826201
2025-09-07 01:00:26.650000+00:00,COOKIE-USDT-SWAP,4645750.0,1757206826650
2025-09-07 01:00:26.654000+00:00,CORE-USDT-SWAP,10010706.0,1757206826654
2025-09-07 01:00:26.657000+00:00,CRO-USDT-SWAP,67333980.0,1757206826657
2025-09-07 01:00:26.653000+00:00,CRV-USDT-SWAP,25246327.0,1757206826653
2025-09-07 01:00:26.660000+00:00,CTC-USDT-SWAP,1826690.0,1757206826660
2025-09-07 01:00:26.653000+00:00,CVC-USDT-SWAP,10085700.0,1757206826653
2025-09-07 01:00:26.661000+00:00,CVX-USDT-SWAP,303674.0,1757206826661
2025-09-07 01:00:26.649000+00:00,DEGEN-USDT-SWAP,277700300.0,1757206826649
2025-09-07 01:00:26.654000+00:00,DGB-USDT-SWAP,49439600.0,1757206826654
2025-09-07 01:00:26.659000+00:00,DOG-USDT-SWAP,577358000.0,1757206826659
2025-09-07 01:00:27.076000+00:00,DOGE-USDT-SWAP,1390435419.9999993,1757206827076
2025-09-07 01:00:27.085000+00:00,DOGS-USDT-SWAP,19134047000.0,1757206827085
2025-09-07 01:00:27.091000+00:00,DOOD-USDT-SWAP,139490000.0,1757206827091
2025-09-07 01:00:27.193000+00:00,DOT-USDT-SWAP,5605235.0,1757206827193
2025-09-07 01:00:27.085000+00:00,DUCK-USDT-SWAP,845850900.0,1757206827085
2025-09-07 01:00:27.075000+00:00,DYDX-USDT-SWAP,9068165.0,1757206827075
2025-09-07 01:00:27.081000+00:00,EGLD-USDT-SWAP,101369.1,1757206827081
2025-09-07 01:00:27.083000+00:00,EIGEN-USDT-SWAP,3188651.0,1757206827083
2025-09-07 01:00:27.093000+00:00,ENJ-USDT-SWAP,12808460.0,1757206827093
2025-09-07 01:00:27.098000+00:00,ENS-USDT-SWAP,352910.2,1757206827098
2025-09-07 01:00:27.613000+00:00,ETC-USDT-SWAP,1098376.700000001,1757206827613
2025-09-07 01:00:27.622000+00:00,ETH-USDT-SWAP,741827.8550000015,1757206827622
2025-09-07 01:00:27.613000+00:00,ETHFI-USDT-SWAP,8072688.0,1757206827613
2025-09-07 01:00:27.606000+00:00,ETHW-USDT-SWAP,1304372.4,1757206827606
2025-09-07 01:00:27.600000+00:00,FARTCOIN-USDT-SWAP,20485051.0,1757206827600
2025-09-07 01:00:27.609000+00:00,FIL-USDT-SWAP,13661539.1,1757206827609
2025-09-07 01:00:27.981000+00:00,FLM-USDT-SWAP,26008430.0,1757206827981
2025-09-07 01:00:27.603000+00:00,FLOKI-USDT-SWAP,42029100000.0,1757206827603
2025-09-07 01:00:27.628000+00:00,FLOW-USDT-SWAP,4305540.0,1757206827628
2025-09-07 01:00:27.608000+00:00,FXS-USDT-SWAP,254006.0,1757206827608
2025-09-07 01:00:28.393000+00:00,GALA-USDT-SWAP,419169450.0,1757206828393
2025-09-07 01:00:28.415000+00:00,GAS-USDT-SWAP,485050.0,1757206828415
2025-09-07 01:00:28.413000+00:00,GLM-USDT-SWAP,2759930.0,1757206828413
2025-09-07 01:00:28.401000+00:00,GMT-USDT-SWAP,46419090.0,1757206828401
2025-09-07 01:00:28.399000+00:00,GMX-USDT-SWAP,73510.7,1757206828399
2025-09-07 01:00:28.414000+00:00,GOAT-USDT-SWAP,25122810.0,1757206828414
2025-09-07 01:00:28.418000+00:00,GODS-USDT-SWAP,6292856.0,1757206828418
2025-09-07 01:00:28.405000+00:00,GPS-USDT-SWAP,172936930.0,1757206828405
2025-09-07 01:00:28.418000+00:00,GRASS-USDT-SWAP,2734681.0,1757206828418
2025-09-07 01:00:28.409000+00:00,GRIFFAIN-USDT-SWAP,23563260.0,1757206828409
2025-09-07 01:00:28.845000+00:00,GRT-USDT-SWAP,22523800.0,1757206828845
2025-09-07 01:00:28.859000+00:00,H-USDT-SWAP,59878900.0,1757206828859
2025-09-07 01:00:28.854000+00:00,HBAR-USDT-SWAP,73188820.0,1757206828854
2025-09-07 01:00:28.850000+00:00,HMSTR-USDT-SWAP,939332100.0,1757206828850
2025-09-07 01:00:29.240000+00:00,HOME-USDT-SWAP,25456300.0,1757206829240
2025-09-07 01:00:28.853000+00:00,HUMA-USDT-SWAP,87181000.0,1757206828853
2025-09-07 01:00:28.846000+00:00,HYPE-USDT-SWAP,802941.3,1757206828846
2025-09-07 01:00:28.851000+00:00,ICP-USDT-SWAP,1235380.01,1757206828851
2025-09-07 01:00:28.850000+00:00,ICX-USDT-SWAP,6386220.0,1757206828850
2025-09-07 01:00:28.849000+00:00,IMX-USDT-SWAP,6671934.0,1757206828849
2025-09-07 01:00:29.658000+00:00,INIT-USDT-SWAP,2434050.0,1757206829658
2025-09-07 01:00:29.666000+00:00,INJ-USDT-SWAP,856612.6,1757206829666
2025-09-07 01:00:29.669000+00:00,IOST-USDT-SWAP,312844000.0,1757206829669
2025-09-07 01:00:29.676000+00:00,IOTA-USDT-SWAP,15703600.0,1757206829676
2025-09-07 01:00:29.680000+00:00,IP-USDT-SWAP,2972407.0,1757206829680
2025-09-07 01:00:29.707000+00:00,JELLYJELLY-USDT-SWAP,217889500.0,1757206829707
2025-09-07 01:00:29.674000+00:00,JOE-USDT-SWAP,7292970.0,1757206829674
2025-09-07 01:00:29.688000+00:00,JTO-USDT-SWAP,2894075.0,1757206829688
2025-09-07 01:00:29.672000+00:00,JUP-USDT-SWAP,14284660.0,1757206829672
2025-09-07 01:00:30.121000+00:00,KAITO-USDT-SWAP,3484812.0,1757206830121
2025-09-07 01:00:30.123000+00:00,KMNO-USDT-SWAP,17189600.0,1757206830123
2025-09-07 01:00:30.134000+00:00,KSM-USDT-SWAP,123147.0,1757206830134
2025-09-07 01:00:30.132000+00:00,LA-USDT-SWAP,3187630.0,1757206830132
2025-09-07 01:00:30.140000+00:00,LAUNCHCOIN-USDT-SWAP,40192630.0,1757206830140
2025-09-07 01:00:30.122000+00:00,LAYER-USDT-SWAP,6121199.0,1757206830122
2025-09-07 01:00:30.164000+00:00,LDO-USDT-SWAP,14632193.0,1757206830164
2025-09-07 01:00:30.129000+00:00,LINK-USDT-SWAP,2592660.3,1757206830129
2025-09-07 01:00:30.127000+00:00,LPT-USDT-SWAP,852063.1,1757206830127
2025-09-07 01:00:30.548000+00:00,LQTY-USDT-SWAP,1569214.0,1757206830548
2025-09-07 01:00:30.977000+00:00,LRC-USDT-SWAP,18005680.0,1757206830977
2025-09-07 01:00:30.985000+00:00,LTC-USDT-SWAP,636937.0000000001,1757206830985
2025-09-07 01:00:30.987000+00:00,LUNA-USDT-SWAP,15441756.0,1757206830987
2025-09-07 01:00:30.978000+00:00,LUNC-USDT-SWAP,33186510000.0,1757206830978
2025-09-07 01:00:30.977000+00:00,MAGIC-USDT-SWAP,19748505.0,1757206830977
2025-09-07 01:00:30.989000+00:00,MAJOR-USDT-SWAP,4804934.0,1757206830989
2025-09-07 01:00:30.979000+00:00,MANA-USDT-SWAP,9941320.0,1757206830979
2025-09-07 01:00:30.973000+00:00,MASK-USDT-SWAP,3097027.0,1757206830973
2025-09-07 01:00:30.977000+00:00,ME-USDT-SWAP,3011817.0,1757206830977
2025-09-07 01:00:31.008000+00:00,MEME-USDT-SWAP,1824278200.0,1757206831008
2025-09-07 01:00:31.428000+00:00,MERL-USDT-SWAP,60618681.0,1757206831428
2025-09-07 01:00:31.424000+00:00,METIS-USDT-SWAP,96689.6,1757206831424
2025-09-07 01:00:31.430000+00:00,MEW-USDT-SWAP,1020212000.0,1757206831430
2025-09-07 01:00:31.423000+00:00,MINA-USDT-SWAP,7206565.0,1757206831423
2025-09-07 01:00:31.424000+00:00,MOG-USDT-SWAP,657895000000.0,1757206831424
2025-09-07 01:00:31.430000+00:00,MOODENG-USDT-SWAP,47249620.0,1757206831430
2025-09-07 01:00:31.420000+00:00,MORPHO-USDT-SWAP,1348968.0,1757206831420
2025-09-07 01:00:31.443000+00:00,MOVE-USDT-SWAP,29553640.0,1757206831443
2025-09-07 01:00:31.427000+00:00,MUBARAK-USDT-SWAP,13198800.0,1757206831427
2025-09-07 01:00:31.880000+00:00,NEAR-USDT-SWAP,5390431.000000001,1757206831880
2025-09-07 01:00:31.880000+00:00,NEIRO-USDT-SWAP,9184498000.0,1757206831880
2025-09-07 01:00:31.886000+00:00,NEIROETH-USDT-SWAP,22582900.0,1757206831886
2025-09-07 01:00:31.868000+00:00,NEO-USDT-SWAP,310216.0,1757206831868
2025-09-07 01:00:31.876000+00:00,NEWT-USDT-SWAP,3794050.0,1757206831876
2025-09-07 01:00:31.871000+00:00,NMR-USDT-SWAP,651991.6,1757206831871
2025-09-07 01:00:31.882000+00:00,NOT-USDT-SWAP,1749475500.0,1757206831882
2025-09-07 01:00:31.871000+00:00,NXPC-USDT-SWAP,822239.0,1757206831871
2025-09-07 01:00:31.886000+00:00,OL-USDT-SWAP,88825220.0,1757206831886
2025-09-07 01:00:31.881000+00:00,OM-USDT-SWAP,26193435.0,1757206831881
2025-09-07 01:00:32.311000+00:00,ONDO-USDT-SWAP,19175710.0,1757206832311
2025-09-07 01:00:32.313000+00:00,ONE-USDT-SWAP,78771000.0,1757206832313
2025-09-07 01:00:32.325000+00:00,ONT-USDT-SWAP,14304570.0,1757206832325
2025-09-07 01:00:32.314000+00:00,OP-USDT-SWAP,19778693.0,1757206832314
2025-09-07 01:00:32.307000+00:00,ORBS-USDT-SWAP,26228800.0,1757206832307
2025-09-07 01:00:32.321000+00:00,ORDI-USDT-SWAP,1183661.2,1757206832321
2025-09-07 01:00:32.314000+00:00,PARTI-USDT-SWAP,13699920.0,1757206832314
2025-09-07 01:00:32.309000+00:00,PENGU-USDT-SWAP,556314200.0,1757206832309
2025-09-07 01:00:32.314000+00:00,PEOPLE-USDT-SWAP,299267000.0,1757206832314
2025-09-07 01:00:32.306000+00:00,PEPE-USDT-SWAP,6511377000000.003,1757206832306
2025-09-07 01:00:32.742000+00:00,PERP-USDT-SWAP,2468838.0,1757206832742
2025-09-07 01:00:32.749000+00:00,PI-USDT-SWAP,33440677.0,1757206832749
2025-09-07 01:00:32.753000+00:00,PLUME-USDT-SWAP,14305170.0,1757206832753
2025-09-07 01:00:32.748000+00:00,PNUT-USDT-SWAP,37694200.0,1757206832748
2025-09-07 01:00:32.743000+00:00,POL-USDT-SWAP,39190000.0,1757206832743
2025-09-07 01:00:32.745000+00:00,POPCAT-USDT-SWAP,10590160.0,1757206832745
2025-09-07 01:00:32.754000+00:00,PRCL-USDT-SWAP,21431607.0,1757206832754
2025-09-07 01:00:32.741000+00:00,PROMPT-USDT-SWAP,30975540.0,1757206832741
2025-09-07 01:00:32.753000+00:00,PUMP-USDT-SWAP,6632615000.0,1757206832753
2025-09-07 01:00:32.749000+00:00,PYTH-USDT-SWAP,49378150.0,1757206832749
2025-09-07 01:00:33.176000+00:00,QTUM-USDT-SWAP,1515370.0,1757206833176
2025-09-07 01:00:33.382000+00:00,RAY-USDT-SWAP,967228.0,1757206833382
2025-09-07 01:00:33.185000+00:00,RENDER-USDT-SWAP,1388370.0,1757206833185
2025-09-07 01:00:33.183000+00:00,RESOLV-USDT-SWAP,27768850.0,1757206833183
2025-09-07 01:00:33.181000+00:00,RSR-USDT-SWAP,252506300.0,1757206833181
2025-09-07 01:00:33.190000+00:00,RVN-USDT-SWAP,84686760.0,1757206833190
2025-09-07 01:00:33.191000+00:00,S-USDT-SWAP,13543440.0,1757206833191
2025-09-07 01:00:33.186000+00:00,SAHARA-USDT-SWAP,56416170.0,1757206833186
2025-09-07 01:00:33.249000+00:00,SAND-USDT-SWAP,19431650.0,1757206833249
2025-09-07 01:00:33.183000+00:00,SATS-USDT-SWAP,171032100000000.0,1757206833183
2025-09-07 01:00:33.789000+00:00,SCR-USDT-SWAP,3275228.0,1757206833789
2025-09-07 01:00:33.804000+00:00,SHELL-USDT-SWAP,5679290.0,1757206833804
2025-09-07 01:00:33.805000+00:00,SHIB-USDT-SWAP,1320293100000.0,1757206833805
2025-09-07 01:00:33.798000+00:00,SIGN-USDT-SWAP,45464700.0,1757206833798
2025-09-07 01:00:33.793000+00:00,SLP-USDT-SWAP,456272190.0,1757206833793
2025-09-07 01:00:33.796000+00:00,SNX-USDT-SWAP,2478373.0,1757206833796
2025-09-07 01:00:33.827000+00:00,SOL-USDT-SWAP,3424396.140000001,1757206833827
2025-09-07 01:00:33.794000+00:00,SOLV-USDT-SWAP,50231200.0,1757206833794
2025-09-07 01:00:33.805000+00:00,SONIC-USDT-SWAP,7172489.0,1757206833805
2025-09-07 01:00:33.809000+00:00,SOON-USDT-SWAP,8650150.0,1757206833809
2025-09-07 01:00:34.237000+00:00,SOPH-USDT-SWAP,90631800.0,1757206834237
2025-09-07 01:00:34.262000+00:00,SPK-USDT-SWAP,139498800.0,1757206834262
2025-09-07 01:00:34.246000+00:00,SPX-USDT-SWAP,1144591.0,1757206834246
2025-09-07 01:00:34.242000+00:00,SSV-USDT-SWAP,284401.9,1757206834242
2025-09-07 01:00:34.242000+00:00,STORJ-USDT-SWAP,5563850.0,1757206834242
2025-09-07 01:00:34.249000+00:00,STRK-USDT-SWAP,25965641.0,1757206834249
2025-09-07 01:00:34.264000+00:00,STX-USDT-SWAP,6673142.0,1757206834264
2025-09-07 01:00:34.234000+00:00,SUI-USDT-SWAP,20622611.0,1757206834234
2025-09-07 01:00:34.256000+00:00,SUSHI-USDT-SWAP,8091323.0,1757206834256
2025-09-07 01:00:34.250000+00:00,SWARMS-USDT-SWAP,78762840.0,1757206834250
2025-09-07 01:00:34.685000+00:00,SYRUP-USDT-SWAP,3266270.0,1757206834685
2025-09-07 01:00:34.689000+00:00,T-USDT-SWAP,39665100.0,1757206834689
2025-09-07 01:00:34.681000+00:00,TAO-USDT-SWAP,15744.48,1757206834681
2025-09-07 01:00:34.685000+00:00,THETA-USDT-SWAP,2626734.0,1757206834685
2025-09-07 01:00:34.679000+00:00,TIA-USDT-SWAP,5205315.0,1757206834679
2025-09-07 01:00:34.690000+00:00,TNSR-USDT-SWAP,8385570.0,1757206834690
2025-09-07 01:00:34.692000+00:00,TON-USDT-SWAP,9748502.0,1757206834692
2025-09-07 01:00:34.679000+00:00,TRB-USDT-SWAP,280435.9,1757206834679
2025-09-07 01:00:34.697000+00:00,TREE-USDT-SWAP,7465295.0,1757206834697
2025-09-07 01:00:34.689000+00:00,TRUMP-USDT-SWAP,5377958.3,1757206834689
2025-09-07 01:00:35.139000+00:00,TRX-USDT-SWAP,96298160.00000006,1757206835139
2025-09-07 01:00:35.143000+00:00,TURBO-USDT-SWAP,829734000.0000001,1757206835143
2025-09-07 01:00:35.139000+00:00,UMA-USDT-SWAP,1534380.2,1757206835139
2025-09-07 01:00:35.141000+00:00,UNI-USDT-SWAP,3120870.0,1757206835141
2025-09-07 01:00:35.137000+00:00,USDC-USDT-SWAP,1020770.0,1757206835137
2025-09-07 01:00:35.145000+00:00,USELESS-USDT-SWAP,16591690.0,1757206835145
2025-09-07 01:00:35.146000+00:00,USTC-USDT-SWAP,147926300.0,1757206835146
2025-09-07 01:00:35.133000+00:00,UXLINK-USDT-SWAP,5590340.0,1757206835133
2025-09-07 01:00:35.139000+00:00,VANA-USDT-SWAP,131504.5,1757206835139
2025-09-07 01:00:35.147000+00:00,VINE-USDT-SWAP,103778020.0,1757206835147
2025-09-07 01:00:35.561000+00:00,VIRTUAL-USDT-SWAP,3214111.0,1757206835561
2025-09-07 01:00:35.572000+00:00,W-USDT-SWAP,48890724.0,1757206835572
2025-09-07 01:00:35.579000+00:00,WAL-USDT-SWAP,2150140.0,1757206835579
2025-09-07 01:00:35.573000+00:00,WAXP-USDT-SWAP,27589900.0,1757206835573
2025-09-07 01:00:35.585000+00:00,WCT-USDT-SWAP,10271450.0,1757206835585
2025-09-07 01:00:35.580000+00:00,WIF-USDT-SWAP,17363098.0,1757206835580
2025-09-07 01:00:35.583000+00:00,WLD-USDT-SWAP,34010145.0,1757206835583
2025-09-07 01:00:35.567000+00:00,WLFI-USDT-SWAP,290626690.0,1757206835567
2025-09-07 01:00:35.575000+00:00,WOO-USDT-SWAP,15015380.0,1757206835575
2025-09-07 01:00:35.571000+00:00,XAUT-USDT-SWAP,5831.199,1757206835571
2025-09-07 01:00:36.003000+00:00,XLM-USDT-SWAP,38993989.99999999,1757206836003
2025-09-07 01:00:36.011000+00:00,XPL-USDT-SWAP,7020650.0,1757206836011
2025-09-07 01:00:36.006000+00:00,XRP-USDT-SWAP,91745609.00000003,1757206836006
2025-09-07 01:00:36.009000+00:00,XTZ-USDT-SWAP,5687156.0,1757206836009
2025-09-07 01:00:36.006000+00:00,YFI-USDT-SWAP,368.4481,1757206836006
2025-09-07 01:00:36.004000+00:00,YGG-USDT-SWAP,27887572.0,1757206836004
2025-09-07 01:00:36.013000+00:00,ZENT-USDT-SWAP,177714100.0,1757206836013
2025-09-07 01:00:35.997000+00:00,ZEREBRO-USDT-SWAP,76929670.0,1757206835997
2025-09-07 01:00:36.006000+00:00,ZETA-USDT-SWAP,5605630.0,1757206836006
2025-09-07 01:00:36.014000+00:00,ZIL-USDT-SWAP,159053000.0,1757206836014
2025-09-07 01:00:36.434000+00:00,ZK-USDT-SWAP,50922950.0,1757206836434
2025-09-07 01:00:36.448000+00:00,ZRO-USDT-SWAP,2189444.0,1757206836448
2025-09-07 01:00:36.438000+00:00,ZRX-USDT-SWAP,7910490.0,1757206836438
2025-09-07 01:01:37.149000+00:00,1INCH-USDT-SWAP,7681880.0,1757206897149
2025-09-07 01:01:37.142000+00:00,A-USDT-SWAP,9812240.0,1757206897142
2025-09-07 01:01:37.136000+00:00,AAVE-USDT-SWAP,132745.19,1757206897136
2025-09-07 01:01:37.142000+00:00,ACE-USDT-SWAP,1915752.0,1757206897142
2025-09-07 01:01:37.555000+00:00,ACH-USDT-SWAP,76656700.0,1757206897555
2025-09-07 01:01:37.127000+00:00,ACT-USDT-SWAP,80361255.0,1757206897127
2025-09-07 01:01:37.139000+00:00,ADA-USDT-SWAP,76653000.00000003,1757206897139
2025-09-07 01:01:37.136000+00:00,AERO-USDT-SWAP,1643180.0,1757206897136
2025-09-07 01:01:37.169000+00:00,AEVO-USDT-SWAP,12801284.0,1757206897169
2025-09-07 01:01:37.143000+00:00,AGLD-USDT-SWAP,1906421.0,1757206897143
2025-09-07 01:01:38.015000+00:00,AI16Z-USDT-SWAP,50366099.0,1757206898015
2025-09-07 01:01:37.995000+00:00,AIXBT-USDT-SWAP,21895670.0,1757206897995
2025-09-07 01:01:38.023000+00:00,ALCH-USDT-SWAP,23100420.0,1757206898023
2025-09-07 01:01:38.029000+00:00,ALGO-USDT-SWAP,28121000.0,1757206898029
2025-09-07 01:01:37.994000+00:00,ANIME-USDT-SWAP,113221970.0,1757206897994
2025-09-07 01:01:37.994000+00:00,APE-USDT-SWAP,8139899.0,1757206897994
2025-09-07 01:01:38+00:00,API3-USDT-SWAP,4822073.0,1757206898000
2025-09-07 01:01:38.002000+00:00,APT-USDT-SWAP,3686684.0,1757206898002
2025-09-07 01:01:37.999000+00:00,AR-USDT-SWAP,526098.6,1757206897999
2025-09-07 01:01:37.992000+00:00,ARB-USDT-SWAP,33492198.000000004,1757206897992
2025-09-07 01:01:38.453000+00:00,ARC-USDT-SWAP,61010050.0,1757206898453
2025-09-07 01:01:38.464000+00:00,ARKM-USDT-SWAP,3488332.0,1757206898464
2025-09-07 01:01:38.451000+00:00,ATH-USDT-SWAP,141174600.0,1757206898451
2025-09-07 01:01:38.567000+00:00,ATOM-USDT-SWAP,1838139.0,1757206898567
2025-09-07 01:01:38.452000+00:00,AUCTION-USDT-SWAP,208957.2,1757206898452
2025-09-07 01:01:38.472000+00:00,AVAAI-USDT-SWAP,54185100.0,1757206898472
2025-09-07 01:01:38.449000+00:00,AVAX-USDT-SWAP,1844103.6,1757206898449
2025-09-07 01:01:38.459000+00:00,AXS-USDT-SWAP,1193783.9,1757206898459
2025-09-07 01:01:38.452000+00:00,BABY-USDT-SWAP,39518900.0,1757206898452
2025-09-07 01:01:38.458000+00:00,BAND-USDT-SWAP,1751371.0,1757206898458
2025-09-07 01:01:39.027000+00:00,BAT-USDT-SWAP,5490750.0,1757206899027
2025-09-07 01:01:39.024000+00:00,BCH-USDT-SWAP,83251.48999999998,1757206899024
2025-09-07 01:01:39.030000+00:00,BERA-USDT-SWAP,2365515.7,1757206899030
2025-09-07 01:01:39.028000+00:00,BICO-USDT-SWAP,7000991.0,1757206899028
2025-09-07 01:01:39.027000+00:00,BIGTIME-USDT-SWAP,40095050.0,1757206899027
2025-09-07 01:01:39.027000+00:00,BIO-USDT-SWAP,75204903.0,1757206899027
2025-09-07 01:01:39.028000+00:00,BLUR-USDT-SWAP,23452050.0,1757206899028
2025-09-07 01:01:39.031000+00:00,BNB-USDT-SWAP,90149.69,1757206899031
2025-09-07 01:01:39.021000+00:00,BNT-USDT-SWAP,696430.0,1757206899021
2025-09-07 01:01:39.031000+00:00,BOME-USDT-SWAP,1336005000.0,1757206899031
2025-09-07 01:01:39.453000+00:00,BONK-USDT-SWAP,473267800000.0,1757206899453
2025-09-07 01:01:39.437000+00:00,BRETT-USDT-SWAP,13900700.0,1757206899437
2025-09-07 01:01:39.476000+00:00,BTC-USDT-SWAP,27444.066800000066,1757206899476
2025-09-07 01:01:39.462000+00:00,CAT-USDT-SWAP,200083700000.0,1757206899462
2025-09-07 01:01:39.440000+00:00,CATI-USDT-SWAP,17527897.0,1757206899440
2025-09-07 01:01:39.442000+00:00,CELO-USDT-SWAP,4064027.0,1757206899442
2025-09-07 01:01:39.455000+00:00,CETUS-USDT-SWAP,17659340.0,1757206899455
2025-09-07 01:01:39.449000+00:00,CFX-USDT-SWAP,77671650.0,1757206899449
2025-09-07 01:01:39.449000+00:00,CHZ-USDT-SWAP,80644010.0,1757206899449
2025-09-07 01:01:39.441000+00:00,COMP-USDT-SWAP,91997.1,1757206899441
2025-09-07 01:01:39.903000+00:00,COOKIE-USDT-SWAP,4645050.0,1757206899903
2025-09-07 01:01:39.901000+00:00,CORE-USDT-SWAP,10010608.0,1757206899901
2025-09-07 01:01:39.929000+00:00,CRO-USDT-SWAP,67374980.0,1757206899929
2025-09-07 01:01:39.919000+00:00,CRV-USDT-SWAP,25250968.0,1757206899919
2025-09-07 01:01:39.898000+00:00,CTC-USDT-SWAP,1827980.0,1757206899898
2025-09-07 01:01:39.904000+00:00,CVC-USDT-SWAP,10085700.0,1757206899904
2025-09-07 01:01:39.905000+00:00,CVX-USDT-SWAP,303674.0,1757206899905
2025-09-07 01:01:39.904000+00:00,DEGEN-USDT-SWAP,277588200.0,1757206899904
2025-09-07 01:01:39.905000+00:00,DGB-USDT-SWAP,49417700.0,1757206899905
2025-09-07 01:01:39.912000+00:00,DOG-USDT-SWAP,577359000.0,1757206899912
2025-09-07 01:01:40.367000+00:00,DOGE-USDT-SWAP,1390454169.9999993,1757206900367
2025-09-07 01:01:40.360000+00:00,DOGS-USDT-SWAP,19142542000.0,1757206900360
2025-09-07 01:01:40.369000+00:00,DOOD-USDT-SWAP,139489000.0,1757206900369
2025-09-07 01:01:40.357000+00:00,DOT-USDT-SWAP,5605131.0,1757206900357
2025-09-07 01:01:40.350000+00:00,DUCK-USDT-SWAP,845847400.0,1757206900350
2025-09-07 01:01:40.353000+00:00,DYDX-USDT-SWAP,9068502.0,1757206900353
2025-09-07 01:01:40.364000+00:00,EGLD-USDT-SWAP,101369.1,1757206900364
2025-09-07 01:01:40.366000+00:00,EIGEN-USDT-SWAP,3189169.0,1757206900366
2025-09-07 01:01:40.356000+00:00,ENJ-USDT-SWAP,12799890.0,1757206900356
2025-09-07 01:01:40.367000+00:00,ENS-USDT-SWAP,352927.7,1757206900367
2025-09-07 01:01:40.796000+00:00,ETC-USDT-SWAP,1098333.5000000007,1757206900796
2025-09-07 01:01:40.788000+00:00,ETH-USDT-SWAP,742050.8070000015,1757206900788
2025-09-07 01:01:40.901000+00:00,ETHFI-USDT-SWAP,8072055.0,1757206900901
2025-09-07 01:01:40.790000+00:00,ETHW-USDT-SWAP,1303982.4,1757206900790
2025-09-07 01:01:40.780000+00:00,FARTCOIN-USDT-SWAP,20486664.0,1757206900780
2025-09-07 01:01:40.791000+00:00,FIL-USDT-SWAP,13659537.5,1757206900791
2025-09-07 01:01:40.798000+00:00,FLM-USDT-SWAP,25989980.0,1757206900798
2025-09-07 01:01:40.791000+00:00,FLOKI-USDT-SWAP,41995700000.0,1757206900791
2025-09-07 01:01:40.793000+00:00,FLOW-USDT-SWAP,4315780.0,1757206900793
2025-09-07 01:01:40.798000+00:00,FXS-USDT-SWAP,253900.0,1757206900798
2025-09-07 01:01:41.328000+00:00,GALA-USDT-SWAP,419270070.0,1757206901328
2025-09-07 01:01:41.326000+00:00,GAS-USDT-SWAP,485045.0,1757206901326
2025-09-07 01:01:41.433000+00:00,GLM-USDT-SWAP,2758810.0,1757206901433
2025-09-07 01:01:41.351000+00:00,GMT-USDT-SWAP,46409241.0,1757206901351
2025-09-07 01:01:41.367000+00:00,GMX-USDT-SWAP,73519.0,1757206901367
2025-09-07 01:01:41.328000+00:00,GOAT-USDT-SWAP,25121340.0,1757206901328
2025-09-07 01:01:41.336000+00:00,GODS-USDT-SWAP,6292856.0,1757206901336
2025-09-07 01:01:41.321000+00:00,GPS-USDT-SWAP,172932000.0,1757206901321
2025-09-07 01:01:41.338000+00:00,GRASS-USDT-SWAP,2734618.0,1757206901338
2025-09-07 01:01:41.337000+00:00,GRIFFAIN-USDT-SWAP,23562840.0,1757206901337
2025-09-07 01:01:41.865000+00:00,GRT-USDT-SWAP,22523790.0,1757206901865
2025-09-07 01:01:41.864000+00:00,H-USDT-SWAP,59961600.0,1757206901864
2025-09-07 01:01:41.878000+00:00,HBAR-USDT-SWAP,73180130.0,1757206901878
2025-09-07 01:01:41.872000+00:00,HMSTR-USDT-SWAP,939132200.0,1757206901872
2025-09-07 01:01:41.872000+00:00,HOME-USDT-SWAP,25456900.0,1757206901872
2025-09-07 01:01:41.866000+00:00,HUMA-USDT-SWAP,87286000.0,1757206901866
2025-09-07 01:01:41.867000+00:00,HYPE-USDT-SWAP,802833.3,1757206901867
2025-09-07 01:01:41.865000+00:00,ICP-USDT-SWAP,1235165.86,1757206901865
2025-09-07 01:01:41.866000+00:00,ICX-USDT-SWAP,6392800.0,1757206901866
2025-09-07 01:01:41.875000+00:00,IMX-USDT-SWAP,6671932.0,1757206901875
2025-09-07 01:01:42.408000+00:00,INIT-USDT-SWAP,2433840.0,1757206902408
2025-09-07 01:01:42.398000+00:00,INJ-USDT-SWAP,856439.9,1757206902398
2025-09-07 01:01:42.498000+00:00,IOST-USDT-SWAP,312872000.0,1757206902498
2025-09-07 01:01:42.422000+00:00,IOTA-USDT-SWAP,15703380.0,1757206902422
2025-09-07 01:01:42.411000+00:00,IP-USDT-SWAP,2972670.0,1757206902411
2025-09-07 01:01:42.412000+00:00,JELLYJELLY-USDT-SWAP,217725700.0,1757206902412
2025-09-07 01:01:42.402000+00:00,JOE-USDT-SWAP,7293990.0,1757206902402
2025-09-07 01:01:42.408000+00:00,JTO-USDT-SWAP,2893982.0,1757206902408
2025-09-07 01:01:42.408000+00:00,JUP-USDT-SWAP,14287330.0,1757206902408
2025-09-07 01:01:42.930000+00:00,KAITO-USDT-SWAP,3484471.0,1757206902930
2025-09-07 01:01:42.912000+00:00,KMNO-USDT-SWAP,17188600.0,1757206902912
2025-09-07 01:01:43.407000+00:00,KSM-USDT-SWAP,123156.7,1757206903407
2025-09-07 01:01:42.934000+00:00,LA-USDT-SWAP,3187380.0,1757206902934
2025-09-07 01:01:42.913000+00:00,LAUNCHCOIN-USDT-SWAP,40115720.0,1757206902913
2025-09-07 01:01:42.926000+00:00,LAYER-USDT-SWAP,6121308.0,1757206902926
2025-09-07 01:01:42.924000+00:00,LDO-USDT-SWAP,14629178.0,1757206902924
2025-09-07 01:01:42.925000+00:00,LINK-USDT-SWAP,2592471.8,1757206902925
2025-09-07 01:01:42.932000+00:00,LPT-USDT-SWAP,857149.5,1757206902932
2025-09-07 01:01:42.923000+00:00,LQTY-USDT-SWAP,1569237.0,1757206902923
2025-09-07 01:01:43.836000+00:00,LRC-USDT-SWAP,17990100.0,1757206903836
2025-09-07 01:01:43.819000+00:00,LTC-USDT-SWAP,636925.0000000001,1757206903819
2025-09-07 01:01:43.844000+00:00,LUNA-USDT-SWAP,15441756.0,1757206903844
2025-09-07 01:01:43.841000+00:00,LUNC-USDT-SWAP,33190800000.0,1757206903841
2025-09-07 01:01:43.829000+00:00,MAGIC-USDT-SWAP,19749789.0,1757206903829
2025-09-07 01:01:43.825000+00:00,MAJOR-USDT-SWAP,4804804.0,1757206903825
2025-09-07 01:01:43.837000+00:00,MANA-USDT-SWAP,9941380.0,1757206903837
2025-09-07 01:01:43.829000+00:00,MASK-USDT-SWAP,3097024.0,1757206903829
2025-09-07 01:01:44.220000+00:00,ME-USDT-SWAP,3011661.0,1757206904220
2025-09-07 01:01:43.829000+00:00,MEME-USDT-SWAP,1823859800.0,1757206903829
2025-09-07 01:01:44.655000+00:00,MERL-USDT-SWAP,60608132.0,1757206904655
2025-09-07 01:01:44.638000+00:00,METIS-USDT-SWAP,96689.6,1757206904638
2025-09-07 01:01:44.676000+00:00,MEW-USDT-SWAP,1020091000.0,1757206904676
2025-09-07 01:01:44.657000+00:00,MINA-USDT-SWAP,7206575.0,1757206904657
2025-09-07 01:01:44.643000+00:00,MOG-USDT-SWAP,657853000000.0,1757206904643
2025-09-07 01:01:44.672000+00:00,MOODENG-USDT-SWAP,47248080.0,1757206904672
2025-09-07 01:01:44.649000+00:00,MORPHO-USDT-SWAP,1348904.0,1757206904649
2025-09-07 01:01:44.647000+00:00,MOVE-USDT-SWAP,29554880.0,1757206904647
2025-09-07 01:01:44.653000+00:00,MUBARAK-USDT-SWAP,13196200.0,1757206904653
2025-09-07 01:01:45.093000+00:00,NEAR-USDT-SWAP,5389074.000000001,1757206905093
2025-09-07 01:01:45.091000+00:00,NEIRO-USDT-SWAP,9184470000.0,1757206905091
2025-09-07 01:01:45.098000+00:00,NEIROETH-USDT-SWAP,22559700.0,1757206905098
2025-09-07 01:01:45.178000+00:00,NEO-USDT-SWAP,310295.0,1757206905178
2025-09-07 01:01:45.094000+00:00,NEWT-USDT-SWAP,3793430.0,1757206905094
2025-09-07 01:01:45.089000+00:00,NMR-USDT-SWAP,653632.4,1757206905089
2025-09-07 01:01:45.096000+00:00,NOT-USDT-SWAP,1749133000.0,1757206905096
2025-09-07 01:01:45.088000+00:00,NXPC-USDT-SWAP,822176.0,1757206905088
2025-09-07 01:01:45.105000+00:00,OL-USDT-SWAP,88824970.0,1757206905105
2025-09-07 01:01:45.091000+00:00,OM-USDT-SWAP,26194768.0,1757206905091
2025-09-07 01:01:45.605000+00:00,ONDO-USDT-SWAP,19175830.0,1757206905605
2025-09-07 01:01:45.600000+00:00,ONE-USDT-SWAP,78749200.0,1757206905600
2025-09-07 01:01:45.604000+00:00,ONT-USDT-SWAP,14304570.0,1757206905604
2025-09-07 01:01:45.596000+00:00,OP-USDT-SWAP,19782156.0,1757206905596
2025-09-07 01:01:45.606000+00:00,ORBS-USDT-SWAP,26128400.0,1757206905606
2025-09-07 01:01:45.594000+00:00,ORDI-USDT-SWAP,1183939.6,1757206905594
2025-09-07 01:01:45.598000+00:00,PARTI-USDT-SWAP,13658590.0,1757206905598
2025-09-07 01:01:45.603000+00:00,PENGU-USDT-SWAP,556320600.0,1757206905603
2025-09-07 01:01:45.596000+00:00,PEOPLE-USDT-SWAP,299254000.0,1757206905596
2025-09-07 01:01:45.607000+00:00,PEPE-USDT-SWAP,6508123000000.002,1757206905607
2025-09-07 01:01:46.024000+00:00,PERP-USDT-SWAP,2468841.0,1757206906024
2025-09-07 01:01:46.024000+00:00,PI-USDT-SWAP,33428870.0,1757206906024
2025-09-07 01:01:46.042000+00:00,PLUME-USDT-SWAP,14306850.0,1757206906042
2025-09-07 01:01:46.044000+00:00,PNUT-USDT-SWAP,37713660.0,1757206906044
2025-09-07 01:01:46.030000+00:00,POL-USDT-SWAP,39182410.0,1757206906030
2025-09-07 01:01:46.031000+00:00,POPCAT-USDT-SWAP,10590110.0,1757206906031
2025-09-07 01:01:46.033000+00:00,PRCL-USDT-SWAP,19619697.0,1757206906033
2025-09-07 01:01:46.031000+00:00,PROMPT-USDT-SWAP,30979250.0,1757206906031
2025-09-07 01:01:46.024000+00:00,PUMP-USDT-SWAP,6589284000.0,1757206906024
2025-09-07 01:01:46.037000+00:00,PYTH-USDT-SWAP,49297640.0,1757206906037
2025-09-07 01:01:46.466000+00:00,QTUM-USDT-SWAP,1515464.0,1757206906466
2025-09-07 01:01:46.456000+00:00,RAY-USDT-SWAP,967098.0,1757206906456
2025-09-07 01:01:46.498000+00:00,RENDER-USDT-SWAP,1388373.0,1757206906498
2025-09-07 01:01:46.472000+00:00,RESOLV-USDT-SWAP,27756440.0,1757206906472
2025-09-07 01:01:46.463000+00:00,RSR-USDT-SWAP,252426500.0,1757206906463
2025-09-07 01:01:46.460000+00:00,RVN-USDT-SWAP,84686760.0,1757206906460
2025-09-07 01:01:46.489000+00:00,S-USDT-SWAP,13543440.0,1757206906489
2025-09-07 01:01:46.466000+00:00,SAHARA-USDT-SWAP,56351930.0,1757206906466
2025-09-07 01:01:46.462000+00:00,SAND-USDT-SWAP,19432300.0,1757206906462
2025-09-07 01:01:46.474000+00:00,SATS-USDT-SWAP,170944840000000.0,1757206906474
2025-09-07 01:01:46.921000+00:00,SCR-USDT-SWAP,3274514.0,1757206906921
2025-09-07 01:01:46.906000+00:00,SHELL-USDT-SWAP,5679290.0,1757206906906
2025-09-07 01:01:46.916000+00:00,SHIB-USDT-SWAP,1320220800000.0002,1757206906916
2025-09-07 01:01:46.915000+00:00,SIGN-USDT-SWAP,45465100.0,1757206906915
2025-09-07 01:01:46.913000+00:00,SLP-USDT-SWAP,456272190.0,1757206906913
2025-09-07 01:01:46.911000+00:00,SNX-USDT-SWAP,2478510.0,1757206906911
2025-09-07 01:01:46.909000+00:00,SOL-USDT-SWAP,3424055.220000001,1757206906909
2025-09-07 01:01:46.910000+00:00,SOLV-USDT-SWAP,50231200.0,1757206906910
2025-09-07 01:01:46.917000+00:00,SONIC-USDT-SWAP,7172489.0,1757206906917
2025-09-07 01:01:46.920000+00:00,SOON-USDT-SWAP,8643080.0,1757206906920
2025-09-07 01:01:47.354000+00:00,SOPH-USDT-SWAP,90421800.0,1757206907354
2025-09-07 01:01:47.336000+00:00,SPK-USDT-SWAP,139507100.0,1757206907336
2025-09-07 01:01:47.371000+00:00,SPX-USDT-SWAP,1144518.0,1757206907371
2025-09-07 01:01:47.346000+00:00,SSV-USDT-SWAP,284428.2,1757206907346
2025-09-07 01:01:47.345000+00:00,STORJ-USDT-SWAP,5563390.0,1757206907345
2025-09-07 01:01:47.340000+00:00,STRK-USDT-SWAP,25965641.0,1757206907340
2025-09-07 01:01:47.337000+00:00,STX-USDT-SWAP,6672993.0,1757206907337
2025-09-07 01:01:47.342000+00:00,SUI-USDT-SWAP,20644997.0,1757206907342
2025-09-07 01:01:47.340000+00:00,SUSHI-USDT-SWAP,8091372.0,1757206907340
2025-09-07 01:01:47.340000+00:00,SWARMS-USDT-SWAP,78782270.0,1757206907340
2025-09-07 01:01:47.790000+00:00,SYRUP-USDT-SWAP,3266510.0,1757206907790
2025-09-07 01:01:47.780000+00:00,T-USDT-SWAP,39662700.0,1757206907780
2025-09-07 01:01:47.834000+00:00,TAO-USDT-SWAP,15743.5,1757206907834
2025-09-07 01:01:47.799000+00:00,THETA-USDT-SWAP,2627426.0,1757206907799
2025-09-07 01:01:47.782000+00:00,TIA-USDT-SWAP,5201375.0,1757206907782
2025-09-07 01:01:47.793000+00:00,TNSR-USDT-SWAP,8385809.0,1757206907793
2025-09-07 01:01:47.799000+00:00,TON-USDT-SWAP,9748889.0,1757206907799
2025-09-07 01:01:47.793000+00:00,TRB-USDT-SWAP,280441.4,1757206907793
2025-09-07 01:01:47.788000+00:00,TREE-USDT-SWAP,7473021.0,1757206907788
2025-09-07 01:01:47.790000+00:00,TRUMP-USDT-SWAP,5378001.3,1757206907790
2025-09-07 01:01:48.287000+00:00,TRX-USDT-SWAP,96284770.00000004,1757206908287
2025-09-07 01:01:48.257000+00:00,TURBO-USDT-SWAP,830061000.0000001,1757206908257
2025-09-07 01:01:48.253000+00:00,UMA-USDT-SWAP,1534766.8,1757206908253
2025-09-07 01:01:48.248000+00:00,UNI-USDT-SWAP,3120715.0,1757206908248
2025-09-07 01:01:48.256000+00:00,USDC-USDT-SWAP,1020770.0,1757206908256
2025-09-07 01:01:48.246000+00:00,USELESS-USDT-SWAP,16610830.0,1757206908246
2025-09-07 01:01:48.247000+00:00,USTC-USDT-SWAP,147926300.0,1757206908247
2025-09-07 01:01:48.253000+00:00,UXLINK-USDT-SWAP,5590340.0,1757206908253
2025-09-07 01:01:48.253000+00:00,VANA-USDT-SWAP,131362.2,1757206908253
2025-09-07 01:01:48.256000+00:00,VINE-USDT-SWAP,103764960.0,1757206908256
2025-09-07 01:01:48.716000+00:00,VIRTUAL-USDT-SWAP,3212353.0,1757206908716
2025-09-07 01:01:48.706000+00:00,W-USDT-SWAP,48909222.0,1757206908706
2025-09-07 01:01:48.717000+00:00,WAL-USDT-SWAP,2150140.0,1757206908717
2025-09-07 01:01:48.712000+00:00,WAXP-USDT-SWAP,27604400.0,1757206908712
2025-09-07 01:01:48.704000+00:00,WCT-USDT-SWAP,10272120.0,1757206908704
2025-09-07 01:01:48.700000+00:00,WIF-USDT-SWAP,17354274.0,1757206908700
2025-09-07 01:01:48.708000+00:00,WLD-USDT-SWAP,33995520.0,1757206908708
2025-09-07 01:01:48.703000+00:00,WLFI-USDT-SWAP,290986580.0,1757206908703
2025-09-07 01:01:48.714000+00:00,WOO-USDT-SWAP,15012710.0,1757206908714
2025-09-07 01:01:48.710000+00:00,XAUT-USDT-SWAP,5836.663,1757206908710
2025-09-07 01:01:49.138000+00:00,XLM-USDT-SWAP,38993459.999999985,1757206909138
2025-09-07 01:01:49.145000+00:00,XPL-USDT-SWAP,7027200.0,1757206909145
2025-09-07 01:01:49.148000+00:00,XRP-USDT-SWAP,91755077.00000003,1757206909148
2025-09-07 01:01:49.164000+00:00,XTZ-USDT-SWAP,5687291.0,1757206909164
2025-09-07 01:01:49.136000+00:00,YFI-USDT-SWAP,368.5189,1757206909136
2025-09-07 01:01:49.140000+00:00,YGG-USDT-SWAP,27889567.0,1757206909140
2025-09-07 01:01:49.135000+00:00,ZENT-USDT-SWAP,177504300.0,1757206909135
2025-09-07 01:01:49.146000+00:00,ZEREBRO-USDT-SWAP,76929410.0,1757206909146
2025-09-07 01:01:49.141000+00:00,ZETA-USDT-SWAP,5605580.0,1757206909141
2025-09-07 01:01:49.146000+00:00,ZIL-USDT-SWAP,159053000.0,1757206909146
2025-09-07 01:01:49.586000+00:00,ZK-USDT-SWAP,50930940.0,1757206909586
2025-09-07 01:01:49.576000+00:00,ZRO-USDT-SWAP,2189074.0,1757206909576
2025-09-07 01:01:49.584000+00:00,ZRX-USDT-SWAP,7914680.0,1757206909584
2025-09-07 01:02:50.282000+00:00,1INCH-USDT-SWAP,7680921.0,1757206970282
2025-09-07 01:02:50.326000+00:00,A-USDT-SWAP,9812430.0,1757206970326
2025-09-07 01:02:50.299000+00:00,AAVE-USDT-SWAP,132745.16,1757206970299
2025-09-07 01:02:50.286000+00:00,ACE-USDT-SWAP,1915667.0,1757206970286
2025-09-07 01:02:50.368000+00:00,ACH-USDT-SWAP,76646200.0,1757206970368
2025-09-07 01:02:50.280000+00:00,ACT-USDT-SWAP,80514499.0,1757206970280
2025-09-07 01:02:50.280000+00:00,ADA-USDT-SWAP,76732270.00000003,1757206970280
2025-09-07 01:02:50.325000+00:00,AERO-USDT-SWAP,1641630.0,1757206970325
2025-09-07 01:02:50.299000+00:00,AEVO-USDT-SWAP,12800434.0,1757206970299
2025-09-07 01:02:50.293000+00:00,AGLD-USDT-SWAP,1906231.0,1757206970293
2025-09-07 01:02:50.888000+00:00,AI16Z-USDT-SWAP,50357864.0,1757206970888
2025-09-07 01:02:50.788000+00:00,AIXBT-USDT-SWAP,21925750.0,1757206970788
2025-09-07 01:02:50.792000+00:00,ALCH-USDT-SWAP,23101980.0,1757206970792
2025-09-07 01:02:50.784000+00:00,ALGO-USDT-SWAP,28103620.0,1757206970784
2025-09-07 01:02:50.779000+00:00,ANIME-USDT-SWAP,113229200.0,1757206970779
2025-09-07 01:02:50.820000+00:00,APE-USDT-SWAP,8139853.0,1757206970820
2025-09-07 01:02:50.787000+00:00,API3-USDT-SWAP,4831247.0,1757206970787
2025-09-07 01:02:50.785000+00:00,APT-USDT-SWAP,3686379.0,1757206970785
2025-09-07 01:02:50.789000+00:00,AR-USDT-SWAP,526248.6,1757206970789
2025-09-07 01:02:50.794000+00:00,ARB-USDT-SWAP,33497215.0,1757206970794
2025-09-07 01:02:51.298000+00:00,ARC-USDT-SWAP,61060720.0,1757206971298
2025-09-07 01:02:51.329000+00:00,ARKM-USDT-SWAP,3489824.0,1757206971329
2025-09-07 01:02:51.307000+00:00,ATH-USDT-SWAP,141174600.0,1757206971307
2025-09-07 01:02:51.301000+00:00,ATOM-USDT-SWAP,1838976.0,1757206971301
2025-09-07 01:02:51.297000+00:00,AUCTION-USDT-SWAP,209196.1,1757206971297
2025-09-07 01:02:51.304000+00:00,AVAAI-USDT-SWAP,54154170.0,1757206971304
2025-09-07 01:02:51.317000+00:00,AVAX-USDT-SWAP,1844036.8000000003,1757206971317
2025-09-07 01:02:51.311000+00:00,AXS-USDT-SWAP,1193783.9,1757206971311
2025-09-07 01:02:51.302000+00:00,BABY-USDT-SWAP,39516650.0,1757206971302
2025-09-07 01:02:51.309000+00:00,BAND-USDT-SWAP,1750847.0,1757206971309
2025-09-07 01:02:51.744000+00:00,BAT-USDT-SWAP,5481490.0,1757206971744
2025-09-07 01:02:51.740000+00:00,BCH-USDT-SWAP,83239.42999999998,1757206971740
2025-09-07 01:02:51.754000+00:00,BERA-USDT-SWAP,2365062.0,1757206971754
2025-09-07 01:02:51.751000+00:00,BICO-USDT-SWAP,6999708.0,1757206971751
2025-09-07 01:02:51.745000+00:00,BIGTIME-USDT-SWAP,40122000.0,1757206971745
2025-09-07 01:02:51.781000+00:00,BIO-USDT-SWAP,75197878.0,1757206971781
2025-09-07 01:02:51.744000+00:00,BLUR-USDT-SWAP,23449910.0,1757206971744
2025-09-07 01:02:51.737000+00:00,BNB-USDT-SWAP,90145.7,1757206971737
2025-09-07 01:02:51.760000+00:00,BNT-USDT-SWAP,696390.0,1757206971760
2025-09-07 01:02:51.741000+00:00,BOME-USDT-SWAP,1336024000.0,1757206971741
2025-09-07 01:02:52.205000+00:00,BONK-USDT-SWAP,473557700000.0,1757206972205
2025-09-07 01:02:52.220000+00:00,BRETT-USDT-SWAP,13896200.0,1757206972220
2025-09-07 01:02:52.202000+00:00,BTC-USDT-SWAP,27440.128900000065,1757206972202
2025-09-07 01:02:52.190000+00:00,CAT-USDT-SWAP,200083700000.0,1757206972190
2025-09-07 01:02:52.189000+00:00,CATI-USDT-SWAP,17540124.0,1757206972189
2025-09-07 01:02:52.190000+00:00,CELO-USDT-SWAP,4064092.0,1757206972190
2025-09-07 01:02:52.195000+00:00,CETUS-USDT-SWAP,17630040.0,1757206972195
2025-09-07 01:02:52.214000+00:00,CFX-USDT-SWAP,77657820.0,1757206972214
2025-09-07 01:02:52.195000+00:00,CHZ-USDT-SWAP,80642360.0,1757206972195
2025-09-07 01:02:52.332000+00:00,COMP-USDT-SWAP,91995.7,1757206972332
2025-09-07 01:02:52.750000+00:00,COOKIE-USDT-SWAP,4644900.0,1757206972750
2025-09-07 01:02:52.758000+00:00,CORE-USDT-SWAP,10013799.0,1757206972758
2025-09-07 01:02:52.751000+00:00,CRO-USDT-SWAP,67381710.0,1757206972751
2025-09-07 01:02:52.754000+00:00,CRV-USDT-SWAP,25253611.0,1757206972754
2025-09-07 01:02:52.756000+00:00,CTC-USDT-SWAP,1827980.0,1757206972756
2025-09-07 01:02:52.755000+00:00,CVC-USDT-SWAP,10085700.0,1757206972755
2025-09-07 01:02:52.762000+00:00,CVX-USDT-SWAP,303674.0,1757206972762
2025-09-07 01:02:52.755000+00:00,DEGEN-USDT-SWAP,277531400.0,1757206972755
2025-09-07 01:02:52.767000+00:00,DGB-USDT-SWAP,49403000.0,1757206972767
2025-09-07 01:02:52.764000+00:00,DOG-USDT-SWAP,577155000.0,1757206972764
2025-09-07 01:02:53.171000+00:00,DOGE-USDT-SWAP,1390529499.9999993,1757206973171
2025-09-07 01:02:53.193000+00:00,DOGS-USDT-SWAP,19142149000.0,1757206973193
2025-09-07 01:02:53.195000+00:00,DOOD-USDT-SWAP,138332000.0,1757206973195
2025-09-07 01:02:53.182000+00:00,DOT-USDT-SWAP,5606979.0,1757206973182
2025-09-07 01:02:53.182000+00:00,DUCK-USDT-SWAP,845764700.0,1757206973182
2025-09-07 01:02:53.189000+00:00,DYDX-USDT-SWAP,9073726.0,1757206973189
2025-09-07 01:02:53.198000+00:00,EGLD-USDT-SWAP,101355.7,1757206973198
2025-09-07 01:02:53.188000+00:00,EIGEN-USDT-SWAP,3190011.0,1757206973188
2025-09-07 01:02:53.183000+00:00,ENJ-USDT-SWAP,12804190.0,1757206973183
2025-09-07 01:02:53.203000+00:00,ENS-USDT-SWAP,352789.1,1757206973203
2025-09-07 01:02:53.615000+00:00,ETC-USDT-SWAP,1098165.200000001,1757206973615
2025-09-07 01:02:53.621000+00:00,ETH-USDT-SWAP,742147.1050000014,1757206973621
2025-09-07 01:02:53.631000+00:00,ETHFI-USDT-SWAP,8071584.0,1757206973631
2025-09-07 01:02:53.620000+00:00,ETHW-USDT-SWAP,1303975.9,1757206973620
2025-09-07 01:02:53.619000+00:00,FARTCOIN-USDT-SWAP,20487623.0,1757206973619
2025-09-07 01:02:53.622000+00:00,FIL-USDT-SWAP,13659163.9,1757206973622
2025-09-07 01:02:53.629000+00:00,FLM-USDT-SWAP,25989420.0,1757206973629
2025-09-07 01:02:53.620000+00:00,FLOKI-USDT-SWAP,42009900000.0,1757206973620
2025-09-07 01:02:53.636000+00:00,FLOW-USDT-SWAP,4318200.0,1757206973636
2025-09-07 01:02:53.624000+00:00,FXS-USDT-SWAP,253900.0,1757206973624
2025-09-07 01:02:54.042000+00:00,GALA-USDT-SWAP,419264910.0,1757206974042
2025-09-07 01:02:54.068000+00:00,GAS-USDT-SWAP,485085.0,1757206974068
2025-09-07 01:02:54.064000+00:00,GLM-USDT-SWAP,2758810.0,1757206974064
2025-09-07 01:02:54.058000+00:00,GMT-USDT-SWAP,46405433.0,1757206974058
2025-09-07 01:02:54.056000+00:00,GMX-USDT-SWAP,73441.1,1757206974056
2025-09-07 01:02:54.060000+00:00,GOAT-USDT-SWAP,25122350.0,1757206974060
2025-09-07 01:02:54.054000+00:00,GODS-USDT-SWAP,6292830.0,1757206974054
2025-09-07 01:02:54.051000+00:00,GPS-USDT-SWAP,172892050.0,1757206974051
2025-09-07 01:02:54.057000+00:00,GRASS-USDT-SWAP,2735409.0,1757206974057
2025-09-07 01:02:54.055000+00:00,GRIFFAIN-USDT-SWAP,23560940.0,1757206974055
2025-09-07 01:02:54.506000+00:00,GRT-USDT-SWAP,22516020.0,1757206974506
2025-09-07 01:02:54.509000+00:00,H-USDT-SWAP,60087000.0,1757206974509
2025-09-07 01:02:54.547000+00:00,HBAR-USDT-SWAP,73207630.0,1757206974547
2025-09-07 01:02:54.500000+00:00,HMSTR-USDT-SWAP,939109100.0,1757206974500
2025-09-07 01:02:54.505000+00:00,HOME-USDT-SWAP,25461600.0,1757206974505
2025-09-07 01:02:54.501000+00:00,HUMA-USDT-SWAP,87482000.0,1757206974501
2025-09-07 01:02:54.511000+00:00,HYPE-USDT-SWAP,803024.3,1757206974511
2025-09-07 01:02:54.514000+00:00,ICP-USDT-SWAP,1236292.31,1757206974514
2025-09-07 01:02:54.506000+00:00,ICX-USDT-SWAP,6393070.0,1757206974506
2025-09-07 01:02:54.509000+00:00,IMX-USDT-SWAP,6672700.0,1757206974509
2025-09-07 01:02:54.964000+00:00,INIT-USDT-SWAP,2434570.0,1757206974964
2025-09-07 01:02:54.966000+00:00,INJ-USDT-SWAP,856411.9,1757206974966
2025-09-07 01:02:54.965000+00:00,IOST-USDT-SWAP,312909000.0,1757206974965
2025-09-07 01:02:54.967000+00:00,IOTA-USDT-SWAP,15704970.0,1757206974967
2025-09-07 01:02:54.970000+00:00,IP-USDT-SWAP,2966404.0,1757206974970
2025-09-07 01:02:54.964000+00:00,JELLYJELLY-USDT-SWAP,217734500.0,1757206974964
2025-09-07 01:02:54.975000+00:00,JOE-USDT-SWAP,7295000.0,1757206974975
2025-09-07 01:02:55.110000+00:00,JTO-USDT-SWAP,2893972.0,1757206975110
2025-09-07 01:02:54.972000+00:00,JUP-USDT-SWAP,14287380.0,1757206974972
2025-09-07 01:02:55.527000+00:00,KAITO-USDT-SWAP,3484669.0,1757206975527
2025-09-07 01:02:55.532000+00:00,KMNO-USDT-SWAP,17189700.0,1757206975532
2025-09-07 01:02:55.545000+00:00,KSM-USDT-SWAP,123156.7,1757206975545
2025-09-07 01:02:55.515000+00:00,LA-USDT-SWAP,3186230.0,1757206975515
2025-09-07 01:02:55.518000+00:00,LAUNCHCOIN-USDT-SWAP,40114420.0,1757206975518
2025-09-07 01:02:55.536000+00:00,LAYER-USDT-SWAP,6121191.0,1757206975536
2025-09-07 01:02:55.528000+00:00,LDO-USDT-SWAP,14628223.0,1757206975528
2025-09-07 01:02:55.519000+00:00,LINK-USDT-SWAP,2593455.6999999997,1757206975519
2025-09-07 01:02:55.530000+00:00,LPT-USDT-SWAP,859340.5,1757206975530
2025-09-07 01:02:55.527000+00:00,LQTY-USDT-SWAP,1569198.0,1757206975527
2025-09-07 01:02:55.958000+00:00,LRC-USDT-SWAP,17988690.0,1757206975958
2025-09-07 01:02:55.972000+00:00,LTC-USDT-SWAP,636924.3,1757206975972
2025-09-07 01:02:55.968000+00:00,LUNA-USDT-SWAP,15439066.0,1757206975968
2025-09-07 01:02:55.964000+00:00,LUNC-USDT-SWAP,33189820000.0,1757206975964
2025-09-07 01:02:55.962000+00:00,MAGIC-USDT-SWAP,19748526.0,1757206975962
2025-09-07 01:02:55.968000+00:00,MAJOR-USDT-SWAP,4804804.0,1757206975968
2025-09-07 01:02:55.972000+00:00,MANA-USDT-SWAP,9939220.0,1757206975972
2025-09-07 01:02:55.961000+00:00,MASK-USDT-SWAP,3096713.0,1757206975961
2025-09-07 01:02:55.977000+00:00,ME-USDT-SWAP,3011600.0,1757206975977
2025-09-07 01:02:55.965000+00:00,MEME-USDT-SWAP,1825198900.0,1757206975965
2025-09-07 01:02:56.387000+00:00,MERL-USDT-SWAP,60591337.0,1757206976387
2025-09-07 01:02:56.405000+00:00,METIS-USDT-SWAP,96689.6,1757206976405
2025-09-07 01:02:56.396000+00:00,MEW-USDT-SWAP,1020080000.0,1757206976396
2025-09-07 01:02:56.392000+00:00,MINA-USDT-SWAP,7209756.0,1757206976392
2025-09-07 01:02:56.401000+00:00,MOG-USDT-SWAP,657912000000.0,1757206976401
2025-09-07 01:02:56.397000+00:00,MOODENG-USDT-SWAP,47244610.0,1757206976397
2025-09-07 01:02:56.389000+00:00,MORPHO-USDT-SWAP,1349586.0,1757206976389
2025-09-07 01:02:56.409000+00:00,MOVE-USDT-SWAP,29587160.0,1757206976409
2025-09-07 01:02:56.392000+00:00,MUBARAK-USDT-SWAP,13195500.0,1757206976392
2025-09-07 01:02:56.818000+00:00,NEAR-USDT-SWAP,5393205.000000001,1757206976818
2025-09-07 01:02:56.823000+00:00,NEIRO-USDT-SWAP,9188426000.0,1757206976823
2025-09-07 01:02:56.829000+00:00,NEIROETH-USDT-SWAP,22565000.0,1757206976829
2025-09-07 01:02:56.830000+00:00,NEO-USDT-SWAP,310274.0,1757206976830
2025-09-07 01:02:56.869000+00:00,NEWT-USDT-SWAP,3793250.0,1757206976869
2025-09-07 01:02:56.825000+00:00,NMR-USDT-SWAP,661529.2,1757206976825
2025-09-07 01:02:56.839000+00:00,NOT-USDT-SWAP,1749140500.0,1757206976839
2025-09-07 01:02:56.864000+00:00,NXPC-USDT-SWAP,822179.0,1757206976864
2025-09-07 01:02:56.840000+00:00,OL-USDT-SWAP,88821850.0,1757206976840
2025-09-07 01:02:56.840000+00:00,OM-USDT-SWAP,26194096.0,1757206976840
2025-09-07 01:02:57.288000+00:00,ONDO-USDT-SWAP,19173780.0,1757206977288
2025-09-07 01:02:57.291000+00:00,ONE-USDT-SWAP,78749000.0,1757206977291
2025-09-07 01:02:57.302000+00:00,ONT-USDT-SWAP,14304570.0,1757206977302
2025-09-07 01:02:57.292000+00:00,OP-USDT-SWAP,19792345.0,1757206977292
2025-09-07 01:02:57.286000+00:00,ORBS-USDT-SWAP,26128400.0,1757206977286
2025-09-07 01:02:57.297000+00:00,ORDI-USDT-SWAP,1183774.1,1757206977297
2025-09-07 01:02:57.292000+00:00,PARTI-USDT-SWAP,13653160.0,1757206977292
2025-09-07 01:02:57.298000+00:00,PENGU-USDT-SWAP,556321600.0,1757206977298
2025-09-07 01:02:57.301000+00:00,PEOPLE-USDT-SWAP,299830800.0,1757206977301
2025-09-07 01:02:57.299000+00:00,PEPE-USDT-SWAP,6522082000000.003,1757206977299
2025-09-07 01:02:57.728000+00:00,PERP-USDT-SWAP,2468369.0,1757206977728
2025-09-07 01:02:57.728000+00:00,PI-USDT-SWAP,33444255.0,1757206977728
2025-09-07 01:02:57.732000+00:00,PLUME-USDT-SWAP,14294430.0,1757206977732
2025-09-07 01:02:57.725000+00:00,PNUT-USDT-SWAP,37690730.0,1757206977725
2025-09-07 01:02:57.721000+00:00,POL-USDT-SWAP,39181100.0,1757206977721
2025-09-07 01:02:57.724000+00:00,POPCAT-USDT-SWAP,10587320.0,1757206977724
2025-09-07 01:02:57.732000+00:00,PRCL-USDT-SWAP,20276167.0,1757206977732
2025-09-07 01:02:57.724000+00:00,PROMPT-USDT-SWAP,30910220.0,1757206977724
2025-09-07 01:02:57.743000+00:00,PUMP-USDT-SWAP,6597877000.0,1757206977743
2025-09-07 01:02:57.739000+00:00,PYTH-USDT-SWAP,49084820.0,1757206977739
2025-09-07 01:02:58.144000+00:00,QTUM-USDT-SWAP,1516346.0,1757206978144
2025-09-07 01:02:58.169000+00:00,RAY-USDT-SWAP,967267.0,1757206978169
2025-09-07 01:02:58.158000+00:00,RENDER-USDT-SWAP,1388388.0,1757206978158
2025-09-07 01:02:58.162000+00:00,RESOLV-USDT-SWAP,27734310.0,1757206978162
2025-09-07 01:02:58.155000+00:00,RSR-USDT-SWAP,252294800.0,1757206978155
2025-09-07 01:02:58.163000+00:00,RVN-USDT-SWAP,84686760.0,1757206978163
2025-09-07 01:02:58.158000+00:00,S-USDT-SWAP,13544490.0,1757206978158
2025-09-07 01:02:58.149000+00:00,SAHARA-USDT-SWAP,56353380.0,1757206978149
2025-09-07 01:02:58.166000+00:00,SAND-USDT-SWAP,19431720.0,1757206978166
2025-09-07 01:02:58.205000+00:00,SATS-USDT-SWAP,170944490000000.0,1757206978205
2025-09-07 01:02:58.621000+00:00,SCR-USDT-SWAP,3274905.0,1757206978621
2025-09-07 01:02:58.623000+00:00,SHELL-USDT-SWAP,5679290.0,1757206978623
2025-09-07 01:02:58.620000+00:00,SHIB-USDT-SWAP,1319865100000.0002,1757206978620
2025-09-07 01:02:58.622000+00:00,SIGN-USDT-SWAP,45464100.0,1757206978622
2025-09-07 01:02:58.613000+00:00,SLP-USDT-SWAP,456270530.0,1757206978613
2025-09-07 01:02:58.618000+00:00,SNX-USDT-SWAP,2478323.0,1757206978618
2025-09-07 01:02:58.624000+00:00,SOL-USDT-SWAP,3424243.5000000014,1757206978624
2025-09-07 01:02:58.632000+00:00,SOLV-USDT-SWAP,50231400.0,1757206978632
2025-09-07 01:02:58.651000+00:00,SONIC-USDT-SWAP,7172528.0,1757206978651
2025-09-07 01:02:58.621000+00:00,SOON-USDT-SWAP,8643120.0,1757206978621
2025-09-07 01:02:59.068000+00:00,SOPH-USDT-SWAP,90421200.0,1757206979068
2025-09-07 01:02:59.085000+00:00,SPK-USDT-SWAP,139444800.0,1757206979085
2025-09-07 01:02:59.074000+00:00,SPX-USDT-SWAP,1143118.0,1757206979074
2025-09-07 01:02:59.090000+00:00,SSV-USDT-SWAP,284614.3,1757206979090
2025-09-07 01:02:59.072000+00:00,STORJ-USDT-SWAP,5562990.0,1757206979072
2025-09-07 01:02:59.067000+00:00,STRK-USDT-SWAP,25967750.0,1757206979067
2025-09-07 01:02:59.070000+00:00,STX-USDT-SWAP,6671335.0,1757206979070
2025-09-07 01:02:59.225000+00:00,SUI-USDT-SWAP,20647192.0,1757206979225
2025-09-07 01:02:59.092000+00:00,SUSHI-USDT-SWAP,8089645.0,1757206979092
2025-09-07 01:02:59.078000+00:00,SWARMS-USDT-SWAP,78782270.0,1757206979078
2025-09-07 01:02:59.632000+00:00,SYRUP-USDT-SWAP,3266030.0,1757206979632
2025-09-07 01:02:59.640000+00:00,T-USDT-SWAP,39662700.0,1757206979640
2025-09-07 01:02:59.639000+00:00,TAO-USDT-SWAP,15742.8,1757206979639
2025-09-07 01:02:59.643000+00:00,THETA-USDT-SWAP,2627421.0,1757206979643
2025-09-07 01:02:59.639000+00:00,TIA-USDT-SWAP,5201500.0,1757206979639
2025-09-07 01:02:59.643000+00:00,TNSR-USDT-SWAP,8385809.0,1757206979643
2025-09-07 01:02:59.669000+00:00,TON-USDT-SWAP,9746597.0,1757206979669
2025-09-07 01:02:59.642000+00:00,TRB-USDT-SWAP,280416.0,1757206979642
2025-09-07 01:02:59.650000+00:00,TREE-USDT-SWAP,7468351.0,1757206979650
2025-09-07 01:02:59.641000+00:00,TRUMP-USDT-SWAP,5378462.1,1757206979641
2025-09-07 01:03:00.077000+00:00,TRX-USDT-SWAP,96555050.00000006,1757206980077
2025-09-07 01:03:00.084000+00:00,TURBO-USDT-SWAP,830407000.0000001,1757206980084
2025-09-07 01:03:00.092000+00:00,UMA-USDT-SWAP,1534501.4,1757206980092
2025-09-07 01:03:00.074000+00:00,UNI-USDT-SWAP,3120821.0,1757206980074
2025-09-07 01:03:00.079000+00:00,USDC-USDT-SWAP,1020770.0,1757206980079
2025-09-07 01:03:00.083000+00:00,USELESS-USDT-SWAP,16594850.0,1757206980083
2025-09-07 01:03:00.087000+00:00,USTC-USDT-SWAP,147926300.0,1757206980087
2025-09-07 01:03:00.080000+00:00,UXLINK-USDT-SWAP,5590340.0,1757206980080
2025-09-07 01:03:00.087000+00:00,VANA-USDT-SWAP,132281.3,1757206980087
2025-09-07 01:03:00.084000+00:00,VINE-USDT-SWAP,103755360.0,1757206980084
2025-09-07 01:03:00.508000+00:00,VIRTUAL-USDT-SWAP,3212928.0,1757206980508
2025-09-07 01:03:00.520000+00:00,W-USDT-SWAP,48924075.0,1757206980520
2025-09-07 01:03:00.523000+00:00,WAL-USDT-SWAP,2150320.0,1757206980523
2025-09-07 01:03:00.514000+00:00,WAXP-USDT-SWAP,27604400.0,1757206980514
2025-09-07 01:03:00.509000+00:00,WCT-USDT-SWAP,10274710.0,1757206980509
2025-09-07 01:03:00.509000+00:00,WIF-USDT-SWAP,17387141.0,1757206980509
2025-09-07 01:03:00.516000+00:00,WLD-USDT-SWAP,34004753.0,1757206980516
2025-09-07 01:03:00.510000+00:00,WLFI-USDT-SWAP,291449750.0,1757206980510
2025-09-07 01:03:00.526000+00:00,WOO-USDT-SWAP,15011980.0,1757206980526
2025-09-07 01:03:00.511000+00:00,XAUT-USDT-SWAP,5840.573,1757206980511
2025-09-07 01:03:00.935000+00:00,XLM-USDT-SWAP,38992419.999999985,1757206980935
2025-09-07 01:03:00.941000+00:00,XPL-USDT-SWAP,7020850.0,1757206980941
2025-09-07 01:03:00.954000+00:00,XRP-USDT-SWAP,91765311.00000003,1757206980954
2025-09-07 01:03:00.945000+00:00,XTZ-USDT-SWAP,5687294.0,1757206980945
2025-09-07 01:03:00.950000+00:00,YFI-USDT-SWAP,368.5955,1757206980950
2025-09-07 01:03:00.941000+00:00,YGG-USDT-SWAP,27871286.0,1757206980941
2025-09-07 01:03:00.943000+00:00,ZENT-USDT-SWAP,176965200.0,1757206980943
2025-09-07 01:03:00.982000+00:00,ZEREBRO-USDT-SWAP,76935700.0,1757206980982
2025-09-07 01:03:00.959000+00:00,ZETA-USDT-SWAP,5605580.0,1757206980959
2025-09-07 01:03:00.945000+00:00,ZIL-USDT-SWAP,159049500.0,1757206980945
2025-09-07 01:03:01.395000+00:00,ZK-USDT-SWAP,50925800.0,1757206981395
2025-09-07 01:03:01.403000+00:00,ZRO-USDT-SWAP,2188663.0,1757206981403
2025-09-07 01:03:01.400000+00:00,ZRX-USDT-SWAP,7916210.0,1757206981400
2025-09-07 01:04:02.110000+00:00,1INCH-USDT-SWAP,7681965.0,1757207042110
2025-09-07 01:04:02.143000+00:00,A-USDT-SWAP,9812430.0,1757207042143
2025-09-07 01:04:02.104000+00:00,AAVE-USDT-SWAP,132712.83000000002,1757207042104
2025-09-07 01:04:02.115000+00:00,ACE-USDT-SWAP,1915559.0,1757207042115
2025-09-07 01:04:02.124000+00:00,ACH-USDT-SWAP,76647600.0,1757207042124
2025-09-07 01:04:02.117000+00:00,ACT-USDT-SWAP,80542277.0,1757207042117
2025-09-07 01:04:02.128000+00:00,ADA-USDT-SWAP,76726730.00000003,1757207042128
2025-09-07 01:04:02.126000+00:00,AERO-USDT-SWAP,1641420.0,1757207042126
2025-09-07 01:04:02.137000+00:00,AEVO-USDT-SWAP,12799065.0,1757207042137
2025-09-07 01:04:02.115000+00:00,AGLD-USDT-SWAP,1906224.0,1757207042115
2025-09-07 01:04:02.558000+00:00,AI16Z-USDT-SWAP,50354655.0,1757207042558
2025-09-07 01:04:02.571000+00:00,AIXBT-USDT-SWAP,21925760.0,1757207042571
2025-09-07 01:04:02.582000+00:00,ALCH-USDT-SWAP,23101960.0,1757207042582
2025-09-07 01:04:02.564000+00:00,ALGO-USDT-SWAP,28104960.0,1757207042564
2025-09-07 01:04:02.553000+00:00,ANIME-USDT-SWAP,113229340.0,1757207042553
2025-09-07 01:04:02.584000+00:00,APE-USDT-SWAP,8138655.6,1757207042584
2025-09-07 01:04:02.564000+00:00,API3-USDT-SWAP,4830796.0,1757207042564
2025-09-07 01:04:02.566000+00:00,APT-USDT-SWAP,3686448.0,1757207042566
2025-09-07 01:04:02.572000+00:00,AR-USDT-SWAP,526378.3,1757207042572
2025-09-07 01:04:02.560000+00:00,ARB-USDT-SWAP,33496156.0,1757207042560
2025-09-07 01:04:03.036000+00:00,ARC-USDT-SWAP,61035380.0,1757207043036
2025-09-07 01:04:03.025000+00:00,ARKM-USDT-SWAP,3491519.0,1757207043025
2025-09-07 01:04:03.034000+00:00,ATH-USDT-SWAP,141169100.0,1757207043034
2025-09-07 01:04:03.028000+00:00,ATOM-USDT-SWAP,1837593.0,1757207043028
2025-09-07 01:04:03.028000+00:00,AUCTION-USDT-SWAP,209196.1,1757207043028
2025-09-07 01:04:03.037000+00:00,AVAAI-USDT-SWAP,54174190.0,1757207043037
2025-09-07 01:04:03.051000+00:00,AVAX-USDT-SWAP,1844651.7000000002,1757207043051
2025-09-07 01:04:03.032000+00:00,AXS-USDT-SWAP,1193754.2,1757207043032
2025-09-07 01:04:03.032000+00:00,BABY-USDT-SWAP,39506130.0,1757207043032
2025-09-07 01:04:03.033000+00:00,BAND-USDT-SWAP,1755036.0,1757207043033
2025-09-07 01:04:03.466000+00:00,BAT-USDT-SWAP,5482510.0,1757207043466
2025-09-07 01:04:03.480000+00:00,BCH-USDT-SWAP,83235.21999999997,1757207043480
2025-09-07 01:04:03.482000+00:00,BERA-USDT-SWAP,2365237.4,1757207043482
2025-09-07 01:04:03.472000+00:00,BICO-USDT-SWAP,6996198.0,1757207043472
2025-09-07 01:04:03.469000+00:00,BIGTIME-USDT-SWAP,40126230.0,1757207043469
2025-09-07 01:04:03.467000+00:00,BIO-USDT-SWAP,75205679.0,1757207043467
2025-09-07 01:04:03.479000+00:00,BLUR-USDT-SWAP,23442350.0,1757207043479
2025-09-07 01:04:03.474000+00:00,BNB-USDT-SWAP,90146.72,1757207043474
2025-09-07 01:04:03.478000+00:00,BNT-USDT-SWAP,696050.0,1757207043478
2025-09-07 01:04:03.474000+00:00,BOME-USDT-SWAP,1336370000.0,1757207043474
2025-09-07 01:04:03.902000+00:00,BONK-USDT-SWAP,474055000000.0,1757207043902
2025-09-07 01:04:03.904000+00:00,BRETT-USDT-SWAP,13883000.0,1757207043904
2025-09-07 01:04:03.908000+00:00,BTC-USDT-SWAP,27440.295300000067,1757207043908
2025-09-07 01:04:03.950000+00:00,CAT-USDT-SWAP,199998400000.0,1757207043950
2025-09-07 01:04:03.891000+00:00,CATI-USDT-SWAP,17541348.0,1757207043891
2025-09-07 01:04:03.896000+00:00,CELO-USDT-SWAP,4063269.0,1757207043896
2025-09-07 01:04:03.911000+00:00,CETUS-USDT-SWAP,17593070.0,1757207043911
2025-09-07 01:04:03.902000+00:00,CFX-USDT-SWAP,77661310.0,1757207043902
2025-09-07 01:04:03.905000+00:00,CHZ-USDT-SWAP,80634390.0,1757207043905
2025-09-07 01:04:03.898000+00:00,COMP-USDT-SWAP,91998.9,1757207043898
2025-09-07 01:04:04.377000+00:00,COOKIE-USDT-SWAP,4647590.0,1757207044377
2025-09-07 01:04:04.382000+00:00,CORE-USDT-SWAP,10011888.0,1757207044382
2025-09-07 01:04:04.369000+00:00,CRO-USDT-SWAP,67374230.0,1757207044369
2025-09-07 01:04:04.357000+00:00,CRV-USDT-SWAP,25253570.0,1757207044357
2025-09-07 01:04:04.357000+00:00,CTC-USDT-SWAP,1827210.0,1757207044357
2025-09-07 01:04:04.364000+00:00,CVC-USDT-SWAP,10085800.0,1757207044364
2025-09-07 01:04:04.365000+00:00,CVX-USDT-SWAP,303719.0,1757207044365
2025-09-07 01:04:04.504000+00:00,DEGEN-USDT-SWAP,277549100.0,1757207044504
2025-09-07 01:04:04.363000+00:00,DGB-USDT-SWAP,49403000.0,1757207044363
2025-09-07 01:04:04.367000+00:00,DOG-USDT-SWAP,577249000.0,1757207044367
2025-09-07 01:04:04.944000+00:00,DOGE-USDT-SWAP,1390557579.9999993,1757207044944
2025-09-07 01:04:04.926000+00:00,DOGS-USDT-SWAP,19149106000.0,1757207044926
2025-09-07 01:04:04.922000+00:00,DOOD-USDT-SWAP,138121000.0,1757207044922
2025-09-07 01:04:04.934000+00:00,DOT-USDT-SWAP,5606864.0,1757207044934
2025-09-07 01:04:04.918000+00:00,DUCK-USDT-SWAP,845743500.0,1757207044918
2025-09-07 01:04:04.923000+00:00,DYDX-USDT-SWAP,9073840.0,1757207044923
2025-09-07 01:04:04.924000+00:00,EGLD-USDT-SWAP,101355.7,1757207044924
2025-09-07 01:04:04.916000+00:00,EIGEN-USDT-SWAP,3193444.0,1757207044916
2025-09-07 01:04:04.930000+00:00,ENJ-USDT-SWAP,12802070.0,1757207044930
2025-09-07 01:04:04.924000+00:00,ENS-USDT-SWAP,352681.4,1757207044924
2025-09-07 01:04:05.365000+00:00,ETC-USDT-SWAP,1098693.5000000007,1757207045365
2025-09-07 01:04:05.359000+00:00,ETH-USDT-SWAP,742164.7700000015,1757207045359
2025-09-07 01:04:05.365000+00:00,ETHFI-USDT-SWAP,8071528.0,1757207045365
2025-09-07 01:04:05.368000+00:00,ETHW-USDT-SWAP,1303834.6,1757207045368
2025-09-07 01:04:05.494000+00:00,FARTCOIN-USDT-SWAP,20485627.0,1757207045494
2025-09-07 01:04:05.359000+00:00,FIL-USDT-SWAP,13659691.9,1757207045359
2025-09-07 01:04:05.365000+00:00,FLM-USDT-SWAP,25977990.0,1757207045365
2025-09-07 01:04:05.366000+00:00,FLOKI-USDT-SWAP,42012900000.0,1757207045366
2025-09-07 01:04:05.360000+00:00,FLOW-USDT-SWAP,4321890.0,1757207045360
2025-09-07 01:04:05.369000+00:00,FXS-USDT-SWAP,253986.0,1757207045369
2025-09-07 01:04:05.897000+00:00,GALA-USDT-SWAP,419320240.0,1757207045897
2025-09-07 01:04:05.918000+00:00,GAS-USDT-SWAP,484990.0,1757207045918
2025-09-07 01:04:05.908000+00:00,GLM-USDT-SWAP,2757490.0,1757207045908
2025-09-07 01:04:05.908000+00:00,GMT-USDT-SWAP,46403562.0,1757207045908
2025-09-07 01:04:05.910000+00:00,GMX-USDT-SWAP,73425.8,1757207045910
2025-09-07 01:04:05.919000+00:00,GOAT-USDT-SWAP,25131760.0,1757207045919
2025-09-07 01:04:05.915000+00:00,GODS-USDT-SWAP,6285475.0,1757207045915
2025-09-07 01:04:05.907000+00:00,GPS-USDT-SWAP,172679730.0,1757207045907
2025-09-07 01:04:05.915000+00:00,GRASS-USDT-SWAP,2733751.0,1757207045915
2025-09-07 01:04:05.913000+00:00,GRIFFAIN-USDT-SWAP,23560260.0,1757207045913
2025-09-07 01:04:06.366000+00:00,GRT-USDT-SWAP,22517780.0,1757207046366
2025-09-07 01:04:06.327000+00:00,H-USDT-SWAP,60130600.0,1757207046327
2025-09-07 01:04:06.333000+00:00,HBAR-USDT-SWAP,73208250.0,1757207046333
2025-09-07 01:04:06.337000+00:00,HMSTR-USDT-SWAP,939054800.0,1757207046337
2025-09-07 01:04:06.334000+00:00,HOME-USDT-SWAP,25466300.0,1757207046334
2025-09-07 01:04:06.336000+00:00,HUMA-USDT-SWAP,87619100.0,1757207046336
2025-09-07 01:04:06.345000+00:00,HYPE-USDT-SWAP,803051.9,1757207046345
2025-09-07 01:04:06.330000+00:00,ICP-USDT-SWAP,1237024.66,1757207046330
2025-09-07 01:04:06.332000+00:00,ICX-USDT-SWAP,6392600.0,1757207046332
2025-09-07 01:04:06.348000+00:00,IMX-USDT-SWAP,6672808.0,1757207046348
2025-09-07 01:04:06.787000+00:00,INIT-USDT-SWAP,2434680.0,1757207046787
2025-09-07 01:04:06.797000+00:00,INJ-USDT-SWAP,856377.4,1757207046797
2025-09-07 01:04:06.870000+00:00,IOST-USDT-SWAP,312894000.0,1757207046870
2025-09-07 01:04:06.803000+00:00,IOTA-USDT-SWAP,15704970.0,1757207046803
2025-09-07 01:04:06.777000+00:00,IP-USDT-SWAP,2959804.0,1757207046777
2025-09-07 01:04:06.796000+00:00,JELLYJELLY-USDT-SWAP,217834600.0,1757207046796
2025-09-07 01:04:06.796000+00:00,JOE-USDT-SWAP,7295210.0,1757207046796
2025-09-07 01:04:06.781000+00:00,JTO-USDT-SWAP,2893925.0,1757207046781
2025-09-07 01:04:06.827000+00:00,JUP-USDT-SWAP,14287240.0,1757207046827
2025-09-07 01:04:07.282000+00:00,KAITO-USDT-SWAP,3484312.0,1757207047282
2025-09-07 01:04:07.275000+00:00,KMNO-USDT-SWAP,17189800.0,1757207047275
2025-09-07 01:04:07.291000+00:00,KSM-USDT-SWAP,123127.8,1757207047291
2025-09-07 01:04:07.277000+00:00,LA-USDT-SWAP,3186240.0,1757207047277
2025-09-07 01:04:07.286000+00:00,LAUNCHCOIN-USDT-SWAP,40101440.0,1757207047286
2025-09-07 01:04:07.288000+00:00,LAYER-USDT-SWAP,6121496.0,1757207047288
2025-09-07 01:04:07.288000+00:00,LDO-USDT-SWAP,14628767.0,1757207047288
2025-09-07 01:04:07.280000+00:00,LINK-USDT-SWAP,2593456.5999999996,1757207047280
2025-09-07 01:04:07.292000+00:00,LPT-USDT-SWAP,860994.2,1757207047292
2025-09-07 01:04:07.293000+00:00,LQTY-USDT-SWAP,1567961.0,1757207047293
2025-09-07 01:04:07.707000+00:00,LRC-USDT-SWAP,17985280.0,1757207047707
2025-09-07 01:04:07.705000+00:00,LTC-USDT-SWAP,636967.4000000001,1757207047705
2025-09-07 01:04:07.712000+00:00,LUNA-USDT-SWAP,15440048.0,1757207047712
2025-09-07 01:04:07.714000+00:00,LUNC-USDT-SWAP,33192570000.0,1757207047714
2025-09-07 01:04:07.712000+00:00,MAGIC-USDT-SWAP,19743681.0,1757207047712
2025-09-07 01:04:07.726000+00:00,MAJOR-USDT-SWAP,4804946.0,1757207047726
2025-09-07 01:04:07.718000+00:00,MANA-USDT-SWAP,9936860.0,1757207047718
2025-09-07 01:04:07.705000+00:00,MASK-USDT-SWAP,3096712.0,1757207047705
2025-09-07 01:04:07.717000+00:00,ME-USDT-SWAP,3011467.0,1757207047717
2025-09-07 01:04:07.716000+00:00,MEME-USDT-SWAP,1824803900.0,1757207047716
2025-09-07 01:04:08.159000+00:00,MERL-USDT-SWAP,60575904.0,1757207048159
2025-09-07 01:04:08.158000+00:00,METIS-USDT-SWAP,96679.0,1757207048158
2025-09-07 01:04:08.159000+00:00,MEW-USDT-SWAP,1019608000.0,1757207048159
2025-09-07 01:04:08.148000+00:00,MINA-USDT-SWAP,7208912.0,1757207048148
2025-09-07 01:04:08.152000+00:00,MOG-USDT-SWAP,657903000000.0,1757207048152
2025-09-07 01:04:08.161000+00:00,MOODENG-USDT-SWAP,47240000.0,1757207048161
2025-09-07 01:04:08.149000+00:00,MORPHO-USDT-SWAP,1349464.0,1757207048149
2025-09-07 01:04:08.152000+00:00,MOVE-USDT-SWAP,29587160.0,1757207048152
2025-09-07 01:04:08.155000+00:00,MUBARAK-USDT-SWAP,13195500.0,1757207048155
2025-09-07 01:04:08.579000+00:00,NEAR-USDT-SWAP,5395869.000000001,1757207048579
2025-09-07 01:04:08.588000+00:00,NEIRO-USDT-SWAP,9178989000.0,1757207048588
2025-09-07 01:04:08.598000+00:00,NEIROETH-USDT-SWAP,22517600.0,1757207048598
2025-09-07 01:04:08.583000+00:00,NEO-USDT-SWAP,310274.0,1757207048583
2025-09-07 01:04:08.578000+00:00,NEWT-USDT-SWAP,3787950.0,1757207048578
2025-09-07 01:04:08.589000+00:00,NMR-USDT-SWAP,660615.4,1757207048589
2025-09-07 01:04:08.599000+00:00,NOT-USDT-SWAP,1749140800.0,1757207048599
2025-09-07 01:04:08.588000+00:00,NXPC-USDT-SWAP,822622.0,1757207048588
2025-09-07 01:04:08.577000+00:00,OL-USDT-SWAP,88633080.0,1757207048577
2025-09-07 01:04:08.580000+00:00,OM-USDT-SWAP,26196883.0,1757207048580
2025-09-07 01:04:09.015000+00:00,ONDO-USDT-SWAP,19174530.0,1757207049015
2025-09-07 01:04:09.022000+00:00,ONE-USDT-SWAP,78730600.0,1757207049022
2025-09-07 01:04:09.028000+00:00,ONT-USDT-SWAP,14303660.0,1757207049028
2025-09-07 01:04:09.026000+00:00,OP-USDT-SWAP,19789247.0,1757207049026
2025-09-07 01:04:09.022000+00:00,ORBS-USDT-SWAP,26128400.0,1757207049022
2025-09-07 01:04:09.023000+00:00,ORDI-USDT-SWAP,1184290.4,1757207049023
2025-09-07 01:04:09.023000+00:00,PARTI-USDT-SWAP,13656110.0,1757207049023
2025-09-07 01:04:09.024000+00:00,PENGU-USDT-SWAP,556340700.0,1757207049024
2025-09-07 01:04:09.028000+00:00,PEOPLE-USDT-SWAP,299830800.0,1757207049028
2025-09-07 01:04:09.016000+00:00,PEPE-USDT-SWAP,6520896000000.003,1757207049016
2025-09-07 01:04:09.445000+00:00,PERP-USDT-SWAP,2468163.0,1757207049445
2025-09-07 01:04:09.450000+00:00,PI-USDT-SWAP,33437994.0,1757207049450
2025-09-07 01:04:09.458000+00:00,PLUME-USDT-SWAP,14297060.0,1757207049458
2025-09-07 01:04:09.457000+00:00,PNUT-USDT-SWAP,37684840.0,1757207049457
2025-09-07 01:04:09.449000+00:00,POL-USDT-SWAP,39180310.0,1757207049449
2025-09-07 01:04:09.447000+00:00,POPCAT-USDT-SWAP,10599680.0,1757207049447
2025-09-07 01:04:09.464000+00:00,PRCL-USDT-SWAP,20192349.0,1757207049464
2025-09-07 01:04:09.463000+00:00,PROMPT-USDT-SWAP,30940010.0,1757207049463
2025-09-07 01:04:09.442000+00:00,PUMP-USDT-SWAP,6599282000.0,1757207049442
2025-09-07 01:04:09.452000+00:00,PYTH-USDT-SWAP,49088260.0,1757207049452
2025-09-07 01:04:09.880000+00:00,QTUM-USDT-SWAP,1516251.0,1757207049880
2025-09-07 01:04:09.889000+00:00,RAY-USDT-SWAP,967252.0,1757207049889
2025-09-07 01:04:09.882000+00:00,RENDER-USDT-SWAP,1388382.0,1757207049882
2025-09-07 01:04:09.884000+00:00,RESOLV-USDT-SWAP,27732490.0,1757207049884
2025-09-07 01:04:09.881000+00:00,RSR-USDT-SWAP,252284000.0,1757207049881
2025-09-07 01:04:09.884000+00:00,RVN-USDT-SWAP,84653090.0,1757207049884
2025-09-07 01:04:09.898000+00:00,S-USDT-SWAP,13543340.0,1757207049898
2025-09-07 01:04:09.877000+00:00,SAHARA-USDT-SWAP,56355990.0,1757207049877
2025-09-07 01:04:09.884000+00:00,SAND-USDT-SWAP,19431260.0,1757207049884
2025-09-07 01:04:09.876000+00:00,SATS-USDT-SWAP,170849370000000.0,1757207049876
2025-09-07 01:04:10.310000+00:00,SCR-USDT-SWAP,3274576.0,1757207050310
2025-09-07 01:04:10.311000+00:00,SHELL-USDT-SWAP,5679120.0,1757207050311
2025-09-07 01:04:10.321000+00:00,SHIB-USDT-SWAP,1319806500000.0,1757207050321
2025-09-07 01:04:10.317000+00:00,SIGN-USDT-SWAP,45464800.0,1757207050317
2025-09-07 01:04:10.307000+00:00,SLP-USDT-SWAP,456016260.0,1757207050307
2025-09-07 01:04:10.307000+00:00,SNX-USDT-SWAP,2478323.0,1757207050307
2025-09-07 01:04:10.321000+00:00,SOL-USDT-SWAP,3426386.090000001,1757207050321
2025-09-07 01:04:10.316000+00:00,SOLV-USDT-SWAP,50227200.0,1757207050316
2025-09-07 01:04:10.321000+00:00,SONIC-USDT-SWAP,7175483.0,1757207050321
2025-09-07 01:04:10.318000+00:00,SOON-USDT-SWAP,8643740.0,1757207050318
2025-09-07 01:04:10.737000+00:00,SOPH-USDT-SWAP,90395100.0,1757207050737
2025-09-07 01:04:10.759000+00:00,SPK-USDT-SWAP,139382300.0,1757207050759
2025-09-07 01:04:10.753000+00:00,SPX-USDT-SWAP,1142526.0,1757207050753
2025-09-07 01:04:10.731000+00:00,SSV-USDT-SWAP,284603.9,1757207050731
2025-09-07 01:04:10.743000+00:00,STORJ-USDT-SWAP,5561810.0,1757207050743
2025-09-07 01:04:10.736000+00:00,STRK-USDT-SWAP,25975517.0,1757207050736
2025-09-07 01:04:10.748000+00:00,STX-USDT-SWAP,6669914.0,1757207050748
2025-09-07 01:04:10.733000+00:00,SUI-USDT-SWAP,20644343.0,1757207050733
2025-09-07 01:04:10.740000+00:00,SUSHI-USDT-SWAP,8090261.0,1757207050740
2025-09-07 01:04:10.745000+00:00,SWARMS-USDT-SWAP,78768200.0,1757207050745
2025-09-07 01:04:11.169000+00:00,SYRUP-USDT-SWAP,3265470.0,1757207051169
2025-09-07 01:04:11.176000+00:00,T-USDT-SWAP,39662700.0,1757207051176
2025-09-07 01:04:11.175000+00:00,TAO-USDT-SWAP,15733.64,1757207051175
2025-09-07 01:04:11.170000+00:00,THETA-USDT-SWAP,2627304.0,1757207051170
2025-09-07 01:04:11.177000+00:00,TIA-USDT-SWAP,5203100.0,1757207051177
2025-09-07 01:04:11.165000+00:00,TNSR-USDT-SWAP,8387928.0,1757207051165
2025-09-07 01:04:11.183000+00:00,TON-USDT-SWAP,9746442.0,1757207051183
2025-09-07 01:04:11.173000+00:00,TRB-USDT-SWAP,280405.8,1757207051173
2025-09-07 01:04:11.182000+00:00,TREE-USDT-SWAP,7468962.0,1757207051182
2025-09-07 01:04:11.175000+00:00,TRUMP-USDT-SWAP,5378224.9,1757207051175
2025-09-07 01:04:11.599000+00:00,TRX-USDT-SWAP,96501010.00000004,1757207051599
2025-09-07 01:04:11.608000+00:00,TURBO-USDT-SWAP,831088000.0000001,1757207051608
2025-09-07 01:04:11.600000+00:00,UMA-USDT-SWAP,1534065.2,1757207051600
2025-09-07 01:04:11.605000+00:00,UNI-USDT-SWAP,3120652.0,1757207051605
2025-09-07 01:04:11.598000+00:00,USDC-USDT-SWAP,1020770.0,1757207051598
2025-09-07 01:04:11.605000+00:00,USELESS-USDT-SWAP,16596940.0,1757207051605
2025-09-07 01:04:11.610000+00:00,USTC-USDT-SWAP,147936900.0,1757207051610
2025-09-07 01:04:11.603000+00:00,UXLINK-USDT-SWAP,5579380.0,1757207051603
2025-09-07 01:04:11.601000+00:00,VANA-USDT-SWAP,132678.2,1757207051601
2025-09-07 01:04:11.608000+00:00,VINE-USDT-SWAP,103762760.0,1757207051608
2025-09-07 01:04:12.067000+00:00,VIRTUAL-USDT-SWAP,3213950.0,1757207052067
2025-09-07 01:04:12.063000+00:00,W-USDT-SWAP,48902763.0,1757207052063
2025-09-07 01:04:12.061000+00:00,WAL-USDT-SWAP,2151050.0,1757207052061
2025-09-07 01:04:12.069000+00:00,WAXP-USDT-SWAP,27608000.0,1757207052069
2025-09-07 01:04:12.063000+00:00,WCT-USDT-SWAP,10274700.0,1757207052063
2025-09-07 01:04:12.065000+00:00,WIF-USDT-SWAP,17388565.0,1757207052065
2025-09-07 01:04:12.079000+00:00,WLD-USDT-SWAP,34013014.0,1757207052079
2025-09-07 01:04:12.059000+00:00,WLFI-USDT-SWAP,291602370.0,1757207052059
2025-09-07 01:04:12.068000+00:00,WOO-USDT-SWAP,15004840.0,1757207052068
2025-09-07 01:04:12.059000+00:00,XAUT-USDT-SWAP,5840.558,1757207052059
2025-09-07 01:04:12.505000+00:00,XLM-USDT-SWAP,39005239.99999999,1757207052505
2025-09-07 01:04:12.521000+00:00,XPL-USDT-SWAP,7021850.0,1757207052521
2025-09-07 01:04:12.509000+00:00,XRP-USDT-SWAP,91719638.00000003,1757207052509
2025-09-07 01:04:12.509000+00:00,XTZ-USDT-SWAP,5687624.0,1757207052509
2025-09-07 01:04:12.514000+00:00,YFI-USDT-SWAP,368.5955,1757207052514
2025-09-07 01:04:12.507000+00:00,YGG-USDT-SWAP,27866896.0,1757207052507
2025-09-07 01:04:12.518000+00:00,ZENT-USDT-SWAP,176751600.0,1757207052518
2025-09-07 01:04:12.517000+00:00,ZEREBRO-USDT-SWAP,76907290.0,1757207052517
2025-09-07 01:04:12.514000+00:00,ZETA-USDT-SWAP,5607080.0,1757207052514
2025-09-07 01:04:12.515000+00:00,ZIL-USDT-SWAP,159063000.0,1757207052515
2025-09-07 01:04:12.933000+00:00,ZK-USDT-SWAP,50926300.0,1757207052933
2025-09-07 01:04:12.934000+00:00,ZRO-USDT-SWAP,2188490.0,1757207052934
2025-09-07 01:04:12.928000+00:00,ZRX-USDT-SWAP,7917750.0,1757207052928
2025-09-07 02:39:23.754000+00:00,1INCH-USDT-SWAP,7620048.0,1757212763754
2025-09-07 02:39:23.763000+00:00,A-USDT-SWAP,9804610.0,1757212763763
2025-09-07 02:39:23.762000+00:00,AAVE-USDT-SWAP,133319.29000000004,1757212763762
2025-09-07 02:39:23.745000+00:00,ACE-USDT-SWAP,1913648.0,1757212763745
2025-09-07 02:39:23.748000+00:00,ACH-USDT-SWAP,76631700.0,1757212763748
2025-09-07 02:39:23.748000+00:00,ACT-USDT-SWAP,80998882.0,1757212763748
2025-09-07 02:39:23.745000+00:00,ADA-USDT-SWAP,77068980.00000001,1757212763745
2025-09-07 02:39:23.802000+00:00,AERO-USDT-SWAP,1628270.0,1757212763802
2025-09-07 02:39:23.750000+00:00,AEVO-USDT-SWAP,12889784.0,1757212763750
2025-09-07 02:39:23.787000+00:00,AGLD-USDT-SWAP,1898372.0,1757212763787
2025-09-07 02:39:24.199000+00:00,AI16Z-USDT-SWAP,51330566.0,1757212764199
2025-09-07 02:39:24.203000+00:00,AIXBT-USDT-SWAP,22126200.0,1757212764203
2025-09-07 02:39:24.199000+00:00,ALCH-USDT-SWAP,22963850.0,1757212764199
2025-09-07 02:39:24.193000+00:00,ALGO-USDT-SWAP,28152900.0,1757212764193
2025-09-07 02:39:24.201000+00:00,ANIME-USDT-SWAP,112803690.0,1757212764201
2025-09-07 02:39:24.202000+00:00,APE-USDT-SWAP,8063035.2,1757212764202
2025-09-07 02:39:24.259000+00:00,API3-USDT-SWAP,4982733.0,1757212764259
2025-09-07 02:39:24.199000+00:00,APT-USDT-SWAP,3693349.0,1757212764199
2025-09-07 02:39:24.204000+00:00,AR-USDT-SWAP,529269.8,1757212764204
2025-09-07 02:39:24.214000+00:00,ARB-USDT-SWAP,33269036.999999996,1757212764214
2025-09-07 02:39:24.640000+00:00,ARC-USDT-SWAP,60758810.0,1757212764640
2025-09-07 02:39:24.650000+00:00,ARKM-USDT-SWAP,3494351.0,1757212764650
2025-09-07 02:39:24.657000+00:00,ATH-USDT-SWAP,141167900.0,1757212764657
2025-09-07 02:39:24.647000+00:00,ATOM-USDT-SWAP,1845810.0,1757212764647
2025-09-07 02:39:24.638000+00:00,AUCTION-USDT-SWAP,211350.7,1757212764638
2025-09-07 02:39:24.649000+00:00,AVAAI-USDT-SWAP,53610230.0,1757212764649
2025-09-07 02:39:24.646000+00:00,AVAX-USDT-SWAP,1844629.0,1757212764646
2025-09-07 02:39:24.643000+00:00,AXS-USDT-SWAP,1196088.5,1757212764643
2025-09-07 02:39:24.673000+00:00,BABY-USDT-SWAP,39466000.0,1757212764673
2025-09-07 02:39:24.787000+00:00,BAND-USDT-SWAP,1737727.0,1757212764787
2025-09-07 02:39:25.181000+00:00,BAT-USDT-SWAP,5657260.0,1757212765181
2025-09-07 02:39:25.289000+00:00,BCH-USDT-SWAP,82723.56999999998,1757212765289
2025-09-07 02:39:25.196000+00:00,BERA-USDT-SWAP,2362324.3,1757212765196
2025-09-07 02:39:25.212000+00:00,BICO-USDT-SWAP,6987330.0,1757212765212
2025-09-07 02:39:25.181000+00:00,BIGTIME-USDT-SWAP,40190710.0,1757212765181
2025-09-07 02:39:25.187000+00:00,BIO-USDT-SWAP,74470616.0,1757212765187
2025-09-07 02:39:25.194000+00:00,BLUR-USDT-SWAP,23508100.0,1757212765194
2025-09-07 02:39:25.187000+00:00,BNB-USDT-SWAP,90532.26,1757212765187
2025-09-07 02:39:25.183000+00:00,BNT-USDT-SWAP,693660.0,1757212765183
2025-09-07 02:39:25.219000+00:00,BOME-USDT-SWAP,1348471000.0,1757212765219
2025-09-07 02:39:25.675000+00:00,BONK-USDT-SWAP,482906400000.0,1757212765675
2025-09-07 02:39:25.681000+00:00,BRETT-USDT-SWAP,13850500.0,1757212765681
2025-09-07 02:39:25.681000+00:00,BTC-USDT-SWAP,27359.259300000052,1757212765681
2025-09-07 02:39:25.685000+00:00,CAT-USDT-SWAP,201739200000.0,1757212765685
2025-09-07 02:39:25.678000+00:00,CATI-USDT-SWAP,17458378.0,1757212765678
2025-09-07 02:39:25.683000+00:00,CELO-USDT-SWAP,4027160.0,1757212765683
2025-09-07 02:39:25.697000+00:00,CETUS-USDT-SWAP,17448990.0,1757212765697
2025-09-07 02:39:25.684000+00:00,CFX-USDT-SWAP,79487730.0,1757212765684
2025-09-07 02:39:25.695000+00:00,CHZ-USDT-SWAP,80025500.0,1757212765695
2025-09-07 02:39:25.695000+00:00,COMP-USDT-SWAP,92652.5,1757212765695
2025-09-07 02:39:26.095000+00:00,COOKIE-USDT-SWAP,4652710.0,1757212766095
2025-09-07 02:39:26.088000+00:00,CORE-USDT-SWAP,10037032.0,1757212766088
2025-09-07 02:39:26.091000+00:00,CRO-USDT-SWAP,67151060.0,1757212766091
2025-09-07 02:39:26.129000+00:00,CRV-USDT-SWAP,25340975.0,1757212766129
2025-09-07 02:39:26.090000+00:00,CTC-USDT-SWAP,1819930.0,1757212766090
2025-09-07 02:39:26.104000+00:00,CVC-USDT-SWAP,10064600.0,1757212766104
2025-09-07 02:39:26.102000+00:00,CVX-USDT-SWAP,302683.0,1757212766102
2025-09-07 02:39:26.092000+00:00,DEGEN-USDT-SWAP,291907600.0,1757212766092
2025-09-07 02:39:26.092000+00:00,DGB-USDT-SWAP,49425300.0,1757212766092
2025-09-07 02:39:26.097000+00:00,DOG-USDT-SWAP,570337000.0,1757212766097
2025-09-07 02:39:26.517000+00:00,DOGE-USDT-SWAP,1393976389.999999,1757212766517
2025-09-07 02:39:26.514000+00:00,DOGS-USDT-SWAP,19052941000.0,1757212766514
2025-09-07 02:39:26.524000+00:00,DOOD-USDT-SWAP,135933000.0,1757212766524
2025-09-07 02:39:26.523000+00:00,DOT-USDT-SWAP,5644921.0,1757212766523
2025-09-07 02:39:26.517000+00:00,DUCK-USDT-SWAP,846995300.0,1757212766517
2025-09-07 02:39:26.520000+00:00,DYDX-USDT-SWAP,9121057.0,1757212766520
2025-09-07 02:39:26.539000+00:00,EGLD-USDT-SWAP,101704.0,1757212766539
2025-09-07 02:39:26.525000+00:00,EIGEN-USDT-SWAP,3441330.0,1757212766525
2025-09-07 02:39:26.525000+00:00,ENJ-USDT-SWAP,12797970.0,1757212766525
2025-09-07 02:39:26.524000+00:00,ENS-USDT-SWAP,352507.5,1757212766524
2025-09-07 02:39:26.923000+00:00,ETC-USDT-SWAP,1101061.4000000006,1757212766923
2025-09-07 02:39:26.927000+00:00,ETH-USDT-SWAP,742062.5400000018,1757212766927
2025-09-07 02:39:26.930000+00:00,ETHFI-USDT-SWAP,8107820.0,1757212766930
2025-09-07 02:39:26.926000+00:00,ETHW-USDT-SWAP,1298490.0,1757212766926
2025-09-07 02:39:27.028000+00:00,FARTCOIN-USDT-SWAP,20517820.0,1757212767028
2025-09-07 02:39:26.938000+00:00,FIL-USDT-SWAP,13763224.2,1757212766938
2025-09-07 02:39:26.926000+00:00,FLM-USDT-SWAP,26052860.0,1757212766926
2025-09-07 02:39:26.946000+00:00,FLOKI-USDT-SWAP,42523900000.0,1757212766946
2025-09-07 02:39:26.926000+00:00,FLOW-USDT-SWAP,4275450.0,1757212766926
2025-09-07 02:39:26.927000+00:00,FXS-USDT-SWAP,254145.0,1757212766927
2025-09-07 02:39:27.410000+00:00,GALA-USDT-SWAP,419036180.0,1757212767410
2025-09-07 02:39:27.427000+00:00,GAS-USDT-SWAP,482536.0,1757212767427
2025-09-07 02:39:27.418000+00:00,GLM-USDT-SWAP,2694400.0,1757212767418
2025-09-07 02:39:27.412000+00:00,GMT-USDT-SWAP,47108898.0,1757212767412
2025-09-07 02:39:27.416000+00:00,GMX-USDT-SWAP,73309.9,1757212767416
2025-09-07 02:39:27.421000+00:00,GOAT-USDT-SWAP,24972560.0,1757212767421
2025-09-07 02:39:27.422000+00:00,GODS-USDT-SWAP,6253344.0,1757212767422
2025-09-07 02:39:27.421000+00:00,GPS-USDT-SWAP,169963600.0,1757212767421
2025-09-07 02:39:27.421000+00:00,GRASS-USDT-SWAP,2713604.0,1757212767421
2025-09-07 02:39:27.424000+00:00,GRIFFAIN-USDT-SWAP,23732110.0,1757212767424
2025-09-07 02:39:27.871000+00:00,GRT-USDT-SWAP,22505190.0,1757212767871
2025-09-07 02:39:27.959000+00:00,H-USDT-SWAP,58965900.0,1757212767959
2025-09-07 02:39:27.872000+00:00,HBAR-USDT-SWAP,73697110.0,1757212767872
2025-09-07 02:39:27.865000+00:00,HMSTR-USDT-SWAP,943795500.0,1757212767865
2025-09-07 02:39:27.868000+00:00,HOME-USDT-SWAP,25642600.0,1757212767868
2025-09-07 02:39:27.882000+00:00,HUMA-USDT-SWAP,87446400.0,1757212767882
2025-09-07 02:39:27.881000+00:00,HYPE-USDT-SWAP,797816.3,1757212767881
2025-09-07 02:39:27.878000+00:00,ICP-USDT-SWAP,1226250.23,1757212767878
2025-09-07 02:39:27.869000+00:00,ICX-USDT-SWAP,6363200.0,1757212767869
2025-09-07 02:39:27.881000+00:00,IMX-USDT-SWAP,6640565.0,1757212767881
2025-09-07 02:39:28.350000+00:00,INIT-USDT-SWAP,2441270.0,1757212768350
2025-09-07 02:39:28.350000+00:00,INJ-USDT-SWAP,852724.6,1757212768350
2025-09-07 02:39:28.350000+00:00,IOST-USDT-SWAP,311830000.0,1757212768350
2025-09-07 02:39:28.348000+00:00,IOTA-USDT-SWAP,15734970.0,1757212768348
2025-09-07 02:39:28.347000+00:00,IP-USDT-SWAP,2961611.0,1757212768347
2025-09-07 02:39:28.360000+00:00,JELLYJELLY-USDT-SWAP,217867400.0,1757212768360
2025-09-07 02:39:28.449000+00:00,JOE-USDT-SWAP,7451680.0,1757212768449
2025-09-07 02:39:28.350000+00:00,JTO-USDT-SWAP,2920849.0,1757212768350
2025-09-07 02:39:28.349000+00:00,JUP-USDT-SWAP,14394710.0,1757212768349
2025-09-07 02:39:28.834000+00:00,KAITO-USDT-SWAP,3475000.0,1757212768834
2025-09-07 02:39:28.828000+00:00,KMNO-USDT-SWAP,17121500.0,1757212768828
2025-09-07 02:39:28.836000+00:00,KSM-USDT-SWAP,122899.2,1757212768836
2025-09-07 02:39:28.827000+00:00,LA-USDT-SWAP,3204700.0,1757212768827
2025-09-07 02:39:28.828000+00:00,LAUNCHCOIN-USDT-SWAP,40067900.0,1757212768828
2025-09-07 02:39:28.840000+00:00,LAYER-USDT-SWAP,6074580.0,1757212768840
2025-09-07 02:39:28.838000+00:00,LDO-USDT-SWAP,14662080.0,1757212768838
2025-09-07 02:39:28.841000+00:00,LINK-USDT-SWAP,2592925.6,1757212768841
2025-09-07 02:39:28.841000+00:00,LPT-USDT-SWAP,842530.6,1757212768841
2025-09-07 02:39:28.836000+00:00,LQTY-USDT-SWAP,1567670.0,1757212768836
2025-09-07 02:39:29.233000+00:00,LRC-USDT-SWAP,17806880.0,1757212769233
2025-09-07 02:39:29.241000+00:00,LTC-USDT-SWAP,633319.8,1757212769241
2025-09-07 02:39:29.235000+00:00,LUNA-USDT-SWAP,15449747.0,1757212769235
2025-09-07 02:39:29.281000+00:00,LUNC-USDT-SWAP,33165210000.0,1757212769281
2025-09-07 02:39:29.339000+00:00,MAGIC-USDT-SWAP,19594645.0,1757212769339
2025-09-07 02:39:29.240000+00:00,MAJOR-USDT-SWAP,4780801.0,1757212769240
2025-09-07 02:39:29.247000+00:00,MANA-USDT-SWAP,10210160.0,1757212769247
2025-09-07 02:39:29.234000+00:00,MASK-USDT-SWAP,3091539.0,1757212769234
2025-09-07 02:39:29.235000+00:00,ME-USDT-SWAP,3026115.0,1757212769235
2025-09-07 02:39:29.239000+00:00,MEME-USDT-SWAP,1907582600.0,1757212769239
2025-09-07 02:39:29.720000+00:00,MERL-USDT-SWAP,60370775.0,1757212769720
2025-09-07 02:39:29.733000+00:00,METIS-USDT-SWAP,96151.1,1757212769733
2025-09-07 02:39:29.728000+00:00,MEW-USDT-SWAP,1014808000.0,1757212769728
2025-09-07 02:39:29.727000+00:00,MINA-USDT-SWAP,7225096.0,1757212769727
2025-09-07 02:39:29.740000+00:00,MOG-USDT-SWAP,673377000000.0,1757212769740
2025-09-07 02:39:29.730000+00:00,MOODENG-USDT-SWAP,47504410.0,1757212769730
2025-09-07 02:39:29.725000+00:00,MORPHO-USDT-SWAP,1349546.0,1757212769725
2025-09-07 02:39:29.729000+00:00,MOVE-USDT-SWAP,29520370.0,1757212769729
2025-09-07 02:39:29.740000+00:00,MUBARAK-USDT-SWAP,13153100.0,1757212769740
2025-09-07 02:39:30.123000+00:00,NEAR-USDT-SWAP,5415422.000000001,1757212770123
2025-09-07 02:39:30.128000+00:00,NEIRO-USDT-SWAP,9130417000.0,1757212770128
2025-09-07 02:39:30.131000+00:00,NEIROETH-USDT-SWAP,22913700.0,1757212770131
2025-09-07 02:39:30.163000+00:00,NEO-USDT-SWAP,311100.0,1757212770163
2025-09-07 02:39:30.122000+00:00,NEWT-USDT-SWAP,3749470.0,1757212770122
2025-09-07 02:39:30.133000+00:00,NMR-USDT-SWAP,673744.2,1757212770133
2025-09-07 02:39:30.131000+00:00,NOT-USDT-SWAP,1748542200.0,1757212770131
2025-09-07 02:39:30.127000+00:00,NXPC-USDT-SWAP,820685.0,1757212770127
2025-09-07 02:39:30.131000+00:00,OL-USDT-SWAP,90815380.0,1757212770131
2025-09-07 02:39:30.134000+00:00,OM-USDT-SWAP,26076645.999999996,1757212770134
2025-09-07 02:39:30.544000+00:00,ONDO-USDT-SWAP,19541460.0,1757212770544
2025-09-07 02:39:30.542000+00:00,ONE-USDT-SWAP,78229400.0,1757212770542
2025-09-07 02:39:30.578000+00:00,ONT-USDT-SWAP,14262310.0,1757212770578
2025-09-07 02:39:30.561000+00:00,OP-USDT-SWAP,19869596.0,1757212770561
2025-09-07 02:39:30.549000+00:00,ORBS-USDT-SWAP,25916400.0,1757212770549
2025-09-07 02:39:30.572000+00:00,ORDI-USDT-SWAP,1174516.6,1757212770572
2025-09-07 02:39:30.558000+00:00,PARTI-USDT-SWAP,13690290.0,1757212770558
2025-09-07 02:39:30.558000+00:00,PENGU-USDT-SWAP,556700000.0,1757212770558
2025-09-07 02:39:30.591000+00:00,PEOPLE-USDT-SWAP,304155100.0,1757212770591
2025-09-07 02:39:30.550000+00:00,PEPE-USDT-SWAP,6531362000000.005,1757212770550
2025-09-07 02:39:30.979000+00:00,PERP-USDT-SWAP,2461937.0,1757212770979
2025-09-07 02:39:30.981000+00:00,PI-USDT-SWAP,33541025.0,1757212770981
2025-09-07 02:39:30.991000+00:00,PLUME-USDT-SWAP,14109620.0,1757212770991
2025-09-07 02:39:30.984000+00:00,PNUT-USDT-SWAP,37681700.0,1757212770984
2025-09-07 02:39:30.991000+00:00,POL-USDT-SWAP,39132110.0,1757212770991
2025-09-07 02:39:30.981000+00:00,POPCAT-USDT-SWAP,10678260.0,1757212770981
2025-09-07 02:39:30.982000+00:00,PRCL-USDT-SWAP,20799056.0,1757212770982
2025-09-07 02:39:30.986000+00:00,PROMPT-USDT-SWAP,30832750.0,1757212770986
2025-09-07 02:39:30.992000+00:00,PUMP-USDT-SWAP,6727035000.0,1757212770992
2025-09-07 02:39:30.982000+00:00,PYTH-USDT-SWAP,49092780.0,1757212770982
2025-09-07 02:39:31.383000+00:00,QTUM-USDT-SWAP,1521347.0,1757212771383
2025-09-07 02:39:31.395000+00:00,RAY-USDT-SWAP,957577.0,1757212771395
2025-09-07 02:39:31.394000+00:00,RENDER-USDT-SWAP,1392007.0,1757212771394
2025-09-07 02:39:31.400000+00:00,RESOLV-USDT-SWAP,27658190.0,1757212771400
2025-09-07 02:39:31.382000+00:00,RSR-USDT-SWAP,251899700.0,1757212771382
2025-09-07 02:39:31.403000+00:00,RVN-USDT-SWAP,84154990.0,1757212771403
2025-09-07 02:39:31.389000+00:00,S-USDT-SWAP,13650450.0,1757212771389
2025-09-07 02:39:31.387000+00:00,SAHARA-USDT-SWAP,55920910.0,1757212771387
2025-09-07 02:39:31.387000+00:00,SAND-USDT-SWAP,19383960.0,1757212771387
2025-09-07 02:39:31.392000+00:00,SATS-USDT-SWAP,172148490000000.0,1757212771392
2025-09-07 02:39:31.797000+00:00,SCR-USDT-SWAP,3260869.0,1757212771797
2025-09-07 02:39:31.790000+00:00,SHELL-USDT-SWAP,5664760.0,1757212771790
2025-09-07 02:39:31.807000+00:00,SHIB-USDT-SWAP,1316881600000.0002,1757212771807
2025-09-07 02:39:31.784000+00:00,SIGN-USDT-SWAP,45435300.0,1757212771784
2025-09-07 02:39:31.794000+00:00,SLP-USDT-SWAP,453229290.0,1757212771794
2025-09-07 02:39:31.794000+00:00,SNX-USDT-SWAP,2460248.0,1757212771794
2025-09-07 02:39:31.788000+00:00,SOL-USDT-SWAP,3419313.5200000014,1757212771788
2025-09-07 02:39:31.789000+00:00,SOLV-USDT-SWAP,50164200.0,1757212771789
2025-09-07 02:39:31.792000+00:00,SONIC-USDT-SWAP,7187492.0,1757212771792
2025-09-07 02:39:31.790000+00:00,SOON-USDT-SWAP,8617760.0,1757212771790
2025-09-07 02:39:32.202000+00:00,SOPH-USDT-SWAP,89949200.0,1757212772202
2025-09-07 02:39:32.198000+00:00,SPK-USDT-SWAP,138691100.0,1757212772198
2025-09-07 02:39:32.204000+00:00,SPX-USDT-SWAP,1142958.0,1757212772204
2025-09-07 02:39:32.200000+00:00,SSV-USDT-SWAP,292417.8,1757212772200
2025-09-07 02:39:32.193000+00:00,STORJ-USDT-SWAP,5554600.0,1757212772193
2025-09-07 02:39:32.208000+00:00,STRK-USDT-SWAP,25920478.0,1757212772208
2025-09-07 02:39:32.199000+00:00,STX-USDT-SWAP,6682130.0,1757212772199
2025-09-07 02:39:32.198000+00:00,SUI-USDT-SWAP,20854828.0,1757212772198
2025-09-07 02:39:32.210000+00:00,SUSHI-USDT-SWAP,8052923.0,1757212772210
2025-09-07 02:39:32.204000+00:00,SWARMS-USDT-SWAP,79457100.0,1757212772204
2025-09-07 02:39:32.633000+00:00,SYRUP-USDT-SWAP,3209910.0,1757212772633
2025-09-07 02:39:32.635000+00:00,T-USDT-SWAP,39529000.0,1757212772635
2025-09-07 02:39:32.634000+00:00,TAO-USDT-SWAP,15740.01,1757212772634
2025-09-07 02:39:32.773000+00:00,THETA-USDT-SWAP,2631453.0,1757212772773
2025-09-07 02:39:32.627000+00:00,TIA-USDT-SWAP,5243966.0,1757212772627
2025-09-07 02:39:32.640000+00:00,TNSR-USDT-SWAP,8367513.0,1757212772640
2025-09-07 02:39:32.640000+00:00,TON-USDT-SWAP,9757368.0,1757212772640
2025-09-07 02:39:32.626000+00:00,TRB-USDT-SWAP,281747.9,1757212772626
2025-09-07 02:39:32.635000+00:00,TREE-USDT-SWAP,7638368.0,1757212772635
2025-09-07 02:39:32.633000+00:00,TRUMP-USDT-SWAP,5407028.6,1757212772633
2025-09-07 02:39:33.173000+00:00,TRX-USDT-SWAP,102297630.00000006,1757212773173
2025-09-07 02:39:33.172000+00:00,TURBO-USDT-SWAP,827807000.0000001,1757212773172
2025-09-07 02:39:33.178000+00:00,UMA-USDT-SWAP,1511004.2,1757212773178
2025-09-07 02:39:33.181000+00:00,UNI-USDT-SWAP,3120100.0,1757212773181
2025-09-07 02:39:33.172000+00:00,USDC-USDT-SWAP,1028910.0,1757212773172
2025-09-07 02:39:33.184000+00:00,USELESS-USDT-SWAP,17440790.0,1757212773184
2025-09-07 02:39:33.196000+00:00,USTC-USDT-SWAP,147129100.0,1757212773196
2025-09-07 02:39:33.179000+00:00,UXLINK-USDT-SWAP,5587640.0,1757212773179
2025-09-07 02:39:33.182000+00:00,VANA-USDT-SWAP,133063.6,1757212773182
2025-09-07 02:39:33.181000+00:00,VINE-USDT-SWAP,104012830.0,1757212773181
2025-09-07 02:39:33.590000+00:00,VIRTUAL-USDT-SWAP,3264388.0,1757212773590
2025-09-07 02:39:33.588000+00:00,W-USDT-SWAP,48567202.0,1757212773588
2025-09-07 02:39:33.582000+00:00,WAL-USDT-SWAP,2148340.0,1757212773582
2025-09-07 02:39:33.586000+00:00,WAXP-USDT-SWAP,27641800.0,1757212773586
2025-09-07 02:39:33.572000+00:00,WCT-USDT-SWAP,10394230.0,1757212773572
2025-09-07 02:39:33.591000+00:00,WIF-USDT-SWAP,17451071.0,1757212773591
2025-09-07 02:39:33.586000+00:00,WLD-USDT-SWAP,35113586.0,1757212773586
2025-09-07 02:39:33.584000+00:00,WLFI-USDT-SWAP,300110530.0,1757212773584
2025-09-07 02:39:33.584000+00:00,WOO-USDT-SWAP,14944440.0,1757212773584
2025-09-07 02:39:33.586000+00:00,XAUT-USDT-SWAP,5920.198,1757212773586
2025-09-07 02:39:33.980000+00:00,XLM-USDT-SWAP,39026499.99999999,1757212773980
2025-09-07 02:39:33.991000+00:00,XPL-USDT-SWAP,6947480.0,1757212773991
2025-09-07 02:39:33.987000+00:00,XRP-USDT-SWAP,91469009.00000001,1757212773987
2025-09-07 02:39:33.999000+00:00,XTZ-USDT-SWAP,5698656.0,1757212773999
2025-09-07 02:39:33.984000+00:00,YFI-USDT-SWAP,366.4398,1757212773984
2025-09-07 02:39:33.984000+00:00,YGG-USDT-SWAP,27797966.0,1757212773984
2025-09-07 02:39:33.984000+00:00,ZENT-USDT-SWAP,177343800.0,1757212773984
2025-09-07 02:39:33.987000+00:00,ZEREBRO-USDT-SWAP,77223720.0,1757212773987
2025-09-07 02:39:34.007000+00:00,ZETA-USDT-SWAP,5592270.0,1757212774007
2025-09-07 02:39:33.996000+00:00,ZIL-USDT-SWAP,159579600.0,1757212773996
2025-09-07 02:39:34.392000+00:00,ZK-USDT-SWAP,50622900.0,1757212774392
2025-09-07 02:39:34.391000+00:00,ZRO-USDT-SWAP,2191274.0,1757212774391
2025-09-07 02:39:34.401000+00:00,ZRX-USDT-SWAP,7946610.0,1757212774401
2025-09-07 02:40:35.095000+00:00,1INCH-USDT-SWAP,7621317.0,1757212835095
2025-09-07 02:40:35.078000+00:00,A-USDT-SWAP,9804610.0,1757212835078
2025-09-07 02:40:35.059000+00:00,AAVE-USDT-SWAP,133313.61000000004,1757212835059
2025-09-07 02:40:35.124000+00:00,ACE-USDT-SWAP,1913425.0,1757212835124
2025-09-07 02:40:35.072000+00:00,ACH-USDT-SWAP,76631000.0,1757212835072
2025-09-07 02:40:35.079000+00:00,ACT-USDT-SWAP,80997954.0,1757212835079
2025-09-07 02:40:35.082000+00:00,ADA-USDT-SWAP,77080470.00000001,1757212835082
2025-09-07 02:40:35.092000+00:00,AERO-USDT-SWAP,1628260.0,1757212835092
2025-09-07 02:40:35.074000+00:00,AEVO-USDT-SWAP,12890366.0,1757212835074
2025-09-07 02:40:35.072000+00:00,AGLD-USDT-SWAP,1898266.0,1757212835072
2025-09-07 02:40:35.507000+00:00,AI16Z-USDT-SWAP,51369670.0,1757212835507
2025-09-07 02:40:35.513000+00:00,AIXBT-USDT-SWAP,22127520.0,1757212835513
2025-09-07 02:40:35.507000+00:00,ALCH-USDT-SWAP,22959570.0,1757212835507
2025-09-07 02:40:35.522000+00:00,ALGO-USDT-SWAP,28152800.0,1757212835522
2025-09-07 02:40:35.509000+00:00,ANIME-USDT-SWAP,112863460.0,1757212835509
2025-09-07 02:40:35.511000+00:00,APE-USDT-SWAP,8063192.2,1757212835511
2025-09-07 02:40:35.510000+00:00,API3-USDT-SWAP,4980661.0,1757212835510
2025-09-07 02:40:35.522000+00:00,APT-USDT-SWAP,3693231.0,1757212835522
2025-09-07 02:40:35.524000+00:00,AR-USDT-SWAP,529325.3,1757212835524
2025-09-07 02:40:35.510000+00:00,ARB-USDT-SWAP,33278961.999999996,1757212835510
2025-09-07 02:40:35.920000+00:00,ARC-USDT-SWAP,60758740.0,1757212835920
2025-09-07 02:40:35.918000+00:00,ARKM-USDT-SWAP,3494610.0,1757212835918
2025-09-07 02:40:35.913000+00:00,ATH-USDT-SWAP,141167900.0,1757212835913
2025-09-07 02:40:35.918000+00:00,ATOM-USDT-SWAP,1845781.0,1757212835918
2025-09-07 02:40:35.906000+00:00,AUCTION-USDT-SWAP,211350.7,1757212835906
2025-09-07 02:40:35.921000+00:00,AVAAI-USDT-SWAP,53442900.0,1757212835921
2025-09-07 02:40:35.923000+00:00,AVAX-USDT-SWAP,1844653.9,1757212835923
2025-09-07 02:40:35.930000+00:00,AXS-USDT-SWAP,1194792.3,1757212835930
2025-09-07 02:40:35.939000+00:00,BABY-USDT-SWAP,39445590.0,1757212835939
2025-09-07 02:40:35.911000+00:00,BAND-USDT-SWAP,1737801.0,1757212835911
2025-09-07 02:40:36.385000+00:00,BAT-USDT-SWAP,5660740.0,1757212836385
2025-09-07 02:40:36.338000+00:00,BCH-USDT-SWAP,82726.13999999998,1757212836338
2025-09-07 02:40:36.339000+00:00,BERA-USDT-SWAP,2363045.9,1757212836339
2025-09-07 02:40:36.342000+00:00,BICO-USDT-SWAP,6985196.0,1757212836342
2025-09-07 02:40:36.339000+00:00,BIGTIME-USDT-SWAP,40186320.0,1757212836339
2025-09-07 02:40:36.340000+00:00,BIO-USDT-SWAP,74440717.0,1757212836340
2025-09-07 02:40:36.370000+00:00,BLUR-USDT-SWAP,23507380.0,1757212836370
2025-09-07 02:40:36.338000+00:00,BNB-USDT-SWAP,90532.29,1757212836338
2025-09-07 02:40:36.341000+00:00,BNT-USDT-SWAP,693660.0,1757212836341
2025-09-07 02:40:36.335000+00:00,BOME-USDT-SWAP,1348471000.0,1757212836335
2025-09-07 02:40:36.771000+00:00,BONK-USDT-SWAP,482958400000.0,1757212836771
2025-09-07 02:40:36.775000+00:00,BRETT-USDT-SWAP,13850000.0,1757212836775
2025-09-07 02:40:36.782000+00:00,BTC-USDT-SWAP,27359.42600000005,1757212836782
2025-09-07 02:40:36.772000+00:00,CAT-USDT-SWAP,201733300000.0,1757212836772
2025-09-07 02:40:36.769000+00:00,CATI-USDT-SWAP,17433076.0,1757212836769
2025-09-07 02:40:36.778000+00:00,CELO-USDT-SWAP,4027148.0,1757212836778
2025-09-07 02:40:36.788000+00:00,CETUS-USDT-SWAP,17456130.0,1757212836788
2025-09-07 02:40:36.777000+00:00,CFX-USDT-SWAP,79490450.0,1757212836777
2025-09-07 02:40:36.773000+00:00,CHZ-USDT-SWAP,80025500.0,1757212836773
2025-09-07 02:40:36.772000+00:00,COMP-USDT-SWAP,92652.4,1757212836772
2025-09-07 02:40:37.176000+00:00,COOKIE-USDT-SWAP,4650670.0,1757212837176
2025-09-07 02:40:37.174000+00:00,CORE-USDT-SWAP,10034337.0,1757212837174
2025-09-07 02:40:37.178000+00:00,CRO-USDT-SWAP,67147750.0,1757212837178
2025-09-07 02:40:37.178000+00:00,CRV-USDT-SWAP,25340433.0,1757212837178
2025-09-07 02:40:37.172000+00:00,CTC-USDT-SWAP,1819930.0,1757212837172
2025-09-07 02:40:37.170000+00:00,CVC-USDT-SWAP,10068700.0,1757212837170
2025-09-07 02:40:37.182000+00:00,CVX-USDT-SWAP,302683.0,1757212837182
2025-09-07 02:40:37.176000+00:00,DEGEN-USDT-SWAP,291928200.0,1757212837176
2025-09-07 02:40:37.182000+00:00,DGB-USDT-SWAP,49421700.0,1757212837182
2025-09-07 02:40:37.180000+00:00,DOG-USDT-SWAP,570337000.0,1757212837180
2025-09-07 02:40:37.577000+00:00,DOGE-USDT-SWAP,1393998659.999999,1757212837577
2025-09-07 02:40:37.581000+00:00,DOGS-USDT-SWAP,19051967000.0,1757212837581
2025-09-07 02:40:37.593000+00:00,DOOD-USDT-SWAP,135933000.0,1757212837593
2025-09-07 02:40:37.580000+00:00,DOT-USDT-SWAP,5645153.0,1757212837580
2025-09-07 02:40:37.575000+00:00,DUCK-USDT-SWAP,846970900.0,1757212837575
2025-09-07 02:40:37.577000+00:00,DYDX-USDT-SWAP,9118639.0,1757212837577
2025-09-07 02:40:37.586000+00:00,EGLD-USDT-SWAP,101704.0,1757212837586
2025-09-07 02:40:37.584000+00:00,EIGEN-USDT-SWAP,3450046.0,1757212837584
2025-09-07 02:40:37.583000+00:00,ENJ-USDT-SWAP,12798060.0,1757212837583
2025-09-07 02:40:37.578000+00:00,ENS-USDT-SWAP,352519.6,1757212837578
2025-09-07 02:40:37.986000+00:00,ETC-USDT-SWAP,1101081.6000000006,1757212837986
2025-09-07 02:40:37.985000+00:00,ETH-USDT-SWAP,742154.9650000018,1757212837985
2025-09-07 02:40:37.994000+00:00,ETHFI-USDT-SWAP,8100945.0,1757212837994
2025-09-07 02:40:37.996000+00:00,ETHW-USDT-SWAP,1298490.0,1757212837996
2025-09-07 02:40:37.975000+00:00,FARTCOIN-USDT-SWAP,20516790.0,1757212837975
2025-09-07 02:40:37.984000+00:00,FIL-USDT-SWAP,13766016.1,1757212837984
2025-09-07 02:40:37.988000+00:00,FLM-USDT-SWAP,26049920.0,1757212837988
2025-09-07 02:40:38.059000+00:00,FLOKI-USDT-SWAP,42527400000.0,1757212838059
2025-09-07 02:40:37.983000+00:00,FLOW-USDT-SWAP,4276120.0,1757212837983
2025-09-07 02:40:37.980000+00:00,FXS-USDT-SWAP,254145.0,1757212837980
2025-09-07 02:40:38.457000+00:00,GALA-USDT-SWAP,419139690.0,1757212838457
2025-09-07 02:40:38.452000+00:00,GAS-USDT-SWAP,482551.0,1757212838452
2025-09-07 02:40:38.455000+00:00,GLM-USDT-SWAP,2693930.0,1757212838455
2025-09-07 02:40:38.451000+00:00,GMT-USDT-SWAP,47086640.0,1757212838451
2025-09-07 02:40:38.458000+00:00,GMX-USDT-SWAP,73309.9,1757212838458
2025-09-07 02:40:38.453000+00:00,GOAT-USDT-SWAP,24968760.0,1757212838453
2025-09-07 02:40:38.458000+00:00,GODS-USDT-SWAP,6253352.0,1757212838458
2025-09-07 02:40:38.460000+00:00,GPS-USDT-SWAP,169956330.0,1757212838460
2025-09-07 02:40:38.463000+00:00,GRASS-USDT-SWAP,2713556.0,1757212838463
2025-09-07 02:40:38.458000+00:00,GRIFFAIN-USDT-SWAP,23729990.0,1757212838458
2025-09-07 02:40:38.851000+00:00,GRT-USDT-SWAP,22490710.0,1757212838851
2025-09-07 02:40:38.851000+00:00,H-USDT-SWAP,58972600.0,1757212838851
2025-09-07 02:40:38.858000+00:00,HBAR-USDT-SWAP,73758059.99999999,1757212838858
2025-09-07 02:40:38.849000+00:00,HMSTR-USDT-SWAP,943778400.0,1757212838849
2025-09-07 02:40:38.850000+00:00,HOME-USDT-SWAP,25643500.0,1757212838850
2025-09-07 02:40:38.847000+00:00,HUMA-USDT-SWAP,87470600.0,1757212838847
2025-09-07 02:40:38.853000+00:00,HYPE-USDT-SWAP,797825.7,1757212838853
2025-09-07 02:40:38.859000+00:00,ICP-USDT-SWAP,1225879.86,1757212838859
2025-09-07 02:40:38.853000+00:00,ICX-USDT-SWAP,6363200.0,1757212838853
2025-09-07 02:40:38.857000+00:00,IMX-USDT-SWAP,6639852.0,1757212838857
2025-09-07 02:40:39.245000+00:00,INIT-USDT-SWAP,2440520.0,1757212839245
2025-09-07 02:40:39.284000+00:00,INJ-USDT-SWAP,852754.9,1757212839284
2025-09-07 02:40:39.250000+00:00,IOST-USDT-SWAP,311824000.0,1757212839250
2025-09-07 02:40:39.258000+00:00,IOTA-USDT-SWAP,15726240.0,1757212839258
2025-09-07 02:40:39.256000+00:00,IP-USDT-SWAP,2974266.0,1757212839256
2025-09-07 02:40:39.276000+00:00,JELLYJELLY-USDT-SWAP,217710100.0,1757212839276
2025-09-07 02:40:39.247000+00:00,JOE-USDT-SWAP,7451680.0,1757212839247
2025-09-07 02:40:39.255000+00:00,JTO-USDT-SWAP,2920980.0,1757212839255
2025-09-07 02:40:39.243000+00:00,JUP-USDT-SWAP,14397370.0,1757212839243
2025-09-07 02:40:39.666000+00:00,KAITO-USDT-SWAP,3475329.0,1757212839666
2025-09-07 02:40:39.672000+00:00,KMNO-USDT-SWAP,17120100.0,1757212839672
2025-09-07 02:40:39.678000+00:00,KSM-USDT-SWAP,122911.2,1757212839678
2025-09-07 02:40:39.671000+00:00,LA-USDT-SWAP,3203400.0,1757212839671
2025-09-07 02:40:39.667000+00:00,LAUNCHCOIN-USDT-SWAP,40057250.0,1757212839667
2025-09-07 02:40:39.677000+00:00,LAYER-USDT-SWAP,6074788.0,1757212839677
2025-09-07 02:40:39.678000+00:00,LDO-USDT-SWAP,14661400.0,1757212839678
2025-09-07 02:40:39.669000+00:00,LINK-USDT-SWAP,2592960.4,1757212839669
2025-09-07 02:40:39.673000+00:00,LPT-USDT-SWAP,842521.8,1757212839673
2025-09-07 02:40:39.677000+00:00,LQTY-USDT-SWAP,1567892.0,1757212839677
2025-09-07 02:40:40.062000+00:00,LRC-USDT-SWAP,17811130.0,1757212840062
2025-09-07 02:40:40.065000+00:00,LTC-USDT-SWAP,633313.1000000001,1757212840065
2025-09-07 02:40:40.070000+00:00,LUNA-USDT-SWAP,15449747.0,1757212840070
2025-09-07 02:40:40.065000+00:00,LUNC-USDT-SWAP,33165210000.0,1757212840065
2025-09-07 02:40:40.058000+00:00,MAGIC-USDT-SWAP,19589837.0,1757212840058
2025-09-07 02:40:40.076000+00:00,MAJOR-USDT-SWAP,4780689.0,1757212840076
2025-09-07 02:40:40.079000+00:00,MANA-USDT-SWAP,10320990.0,1757212840079
2025-09-07 02:40:40.064000+00:00,MASK-USDT-SWAP,3092839.0,1757212840064
2025-09-07 02:40:40.072000+00:00,ME-USDT-SWAP,3026115.0,1757212840072
2025-09-07 02:40:40.079000+00:00,MEME-USDT-SWAP,1908769500.0,1757212840079
2025-09-07 02:40:40.475000+00:00,MERL-USDT-SWAP,60357995.0,1757212840475
2025-09-07 02:40:40.473000+00:00,METIS-USDT-SWAP,96073.3,1757212840473
2025-09-07 02:40:40.467000+00:00,MEW-USDT-SWAP,1014412000.0,1757212840467
2025-09-07 02:40:40.469000+00:00,MINA-USDT-SWAP,7221674.0,1757212840469
2025-09-07 02:40:40.467000+00:00,MOG-USDT-SWAP,673633000000.0,1757212840467
2025-09-07 02:40:40.466000+00:00,MOODENG-USDT-SWAP,47534820.0,1757212840466
2025-09-07 02:40:40.467000+00:00,MORPHO-USDT-SWAP,1349491.0,1757212840467
2025-09-07 02:40:40.467000+00:00,MOVE-USDT-SWAP,29516290.0,1757212840467
2025-09-07 02:40:40.472000+00:00,MUBARAK-USDT-SWAP,13159600.0,1757212840472
2025-09-07 02:40:40.873000+00:00,NEAR-USDT-SWAP,5417438.000000001,1757212840873
2025-09-07 02:40:40.873000+00:00,NEIRO-USDT-SWAP,9137822000.0,1757212840873
2025-09-07 02:40:40.886000+00:00,NEIROETH-USDT-SWAP,22912200.0,1757212840886
2025-09-07 02:40:40.873000+00:00,NEO-USDT-SWAP,311100.0,1757212840873
2025-09-07 02:40:40.873000+00:00,NEWT-USDT-SWAP,3740920.0,1757212840873
2025-09-07 02:40:40.881000+00:00,NMR-USDT-SWAP,673259.2,1757212840881
2025-09-07 02:40:40.886000+00:00,NOT-USDT-SWAP,1748542100.0,1757212840886
2025-09-07 02:40:40.877000+00:00,NXPC-USDT-SWAP,820667.0,1757212840877
2025-09-07 02:40:40.915000+00:00,OL-USDT-SWAP,90743330.0,1757212840915
2025-09-07 02:40:40.882000+00:00,OM-USDT-SWAP,26077766.0,1757212840882
2025-09-07 02:40:41.324000+00:00,ONDO-USDT-SWAP,19539340.0,1757212841324
2025-09-07 02:40:41.323000+00:00,ONE-USDT-SWAP,78247000.0,1757212841323
2025-09-07 02:40:41.297000+00:00,ONT-USDT-SWAP,14261810.0,1757212841297
2025-09-07 02:40:41.304000+00:00,OP-USDT-SWAP,19866492.0,1757212841304
2025-09-07 02:40:41.304000+00:00,ORBS-USDT-SWAP,25916200.0,1757212841304
2025-09-07 02:40:41.299000+00:00,ORDI-USDT-SWAP,1173419.5,1757212841299
2025-09-07 02:40:41.307000+00:00,PARTI-USDT-SWAP,13691970.0,1757212841307
2025-09-07 02:40:41.300000+00:00,PENGU-USDT-SWAP,556853400.0,1757212841300
2025-09-07 02:40:41.304000+00:00,PEOPLE-USDT-SWAP,304275000.0,1757212841304
2025-09-07 02:40:41.298000+00:00,PEPE-USDT-SWAP,6531784000000.004,1757212841298
2025-09-07 02:40:41.714000+00:00,PERP-USDT-SWAP,2461035.0,1757212841714
2025-09-07 02:40:41.709000+00:00,PI-USDT-SWAP,33540427.0,1757212841709
2025-09-07 02:40:41.711000+00:00,PLUME-USDT-SWAP,14089660.0,1757212841711
2025-09-07 02:40:41.707000+00:00,PNUT-USDT-SWAP,37689490.0,1757212841707
2025-09-07 02:40:41.705000+00:00,POL-USDT-SWAP,39132360.0,1757212841705
2025-09-07 02:40:41.704000+00:00,POPCAT-USDT-SWAP,10679750.0,1757212841704
2025-09-07 02:40:41.721000+00:00,PRCL-USDT-SWAP,20792415.0,1757212841721
2025-09-07 02:40:41.710000+00:00,PROMPT-USDT-SWAP,30827810.0,1757212841710
2025-09-07 02:40:41.718000+00:00,PUMP-USDT-SWAP,6706752000.0,1757212841718
2025-09-07 02:40:41.709000+00:00,PYTH-USDT-SWAP,49077460.0,1757212841709
2025-09-07 02:40:42.115000+00:00,QTUM-USDT-SWAP,1521342.0,1757212842115
2025-09-07 02:40:42.121000+00:00,RAY-USDT-SWAP,957603.0,1757212842121
2025-09-07 02:40:42.107000+00:00,RENDER-USDT-SWAP,1392083.0,1757212842107
2025-09-07 02:40:42.107000+00:00,RESOLV-USDT-SWAP,27657660.0,1757212842107
2025-09-07 02:40:42.098000+00:00,RSR-USDT-SWAP,251897800.0,1757212842098
2025-09-07 02:40:42.113000+00:00,RVN-USDT-SWAP,84129940.0,1757212842113
2025-09-07 02:40:42.120000+00:00,S-USDT-SWAP,13652840.0,1757212842120
2025-09-07 02:40:42.108000+00:00,SAHARA-USDT-SWAP,55925660.0,1757212842108
2025-09-07 02:40:42.112000+00:00,SAND-USDT-SWAP,19396670.0,1757212842112
2025-09-07 02:40:42.105000+00:00,SATS-USDT-SWAP,172137800000000.0,1757212842105
2025-09-07 02:40:42.512000+00:00,SCR-USDT-SWAP,3260941.0,1757212842512
2025-09-07 02:40:42.517000+00:00,SHELL-USDT-SWAP,5664760.0,1757212842517
2025-09-07 02:40:42.517000+00:00,SHIB-USDT-SWAP,1316732000000.0002,1757212842517
2025-09-07 02:40:42.515000+00:00,SIGN-USDT-SWAP,45435300.0,1757212842515
2025-09-07 02:40:42.508000+00:00,SLP-USDT-SWAP,453184900.0,1757212842508
2025-09-07 02:40:42.528000+00:00,SNX-USDT-SWAP,2460374.0,1757212842528
2025-09-07 02:40:42.528000+00:00,SOL-USDT-SWAP,3418851.6900000013,1757212842528
2025-09-07 02:40:42.556000+00:00,SOLV-USDT-SWAP,50164200.0,1757212842556
2025-09-07 02:40:42.518000+00:00,SONIC-USDT-SWAP,7187492.0,1757212842518
2025-09-07 02:40:42.512000+00:00,SOON-USDT-SWAP,8617630.0,1757212842512
2025-09-07 02:40:43.049000+00:00,SOPH-USDT-SWAP,89949400.0,1757212843049
2025-09-07 02:40:42.943000+00:00,SPK-USDT-SWAP,138671400.0,1757212842943
2025-09-07 02:40:42.943000+00:00,SPX-USDT-SWAP,1142803.0,1757212842943
2025-09-07 02:40:42.939000+00:00,SSV-USDT-SWAP,292531.7,1757212842939
2025-09-07 02:40:42.934000+00:00,STORJ-USDT-SWAP,5554530.0,1757212842934
2025-09-07 02:40:42.936000+00:00,STRK-USDT-SWAP,25918223.0,1757212842936
2025-09-07 02:40:42.944000+00:00,STX-USDT-SWAP,6682129.0,1757212842944
2025-09-07 02:40:42.950000+00:00,SUI-USDT-SWAP,20856934.0,1757212842950
2025-09-07 02:40:42.940000+00:00,SUSHI-USDT-SWAP,8051361.0,1757212842940
2025-09-07 02:40:42.943000+00:00,SWARMS-USDT-SWAP,79602800.0,1757212842943
2025-09-07 02:40:43.425000+00:00,SYRUP-USDT-SWAP,3210530.0,1757212843425
2025-09-07 02:40:43.431000+00:00,T-USDT-SWAP,39529000.0,1757212843431
2025-09-07 02:40:43.435000+00:00,TAO-USDT-SWAP,15740.31,1757212843435
2025-09-07 02:40:43.429000+00:00,THETA-USDT-SWAP,2631198.0,1757212843429
2025-09-07 02:40:43.430000+00:00,TIA-USDT-SWAP,5243251.0,1757212843430
2025-09-07 02:40:43.430000+00:00,TNSR-USDT-SWAP,8367513.0,1757212843430
2025-09-07 02:40:43.473000+00:00,TON-USDT-SWAP,9757675.0,1757212843473
2025-09-07 02:40:43.434000+00:00,TRB-USDT-SWAP,281757.2,1757212843434
2025-09-07 02:40:43.447000+00:00,TREE-USDT-SWAP,7638393.0,1757212843447
2025-09-07 02:40:43.430000+00:00,TRUMP-USDT-SWAP,5403327.3,1757212843430
2025-09-07 02:40:43.869000+00:00,TRX-USDT-SWAP,102337600.00000004,1757212843869
2025-09-07 02:40:43.857000+00:00,TURBO-USDT-SWAP,828869000.0000001,1757212843857
2025-09-07 02:40:43.890000+00:00,UMA-USDT-SWAP,1511142.1,1757212843890
2025-09-07 02:40:43.863000+00:00,UNI-USDT-SWAP,3120468.0,1757212843863
2025-09-07 02:40:43.855000+00:00,USDC-USDT-SWAP,1028240.0,1757212843855
2025-09-07 02:40:43.866000+00:00,USELESS-USDT-SWAP,17451930.0,1757212843866
2025-09-07 02:40:43.888000+00:00,USTC-USDT-SWAP,146993000.0,1757212843888
2025-09-07 02:40:43.859000+00:00,UXLINK-USDT-SWAP,5596790.0,1757212843859
2025-09-07 02:40:43.865000+00:00,VANA-USDT-SWAP,133151.1,1757212843865
2025-09-07 02:40:43.868000+00:00,VINE-USDT-SWAP,103998370.0,1757212843868
2025-09-07 02:40:44.271000+00:00,VIRTUAL-USDT-SWAP,3264541.0,1757212844271
2025-09-07 02:40:44.268000+00:00,W-USDT-SWAP,48570187.0,1757212844268
2025-09-07 02:40:44.280000+00:00,WAL-USDT-SWAP,2148210.0,1757212844280
2025-09-07 02:40:44.272000+00:00,WAXP-USDT-SWAP,27641800.0,1757212844272
2025-09-07 02:40:44.268000+00:00,WCT-USDT-SWAP,10394280.0,1757212844268
2025-09-07 02:40:44.269000+00:00,WIF-USDT-SWAP,17457129.0,1757212844269
2025-09-07 02:40:44.280000+00:00,WLD-USDT-SWAP,35135406.0,1757212844280
2025-09-07 02:40:44.271000+00:00,WLFI-USDT-SWAP,300750940.0,1757212844271
2025-09-07 02:40:44.274000+00:00,WOO-USDT-SWAP,14942560.0,1757212844274
2025-09-07 02:40:44.271000+00:00,XAUT-USDT-SWAP,5920.364,1757212844271
2025-09-07 02:40:44.707000+00:00,XLM-USDT-SWAP,39029609.99999999,1757212844707
2025-09-07 02:40:44.721000+00:00,XPL-USDT-SWAP,6954580.0,1757212844721
2025-09-07 02:40:44.721000+00:00,XRP-USDT-SWAP,91467052.0,1757212844721
2025-09-07 02:40:44.713000+00:00,XTZ-USDT-SWAP,5698656.0,1757212844713
2025-09-07 02:40:44.715000+00:00,YFI-USDT-SWAP,366.4398,1757212844715
2025-09-07 02:40:44.706000+00:00,YGG-USDT-SWAP,27797646.0,1757212844706
2025-09-07 02:40:44.747000+00:00,ZENT-USDT-SWAP,177334200.0,1757212844747
2025-09-07 02:40:44.726000+00:00,ZEREBRO-USDT-SWAP,77229060.0,1757212844726
2025-09-07 02:40:44.717000+00:00,ZETA-USDT-SWAP,5592270.0,1757212844717
2025-09-07 02:40:44.715000+00:00,ZIL-USDT-SWAP,159579600.0,1757212844715
2025-09-07 02:40:45.132000+00:00,ZK-USDT-SWAP,50620730.0,1757212845132
2025-09-07 02:40:45.123000+00:00,ZRO-USDT-SWAP,2191274.0,1757212845123
2025-09-07 02:40:45.166000+00:00,ZRX-USDT-SWAP,7950190.0,1757212845166
2025-09-07 02:41:45.834000+00:00,1INCH-USDT-SWAP,7623508.0,1757212905834
2025-09-07 02:41:45.822000+00:00,A-USDT-SWAP,9800800.0,1757212905822
2025-09-07 02:41:45.836000+00:00,AAVE-USDT-SWAP,133312.02000000002,1757212905836
2025-09-07 02:41:45.841000+00:00,ACE-USDT-SWAP,1913801.0,1757212905841
2025-09-07 02:41:45.825000+00:00,ACH-USDT-SWAP,76631000.0,1757212905825
2025-09-07 02:41:45.825000+00:00,ACT-USDT-SWAP,80995412.0,1757212905825
2025-09-07 02:41:45.830000+00:00,ADA-USDT-SWAP,77080790.00000001,1757212905830
2025-09-07 02:41:45.828000+00:00,AERO-USDT-SWAP,1626860.0,1757212905828
2025-09-07 02:41:45.833000+00:00,AEVO-USDT-SWAP,12913830.0,1757212905833
2025-09-07 02:41:45.824000+00:00,AGLD-USDT-SWAP,1898266.0,1757212905824
2025-09-07 02:41:46.228000+00:00,AI16Z-USDT-SWAP,51360665.0,1757212906228
2025-09-07 02:41:46.264000+00:00,AIXBT-USDT-SWAP,22186770.0,1757212906264
2025-09-07 02:41:46.231000+00:00,ALCH-USDT-SWAP,22959500.0,1757212906231
2025-09-07 02:41:46.229000+00:00,ALGO-USDT-SWAP,28153740.0,1757212906229
2025-09-07 02:41:46.227000+00:00,ANIME-USDT-SWAP,112837570.0,1757212906227
2025-09-07 02:41:46.227000+00:00,APE-USDT-SWAP,8062425.6,1757212906227
2025-09-07 02:41:46.234000+00:00,API3-USDT-SWAP,4981404.0,1757212906234
2025-09-07 02:41:46.237000+00:00,APT-USDT-SWAP,3693381.0,1757212906237
2025-09-07 02:41:46.222000+00:00,AR-USDT-SWAP,529237.8,1757212906222
2025-09-07 02:41:46.231000+00:00,ARB-USDT-SWAP,33293099.999999996,1757212906231
2025-09-07 02:41:46.650000+00:00,ARC-USDT-SWAP,60791150.0,1757212906650
2025-09-07 02:41:46.641000+00:00,ARKM-USDT-SWAP,3492252.0,1757212906641
2025-09-07 02:41:46.655000+00:00,ATH-USDT-SWAP,141169800.0,1757212906655
2025-09-07 02:41:46.646000+00:00,ATOM-USDT-SWAP,1845587.0,1757212906646
2025-09-07 02:41:46.656000+00:00,AUCTION-USDT-SWAP,211340.0,1757212906656
2025-09-07 02:41:46.652000+00:00,AVAAI-USDT-SWAP,53440660.0,1757212906652
2025-09-07 02:41:46.651000+00:00,AVAX-USDT-SWAP,1844617.7,1757212906651
2025-09-07 02:41:46.651000+00:00,AXS-USDT-SWAP,1193417.2,1757212906651
2025-09-07 02:41:46.645000+00:00,BABY-USDT-SWAP,39443930.0,1757212906645
2025-09-07 02:41:46.646000+00:00,BAND-USDT-SWAP,1737955.0,1757212906646
2025-09-07 02:41:47.055000+00:00,BAT-USDT-SWAP,5660370.0,1757212907055
2025-09-07 02:41:47.054000+00:00,BCH-USDT-SWAP,82726.61999999998,1757212907054
2025-09-07 02:41:47.078000+00:00,BERA-USDT-SWAP,2362704.0,1757212907078
2025-09-07 02:41:47.087000+00:00,BICO-USDT-SWAP,6985549.0,1757212907087
2025-09-07 02:41:47.049000+00:00,BIGTIME-USDT-SWAP,40186320.0,1757212907049
2025-09-07 02:41:47.067000+00:00,BIO-USDT-SWAP,74408188.0,1757212907067
2025-09-07 02:41:47.048000+00:00,BLUR-USDT-SWAP,23491430.0,1757212907048
2025-09-07 02:41:47.040000+00:00,BNB-USDT-SWAP,90532.29,1757212907040
2025-09-07 02:41:47.039000+00:00,BNT-USDT-SWAP,693640.0,1757212907039
2025-09-07 02:41:47.045000+00:00,BOME-USDT-SWAP,1349182000.0,1757212907045
2025-09-07 02:41:47.467000+00:00,BONK-USDT-SWAP,482881500000.0,1757212907467
2025-09-07 02:41:47.462000+00:00,BRETT-USDT-SWAP,13848700.0,1757212907462
2025-09-07 02:41:47.485000+00:00,BTC-USDT-SWAP,27359.648000000052,1757212907485
2025-09-07 02:41:47.467000+00:00,CAT-USDT-SWAP,201733200000.0,1757212907467
2025-09-07 02:41:47.488000+00:00,CATI-USDT-SWAP,17432263.0,1757212907488
2025-09-07 02:41:47.470000+00:00,CELO-USDT-SWAP,4027143.0,1757212907470
2025-09-07 02:41:47.492000+00:00,CETUS-USDT-SWAP,17453520.0,1757212907492
2025-09-07 02:41:47.472000+00:00,CFX-USDT-SWAP,79491400.0,1757212907472
2025-09-07 02:41:47.469000+00:00,CHZ-USDT-SWAP,80008740.0,1757212907469
2025-09-07 02:41:47.474000+00:00,COMP-USDT-SWAP,92669.1,1757212907474
2025-09-07 02:41:47.902000+00:00,COOKIE-USDT-SWAP,4650520.0,1757212907902
2025-09-07 02:41:47.903000+00:00,CORE-USDT-SWAP,10034337.0,1757212907903
2025-09-07 02:41:47.912000+00:00,CRO-USDT-SWAP,67143820.0,1757212907912
2025-09-07 02:41:47.897000+00:00,CRV-USDT-SWAP,25338747.0,1757212907897
2025-09-07 02:41:47.918000+00:00,CTC-USDT-SWAP,1819930.0,1757212907918
2025-09-07 02:41:47.901000+00:00,CVC-USDT-SWAP,10070300.0,1757212907901
2025-09-07 02:41:47.907000+00:00,CVX-USDT-SWAP,302683.0,1757212907907
2025-09-07 02:41:47.905000+00:00,DEGEN-USDT-SWAP,291822100.0,1757212907905
2025-09-07 02:41:47.911000+00:00,DGB-USDT-SWAP,49421700.0,1757212907911
2025-09-07 02:41:47.905000+00:00,DOG-USDT-SWAP,569984000.0,1757212907905
2025-09-07 02:41:48.306000+00:00,DOGE-USDT-SWAP,1393954689.999999,1757212908306
2025-09-07 02:41:48.313000+00:00,DOGS-USDT-SWAP,19053529000.0,1757212908313
2025-09-07 02:41:48.309000+00:00,DOOD-USDT-SWAP,135933000.0,1757212908309
2025-09-07 02:41:48.298000+00:00,DOT-USDT-SWAP,5645188.0,1757212908298
2025-09-07 02:41:48.318000+00:00,DUCK-USDT-SWAP,846970900.0,1757212908318
2025-09-07 02:41:48.315000+00:00,DYDX-USDT-SWAP,9118937.0,1757212908315
2025-09-07 02:41:48.317000+00:00,EGLD-USDT-SWAP,101638.7,1757212908317
2025-09-07 02:41:48.319000+00:00,EIGEN-USDT-SWAP,3448685.0,1757212908319
2025-09-07 02:41:48.304000+00:00,ENJ-USDT-SWAP,12798000.0,1757212908304
2025-09-07 02:41:48.307000+00:00,ENS-USDT-SWAP,352554.9,1757212908307
2025-09-07 02:41:49.121000+00:00,ETC-USDT-SWAP,1101079.2000000007,1757212909121
2025-09-07 02:41:49.107000+00:00,ETH-USDT-SWAP,742334.2490000018,1757212909107
2025-09-07 02:41:49.129000+00:00,ETHFI-USDT-SWAP,8094518.0,1757212909129
2025-09-07 02:41:49.111000+00:00,ETHW-USDT-SWAP,1298356.1,1757212909111
2025-09-07 02:41:49.122000+00:00,FARTCOIN-USDT-SWAP,20515657.0,1757212909122
2025-09-07 02:41:49.120000+00:00,FIL-USDT-SWAP,13758732.4,1757212909120
2025-09-07 02:41:49.122000+00:00,FLM-USDT-SWAP,26053180.0,1757212909122
2025-09-07 02:41:49.112000+00:00,FLOKI-USDT-SWAP,42527700000.0,1757212909112
2025-09-07 02:41:49.110000+00:00,FLOW-USDT-SWAP,4275550.0,1757212909110
2025-09-07 02:41:49.115000+00:00,FXS-USDT-SWAP,253908.0,1757212909115
2025-09-07 02:41:49.536000+00:00,GALA-USDT-SWAP,418753470.0,1757212909536
2025-09-07 02:41:49.517000+00:00,GAS-USDT-SWAP,482551.0,1757212909517
2025-09-07 02:41:49.531000+00:00,GLM-USDT-SWAP,2693620.0,1757212909531
2025-09-07 02:41:49.521000+00:00,GMT-USDT-SWAP,47061760.0,1757212909521
2025-09-07 02:41:49.523000+00:00,GMX-USDT-SWAP,73329.9,1757212909523
2025-09-07 02:41:49.536000+00:00,GOAT-USDT-SWAP,24967340.0,1757212909536
2025-09-07 02:41:49.526000+00:00,GODS-USDT-SWAP,6253141.0,1757212909526
2025-09-07 02:41:49.528000+00:00,GPS-USDT-SWAP,169732210.0,1757212909528
2025-09-07 02:41:49.523000+00:00,GRASS-USDT-SWAP,2713885.0,1757212909523
2025-09-07 02:41:49.534000+00:00,GRIFFAIN-USDT-SWAP,23693840.0,1757212909534
2025-09-07 02:41:49.922000+00:00,GRT-USDT-SWAP,22481870.0,1757212909922
2025-09-07 02:41:49.921000+00:00,H-USDT-SWAP,59268100.0,1757212909921
2025-09-07 02:41:49.929000+00:00,HBAR-USDT-SWAP,73771389.99999999,1757212909929
2025-09-07 02:41:49.920000+00:00,HMSTR-USDT-SWAP,943723100.0,1757212909920
2025-09-07 02:41:49.928000+00:00,HOME-USDT-SWAP,25649400.0,1757212909928
2025-09-07 02:41:49.942000+00:00,HUMA-USDT-SWAP,87462100.0,1757212909942
2025-09-07 02:41:49.999000+00:00,HYPE-USDT-SWAP,797830.7,1757212909999
2025-09-07 02:41:49.925000+00:00,ICP-USDT-SWAP,1225411.45,1757212909925
2025-09-07 02:41:49.925000+00:00,ICX-USDT-SWAP,6362680.0,1757212909925
2025-09-07 02:41:49.938000+00:00,IMX-USDT-SWAP,6637217.0,1757212909938
2025-09-07 02:41:50.384000+00:00,INIT-USDT-SWAP,2446390.0,1757212910384
2025-09-07 02:41:50.383000+00:00,INJ-USDT-SWAP,852761.7,1757212910383
2025-09-07 02:41:50.410000+00:00,IOST-USDT-SWAP,311825000.0,1757212910410
2025-09-07 02:41:50.378000+00:00,IOTA-USDT-SWAP,15726160.0,1757212910378
2025-09-07 02:41:50.398000+00:00,IP-USDT-SWAP,2974223.0,1757212910398
2025-09-07 02:41:50.384000+00:00,JELLYJELLY-USDT-SWAP,219962700.0,1757212910384
2025-09-07 02:41:50.385000+00:00,JOE-USDT-SWAP,7451440.0,1757212910385
2025-09-07 02:41:50.389000+00:00,JTO-USDT-SWAP,2921101.0,1757212910389
2025-09-07 02:41:50.391000+00:00,JUP-USDT-SWAP,14399840.0,1757212910391
2025-09-07 02:41:50.804000+00:00,KAITO-USDT-SWAP,3474495.0,1757212910804
2025-09-07 02:41:50.804000+00:00,KMNO-USDT-SWAP,17120100.0,1757212910804
2025-09-07 02:41:50.808000+00:00,KSM-USDT-SWAP,122911.2,1757212910808
2025-09-07 02:41:50.806000+00:00,LA-USDT-SWAP,3203640.0,1757212910806
2025-09-07 02:41:50.814000+00:00,LAUNCHCOIN-USDT-SWAP,40032950.0,1757212910814
2025-09-07 02:41:50.810000+00:00,LAYER-USDT-SWAP,6077107.0,1757212910810
2025-09-07 02:41:50.810000+00:00,LDO-USDT-SWAP,14658814.0,1757212910810
2025-09-07 02:41:50.808000+00:00,LINK-USDT-SWAP,2592825.4,1757212910808
2025-09-07 02:41:50.803000+00:00,LPT-USDT-SWAP,842768.1,1757212910803
2025-09-07 02:41:50.804000+00:00,LQTY-USDT-SWAP,1570110.0,1757212910804
2025-09-07 02:41:51.193000+00:00,LRC-USDT-SWAP,17810470.0,1757212911193
2025-09-07 02:41:51.192000+00:00,LTC-USDT-SWAP,633321.9,1757212911192
2025-09-07 02:41:51.198000+00:00,LUNA-USDT-SWAP,15449858.0,1757212911198
2025-09-07 02:41:51.193000+00:00,LUNC-USDT-SWAP,33165290000.0,1757212911193
2025-09-07 02:41:51.298000+00:00,MAGIC-USDT-SWAP,19580539.0,1757212911298
2025-09-07 02:41:51.198000+00:00,MAJOR-USDT-SWAP,4780827.0,1757212911198
2025-09-07 02:41:51.197000+00:00,MANA-USDT-SWAP,10428670.0,1757212911197
2025-09-07 02:41:51.201000+00:00,MASK-USDT-SWAP,3092852.0,1757212911201
2025-09-07 02:41:51.198000+00:00,ME-USDT-SWAP,3026218.0,1757212911198
2025-09-07 02:41:51.195000+00:00,MEME-USDT-SWAP,1908159900.0,1757212911195
2025-09-07 02:41:51.699000+00:00,MERL-USDT-SWAP,60356073.0,1757212911699
2025-09-07 02:41:51.685000+00:00,METIS-USDT-SWAP,96033.8,1757212911685
2025-09-07 02:41:51.684000+00:00,MEW-USDT-SWAP,1014299000.0,1757212911684
2025-09-07 02:41:51.682000+00:00,MINA-USDT-SWAP,7221674.0,1757212911682
2025-09-07 02:41:51.692000+00:00,MOG-USDT-SWAP,673950000000.0,1757212911692
2025-09-07 02:41:51.682000+00:00,MOODENG-USDT-SWAP,47525620.0,1757212911682
2025-09-07 02:41:51.693000+00:00,MORPHO-USDT-SWAP,1349460.0,1757212911693
2025-09-07 02:41:51.684000+00:00,MOVE-USDT-SWAP,29513040.0,1757212911684
2025-09-07 02:41:51.687000+00:00,MUBARAK-USDT-SWAP,13288300.0,1757212911687
2025-09-07 02:41:52.083000+00:00,NEAR-USDT-SWAP,5417442.000000001,1757212912083
2025-09-07 02:41:52.086000+00:00,NEIRO-USDT-SWAP,9137906000.0,1757212912086
2025-09-07 02:41:52.093000+00:00,NEIROETH-USDT-SWAP,22913300.0,1757212912093
2025-09-07 02:41:52.083000+00:00,NEO-USDT-SWAP,311054.0,1757212912083
2025-09-07 02:41:52.094000+00:00,NEWT-USDT-SWAP,3740920.0,1757212912094
2025-09-07 02:41:52.091000+00:00,NMR-USDT-SWAP,674680.0,1757212912091
2025-09-07 02:41:52.087000+00:00,NOT-USDT-SWAP,1748393800.0,1757212912087
2025-09-07 02:41:52.084000+00:00,NXPC-USDT-SWAP,820622.0,1757212912084
2025-09-07 02:41:52.082000+00:00,OL-USDT-SWAP,90675780.0,1757212912082
2025-09-07 02:41:52.087000+00:00,OM-USDT-SWAP,26073435.0,1757212912087
2025-09-07 02:41:52.486000+00:00,ONDO-USDT-SWAP,19541780.0,1757212912486
2025-09-07 02:41:52.480000+00:00,ONE-USDT-SWAP,78250400.0,1757212912480
2025-09-07 02:41:52.493000+00:00,ONT-USDT-SWAP,14262060.0,1757212912493
2025-09-07 02:41:52.479000+00:00,OP-USDT-SWAP,19863680.0,1757212912479
2025-09-07 02:41:52.480000+00:00,ORBS-USDT-SWAP,25916200.0,1757212912480
2025-09-07 02:41:52.482000+00:00,ORDI-USDT-SWAP,1173273.6,1757212912482
2025-09-07 02:41:52.479000+00:00,PARTI-USDT-SWAP,13686130.0,1757212912479
2025-09-07 02:41:52.491000+00:00,PENGU-USDT-SWAP,556834300.0,1757212912491
2025-09-07 02:41:52.477000+00:00,PEOPLE-USDT-SWAP,304296000.0,1757212912477
2025-09-07 02:41:52.482000+00:00,PEPE-USDT-SWAP,6532579000000.004,1757212912482
2025-09-07 02:41:52.884000+00:00,PERP-USDT-SWAP,2461721.0,1757212912884
2025-09-07 02:41:52.885000+00:00,PI-USDT-SWAP,33544427.0,1757212912885
2025-09-07 02:41:52.887000+00:00,PLUME-USDT-SWAP,14093230.0,1757212912887
2025-09-07 02:41:52.888000+00:00,PNUT-USDT-SWAP,37740660.0,1757212912888
2025-09-07 02:41:52.906000+00:00,POL-USDT-SWAP,39130570.0,1757212912906
2025-09-07 02:41:52.889000+00:00,POPCAT-USDT-SWAP,10680530.0,1757212912889
2025-09-07 02:41:52.880000+00:00,PRCL-USDT-SWAP,20810531.0,1757212912880
2025-09-07 02:41:52.884000+00:00,PROMPT-USDT-SWAP,30909960.0,1757212912884
2025-09-07 02:41:52.903000+00:00,PUMP-USDT-SWAP,6714872000.0,1757212912903
2025-09-07 02:41:52.881000+00:00,PYTH-USDT-SWAP,48986090.0,1757212912881
2025-09-07 02:41:53.389000+00:00,QTUM-USDT-SWAP,1521621.0,1757212913389
2025-09-07 02:41:53.284000+00:00,RAY-USDT-SWAP,957540.0,1757212913284
2025-09-07 02:41:53.304000+00:00,RENDER-USDT-SWAP,1392091.0,1757212913304
2025-09-07 02:41:53.292000+00:00,RESOLV-USDT-SWAP,27659170.0,1757212913292
2025-09-07 02:41:53.305000+00:00,RSR-USDT-SWAP,251900900.0,1757212913305
2025-09-07 02:41:53.294000+00:00,RVN-USDT-SWAP,84129940.0,1757212913294
2025-09-07 02:41:53.288000+00:00,S-USDT-SWAP,13653990.0,1757212913288
2025-09-07 02:41:53.304000+00:00,SAHARA-USDT-SWAP,55913010.0,1757212913304
2025-09-07 02:41:53.288000+00:00,SAND-USDT-SWAP,19469950.0,1757212913288
2025-09-07 02:41:53.294000+00:00,SATS-USDT-SWAP,172075490000000.0,1757212913294
2025-09-07 02:41:53.779000+00:00,SCR-USDT-SWAP,3260895.0,1757212913779
2025-09-07 02:41:53.775000+00:00,SHELL-USDT-SWAP,5664760.0,1757212913775
2025-09-07 02:41:53.786000+00:00,SHIB-USDT-SWAP,1316720200000.0002,1757212913786
2025-09-07 02:41:53.771000+00:00,SIGN-USDT-SWAP,45432900.0,1757212913771
2025-09-07 02:41:53.781000+00:00,SLP-USDT-SWAP,453129160.0,1757212913781
2025-09-07 02:41:53.783000+00:00,SNX-USDT-SWAP,2459598.0,1757212913783
2025-09-07 02:41:53.775000+00:00,SOL-USDT-SWAP,3419077.400000002,1757212913775
2025-09-07 02:41:53.778000+00:00,SOLV-USDT-SWAP,50164300.0,1757212913778
2025-09-07 02:41:53.775000+00:00,SONIC-USDT-SWAP,7187495.0,1757212913775
2025-09-07 02:41:53.773000+00:00,SOON-USDT-SWAP,8620000.0,1757212913773
2025-09-07 02:41:54.185000+00:00,SOPH-USDT-SWAP,89948900.0,1757212914185
2025-09-07 02:41:54.178000+00:00,SPK-USDT-SWAP,138671400.0,1757212914178
2025-09-07 02:41:54.184000+00:00,SPX-USDT-SWAP,1140873.0,1757212914184
2025-09-07 02:41:54.160000+00:00,SSV-USDT-SWAP,292520.1,1757212914160
2025-09-07 02:41:54.179000+00:00,STORJ-USDT-SWAP,5554530.0,1757212914179
2025-09-07 02:41:54.178000+00:00,STRK-USDT-SWAP,25915242.0,1757212914178
2025-09-07 02:41:54.193000+00:00,STX-USDT-SWAP,6682039.0,1757212914193
2025-09-07 02:41:54.171000+00:00,SUI-USDT-SWAP,20857336.0,1757212914171
2025-09-07 02:41:54.167000+00:00,SUSHI-USDT-SWAP,8050961.0,1757212914167
2025-09-07 02:41:54.173000+00:00,SWARMS-USDT-SWAP,79799990.0,1757212914173
2025-09-07 02:41:54.581000+00:00,SYRUP-USDT-SWAP,3210360.0,1757212914581
2025-09-07 02:41:54.575000+00:00,T-USDT-SWAP,39529000.0,1757212914575
2025-09-07 02:41:54.576000+00:00,TAO-USDT-SWAP,15738.99,1757212914576
2025-09-07 02:41:54.577000+00:00,THETA-USDT-SWAP,2631023.0,1757212914577
2025-09-07 02:41:54.576000+00:00,TIA-USDT-SWAP,5243392.0,1757212914576
2025-09-07 02:41:54.576000+00:00,TNSR-USDT-SWAP,8367513.0,1757212914576
2025-09-07 02:41:54.583000+00:00,TON-USDT-SWAP,9759732.0,1757212914583
2025-09-07 02:41:54.573000+00:00,TRB-USDT-SWAP,281765.4,1757212914573
2025-09-07 02:41:54.586000+00:00,TREE-USDT-SWAP,7638522.0,1757212914586
2025-09-07 02:41:54.581000+00:00,TRUMP-USDT-SWAP,5406534.2,1757212914581
2025-09-07 02:41:54.976000+00:00,TRX-USDT-SWAP,102420700.00000004,1757212914976
2025-09-07 02:41:54.980000+00:00,TURBO-USDT-SWAP,828868000.0000001,1757212914980
2025-09-07 02:41:54.980000+00:00,UMA-USDT-SWAP,1510913.7,1757212914980
2025-09-07 02:41:54.977000+00:00,UNI-USDT-SWAP,3120393.0,1757212914977
2025-09-07 02:41:54.981000+00:00,USDC-USDT-SWAP,1028240.0,1757212914981
2025-09-07 02:41:54.982000+00:00,USELESS-USDT-SWAP,17443660.0,1757212914982
2025-09-07 02:41:54.981000+00:00,USTC-USDT-SWAP,146992300.0,1757212914981
2025-09-07 02:41:55.013000+00:00,UXLINK-USDT-SWAP,5597470.0,1757212915013
2025-09-07 02:41:54.976000+00:00,VANA-USDT-SWAP,133211.9,1757212914976
2025-09-07 02:41:54.981000+00:00,VINE-USDT-SWAP,104003010.0,1757212914981
2025-09-07 02:41:55.418000+00:00,VIRTUAL-USDT-SWAP,3264564.0,1757212915418
2025-09-07 02:41:55.400000+00:00,W-USDT-SWAP,48569769.0,1757212915400
2025-09-07 02:41:55.406000+00:00,WAL-USDT-SWAP,2148070.0,1757212915406
2025-09-07 02:41:55.399000+00:00,WAXP-USDT-SWAP,27641800.0,1757212915399
2025-09-07 02:41:55.411000+00:00,WCT-USDT-SWAP,10401430.0,1757212915411
2025-09-07 02:41:55.412000+00:00,WIF-USDT-SWAP,17452473.0,1757212915412
2025-09-07 02:41:55.413000+00:00,WLD-USDT-SWAP,35150983.0,1757212915413
2025-09-07 02:41:55.400000+00:00,WLFI-USDT-SWAP,301085270.0,1757212915400
2025-09-07 02:41:55.398000+00:00,WOO-USDT-SWAP,14942290.0,1757212915398
2025-09-07 02:41:55.403000+00:00,XAUT-USDT-SWAP,5920.429,1757212915403
2025-09-07 02:41:55.820000+00:00,XLM-USDT-SWAP,39029319.99999999,1757212915820
2025-09-07 02:41:55.814000+00:00,XPL-USDT-SWAP,6951550.0,1757212915814
2025-09-07 02:41:55.805000+00:00,XRP-USDT-SWAP,91463227.0,1757212915805
2025-09-07 02:41:55.811000+00:00,XTZ-USDT-SWAP,5698652.0,1757212915811
2025-09-07 02:41:55.812000+00:00,YFI-USDT-SWAP,366.4463,1757212915812
2025-09-07 02:41:55.807000+00:00,YGG-USDT-SWAP,27797437.0,1757212915807
2025-09-07 02:41:55.805000+00:00,ZENT-USDT-SWAP,177441500.0,1757212915805
2025-09-07 02:41:55.809000+00:00,ZEREBRO-USDT-SWAP,77225670.0,1757212915809
2025-09-07 02:41:55.801000+00:00,ZETA-USDT-SWAP,5592270.0,1757212915801
2025-09-07 02:41:55.802000+00:00,ZIL-USDT-SWAP,159579600.0,1757212915802
2025-09-07 02:41:56.219000+00:00,ZK-USDT-SWAP,50626770.0,1757212916219
2025-09-07 02:41:56.215000+00:00,ZRO-USDT-SWAP,2191498.0,1757212916215
2025-09-07 02:41:56.222000+00:00,ZRX-USDT-SWAP,7950310.0,1757212916222
2025-09-07 02:42:56.913000+00:00,1INCH-USDT-SWAP,7623837.0,1757212976913
2025-09-07 02:42:56.895000+00:00,A-USDT-SWAP,9800300.0,1757212976895
2025-09-07 02:42:56.901000+00:00,AAVE-USDT-SWAP,133277.44000000003,1757212976901
2025-09-07 02:42:56.893000+00:00,ACE-USDT-SWAP,1914414.0,1757212976893
2025-09-07 02:42:56.905000+00:00,ACH-USDT-SWAP,76619600.0,1757212976905
2025-09-07 02:42:56.893000+00:00,ACT-USDT-SWAP,80992600.0,1757212976893
2025-09-07 02:42:56.890000+00:00,ADA-USDT-SWAP,77084070.00000001,1757212976890
2025-09-07 02:42:56.913000+00:00,AERO-USDT-SWAP,1626860.0,1757212976913
2025-09-07 02:42:56.899000+00:00,AEVO-USDT-SWAP,12921415.0,1757212976899
2025-09-07 02:42:56.902000+00:00,AGLD-USDT-SWAP,1898266.0,1757212976902
2025-09-07 02:42:57.303000+00:00,AI16Z-USDT-SWAP,51348054.0,1757212977303
2025-09-07 02:42:57.301000+00:00,AIXBT-USDT-SWAP,22182520.0,1757212977301
2025-09-07 02:42:57.303000+00:00,ALCH-USDT-SWAP,22959500.0,1757212977303
2025-09-07 02:42:57.318000+00:00,ALGO-USDT-SWAP,28153810.0,1757212977318
2025-09-07 02:42:57.292000+00:00,ANIME-USDT-SWAP,112787160.0,1757212977292
2025-09-07 02:42:57.301000+00:00,APE-USDT-SWAP,8062436.9,1757212977301
2025-09-07 02:42:57.388000+00:00,API3-USDT-SWAP,4981319.0,1757212977388
2025-09-07 02:42:57.303000+00:00,APT-USDT-SWAP,3693381.0,1757212977303
2025-09-07 02:42:57.399000+00:00,AR-USDT-SWAP,529237.0,1757212977399
2025-09-07 02:42:57.334000+00:00,ARB-USDT-SWAP,33303385.0,1757212977334
2025-09-07 02:42:57.812000+00:00,ARC-USDT-SWAP,60792950.0,1757212977812
2025-09-07 02:42:57.811000+00:00,ARKM-USDT-SWAP,3493601.0,1757212977811
2025-09-07 02:42:57.807000+00:00,ATH-USDT-SWAP,141169700.0,1757212977807
2025-09-07 02:42:57.810000+00:00,ATOM-USDT-SWAP,1845585.0,1757212977810
2025-09-07 02:42:57.807000+00:00,AUCTION-USDT-SWAP,211340.0,1757212977807
2025-09-07 02:42:57.811000+00:00,AVAAI-USDT-SWAP,53579430.0,1757212977811
2025-09-07 02:42:57.926000+00:00,AVAX-USDT-SWAP,1844552.4000000001,1757212977926
2025-09-07 02:42:57.817000+00:00,AXS-USDT-SWAP,1193221.3,1757212977817
2025-09-07 02:42:57.809000+00:00,BABY-USDT-SWAP,39443930.0,1757212977809
2025-09-07 02:42:57.814000+00:00,BAND-USDT-SWAP,1738200.0,1757212977814
2025-09-07 02:42:58.319000+00:00,BAT-USDT-SWAP,5660370.0,1757212978319
2025-09-07 02:42:58.307000+00:00,BCH-USDT-SWAP,82728.04999999997,1757212978307
2025-09-07 02:42:58.317000+00:00,BERA-USDT-SWAP,2362738.7,1757212978317
2025-09-07 02:42:58.317000+00:00,BICO-USDT-SWAP,6985908.0,1757212978317
2025-09-07 02:42:58.329000+00:00,BIGTIME-USDT-SWAP,40186340.0,1757212978329
2025-09-07 02:42:58.321000+00:00,BIO-USDT-SWAP,74399290.0,1757212978321
2025-09-07 02:42:58.320000+00:00,BLUR-USDT-SWAP,23515940.0,1757212978320
2025-09-07 02:42:58.314000+00:00,BNB-USDT-SWAP,90532.93,1757212978314
2025-09-07 02:42:58.315000+00:00,BNT-USDT-SWAP,693560.0,1757212978315
2025-09-07 02:42:58.314000+00:00,BOME-USDT-SWAP,1349172000.0,1757212978314
2025-09-07 02:42:58.710000+00:00,BONK-USDT-SWAP,482886300000.0,1757212978710
2025-09-07 02:42:58.715000+00:00,BRETT-USDT-SWAP,13849200.0,1757212978715
2025-09-07 02:42:58.816000+00:00,BTC-USDT-SWAP,27359.61130000005,1757212978816
2025-09-07 02:42:58.725000+00:00,CAT-USDT-SWAP,201712200000.0,1757212978725
2025-09-07 02:42:58.713000+00:00,CATI-USDT-SWAP,17427863.0,1757212978713
2025-09-07 02:42:58.717000+00:00,CELO-USDT-SWAP,4026084.0,1757212978717
2025-09-07 02:42:58.736000+00:00,CETUS-USDT-SWAP,17455020.0,1757212978736
2025-09-07 02:42:58.725000+00:00,CFX-USDT-SWAP,79487940.0,1757212978725
2025-09-07 02:42:58.711000+00:00,CHZ-USDT-SWAP,80004550.0,1757212978711
2025-09-07 02:42:58.720000+00:00,COMP-USDT-SWAP,92668.8,1757212978720
2025-09-07 02:42:59.197000+00:00,COOKIE-USDT-SWAP,4650290.0,1757212979197
2025-09-07 02:42:59.302000+00:00,CORE-USDT-SWAP,10036068.0,1757212979302
2025-09-07 02:42:59.210000+00:00,CRO-USDT-SWAP,67147230.0,1757212979210
2025-09-07 02:42:59.213000+00:00,CRV-USDT-SWAP,25338635.0,1757212979213
2025-09-07 02:42:59.198000+00:00,CTC-USDT-SWAP,1819930.0,1757212979198
2025-09-07 02:42:59.214000+00:00,CVC-USDT-SWAP,10070300.0,1757212979214
2025-09-07 02:42:59.206000+00:00,CVX-USDT-SWAP,302683.0,1757212979206
2025-09-07 02:42:59.212000+00:00,DEGEN-USDT-SWAP,291755600.0,1757212979212
2025-09-07 02:42:59.200000+00:00,DGB-USDT-SWAP,49421700.0,1757212979200
2025-09-07 02:42:59.218000+00:00,DOG-USDT-SWAP,569984000.0,1757212979218
2025-09-07 02:42:59.689000+00:00,DOGE-USDT-SWAP,1394069989.999999,1757212979689
2025-09-07 02:42:59.687000+00:00,DOGS-USDT-SWAP,19053518000.0,1757212979687
2025-09-07 02:42:59.699000+00:00,DOOD-USDT-SWAP,135929000.0,1757212979699
2025-09-07 02:42:59.702000+00:00,DOT-USDT-SWAP,5645130.0,1757212979702
2025-09-07 02:42:59.686000+00:00,DUCK-USDT-SWAP,846971000.0,1757212979686
2025-09-07 02:42:59.688000+00:00,DYDX-USDT-SWAP,9118655.0,1757212979688
2025-09-07 02:42:59.697000+00:00,EGLD-USDT-SWAP,101638.7,1757212979697
2025-09-07 02:42:59.690000+00:00,EIGEN-USDT-SWAP,3440869.0,1757212979690
2025-09-07 02:42:59.691000+00:00,ENJ-USDT-SWAP,12807990.0,1757212979691
2025-09-07 02:42:59.702000+00:00,ENS-USDT-SWAP,352476.5,1757212979702
2025-09-07 02:43:00.097000+00:00,ETC-USDT-SWAP,1101079.3000000005,1757212980097
2025-09-07 02:43:00.093000+00:00,ETH-USDT-SWAP,742210.4020000017,1757212980093
2025-09-07 02:43:00.093000+00:00,ETHFI-USDT-SWAP,8094620.0,1757212980093
2025-09-07 02:43:00.091000+00:00,ETHW-USDT-SWAP,1298356.1,1757212980091
2025-09-07 02:43:00.093000+00:00,FARTCOIN-USDT-SWAP,20516778.0,1757212980093
2025-09-07 02:43:00.092000+00:00,FIL-USDT-SWAP,13760101.0,1757212980092
2025-09-07 02:43:00.097000+00:00,FLM-USDT-SWAP,26068410.0,1757212980097
2025-09-07 02:43:00.098000+00:00,FLOKI-USDT-SWAP,42551100000.0,1757212980098
2025-09-07 02:43:00.093000+00:00,FLOW-USDT-SWAP,4275520.0,1757212980093
2025-09-07 02:43:00.110000+00:00,FXS-USDT-SWAP,253907.0,1757212980110
2025-09-07 02:43:00.508000+00:00,GALA-USDT-SWAP,418412680.0,1757212980508
2025-09-07 02:43:00.501000+00:00,GAS-USDT-SWAP,482551.0,1757212980501
2025-09-07 02:43:00.508000+00:00,GLM-USDT-SWAP,2693620.0,1757212980508
2025-09-07 02:43:00.513000+00:00,GMT-USDT-SWAP,47025349.0,1757212980513
2025-09-07 02:43:00.502000+00:00,GMX-USDT-SWAP,73329.9,1757212980502
2025-09-07 02:43:00.506000+00:00,GOAT-USDT-SWAP,24966220.0,1757212980506
2025-09-07 02:43:00.517000+00:00,GODS-USDT-SWAP,6253143.0,1757212980517
2025-09-07 02:43:00.514000+00:00,GPS-USDT-SWAP,169716710.0,1757212980514
2025-09-07 02:43:00.506000+00:00,GRASS-USDT-SWAP,2712380.0,1757212980506
2025-09-07 02:43:00.525000+00:00,GRIFFAIN-USDT-SWAP,23693840.0,1757212980525
2025-09-07 02:43:00.942000+00:00,GRT-USDT-SWAP,22481140.0,1757212980942
2025-09-07 02:43:00.908000+00:00,H-USDT-SWAP,59647700.0,1757212980908
2025-09-07 02:43:00.909000+00:00,HBAR-USDT-SWAP,73780059.99999999,1757212980909
2025-09-07 02:43:00.922000+00:00,HMSTR-USDT-SWAP,943722600.0,1757212980922
2025-09-07 02:43:00.906000+00:00,HOME-USDT-SWAP,25567300.0,1757212980906
2025-09-07 02:43:00.916000+00:00,HUMA-USDT-SWAP,87426500.0,1757212980916
2025-09-07 02:43:00.927000+00:00,HYPE-USDT-SWAP,797566.4,1757212980927
2025-09-07 02:43:00.910000+00:00,ICP-USDT-SWAP,1225393.38,1757212980910
2025-09-07 02:43:00.920000+00:00,ICX-USDT-SWAP,6362680.0,1757212980920
2025-09-07 02:43:00.919000+00:00,IMX-USDT-SWAP,6637128.0,1757212980919
2025-09-07 02:43:01.319000+00:00,INIT-USDT-SWAP,2445930.0,1757212981319
2025-09-07 02:43:01.318000+00:00,INJ-USDT-SWAP,852845.6,1757212981318
2025-09-07 02:43:01.324000+00:00,IOST-USDT-SWAP,311765000.0,1757212981324
2025-09-07 02:43:01.318000+00:00,IOTA-USDT-SWAP,15726160.0,1757212981318
2025-09-07 02:43:01.431000+00:00,IP-USDT-SWAP,2969122.0,1757212981431
2025-09-07 02:43:01.327000+00:00,JELLYJELLY-USDT-SWAP,219938800.0,1757212981327
2025-09-07 02:43:01.339000+00:00,JOE-USDT-SWAP,7451440.0,1757212981339
2025-09-07 02:43:01.323000+00:00,JTO-USDT-SWAP,2921100.0,1757212981323
2025-09-07 02:43:01.335000+00:00,JUP-USDT-SWAP,14399970.0,1757212981335
2025-09-07 02:43:01.821000+00:00,KAITO-USDT-SWAP,3474786.0,1757212981821
2025-09-07 02:43:01.815000+00:00,KMNO-USDT-SWAP,17120100.0,1757212981815
2025-09-07 02:43:01.820000+00:00,KSM-USDT-SWAP,122911.2,1757212981820
2025-09-07 02:43:01.840000+00:00,LA-USDT-SWAP,3203840.0,1757212981840
2025-09-07 02:43:01.823000+00:00,LAUNCHCOIN-USDT-SWAP,40033150.0,1757212981823
2025-09-07 02:43:01.823000+00:00,LAYER-USDT-SWAP,6077948.0,1757212981823
2025-09-07 02:43:01.830000+00:00,LDO-USDT-SWAP,14658678.0,1757212981830
2025-09-07 02:43:01.824000+00:00,LINK-USDT-SWAP,2593107.7,1757212981824
2025-09-07 02:43:01.819000+00:00,LPT-USDT-SWAP,842775.9,1757212981819
2025-09-07 02:43:01.842000+00:00,LQTY-USDT-SWAP,1570476.0,1757212981842
2025-09-07 02:43:02.240000+00:00,LRC-USDT-SWAP,17814630.0,1757212982240
2025-09-07 02:43:02.225000+00:00,LTC-USDT-SWAP,633321.6,1757212982225
2025-09-07 02:43:02.236000+00:00,LUNA-USDT-SWAP,15449308.0,1757212982236
2025-09-07 02:43:02.246000+00:00,LUNC-USDT-SWAP,33165170000.0,1757212982246
2025-09-07 02:43:02.232000+00:00,MAGIC-USDT-SWAP,19578029.0,1757212982232
2025-09-07 02:43:02.277000+00:00,MAJOR-USDT-SWAP,4780744.0,1757212982277
2025-09-07 02:43:02.235000+00:00,MANA-USDT-SWAP,10408850.0,1757212982235
2025-09-07 02:43:02.257000+00:00,MASK-USDT-SWAP,3092852.0,1757212982257
2025-09-07 02:43:02.237000+00:00,ME-USDT-SWAP,3026218.0,1757212982237
2025-09-07 02:43:02.234000+00:00,MEME-USDT-SWAP,1908370800.0,1757212982234
2025-09-07 02:43:02.671000+00:00,MERL-USDT-SWAP,60350954.0,1757212982671
2025-09-07 02:43:02.667000+00:00,METIS-USDT-SWAP,96032.5,1757212982667
2025-09-07 02:43:02.671000+00:00,MEW-USDT-SWAP,1014299000.0,1757212982671
2025-09-07 02:43:02.673000+00:00,MINA-USDT-SWAP,7221674.0,1757212982673
2025-09-07 02:43:02.669000+00:00,MOG-USDT-SWAP,674189000000.0,1757212982669
2025-09-07 02:43:02.695000+00:00,MOODENG-USDT-SWAP,47524910.0,1757212982695
2025-09-07 02:43:02.691000+00:00,MORPHO-USDT-SWAP,1349340.0,1757212982691
2025-09-07 02:43:02.673000+00:00,MOVE-USDT-SWAP,29506670.0,1757212982673
2025-09-07 02:43:02.677000+00:00,MUBARAK-USDT-SWAP,13289000.0,1757212982677
2025-09-07 02:43:03.091000+00:00,NEAR-USDT-SWAP,5417429.000000001,1757212983091
2025-09-07 02:43:03.082000+00:00,NEIRO-USDT-SWAP,9135904000.0,1757212983082
2025-09-07 02:43:03.194000+00:00,NEIROETH-USDT-SWAP,22904400.0,1757212983194
2025-09-07 02:43:03.102000+00:00,NEO-USDT-SWAP,311057.0,1757212983102
2025-09-07 02:43:03.086000+00:00,NEWT-USDT-SWAP,3741390.0,1757212983086
2025-09-07 02:43:03.088000+00:00,NMR-USDT-SWAP,676440.1,1757212983088
2025-09-07 02:43:03.129000+00:00,NOT-USDT-SWAP,1748393500.0,1757212983129
2025-09-07 02:43:03.093000+00:00,NXPC-USDT-SWAP,820622.0,1757212983093
2025-09-07 02:43:03.085000+00:00,OL-USDT-SWAP,90606160.0,1757212983085
2025-09-07 02:43:03.094000+00:00,OM-USDT-SWAP,26071078.999999996,1757212983094
2025-09-07 02:43:03.602000+00:00,ONDO-USDT-SWAP,19538080.0,1757212983602
2025-09-07 02:43:03.586000+00:00,ONE-USDT-SWAP,78250400.0,1757212983586
2025-09-07 02:43:03.584000+00:00,ONT-USDT-SWAP,14262060.0,1757212983584
2025-09-07 02:43:03.587000+00:00,OP-USDT-SWAP,19863904.0,1757212983587
2025-09-07 02:43:03.584000+00:00,ORBS-USDT-SWAP,25916100.0,1757212983584
2025-09-07 02:43:03.592000+00:00,ORDI-USDT-SWAP,1173136.6,1757212983592
2025-09-07 02:43:03.592000+00:00,PARTI-USDT-SWAP,13686810.0,1757212983592
2025-09-07 02:43:03.586000+00:00,PENGU-USDT-SWAP,556842900.0,1757212983586
2025-09-07 02:43:03.579000+00:00,PEOPLE-USDT-SWAP,304291300.0,1757212983579
2025-09-07 02:43:03.594000+00:00,PEPE-USDT-SWAP,6532615000000.004,1757212983594
2025-09-07 02:43:04.044000+00:00,PERP-USDT-SWAP,2462090.0,1757212984044
2025-09-07 02:43:04.042000+00:00,PI-USDT-SWAP,33542023.0,1757212984042
2025-09-07 02:43:04.046000+00:00,PLUME-USDT-SWAP,14093280.0,1757212984046
2025-09-07 02:43:04.055000+00:00,PNUT-USDT-SWAP,37706140.0,1757212984055
2025-09-07 02:43:04.067000+00:00,POL-USDT-SWAP,39128530.0,1757212984067
2025-09-07 02:43:04.050000+00:00,POPCAT-USDT-SWAP,10680570.0,1757212984050
2025-09-07 02:43:04.059000+00:00,PRCL-USDT-SWAP,20834383.0,1757212984059
2025-09-07 02:43:04.053000+00:00,PROMPT-USDT-SWAP,30917690.0,1757212984053
2025-09-07 02:43:04.056000+00:00,PUMP-USDT-SWAP,6725305000.0,1757212984056
2025-09-07 02:43:04.061000+00:00,PYTH-USDT-SWAP,48958320.0,1757212984061
2025-09-07 02:43:04.467000+00:00,QTUM-USDT-SWAP,1521395.0,1757212984467
2025-09-07 02:43:04.465000+00:00,RAY-USDT-SWAP,957675.0,1757212984465
2025-09-07 02:43:04.471000+00:00,RENDER-USDT-SWAP,1392099.0,1757212984471
2025-09-07 02:43:04.486000+00:00,RESOLV-USDT-SWAP,27662830.0,1757212984486
2025-09-07 02:43:04.475000+00:00,RSR-USDT-SWAP,251890700.0,1757212984475
2025-09-07 02:43:04.462000+00:00,RVN-USDT-SWAP,84014280.0,1757212984462
2025-09-07 02:43:04.482000+00:00,S-USDT-SWAP,13654150.0,1757212984482
2025-09-07 02:43:04.469000+00:00,SAHARA-USDT-SWAP,55913010.0,1757212984469
2025-09-07 02:43:04.466000+00:00,SAND-USDT-SWAP,19478300.0,1757212984466
2025-09-07 02:43:04.473000+00:00,SATS-USDT-SWAP,172075510000000.0,1757212984473
2025-09-07 02:43:04.864000+00:00,SCR-USDT-SWAP,3260895.0,1757212984864
2025-09-07 02:43:04.870000+00:00,SHELL-USDT-SWAP,5682050.0,1757212984870
2025-09-07 02:43:04.867000+00:00,SHIB-USDT-SWAP,1316693900000.0002,1757212984867
2025-09-07 02:43:04.869000+00:00,SIGN-USDT-SWAP,45432400.0,1757212984869
2025-09-07 02:43:04.865000+00:00,SLP-USDT-SWAP,453106090.0,1757212984865
2025-09-07 02:43:04.864000+00:00,SNX-USDT-SWAP,2458176.0,1757212984864
2025-09-07 02:43:04.882000+00:00,SOL-USDT-SWAP,3419283.9400000013,1757212984882
2025-09-07 02:43:04.880000+00:00,SOLV-USDT-SWAP,50163000.0,1757212984880
2025-09-07 02:43:04.865000+00:00,SONIC-USDT-SWAP,7187495.0,1757212984865
2025-09-07 02:43:04.877000+00:00,SOON-USDT-SWAP,8620140.0,1757212984877
2025-09-07 02:43:05.262000+00:00,SOPH-USDT-SWAP,89948900.0,1757212985262
2025-09-07 02:43:05.259000+00:00,SPK-USDT-SWAP,138619600.0,1757212985259
2025-09-07 02:43:05.269000+00:00,SPX-USDT-SWAP,1141017.0,1757212985269
2025-09-07 02:43:05.265000+00:00,SSV-USDT-SWAP,292648.9,1757212985265
2025-09-07 02:43:05.266000+00:00,STORJ-USDT-SWAP,5554530.0,1757212985266
2025-09-07 02:43:05.269000+00:00,STRK-USDT-SWAP,25915242.0,1757212985269
2025-09-07 02:43:05.276000+00:00,STX-USDT-SWAP,6682037.0,1757212985276
2025-09-07 02:43:05.283000+00:00,SUI-USDT-SWAP,20856575.0,1757212985283
2025-09-07 02:43:05.267000+00:00,SUSHI-USDT-SWAP,8050837.0,1757212985267
2025-09-07 02:43:05.271000+00:00,SWARMS-USDT-SWAP,79911890.0,1757212985271
2025-09-07 02:43:05.668000+00:00,SYRUP-USDT-SWAP,3210650.0,1757212985668
2025-09-07 02:43:05.673000+00:00,T-USDT-SWAP,39529000.0,1757212985673
2025-09-07 02:43:05.676000+00:00,TAO-USDT-SWAP,15735.34,1757212985676
2025-09-07 02:43:05.675000+00:00,THETA-USDT-SWAP,2630969.0,1757212985675
2025-09-07 02:43:05.677000+00:00,TIA-USDT-SWAP,5243837.0,1757212985677
2025-09-07 02:43:05.675000+00:00,TNSR-USDT-SWAP,8367513.0,1757212985675
2025-09-07 02:43:05.684000+00:00,TON-USDT-SWAP,9761000.0,1757212985684
2025-09-07 02:43:05.683000+00:00,TRB-USDT-SWAP,281818.1,1757212985683
2025-09-07 02:43:05.673000+00:00,TREE-USDT-SWAP,7637880.0,1757212985673
2025-09-07 02:43:05.676000+00:00,TRUMP-USDT-SWAP,5408429.1,1757212985676
2025-09-07 02:43:06.075000+00:00,TRX-USDT-SWAP,103081280.00000004,1757212986075
2025-09-07 02:43:06.071000+00:00,TURBO-USDT-SWAP,828864000.0000001,1757212986071
2025-09-07 02:43:06.081000+00:00,UMA-USDT-SWAP,1510915.1,1757212986081
2025-09-07 02:43:06.078000+00:00,UNI-USDT-SWAP,3120328.0,1757212986078
2025-09-07 02:43:06.070000+00:00,USDC-USDT-SWAP,1028240.0,1757212986070
2025-09-07 02:43:06.078000+00:00,USELESS-USDT-SWAP,17440680.0,1757212986078
2025-09-07 02:43:06.123000+00:00,USTC-USDT-SWAP,146992300.0,1757212986123
2025-09-07 02:43:06.088000+00:00,UXLINK-USDT-SWAP,5592460.0,1757212986088
2025-09-07 02:43:06.078000+00:00,VANA-USDT-SWAP,133195.1,1757212986078
2025-09-07 02:43:06.079000+00:00,VINE-USDT-SWAP,104017970.0,1757212986079
2025-09-07 02:43:06.518000+00:00,VIRTUAL-USDT-SWAP,3264287.0,1757212986518
2025-09-07 02:43:06.509000+00:00,W-USDT-SWAP,48556264.0,1757212986509
2025-09-07 02:43:06.539000+00:00,WAL-USDT-SWAP,2148060.0,1757212986539
2025-09-07 02:43:06.520000+00:00,WAXP-USDT-SWAP,27645600.0,1757212986520
2025-09-07 02:43:06.514000+00:00,WCT-USDT-SWAP,10401660.0,1757212986514
2025-09-07 02:43:06.531000+00:00,WIF-USDT-SWAP,17452316.0,1757212986531
2025-09-07 02:43:06.520000+00:00,WLD-USDT-SWAP,35220215.0,1757212986520
2025-09-07 02:43:06.528000+00:00,WLFI-USDT-SWAP,301152790.0,1757212986528
2025-09-07 02:43:06.516000+00:00,WOO-USDT-SWAP,14941980.0,1757212986516
2025-09-07 02:43:06.564000+00:00,XAUT-USDT-SWAP,5920.376,1757212986564
2025-09-07 02:43:06.965000+00:00,XLM-USDT-SWAP,39033099.99999999,1757212986965
2025-09-07 02:43:06.955000+00:00,XPL-USDT-SWAP,6945710.0,1757212986955
2025-09-07 02:43:06.951000+00:00,XRP-USDT-SWAP,91471302.00000001,1757212986951
2025-09-07 02:43:06.947000+00:00,XTZ-USDT-SWAP,5698696.0,1757212986947
2025-09-07 02:43:06.952000+00:00,YFI-USDT-SWAP,366.4463,1757212986952
2025-09-07 02:43:06.954000+00:00,YGG-USDT-SWAP,27797283.0,1757212986954
2025-09-07 02:43:06.958000+00:00,ZENT-USDT-SWAP,177406000.0,1757212986958
2025-09-07 02:43:06.956000+00:00,ZEREBRO-USDT-SWAP,77225710.0,1757212986956
2025-09-07 02:43:06.949000+00:00,ZETA-USDT-SWAP,5592270.0,1757212986949
2025-09-07 02:43:06.957000+00:00,ZIL-USDT-SWAP,159579600.0,1757212986957
2025-09-07 02:43:07.361000+00:00,ZK-USDT-SWAP,50628390.0,1757212987361
2025-09-07 02:43:07.350000+00:00,ZRO-USDT-SWAP,2191462.0,1757212987350
2025-09-07 02:43:07.349000+00:00,ZRX-USDT-SWAP,7950280.0,1757212987349
2025-09-07 02:44:08.046000+00:00,1INCH-USDT-SWAP,7623315.0,1757213048046
2025-09-07 02:44:08.044000+00:00,A-USDT-SWAP,9800390.0,1757213048044
2025-09-07 02:44:08.050000+00:00,AAVE-USDT-SWAP,133273.86000000002,1757213048050
2025-09-07 02:44:08.037000+00:00,ACE-USDT-SWAP,1914426.0,1757213048037
2025-09-07 02:44:08.093000+00:00,ACH-USDT-SWAP,76619200.0,1757213048093
2025-09-07 02:44:08.082000+00:00,ACT-USDT-SWAP,80992725.0,1757213048082
2025-09-07 02:44:08.046000+00:00,ADA-USDT-SWAP,77079240.00000001,1757213048046
2025-09-07 02:44:08.042000+00:00,AERO-USDT-SWAP,1626880.0,1757213048042
2025-09-07 02:44:08.039000+00:00,AEVO-USDT-SWAP,12927367.0,1757213048039
2025-09-07 02:44:08.065000+00:00,AGLD-USDT-SWAP,1898266.0,1757213048065
2025-09-07 02:44:08.495000+00:00,AI16Z-USDT-SWAP,51390245.0,1757213048495
2025-09-07 02:44:08.530000+00:00,AIXBT-USDT-SWAP,22184760.0,1757213048530
2025-09-07 02:44:08.507000+00:00,ALCH-USDT-SWAP,22959500.0,1757213048507
2025-09-07 02:44:08.500000+00:00,ALGO-USDT-SWAP,28157860.0,1757213048500
2025-09-07 02:44:08.513000+00:00,ANIME-USDT-SWAP,112825630.0,1757213048513
2025-09-07 02:44:08.495000+00:00,APE-USDT-SWAP,8062204.9,1757213048495
2025-09-07 02:44:08.510000+00:00,API3-USDT-SWAP,4984373.0,1757213048510
2025-09-07 02:44:08.511000+00:00,APT-USDT-SWAP,3692481.0,1757213048511
2025-09-07 02:44:08.528000+00:00,AR-USDT-SWAP,529232.1,1757213048528
2025-09-07 02:44:08.504000+00:00,ARB-USDT-SWAP,33307243.999999996,1757213048504
2025-09-07 02:44:08.919000+00:00,ARC-USDT-SWAP,60782540.0,1757213048919
2025-09-07 02:44:08.944000+00:00,ARKM-USDT-SWAP,3494886.0,1757213048944
2025-09-07 02:44:08.922000+00:00,ATH-USDT-SWAP,141182400.0,1757213048922
2025-09-07 02:44:08.927000+00:00,ATOM-USDT-SWAP,1845600.0,1757213048927
2025-09-07 02:44:08.950000+00:00,AUCTION-USDT-SWAP,211338.7,1757213048950
2025-09-07 02:44:08.948000+00:00,AVAAI-USDT-SWAP,53578830.0,1757213048948
2025-09-07 02:44:08.925000+00:00,AVAX-USDT-SWAP,1844580.0,1757213048925
2025-09-07 02:44:08.926000+00:00,AXS-USDT-SWAP,1193222.6,1757213048926
2025-09-07 02:44:08.928000+00:00,BABY-USDT-SWAP,39445750.0,1757213048928
2025-09-07 02:44:08.922000+00:00,BAND-USDT-SWAP,1736268.0,1757213048922
2025-09-07 02:44:09.348000+00:00,BAT-USDT-SWAP,5662110.0,1757213049348
2025-09-07 02:44:09.353000+00:00,BCH-USDT-SWAP,82735.51999999999,1757213049353
2025-09-07 02:44:09.353000+00:00,BERA-USDT-SWAP,2361671.5,1757213049353
2025-09-07 02:44:09.353000+00:00,BICO-USDT-SWAP,6984971.0,1757213049353
2025-09-07 02:44:09.379000+00:00,BIGTIME-USDT-SWAP,40221850.0,1757213049379
2025-09-07 02:44:09.350000+00:00,BIO-USDT-SWAP,74384014.0,1757213049350
2025-09-07 02:44:09.351000+00:00,BLUR-USDT-SWAP,23500660.0,1757213049351
2025-09-07 02:44:09.355000+00:00,BNB-USDT-SWAP,90538.25,1757213049355
2025-09-07 02:44:09.355000+00:00,BNT-USDT-SWAP,693550.0,1757213049355
2025-09-07 02:44:09.353000+00:00,BOME-USDT-SWAP,1349162000.0,1757213049353
2025-09-07 02:44:09.783000+00:00,BONK-USDT-SWAP,482885500000.0,1757213049783
2025-09-07 02:44:09.773000+00:00,BRETT-USDT-SWAP,13838600.0,1757213049773
2025-09-07 02:44:09.780000+00:00,BTC-USDT-SWAP,27360.13610000005,1757213049780
2025-09-07 02:44:09.775000+00:00,CAT-USDT-SWAP,201876200000.0,1757213049775
2025-09-07 02:44:09.766000+00:00,CATI-USDT-SWAP,17426230.0,1757213049766
2025-09-07 02:44:09.798000+00:00,CELO-USDT-SWAP,4025711.0,1757213049798
2025-09-07 02:44:09.781000+00:00,CETUS-USDT-SWAP,17330140.0,1757213049781
2025-09-07 02:44:09.762000+00:00,CFX-USDT-SWAP,79465990.0,1757213049762
2025-09-07 02:44:09.775000+00:00,CHZ-USDT-SWAP,79996440.0,1757213049775
2025-09-07 02:44:09.769000+00:00,COMP-USDT-SWAP,92676.0,1757213049769
2025-09-07 02:44:10.192000+00:00,COOKIE-USDT-SWAP,4641430.0,1757213050192
2025-09-07 02:44:10.205000+00:00,CORE-USDT-SWAP,10038473.0,1757213050205
2025-09-07 02:44:10.194000+00:00,CRO-USDT-SWAP,67125590.0,1757213050194
2025-09-07 02:44:10.194000+00:00,CRV-USDT-SWAP,25337427.0,1757213050194
2025-09-07 02:44:10.186000+00:00,CTC-USDT-SWAP,1819930.0,1757213050186
2025-09-07 02:44:10.203000+00:00,CVC-USDT-SWAP,10072700.0,1757213050203
2025-09-07 02:44:10.204000+00:00,CVX-USDT-SWAP,302683.0,1757213050204
2025-09-07 02:44:10.188000+00:00,DEGEN-USDT-SWAP,291467400.0,1757213050188
2025-09-07 02:44:10.229000+00:00,DGB-USDT-SWAP,49421700.0,1757213050229
2025-09-07 02:44:10.186000+00:00,DOG-USDT-SWAP,569967000.0,1757213050186
2025-09-07 02:44:10.641000+00:00,DOGE-USDT-SWAP,1393971419.999999,1757213050641
2025-09-07 02:44:10.660000+00:00,DOGS-USDT-SWAP,19051564000.0,1757213050660
2025-09-07 02:44:10.628000+00:00,DOOD-USDT-SWAP,135929000.0,1757213050628
2025-09-07 02:44:10.635000+00:00,DOT-USDT-SWAP,5645812.0,1757213050635
2025-09-07 02:44:10.627000+00:00,DUCK-USDT-SWAP,846969700.0,1757213050627
2025-09-07 02:44:10.638000+00:00,DYDX-USDT-SWAP,9118499.0,1757213050638
2025-09-07 02:44:10.636000+00:00,EGLD-USDT-SWAP,101639.4,1757213050636
2025-09-07 02:44:10.620000+00:00,EIGEN-USDT-SWAP,3437173.0,1757213050620
2025-09-07 02:44:10.631000+00:00,ENJ-USDT-SWAP,12807840.0,1757213050631
2025-09-07 02:44:10.626000+00:00,ENS-USDT-SWAP,352492.3,1757213050626
2025-09-07 02:44:11.056000+00:00,ETC-USDT-SWAP,1100975.5000000007,1757213051056
2025-09-07 02:44:11.048000+00:00,ETH-USDT-SWAP,742277.8180000017,1757213051048
2025-09-07 02:44:11.048000+00:00,ETHFI-USDT-SWAP,8093601.0,1757213051048
2025-09-07 02:44:11.056000+00:00,ETHW-USDT-SWAP,1298035.9,1757213051056
2025-09-07 02:44:11.045000+00:00,FARTCOIN-USDT-SWAP,20516414.0,1757213051045
2025-09-07 02:44:11.056000+00:00,FIL-USDT-SWAP,13764098.3,1757213051056
2025-09-07 02:44:11.050000+00:00,FLM-USDT-SWAP,26119560.0,1757213051050
2025-09-07 02:44:11.052000+00:00,FLOKI-USDT-SWAP,42551400000.0,1757213051052
2025-09-07 02:44:11.057000+00:00,FLOW-USDT-SWAP,4275100.0,1757213051057
2025-09-07 02:44:11.046000+00:00,FXS-USDT-SWAP,253906.0,1757213051046
2025-09-07 02:44:11.451000+00:00,GALA-USDT-SWAP,418398950.0,1757213051451
2025-09-07 02:44:11.551000+00:00,GAS-USDT-SWAP,482404.0,1757213051551
2025-09-07 02:44:11.452000+00:00,GLM-USDT-SWAP,2693590.0,1757213051452
2025-09-07 02:44:11.458000+00:00,GMT-USDT-SWAP,47013917.0,1757213051458
2025-09-07 02:44:11.463000+00:00,GMX-USDT-SWAP,73330.0,1757213051463
2025-09-07 02:44:11.465000+00:00,GOAT-USDT-SWAP,24966460.0,1757213051465
2025-09-07 02:44:11.458000+00:00,GODS-USDT-SWAP,6253159.0,1757213051458
2025-09-07 02:44:11.457000+00:00,GPS-USDT-SWAP,169663300.0,1757213051457
2025-09-07 02:44:11.469000+00:00,GRASS-USDT-SWAP,2712268.0,1757213051469
2025-09-07 02:44:11.781000+00:00,GRIFFAIN-USDT-SWAP,23693830.0,1757213051781
2025-09-07 02:44:12.168000+00:00,GRT-USDT-SWAP,22478920.0,1757213052168
2025-09-07 02:44:12.172000+00:00,H-USDT-SWAP,59759400.0,1757213052172
2025-09-07 02:44:12.174000+00:00,HBAR-USDT-SWAP,73780419.99999999,1757213052174
2025-09-07 02:44:12.171000+00:00,HMSTR-USDT-SWAP,943576600.0,1757213052171
2025-09-07 02:44:12.178000+00:00,HOME-USDT-SWAP,25562200.0,1757213052178
2025-09-07 02:44:12.178000+00:00,HUMA-USDT-SWAP,87372400.0,1757213052178
2025-09-07 02:44:12.192000+00:00,HYPE-USDT-SWAP,797495.1,1757213052192
2025-09-07 02:44:12.168000+00:00,ICP-USDT-SWAP,1225445.3,1757213052168
2025-09-07 02:44:12.171000+00:00,ICX-USDT-SWAP,6364400.0,1757213052171
2025-09-07 02:44:12.176000+00:00,IMX-USDT-SWAP,6636988.0,1757213052176
2025-09-07 02:44:12.583000+00:00,INIT-USDT-SWAP,2447230.0,1757213052583
2025-09-07 02:44:12.584000+00:00,INJ-USDT-SWAP,853986.2,1757213052584
2025-09-07 02:44:12.579000+00:00,IOST-USDT-SWAP,311758000.0,1757213052579
2025-09-07 02:44:12.588000+00:00,IOTA-USDT-SWAP,15730440.0,1757213052588
2025-09-07 02:44:12.580000+00:00,IP-USDT-SWAP,2961128.0,1757213052580
2025-09-07 02:44:12.586000+00:00,JELLYJELLY-USDT-SWAP,219961500.0,1757213052586
2025-09-07 02:44:12.580000+00:00,JOE-USDT-SWAP,7307750.0,1757213052580
2025-09-07 02:44:12.594000+00:00,JTO-USDT-SWAP,2921097.0,1757213052594
2025-09-07 02:44:12.586000+00:00,JUP-USDT-SWAP,14395000.0,1757213052586
2025-09-07 02:44:12.985000+00:00,KAITO-USDT-SWAP,3475461.0,1757213052985
2025-09-07 02:44:13.005000+00:00,KMNO-USDT-SWAP,17115400.0,1757213053005
2025-09-07 02:44:12.980000+00:00,KSM-USDT-SWAP,122850.2,1757213052980
2025-09-07 02:44:12.979000+00:00,LA-USDT-SWAP,3200350.0,1757213052979
2025-09-07 02:44:12.984000+00:00,LAUNCHCOIN-USDT-SWAP,40207790.0,1757213052984
2025-09-07 02:44:12.991000+00:00,LAYER-USDT-SWAP,6082927.0,1757213052991
2025-09-07 02:44:12.998000+00:00,LDO-USDT-SWAP,14655779.0,1757213052998
2025-09-07 02:44:12.976000+00:00,LINK-USDT-SWAP,2593382.9,1757213052976
2025-09-07 02:44:12.982000+00:00,LPT-USDT-SWAP,842715.6,1757213052982
2025-09-07 02:44:12.983000+00:00,LQTY-USDT-SWAP,1570392.0,1757213052983
2025-09-07 02:44:13.389000+00:00,LRC-USDT-SWAP,17803980.0,1757213053389
2025-09-07 02:44:13.388000+00:00,LTC-USDT-SWAP,633312.3,1757213053388
2025-09-07 02:44:13.390000+00:00,LUNA-USDT-SWAP,15448716.0,1757213053390
2025-09-07 02:44:13.401000+00:00,LUNC-USDT-SWAP,33164670000.0,1757213053401
2025-09-07 02:44:13.382000+00:00,MAGIC-USDT-SWAP,19571410.0,1757213053382
2025-09-07 02:44:13.400000+00:00,MAJOR-USDT-SWAP,4780721.0,1757213053400
2025-09-07 02:44:13.394000+00:00,MANA-USDT-SWAP,10407560.0,1757213053394
2025-09-07 02:44:13.391000+00:00,MASK-USDT-SWAP,3092818.0,1757213053391
2025-09-07 02:44:13.396000+00:00,ME-USDT-SWAP,3026218.0,1757213053396
2025-09-07 02:44:13.395000+00:00,MEME-USDT-SWAP,1905394900.0,1757213053395
2025-09-07 02:44:13.804000+00:00,MERL-USDT-SWAP,60346066.0,1757213053804
2025-09-07 02:44:13.799000+00:00,METIS-USDT-SWAP,96030.5,1757213053799
2025-09-07 02:44:13.796000+00:00,MEW-USDT-SWAP,1014087000.0,1757213053796
2025-09-07 02:44:13.808000+00:00,MINA-USDT-SWAP,7221571.0,1757213053808
2025-09-07 02:44:13.803000+00:00,MOG-USDT-SWAP,674096000000.0,1757213053803
2025-09-07 02:44:13.801000+00:00,MOODENG-USDT-SWAP,47508260.0,1757213053801
2025-09-07 02:44:13.790000+00:00,MORPHO-USDT-SWAP,1349388.0,1757213053790
2025-09-07 02:44:13.805000+00:00,MOVE-USDT-SWAP,29508200.0,1757213053805
2025-09-07 02:44:13.803000+00:00,MUBARAK-USDT-SWAP,13287700.0,1757213053803
2025-09-07 02:44:14.224000+00:00,NEAR-USDT-SWAP,5416777.000000001,1757213054224
2025-09-07 02:44:14.238000+00:00,NEIRO-USDT-SWAP,9136299000.0,1757213054238
2025-09-07 02:44:14.236000+00:00,NEIROETH-USDT-SWAP,22904100.0,1757213054236
2025-09-07 02:44:14.240000+00:00,NEO-USDT-SWAP,311012.0,1757213054240
2025-09-07 02:44:14.224000+00:00,NEWT-USDT-SWAP,3741330.0,1757213054224
2025-09-07 02:44:14.243000+00:00,NMR-USDT-SWAP,678690.6,1757213054243
2025-09-07 02:44:14.240000+00:00,NOT-USDT-SWAP,1747619500.0,1757213054240
2025-09-07 02:44:14.221000+00:00,NXPC-USDT-SWAP,820622.0,1757213054221
2025-09-07 02:44:14.235000+00:00,OL-USDT-SWAP,90373960.0,1757213054235
2025-09-07 02:44:14.235000+00:00,OM-USDT-SWAP,26070561.0,1757213054235
2025-09-07 02:44:14.641000+00:00,ONDO-USDT-SWAP,19543650.0,1757213054641
2025-09-07 02:44:14.635000+00:00,ONE-USDT-SWAP,78248400.0,1757213054635
2025-09-07 02:44:14.647000+00:00,ONT-USDT-SWAP,14262060.0,1757213054647
2025-09-07 02:44:14.639000+00:00,OP-USDT-SWAP,19864787.0,1757213054639
2025-09-07 02:44:14.648000+00:00,ORBS-USDT-SWAP,25890300.0,1757213054648
2025-09-07 02:44:14.650000+00:00,ORDI-USDT-SWAP,1171685.6,1757213054650
2025-09-07 02:44:14.637000+00:00,PARTI-USDT-SWAP,13687420.0,1757213054637
2025-09-07 02:44:14.673000+00:00,PENGU-USDT-SWAP,557040800.0,1757213054673
2025-09-07 02:44:14.639000+00:00,PEOPLE-USDT-SWAP,304434800.0,1757213054639
2025-09-07 02:44:14.640000+00:00,PEPE-USDT-SWAP,6531292000000.004,1757213054640
2025-09-07 02:44:15.056000+00:00,PERP-USDT-SWAP,2461507.0,1757213055056
2025-09-07 02:44:15.060000+00:00,PI-USDT-SWAP,33538832.0,1757213055060
2025-09-07 02:44:15.065000+00:00,PLUME-USDT-SWAP,14093110.0,1757213055065
2025-09-07 02:44:15.066000+00:00,PNUT-USDT-SWAP,37731340.0,1757213055066
2025-09-07 02:44:15.063000+00:00,POL-USDT-SWAP,39129490.0,1757213055063
2025-09-07 02:44:15.072000+00:00,POPCAT-USDT-SWAP,10686450.0,1757213055072
2025-09-07 02:44:15.065000+00:00,PRCL-USDT-SWAP,20830574.0,1757213055065
2025-09-07 02:44:15.053000+00:00,PROMPT-USDT-SWAP,30907530.0,1757213055053
2025-09-07 02:44:15.062000+00:00,PUMP-USDT-SWAP,6728078000.0,1757213055062
2025-09-07 02:44:15.062000+00:00,PYTH-USDT-SWAP,48999740.0,1757213055062
2025-09-07 02:44:15.472000+00:00,QTUM-USDT-SWAP,1522625.0,1757213055472
2025-09-07 02:44:15.487000+00:00,RAY-USDT-SWAP,957601.0,1757213055487
2025-09-07 02:44:15.477000+00:00,RENDER-USDT-SWAP,1392081.0,1757213055477
2025-09-07 02:44:15.487000+00:00,RESOLV-USDT-SWAP,27694170.0,1757213055487
2025-09-07 02:44:15.484000+00:00,RSR-USDT-SWAP,251890500.0,1757213055484
2025-09-07 02:44:15.479000+00:00,RVN-USDT-SWAP,84011450.0,1757213055479
2025-09-07 02:44:15.485000+00:00,S-USDT-SWAP,13654530.0,1757213055485
2025-09-07 02:44:15.483000+00:00,SAHARA-USDT-SWAP,55912480.0,1757213055483
2025-09-07 02:44:15.476000+00:00,SAND-USDT-SWAP,19489760.0,1757213055476
2025-09-07 02:44:15.480000+00:00,SATS-USDT-SWAP,171968120000000.0,1757213055480
2025-09-07 02:44:15.873000+00:00,SCR-USDT-SWAP,3260894.0,1757213055873
2025-09-07 02:44:15.879000+00:00,SHELL-USDT-SWAP,5684060.0,1757213055879
2025-09-07 02:44:15.881000+00:00,SHIB-USDT-SWAP,1311592700000.0002,1757213055881
2025-09-07 02:44:15.887000+00:00,SIGN-USDT-SWAP,45432100.0,1757213055887
2025-09-07 02:44:15.878000+00:00,SLP-USDT-SWAP,453106090.0,1757213055878
2025-09-07 02:44:15.884000+00:00,SNX-USDT-SWAP,2458635.0,1757213055884
2025-09-07 02:44:15.889000+00:00,SOL-USDT-SWAP,3419196.950000001,1757213055889
2025-09-07 02:44:15.882000+00:00,SOLV-USDT-SWAP,50163000.0,1757213055882
2025-09-07 02:44:15.883000+00:00,SONIC-USDT-SWAP,7187355.0,1757213055883
2025-09-07 02:44:15.921000+00:00,SOON-USDT-SWAP,8619360.0,1757213055921
2025-09-07 02:44:16.321000+00:00,SOPH-USDT-SWAP,89948900.0,1757213056321
2025-09-07 02:44:16.313000+00:00,SPK-USDT-SWAP,138605700.0,1757213056313
2025-09-07 02:44:16.307000+00:00,SPX-USDT-SWAP,1140765.0,1757213056307
2025-09-07 02:44:16.313000+00:00,SSV-USDT-SWAP,292615.2,1757213056313
2025-09-07 02:44:16.358000+00:00,STORJ-USDT-SWAP,5555850.0,1757213056358
2025-09-07 02:44:16.339000+00:00,STRK-USDT-SWAP,25914811.0,1757213056339
2025-09-07 02:44:16.320000+00:00,STX-USDT-SWAP,6682227.0,1757213056320
2025-09-07 02:44:16.316000+00:00,SUI-USDT-SWAP,20852983.0,1757213056316
2025-09-07 02:44:16.316000+00:00,SUSHI-USDT-SWAP,8050834.0,1757213056316
2025-09-07 02:44:16.316000+00:00,SWARMS-USDT-SWAP,80157750.0,1757213056316
2025-09-07 02:44:16.783000+00:00,SYRUP-USDT-SWAP,3210050.0,1757213056783
2025-09-07 02:44:16.776000+00:00,T-USDT-SWAP,39529000.0,1757213056776
2025-09-07 02:44:16.774000+00:00,TAO-USDT-SWAP,15734.77,1757213056774
2025-09-07 02:44:16.789000+00:00,THETA-USDT-SWAP,2631198.0,1757213056789
2025-09-07 02:44:16.766000+00:00,TIA-USDT-SWAP,5243837.0,1757213056766
2025-09-07 02:44:16.776000+00:00,TNSR-USDT-SWAP,8369375.0,1757213056776
2025-09-07 02:44:16.775000+00:00,TON-USDT-SWAP,9761063.0,1757213056775
2025-09-07 02:44:16.764000+00:00,TRB-USDT-SWAP,281877.2,1757213056764
2025-09-07 02:44:16.775000+00:00,TREE-USDT-SWAP,7637630.0,1757213056775
2025-09-07 02:44:16.784000+00:00,TRUMP-USDT-SWAP,5411283.6,1757213056784
2025-09-07 02:44:17.182000+00:00,TRX-USDT-SWAP,104710010.00000004,1757213057182
2025-09-07 02:44:17.175000+00:00,TURBO-USDT-SWAP,828107000.0000001,1757213057175
2025-09-07 02:44:17.199000+00:00,UMA-USDT-SWAP,1510893.5,1757213057199
2025-09-07 02:44:17.183000+00:00,UNI-USDT-SWAP,3120365.0,1757213057183
2025-09-07 02:44:17.180000+00:00,USDC-USDT-SWAP,1028240.0,1757213057180
2025-09-07 02:44:17.199000+00:00,USELESS-USDT-SWAP,17458320.0,1757213057199
2025-09-07 02:44:17.185000+00:00,USTC-USDT-SWAP,146992300.0,1757213057185
2025-09-07 02:44:17.173000+00:00,UXLINK-USDT-SWAP,5592270.0,1757213057173
2025-09-07 02:44:17.180000+00:00,VANA-USDT-SWAP,133670.9,1757213057180
2025-09-07 02:44:17.183000+00:00,VINE-USDT-SWAP,103922190.0,1757213057183
2025-09-07 02:44:17.587000+00:00,VIRTUAL-USDT-SWAP,3265687.0,1757213057587
2025-09-07 02:44:17.590000+00:00,W-USDT-SWAP,48564177.0,1757213057590
2025-09-07 02:44:17.592000+00:00,WAL-USDT-SWAP,2148070.0,1757213057592
2025-09-07 02:44:17.588000+00:00,WAXP-USDT-SWAP,27645000.0,1757213057588
2025-09-07 02:44:17.588000+00:00,WCT-USDT-SWAP,10382870.0,1757213057588
2025-09-07 02:44:17.597000+00:00,WIF-USDT-SWAP,17448935.0,1757213057597
2025-09-07 02:44:17.594000+00:00,WLD-USDT-SWAP,35233803.0,1757213057594
2025-09-07 02:44:17.587000+00:00,WLFI-USDT-SWAP,300983630.0,1757213057587
2025-09-07 02:44:17.596000+00:00,WOO-USDT-SWAP,14942030.0,1757213057596
2025-09-07 02:44:17.598000+00:00,XAUT-USDT-SWAP,5920.234,1757213057598
2025-09-07 02:44:17.983000+00:00,XLM-USDT-SWAP,39024489.99999999,1757213057983
2025-09-07 02:44:17.984000+00:00,XPL-USDT-SWAP,6937100.0,1757213057984
2025-09-07 02:44:17.994000+00:00,XRP-USDT-SWAP,91459714.0,1757213057994
2025-09-07 02:44:17.992000+00:00,XTZ-USDT-SWAP,5699337.0,1757213057992
2025-09-07 02:44:18+00:00,YFI-USDT-SWAP,366.5075,1757213058000
2025-09-07 02:44:18+00:00,YGG-USDT-SWAP,27797725.0,1757213058000
2025-09-07 02:44:17.995000+00:00,ZENT-USDT-SWAP,177427200.0,1757213057995
2025-09-07 02:44:17.991000+00:00,ZEREBRO-USDT-SWAP,77225770.0,1757213057991
2025-09-07 02:44:18.004000+00:00,ZETA-USDT-SWAP,5592270.0,1757213058004
2025-09-07 02:44:17.989000+00:00,ZIL-USDT-SWAP,159580000.0,1757213057989
2025-09-07 02:44:18.397000+00:00,ZK-USDT-SWAP,50624200.0,1757213058397
2025-09-07 02:44:18.387000+00:00,ZRO-USDT-SWAP,2191441.0,1757213058387
2025-09-07 02:44:18.387000+00:00,ZRX-USDT-SWAP,7949840.0,1757213058387
2025-09-07 03:24:53.686000+00:00,1INCH-USDT-SWAP,7737646.0,1757215493686
2025-09-07 03:24:53.689000+00:00,A-USDT-SWAP,9796750.0,1757215493689
2025-09-07 03:24:53.691000+00:00,AAVE-USDT-SWAP,133336.58000000002,1757215493691
2025-09-07 03:24:53.687000+00:00,ACE-USDT-SWAP,1911119.0,1757215493687
2025-09-07 03:24:53.691000+00:00,ACH-USDT-SWAP,76456000.0,1757215493691
2025-09-07 03:24:53.703000+00:00,ACT-USDT-SWAP,80628066.0,1757215493703
2025-09-07 03:24:53.667000+00:00,ADA-USDT-SWAP,77016060.00000001,1757215493667
2025-09-07 03:24:53.661000+00:00,AERO-USDT-SWAP,1638340.0,1757215493661
2025-09-07 03:24:53.682000+00:00,AEVO-USDT-SWAP,12944346.0,1757215493682
2025-09-07 03:24:53.682000+00:00,AGLD-USDT-SWAP,1895580.0,1757215493682
2025-09-07 03:24:54.148000+00:00,AI16Z-USDT-SWAP,51283256.0,1757215494148
2025-09-07 03:24:54.138000+00:00,AIXBT-USDT-SWAP,22669370.0,1757215494138
2025-09-07 03:24:54.147000+00:00,ALCH-USDT-SWAP,23001170.0,1757215494147
2025-09-07 03:24:54.142000+00:00,ALGO-USDT-SWAP,28175160.0,1757215494142
2025-09-07 03:24:54.154000+00:00,ANIME-USDT-SWAP,113108280.0,1757215494154
2025-09-07 03:24:54.154000+00:00,APE-USDT-SWAP,8026852.0,1757215494154
2025-09-07 03:24:54.143000+00:00,API3-USDT-SWAP,4927577.0,1757215494143
2025-09-07 03:24:54.146000+00:00,APT-USDT-SWAP,3701694.0,1757215494146
2025-09-07 03:24:54.144000+00:00,AR-USDT-SWAP,530282.3,1757215494144
2025-09-07 03:24:54.147000+00:00,ARB-USDT-SWAP,33390433.999999993,1757215494147
2025-09-07 03:24:54.587000+00:00,ARC-USDT-SWAP,60895830.0,1757215494587
2025-09-07 03:24:54.578000+00:00,ARKM-USDT-SWAP,3503230.0,1757215494578
2025-09-07 03:24:54.591000+00:00,ATH-USDT-SWAP,141355100.0,1757215494591
2025-09-07 03:24:54.587000+00:00,ATOM-USDT-SWAP,1842664.0,1757215494587
2025-09-07 03:24:54.607000+00:00,AUCTION-USDT-SWAP,211350.9,1757215494607
2025-09-07 03:24:54.589000+00:00,AVAAI-USDT-SWAP,53665250.0,1757215494589
2025-09-07 03:24:54.585000+00:00,AVAX-USDT-SWAP,1843899.9000000001,1757215494585
2025-09-07 03:24:54.586000+00:00,AXS-USDT-SWAP,1186026.1,1757215494586
2025-09-07 03:24:54.595000+00:00,BABY-USDT-SWAP,39413550.0,1757215494595
2025-09-07 03:24:54.590000+00:00,BAND-USDT-SWAP,1740058.0,1757215494590
2025-09-07 03:24:55.070000+00:00,BAT-USDT-SWAP,5705350.0,1757215495070
2025-09-07 03:24:55.024000+00:00,BCH-USDT-SWAP,82041.21999999997,1757215495024
2025-09-07 03:24:55.039000+00:00,BERA-USDT-SWAP,2346206.6,1757215495039
2025-09-07 03:24:55.032000+00:00,BICO-USDT-SWAP,7013506.0,1757215495032
2025-09-07 03:24:55.041000+00:00,BIGTIME-USDT-SWAP,40407260.0,1757215495041
2025-09-07 03:24:55.032000+00:00,BIO-USDT-SWAP,74337900.0,1757215495032
2025-09-07 03:24:55.038000+00:00,BLUR-USDT-SWAP,23708420.0,1757215495038
2025-09-07 03:24:55.052000+00:00,BNB-USDT-SWAP,89763.4,1757215495052
2025-09-07 03:24:55.037000+00:00,BNT-USDT-SWAP,693740.0,1757215495037
2025-09-07 03:24:55.043000+00:00,BOME-USDT-SWAP,1344363000.0,1757215495043
2025-09-07 03:24:55.546000+00:00,BONK-USDT-SWAP,483733400000.0,1757215495546
2025-09-07 03:24:55.549000+00:00,BRETT-USDT-SWAP,13696200.0,1757215495549
2025-09-07 03:24:55.556000+00:00,BTC-USDT-SWAP,27344.753700000056,1757215495556
2025-09-07 03:24:55.555000+00:00,CAT-USDT-SWAP,201440200000.0,1757215495555
2025-09-07 03:24:55.548000+00:00,CATI-USDT-SWAP,17314024.0,1757215495548
2025-09-07 03:24:55.556000+00:00,CELO-USDT-SWAP,4007801.0,1757215495556
2025-09-07 03:24:55.554000+00:00,CETUS-USDT-SWAP,17326400.0,1757215495554
2025-09-07 03:24:55.560000+00:00,CFX-USDT-SWAP,78903300.0,1757215495560
2025-09-07 03:24:55.556000+00:00,CHZ-USDT-SWAP,79630090.0,1757215495556
2025-09-07 03:24:55.561000+00:00,COMP-USDT-SWAP,92533.2,1757215495561
2025-09-07 03:24:55.993000+00:00,COOKIE-USDT-SWAP,4656770.0,1757215495993
2025-09-07 03:24:55.982000+00:00,CORE-USDT-SWAP,10039666.0,1757215495982
2025-09-07 03:24:55.996000+00:00,CRO-USDT-SWAP,67092930.0,1757215495996
2025-09-07 03:24:55.994000+00:00,CRV-USDT-SWAP,25341151.0,1757215495994
2025-09-07 03:24:55.996000+00:00,CTC-USDT-SWAP,1827330.0,1757215495996
2025-09-07 03:24:55.998000+00:00,CVC-USDT-SWAP,10057300.0,1757215495998
2025-09-07 03:24:55.990000+00:00,CVX-USDT-SWAP,304544.0,1757215495990
2025-09-07 03:24:55.991000+00:00,DEGEN-USDT-SWAP,291037000.0,1757215495991
2025-09-07 03:24:55.997000+00:00,DGB-USDT-SWAP,49266200.0,1757215495997
2025-09-07 03:24:55.989000+00:00,DOG-USDT-SWAP,568576000.0,1757215495989
2025-09-07 03:24:56.438000+00:00,DOGE-USDT-SWAP,1393006669.999999,1757215496438
2025-09-07 03:24:56.439000+00:00,DOGS-USDT-SWAP,19080714000.0,1757215496439
2025-09-07 03:24:56.586000+00:00,DOOD-USDT-SWAP,135679000.0,1757215496586
2025-09-07 03:24:56.444000+00:00,DOT-USDT-SWAP,5696494.0,1757215496444
2025-09-07 03:24:56.448000+00:00,DUCK-USDT-SWAP,846321900.0,1757215496448
2025-09-07 03:24:56.460000+00:00,DYDX-USDT-SWAP,9127226.0,1757215496460
2025-09-07 03:24:56.450000+00:00,EGLD-USDT-SWAP,101359.0,1757215496450
2025-09-07 03:24:56.478000+00:00,EIGEN-USDT-SWAP,3647198.0,1757215496478
2025-09-07 03:24:56.459000+00:00,ENJ-USDT-SWAP,12813270.0,1757215496459
2025-09-07 03:24:56.455000+00:00,ENS-USDT-SWAP,352592.0,1757215496455
2025-09-07 03:24:57.018000+00:00,ETC-USDT-SWAP,1096381.1000000006,1757215497018
2025-09-07 03:24:57.013000+00:00,ETH-USDT-SWAP,741539.2820000018,1757215497013
2025-09-07 03:24:57.022000+00:00,ETHFI-USDT-SWAP,8080371.0,1757215497022
2025-09-07 03:24:57.018000+00:00,ETHW-USDT-SWAP,1297708.2,1757215497018
2025-09-07 03:24:57.030000+00:00,FARTCOIN-USDT-SWAP,20502212.0,1757215497030
2025-09-07 03:24:57.017000+00:00,FIL-USDT-SWAP,13865341.4,1757215497017
2025-09-07 03:24:57.023000+00:00,FLM-USDT-SWAP,26195240.0,1757215497023
2025-09-07 03:24:57.029000+00:00,FLOKI-USDT-SWAP,42691100000.0,1757215497029
2025-09-07 03:24:57.019000+00:00,FLOW-USDT-SWAP,4277440.0,1757215497019
2025-09-07 03:24:57.018000+00:00,FXS-USDT-SWAP,253674.0,1757215497018
2025-09-07 03:24:57.469000+00:00,GALA-USDT-SWAP,420582290.0,1757215497469
2025-09-07 03:24:57.460000+00:00,GAS-USDT-SWAP,480196.0,1757215497460
2025-09-07 03:24:57.464000+00:00,GLM-USDT-SWAP,2685540.0,1757215497464
2025-09-07 03:24:57.456000+00:00,GMT-USDT-SWAP,46479358.0,1757215497456
2025-09-07 03:24:57.464000+00:00,GMX-USDT-SWAP,73167.0,1757215497464
2025-09-07 03:24:57.459000+00:00,GOAT-USDT-SWAP,25338870.0,1757215497459
2025-09-07 03:24:57.460000+00:00,GODS-USDT-SWAP,6290377.0,1757215497460
2025-09-07 03:24:57.467000+00:00,GPS-USDT-SWAP,171700950.0,1757215497467
2025-09-07 03:24:57.464000+00:00,GRASS-USDT-SWAP,2702363.0,1757215497464
2025-09-07 03:24:57.474000+00:00,GRIFFAIN-USDT-SWAP,23822080.0,1757215497474
2025-09-07 03:24:57.940000+00:00,GRT-USDT-SWAP,22353850.0,1757215497940
2025-09-07 03:24:57.900000+00:00,H-USDT-SWAP,62346800.0,1757215497900
2025-09-07 03:24:57.915000+00:00,HBAR-USDT-SWAP,73898939.99999999,1757215497915
2025-09-07 03:24:57.906000+00:00,HMSTR-USDT-SWAP,944543300.0,1757215497906
2025-09-07 03:24:57.914000+00:00,HOME-USDT-SWAP,25320000.0,1757215497914
2025-09-07 03:24:57.930000+00:00,HUMA-USDT-SWAP,87709500.0,1757215497930
2025-09-07 03:24:57.904000+00:00,HYPE-USDT-SWAP,797647.9,1757215497904
2025-09-07 03:24:57.915000+00:00,ICP-USDT-SWAP,1224747.1,1757215497915
2025-09-07 03:24:57.910000+00:00,ICX-USDT-SWAP,6334070.0,1757215497910
2025-09-07 03:24:57.912000+00:00,IMX-USDT-SWAP,6607943.0,1757215497912
2025-09-07 03:24:58.369000+00:00,INIT-USDT-SWAP,2456990.0,1757215498369
2025-09-07 03:24:58.366000+00:00,INJ-USDT-SWAP,852634.2,1757215498366
2025-09-07 03:24:58.381000+00:00,IOST-USDT-SWAP,312087000.0,1757215498381
2025-09-07 03:24:58.370000+00:00,IOTA-USDT-SWAP,15840110.0,1757215498370
2025-09-07 03:24:58.382000+00:00,IP-USDT-SWAP,2948962.0,1757215498382
2025-09-07 03:24:58.382000+00:00,JELLYJELLY-USDT-SWAP,218874200.0,1757215498382
2025-09-07 03:24:58.377000+00:00,JOE-USDT-SWAP,7292090.0,1757215498377
2025-09-07 03:24:58.374000+00:00,JTO-USDT-SWAP,2919774.0,1757215498374
2025-09-07 03:24:58.397000+00:00,JUP-USDT-SWAP,14407050.0,1757215498397
2025-09-07 03:24:58.865000+00:00,KAITO-USDT-SWAP,3431978.0,1757215498865
2025-09-07 03:24:58.819000+00:00,KMNO-USDT-SWAP,17068100.0,1757215498819
2025-09-07 03:24:58.832000+00:00,KSM-USDT-SWAP,122758.9,1757215498832
2025-09-07 03:24:58.827000+00:00,LA-USDT-SWAP,3173920.0,1757215498827
2025-09-07 03:24:58.846000+00:00,LAUNCHCOIN-USDT-SWAP,39795750.0,1757215498846
2025-09-07 03:24:58.837000+00:00,LAYER-USDT-SWAP,6102610.0,1757215498837
2025-09-07 03:24:58.830000+00:00,LDO-USDT-SWAP,14652632.0,1757215498830
2025-09-07 03:24:58.830000+00:00,LINK-USDT-SWAP,2581328.7,1757215498830
2025-09-07 03:24:58.829000+00:00,LPT-USDT-SWAP,840935.1,1757215498829
2025-09-07 03:24:58.835000+00:00,LQTY-USDT-SWAP,1563829.0,1757215498835
2025-09-07 03:24:59.320000+00:00,LRC-USDT-SWAP,17686520.0,1757215499320
2025-09-07 03:24:59.315000+00:00,LTC-USDT-SWAP,635343.2999999999,1757215499315
2025-09-07 03:24:59.324000+00:00,LUNA-USDT-SWAP,15469507.0,1757215499324
2025-09-07 03:24:59.325000+00:00,LUNC-USDT-SWAP,33107880000.0,1757215499325
2025-09-07 03:24:59.323000+00:00,MAGIC-USDT-SWAP,19672043.0,1757215499323
2025-09-07 03:24:59.324000+00:00,MAJOR-USDT-SWAP,4777251.0,1757215499324
2025-09-07 03:24:59.324000+00:00,MANA-USDT-SWAP,10392450.0,1757215499324
2025-09-07 03:24:59.322000+00:00,MASK-USDT-SWAP,3091557.0,1757215499322
2025-09-07 03:24:59.326000+00:00,ME-USDT-SWAP,3025450.0,1757215499326
2025-09-07 03:24:59.332000+00:00,MEME-USDT-SWAP,1899377200.0,1757215499332
2025-09-07 03:24:59.772000+00:00,MERL-USDT-SWAP,59990173.0,1757215499772
2025-09-07 03:24:59.762000+00:00,METIS-USDT-SWAP,96107.1,1757215499762
2025-09-07 03:24:59.765000+00:00,MEW-USDT-SWAP,1013588000.0,1757215499765
2025-09-07 03:24:59.768000+00:00,MINA-USDT-SWAP,7181779.0,1757215499768
2025-09-07 03:24:59.759000+00:00,MOG-USDT-SWAP,685902000000.0,1757215499759
2025-09-07 03:24:59.775000+00:00,MOODENG-USDT-SWAP,47662480.0,1757215499775
2025-09-07 03:24:59.802000+00:00,MORPHO-USDT-SWAP,1349442.0,1757215499802
2025-09-07 03:24:59.760000+00:00,MOVE-USDT-SWAP,29529410.0,1757215499760
2025-09-07 03:24:59.782000+00:00,MUBARAK-USDT-SWAP,13390700.0,1757215499782
2025-09-07 03:25:00.241000+00:00,NEAR-USDT-SWAP,5434505.000000001,1757215500241
2025-09-07 03:25:00.238000+00:00,NEIRO-USDT-SWAP,9126810000.0,1757215500238
2025-09-07 03:25:00.244000+00:00,NEIROETH-USDT-SWAP,24026700.0,1757215500244
2025-09-07 03:25:00.237000+00:00,NEO-USDT-SWAP,311215.0,1757215500237
2025-09-07 03:25:00.250000+00:00,NEWT-USDT-SWAP,3730550.0,1757215500250
2025-09-07 03:25:00.248000+00:00,NMR-USDT-SWAP,684840.1,1757215500248
2025-09-07 03:25:00.241000+00:00,NOT-USDT-SWAP,1747307200.0,1757215500241
2025-09-07 03:25:00.245000+00:00,NXPC-USDT-SWAP,826250.0,1757215500245
2025-09-07 03:25:00.238000+00:00,OL-USDT-SWAP,90901960.0,1757215500238
2025-09-07 03:25:00.253000+00:00,OM-USDT-SWAP,26157682.0,1757215500253
2025-09-07 03:25:00.695000+00:00,ONDO-USDT-SWAP,19596710.0,1757215500695
2025-09-07 03:25:00.694000+00:00,ONE-USDT-SWAP,78311700.0,1757215500694
2025-09-07 03:25:00.697000+00:00,ONT-USDT-SWAP,14265380.0,1757215500697
2025-09-07 03:25:00.703000+00:00,OP-USDT-SWAP,20361681.0,1757215500703
2025-09-07 03:25:00.695000+00:00,ORBS-USDT-SWAP,25924600.0,1757215500695
2025-09-07 03:25:00.695000+00:00,ORDI-USDT-SWAP,1170214.0,1757215500695
2025-09-07 03:25:00.691000+00:00,PARTI-USDT-SWAP,13691900.0,1757215500691
2025-09-07 03:25:00.696000+00:00,PENGU-USDT-SWAP,561506000.0,1757215500696
2025-09-07 03:25:00.704000+00:00,PEOPLE-USDT-SWAP,304353700.0,1757215500704
2025-09-07 03:25:00.710000+00:00,PEPE-USDT-SWAP,6543144000000.004,1757215500710
2025-09-07 03:25:01.145000+00:00,PERP-USDT-SWAP,2460828.0,1757215501145
2025-09-07 03:25:01.136000+00:00,PI-USDT-SWAP,33417742.0,1757215501136
2025-09-07 03:25:01.146000+00:00,PLUME-USDT-SWAP,14236050.0,1757215501146
2025-09-07 03:25:01.140000+00:00,PNUT-USDT-SWAP,37824400.0,1757215501140
2025-09-07 03:25:01.164000+00:00,POL-USDT-SWAP,39145860.0,1757215501164
2025-09-07 03:25:01.142000+00:00,POPCAT-USDT-SWAP,10762450.0,1757215501142
2025-09-07 03:25:01.313000+00:00,PRCL-USDT-SWAP,21259093.0,1757215501313
2025-09-07 03:25:01.155000+00:00,PROMPT-USDT-SWAP,30830660.0,1757215501155
2025-09-07 03:25:01.142000+00:00,PUMP-USDT-SWAP,6729473000.0,1757215501142
2025-09-07 03:25:01.152000+00:00,PYTH-USDT-SWAP,48583720.0,1757215501152
2025-09-07 03:25:01.754000+00:00,QTUM-USDT-SWAP,1521166.0,1757215501754
2025-09-07 03:25:01.752000+00:00,RAY-USDT-SWAP,952155.0,1757215501752
2025-09-07 03:25:01.753000+00:00,RENDER-USDT-SWAP,1390825.0,1757215501753
2025-09-07 03:25:01.748000+00:00,RESOLV-USDT-SWAP,27867620.0,1757215501748
2025-09-07 03:25:01.742000+00:00,RSR-USDT-SWAP,251684700.0,1757215501742
2025-09-07 03:25:01.747000+00:00,RVN-USDT-SWAP,83455790.0,1757215501747
2025-09-07 03:25:01.742000+00:00,S-USDT-SWAP,13716490.0,1757215501742
2025-09-07 03:25:01.754000+00:00,SAHARA-USDT-SWAP,55783130.0,1757215501754
2025-09-07 03:25:01.929000+00:00,SAND-USDT-SWAP,19573390.0,1757215501929
2025-09-07 03:25:01.751000+00:00,SATS-USDT-SWAP,171758280000000.0,1757215501751
2025-09-07 03:25:02.370000+00:00,SCR-USDT-SWAP,3261986.0,1757215502370
2025-09-07 03:25:02.356000+00:00,SHELL-USDT-SWAP,5719020.0,1757215502356
2025-09-07 03:25:02.363000+00:00,SHIB-USDT-SWAP,1312329300000.0,1757215502363
2025-09-07 03:25:02.354000+00:00,SIGN-USDT-SWAP,45454700.0,1757215502354
2025-09-07 03:25:02.363000+00:00,SLP-USDT-SWAP,452800440.0,1757215502363
2025-09-07 03:25:02.353000+00:00,SNX-USDT-SWAP,2449957.0,1757215502353
2025-09-07 03:25:02.359000+00:00,SOL-USDT-SWAP,3420402.680000001,1757215502359
2025-09-07 03:25:02.357000+00:00,SOLV-USDT-SWAP,50181100.0,1757215502357
2025-09-07 03:25:02.362000+00:00,SONIC-USDT-SWAP,7185121.0,1757215502362
2025-09-07 03:25:02.360000+00:00,SOON-USDT-SWAP,8587310.0,1757215502360
2025-09-07 03:25:02.817000+00:00,SOPH-USDT-SWAP,89934200.0,1757215502817
2025-09-07 03:25:02.817000+00:00,SPK-USDT-SWAP,138331200.0,1757215502817
2025-09-07 03:25:02.822000+00:00,SPX-USDT-SWAP,1146911.0,1757215502822
2025-09-07 03:25:02.816000+00:00,SSV-USDT-SWAP,294362.7,1757215502816
2025-09-07 03:25:02.827000+00:00,STORJ-USDT-SWAP,5554390.0,1757215502827
2025-09-07 03:25:02.818000+00:00,STRK-USDT-SWAP,26023212.0,1757215502818
2025-09-07 03:25:02.829000+00:00,STX-USDT-SWAP,6682246.000000001,1757215502829
2025-09-07 03:25:02.815000+00:00,SUI-USDT-SWAP,20845216.0,1757215502815
2025-09-07 03:25:02.815000+00:00,SUSHI-USDT-SWAP,8127919.0,1757215502815
2025-09-07 03:25:02.827000+00:00,SWARMS-USDT-SWAP,80302230.0,1757215502827
2025-09-07 03:25:03.269000+00:00,SYRUP-USDT-SWAP,3215110.0,1757215503269
2025-09-07 03:25:03.256000+00:00,T-USDT-SWAP,39503200.0,1757215503256
2025-09-07 03:25:03.259000+00:00,TAO-USDT-SWAP,15707.13,1757215503259
2025-09-07 03:25:03.269000+00:00,THETA-USDT-SWAP,2629747.0,1757215503269
2025-09-07 03:25:03.267000+00:00,TIA-USDT-SWAP,5248770.0,1757215503267
2025-09-07 03:25:03.277000+00:00,TNSR-USDT-SWAP,8376569.0,1757215503277
2025-09-07 03:25:03.266000+00:00,TON-USDT-SWAP,9777963.0,1757215503266
2025-09-07 03:25:03.268000+00:00,TRB-USDT-SWAP,282882.7,1757215503268
2025-09-07 03:25:03.266000+00:00,TREE-USDT-SWAP,7650167.0,1757215503266
2025-09-07 03:25:03.273000+00:00,TRUMP-USDT-SWAP,5418297.4,1757215503273
2025-09-07 03:25:03.718000+00:00,TRX-USDT-SWAP,108129240.00000004,1757215503718
2025-09-07 03:25:03.718000+00:00,TURBO-USDT-SWAP,829641000.0000001,1757215503718
2025-09-07 03:25:03.718000+00:00,UMA-USDT-SWAP,1509841.4,1757215503718
2025-09-07 03:25:03.714000+00:00,UNI-USDT-SWAP,3116078.0,1757215503714
2025-09-07 03:25:03.720000+00:00,USDC-USDT-SWAP,1024830.0,1757215503720
2025-09-07 03:25:03.725000+00:00,USELESS-USDT-SWAP,17531650.0,1757215503725
2025-09-07 03:25:03.724000+00:00,USTC-USDT-SWAP,146800000.0,1757215503724
2025-09-07 03:25:03.713000+00:00,UXLINK-USDT-SWAP,5587660.0,1757215503713
2025-09-07 03:25:03.719000+00:00,VANA-USDT-SWAP,133203.5,1757215503719
2025-09-07 03:25:03.729000+00:00,VINE-USDT-SWAP,103805070.0,1757215503729
2025-09-07 03:25:04.179000+00:00,VIRTUAL-USDT-SWAP,3275076.0,1757215504179
2025-09-07 03:25:04.186000+00:00,W-USDT-SWAP,48427486.0,1757215504186
2025-09-07 03:25:04.193000+00:00,WAL-USDT-SWAP,2151550.0,1757215504193
2025-09-07 03:25:04.178000+00:00,WAXP-USDT-SWAP,27703900.0,1757215504178
2025-09-07 03:25:04.195000+00:00,WCT-USDT-SWAP,10419990.0,1757215504195
2025-09-07 03:25:04.194000+00:00,WIF-USDT-SWAP,17398029.0,1757215504194
2025-09-07 03:25:04.196000+00:00,WLD-USDT-SWAP,34828311.0,1757215504196
2025-09-07 03:25:04.193000+00:00,WLFI-USDT-SWAP,302712140.0,1757215504193
2025-09-07 03:25:04.195000+00:00,WOO-USDT-SWAP,14918380.0,1757215504195
2025-09-07 03:25:04.188000+00:00,XAUT-USDT-SWAP,5973.899,1757215504188
2025-09-07 03:25:04.644000+00:00,XLM-USDT-SWAP,39101609.999999985,1757215504644
2025-09-07 03:25:04.636000+00:00,XPL-USDT-SWAP,6902440.0,1757215504636
2025-09-07 03:25:04.639000+00:00,XRP-USDT-SWAP,91497385.0,1757215504639
2025-09-07 03:25:04.628000+00:00,XTZ-USDT-SWAP,5701632.0,1757215504628
2025-09-07 03:25:04.634000+00:00,YFI-USDT-SWAP,368.1197,1757215504634
2025-09-07 03:25:04.635000+00:00,YGG-USDT-SWAP,27809624.0,1757215504635
2025-09-07 03:25:04.636000+00:00,ZENT-USDT-SWAP,170514000.0,1757215504636
2025-09-07 03:25:04.634000+00:00,ZEREBRO-USDT-SWAP,76773960.0,1757215504634
2025-09-07 03:25:04.645000+00:00,ZETA-USDT-SWAP,5585810.0,1757215504645
2025-09-07 03:25:04.636000+00:00,ZIL-USDT-SWAP,159619400.0,1757215504636
2025-09-07 03:25:05.080000+00:00,ZK-USDT-SWAP,50759730.0,1757215505080
2025-09-07 03:25:05.074000+00:00,ZRO-USDT-SWAP,2189685.0,1757215505074
2025-09-07 03:25:05.087000+00:00,ZRX-USDT-SWAP,8020870.0,1757215505087
2025-09-07 03:26:05.779000+00:00,1INCH-USDT-SWAP,7736287.0,1757215565779
2025-09-07 03:26:05.788000+00:00,A-USDT-SWAP,9796760.0,1757215565788
2025-09-07 03:26:05.784000+00:00,AAVE-USDT-SWAP,133344.32,1757215565784
2025-09-07 03:26:05.790000+00:00,ACE-USDT-SWAP,1911068.0,1757215565790
2025-09-07 03:26:05.787000+00:00,ACH-USDT-SWAP,76474100.0,1757215565787
2025-09-07 03:26:05.788000+00:00,ACT-USDT-SWAP,80620527.0,1757215565788
2025-09-07 03:26:05.777000+00:00,ADA-USDT-SWAP,77180260.00000001,1757215565777
2025-09-07 03:26:05.786000+00:00,AERO-USDT-SWAP,1638380.0,1757215565786
2025-09-07 03:26:05.784000+00:00,AEVO-USDT-SWAP,12944544.0,1757215565784
2025-09-07 03:26:05.791000+00:00,AGLD-USDT-SWAP,1895785.0,1757215565791
2025-09-07 03:26:06.256000+00:00,AI16Z-USDT-SWAP,51282864.0,1757215566256
2025-09-07 03:26:06.269000+00:00,AIXBT-USDT-SWAP,22710550.0,1757215566269
2025-09-07 03:26:06.267000+00:00,ALCH-USDT-SWAP,23001180.0,1757215566267
2025-09-07 03:26:06.739000+00:00,ALGO-USDT-SWAP,28176480.0,1757215566739
2025-09-07 03:26:06.267000+00:00,ANIME-USDT-SWAP,113107700.0,1757215566267
2025-09-07 03:26:06.280000+00:00,APE-USDT-SWAP,8026858.5,1757215566280
2025-09-07 03:26:06.267000+00:00,API3-USDT-SWAP,4927270.0,1757215566267
2025-09-07 03:26:06.274000+00:00,APT-USDT-SWAP,3701819.0,1757215566274
2025-09-07 03:26:06.270000+00:00,AR-USDT-SWAP,530010.8,1757215566270
2025-09-07 03:26:06.269000+00:00,ARB-USDT-SWAP,33394307.999999993,1757215566269
2025-09-07 03:26:07.182000+00:00,ARC-USDT-SWAP,60858830.0,1757215567182
2025-09-07 03:26:07.187000+00:00,ARKM-USDT-SWAP,3503230.0,1757215567187
2025-09-07 03:26:07.187000+00:00,ATH-USDT-SWAP,141384600.0,1757215567187
2025-09-07 03:26:07.190000+00:00,ATOM-USDT-SWAP,1842604.0,1757215567190
2025-09-07 03:26:07.194000+00:00,AUCTION-USDT-SWAP,211353.1,1757215567194
2025-09-07 03:26:07.186000+00:00,AVAAI-USDT-SWAP,53696030.0,1757215567186
2025-09-07 03:26:07.188000+00:00,AVAX-USDT-SWAP,1843842.1000000003,1757215567188
2025-09-07 03:26:07.196000+00:00,AXS-USDT-SWAP,1186108.5,1757215567196
2025-09-07 03:26:07.183000+00:00,BABY-USDT-SWAP,39413030.0,1757215567183
2025-09-07 03:26:07.187000+00:00,BAND-USDT-SWAP,1741730.0,1757215567187
2025-09-07 03:26:07.631000+00:00,BAT-USDT-SWAP,5705350.0,1757215567631
2025-09-07 03:26:07.630000+00:00,BCH-USDT-SWAP,82034.02999999997,1757215567630
2025-09-07 03:26:07.641000+00:00,BERA-USDT-SWAP,2346205.8,1757215567641
2025-09-07 03:26:07.638000+00:00,BICO-USDT-SWAP,7014062.0,1757215567638
2025-09-07 03:26:07.639000+00:00,BIGTIME-USDT-SWAP,40414460.0,1757215567639
2025-09-07 03:26:07.639000+00:00,BIO-USDT-SWAP,74282304.0,1757215567639
2025-09-07 03:26:07.644000+00:00,BLUR-USDT-SWAP,23716190.0,1757215567644
2025-09-07 03:26:07.643000+00:00,BNB-USDT-SWAP,89764.28,1757215567643
2025-09-07 03:26:07.647000+00:00,BNT-USDT-SWAP,694040.0,1757215567647
2025-09-07 03:26:07.649000+00:00,BOME-USDT-SWAP,1344127000.0,1757215567649
2025-09-07 03:26:08.087000+00:00,BONK-USDT-SWAP,483676400000.0,1757215568087
2025-09-07 03:26:08.081000+00:00,BRETT-USDT-SWAP,13696200.0,1757215568081
2025-09-07 03:26:08.170000+00:00,BTC-USDT-SWAP,27321.99250000006,1757215568170
2025-09-07 03:26:08.086000+00:00,CAT-USDT-SWAP,201439100000.0,1757215568086
2025-09-07 03:26:08.089000+00:00,CATI-USDT-SWAP,17310290.0,1757215568089
2025-09-07 03:26:08.097000+00:00,CELO-USDT-SWAP,4014939.0,1757215568097
2025-09-07 03:26:08.116000+00:00,CETUS-USDT-SWAP,17324780.0,1757215568116
2025-09-07 03:26:08.084000+00:00,CFX-USDT-SWAP,78897350.0,1757215568084
2025-09-07 03:26:08.088000+00:00,CHZ-USDT-SWAP,79576880.0,1757215568088
2025-09-07 03:26:08.093000+00:00,COMP-USDT-SWAP,92533.2,1757215568093
2025-09-07 03:26:08.595000+00:00,COOKIE-USDT-SWAP,4668450.0,1757215568595
2025-09-07 03:26:08.597000+00:00,CORE-USDT-SWAP,10039717.0,1757215568597
2025-09-07 03:26:08.598000+00:00,CRO-USDT-SWAP,67081830.0,1757215568598
2025-09-07 03:26:08.601000+00:00,CRV-USDT-SWAP,25344232.0,1757215568601
2025-09-07 03:26:08.597000+00:00,CTC-USDT-SWAP,1826860.0,1757215568597
2025-09-07 03:26:08.599000+00:00,CVC-USDT-SWAP,10058600.0,1757215568599
2025-09-07 03:26:08.642000+00:00,CVX-USDT-SWAP,304542.0,1757215568642
2025-09-07 03:26:08.608000+00:00,DEGEN-USDT-SWAP,291037000.0,1757215568608
2025-09-07 03:26:08.599000+00:00,DGB-USDT-SWAP,49256400.0,1757215568599
2025-09-07 03:26:08.604000+00:00,DOG-USDT-SWAP,568576000.0,1757215568604
2025-09-07 03:26:09.091000+00:00,DOGE-USDT-SWAP,1392972799.999999,1757215569091
2025-09-07 03:26:09.080000+00:00,DOGS-USDT-SWAP,19083205000.0,1757215569080
2025-09-07 03:26:09.087000+00:00,DOOD-USDT-SWAP,135679000.0,1757215569087
2025-09-07 03:26:09.083000+00:00,DOT-USDT-SWAP,5697355.0,1757215569083
2025-09-07 03:26:09.091000+00:00,DUCK-USDT-SWAP,846321800.0,1757215569091
2025-09-07 03:26:09.085000+00:00,DYDX-USDT-SWAP,9127505.0,1757215569085
2025-09-07 03:26:09.093000+00:00,EGLD-USDT-SWAP,101365.2,1757215569093
2025-09-07 03:26:09.076000+00:00,EIGEN-USDT-SWAP,3647463.0,1757215569076
2025-09-07 03:26:09.083000+00:00,ENJ-USDT-SWAP,12813270.0,1757215569083
2025-09-07 03:26:09.085000+00:00,ENS-USDT-SWAP,352578.8,1757215569085
2025-09-07 03:26:09.529000+00:00,ETC-USDT-SWAP,1096413.4000000006,1757215569529
2025-09-07 03:26:09.537000+00:00,ETH-USDT-SWAP,741436.3460000018,1757215569537
2025-09-07 03:26:09.532000+00:00,ETHFI-USDT-SWAP,8077892.0,1757215569532
2025-09-07 03:26:09.547000+00:00,ETHW-USDT-SWAP,1297930.4,1757215569547
2025-09-07 03:26:09.568000+00:00,FARTCOIN-USDT-SWAP,20501101.0,1757215569568
2025-09-07 03:26:09.544000+00:00,FIL-USDT-SWAP,13862131.2,1757215569544
2025-09-07 03:26:09.538000+00:00,FLM-USDT-SWAP,26197140.0,1757215569538
2025-09-07 03:26:09.544000+00:00,FLOKI-USDT-SWAP,42696200000.0,1757215569544
2025-09-07 03:26:09.551000+00:00,FLOW-USDT-SWAP,4278660.0,1757215569551
2025-09-07 03:26:09.543000+00:00,FXS-USDT-SWAP,253664.0,1757215569543
2025-09-07 03:26:09.996000+00:00,GALA-USDT-SWAP,420588370.0,1757215569996
2025-09-07 03:26:09.995000+00:00,GAS-USDT-SWAP,480235.0,1757215569995
2025-09-07 03:26:09.997000+00:00,GLM-USDT-SWAP,2686720.0,1757215569997
2025-09-07 03:26:10.009000+00:00,GMT-USDT-SWAP,46479360.0,1757215570009
2025-09-07 03:26:10.001000+00:00,GMX-USDT-SWAP,73167.0,1757215570001
2025-09-07 03:26:10+00:00,GOAT-USDT-SWAP,25338060.0,1757215570000
2025-09-07 03:26:10.046000+00:00,GODS-USDT-SWAP,6293421.0,1757215570046
2025-09-07 03:26:10.008000+00:00,GPS-USDT-SWAP,171751600.0,1757215570008
2025-09-07 03:26:09.998000+00:00,GRASS-USDT-SWAP,2702368.0,1757215569998
2025-09-07 03:26:09.991000+00:00,GRIFFAIN-USDT-SWAP,23832160.0,1757215569991
2025-09-07 03:26:10.475000+00:00,GRT-USDT-SWAP,22352400.0,1757215570475
2025-09-07 03:26:10.477000+00:00,H-USDT-SWAP,62422200.0,1757215570477
2025-09-07 03:26:10.484000+00:00,HBAR-USDT-SWAP,73926290.0,1757215570484
2025-09-07 03:26:10.480000+00:00,HMSTR-USDT-SWAP,945125800.0,1757215570480
2025-09-07 03:26:10.475000+00:00,HOME-USDT-SWAP,25320000.0,1757215570475
2025-09-07 03:26:10.477000+00:00,HUMA-USDT-SWAP,87714400.0,1757215570477
2025-09-07 03:26:10.542000+00:00,HYPE-USDT-SWAP,797475.6,1757215570542
2025-09-07 03:26:10.477000+00:00,ICP-USDT-SWAP,1224484.49,1757215570477
2025-09-07 03:26:10.483000+00:00,ICX-USDT-SWAP,6336810.0,1757215570483
2025-09-07 03:26:10.493000+00:00,IMX-USDT-SWAP,6608172.0,1757215570493
2025-09-07 03:26:10.975000+00:00,INIT-USDT-SWAP,2456610.0,1757215570975
2025-09-07 03:26:10.971000+00:00,INJ-USDT-SWAP,852645.1,1757215570971
2025-09-07 03:26:10.979000+00:00,IOST-USDT-SWAP,312106000.0,1757215570979
2025-09-07 03:26:10.988000+00:00,IOTA-USDT-SWAP,15839720.0,1757215570988
2025-09-07 03:26:10.977000+00:00,IP-USDT-SWAP,2949693.0,1757215570977
2025-09-07 03:26:10.980000+00:00,JELLYJELLY-USDT-SWAP,218831800.0,1757215570980
2025-09-07 03:26:11.017000+00:00,JOE-USDT-SWAP,7292090.0,1757215571017
2025-09-07 03:26:10.991000+00:00,JTO-USDT-SWAP,2919795.0,1757215570991
2025-09-07 03:26:10.978000+00:00,JUP-USDT-SWAP,14413150.0,1757215570978
2025-09-07 03:26:11.440000+00:00,KAITO-USDT-SWAP,3431362.0,1757215571440
2025-09-07 03:26:11.439000+00:00,KMNO-USDT-SWAP,17068100.0,1757215571439
2025-09-07 03:26:11.450000+00:00,KSM-USDT-SWAP,122759.2,1757215571450
2025-09-07 03:26:11.449000+00:00,LA-USDT-SWAP,3172550.0,1757215571449
2025-09-07 03:26:11.449000+00:00,LAUNCHCOIN-USDT-SWAP,39829080.0,1757215571449
2025-09-07 03:26:11.444000+00:00,LAYER-USDT-SWAP,6102133.0,1757215571444
2025-09-07 03:26:11.463000+00:00,LDO-USDT-SWAP,14652748.0,1757215571463
2025-09-07 03:26:11.453000+00:00,LINK-USDT-SWAP,2581093.8,1757215571453
2025-09-07 03:26:11.454000+00:00,LPT-USDT-SWAP,840815.9,1757215571454
2025-09-07 03:26:11.453000+00:00,LQTY-USDT-SWAP,1563683.0,1757215571453
2025-09-07 03:26:11.904000+00:00,LRC-USDT-SWAP,17685070.0,1757215571904
2025-09-07 03:26:11.899000+00:00,LTC-USDT-SWAP,635357.8,1757215571899
2025-09-07 03:26:11.899000+00:00,LUNA-USDT-SWAP,15469958.0,1757215571899
2025-09-07 03:26:11.896000+00:00,LUNC-USDT-SWAP,33107880000.0,1757215571896
2025-09-07 03:26:11.889000+00:00,MAGIC-USDT-SWAP,19671015.0,1757215571889
2025-09-07 03:26:11.893000+00:00,MAJOR-USDT-SWAP,4771618.0,1757215571893
2025-09-07 03:26:11.899000+00:00,MANA-USDT-SWAP,10399210.0,1757215571899
2025-09-07 03:26:11.892000+00:00,MASK-USDT-SWAP,3091590.0,1757215571892
2025-09-07 03:26:11.895000+00:00,ME-USDT-SWAP,3025112.0,1757215571895
2025-09-07 03:26:11.901000+00:00,MEME-USDT-SWAP,1899038500.0,1757215571901
2025-09-07 03:26:12.333000+00:00,MERL-USDT-SWAP,59794758.0,1757215572333
2025-09-07 03:26:12.327000+00:00,METIS-USDT-SWAP,96106.6,1757215572327
2025-09-07 03:26:12.340000+00:00,MEW-USDT-SWAP,1013591000.0,1757215572340
2025-09-07 03:26:12.344000+00:00,MINA-USDT-SWAP,7181779.0,1757215572344
2025-09-07 03:26:12.337000+00:00,MOG-USDT-SWAP,685395000000.0,1757215572337
2025-09-07 03:26:12.346000+00:00,MOODENG-USDT-SWAP,47622850.0,1757215572346
2025-09-07 03:26:12.328000+00:00,MORPHO-USDT-SWAP,1349554.0,1757215572328
2025-09-07 03:26:12.336000+00:00,MOVE-USDT-SWAP,29514940.0,1757215572336
2025-09-07 03:26:12.343000+00:00,MUBARAK-USDT-SWAP,13392000.0,1757215572343
2025-09-07 03:26:12.775000+00:00,NEAR-USDT-SWAP,5435434.000000001,1757215572775
2025-09-07 03:26:12.774000+00:00,NEIRO-USDT-SWAP,9126842000.0,1757215572774
2025-09-07 03:26:12.792000+00:00,NEIROETH-USDT-SWAP,24055100.0,1757215572792
2025-09-07 03:26:12.851000+00:00,NEO-USDT-SWAP,311163.0,1757215572851
2025-09-07 03:26:12.777000+00:00,NEWT-USDT-SWAP,3730500.0,1757215572777
2025-09-07 03:26:12.780000+00:00,NMR-USDT-SWAP,684104.8,1757215572780
2025-09-07 03:26:12.788000+00:00,NOT-USDT-SWAP,1747177400.0,1757215572788
2025-09-07 03:26:12.792000+00:00,NXPC-USDT-SWAP,826250.0,1757215572792
2025-09-07 03:26:12.777000+00:00,OL-USDT-SWAP,90901140.0,1757215572777
2025-09-07 03:26:12.783000+00:00,OM-USDT-SWAP,26157910.0,1757215572783
2025-09-07 03:26:13.279000+00:00,ONDO-USDT-SWAP,19596740.0,1757215573279
2025-09-07 03:26:13.284000+00:00,ONE-USDT-SWAP,78334500.0,1757215573284
2025-09-07 03:26:13.292000+00:00,ONT-USDT-SWAP,14265510.0,1757215573292
2025-09-07 03:26:13.292000+00:00,OP-USDT-SWAP,20360315.0,1757215573292
2025-09-07 03:26:13.287000+00:00,ORBS-USDT-SWAP,25919200.0,1757215573287
2025-09-07 03:26:13.288000+00:00,ORDI-USDT-SWAP,1169845.3,1757215573288
2025-09-07 03:26:13.294000+00:00,PARTI-USDT-SWAP,13698200.0,1757215573294
2025-09-07 03:26:13.280000+00:00,PENGU-USDT-SWAP,561582000.0,1757215573280
2025-09-07 03:26:13.288000+00:00,PEOPLE-USDT-SWAP,304461000.0,1757215573288
2025-09-07 03:26:13.461000+00:00,PEPE-USDT-SWAP,6542965000000.003,1757215573461
2025-09-07 03:26:13.889000+00:00,PERP-USDT-SWAP,2462778.0,1757215573889
2025-09-07 03:26:13.880000+00:00,PI-USDT-SWAP,33406647.0,1757215573880
2025-09-07 03:26:13.895000+00:00,PLUME-USDT-SWAP,14226060.0,1757215573895
2025-09-07 03:26:13.892000+00:00,PNUT-USDT-SWAP,37823610.0,1757215573892
2025-09-07 03:26:13.882000+00:00,POL-USDT-SWAP,39145280.0,1757215573882
2025-09-07 03:26:13.889000+00:00,POPCAT-USDT-SWAP,10762760.0,1757215573889
2025-09-07 03:26:13.889000+00:00,PRCL-USDT-SWAP,21260473.0,1757215573889
2025-09-07 03:26:13.908000+00:00,PROMPT-USDT-SWAP,30844770.0,1757215573908
2025-09-07 03:26:13.896000+00:00,PUMP-USDT-SWAP,6716275000.0,1757215573896
2025-09-07 03:26:13.897000+00:00,PYTH-USDT-SWAP,48577730.0,1757215573897
2025-09-07 03:26:14.363000+00:00,QTUM-USDT-SWAP,1521166.0,1757215574363
2025-09-07 03:26:14.343000+00:00,RAY-USDT-SWAP,952049.0,1757215574343
2025-09-07 03:26:14.454000+00:00,RENDER-USDT-SWAP,1390878.0,1757215574454
2025-09-07 03:26:14.351000+00:00,RESOLV-USDT-SWAP,27867840.0,1757215574351
2025-09-07 03:26:14.335000+00:00,RSR-USDT-SWAP,251681800.0,1757215574335
2025-09-07 03:26:14.343000+00:00,RVN-USDT-SWAP,83455790.0,1757215574343
2025-09-07 03:26:14.355000+00:00,S-USDT-SWAP,13717120.0,1757215574355
2025-09-07 03:26:14.359000+00:00,SAHARA-USDT-SWAP,55785500.0,1757215574359
2025-09-07 03:26:14.348000+00:00,SAND-USDT-SWAP,19570910.0,1757215574348
2025-09-07 03:26:14.359000+00:00,SATS-USDT-SWAP,171716150000000.0,1757215574359
2025-09-07 03:26:14.881000+00:00,SCR-USDT-SWAP,3261986.0,1757215574881
2025-09-07 03:26:14.880000+00:00,SHELL-USDT-SWAP,5719020.0,1757215574880
2025-09-07 03:26:14.890000+00:00,SHIB-USDT-SWAP,1312608400000.0002,1757215574890
2025-09-07 03:26:14.889000+00:00,SIGN-USDT-SWAP,45454400.0,1757215574889
2025-09-07 03:26:14.879000+00:00,SLP-USDT-SWAP,452800440.0,1757215574879
2025-09-07 03:26:14.888000+00:00,SNX-USDT-SWAP,2449897.0,1757215574888
2025-09-07 03:26:14.890000+00:00,SOL-USDT-SWAP,3420265.3100000015,1757215574890
2025-09-07 03:26:14.884000+00:00,SOLV-USDT-SWAP,50181100.0,1757215574884
2025-09-07 03:26:14.883000+00:00,SONIC-USDT-SWAP,7185015.0,1757215574883
2025-09-07 03:26:14.881000+00:00,SOON-USDT-SWAP,8588940.0,1757215574881
2025-09-07 03:26:15.319000+00:00,SOPH-USDT-SWAP,89948600.0,1757215575319
2025-09-07 03:26:15.316000+00:00,SPK-USDT-SWAP,138157600.0,1757215575316
2025-09-07 03:26:15.324000+00:00,SPX-USDT-SWAP,1146759.0,1757215575324
2025-09-07 03:26:15.317000+00:00,SSV-USDT-SWAP,294143.8,1757215575317
2025-09-07 03:26:15.329000+00:00,STORJ-USDT-SWAP,5554470.0,1757215575329
2025-09-07 03:26:15.316000+00:00,STRK-USDT-SWAP,26022207.0,1757215575316
2025-09-07 03:26:15.321000+00:00,STX-USDT-SWAP,6681395.000000001,1757215575321
2025-09-07 03:26:15.334000+00:00,SUI-USDT-SWAP,20847056.0,1757215575334
2025-09-07 03:26:15.326000+00:00,SUSHI-USDT-SWAP,8127972.0,1757215575326
2025-09-07 03:26:15.318000+00:00,SWARMS-USDT-SWAP,80328790.0,1757215575318
2025-09-07 03:26:15.766000+00:00,SYRUP-USDT-SWAP,3216900.0,1757215575766
2025-09-07 03:26:15.796000+00:00,T-USDT-SWAP,39431100.0,1757215575796
2025-09-07 03:26:15.785000+00:00,TAO-USDT-SWAP,15707.31,1757215575785
2025-09-07 03:26:15.783000+00:00,THETA-USDT-SWAP,2629754.0,1757215575783
2025-09-07 03:26:15.773000+00:00,TIA-USDT-SWAP,5248441.0,1757215575773
2025-09-07 03:26:15.777000+00:00,TNSR-USDT-SWAP,8376569.0,1757215575777
2025-09-07 03:26:15.776000+00:00,TON-USDT-SWAP,9777725.0,1757215575776
2025-09-07 03:26:15.771000+00:00,TRB-USDT-SWAP,282892.1,1757215575771
2025-09-07 03:26:15.786000+00:00,TREE-USDT-SWAP,7650287.0,1757215575786
2025-09-07 03:26:15.771000+00:00,TRUMP-USDT-SWAP,5419095.5,1757215575771
2025-09-07 03:26:16.217000+00:00,TRX-USDT-SWAP,108100660.00000003,1757215576217
2025-09-07 03:26:16.257000+00:00,TURBO-USDT-SWAP,829558000.0000002,1757215576257
2025-09-07 03:26:16.232000+00:00,UMA-USDT-SWAP,1510024.0,1757215576232
2025-09-07 03:26:16.226000+00:00,UNI-USDT-SWAP,3116038.0,1757215576226
2025-09-07 03:26:16.234000+00:00,USDC-USDT-SWAP,1029780.0,1757215576234
2025-09-07 03:26:16.222000+00:00,USELESS-USDT-SWAP,17506700.0,1757215576222
2025-09-07 03:26:16.275000+00:00,USTC-USDT-SWAP,146802700.0,1757215576275
2025-09-07 03:26:16.231000+00:00,UXLINK-USDT-SWAP,5587660.0,1757215576231
2025-09-07 03:26:16.222000+00:00,VANA-USDT-SWAP,133196.3,1757215576222
2025-09-07 03:26:16.225000+00:00,VINE-USDT-SWAP,103794450.0,1757215576225
2025-09-07 03:26:16.707000+00:00,VIRTUAL-USDT-SWAP,3275213.0,1757215576707
2025-09-07 03:26:16.707000+00:00,W-USDT-SWAP,48426699.0,1757215576707
2025-09-07 03:26:16.702000+00:00,WAL-USDT-SWAP,2152010.0,1757215576702
2025-09-07 03:26:16.712000+00:00,WAXP-USDT-SWAP,27703900.0,1757215576712
2025-09-07 03:26:16.697000+00:00,WCT-USDT-SWAP,10419990.0,1757215576697
2025-09-07 03:26:16.704000+00:00,WIF-USDT-SWAP,17400916.0,1757215576704
2025-09-07 03:26:16.716000+00:00,WLD-USDT-SWAP,34830635.0,1757215576716
2025-09-07 03:26:16.699000+00:00,WLFI-USDT-SWAP,303570990.0,1757215576699
2025-09-07 03:26:16.709000+00:00,WOO-USDT-SWAP,14915340.0,1757215576709
2025-09-07 03:26:16.713000+00:00,XAUT-USDT-SWAP,5973.89,1757215576713
2025-09-07 03:26:17.147000+00:00,XLM-USDT-SWAP,39091089.999999985,1757215577147
2025-09-07 03:26:17.146000+00:00,XPL-USDT-SWAP,6900160.0,1757215577146
2025-09-07 03:26:17.145000+00:00,XRP-USDT-SWAP,91503166.0,1757215577145
2025-09-07 03:26:17.204000+00:00,XTZ-USDT-SWAP,5701632.0,1757215577204
2025-09-07 03:26:17.150000+00:00,YFI-USDT-SWAP,368.2097,1757215577150
2025-09-07 03:26:17.153000+00:00,YGG-USDT-SWAP,27809428.0,1757215577153
2025-09-07 03:26:17.153000+00:00,ZENT-USDT-SWAP,170349700.0,1757215577153
2025-09-07 03:26:17.163000+00:00,ZEREBRO-USDT-SWAP,76791610.0,1757215577163
2025-09-07 03:26:17.157000+00:00,ZETA-USDT-SWAP,5585290.0,1757215577157
2025-09-07 03:26:17.142000+00:00,ZIL-USDT-SWAP,159651500.0,1757215577142
2025-09-07 03:26:17.630000+00:00,ZK-USDT-SWAP,50755980.0,1757215577630
2025-09-07 03:26:17.642000+00:00,ZRO-USDT-SWAP,2189723.0,1757215577642
2025-09-07 03:26:17.623000+00:00,ZRX-USDT-SWAP,8023080.0,1757215577623
2025-09-07 03:27:18.355000+00:00,1INCH-USDT-SWAP,7736287.0,1757215638355
2025-09-07 03:27:18.337000+00:00,A-USDT-SWAP,9796550.0,1757215638337
2025-09-07 03:27:18.358000+00:00,AAVE-USDT-SWAP,133354.52000000002,1757215638358
2025-09-07 03:27:18.361000+00:00,ACE-USDT-SWAP,1910350.0,1757215638361
2025-09-07 03:27:18.362000+00:00,ACH-USDT-SWAP,76474100.0,1757215638362
2025-09-07 03:27:18.387000+00:00,ACT-USDT-SWAP,80715924.0,1757215638387
2025-09-07 03:27:18.358000+00:00,ADA-USDT-SWAP,77169490.00000001,1757215638358
2025-09-07 03:27:18.358000+00:00,AERO-USDT-SWAP,1638270.0,1757215638358
2025-09-07 03:27:18.378000+00:00,AEVO-USDT-SWAP,12938850.0,1757215638378
2025-09-07 03:27:18.367000+00:00,AGLD-USDT-SWAP,1895730.0,1757215638367
2025-09-07 03:27:18.816000+00:00,AI16Z-USDT-SWAP,51271259.0,1757215638816
2025-09-07 03:27:18.914000+00:00,AIXBT-USDT-SWAP,22710000.0,1757215638914
2025-09-07 03:27:18.828000+00:00,ALCH-USDT-SWAP,23002880.0,1757215638828
2025-09-07 03:27:18.832000+00:00,ALGO-USDT-SWAP,28172630.0,1757215638832
2025-09-07 03:27:18.819000+00:00,ANIME-USDT-SWAP,113123450.0,1757215638819
2025-09-07 03:27:18.833000+00:00,APE-USDT-SWAP,8026871.3,1757215638833
2025-09-07 03:27:18.818000+00:00,API3-USDT-SWAP,4924029.0,1757215638818
2025-09-07 03:27:18.820000+00:00,APT-USDT-SWAP,3701668.0,1757215638820
2025-09-07 03:27:18.826000+00:00,AR-USDT-SWAP,529918.4,1757215638826
2025-09-07 03:27:18.841000+00:00,ARB-USDT-SWAP,33383214.999999993,1757215638841
2025-09-07 03:27:19.335000+00:00,ARC-USDT-SWAP,60836030.0,1757215639335
2025-09-07 03:27:19.348000+00:00,ARKM-USDT-SWAP,3503022.0,1757215639348
2025-09-07 03:27:19.370000+00:00,ATH-USDT-SWAP,141384600.0,1757215639370
2025-09-07 03:27:19.338000+00:00,ATOM-USDT-SWAP,1842596.0,1757215639338
2025-09-07 03:27:19.339000+00:00,AUCTION-USDT-SWAP,211346.3,1757215639339
2025-09-07 03:27:19.356000+00:00,AVAAI-USDT-SWAP,53699600.0,1757215639356
2025-09-07 03:27:19.348000+00:00,AVAX-USDT-SWAP,1843814.2000000002,1757215639348
2025-09-07 03:27:19.352000+00:00,AXS-USDT-SWAP,1186095.2,1757215639352
2025-09-07 03:27:19.346000+00:00,BABY-USDT-SWAP,39409310.0,1757215639346
2025-09-07 03:27:19.356000+00:00,BAND-USDT-SWAP,1741348.0,1757215639356
2025-09-07 03:27:19.802000+00:00,BAT-USDT-SWAP,5705350.0,1757215639802
2025-09-07 03:27:19.792000+00:00,BCH-USDT-SWAP,82024.14999999998,1757215639792
2025-09-07 03:27:19.809000+00:00,BERA-USDT-SWAP,2346532.6,1757215639809
2025-09-07 03:27:19.797000+00:00,BICO-USDT-SWAP,7015622.0,1757215639797
2025-09-07 03:27:19.808000+00:00,BIGTIME-USDT-SWAP,40414250.0,1757215639808
2025-09-07 03:27:19.806000+00:00,BIO-USDT-SWAP,74264126.0,1757215639806
2025-09-07 03:27:19.811000+00:00,BLUR-USDT-SWAP,23721150.0,1757215639811
2025-09-07 03:27:19.799000+00:00,BNB-USDT-SWAP,89768.17,1757215639799
2025-09-07 03:27:19.811000+00:00,BNT-USDT-SWAP,694040.0,1757215639811
2025-09-07 03:27:19.812000+00:00,BOME-USDT-SWAP,1343325000.0,1757215639812
2025-09-07 03:27:20.259000+00:00,BONK-USDT-SWAP,483590400000.0,1757215640259
2025-09-07 03:27:20.259000+00:00,BRETT-USDT-SWAP,13695700.0,1757215640259
2025-09-07 03:27:20.261000+00:00,BTC-USDT-SWAP,27305.72980000006,1757215640261
2025-09-07 03:27:20.259000+00:00,CAT-USDT-SWAP,201415500000.0,1757215640259
2025-09-07 03:27:20.267000+00:00,CATI-USDT-SWAP,17314481.0,1757215640267
2025-09-07 03:27:20.266000+00:00,CELO-USDT-SWAP,4014952.0,1757215640266
2025-09-07 03:27:20.259000+00:00,CETUS-USDT-SWAP,17324820.0,1757215640259
2025-09-07 03:27:20.256000+00:00,CFX-USDT-SWAP,78882880.0,1757215640256
2025-09-07 03:27:20.265000+00:00,CHZ-USDT-SWAP,79574160.0,1757215640265
2025-09-07 03:27:20.289000+00:00,COMP-USDT-SWAP,92533.2,1757215640289
2025-09-07 03:27:20.718000+00:00,COOKIE-USDT-SWAP,4651450.0,1757215640718
2025-09-07 03:27:20.723000+00:00,CORE-USDT-SWAP,10040437.0,1757215640723
2025-09-07 03:27:20.738000+00:00,CRO-USDT-SWAP,67079480.0,1757215640738
2025-09-07 03:27:20.725000+00:00,CRV-USDT-SWAP,25348053.0,1757215640725
2025-09-07 03:27:20.726000+00:00,CTC-USDT-SWAP,1826840.0,1757215640726
2025-09-07 03:27:20.722000+00:00,CVC-USDT-SWAP,10058600.0,1757215640722
2025-09-07 03:27:20.725000+00:00,CVX-USDT-SWAP,304542.0,1757215640725
2025-09-07 03:27:20.721000+00:00,DEGEN-USDT-SWAP,291036900.0,1757215640721
2025-09-07 03:27:20.902000+00:00,DGB-USDT-SWAP,49256400.0,1757215640902
2025-09-07 03:27:20.732000+00:00,DOG-USDT-SWAP,568576000.0,1757215640732
2025-09-07 03:27:21.331000+00:00,DOGE-USDT-SWAP,1392962849.999999,1757215641331
2025-09-07 03:27:21.337000+00:00,DOGS-USDT-SWAP,19083169000.0,1757215641337
2025-09-07 03:27:21.339000+00:00,DOOD-USDT-SWAP,135676000.0,1757215641339
2025-09-07 03:27:21.343000+00:00,DOT-USDT-SWAP,5697261.0,1757215641343
2025-09-07 03:27:21.335000+00:00,DUCK-USDT-SWAP,846135000.0,1757215641335
2025-09-07 03:27:21.340000+00:00,DYDX-USDT-SWAP,9127415.0,1757215641340
2025-09-07 03:27:21.335000+00:00,EGLD-USDT-SWAP,101377.3,1757215641335
2025-09-07 03:27:21.333000+00:00,EIGEN-USDT-SWAP,3628664.0,1757215641333
2025-09-07 03:27:21.348000+00:00,ENJ-USDT-SWAP,12813270.0,1757215641348
2025-09-07 03:27:21.381000+00:00,ENS-USDT-SWAP,352579.4,1757215641381
2025-09-07 03:27:21.809000+00:00,ETC-USDT-SWAP,1096422.5000000005,1757215641809
2025-09-07 03:27:21.799000+00:00,ETH-USDT-SWAP,741362.5410000018,1757215641799
2025-09-07 03:27:21.812000+00:00,ETHFI-USDT-SWAP,8078686.0,1757215641812
2025-09-07 03:27:21.806000+00:00,ETHW-USDT-SWAP,1297768.8,1757215641806
2025-09-07 03:27:21.809000+00:00,FARTCOIN-USDT-SWAP,20503096.0,1757215641809
2025-09-07 03:27:21.819000+00:00,FIL-USDT-SWAP,13858806.8,1757215641819
2025-09-07 03:27:21.815000+00:00,FLM-USDT-SWAP,26197120.0,1757215641815
2025-09-07 03:27:21.810000+00:00,FLOKI-USDT-SWAP,42710900000.0,1757215641810
2025-09-07 03:27:21.809000+00:00,FLOW-USDT-SWAP,4278660.0,1757215641809
2025-09-07 03:27:21.833000+00:00,FXS-USDT-SWAP,253664.0,1757215641833
2025-09-07 03:27:22.258000+00:00,GALA-USDT-SWAP,420327200.0,1757215642258
2025-09-07 03:27:22.268000+00:00,GAS-USDT-SWAP,480235.0,1757215642268
2025-09-07 03:27:22.272000+00:00,GLM-USDT-SWAP,2686720.0,1757215642272
2025-09-07 03:27:22.261000+00:00,GMT-USDT-SWAP,46478980.0,1757215642261
2025-09-07 03:27:22.262000+00:00,GMX-USDT-SWAP,73165.8,1757215642262
2025-09-07 03:27:22.300000+00:00,GOAT-USDT-SWAP,25336540.0,1757215642300
2025-09-07 03:27:22.259000+00:00,GODS-USDT-SWAP,6289683.0,1757215642259
2025-09-07 03:27:22.260000+00:00,GPS-USDT-SWAP,171526420.0,1757215642260
2025-09-07 03:27:22.268000+00:00,GRASS-USDT-SWAP,2702372.0,1757215642268
2025-09-07 03:27:22.265000+00:00,GRIFFAIN-USDT-SWAP,23834640.0,1757215642265
2025-09-07 03:27:22.725000+00:00,GRT-USDT-SWAP,22352350.0,1757215642725
2025-09-07 03:27:22.724000+00:00,H-USDT-SWAP,62453400.0,1757215642724
2025-09-07 03:27:22.739000+00:00,HBAR-USDT-SWAP,73928520.0,1757215642739
2025-09-07 03:27:22.728000+00:00,HMSTR-USDT-SWAP,945524800.0,1757215642728
2025-09-07 03:27:22.739000+00:00,HOME-USDT-SWAP,25320000.0,1757215642739
2025-09-07 03:27:22.737000+00:00,HUMA-USDT-SWAP,87685900.0,1757215642737
2025-09-07 03:27:22.738000+00:00,HYPE-USDT-SWAP,797434.6,1757215642738
2025-09-07 03:27:22.734000+00:00,ICP-USDT-SWAP,1224482.03,1757215642734
2025-09-07 03:27:22.734000+00:00,ICX-USDT-SWAP,6336820.0,1757215642734
2025-09-07 03:27:22.741000+00:00,IMX-USDT-SWAP,6605229.0,1757215642741
2025-09-07 03:27:23.188000+00:00,INIT-USDT-SWAP,2459310.0,1757215643188
2025-09-07 03:27:23.190000+00:00,INJ-USDT-SWAP,852602.5,1757215643190
2025-09-07 03:27:23.200000+00:00,IOST-USDT-SWAP,312106000.0,1757215643200
2025-09-07 03:27:23.192000+00:00,IOTA-USDT-SWAP,15839890.0,1757215643192
2025-09-07 03:27:23.195000+00:00,IP-USDT-SWAP,2948008.0,1757215643195
2025-09-07 03:27:23.195000+00:00,JELLYJELLY-USDT-SWAP,218873600.0,1757215643195
2025-09-07 03:27:23.184000+00:00,JOE-USDT-SWAP,7292170.0,1757215643184
2025-09-07 03:27:23.197000+00:00,JTO-USDT-SWAP,2920446.0,1757215643197
2025-09-07 03:27:23.211000+00:00,JUP-USDT-SWAP,14411590.0,1757215643211
2025-09-07 03:27:23.645000+00:00,KAITO-USDT-SWAP,3429722.0,1757215643645
2025-09-07 03:27:23.646000+00:00,KMNO-USDT-SWAP,17068100.0,1757215643646
2025-09-07 03:27:23.653000+00:00,KSM-USDT-SWAP,122759.2,1757215643653
2025-09-07 03:27:23.647000+00:00,LA-USDT-SWAP,3172550.0,1757215643647
2025-09-07 03:27:23.643000+00:00,LAUNCHCOIN-USDT-SWAP,39826440.0,1757215643643
2025-09-07 03:27:23.657000+00:00,LAYER-USDT-SWAP,6093139.0,1757215643657
2025-09-07 03:27:23.657000+00:00,LDO-USDT-SWAP,14653521.0,1757215643657
2025-09-07 03:27:23.651000+00:00,LINK-USDT-SWAP,2580781.0,1757215643651
2025-09-07 03:27:23.654000+00:00,LPT-USDT-SWAP,840494.5,1757215643654
2025-09-07 03:27:23.657000+00:00,LQTY-USDT-SWAP,1563812.0,1757215643657
2025-09-07 03:27:24.089000+00:00,LRC-USDT-SWAP,17693070.0,1757215644089
2025-09-07 03:27:24.091000+00:00,LTC-USDT-SWAP,635330.4,1757215644091
2025-09-07 03:27:24.106000+00:00,LUNA-USDT-SWAP,15470068.0,1757215644106
2025-09-07 03:27:24.088000+00:00,LUNC-USDT-SWAP,33107880000.0,1757215644088
2025-09-07 03:27:24.110000+00:00,MAGIC-USDT-SWAP,19665027.0,1757215644110
2025-09-07 03:27:24.095000+00:00,MAJOR-USDT-SWAP,4770288.0,1757215644095
2025-09-07 03:27:24.094000+00:00,MANA-USDT-SWAP,10401940.0,1757215644094
2025-09-07 03:27:24.097000+00:00,MASK-USDT-SWAP,3091590.0,1757215644097
2025-09-07 03:27:24.108000+00:00,ME-USDT-SWAP,3025127.0,1757215644108
2025-09-07 03:27:24.107000+00:00,MEME-USDT-SWAP,1902021800.0,1757215644107
2025-09-07 03:27:24.548000+00:00,MERL-USDT-SWAP,59788291.0,1757215644548
2025-09-07 03:27:24.545000+00:00,METIS-USDT-SWAP,96119.7,1757215644545
2025-09-07 03:27:24.561000+00:00,MEW-USDT-SWAP,1013594000.0,1757215644561
2025-09-07 03:27:24.545000+00:00,MINA-USDT-SWAP,7181779.0,1757215644545
2025-09-07 03:27:24.551000+00:00,MOG-USDT-SWAP,685155000000.0,1757215644551
2025-09-07 03:27:24.550000+00:00,MOODENG-USDT-SWAP,47636380.0,1757215644550
2025-09-07 03:27:24.548000+00:00,MORPHO-USDT-SWAP,1349829.0,1757215644548
2025-09-07 03:27:24.559000+00:00,MOVE-USDT-SWAP,29514940.0,1757215644559
2025-09-07 03:27:24.552000+00:00,MUBARAK-USDT-SWAP,13392500.0,1757215644552
2025-09-07 03:27:24.988000+00:00,NEAR-USDT-SWAP,5432686.0,1757215644988
2025-09-07 03:27:24.985000+00:00,NEIRO-USDT-SWAP,9125900000.0,1757215644985
2025-09-07 03:27:25+00:00,NEIROETH-USDT-SWAP,24057500.0,1757215645000
2025-09-07 03:27:24.985000+00:00,NEO-USDT-SWAP,311158.0,1757215644985
2025-09-07 03:27:25.003000+00:00,NEWT-USDT-SWAP,3730470.0,1757215645003
2025-09-07 03:27:24.995000+00:00,NMR-USDT-SWAP,681552.8,1757215644995
2025-09-07 03:27:25.003000+00:00,NOT-USDT-SWAP,1747176800.0,1757215645003
2025-09-07 03:27:25.006000+00:00,NXPC-USDT-SWAP,826250.0,1757215645006
2025-09-07 03:27:25.007000+00:00,OL-USDT-SWAP,90912280.0,1757215645007
2025-09-07 03:27:25.008000+00:00,OM-USDT-SWAP,26157910.0,1757215645008
2025-09-07 03:27:25.454000+00:00,ONDO-USDT-SWAP,19595490.0,1757215645454
2025-09-07 03:27:25.455000+00:00,ONE-USDT-SWAP,78328200.0,1757215645455
2025-09-07 03:27:25.471000+00:00,ONT-USDT-SWAP,14269790.0,1757215645471
2025-09-07 03:27:25.459000+00:00,OP-USDT-SWAP,20361924.0,1757215645459
2025-09-07 03:27:25.462000+00:00,ORBS-USDT-SWAP,25919200.0,1757215645462
2025-09-07 03:27:25.468000+00:00,ORDI-USDT-SWAP,1169626.1,1757215645468
2025-09-07 03:27:25.464000+00:00,PARTI-USDT-SWAP,13720490.0,1757215645464
2025-09-07 03:27:25.458000+00:00,PENGU-USDT-SWAP,561564900.0,1757215645458
2025-09-07 03:27:25.460000+00:00,PEOPLE-USDT-SWAP,304413900.0,1757215645460
2025-09-07 03:27:25.466000+00:00,PEPE-USDT-SWAP,6543951000000.003,1757215645466
2025-09-07 03:27:25.903000+00:00,PERP-USDT-SWAP,2462946.0,1757215645903
2025-09-07 03:27:25.894000+00:00,PI-USDT-SWAP,33374285.0,1757215645894
2025-09-07 03:27:25.911000+00:00,PLUME-USDT-SWAP,14226800.0,1757215645911
2025-09-07 03:27:25.905000+00:00,PNUT-USDT-SWAP,37811800.0,1757215645905
2025-09-07 03:27:25.898000+00:00,POL-USDT-SWAP,39147460.0,1757215645898
2025-09-07 03:27:25.923000+00:00,POPCAT-USDT-SWAP,10761340.0,1757215645923
2025-09-07 03:27:25.905000+00:00,PRCL-USDT-SWAP,21232374.0,1757215645905
2025-09-07 03:27:25.896000+00:00,PROMPT-USDT-SWAP,30851030.0,1757215645896
2025-09-07 03:27:25.904000+00:00,PUMP-USDT-SWAP,6712261000.0,1757215645904
2025-09-07 03:27:25.905000+00:00,PYTH-USDT-SWAP,48533960.0,1757215645905
2025-09-07 03:27:26.419000+00:00,QTUM-USDT-SWAP,1521334.0,1757215646419
2025-09-07 03:27:26.351000+00:00,RAY-USDT-SWAP,951931.0,1757215646351
2025-09-07 03:27:26.365000+00:00,RENDER-USDT-SWAP,1390862.0,1757215646365
2025-09-07 03:27:26.352000+00:00,RESOLV-USDT-SWAP,27863480.0,1757215646352
2025-09-07 03:27:26.368000+00:00,RSR-USDT-SWAP,251674200.0,1757215646368
2025-09-07 03:27:26.372000+00:00,RVN-USDT-SWAP,83455790.0,1757215646372
2025-09-07 03:27:26.361000+00:00,S-USDT-SWAP,13717610.0,1757215646361
2025-09-07 03:27:26.358000+00:00,SAHARA-USDT-SWAP,55787750.0,1757215646358
2025-09-07 03:27:26.364000+00:00,SAND-USDT-SWAP,19552900.0,1757215646364
2025-09-07 03:27:26.367000+00:00,SATS-USDT-SWAP,171735480000000.0,1757215646367
2025-09-07 03:27:26.850000+00:00,SCR-USDT-SWAP,3261728.0,1757215646850
2025-09-07 03:27:26.847000+00:00,SHELL-USDT-SWAP,5719020.0,1757215646847
2025-09-07 03:27:26.859000+00:00,SHIB-USDT-SWAP,1312114900000.0002,1757215646859
2025-09-07 03:27:26.970000+00:00,SIGN-USDT-SWAP,45454400.0,1757215646970
2025-09-07 03:27:26.864000+00:00,SLP-USDT-SWAP,452841830.0,1757215646864
2025-09-07 03:27:26.862000+00:00,SNX-USDT-SWAP,2449837.0,1757215646862
2025-09-07 03:27:26.853000+00:00,SOL-USDT-SWAP,3420197.8700000015,1757215646853
2025-09-07 03:27:26.849000+00:00,SOLV-USDT-SWAP,50190800.0,1757215646849
2025-09-07 03:27:26.850000+00:00,SONIC-USDT-SWAP,7185017.0,1757215646850
2025-09-07 03:27:26.851000+00:00,SOON-USDT-SWAP,8593240.0,1757215646851
2025-09-07 03:27:27.409000+00:00,SOPH-USDT-SWAP,89947900.0,1757215647409
2025-09-07 03:27:27.401000+00:00,SPK-USDT-SWAP,138156400.0,1757215647401
2025-09-07 03:27:27.398000+00:00,SPX-USDT-SWAP,1146823.0,1757215647398
2025-09-07 03:27:27.393000+00:00,SSV-USDT-SWAP,294790.7,1757215647393
2025-09-07 03:27:27.392000+00:00,STORJ-USDT-SWAP,5554490.0,1757215647392
2025-09-07 03:27:27.401000+00:00,STRK-USDT-SWAP,25996871.0,1757215647401
2025-09-07 03:27:27.399000+00:00,STX-USDT-SWAP,6681371.000000001,1757215647399
2025-09-07 03:27:27.401000+00:00,SUI-USDT-SWAP,20848306.0,1757215647401
2025-09-07 03:27:27.404000+00:00,SUSHI-USDT-SWAP,8128686.0,1757215647404
2025-09-07 03:27:27.413000+00:00,SWARMS-USDT-SWAP,80325150.0,1757215647413
2025-09-07 03:27:27.857000+00:00,SYRUP-USDT-SWAP,3216690.0,1757215647857
2025-09-07 03:27:27.853000+00:00,T-USDT-SWAP,39431100.0,1757215647853
2025-09-07 03:27:27.859000+00:00,TAO-USDT-SWAP,15705.87,1757215647859
2025-09-07 03:27:27.861000+00:00,THETA-USDT-SWAP,2629653.0,1757215647861
2025-09-07 03:27:27.863000+00:00,TIA-USDT-SWAP,5248257.0,1757215647863
2025-09-07 03:27:27.862000+00:00,TNSR-USDT-SWAP,8377680.0,1757215647862
2025-09-07 03:27:27.856000+00:00,TON-USDT-SWAP,9775561.0,1757215647856
2025-09-07 03:27:27.859000+00:00,TRB-USDT-SWAP,282891.1,1757215647859
2025-09-07 03:27:27.855000+00:00,TREE-USDT-SWAP,7648884.0,1757215647855
2025-09-07 03:27:27.943000+00:00,TRUMP-USDT-SWAP,5414452.4,1757215647943
2025-09-07 03:27:28.369000+00:00,TRX-USDT-SWAP,108092980.00000003,1757215648369
2025-09-07 03:27:28.372000+00:00,TURBO-USDT-SWAP,829558000.0000002,1757215648372
2025-09-07 03:27:28.375000+00:00,UMA-USDT-SWAP,1510239.9,1757215648375
2025-09-07 03:27:28.379000+00:00,UNI-USDT-SWAP,3115939.0,1757215648379
2025-09-07 03:27:28.374000+00:00,USDC-USDT-SWAP,1029780.0,1757215648374
2025-09-07 03:27:28.398000+00:00,USELESS-USDT-SWAP,17492060.0,1757215648398
2025-09-07 03:27:28.374000+00:00,USTC-USDT-SWAP,146802700.0,1757215648374
2025-09-07 03:27:28.380000+00:00,UXLINK-USDT-SWAP,5584260.0,1757215648380
2025-09-07 03:27:28.389000+00:00,VANA-USDT-SWAP,133220.2,1757215648389
2025-09-07 03:27:28.376000+00:00,VINE-USDT-SWAP,103787560.0,1757215648376
2025-09-07 03:27:28.824000+00:00,VIRTUAL-USDT-SWAP,3275074.0,1757215648824
2025-09-07 03:27:28.827000+00:00,W-USDT-SWAP,48412491.0,1757215648827
2025-09-07 03:27:28.833000+00:00,WAL-USDT-SWAP,2152070.0,1757215648833
2025-09-07 03:27:28.822000+00:00,WAXP-USDT-SWAP,27704400.0,1757215648822
2025-09-07 03:27:28.833000+00:00,WCT-USDT-SWAP,10393660.0,1757215648833
2025-09-07 03:27:28.838000+00:00,WIF-USDT-SWAP,17399618.0,1757215648838
2025-09-07 03:27:28.837000+00:00,WLD-USDT-SWAP,34777551.0,1757215648837
2025-09-07 03:27:28.957000+00:00,WLFI-USDT-SWAP,304540680.0,1757215648957
2025-09-07 03:27:28.975000+00:00,WOO-USDT-SWAP,14916430.0,1757215648975
2025-09-07 03:27:28.840000+00:00,XAUT-USDT-SWAP,5973.626,1757215648840
2025-09-07 03:27:29.402000+00:00,XLM-USDT-SWAP,39101809.999999985,1757215649402
2025-09-07 03:27:29.402000+00:00,XPL-USDT-SWAP,6896160.0,1757215649402
2025-09-07 03:27:29.415000+00:00,XRP-USDT-SWAP,91499902.0,1757215649415
2025-09-07 03:27:29.400000+00:00,XTZ-USDT-SWAP,5701630.0,1757215649400
2025-09-07 03:27:29.402000+00:00,YFI-USDT-SWAP,368.211,1757215649402
2025-09-07 03:27:29.427000+00:00,YGG-USDT-SWAP,27813453.0,1757215649427
2025-09-07 03:27:29.400000+00:00,ZENT-USDT-SWAP,170273400.0,1757215649400
2025-09-07 03:27:29.405000+00:00,ZEREBRO-USDT-SWAP,76806570.0,1757215649405
2025-09-07 03:27:29.403000+00:00,ZETA-USDT-SWAP,5585850.0,1757215649403
2025-09-07 03:27:29.416000+00:00,ZIL-USDT-SWAP,159640400.0,1757215649416
2025-09-07 03:27:29.854000+00:00,ZK-USDT-SWAP,50757270.0,1757215649854
2025-09-07 03:27:29.854000+00:00,ZRO-USDT-SWAP,2189786.0,1757215649854
2025-09-07 03:27:29.852000+00:00,ZRX-USDT-SWAP,8019540.0,1757215649852
2025-09-07 03:28:30.561000+00:00,1INCH-USDT-SWAP,7735203.0,1757215710561
2025-09-07 03:28:30.565000+00:00,A-USDT-SWAP,9795980.0,1757215710565
2025-09-07 03:28:30.560000+00:00,AAVE-USDT-SWAP,133345.87,1757215710560
2025-09-07 03:28:30.567000+00:00,ACE-USDT-SWAP,1910351.0,1757215710567
2025-09-07 03:28:30.564000+00:00,ACH-USDT-SWAP,76493700.0,1757215710564
2025-09-07 03:28:30.573000+00:00,ACT-USDT-SWAP,80717238.0,1757215710573
2025-09-07 03:28:30.563000+00:00,ADA-USDT-SWAP,77401810.00000001,1757215710563
2025-09-07 03:28:30.566000+00:00,AERO-USDT-SWAP,1638120.0,1757215710566
2025-09-07 03:28:30.565000+00:00,AEVO-USDT-SWAP,12938694.0,1757215710565
2025-09-07 03:28:30.570000+00:00,AGLD-USDT-SWAP,1894171.0,1757215710570
2025-09-07 03:28:31.014000+00:00,AI16Z-USDT-SWAP,51261064.0,1757215711014
2025-09-07 03:28:31.006000+00:00,AIXBT-USDT-SWAP,22735720.0,1757215711006
2025-09-07 03:28:31.030000+00:00,ALCH-USDT-SWAP,23003140.0,1757215711030
2025-09-07 03:28:31.025000+00:00,ALGO-USDT-SWAP,28172690.0,1757215711025
2025-09-07 03:28:31.013000+00:00,ANIME-USDT-SWAP,113099010.0,1757215711013
2025-09-07 03:28:31.019000+00:00,APE-USDT-SWAP,8027321.4,1757215711019
2025-09-07 03:28:31.017000+00:00,API3-USDT-SWAP,4918753.0,1757215711017
2025-09-07 03:28:31.025000+00:00,APT-USDT-SWAP,3701536.0,1757215711025
2025-09-07 03:28:31.043000+00:00,AR-USDT-SWAP,529265.8,1757215711043
2025-09-07 03:28:31.029000+00:00,ARB-USDT-SWAP,33379301.999999993,1757215711029
2025-09-07 03:28:31.475000+00:00,ARC-USDT-SWAP,60846990.0,1757215711475
2025-09-07 03:28:31.467000+00:00,ARKM-USDT-SWAP,3507948.0,1757215711467
2025-09-07 03:28:31.479000+00:00,ATH-USDT-SWAP,141384600.0,1757215711479
2025-09-07 03:28:31.469000+00:00,ATOM-USDT-SWAP,1842387.0,1757215711469
2025-09-07 03:28:31.466000+00:00,AUCTION-USDT-SWAP,211389.9,1757215711466
2025-09-07 03:28:31.471000+00:00,AVAAI-USDT-SWAP,53710500.0,1757215711471
2025-09-07 03:28:31.475000+00:00,AVAX-USDT-SWAP,1843624.4000000004,1757215711475
2025-09-07 03:28:31.484000+00:00,AXS-USDT-SWAP,1185448.3,1757215711484
2025-09-07 03:28:31.479000+00:00,BABY-USDT-SWAP,39405190.0,1757215711479
2025-09-07 03:28:31.473000+00:00,BAND-USDT-SWAP,1739310.0,1757215711473
2025-09-07 03:28:31.911000+00:00,BAT-USDT-SWAP,5705350.0,1757215711911
2025-09-07 03:28:31.911000+00:00,BCH-USDT-SWAP,82025.78999999998,1757215711911
2025-09-07 03:28:31.922000+00:00,BERA-USDT-SWAP,2346632.9,1757215711922
2025-09-07 03:28:31.914000+00:00,BICO-USDT-SWAP,7018356.0,1757215711914
2025-09-07 03:28:31.908000+00:00,BIGTIME-USDT-SWAP,40456660.0,1757215711908
2025-09-07 03:28:31.916000+00:00,BIO-USDT-SWAP,74335953.0,1757215711916
2025-09-07 03:28:31.919000+00:00,BLUR-USDT-SWAP,23721760.0,1757215711919
2025-09-07 03:28:31.911000+00:00,BNB-USDT-SWAP,89740.18,1757215711911
2025-09-07 03:28:31.918000+00:00,BNT-USDT-SWAP,694040.0,1757215711918
2025-09-07 03:28:31.916000+00:00,BOME-USDT-SWAP,1343225000.0,1757215711916
2025-09-07 03:28:32.350000+00:00,BONK-USDT-SWAP,483617400000.0,1757215712350
2025-09-07 03:28:32.346000+00:00,BRETT-USDT-SWAP,13695400.0,1757215712346
2025-09-07 03:28:32.438000+00:00,BTC-USDT-SWAP,27285.865900000063,1757215712438
2025-09-07 03:28:32.352000+00:00,CAT-USDT-SWAP,201394100000.0,1757215712352
2025-09-07 03:28:32.350000+00:00,CATI-USDT-SWAP,17318920.0,1757215712350
2025-09-07 03:28:32.355000+00:00,CELO-USDT-SWAP,4014569.0,1757215712355
2025-09-07 03:28:32.351000+00:00,CETUS-USDT-SWAP,17323990.0,1757215712351
2025-09-07 03:28:32.354000+00:00,CFX-USDT-SWAP,78867820.0,1757215712354
2025-09-07 03:28:32.356000+00:00,CHZ-USDT-SWAP,79557540.0,1757215712356
2025-09-07 03:28:32.352000+00:00,COMP-USDT-SWAP,92535.1,1757215712352
2025-09-07 03:28:32.878000+00:00,COOKIE-USDT-SWAP,4678740.0,1757215712878
2025-09-07 03:28:32.869000+00:00,CORE-USDT-SWAP,10037011.0,1757215712869
2025-09-07 03:28:32.872000+00:00,CRO-USDT-SWAP,67091290.0,1757215712872
2025-09-07 03:28:32.865000+00:00,CRV-USDT-SWAP,25352074.0,1757215712865
2025-09-07 03:28:32.865000+00:00,CTC-USDT-SWAP,1826840.0,1757215712865
2025-09-07 03:28:32.873000+00:00,CVC-USDT-SWAP,10058300.0,1757215712873
2025-09-07 03:28:32.872000+00:00,CVX-USDT-SWAP,304549.0,1757215712872
2025-09-07 03:28:32.870000+00:00,DEGEN-USDT-SWAP,291033300.0,1757215712870
2025-09-07 03:28:32.869000+00:00,DGB-USDT-SWAP,49262700.0,1757215712869
2025-09-07 03:28:32.880000+00:00,DOG-USDT-SWAP,568576000.0,1757215712880
2025-09-07 03:28:33.315000+00:00,DOGE-USDT-SWAP,1392962299.999999,1757215713315
2025-09-07 03:28:33.315000+00:00,DOGS-USDT-SWAP,19081206000.0,1757215713315
2025-09-07 03:28:33.342000+00:00,DOOD-USDT-SWAP,135673000.0,1757215713342
2025-09-07 03:28:33.322000+00:00,DOT-USDT-SWAP,5694745.0,1757215713322
2025-09-07 03:28:33.319000+00:00,DUCK-USDT-SWAP,846153400.0,1757215713319
2025-09-07 03:28:33.324000+00:00,DYDX-USDT-SWAP,9121891.0,1757215713324
2025-09-07 03:28:33.325000+00:00,EGLD-USDT-SWAP,101384.6,1757215713325
2025-09-07 03:28:33.323000+00:00,EIGEN-USDT-SWAP,3624461.0,1757215713323
2025-09-07 03:28:33.326000+00:00,ENJ-USDT-SWAP,12796760.0,1757215713326
2025-09-07 03:28:33.337000+00:00,ENS-USDT-SWAP,352581.3,1757215713337
2025-09-07 03:28:33.802000+00:00,ETC-USDT-SWAP,1096304.1000000006,1757215713802
2025-09-07 03:28:33.781000+00:00,ETH-USDT-SWAP,741359.5820000019,1757215713781
2025-09-07 03:28:33.797000+00:00,ETHFI-USDT-SWAP,8080573.0,1757215713797
2025-09-07 03:28:33.790000+00:00,ETHW-USDT-SWAP,1297768.6,1757215713790
2025-09-07 03:28:33.971000+00:00,FARTCOIN-USDT-SWAP,20504253.0,1757215713971
2025-09-07 03:28:33.787000+00:00,FIL-USDT-SWAP,13853718.3,1757215713787
2025-09-07 03:28:33.791000+00:00,FLM-USDT-SWAP,26184440.0,1757215713791
2025-09-07 03:28:33.787000+00:00,FLOKI-USDT-SWAP,42711600000.0,1757215713787
2025-09-07 03:28:33.793000+00:00,FLOW-USDT-SWAP,4293920.0,1757215713793
2025-09-07 03:28:33.799000+00:00,FXS-USDT-SWAP,253626.0,1757215713799
2025-09-07 03:28:34.402000+00:00,GALA-USDT-SWAP,420346720.0,1757215714402
2025-09-07 03:28:34.399000+00:00,GAS-USDT-SWAP,480078.0,1757215714399
2025-09-07 03:28:34.405000+00:00,GLM-USDT-SWAP,2686330.0,1757215714405
2025-09-07 03:28:34.404000+00:00,GMT-USDT-SWAP,46457133.0,1757215714404
2025-09-07 03:28:34.402000+00:00,GMX-USDT-SWAP,73283.5,1757215714402
2025-09-07 03:28:34.408000+00:00,GOAT-USDT-SWAP,25332350.0,1757215714408
2025-09-07 03:28:34.402000+00:00,GODS-USDT-SWAP,6289683.0,1757215714402
2025-09-07 03:28:34.410000+00:00,GPS-USDT-SWAP,171474420.0,1757215714410
2025-09-07 03:28:34.413000+00:00,GRASS-USDT-SWAP,2703735.0,1757215714413
2025-09-07 03:28:34.408000+00:00,GRIFFAIN-USDT-SWAP,23842600.0,1757215714408
2025-09-07 03:28:34.845000+00:00,GRT-USDT-SWAP,22370340.0,1757215714845
2025-09-07 03:28:34.845000+00:00,H-USDT-SWAP,62167900.0,1757215714845
2025-09-07 03:28:34.848000+00:00,HBAR-USDT-SWAP,73937399.99999999,1757215714848
2025-09-07 03:28:34.843000+00:00,HMSTR-USDT-SWAP,945704700.0,1757215714843
2025-09-07 03:28:34.843000+00:00,HOME-USDT-SWAP,25321700.0,1757215714843
2025-09-07 03:28:34.859000+00:00,HUMA-USDT-SWAP,87711900.0,1757215714859
2025-09-07 03:28:34.855000+00:00,HYPE-USDT-SWAP,797451.0,1757215714855
2025-09-07 03:28:34.859000+00:00,ICP-USDT-SWAP,1224260.05,1757215714859
2025-09-07 03:28:34.853000+00:00,ICX-USDT-SWAP,6336820.0,1757215714853
2025-09-07 03:28:34.849000+00:00,IMX-USDT-SWAP,6603564.0,1757215714849
2025-09-07 03:28:35.327000+00:00,INIT-USDT-SWAP,2465920.0,1757215715327
2025-09-07 03:28:35.331000+00:00,INJ-USDT-SWAP,852525.5,1757215715331
2025-09-07 03:28:35.344000+00:00,IOST-USDT-SWAP,312106000.0,1757215715344
2025-09-07 03:28:35.334000+00:00,IOTA-USDT-SWAP,15848910.0,1757215715334
2025-09-07 03:28:35.333000+00:00,IP-USDT-SWAP,2947571.0,1757215715333
2025-09-07 03:28:35.329000+00:00,JELLYJELLY-USDT-SWAP,218920600.0,1757215715329
2025-09-07 03:28:35.332000+00:00,JOE-USDT-SWAP,7292610.0,1757215715332
2025-09-07 03:28:35.333000+00:00,JTO-USDT-SWAP,2922386.0,1757215715333
2025-09-07 03:28:35.335000+00:00,JUP-USDT-SWAP,14414530.0,1757215715335
2025-09-07 03:28:35.774000+00:00,KAITO-USDT-SWAP,3427713.0,1757215715774
2025-09-07 03:28:35.768000+00:00,KMNO-USDT-SWAP,17097500.0,1757215715768
2025-09-07 03:28:35.777000+00:00,KSM-USDT-SWAP,122759.7,1757215715777
2025-09-07 03:28:35.777000+00:00,LA-USDT-SWAP,3170440.0,1757215715777
2025-09-07 03:28:35.771000+00:00,LAUNCHCOIN-USDT-SWAP,39770860.0,1757215715771
2025-09-07 03:28:35.770000+00:00,LAYER-USDT-SWAP,6099549.0,1757215715770
2025-09-07 03:28:35.774000+00:00,LDO-USDT-SWAP,14647132.0,1757215715774
2025-09-07 03:28:35.967000+00:00,LINK-USDT-SWAP,2581342.7,1757215715967
2025-09-07 03:28:35.788000+00:00,LPT-USDT-SWAP,840370.3,1757215715788
2025-09-07 03:28:35.777000+00:00,LQTY-USDT-SWAP,1563778.0,1757215715777
2025-09-07 03:28:36.390000+00:00,LRC-USDT-SWAP,17695760.0,1757215716390
2025-09-07 03:28:36.399000+00:00,LTC-USDT-SWAP,635347.0000000001,1757215716399
2025-09-07 03:28:36.406000+00:00,LUNA-USDT-SWAP,15470068.0,1757215716406
2025-09-07 03:28:36.397000+00:00,LUNC-USDT-SWAP,33107880000.0,1757215716397
2025-09-07 03:28:36.393000+00:00,MAGIC-USDT-SWAP,19666831.0,1757215716393
2025-09-07 03:28:36.411000+00:00,MAJOR-USDT-SWAP,4770274.0,1757215716411
2025-09-07 03:28:36.394000+00:00,MANA-USDT-SWAP,10399930.0,1757215716394
2025-09-07 03:28:36.405000+00:00,MASK-USDT-SWAP,3091764.0,1757215716405
2025-09-07 03:28:36.396000+00:00,ME-USDT-SWAP,3025343.0,1757215716396
2025-09-07 03:28:36.410000+00:00,MEME-USDT-SWAP,1899282800.0,1757215716410
2025-09-07 03:28:36.834000+00:00,MERL-USDT-SWAP,59756063.0,1757215716834
2025-09-07 03:28:36.839000+00:00,METIS-USDT-SWAP,96132.8,1757215716839
2025-09-07 03:28:36.842000+00:00,MEW-USDT-SWAP,1013771000.0,1757215716842
2025-09-07 03:28:37.009000+00:00,MINA-USDT-SWAP,7182147.0,1757215717009
2025-09-07 03:28:36.855000+00:00,MOG-USDT-SWAP,684935000000.0,1757215716855
2025-09-07 03:28:36.847000+00:00,MOODENG-USDT-SWAP,47579020.0,1757215716847
2025-09-07 03:28:36.849000+00:00,MORPHO-USDT-SWAP,1349831.0,1757215716849
2025-09-07 03:28:36.836000+00:00,MOVE-USDT-SWAP,29512680.0,1757215716836
2025-09-07 03:28:36.846000+00:00,MUBARAK-USDT-SWAP,13397600.0,1757215716846
2025-09-07 03:28:37.450000+00:00,NEAR-USDT-SWAP,5432342.000000001,1757215717450
2025-09-07 03:28:37.433000+00:00,NEIRO-USDT-SWAP,9125536000.0,1757215717433
2025-09-07 03:28:37.437000+00:00,NEIROETH-USDT-SWAP,23941600.0,1757215717437
2025-09-07 03:28:37.442000+00:00,NEO-USDT-SWAP,311068.0,1757215717442
2025-09-07 03:28:37.442000+00:00,NEWT-USDT-SWAP,3730580.0,1757215717442
2025-09-07 03:28:37.448000+00:00,NMR-USDT-SWAP,681598.5,1757215717448
2025-09-07 03:28:37.440000+00:00,NOT-USDT-SWAP,1747169600.0,1757215717440
2025-09-07 03:28:37.447000+00:00,NXPC-USDT-SWAP,826247.0,1757215717447
2025-09-07 03:28:37.437000+00:00,OL-USDT-SWAP,90941180.0,1757215717437
2025-09-07 03:28:37.440000+00:00,OM-USDT-SWAP,26152869.0,1757215717440
2025-09-07 03:28:37.887000+00:00,ONDO-USDT-SWAP,19621370.0,1757215717887
2025-09-07 03:28:37.880000+00:00,ONE-USDT-SWAP,78329000.0,1757215717880
2025-09-07 03:28:37.901000+00:00,ONT-USDT-SWAP,14274120.0,1757215717901
2025-09-07 03:28:37.890000+00:00,OP-USDT-SWAP,20359839.0,1757215717890
2025-09-07 03:28:37.885000+00:00,ORBS-USDT-SWAP,25919200.0,1757215717885
2025-09-07 03:28:37.903000+00:00,ORDI-USDT-SWAP,1169669.4,1757215717903
2025-09-07 03:28:38.039000+00:00,PARTI-USDT-SWAP,13722200.0,1757215718039
2025-09-07 03:28:37.896000+00:00,PENGU-USDT-SWAP,561136000.0,1757215717896
2025-09-07 03:28:37.892000+00:00,PEOPLE-USDT-SWAP,304228200.0,1757215717892
2025-09-07 03:28:37.912000+00:00,PEPE-USDT-SWAP,6547343000000.004,1757215717912
2025-09-07 03:28:38.459000+00:00,PERP-USDT-SWAP,2462710.0,1757215718459
2025-09-07 03:28:38.466000+00:00,PI-USDT-SWAP,33364971.0,1757215718466
2025-09-07 03:28:38.470000+00:00,PLUME-USDT-SWAP,14226850.0,1757215718470
2025-09-07 03:28:38.473000+00:00,PNUT-USDT-SWAP,37767090.0,1757215718473
2025-09-07 03:28:38.480000+00:00,POL-USDT-SWAP,39090960.0,1757215718480
2025-09-07 03:28:38.475000+00:00,POPCAT-USDT-SWAP,10760240.0,1757215718475
2025-09-07 03:28:38.464000+00:00,PRCL-USDT-SWAP,21273321.0,1757215718464
2025-09-07 03:28:38.473000+00:00,PROMPT-USDT-SWAP,30843720.0,1757215718473
2025-09-07 03:28:38.464000+00:00,PUMP-USDT-SWAP,6719493000.0,1757215718464
2025-09-07 03:28:38.469000+00:00,PYTH-USDT-SWAP,48540660.0,1757215718469
2025-09-07 03:28:38.905000+00:00,QTUM-USDT-SWAP,1521192.0,1757215718905
2025-09-07 03:28:38.911000+00:00,RAY-USDT-SWAP,951959.0,1757215718911
2025-09-07 03:28:38.918000+00:00,RENDER-USDT-SWAP,1390908.0,1757215718918
2025-09-07 03:28:38.909000+00:00,RESOLV-USDT-SWAP,27934140.0,1757215718909
2025-09-07 03:28:38.908000+00:00,RSR-USDT-SWAP,251622000.0,1757215718908
2025-09-07 03:28:38.914000+00:00,RVN-USDT-SWAP,83448170.0,1757215718914
2025-09-07 03:28:38.912000+00:00,S-USDT-SWAP,13719810.0,1757215718912
2025-09-07 03:28:38.914000+00:00,SAHARA-USDT-SWAP,55787630.0,1757215718914
2025-09-07 03:28:38.909000+00:00,SAND-USDT-SWAP,19552170.0,1757215718909
2025-09-07 03:28:38.918000+00:00,SATS-USDT-SWAP,171743930000000.0,1757215718918
2025-09-07 03:28:39.350000+00:00,SCR-USDT-SWAP,3263379.0,1757215719350
2025-09-07 03:28:39.441000+00:00,SHELL-USDT-SWAP,5719080.0,1757215719441
2025-09-07 03:28:39.353000+00:00,SHIB-USDT-SWAP,1312022300000.0,1757215719353
2025-09-07 03:28:39.362000+00:00,SIGN-USDT-SWAP,45444500.0,1757215719362
2025-09-07 03:28:39.351000+00:00,SLP-USDT-SWAP,452898500.0,1757215719351
2025-09-07 03:28:39.353000+00:00,SNX-USDT-SWAP,2450083.0,1757215719353
2025-09-07 03:28:39.351000+00:00,SOL-USDT-SWAP,3420255.960000001,1757215719351
2025-09-07 03:28:39.356000+00:00,SOLV-USDT-SWAP,50190800.0,1757215719356
2025-09-07 03:28:39.368000+00:00,SONIC-USDT-SWAP,7185017.0,1757215719368
2025-09-07 03:28:39.363000+00:00,SOON-USDT-SWAP,8591990.0,1757215719363
2025-09-07 03:28:39.868000+00:00,SOPH-USDT-SWAP,89949700.0,1757215719868
2025-09-07 03:28:39.867000+00:00,SPK-USDT-SWAP,138153600.0,1757215719867
2025-09-07 03:28:39.873000+00:00,SPX-USDT-SWAP,1146760.0,1757215719873
2025-09-07 03:28:39.873000+00:00,SSV-USDT-SWAP,294463.8,1757215719873
2025-09-07 03:28:39.865000+00:00,STORJ-USDT-SWAP,5554490.0,1757215719865
2025-09-07 03:28:39.873000+00:00,STRK-USDT-SWAP,26013909.0,1757215719873
2025-09-07 03:28:39.880000+00:00,STX-USDT-SWAP,6756762.000000001,1757215719880
2025-09-07 03:28:39.874000+00:00,SUI-USDT-SWAP,20854023.0,1757215719874
2025-09-07 03:28:39.866000+00:00,SUSHI-USDT-SWAP,8127362.0,1757215719866
2025-09-07 03:28:39.877000+00:00,SWARMS-USDT-SWAP,80325830.0,1757215719877
2025-09-07 03:28:40.305000+00:00,SYRUP-USDT-SWAP,3214830.0,1757215720305
2025-09-07 03:28:40.311000+00:00,T-USDT-SWAP,39431100.0,1757215720311
2025-09-07 03:28:40.314000+00:00,TAO-USDT-SWAP,15700.89,1757215720314
2025-09-07 03:28:40.310000+00:00,THETA-USDT-SWAP,2628861.0,1757215720310
2025-09-07 03:28:40.318000+00:00,TIA-USDT-SWAP,5248011.0,1757215720318
2025-09-07 03:28:40.313000+00:00,TNSR-USDT-SWAP,8378029.0,1757215720313
2025-09-07 03:28:40.309000+00:00,TON-USDT-SWAP,9774394.0,1757215720309
2025-09-07 03:28:40.320000+00:00,TRB-USDT-SWAP,282887.0,1757215720320
2025-09-07 03:28:40.320000+00:00,TREE-USDT-SWAP,7651502.0,1757215720320
2025-09-07 03:28:40.311000+00:00,TRUMP-USDT-SWAP,5416379.2,1757215720311
2025-09-07 03:28:40.750000+00:00,TRX-USDT-SWAP,108040770.00000003,1757215720750
2025-09-07 03:28:40.751000+00:00,TURBO-USDT-SWAP,829594000.0000002,1757215720751
2025-09-07 03:28:40.796000+00:00,UMA-USDT-SWAP,1509805.4,1757215720796
2025-09-07 03:28:40.752000+00:00,UNI-USDT-SWAP,3116469.0,1757215720752
2025-09-07 03:28:40.759000+00:00,USDC-USDT-SWAP,1029780.0,1757215720759
2025-09-07 03:28:40.757000+00:00,USELESS-USDT-SWAP,17507450.0,1757215720757
2025-09-07 03:28:40.753000+00:00,USTC-USDT-SWAP,146803600.0,1757215720753
2025-09-07 03:28:40.762000+00:00,UXLINK-USDT-SWAP,5586140.0,1757215720762
2025-09-07 03:28:40.770000+00:00,VANA-USDT-SWAP,133251.6,1757215720770
2025-09-07 03:28:40.757000+00:00,VINE-USDT-SWAP,103778280.0,1757215720757
2025-09-07 03:28:41.226000+00:00,VIRTUAL-USDT-SWAP,3274649.0,1757215721226
2025-09-07 03:28:41.223000+00:00,W-USDT-SWAP,48421425.0,1757215721223
2025-09-07 03:28:41.233000+00:00,WAL-USDT-SWAP,2152170.0,1757215721233
2025-09-07 03:28:41.233000+00:00,WAXP-USDT-SWAP,27704400.0,1757215721233
2025-09-07 03:28:41.229000+00:00,WCT-USDT-SWAP,10400500.0,1757215721229
2025-09-07 03:28:41.256000+00:00,WIF-USDT-SWAP,17389556.0,1757215721256
2025-09-07 03:28:41.229000+00:00,WLD-USDT-SWAP,34860789.0,1757215721229
2025-09-07 03:28:41.224000+00:00,WLFI-USDT-SWAP,306185810.0,1757215721224
2025-09-07 03:28:41.224000+00:00,WOO-USDT-SWAP,14914090.0,1757215721224
2025-09-07 03:28:41.235000+00:00,XAUT-USDT-SWAP,5973.642,1757215721235
2025-09-07 03:28:41.690000+00:00,XLM-USDT-SWAP,39101709.999999985,1757215721690
2025-09-07 03:28:41.689000+00:00,XPL-USDT-SWAP,6907740.0,1757215721689
2025-09-07 03:28:41.711000+00:00,XRP-USDT-SWAP,91498980.0,1757215721711
2025-09-07 03:28:41.693000+00:00,XTZ-USDT-SWAP,5701685.0,1757215721693
2025-09-07 03:28:41.715000+00:00,YFI-USDT-SWAP,368.211,1757215721715
2025-09-07 03:28:41.704000+00:00,YGG-USDT-SWAP,27813472.0,1757215721704
2025-09-07 03:28:41.694000+00:00,ZENT-USDT-SWAP,170242600.0,1757215721694
2025-09-07 03:28:41.697000+00:00,ZEREBRO-USDT-SWAP,76928670.0,1757215721697
2025-09-07 03:28:41.693000+00:00,ZETA-USDT-SWAP,5579840.0,1757215721693
2025-09-07 03:28:41.705000+00:00,ZIL-USDT-SWAP,159636000.0,1757215721705
2025-09-07 03:28:42.145000+00:00,ZK-USDT-SWAP,50751730.0,1757215722145
2025-09-07 03:28:42.149000+00:00,ZRO-USDT-SWAP,2189435.0,1757215722149
2025-09-07 03:28:42.144000+00:00,ZRX-USDT-SWAP,8022660.0,1757215722144
2025-09-07 03:29:42.855000+00:00,1INCH-USDT-SWAP,7735203.0,1757215782855
2025-09-07 03:29:42.849000+00:00,A-USDT-SWAP,9795870.0,1757215782849
2025-09-07 03:29:42.840000+00:00,AAVE-USDT-SWAP,133348.01,1757215782840
2025-09-07 03:29:42.850000+00:00,ACE-USDT-SWAP,1910243.0,1757215782850
2025-09-07 03:29:42.853000+00:00,ACH-USDT-SWAP,76522800.0,1757215782853
2025-09-07 03:29:42.849000+00:00,ACT-USDT-SWAP,80725216.0,1757215782849
2025-09-07 03:29:42.854000+00:00,ADA-USDT-SWAP,77386780.00000001,1757215782854
2025-09-07 03:29:42.852000+00:00,AERO-USDT-SWAP,1637970.0,1757215782852
2025-09-07 03:29:42.857000+00:00,AEVO-USDT-SWAP,12930118.0,1757215782857
2025-09-07 03:29:42.852000+00:00,AGLD-USDT-SWAP,1894185.0,1757215782852
2025-09-07 03:29:43.294000+00:00,AI16Z-USDT-SWAP,51272219.0,1757215783294
2025-09-07 03:29:43.297000+00:00,AIXBT-USDT-SWAP,22718490.0,1757215783297
2025-09-07 03:29:43.319000+00:00,ALCH-USDT-SWAP,23002910.0,1757215783319
2025-09-07 03:29:43.303000+00:00,ALGO-USDT-SWAP,28172320.0,1757215783303
2025-09-07 03:29:43.318000+00:00,ANIME-USDT-SWAP,113099010.0,1757215783318
2025-09-07 03:29:43.310000+00:00,APE-USDT-SWAP,8027247.1,1757215783310
2025-09-07 03:29:43.310000+00:00,API3-USDT-SWAP,4912445.0,1757215783310
2025-09-07 03:29:43.315000+00:00,APT-USDT-SWAP,3701432.0,1757215783315
2025-09-07 03:29:43.303000+00:00,AR-USDT-SWAP,529280.1,1757215783303
2025-09-07 03:29:43.303000+00:00,ARB-USDT-SWAP,33386412.999999993,1757215783303
2025-09-07 03:29:43.755000+00:00,ARC-USDT-SWAP,60877780.0,1757215783755
2025-09-07 03:29:43.753000+00:00,ARKM-USDT-SWAP,3506560.0,1757215783753
2025-09-07 03:29:43.765000+00:00,ATH-USDT-SWAP,141384600.0,1757215783765
2025-09-07 03:29:43.779000+00:00,ATOM-USDT-SWAP,1843989.0,1757215783779
2025-09-07 03:29:43.765000+00:00,AUCTION-USDT-SWAP,211392.7,1757215783765
2025-09-07 03:29:43.760000+00:00,AVAAI-USDT-SWAP,53724130.0,1757215783760
2025-09-07 03:29:43.778000+00:00,AVAX-USDT-SWAP,1843553.9000000004,1757215783778
2025-09-07 03:29:43.753000+00:00,AXS-USDT-SWAP,1185652.4,1757215783753
2025-09-07 03:29:43.760000+00:00,BABY-USDT-SWAP,39363230.0,1757215783760
2025-09-07 03:29:43.768000+00:00,BAND-USDT-SWAP,1739341.0,1757215783768
2025-09-07 03:29:44.205000+00:00,BAT-USDT-SWAP,5705680.0,1757215784205
2025-09-07 03:29:44.206000+00:00,BCH-USDT-SWAP,82013.42999999996,1757215784206
2025-09-07 03:29:44.215000+00:00,BERA-USDT-SWAP,2346627.4,1757215784215
2025-09-07 03:29:44.214000+00:00,BICO-USDT-SWAP,7018258.0,1757215784214
2025-09-07 03:29:44.214000+00:00,BIGTIME-USDT-SWAP,40456660.0,1757215784214
2025-09-07 03:29:44.212000+00:00,BIO-USDT-SWAP,74326462.0,1757215784212
2025-09-07 03:29:44.222000+00:00,BLUR-USDT-SWAP,23721350.0,1757215784222
2025-09-07 03:29:44.212000+00:00,BNB-USDT-SWAP,89693.58,1757215784212
2025-09-07 03:29:44.227000+00:00,BNT-USDT-SWAP,694040.0,1757215784227
2025-09-07 03:29:44.210000+00:00,BOME-USDT-SWAP,1343869000.0,1757215784210
2025-09-07 03:29:44.655000+00:00,BONK-USDT-SWAP,483564600000.0,1757215784655
2025-09-07 03:29:44.661000+00:00,BRETT-USDT-SWAP,13695400.0,1757215784661
2025-09-07 03:29:44.656000+00:00,BTC-USDT-SWAP,27283.69330000006,1757215784656
2025-09-07 03:29:44.661000+00:00,CAT-USDT-SWAP,201410400000.0,1757215784661
2025-09-07 03:29:44.663000+00:00,CATI-USDT-SWAP,17318955.0,1757215784663
2025-09-07 03:29:44.671000+00:00,CELO-USDT-SWAP,4013654.0,1757215784671
2025-09-07 03:29:44.664000+00:00,CETUS-USDT-SWAP,17328120.0,1757215784664
2025-09-07 03:29:44.664000+00:00,CFX-USDT-SWAP,78863900.0,1757215784664
2025-09-07 03:29:44.655000+00:00,CHZ-USDT-SWAP,79537130.0,1757215784655
2025-09-07 03:29:44.673000+00:00,COMP-USDT-SWAP,92535.1,1757215784673
2025-09-07 03:29:45.106000+00:00,COOKIE-USDT-SWAP,4678970.0,1757215785106
2025-09-07 03:29:45.105000+00:00,CORE-USDT-SWAP,10037011.0,1757215785105
2025-09-07 03:29:45.121000+00:00,CRO-USDT-SWAP,67101570.0,1757215785121
2025-09-07 03:29:45.108000+00:00,CRV-USDT-SWAP,25355367.0,1757215785108
2025-09-07 03:29:45.116000+00:00,CTC-USDT-SWAP,1826840.0,1757215785116
2025-09-07 03:29:45.110000+00:00,CVC-USDT-SWAP,10058300.0,1757215785110
2025-09-07 03:29:45.129000+00:00,CVX-USDT-SWAP,304549.0,1757215785129
2025-09-07 03:29:45.106000+00:00,DEGEN-USDT-SWAP,291073900.0,1757215785106
2025-09-07 03:29:45.116000+00:00,DGB-USDT-SWAP,49262700.0,1757215785116
2025-09-07 03:29:45.123000+00:00,DOG-USDT-SWAP,568571000.0,1757215785123
2025-09-07 03:29:45.568000+00:00,DOGE-USDT-SWAP,1392933569.999999,1757215785568
2025-09-07 03:29:45.549000+00:00,DOGS-USDT-SWAP,19081711000.0,1757215785549
2025-09-07 03:29:45.553000+00:00,DOOD-USDT-SWAP,135888000.0,1757215785553
2025-09-07 03:29:45.562000+00:00,DOT-USDT-SWAP,5694740.0,1757215785562
2025-09-07 03:29:45.561000+00:00,DUCK-USDT-SWAP,846153200.0,1757215785561
2025-09-07 03:29:45.720000+00:00,DYDX-USDT-SWAP,9122921.0,1757215785720
2025-09-07 03:29:45.568000+00:00,EGLD-USDT-SWAP,101384.3,1757215785568
2025-09-07 03:29:45.558000+00:00,EIGEN-USDT-SWAP,3619331.0,1757215785558
2025-09-07 03:29:45.560000+00:00,ENJ-USDT-SWAP,12960730.0,1757215785560
2025-09-07 03:29:45.561000+00:00,ENS-USDT-SWAP,352606.3,1757215785561
2025-09-07 03:29:46.139000+00:00,ETC-USDT-SWAP,1096439.2000000007,1757215786139
2025-09-07 03:29:46.156000+00:00,ETH-USDT-SWAP,741406.1820000019,1757215786156
2025-09-07 03:29:46.147000+00:00,ETHFI-USDT-SWAP,8078176.0,1757215786147
2025-09-07 03:29:46.160000+00:00,ETHW-USDT-SWAP,1297768.6,1757215786160
2025-09-07 03:29:46.149000+00:00,FARTCOIN-USDT-SWAP,20504537.0,1757215786149
2025-09-07 03:29:46.160000+00:00,FIL-USDT-SWAP,13859028.9,1757215786160
2025-09-07 03:29:46.159000+00:00,FLM-USDT-SWAP,26196180.0,1757215786159
2025-09-07 03:29:46.151000+00:00,FLOKI-USDT-SWAP,42714000000.0,1757215786151
2025-09-07 03:29:46.140000+00:00,FLOW-USDT-SWAP,4293760.0,1757215786140
2025-09-07 03:29:46.149000+00:00,FXS-USDT-SWAP,253615.0,1757215786149
2025-09-07 03:29:46.593000+00:00,GALA-USDT-SWAP,420346700.0,1757215786593
2025-09-07 03:29:46.609000+00:00,GAS-USDT-SWAP,480105.0,1757215786609
2025-09-07 03:29:46.596000+00:00,GLM-USDT-SWAP,2686330.0,1757215786596
2025-09-07 03:29:46.594000+00:00,GMT-USDT-SWAP,46456494.0,1757215786594
2025-09-07 03:29:46.596000+00:00,GMX-USDT-SWAP,73283.5,1757215786596
2025-09-07 03:29:46.596000+00:00,GOAT-USDT-SWAP,25332590.0,1757215786596
2025-09-07 03:29:46.627000+00:00,GODS-USDT-SWAP,6289683.0,1757215786627
2025-09-07 03:29:46.600000+00:00,GPS-USDT-SWAP,171863970.0,1757215786600
2025-09-07 03:29:46.599000+00:00,GRASS-USDT-SWAP,2703685.0,1757215786599
2025-09-07 03:29:46.604000+00:00,GRIFFAIN-USDT-SWAP,23870890.0,1757215786604
2025-09-07 03:29:47.066000+00:00,GRT-USDT-SWAP,22362130.0,1757215787066
2025-09-07 03:29:47.088000+00:00,H-USDT-SWAP,62318500.0,1757215787088
2025-09-07 03:29:47.080000+00:00,HBAR-USDT-SWAP,73932589.99999999,1757215787080
2025-09-07 03:29:47.073000+00:00,HMSTR-USDT-SWAP,946199700.0,1757215787073
2025-09-07 03:29:47.076000+00:00,HOME-USDT-SWAP,25322500.0,1757215787076
2025-09-07 03:29:47.073000+00:00,HUMA-USDT-SWAP,87708600.0,1757215787073
2025-09-07 03:29:47.098000+00:00,HYPE-USDT-SWAP,797399.7,1757215787098
2025-09-07 03:29:47.080000+00:00,ICP-USDT-SWAP,1224324.46,1757215787080
2025-09-07 03:29:47.077000+00:00,ICX-USDT-SWAP,6336820.0,1757215787077
2025-09-07 03:29:47.083000+00:00,IMX-USDT-SWAP,6603992.0,1757215787083
2025-09-07 03:29:47.527000+00:00,INIT-USDT-SWAP,2461920.0,1757215787527
2025-09-07 03:29:47.525000+00:00,INJ-USDT-SWAP,852524.1,1757215787525
2025-09-07 03:29:47.528000+00:00,IOST-USDT-SWAP,312106000.0,1757215787528
2025-09-07 03:29:47.536000+00:00,IOTA-USDT-SWAP,15851060.0,1757215787536
2025-09-07 03:29:47.533000+00:00,IP-USDT-SWAP,2947555.0,1757215787533
2025-09-07 03:29:47.541000+00:00,JELLYJELLY-USDT-SWAP,218942600.0,1757215787541
2025-09-07 03:29:47.539000+00:00,JOE-USDT-SWAP,7292600.0,1757215787539
2025-09-07 03:29:47.528000+00:00,JTO-USDT-SWAP,2922384.0,1757215787528
2025-09-07 03:29:47.538000+00:00,JUP-USDT-SWAP,14414440.0,1757215787538
2025-09-07 03:29:47.982000+00:00,KAITO-USDT-SWAP,3427092.0,1757215787982
2025-09-07 03:29:47.978000+00:00,KMNO-USDT-SWAP,17097500.0,1757215787978
2025-09-07 03:29:47.985000+00:00,KSM-USDT-SWAP,122761.9,1757215787985
2025-09-07 03:29:47.988000+00:00,LA-USDT-SWAP,3170810.0,1757215787988
2025-09-07 03:29:47.987000+00:00,LAUNCHCOIN-USDT-SWAP,39803980.0,1757215787987
2025-09-07 03:29:47.983000+00:00,LAYER-USDT-SWAP,6094744.0,1757215787983
2025-09-07 03:29:47.993000+00:00,LDO-USDT-SWAP,14653281.0,1757215787993
2025-09-07 03:29:47.980000+00:00,LINK-USDT-SWAP,2581438.2,1757215787980
2025-09-07 03:29:47.979000+00:00,LPT-USDT-SWAP,839730.9,1757215787979
2025-09-07 03:29:47.988000+00:00,LQTY-USDT-SWAP,1564377.0,1757215787988
2025-09-07 03:29:48.416000+00:00,LRC-USDT-SWAP,17694820.0,1757215788416
2025-09-07 03:29:48.417000+00:00,LTC-USDT-SWAP,635345.8,1757215788417
2025-09-07 03:29:48.446000+00:00,LUNA-USDT-SWAP,15470068.0,1757215788446
2025-09-07 03:29:48.418000+00:00,LUNC-USDT-SWAP,33107860000.0,1757215788418
2025-09-07 03:29:48.425000+00:00,MAGIC-USDT-SWAP,19573647.0,1757215788425
2025-09-07 03:29:48.428000+00:00,MAJOR-USDT-SWAP,4770030.0,1757215788428
2025-09-07 03:29:48.447000+00:00,MANA-USDT-SWAP,10408080.0,1757215788447
2025-09-07 03:29:48.418000+00:00,MASK-USDT-SWAP,3091764.0,1757215788418
2025-09-07 03:29:48.428000+00:00,ME-USDT-SWAP,3025343.0,1757215788428
2025-09-07 03:29:48.422000+00:00,MEME-USDT-SWAP,1899951400.0,1757215788422
2025-09-07 03:29:48.875000+00:00,MERL-USDT-SWAP,59696629.0,1757215788875
2025-09-07 03:29:48.879000+00:00,METIS-USDT-SWAP,96132.8,1757215788879
2025-09-07 03:29:48.878000+00:00,MEW-USDT-SWAP,1013795000.0,1757215788878
2025-09-07 03:29:48.876000+00:00,MINA-USDT-SWAP,7182259.0,1757215788876
2025-09-07 03:29:48.880000+00:00,MOG-USDT-SWAP,684916000000.0,1757215788880
2025-09-07 03:29:48.892000+00:00,MOODENG-USDT-SWAP,47546470.0,1757215788892
2025-09-07 03:29:48.877000+00:00,MORPHO-USDT-SWAP,1349653.0,1757215788877
2025-09-07 03:29:48.874000+00:00,MOVE-USDT-SWAP,29512780.0,1757215788874
2025-09-07 03:29:48.883000+00:00,MUBARAK-USDT-SWAP,13404300.0,1757215788883
2025-09-07 03:29:49.313000+00:00,NEAR-USDT-SWAP,5432126.0,1757215789313
2025-09-07 03:29:49.322000+00:00,NEIRO-USDT-SWAP,9125534000.0,1757215789322
2025-09-07 03:29:49.320000+00:00,NEIROETH-USDT-SWAP,24064200.0,1757215789320
2025-09-07 03:29:49.325000+00:00,NEO-USDT-SWAP,311069.0,1757215789325
2025-09-07 03:29:49.325000+00:00,NEWT-USDT-SWAP,3722640.0,1757215789325
2025-09-07 03:29:49.327000+00:00,NMR-USDT-SWAP,681067.0,1757215789327
2025-09-07 03:29:49.338000+00:00,NOT-USDT-SWAP,1747540200.0,1757215789338
2025-09-07 03:29:49.336000+00:00,NXPC-USDT-SWAP,826247.0,1757215789336
2025-09-07 03:29:49.332000+00:00,OL-USDT-SWAP,90917170.0,1757215789332
2025-09-07 03:29:49.331000+00:00,OM-USDT-SWAP,26153839.0,1757215789331
2025-09-07 03:29:49.776000+00:00,ONDO-USDT-SWAP,19625490.0,1757215789776
2025-09-07 03:29:49.780000+00:00,ONE-USDT-SWAP,78333300.0,1757215789780
2025-09-07 03:29:49.783000+00:00,ONT-USDT-SWAP,14274120.0,1757215789783
2025-09-07 03:29:49.797000+00:00,OP-USDT-SWAP,20359199.0,1757215789797
2025-09-07 03:29:49.785000+00:00,ORBS-USDT-SWAP,25919200.0,1757215789785
2025-09-07 03:29:49.786000+00:00,ORDI-USDT-SWAP,1170942.1,1757215789786
2025-09-07 03:29:49.785000+00:00,PARTI-USDT-SWAP,13718320.0,1757215789785
2025-09-07 03:29:49.782000+00:00,PENGU-USDT-SWAP,561173800.0,1757215789782
2025-09-07 03:29:49.795000+00:00,PEOPLE-USDT-SWAP,304210900.0,1757215789795
2025-09-07 03:29:49.784000+00:00,PEPE-USDT-SWAP,6545541000000.004,1757215789784
2025-09-07 03:29:50.226000+00:00,PERP-USDT-SWAP,2463251.0,1757215790226
2025-09-07 03:29:50.373000+00:00,PI-USDT-SWAP,33353411.0,1757215790373
2025-09-07 03:29:50.234000+00:00,PLUME-USDT-SWAP,14221040.0,1757215790234
2025-09-07 03:29:50.232000+00:00,PNUT-USDT-SWAP,37771130.0,1757215790232
2025-09-07 03:29:50.230000+00:00,POL-USDT-SWAP,39076560.0,1757215790230
2025-09-07 03:29:50.245000+00:00,POPCAT-USDT-SWAP,10759900.0,1757215790245
2025-09-07 03:29:50.241000+00:00,PRCL-USDT-SWAP,21224287.0,1757215790241
2025-09-07 03:29:50.226000+00:00,PROMPT-USDT-SWAP,30847550.0,1757215790226
2025-09-07 03:29:50.236000+00:00,PUMP-USDT-SWAP,6711113000.0,1757215790236
2025-09-07 03:29:50.237000+00:00,PYTH-USDT-SWAP,48560390.0,1757215790237
2025-09-07 03:29:50.800000+00:00,QTUM-USDT-SWAP,1520137.0,1757215790800
2025-09-07 03:29:50.805000+00:00,RAY-USDT-SWAP,951972.0,1757215790805
2025-09-07 03:29:50.803000+00:00,RENDER-USDT-SWAP,1390908.0,1757215790803
2025-09-07 03:29:50.799000+00:00,RESOLV-USDT-SWAP,27856000.0,1757215790799
2025-09-07 03:29:50.800000+00:00,RSR-USDT-SWAP,251663800.0,1757215790800
2025-09-07 03:29:50.803000+00:00,RVN-USDT-SWAP,83449110.0,1757215790803
2025-09-07 03:29:50.809000+00:00,S-USDT-SWAP,13719920.0,1757215790809
2025-09-07 03:29:50.798000+00:00,SAHARA-USDT-SWAP,55789000.0,1757215790798
2025-09-07 03:29:50.805000+00:00,SAND-USDT-SWAP,19548040.0,1757215790805
2025-09-07 03:29:50.800000+00:00,SATS-USDT-SWAP,171699600000000.0,1757215790800
2025-09-07 03:29:51.232000+00:00,SCR-USDT-SWAP,3263695.0,1757215791232
2025-09-07 03:29:51.232000+00:00,SHELL-USDT-SWAP,5720700.0,1757215791232
2025-09-07 03:29:51.242000+00:00,SHIB-USDT-SWAP,1312026500000.0,1757215791242
2025-09-07 03:29:51.236000+00:00,SIGN-USDT-SWAP,45444500.0,1757215791236
2025-09-07 03:29:51.241000+00:00,SLP-USDT-SWAP,452955810.0,1757215791241
2025-09-07 03:29:51.250000+00:00,SNX-USDT-SWAP,2450384.0,1757215791250
2025-09-07 03:29:51.250000+00:00,SOL-USDT-SWAP,3419999.950000001,1757215791250
2025-09-07 03:29:51.238000+00:00,SOLV-USDT-SWAP,50190800.0,1757215791238
2025-09-07 03:29:51.237000+00:00,SONIC-USDT-SWAP,7185181.0,1757215791237
2025-09-07 03:29:51.239000+00:00,SOON-USDT-SWAP,8592370.0,1757215791239
2025-09-07 03:29:51.691000+00:00,SOPH-USDT-SWAP,89950800.0,1757215791691
2025-09-07 03:29:51.699000+00:00,SPK-USDT-SWAP,138155400.0,1757215791699
2025-09-07 03:29:51.699000+00:00,SPX-USDT-SWAP,1148073.0,1757215791699
2025-09-07 03:29:51.697000+00:00,SSV-USDT-SWAP,294373.4,1757215791697
2025-09-07 03:29:51.695000+00:00,STORJ-USDT-SWAP,5554190.0,1757215791695
2025-09-07 03:29:51.697000+00:00,STRK-USDT-SWAP,26013909.0,1757215791697
2025-09-07 03:29:51.696000+00:00,STX-USDT-SWAP,6756763.000000001,1757215791696
2025-09-07 03:29:51.698000+00:00,SUI-USDT-SWAP,20854940.0,1757215791698
2025-09-07 03:29:51.699000+00:00,SUSHI-USDT-SWAP,8127628.0,1757215791699
2025-09-07 03:29:51.701000+00:00,SWARMS-USDT-SWAP,80319140.0,1757215791701
2025-09-07 03:29:52.126000+00:00,SYRUP-USDT-SWAP,3214140.0,1757215792126
2025-09-07 03:29:52.251000+00:00,T-USDT-SWAP,39431200.0,1757215792251
2025-09-07 03:29:52.139000+00:00,TAO-USDT-SWAP,15698.27,1757215792139
2025-09-07 03:29:52.134000+00:00,THETA-USDT-SWAP,2628966.9999999995,1757215792134
2025-09-07 03:29:52.128000+00:00,TIA-USDT-SWAP,5248011.0,1757215792128
2025-09-07 03:29:52.139000+00:00,TNSR-USDT-SWAP,8377982.0,1757215792139
2025-09-07 03:29:52.149000+00:00,TON-USDT-SWAP,9774257.0,1757215792149
2025-09-07 03:29:52.146000+00:00,TRB-USDT-SWAP,282885.9,1757215792146
2025-09-07 03:29:52.136000+00:00,TREE-USDT-SWAP,7650933.0,1757215792136
2025-09-07 03:29:52.130000+00:00,TRUMP-USDT-SWAP,5415271.9,1757215792130
2025-09-07 03:29:52.671000+00:00,TRX-USDT-SWAP,108031480.00000003,1757215792671
2025-09-07 03:29:52.678000+00:00,TURBO-USDT-SWAP,829604000.0000002,1757215792678
2025-09-07 03:29:52.682000+00:00,UMA-USDT-SWAP,1509865.5,1757215792682
2025-09-07 03:29:52.677000+00:00,UNI-USDT-SWAP,3116468.0,1757215792677
2025-09-07 03:29:52.678000+00:00,USDC-USDT-SWAP,1029780.0,1757215792678
2025-09-07 03:29:52.686000+00:00,USELESS-USDT-SWAP,17507980.0,1757215792686
2025-09-07 03:29:52.690000+00:00,USTC-USDT-SWAP,146815300.0,1757215792690
2025-09-07 03:29:52.684000+00:00,UXLINK-USDT-SWAP,5586140.0,1757215792684
2025-09-07 03:29:52.681000+00:00,VANA-USDT-SWAP,133370.5,1757215792681
2025-09-07 03:29:52.686000+00:00,VINE-USDT-SWAP,103756360.0,1757215792686
2025-09-07 03:29:53.131000+00:00,VIRTUAL-USDT-SWAP,3276382.0,1757215793131
2025-09-07 03:29:53.133000+00:00,W-USDT-SWAP,48421964.0,1757215793133
2025-09-07 03:29:53.140000+00:00,WAL-USDT-SWAP,2152120.0,1757215793140
2025-09-07 03:29:53.135000+00:00,WAXP-USDT-SWAP,27704000.0,1757215793135
2025-09-07 03:29:53.136000+00:00,WCT-USDT-SWAP,10400670.0,1757215793136
2025-09-07 03:29:53.144000+00:00,WIF-USDT-SWAP,17391157.0,1757215793144
2025-09-07 03:29:53.141000+00:00,WLD-USDT-SWAP,34734597.0,1757215793141
2025-09-07 03:29:53.146000+00:00,WLFI-USDT-SWAP,308176900.0,1757215793146
2025-09-07 03:29:53.135000+00:00,WOO-USDT-SWAP,14909970.0,1757215793135
2025-09-07 03:29:53.143000+00:00,XAUT-USDT-SWAP,5973.06,1757215793143
2025-09-07 03:29:53.593000+00:00,XLM-USDT-SWAP,39099219.999999985,1757215793593
2025-09-07 03:29:53.605000+00:00,XPL-USDT-SWAP,6914340.0,1757215793605
2025-09-07 03:29:53.589000+00:00,XRP-USDT-SWAP,91499380.0,1757215793589
2025-09-07 03:29:53.600000+00:00,XTZ-USDT-SWAP,5701679.0,1757215793600
2025-09-07 03:29:53.598000+00:00,YFI-USDT-SWAP,368.211,1757215793598
2025-09-07 03:29:53.609000+00:00,YGG-USDT-SWAP,27813472.0,1757215793609
2025-09-07 03:29:53.592000+00:00,ZENT-USDT-SWAP,170047300.0,1757215793592
2025-09-07 03:29:53.597000+00:00,ZEREBRO-USDT-SWAP,76920010.0,1757215793597
2025-09-07 03:29:53.598000+00:00,ZETA-USDT-SWAP,5579840.0,1757215793598
2025-09-07 03:29:53.589000+00:00,ZIL-USDT-SWAP,159636000.0,1757215793589
2025-09-07 03:29:54.047000+00:00,ZK-USDT-SWAP,50752660.0,1757215794047
2025-09-07 03:29:54.046000+00:00,ZRO-USDT-SWAP,2189435.0,1757215794046
2025-09-07 03:29:54.218000+00:00,ZRX-USDT-SWAP,8021710.0,1757215794218
2025-09-07 03:48:27.152000+00:00,1INCH-USDT-SWAP,7724594.0,1757216907152
2025-09-07 03:48:27.130000+00:00,A-USDT-SWAP,9799450.0,1757216907130
2025-09-07 03:48:27.122000+00:00,AAVE-USDT-SWAP,133112.57,1757216907122
2025-09-07 03:48:27.126000+00:00,ACE-USDT-SWAP,1911031.0,1757216907126
2025-09-07 03:48:27.114000+00:00,ACH-USDT-SWAP,76500000.0,1757216907114
2025-09-07 03:48:27.122000+00:00,ACT-USDT-SWAP,80724002.0,1757216907122
2025-09-07 03:48:27.118000+00:00,ADA-USDT-SWAP,77463340.00000001,1757216907118
2025-09-07 03:48:27.160000+00:00,AERO-USDT-SWAP,1635390.0,1757216907160
2025-09-07 03:48:27.125000+00:00,AEVO-USDT-SWAP,13011628.0,1757216907125
2025-09-07 03:48:27.121000+00:00,AGLD-USDT-SWAP,1892991.0,1757216907121
2025-09-07 03:48:27.548000+00:00,AI16Z-USDT-SWAP,51261066.0,1757216907548
2025-09-07 03:48:27.553000+00:00,AIXBT-USDT-SWAP,23103250.0,1757216907553
2025-09-07 03:48:27.550000+00:00,ALCH-USDT-SWAP,23032760.0,1757216907550
2025-09-07 03:48:27.549000+00:00,ALGO-USDT-SWAP,28172920.0,1757216907549
2025-09-07 03:48:27.548000+00:00,ANIME-USDT-SWAP,113007220.0,1757216907548
2025-09-07 03:48:27.560000+00:00,APE-USDT-SWAP,8020309.8,1757216907560
2025-09-07 03:48:27.558000+00:00,API3-USDT-SWAP,4851850.0,1757216907558
2025-09-07 03:48:27.553000+00:00,APT-USDT-SWAP,3700722.0,1757216907553
2025-09-07 03:48:27.549000+00:00,AR-USDT-SWAP,529005.4,1757216907549
2025-09-07 03:48:27.548000+00:00,ARB-USDT-SWAP,33368600.999999993,1757216907548
2025-09-07 03:48:27.957000+00:00,ARC-USDT-SWAP,60794770.0,1757216907957
2025-09-07 03:48:27.960000+00:00,ARKM-USDT-SWAP,3505977.0,1757216907960
2025-09-07 03:48:27.962000+00:00,ATH-USDT-SWAP,141424900.0,1757216907962
2025-09-07 03:48:27.955000+00:00,ATOM-USDT-SWAP,1842932.0,1757216907955
2025-09-07 03:48:27.967000+00:00,AUCTION-USDT-SWAP,211412.4,1757216907967
2025-09-07 03:48:27.959000+00:00,AVAAI-USDT-SWAP,53614830.0,1757216907959
2025-09-07 03:48:27.973000+00:00,AVAX-USDT-SWAP,1842327.8,1757216907973
2025-09-07 03:48:27.976000+00:00,AXS-USDT-SWAP,1182332.5,1757216907976
2025-09-07 03:48:27.961000+00:00,BABY-USDT-SWAP,39309890.0,1757216907961
2025-09-07 03:48:27.965000+00:00,BAND-USDT-SWAP,1728978.0,1757216907965
2025-09-07 03:48:28.371000+00:00,BAT-USDT-SWAP,5713360.0,1757216908371
2025-09-07 03:48:28.371000+00:00,BCH-USDT-SWAP,81606.73999999999,1757216908371
2025-09-07 03:48:28.373000+00:00,BERA-USDT-SWAP,2347757.8,1757216908373
2025-09-07 03:48:28.362000+00:00,BICO-USDT-SWAP,7008952.0,1757216908362
2025-09-07 03:48:28.361000+00:00,BIGTIME-USDT-SWAP,40474620.0,1757216908361
2025-09-07 03:48:28.411000+00:00,BIO-USDT-SWAP,74138800.0,1757216908411
2025-09-07 03:48:28.372000+00:00,BLUR-USDT-SWAP,23669650.0,1757216908372
2025-09-07 03:48:28.532000+00:00,BNB-USDT-SWAP,90179.96,1757216908532
2025-09-07 03:48:28.366000+00:00,BNT-USDT-SWAP,697120.0,1757216908366
2025-09-07 03:48:28.370000+00:00,BOME-USDT-SWAP,1343450000.0,1757216908370
2025-09-07 03:48:28.933000+00:00,BONK-USDT-SWAP,483335100000.0,1757216908933
2025-09-07 03:48:28.939000+00:00,BRETT-USDT-SWAP,13697500.0,1757216908939
2025-09-07 03:48:28.932000+00:00,BTC-USDT-SWAP,27271.013300000057,1757216908932
2025-09-07 03:48:28.930000+00:00,CAT-USDT-SWAP,201363400000.0,1757216908930
2025-09-07 03:48:28.925000+00:00,CATI-USDT-SWAP,17275236.0,1757216908925
2025-09-07 03:48:28.955000+00:00,CELO-USDT-SWAP,3996406.0,1757216908955
2025-09-07 03:48:28.949000+00:00,CETUS-USDT-SWAP,17297130.0,1757216908949
2025-09-07 03:48:28.937000+00:00,CFX-USDT-SWAP,78624140.0,1757216908937
2025-09-07 03:48:29.052000+00:00,CHZ-USDT-SWAP,79351390.0,1757216909052
2025-09-07 03:48:28.941000+00:00,COMP-USDT-SWAP,92525.8,1757216908941
2025-09-07 03:48:29.450000+00:00,COOKIE-USDT-SWAP,4691910.0,1757216909450
2025-09-07 03:48:29.448000+00:00,CORE-USDT-SWAP,10034448.0,1757216909448
2025-09-07 03:48:29.443000+00:00,CRO-USDT-SWAP,67237090.0,1757216909443
2025-09-07 03:48:29.429000+00:00,CRV-USDT-SWAP,25355079.0,1757216909429
2025-09-07 03:48:29.428000+00:00,CTC-USDT-SWAP,1827130.0,1757216909428
2025-09-07 03:48:29.437000+00:00,CVC-USDT-SWAP,10057600.0,1757216909437
2025-09-07 03:48:29.443000+00:00,CVX-USDT-SWAP,304852.0,1757216909443
2025-09-07 03:48:29.442000+00:00,DEGEN-USDT-SWAP,290887200.0,1757216909442
2025-09-07 03:48:29.449000+00:00,DGB-USDT-SWAP,49241400.0,1757216909449
2025-09-07 03:48:29.441000+00:00,DOG-USDT-SWAP,567979000.0,1757216909441
2025-09-07 03:48:29.916000+00:00,DOGE-USDT-SWAP,1391234819.999999,1757216909916
2025-09-07 03:48:29.852000+00:00,DOGS-USDT-SWAP,19076038000.0,1757216909852
2025-09-07 03:48:29.856000+00:00,DOOD-USDT-SWAP,135008000.0,1757216909856
2025-09-07 03:48:29.839000+00:00,DOT-USDT-SWAP,5686550.0,1757216909839
2025-09-07 03:48:29.841000+00:00,DUCK-USDT-SWAP,846526500.0,1757216909841
2025-09-07 03:48:29.845000+00:00,DYDX-USDT-SWAP,9102909.0,1757216909845
2025-09-07 03:48:29.848000+00:00,EGLD-USDT-SWAP,101548.5,1757216909848
2025-09-07 03:48:29.893000+00:00,EIGEN-USDT-SWAP,3596154.0,1757216909893
2025-09-07 03:48:29.847000+00:00,ENJ-USDT-SWAP,12987420.0,1757216909847
2025-09-07 03:48:29.845000+00:00,ENS-USDT-SWAP,352998.0,1757216909845
2025-09-07 03:48:30.304000+00:00,ETC-USDT-SWAP,1097418.6000000006,1757216910304
2025-09-07 03:48:30.320000+00:00,ETH-USDT-SWAP,741881.1370000019,1757216910320
2025-09-07 03:48:30.375000+00:00,ETHFI-USDT-SWAP,8073870.0,1757216910375
2025-09-07 03:48:30.395000+00:00,ETHW-USDT-SWAP,1298808.5,1757216910395
2025-09-07 03:48:30.340000+00:00,FARTCOIN-USDT-SWAP,20490987.0,1757216910340
2025-09-07 03:48:30.375000+00:00,FIL-USDT-SWAP,13837906.0,1757216910375
2025-09-07 03:48:30.305000+00:00,FLM-USDT-SWAP,26269450.0,1757216910305
2025-09-07 03:48:30.304000+00:00,FLOKI-USDT-SWAP,42277400000.0,1757216910304
2025-09-07 03:48:30.366000+00:00,FLOW-USDT-SWAP,4290670.0,1757216910366
2025-09-07 03:48:30.304000+00:00,FXS-USDT-SWAP,253791.0,1757216910304
2025-09-07 03:48:30.777000+00:00,GALA-USDT-SWAP,419542770.0,1757216910777
2025-09-07 03:48:30.781000+00:00,GAS-USDT-SWAP,479585.0,1757216910781
2025-09-07 03:48:30.780000+00:00,GLM-USDT-SWAP,2684600.0,1757216910780
2025-09-07 03:48:30.782000+00:00,GMT-USDT-SWAP,46436095.0,1757216910782
2025-09-07 03:48:30.775000+00:00,GMX-USDT-SWAP,73154.9,1757216910775
2025-09-07 03:48:30.792000+00:00,GOAT-USDT-SWAP,25453980.0,1757216910792
2025-09-07 03:48:30.803000+00:00,GODS-USDT-SWAP,6288921.0,1757216910803
2025-09-07 03:48:30.784000+00:00,GPS-USDT-SWAP,172055410.0,1757216910784
2025-09-07 03:48:30.784000+00:00,GRASS-USDT-SWAP,2705139.0,1757216910784
2025-09-07 03:48:30.787000+00:00,GRIFFAIN-USDT-SWAP,23950450.0,1757216910787
2025-09-07 03:48:31.191000+00:00,GRT-USDT-SWAP,22291110.0,1757216911191
2025-09-07 03:48:31.196000+00:00,H-USDT-SWAP,62485800.0,1757216911196
2025-09-07 03:48:31.192000+00:00,HBAR-USDT-SWAP,74048379.99999999,1757216911192
2025-09-07 03:48:31.193000+00:00,HMSTR-USDT-SWAP,944828200.0,1757216911193
2025-09-07 03:48:31.190000+00:00,HOME-USDT-SWAP,25322800.0,1757216911190
2025-09-07 03:48:31.200000+00:00,HUMA-USDT-SWAP,88091900.0,1757216911200
2025-09-07 03:48:31.232000+00:00,HYPE-USDT-SWAP,796351.1,1757216911232
2025-09-07 03:48:31.195000+00:00,ICP-USDT-SWAP,1224167.76,1757216911195
2025-09-07 03:48:31.187000+00:00,ICX-USDT-SWAP,6285460.0,1757216911187
2025-09-07 03:48:31.202000+00:00,IMX-USDT-SWAP,6598844.0,1757216911202
2025-09-07 03:48:31.646000+00:00,INIT-USDT-SWAP,2469470.0,1757216911646
2025-09-07 03:48:31.637000+00:00,INJ-USDT-SWAP,852764.4,1757216911637
2025-09-07 03:48:31.625000+00:00,IOST-USDT-SWAP,312254000.0,1757216911625
2025-09-07 03:48:31.622000+00:00,IOTA-USDT-SWAP,15862200.0,1757216911622
2025-09-07 03:48:31.626000+00:00,IP-USDT-SWAP,2939919.0,1757216911626
2025-09-07 03:48:31.637000+00:00,JELLYJELLY-USDT-SWAP,218636900.0,1757216911637
2025-09-07 03:48:31.636000+00:00,JOE-USDT-SWAP,7283950.0,1757216911636
2025-09-07 03:48:31.626000+00:00,JTO-USDT-SWAP,2924627.0,1757216911626
2025-09-07 03:48:31.633000+00:00,JUP-USDT-SWAP,14396240.0,1757216911633
2025-09-07 03:48:32.052000+00:00,KAITO-USDT-SWAP,3421696.0,1757216912052
2025-09-07 03:48:32.034000+00:00,KMNO-USDT-SWAP,17118100.0,1757216912034
2025-09-07 03:48:32.028000+00:00,KSM-USDT-SWAP,122696.5,1757216912028
2025-09-07 03:48:32.030000+00:00,LA-USDT-SWAP,3166360.0,1757216912030
2025-09-07 03:48:32.026000+00:00,LAUNCHCOIN-USDT-SWAP,39551960.0,1757216912026
2025-09-07 03:48:32.031000+00:00,LAYER-USDT-SWAP,6095979.0,1757216912031
2025-09-07 03:48:32.039000+00:00,LDO-USDT-SWAP,14666620.0,1757216912039
2025-09-07 03:48:32.034000+00:00,LINK-USDT-SWAP,2584993.4000000004,1757216912034
2025-09-07 03:48:32.031000+00:00,LPT-USDT-SWAP,841498.7,1757216912031
2025-09-07 03:48:32.031000+00:00,LQTY-USDT-SWAP,1563815.0,1757216912031
2025-09-07 03:48:32.458000+00:00,LRC-USDT-SWAP,17693130.0,1757216912458
2025-09-07 03:48:32.439000+00:00,LTC-USDT-SWAP,635489.8,1757216912439
2025-09-07 03:48:32.442000+00:00,LUNA-USDT-SWAP,15471859.0,1757216912442
2025-09-07 03:48:32.433000+00:00,LUNC-USDT-SWAP,33112750000.0,1757216912433
2025-09-07 03:48:32.434000+00:00,MAGIC-USDT-SWAP,19490431.0,1757216912434
2025-09-07 03:48:32.452000+00:00,MAJOR-USDT-SWAP,4733739.0,1757216912452
2025-09-07 03:48:32.461000+00:00,MANA-USDT-SWAP,10434000.0,1757216912461
2025-09-07 03:48:32.449000+00:00,MASK-USDT-SWAP,3094334.0,1757216912449
2025-09-07 03:48:32.439000+00:00,ME-USDT-SWAP,3025099.0,1757216912439
2025-09-07 03:48:32.440000+00:00,MEME-USDT-SWAP,1888578500.0,1757216912440
2025-09-07 03:48:32.859000+00:00,MERL-USDT-SWAP,60072353.0,1757216912859
2025-09-07 03:48:32.861000+00:00,METIS-USDT-SWAP,96101.5,1757216912861
2025-09-07 03:48:32.871000+00:00,MEW-USDT-SWAP,1012577000.0,1757216912871
2025-09-07 03:48:32.862000+00:00,MINA-USDT-SWAP,7190479.0,1757216912862
2025-09-07 03:48:32.866000+00:00,MOG-USDT-SWAP,685137000000.0,1757216912866
2025-09-07 03:48:32.883000+00:00,MOODENG-USDT-SWAP,47468380.0,1757216912883
2025-09-07 03:48:32.876000+00:00,MORPHO-USDT-SWAP,1347504.0,1757216912876
2025-09-07 03:48:32.862000+00:00,MOVE-USDT-SWAP,29497070.0,1757216912862
2025-09-07 03:48:32.869000+00:00,MUBARAK-USDT-SWAP,13356200.0,1757216912869
2025-09-07 03:48:33.278000+00:00,NEAR-USDT-SWAP,5436555.0,1757216913278
2025-09-07 03:48:33.275000+00:00,NEIRO-USDT-SWAP,9117282000.0,1757216913275
2025-09-07 03:48:33.272000+00:00,NEIROETH-USDT-SWAP,23961800.0,1757216913272
2025-09-07 03:48:33.272000+00:00,NEO-USDT-SWAP,311872.0,1757216913272
2025-09-07 03:48:33.273000+00:00,NEWT-USDT-SWAP,3701200.0,1757216913273
2025-09-07 03:48:33.278000+00:00,NMR-USDT-SWAP,633144.4,1757216913278
2025-09-07 03:48:33.280000+00:00,NOT-USDT-SWAP,1745364700.0,1757216913280
2025-09-07 03:48:33.283000+00:00,NXPC-USDT-SWAP,824949.0,1757216913283
2025-09-07 03:48:33.273000+00:00,OL-USDT-SWAP,90791360.0,1757216913273
2025-09-07 03:48:33.284000+00:00,OM-USDT-SWAP,26090623.0,1757216913284
2025-09-07 03:48:33.687000+00:00,ONDO-USDT-SWAP,19609240.0,1757216913687
2025-09-07 03:48:33.693000+00:00,ONE-USDT-SWAP,78169100.0,1757216913693
2025-09-07 03:48:33.685000+00:00,ONT-USDT-SWAP,14288110.0,1757216913685
2025-09-07 03:48:33.686000+00:00,OP-USDT-SWAP,20291855.0,1757216913686
2025-09-07 03:48:33.688000+00:00,ORBS-USDT-SWAP,25868700.0,1757216913688
2025-09-07 03:48:33.682000+00:00,ORDI-USDT-SWAP,1168968.7,1757216913682
2025-09-07 03:48:33.709000+00:00,PARTI-USDT-SWAP,13788540.0,1757216913709
2025-09-07 03:48:33.721000+00:00,PENGU-USDT-SWAP,557426900.0,1757216913721
2025-09-07 03:48:33.690000+00:00,PEOPLE-USDT-SWAP,303830000.0,1757216913690
2025-09-07 03:48:33.685000+00:00,PEPE-USDT-SWAP,6537316000000.003,1757216913685
2025-09-07 03:48:34.111000+00:00,PERP-USDT-SWAP,2464281.0,1757216914111
2025-09-07 03:48:34.121000+00:00,PI-USDT-SWAP,33265355.0,1757216914121
2025-09-07 03:48:34.123000+00:00,PLUME-USDT-SWAP,14220110.0,1757216914123
2025-09-07 03:48:34.105000+00:00,PNUT-USDT-SWAP,37948380.0,1757216914105
2025-09-07 03:48:34.103000+00:00,POL-USDT-SWAP,39188880.0,1757216914103
2025-09-07 03:48:34.108000+00:00,POPCAT-USDT-SWAP,10743390.0,1757216914108
2025-09-07 03:48:34.115000+00:00,PRCL-USDT-SWAP,21241876.0,1757216914115
2025-09-07 03:48:34.111000+00:00,PROMPT-USDT-SWAP,30872580.0,1757216914111
2025-09-07 03:48:34.107000+00:00,PUMP-USDT-SWAP,6671250000.0,1757216914107
2025-09-07 03:48:34.117000+00:00,PYTH-USDT-SWAP,48476680.0,1757216914117
2025-09-07 03:48:34.522000+00:00,QTUM-USDT-SWAP,1522413.0,1757216914522
2025-09-07 03:48:34.528000+00:00,RAY-USDT-SWAP,943476.0,1757216914528
2025-09-07 03:48:34.512000+00:00,RENDER-USDT-SWAP,1394046.0,1757216914512
2025-09-07 03:48:34.507000+00:00,RESOLV-USDT-SWAP,27816060.0,1757216914507
2025-09-07 03:48:34.510000+00:00,RSR-USDT-SWAP,251865900.0,1757216914510
2025-09-07 03:48:34.522000+00:00,RVN-USDT-SWAP,83468140.0,1757216914522
2025-09-07 03:48:34.525000+00:00,S-USDT-SWAP,13748540.0,1757216914525
2025-09-07 03:48:34.515000+00:00,SAHARA-USDT-SWAP,55780000.0,1757216914515
2025-09-07 03:48:34.515000+00:00,SAND-USDT-SWAP,19542310.0,1757216914515
2025-09-07 03:48:34.525000+00:00,SATS-USDT-SWAP,170915430000000.0,1757216914525
2025-09-07 03:48:34.911000+00:00,SCR-USDT-SWAP,3263688.0,1757216914911
2025-09-07 03:48:34.914000+00:00,SHELL-USDT-SWAP,5740370.0,1757216914914
2025-09-07 03:48:34.914000+00:00,SHIB-USDT-SWAP,1311566600000.0,1757216914914
2025-09-07 03:48:34.916000+00:00,SIGN-USDT-SWAP,45432100.0,1757216914916
2025-09-07 03:48:34.914000+00:00,SLP-USDT-SWAP,452376960.0,1757216914914
2025-09-07 03:48:34.923000+00:00,SNX-USDT-SWAP,2449263.0,1757216914923
2025-09-07 03:48:34.936000+00:00,SOL-USDT-SWAP,3419247.4200000023,1757216914936
2025-09-07 03:48:34.946000+00:00,SOLV-USDT-SWAP,50195800.0,1757216914946
2025-09-07 03:48:34.912000+00:00,SONIC-USDT-SWAP,7185392.0,1757216914912
2025-09-07 03:48:34.913000+00:00,SOON-USDT-SWAP,8595510.0,1757216914913
2025-09-07 03:48:35.328000+00:00,SOPH-USDT-SWAP,89948100.0,1757216915328
2025-09-07 03:48:35.331000+00:00,SPK-USDT-SWAP,138449500.0,1757216915331
2025-09-07 03:48:35.365000+00:00,SPX-USDT-SWAP,1146016.0,1757216915365
2025-09-07 03:48:35.380000+00:00,SSV-USDT-SWAP,297871.3,1757216915380
2025-09-07 03:48:35.363000+00:00,STORJ-USDT-SWAP,5566430.0,1757216915363
2025-09-07 03:48:35.367000+00:00,STRK-USDT-SWAP,25947064.0,1757216915367
2025-09-07 03:48:35.342000+00:00,STX-USDT-SWAP,6756262.0,1757216915342
2025-09-07 03:48:35.460000+00:00,SUI-USDT-SWAP,20839183.0,1757216915460
2025-09-07 03:48:35.359000+00:00,SUSHI-USDT-SWAP,8120072.0,1757216915359
2025-09-07 03:48:35.339000+00:00,SWARMS-USDT-SWAP,80670670.0,1757216915339
2025-09-07 03:48:35.852000+00:00,SYRUP-USDT-SWAP,3205470.0,1757216915852
2025-09-07 03:48:35.860000+00:00,T-USDT-SWAP,39401000.0,1757216915860
2025-09-07 03:48:35.854000+00:00,TAO-USDT-SWAP,15678.41,1757216915854
2025-09-07 03:48:35.855000+00:00,THETA-USDT-SWAP,2625757.9999999995,1757216915855
2025-09-07 03:48:35.853000+00:00,TIA-USDT-SWAP,5244707.0,1757216915853
2025-09-07 03:48:35.859000+00:00,TNSR-USDT-SWAP,8378666.0,1757216915859
2025-09-07 03:48:35.866000+00:00,TON-USDT-SWAP,9773695.0,1757216915866
2025-09-07 03:48:35.856000+00:00,TRB-USDT-SWAP,284581.0,1757216915856
2025-09-07 03:48:35.852000+00:00,TREE-USDT-SWAP,7605540.0,1757216915852
2025-09-07 03:48:35.855000+00:00,TRUMP-USDT-SWAP,5432098.0,1757216915855
2025-09-07 03:48:36.249000+00:00,TRX-USDT-SWAP,107380680.00000004,1757216916249
2025-09-07 03:48:36.257000+00:00,TURBO-USDT-SWAP,817957000.0000002,1757216916257
2025-09-07 03:48:36.255000+00:00,UMA-USDT-SWAP,1509414.6,1757216916255
2025-09-07 03:48:36.248000+00:00,UNI-USDT-SWAP,3121178.0,1757216916248
2025-09-07 03:48:36.258000+00:00,USDC-USDT-SWAP,1022480.0,1757216916258
2025-09-07 03:48:36.260000+00:00,USELESS-USDT-SWAP,17488290.0,1757216916260
2025-09-07 03:48:36.338000+00:00,USTC-USDT-SWAP,146566600.0,1757216916338
2025-09-07 03:48:36.266000+00:00,UXLINK-USDT-SWAP,5575090.0,1757216916266
2025-09-07 03:48:36.257000+00:00,VANA-USDT-SWAP,133886.8,1757216916257
2025-09-07 03:48:36.255000+00:00,VINE-USDT-SWAP,103588250.0,1757216916255
2025-09-07 03:48:36.727000+00:00,VIRTUAL-USDT-SWAP,3280749.0,1757216916727
2025-09-07 03:48:36.729000+00:00,W-USDT-SWAP,48316358.0,1757216916729
2025-09-07 03:48:36.730000+00:00,WAL-USDT-SWAP,2151440.0,1757216916730
2025-09-07 03:48:36.723000+00:00,WAXP-USDT-SWAP,27702900.0,1757216916723
2025-09-07 03:48:36.723000+00:00,WCT-USDT-SWAP,10396830.0,1757216916723
2025-09-07 03:48:36.729000+00:00,WIF-USDT-SWAP,17531952.0,1757216916729
2025-09-07 03:48:36.730000+00:00,WLD-USDT-SWAP,34683700.0,1757216916730
2025-09-07 03:48:36.736000+00:00,WLFI-USDT-SWAP,307663790.0,1757216916736
2025-09-07 03:48:36.734000+00:00,WOO-USDT-SWAP,14883110.0,1757216916734
2025-09-07 03:48:36.729000+00:00,XAUT-USDT-SWAP,5965.663,1757216916729
2025-09-07 03:48:37.134000+00:00,XLM-USDT-SWAP,39079399.99999999,1757216917134
2025-09-07 03:48:37.136000+00:00,XPL-USDT-SWAP,6915980.0,1757216917136
2025-09-07 03:48:37.125000+00:00,XRP-USDT-SWAP,91454256.00000001,1757216917125
2025-09-07 03:48:37.124000+00:00,XTZ-USDT-SWAP,5704076.0,1757216917124
2025-09-07 03:48:37.118000+00:00,YFI-USDT-SWAP,368.4813,1757216917118
2025-09-07 03:48:37.123000+00:00,YGG-USDT-SWAP,27712340.0,1757216917123
2025-09-07 03:48:37.125000+00:00,ZENT-USDT-SWAP,169725500.0,1757216917125
2025-09-07 03:48:37.133000+00:00,ZEREBRO-USDT-SWAP,76581230.0,1757216917133
2025-09-07 03:48:37.126000+00:00,ZETA-USDT-SWAP,5578210.0,1757216917126
2025-09-07 03:48:37.129000+00:00,ZIL-USDT-SWAP,160086900.0,1757216917129
2025-09-07 03:48:37.525000+00:00,ZK-USDT-SWAP,50770760.0,1757216917525
2025-09-07 03:48:37.524000+00:00,ZRO-USDT-SWAP,2191070.0,1757216917524
2025-09-07 03:48:37.512000+00:00,ZRX-USDT-SWAP,8048450.0,1757216917512
2025-09-07 03:49:38.179000+00:00,1INCH-USDT-SWAP,7724941.0,1757216978179
2025-09-07 03:49:38.251000+00:00,A-USDT-SWAP,9799470.0,1757216978251
2025-09-07 03:49:38.188000+00:00,AAVE-USDT-SWAP,133112.14,1757216978188
2025-09-07 03:49:38.177000+00:00,ACE-USDT-SWAP,1910981.0,1757216978177
2025-09-07 03:49:38.188000+00:00,ACH-USDT-SWAP,76500000.0,1757216978188
2025-09-07 03:49:38.181000+00:00,ACT-USDT-SWAP,80770543.0,1757216978181
2025-09-07 03:49:38.171000+00:00,ADA-USDT-SWAP,77463880.00000001,1757216978171
2025-09-07 03:49:38.171000+00:00,AERO-USDT-SWAP,1635370.0,1757216978171
2025-09-07 03:49:38.172000+00:00,AEVO-USDT-SWAP,13010537.0,1757216978172
2025-09-07 03:49:38.161000+00:00,AGLD-USDT-SWAP,1893130.0,1757216978161
2025-09-07 03:49:38.634000+00:00,AI16Z-USDT-SWAP,51298246.0,1757216978634
2025-09-07 03:49:38.639000+00:00,AIXBT-USDT-SWAP,23155840.0,1757216978639
2025-09-07 03:49:38.643000+00:00,ALCH-USDT-SWAP,23034880.0,1757216978643
2025-09-07 03:49:38.648000+00:00,ALGO-USDT-SWAP,28170750.0,1757216978648
2025-09-07 03:49:38.638000+00:00,ANIME-USDT-SWAP,113014070.0,1757216978638
2025-09-07 03:49:38.638000+00:00,APE-USDT-SWAP,8020462.5,1757216978638
2025-09-07 03:49:38.643000+00:00,API3-USDT-SWAP,4830044.0,1757216978643
2025-09-07 03:49:38.640000+00:00,APT-USDT-SWAP,3701179.0,1757216978640
2025-09-07 03:49:38.647000+00:00,AR-USDT-SWAP,528995.9,1757216978647
2025-09-07 03:49:38.637000+00:00,ARB-USDT-SWAP,33360757.999999993,1757216978637
2025-09-07 03:49:39.032000+00:00,ARC-USDT-SWAP,60792760.0,1757216979032
2025-09-07 03:49:39.041000+00:00,ARKM-USDT-SWAP,3505251.0,1757216979041
2025-09-07 03:49:39.033000+00:00,ATH-USDT-SWAP,141424900.0,1757216979033
2025-09-07 03:49:39.032000+00:00,ATOM-USDT-SWAP,1842934.0,1757216979032
2025-09-07 03:49:39.044000+00:00,AUCTION-USDT-SWAP,211412.4,1757216979044
2025-09-07 03:49:39.031000+00:00,AVAAI-USDT-SWAP,53604110.0,1757216979031
2025-09-07 03:49:39.042000+00:00,AVAX-USDT-SWAP,1842382.1,1757216979042
2025-09-07 03:49:39.034000+00:00,AXS-USDT-SWAP,1182009.7,1757216979034
2025-09-07 03:49:39.040000+00:00,BABY-USDT-SWAP,39309870.0,1757216979040
2025-09-07 03:49:39.033000+00:00,BAND-USDT-SWAP,1729086.0,1757216979033
2025-09-07 03:49:39.435000+00:00,BAT-USDT-SWAP,5713360.0,1757216979435
2025-09-07 03:49:39.441000+00:00,BCH-USDT-SWAP,81432.47999999998,1757216979441
2025-09-07 03:49:39.442000+00:00,BERA-USDT-SWAP,2347148.4,1757216979442
2025-09-07 03:49:39.446000+00:00,BICO-USDT-SWAP,7008854.0,1757216979446
2025-09-07 03:49:39.448000+00:00,BIGTIME-USDT-SWAP,40472950.0,1757216979448
2025-09-07 03:49:39.438000+00:00,BIO-USDT-SWAP,74102962.0,1757216979438
2025-09-07 03:49:39.444000+00:00,BLUR-USDT-SWAP,23670250.0,1757216979444
2025-09-07 03:49:39.438000+00:00,BNB-USDT-SWAP,90164.28,1757216979438
2025-09-07 03:49:39.440000+00:00,BNT-USDT-SWAP,697120.0,1757216979440
2025-09-07 03:49:39.464000+00:00,BOME-USDT-SWAP,1343409000.0,1757216979464
2025-09-07 03:49:39.863000+00:00,BONK-USDT-SWAP,483017700000.0,1757216979863
2025-09-07 03:49:39.873000+00:00,BRETT-USDT-SWAP,13697200.0,1757216979873
2025-09-07 03:49:39.861000+00:00,BTC-USDT-SWAP,27267.239400000057,1757216979861
2025-09-07 03:49:39.866000+00:00,CAT-USDT-SWAP,201359300000.0,1757216979866
2025-09-07 03:49:39.874000+00:00,CATI-USDT-SWAP,17287261.0,1757216979874
2025-09-07 03:49:39.861000+00:00,CELO-USDT-SWAP,3999100.0,1757216979861
2025-09-07 03:49:39.875000+00:00,CETUS-USDT-SWAP,17287690.0,1757216979875
2025-09-07 03:49:39.857000+00:00,CFX-USDT-SWAP,78561380.0,1757216979857
2025-09-07 03:49:39.861000+00:00,CHZ-USDT-SWAP,79351160.0,1757216979861
2025-09-07 03:49:39.864000+00:00,COMP-USDT-SWAP,92525.4,1757216979864
2025-09-07 03:49:40.287000+00:00,COOKIE-USDT-SWAP,4691230.0,1757216980287
2025-09-07 03:49:40.258000+00:00,CORE-USDT-SWAP,10034469.0,1757216980258
2025-09-07 03:49:40.260000+00:00,CRO-USDT-SWAP,67235440.0,1757216980260
2025-09-07 03:49:40.262000+00:00,CRV-USDT-SWAP,25350115.0,1757216980262
2025-09-07 03:49:40.268000+00:00,CTC-USDT-SWAP,1827210.0,1757216980268
2025-09-07 03:49:40.269000+00:00,CVC-USDT-SWAP,10056000.0,1757216980269
2025-09-07 03:49:40.271000+00:00,CVX-USDT-SWAP,304884.0,1757216980271
2025-09-07 03:49:40.256000+00:00,DEGEN-USDT-SWAP,290878800.0,1757216980256
2025-09-07 03:49:40.266000+00:00,DGB-USDT-SWAP,49241400.0,1757216980266
2025-09-07 03:49:40.305000+00:00,DOG-USDT-SWAP,567979000.0,1757216980305
2025-09-07 03:49:40.688000+00:00,DOGE-USDT-SWAP,1391178019.999999,1757216980688
2025-09-07 03:49:40.694000+00:00,DOGS-USDT-SWAP,19076036000.0,1757216980694
2025-09-07 03:49:40.693000+00:00,DOOD-USDT-SWAP,135004000.0,1757216980693
2025-09-07 03:49:40.701000+00:00,DOT-USDT-SWAP,5687445.0,1757216980701
2025-09-07 03:49:40.694000+00:00,DUCK-USDT-SWAP,846608700.0,1757216980694
2025-09-07 03:49:40.689000+00:00,DYDX-USDT-SWAP,9102859.0,1757216980689
2025-09-07 03:49:40.696000+00:00,EGLD-USDT-SWAP,101548.5,1757216980696
2025-09-07 03:49:40.687000+00:00,EIGEN-USDT-SWAP,3587400.0,1757216980687
2025-09-07 03:49:40.699000+00:00,ENJ-USDT-SWAP,12985880.0,1757216980699
2025-09-07 03:49:40.694000+00:00,ENS-USDT-SWAP,352954.7,1757216980694
2025-09-07 03:49:41.113000+00:00,ETC-USDT-SWAP,1097411.2000000007,1757216981113
2025-09-07 03:49:41.091000+00:00,ETH-USDT-SWAP,741957.8180000018,1757216981091
2025-09-07 03:49:41.103000+00:00,ETHFI-USDT-SWAP,8075029.0,1757216981103
2025-09-07 03:49:41.104000+00:00,ETHW-USDT-SWAP,1297195.9,1757216981104
2025-09-07 03:49:41.092000+00:00,FARTCOIN-USDT-SWAP,20491842.0,1757216981092
2025-09-07 03:49:41.100000+00:00,FIL-USDT-SWAP,13838005.6,1757216981100
2025-09-07 03:49:41.098000+00:00,FLM-USDT-SWAP,26280780.0,1757216981098
2025-09-07 03:49:41.088000+00:00,FLOKI-USDT-SWAP,42273100000.0,1757216981088
2025-09-07 03:49:41.096000+00:00,FLOW-USDT-SWAP,4289190.0,1757216981096
2025-09-07 03:49:41.102000+00:00,FXS-USDT-SWAP,253868.0,1757216981102
2025-09-07 03:49:41.498000+00:00,GALA-USDT-SWAP,419629020.0,1757216981498
2025-09-07 03:49:41.509000+00:00,GAS-USDT-SWAP,479585.0,1757216981509
2025-09-07 03:49:41.499000+00:00,GLM-USDT-SWAP,2684390.0,1757216981499
2025-09-07 03:49:41.499000+00:00,GMT-USDT-SWAP,46464140.0,1757216981499
2025-09-07 03:49:41.508000+00:00,GMX-USDT-SWAP,73154.9,1757216981508
2025-09-07 03:49:41.497000+00:00,GOAT-USDT-SWAP,25453730.0,1757216981497
2025-09-07 03:49:41.536000+00:00,GODS-USDT-SWAP,6288832.0,1757216981536
2025-09-07 03:49:41.504000+00:00,GPS-USDT-SWAP,171979080.0,1757216981504
2025-09-07 03:49:41.500000+00:00,GRASS-USDT-SWAP,2705133.0,1757216981500
2025-09-07 03:49:41.501000+00:00,GRIFFAIN-USDT-SWAP,23948840.0,1757216981501
2025-09-07 03:49:41.966000+00:00,GRT-USDT-SWAP,22283290.0,1757216981966
2025-09-07 03:49:41.937000+00:00,H-USDT-SWAP,62506900.0,1757216981937
2025-09-07 03:49:41.927000+00:00,HBAR-USDT-SWAP,74052299.99999999,1757216981927
2025-09-07 03:49:41.929000+00:00,HMSTR-USDT-SWAP,944718800.0,1757216981929
2025-09-07 03:49:41.977000+00:00,HOME-USDT-SWAP,25322600.0,1757216981977
2025-09-07 03:49:41.932000+00:00,HUMA-USDT-SWAP,88093300.0,1757216981932
2025-09-07 03:49:41.935000+00:00,HYPE-USDT-SWAP,796328.5,1757216981935
2025-09-07 03:49:41.935000+00:00,ICP-USDT-SWAP,1224609.4,1757216981935
2025-09-07 03:49:42.046000+00:00,ICX-USDT-SWAP,6285460.0,1757216982046
2025-09-07 03:49:41.947000+00:00,IMX-USDT-SWAP,6595401.0,1757216981947
2025-09-07 03:49:42.438000+00:00,INIT-USDT-SWAP,2469450.0,1757216982438
2025-09-07 03:49:42.484000+00:00,INJ-USDT-SWAP,852839.8,1757216982484
2025-09-07 03:49:42.600000+00:00,IOST-USDT-SWAP,312254000.0,1757216982600
2025-09-07 03:49:42.431000+00:00,IOTA-USDT-SWAP,15857430.0,1757216982431
2025-09-07 03:49:42.466000+00:00,IP-USDT-SWAP,2941470.0,1757216982466
2025-09-07 03:49:42.434000+00:00,JELLYJELLY-USDT-SWAP,218636800.0,1757216982434
2025-09-07 03:49:42.437000+00:00,JOE-USDT-SWAP,7282570.0,1757216982437
2025-09-07 03:49:42.436000+00:00,JTO-USDT-SWAP,2924586.0,1757216982436
2025-09-07 03:49:42.428000+00:00,JUP-USDT-SWAP,14393170.0,1757216982428
2025-09-07 03:49:43.002000+00:00,KAITO-USDT-SWAP,3421855.0,1757216983002
2025-09-07 03:49:42.996000+00:00,KMNO-USDT-SWAP,17090700.0,1757216982996
2025-09-07 03:49:42.989000+00:00,KSM-USDT-SWAP,122695.4,1757216982989
2025-09-07 03:49:42.989000+00:00,LA-USDT-SWAP,3166370.0,1757216982989
2025-09-07 03:49:42.986000+00:00,LAUNCHCOIN-USDT-SWAP,39545430.0,1757216982986
2025-09-07 03:49:42.990000+00:00,LAYER-USDT-SWAP,6095174.0,1757216982990
2025-09-07 03:49:42.986000+00:00,LDO-USDT-SWAP,14668377.0,1757216982986
2025-09-07 03:49:42.983000+00:00,LINK-USDT-SWAP,2584523.5000000005,1757216982983
2025-09-07 03:49:42.989000+00:00,LPT-USDT-SWAP,841366.1,1757216982989
2025-09-07 03:49:42.986000+00:00,LQTY-USDT-SWAP,1563694.0,1757216982986
2025-09-07 03:49:43.405000+00:00,LRC-USDT-SWAP,17689840.0,1757216983405
2025-09-07 03:49:43.408000+00:00,LTC-USDT-SWAP,635464.7,1757216983408
2025-09-07 03:49:43.409000+00:00,LUNA-USDT-SWAP,15471235.0,1757216983409
2025-09-07 03:49:43.405000+00:00,LUNC-USDT-SWAP,33112750000.0,1757216983405
2025-09-07 03:49:43.420000+00:00,MAGIC-USDT-SWAP,19490178.0,1757216983420
2025-09-07 03:49:43.411000+00:00,MAJOR-USDT-SWAP,4734426.0,1757216983411
2025-09-07 03:49:43.414000+00:00,MANA-USDT-SWAP,10432700.0,1757216983414
2025-09-07 03:49:43.406000+00:00,MASK-USDT-SWAP,3093660.0,1757216983406
2025-09-07 03:49:43.422000+00:00,ME-USDT-SWAP,3025426.0,1757216983422
2025-09-07 03:49:43.419000+00:00,MEME-USDT-SWAP,1887641600.0,1757216983419
2025-09-07 03:49:43.814000+00:00,MERL-USDT-SWAP,60044613.0,1757216983814
2025-09-07 03:49:43.817000+00:00,METIS-USDT-SWAP,96103.0,1757216983817
2025-09-07 03:49:43.809000+00:00,MEW-USDT-SWAP,1012453000.0,1757216983809
2025-09-07 03:49:43.809000+00:00,MINA-USDT-SWAP,7190479.0,1757216983809
2025-09-07 03:49:43.802000+00:00,MOG-USDT-SWAP,684850000000.0,1757216983802
2025-09-07 03:49:43.813000+00:00,MOODENG-USDT-SWAP,47456370.0,1757216983813
2025-09-07 03:49:43.807000+00:00,MORPHO-USDT-SWAP,1348290.0,1757216983807
2025-09-07 03:49:43.813000+00:00,MOVE-USDT-SWAP,29494200.0,1757216983813
2025-09-07 03:49:43.815000+00:00,MUBARAK-USDT-SWAP,13355200.0,1757216983815
2025-09-07 03:49:44.226000+00:00,NEAR-USDT-SWAP,5436127.0,1757216984226
2025-09-07 03:49:44.215000+00:00,NEIRO-USDT-SWAP,9114691000.0,1757216984215
2025-09-07 03:49:44.218000+00:00,NEIROETH-USDT-SWAP,23948400.0,1757216984218
2025-09-07 03:49:44.216000+00:00,NEO-USDT-SWAP,311858.0,1757216984216
2025-09-07 03:49:44.220000+00:00,NEWT-USDT-SWAP,3701200.0,1757216984220
2025-09-07 03:49:44.216000+00:00,NMR-USDT-SWAP,631391.0,1757216984216
2025-09-07 03:49:44.223000+00:00,NOT-USDT-SWAP,1745275400.0,1757216984223
2025-09-07 03:49:44.216000+00:00,NXPC-USDT-SWAP,824899.0,1757216984216
2025-09-07 03:49:44.216000+00:00,OL-USDT-SWAP,90794830.0,1757216984216
2025-09-07 03:49:44.221000+00:00,OM-USDT-SWAP,26089674.0,1757216984221
2025-09-07 03:49:44.651000+00:00,ONDO-USDT-SWAP,19613440.0,1757216984651
2025-09-07 03:49:44.650000+00:00,ONE-USDT-SWAP,78167800.0,1757216984650
2025-09-07 03:49:44.621000+00:00,ONT-USDT-SWAP,14294170.0,1757216984621
2025-09-07 03:49:44.618000+00:00,OP-USDT-SWAP,20288270.0,1757216984618
2025-09-07 03:49:44.626000+00:00,ORBS-USDT-SWAP,25820500.0,1757216984626
2025-09-07 03:49:44.612000+00:00,ORDI-USDT-SWAP,1169196.1,1757216984612
2025-09-07 03:49:44.625000+00:00,PARTI-USDT-SWAP,13785160.0,1757216984625
2025-09-07 03:49:44.607000+00:00,PENGU-USDT-SWAP,556560500.0,1757216984607
2025-09-07 03:49:44.620000+00:00,PEOPLE-USDT-SWAP,303818100.0,1757216984620
2025-09-07 03:49:44.626000+00:00,PEPE-USDT-SWAP,6539690000000.003,1757216984626
2025-09-07 03:49:45.035000+00:00,PERP-USDT-SWAP,2460352.0,1757216985035
2025-09-07 03:49:45.050000+00:00,PI-USDT-SWAP,33261316.0,1757216985050
2025-09-07 03:49:45.085000+00:00,PLUME-USDT-SWAP,14204400.0,1757216985085
2025-09-07 03:49:45.054000+00:00,PNUT-USDT-SWAP,37955660.0,1757216985054
2025-09-07 03:49:45.054000+00:00,POL-USDT-SWAP,39161110.0,1757216985054
2025-09-07 03:49:45.038000+00:00,POPCAT-USDT-SWAP,10743140.0,1757216985038
2025-09-07 03:49:45.047000+00:00,PRCL-USDT-SWAP,21285555.0,1757216985047
2025-09-07 03:49:45.052000+00:00,PROMPT-USDT-SWAP,30854660.0,1757216985052
2025-09-07 03:49:45.044000+00:00,PUMP-USDT-SWAP,6663520000.0,1757216985044
2025-09-07 03:49:45.047000+00:00,PYTH-USDT-SWAP,48400300.0,1757216985047
2025-09-07 03:49:45.531000+00:00,QTUM-USDT-SWAP,1520835.0,1757216985531
2025-09-07 03:49:45.477000+00:00,RAY-USDT-SWAP,944002.0,1757216985477
2025-09-07 03:49:45.500000+00:00,RENDER-USDT-SWAP,1393843.0,1757216985500
2025-09-07 03:49:45.484000+00:00,RESOLV-USDT-SWAP,27820200.0,1757216985484
2025-09-07 03:49:45.521000+00:00,RSR-USDT-SWAP,251884600.0,1757216985521
2025-09-07 03:49:45.477000+00:00,RVN-USDT-SWAP,83468140.0,1757216985477
2025-09-07 03:49:45.490000+00:00,S-USDT-SWAP,13755280.0,1757216985490
2025-09-07 03:49:45.474000+00:00,SAHARA-USDT-SWAP,55780920.0,1757216985474
2025-09-07 03:49:45.484000+00:00,SAND-USDT-SWAP,19542200.0,1757216985484
2025-09-07 03:49:45.485000+00:00,SATS-USDT-SWAP,170882350000000.0,1757216985485
2025-09-07 03:49:45.914000+00:00,SCR-USDT-SWAP,3263636.0,1757216985914
2025-09-07 03:49:45.912000+00:00,SHELL-USDT-SWAP,5740370.0,1757216985912
2025-09-07 03:49:45.918000+00:00,SHIB-USDT-SWAP,1311547300000.0,1757216985918
2025-09-07 03:49:45.912000+00:00,SIGN-USDT-SWAP,45427700.0,1757216985912
2025-09-07 03:49:45.948000+00:00,SLP-USDT-SWAP,452376960.0,1757216985948
2025-09-07 03:49:45.915000+00:00,SNX-USDT-SWAP,2447230.0,1757216985915
2025-09-07 03:49:45.924000+00:00,SOL-USDT-SWAP,3419332.320000002,1757216985924
2025-09-07 03:49:45.917000+00:00,SOLV-USDT-SWAP,50195800.0,1757216985917
2025-09-07 03:49:45.915000+00:00,SONIC-USDT-SWAP,7185392.0,1757216985915
2025-09-07 03:49:45.922000+00:00,SOON-USDT-SWAP,8611310.0,1757216985922
2025-09-07 03:49:46.336000+00:00,SOPH-USDT-SWAP,89943700.0,1757216986336
2025-09-07 03:49:46.344000+00:00,SPK-USDT-SWAP,138415900.0,1757216986344
2025-09-07 03:49:46.339000+00:00,SPX-USDT-SWAP,1145054.0,1757216986339
2025-09-07 03:49:46.335000+00:00,SSV-USDT-SWAP,297848.7,1757216986335
2025-09-07 03:49:46.336000+00:00,STORJ-USDT-SWAP,5566430.0,1757216986336
2025-09-07 03:49:46.340000+00:00,STRK-USDT-SWAP,25945520.0,1757216986340
2025-09-07 03:49:46.367000+00:00,STX-USDT-SWAP,6756242.0,1757216986367
2025-09-07 03:49:46.331000+00:00,SUI-USDT-SWAP,20837485.0,1757216986331
2025-09-07 03:49:46.337000+00:00,SUSHI-USDT-SWAP,8118100.0,1757216986337
2025-09-07 03:49:46.341000+00:00,SWARMS-USDT-SWAP,80706850.0,1757216986341
2025-09-07 03:49:46.750000+00:00,SYRUP-USDT-SWAP,3209380.0,1757216986750
2025-09-07 03:49:46.758000+00:00,T-USDT-SWAP,39401000.0,1757216986758
2025-09-07 03:49:46.748000+00:00,TAO-USDT-SWAP,15678.31,1757216986748
2025-09-07 03:49:46.749000+00:00,THETA-USDT-SWAP,2625913.9999999995,1757216986749
2025-09-07 03:49:46.761000+00:00,TIA-USDT-SWAP,5244707.0,1757216986761
2025-09-07 03:49:46.761000+00:00,TNSR-USDT-SWAP,8378666.0,1757216986761
2025-09-07 03:49:46.761000+00:00,TON-USDT-SWAP,9775937.0,1757216986761
2025-09-07 03:49:46.756000+00:00,TRB-USDT-SWAP,285145.4,1757216986756
2025-09-07 03:49:46.753000+00:00,TREE-USDT-SWAP,7616144.0,1757216986753
2025-09-07 03:49:46.752000+00:00,TRUMP-USDT-SWAP,5432482.8,1757216986752
2025-09-07 03:49:47.150000+00:00,TRX-USDT-SWAP,107382400.00000004,1757216987150
2025-09-07 03:49:47.151000+00:00,TURBO-USDT-SWAP,817756000.0000002,1757216987151
2025-09-07 03:49:47.205000+00:00,UMA-USDT-SWAP,1508919.3,1757216987205
2025-09-07 03:49:47.153000+00:00,UNI-USDT-SWAP,3120246.0,1757216987153
2025-09-07 03:49:47.149000+00:00,USDC-USDT-SWAP,1022480.0,1757216987149
2025-09-07 03:49:47.149000+00:00,USELESS-USDT-SWAP,17488090.0,1757216987149
2025-09-07 03:49:47.173000+00:00,USTC-USDT-SWAP,146566200.0,1757216987173
2025-09-07 03:49:47.156000+00:00,UXLINK-USDT-SWAP,5575090.0,1757216987156
2025-09-07 03:49:47.156000+00:00,VANA-USDT-SWAP,133681.7,1757216987156
2025-09-07 03:49:47.149000+00:00,VINE-USDT-SWAP,103564440.0,1757216987149
2025-09-07 03:49:47.584000+00:00,VIRTUAL-USDT-SWAP,3281456.0,1757216987584
2025-09-07 03:49:47.597000+00:00,W-USDT-SWAP,48280013.0,1757216987597
2025-09-07 03:49:47.608000+00:00,WAL-USDT-SWAP,2151500.0,1757216987608
2025-09-07 03:49:47.587000+00:00,WAXP-USDT-SWAP,27702900.0,1757216987587
2025-09-07 03:49:47.592000+00:00,WCT-USDT-SWAP,10395790.0,1757216987592
2025-09-07 03:49:47.593000+00:00,WIF-USDT-SWAP,17531415.0,1757216987593
2025-09-07 03:49:47.595000+00:00,WLD-USDT-SWAP,34684870.0,1757216987595
2025-09-07 03:49:47.595000+00:00,WLFI-USDT-SWAP,306447870.0,1757216987595
2025-09-07 03:49:47.589000+00:00,WOO-USDT-SWAP,14883150.0,1757216987589
2025-09-07 03:49:47.589000+00:00,XAUT-USDT-SWAP,5965.675,1757216987589
2025-09-07 03:49:47.988000+00:00,XLM-USDT-SWAP,39083109.999999985,1757216987988
2025-09-07 03:49:48.005000+00:00,XPL-USDT-SWAP,6914220.0,1757216988005
2025-09-07 03:49:47.993000+00:00,XRP-USDT-SWAP,91453647.00000001,1757216987993
2025-09-07 03:49:47.997000+00:00,XTZ-USDT-SWAP,5704352.0,1757216987997
2025-09-07 03:49:48.004000+00:00,YFI-USDT-SWAP,368.398,1757216988004
2025-09-07 03:49:47.988000+00:00,YGG-USDT-SWAP,27728483.0,1757216987988
2025-09-07 03:49:47.996000+00:00,ZENT-USDT-SWAP,169876400.0,1757216987996
2025-09-07 03:49:48.003000+00:00,ZEREBRO-USDT-SWAP,76563370.0,1757216988003
2025-09-07 03:49:48.008000+00:00,ZETA-USDT-SWAP,5578210.0,1757216988008
2025-09-07 03:49:48.005000+00:00,ZIL-USDT-SWAP,160086900.0,1757216988005
2025-09-07 03:49:48.404000+00:00,ZK-USDT-SWAP,50767050.0,1757216988404
2025-09-07 03:49:48.396000+00:00,ZRO-USDT-SWAP,2191014.0,1757216988396
2025-09-07 03:49:48.410000+00:00,ZRX-USDT-SWAP,8054380.0,1757216988410
2025-09-07 03:50:49.076000+00:00,1INCH-USDT-SWAP,7724941.0,1757217049076
2025-09-07 03:50:49.062000+00:00,A-USDT-SWAP,9799470.0,1757217049062
2025-09-07 03:50:49.073000+00:00,AAVE-USDT-SWAP,133112.56000000003,1757217049073
2025-09-07 03:50:49.064000+00:00,ACE-USDT-SWAP,1910997.0,1757217049064
2025-09-07 03:50:49.064000+00:00,ACH-USDT-SWAP,76500000.0,1757217049064
2025-09-07 03:50:49.076000+00:00,ACT-USDT-SWAP,80770543.0,1757217049076
2025-09-07 03:50:49.069000+00:00,ADA-USDT-SWAP,77475170.00000001,1757217049069
2025-09-07 03:50:49.077000+00:00,AERO-USDT-SWAP,1635220.0,1757217049077
2025-09-07 03:50:49.074000+00:00,AEVO-USDT-SWAP,13023786.0,1757217049074
2025-09-07 03:50:49.069000+00:00,AGLD-USDT-SWAP,1893130.0,1757217049069
2025-09-07 03:50:49.487000+00:00,AI16Z-USDT-SWAP,51298295.0,1757217049487
2025-09-07 03:50:49.460000+00:00,AIXBT-USDT-SWAP,23203040.0,1757217049460
2025-09-07 03:50:49.467000+00:00,ALCH-USDT-SWAP,23035390.0,1757217049467
2025-09-07 03:50:49.461000+00:00,ALGO-USDT-SWAP,28170750.0,1757217049461
2025-09-07 03:50:49.483000+00:00,ANIME-USDT-SWAP,113014090.0,1757217049483
2025-09-07 03:50:49.466000+00:00,APE-USDT-SWAP,8019308.6,1757217049466
2025-09-07 03:50:49.475000+00:00,API3-USDT-SWAP,4823230.0,1757217049475
2025-09-07 03:50:49.470000+00:00,APT-USDT-SWAP,3701172.0,1757217049470
2025-09-07 03:50:49.468000+00:00,AR-USDT-SWAP,528994.9,1757217049468
2025-09-07 03:50:49.483000+00:00,ARB-USDT-SWAP,33360019.999999993,1757217049483
2025-09-07 03:50:49.880000+00:00,ARC-USDT-SWAP,60951580.0,1757217049880
2025-09-07 03:50:49.874000+00:00,ARKM-USDT-SWAP,3505251.0,1757217049874
2025-09-07 03:50:49.876000+00:00,ATH-USDT-SWAP,141424400.0,1757217049876
2025-09-07 03:50:49.880000+00:00,ATOM-USDT-SWAP,1842895.0,1757217049880
2025-09-07 03:50:49.891000+00:00,AUCTION-USDT-SWAP,211411.4,1757217049891
2025-09-07 03:50:49.885000+00:00,AVAAI-USDT-SWAP,53596620.0,1757217049885
2025-09-07 03:50:49.896000+00:00,AVAX-USDT-SWAP,1842092.3,1757217049896
2025-09-07 03:50:49.879000+00:00,AXS-USDT-SWAP,1182007.9,1757217049879
2025-09-07 03:50:49.875000+00:00,BABY-USDT-SWAP,39325100.0,1757217049875
2025-09-07 03:50:49.885000+00:00,BAND-USDT-SWAP,1729034.0,1757217049885
2025-09-07 03:50:50.316000+00:00,BAT-USDT-SWAP,5713360.0,1757217050316
2025-09-07 03:50:50.301000+00:00,BCH-USDT-SWAP,81483.19999999997,1757217050301
2025-09-07 03:50:50.291000+00:00,BERA-USDT-SWAP,2346957.6,1757217050291
2025-09-07 03:50:50.293000+00:00,BICO-USDT-SWAP,7008852.0,1757217050293
2025-09-07 03:50:50.305000+00:00,BIGTIME-USDT-SWAP,40472950.0,1757217050305
2025-09-07 03:50:50.296000+00:00,BIO-USDT-SWAP,74005288.0,1757217050296
2025-09-07 03:50:50.304000+00:00,BLUR-USDT-SWAP,23648060.0,1757217050304
2025-09-07 03:50:50.293000+00:00,BNB-USDT-SWAP,90153.37,1757217050293
2025-09-07 03:50:50.296000+00:00,BNT-USDT-SWAP,697820.0,1757217050296
2025-09-07 03:50:50.303000+00:00,BOME-USDT-SWAP,1343409000.0,1757217050303
2025-09-07 03:50:50.742000+00:00,BONK-USDT-SWAP,483070500000.0,1757217050742
2025-09-07 03:50:50.705000+00:00,BRETT-USDT-SWAP,13697800.0,1757217050705
2025-09-07 03:50:50.721000+00:00,BTC-USDT-SWAP,27266.200500000054,1757217050721
2025-09-07 03:50:50.711000+00:00,CAT-USDT-SWAP,201359300000.0,1757217050711
2025-09-07 03:50:50.715000+00:00,CATI-USDT-SWAP,17287258.0,1757217050715
2025-09-07 03:50:50.706000+00:00,CELO-USDT-SWAP,4000497.0,1757217050706
2025-09-07 03:50:50.739000+00:00,CETUS-USDT-SWAP,17288850.0,1757217050739
2025-09-07 03:50:50.707000+00:00,CFX-USDT-SWAP,78559440.0,1757217050707
2025-09-07 03:50:50.705000+00:00,CHZ-USDT-SWAP,79351160.0,1757217050705
2025-09-07 03:50:50.720000+00:00,COMP-USDT-SWAP,92525.4,1757217050720
2025-09-07 03:50:51.153000+00:00,COOKIE-USDT-SWAP,4691370.0,1757217051153
2025-09-07 03:50:51.129000+00:00,CORE-USDT-SWAP,10034546.0,1757217051129
2025-09-07 03:50:51.133000+00:00,CRO-USDT-SWAP,67241820.0,1757217051133
2025-09-07 03:50:51.131000+00:00,CRV-USDT-SWAP,25348453.0,1757217051131
2025-09-07 03:50:51.140000+00:00,CTC-USDT-SWAP,1827210.0,1757217051140
2025-09-07 03:50:51.131000+00:00,CVC-USDT-SWAP,10055900.0,1757217051131
2025-09-07 03:50:51.162000+00:00,CVX-USDT-SWAP,304884.0,1757217051162
2025-09-07 03:50:51.179000+00:00,DEGEN-USDT-SWAP,290878800.0,1757217051179
2025-09-07 03:50:51.136000+00:00,DGB-USDT-SWAP,49240100.0,1757217051136
2025-09-07 03:50:51.137000+00:00,DOG-USDT-SWAP,567979000.0,1757217051137
2025-09-07 03:50:51.569000+00:00,DOGE-USDT-SWAP,1391184249.999999,1757217051569
2025-09-07 03:50:51.559000+00:00,DOGS-USDT-SWAP,19075029000.0,1757217051559
2025-09-07 03:50:51.570000+00:00,DOOD-USDT-SWAP,135003000.0,1757217051570
2025-09-07 03:50:51.563000+00:00,DOT-USDT-SWAP,5687482.0,1757217051563
2025-09-07 03:50:51.562000+00:00,DUCK-USDT-SWAP,846684000.0,1757217051562
2025-09-07 03:50:51.559000+00:00,DYDX-USDT-SWAP,9102725.0,1757217051559
2025-09-07 03:50:51.571000+00:00,EGLD-USDT-SWAP,101548.5,1757217051571
2025-09-07 03:50:51.563000+00:00,EIGEN-USDT-SWAP,3590191.0,1757217051563
2025-09-07 03:50:51.565000+00:00,ENJ-USDT-SWAP,12988780.0,1757217051565
2025-09-07 03:50:51.562000+00:00,ENS-USDT-SWAP,352954.7,1757217051562
2025-09-07 03:50:51.961000+00:00,ETC-USDT-SWAP,1097350.2000000007,1757217051961
2025-09-07 03:50:51.970000+00:00,ETH-USDT-SWAP,742086.6430000019,1757217051970
2025-09-07 03:50:51.965000+00:00,ETHFI-USDT-SWAP,8074175.0,1757217051965
2025-09-07 03:50:51.960000+00:00,ETHW-USDT-SWAP,1297127.4,1757217051960
2025-09-07 03:50:51.971000+00:00,FARTCOIN-USDT-SWAP,20494174.0,1757217051971
2025-09-07 03:50:51.955000+00:00,FIL-USDT-SWAP,13833964.3,1757217051955
2025-09-07 03:50:51.966000+00:00,FLM-USDT-SWAP,26281730.0,1757217051966
2025-09-07 03:50:51.957000+00:00,FLOKI-USDT-SWAP,42273100000.0,1757217051957
2025-09-07 03:50:51.967000+00:00,FLOW-USDT-SWAP,4289910.0,1757217051967
2025-09-07 03:50:51.969000+00:00,FXS-USDT-SWAP,253872.0,1757217051969
2025-09-07 03:50:52.364000+00:00,GALA-USDT-SWAP,419659250.0,1757217052364
2025-09-07 03:50:52.354000+00:00,GAS-USDT-SWAP,479585.0,1757217052354
2025-09-07 03:50:52.356000+00:00,GLM-USDT-SWAP,2684390.0,1757217052356
2025-09-07 03:50:52.358000+00:00,GMT-USDT-SWAP,46464140.0,1757217052358
2025-09-07 03:50:52.358000+00:00,GMX-USDT-SWAP,73154.9,1757217052358
2025-09-07 03:50:52.356000+00:00,GOAT-USDT-SWAP,25447410.0,1757217052356
2025-09-07 03:50:52.359000+00:00,GODS-USDT-SWAP,6290353.0,1757217052359
2025-09-07 03:50:52.356000+00:00,GPS-USDT-SWAP,172276700.0,1757217052356
2025-09-07 03:50:52.362000+00:00,GRASS-USDT-SWAP,2705104.0,1757217052362
2025-09-07 03:50:52.356000+00:00,GRIFFAIN-USDT-SWAP,23948040.0,1757217052356
2025-09-07 03:50:52.752000+00:00,GRT-USDT-SWAP,22279290.0,1757217052752
2025-09-07 03:50:52.747000+00:00,H-USDT-SWAP,61824700.0,1757217052747
2025-09-07 03:50:52.763000+00:00,HBAR-USDT-SWAP,74057869.99999999,1757217052763
2025-09-07 03:50:52.749000+00:00,HMSTR-USDT-SWAP,944758100.0,1757217052749
2025-09-07 03:50:52.764000+00:00,HOME-USDT-SWAP,25322600.0,1757217052764
2025-09-07 03:50:52.770000+00:00,HUMA-USDT-SWAP,88173700.0,1757217052770
2025-09-07 03:50:52.764000+00:00,HYPE-USDT-SWAP,796327.3,1757217052764
2025-09-07 03:50:52.751000+00:00,ICP-USDT-SWAP,1224601.34,1757217052751
2025-09-07 03:50:52.758000+00:00,ICX-USDT-SWAP,6285440.0,1757217052758
2025-09-07 03:50:52.747000+00:00,IMX-USDT-SWAP,6595313.0,1757217052747
2025-09-07 03:50:53.196000+00:00,INIT-USDT-SWAP,2468470.0,1757217053196
2025-09-07 03:50:53.174000+00:00,INJ-USDT-SWAP,852856.4,1757217053174
2025-09-07 03:50:53.264000+00:00,IOST-USDT-SWAP,312335000.0,1757217053264
2025-09-07 03:50:53.161000+00:00,IOTA-USDT-SWAP,15857430.0,1757217053161
2025-09-07 03:50:53.173000+00:00,IP-USDT-SWAP,2940532.0,1757217053173
2025-09-07 03:50:53.157000+00:00,JELLYJELLY-USDT-SWAP,218572300.0,1757217053157
2025-09-07 03:50:53.170000+00:00,JOE-USDT-SWAP,7282050.0,1757217053170
2025-09-07 03:50:53.160000+00:00,JTO-USDT-SWAP,2924062.0,1757217053160
2025-09-07 03:50:53.159000+00:00,JUP-USDT-SWAP,14395820.0,1757217053159
2025-09-07 03:50:53.648000+00:00,KAITO-USDT-SWAP,3422234.0,1757217053648
2025-09-07 03:50:53.644000+00:00,KMNO-USDT-SWAP,17090400.0,1757217053644
2025-09-07 03:50:53.643000+00:00,KSM-USDT-SWAP,122695.4,1757217053643
2025-09-07 03:50:53.643000+00:00,LA-USDT-SWAP,3165040.0,1757217053643
2025-09-07 03:50:53.647000+00:00,LAUNCHCOIN-USDT-SWAP,39545410.0,1757217053647
2025-09-07 03:50:53.652000+00:00,LAYER-USDT-SWAP,6094541.0,1757217053652
2025-09-07 03:50:53.666000+00:00,LDO-USDT-SWAP,14668274.0,1757217053666
2025-09-07 03:50:53.643000+00:00,LINK-USDT-SWAP,2584191.0000000005,1757217053643
2025-09-07 03:50:53.644000+00:00,LPT-USDT-SWAP,840853.9,1757217053644
2025-09-07 03:50:53.649000+00:00,LQTY-USDT-SWAP,1563691.0,1757217053649
2025-09-07 03:50:54.089000+00:00,LRC-USDT-SWAP,17690010.0,1757217054089
2025-09-07 03:50:54.069000+00:00,LTC-USDT-SWAP,635605.7999999999,1757217054069
2025-09-07 03:50:54.071000+00:00,LUNA-USDT-SWAP,15468769.0,1757217054071
2025-09-07 03:50:54.066000+00:00,LUNC-USDT-SWAP,33114510000.0,1757217054066
2025-09-07 03:50:54.081000+00:00,MAGIC-USDT-SWAP,19486723.0,1757217054081
2025-09-07 03:50:54.066000+00:00,MAJOR-USDT-SWAP,4733253.0,1757217054066
2025-09-07 03:50:54.098000+00:00,MANA-USDT-SWAP,10431800.0,1757217054098
2025-09-07 03:50:54.081000+00:00,MASK-USDT-SWAP,3093660.0,1757217054081
2025-09-07 03:50:54.073000+00:00,ME-USDT-SWAP,3025343.0,1757217054073
2025-09-07 03:50:54.082000+00:00,MEME-USDT-SWAP,1887355700.0,1757217054082
2025-09-07 03:50:54.491000+00:00,MERL-USDT-SWAP,60069893.0,1757217054491
2025-09-07 03:50:54.498000+00:00,METIS-USDT-SWAP,96103.0,1757217054498
2025-09-07 03:50:54.493000+00:00,MEW-USDT-SWAP,1012346000.0,1757217054493
2025-09-07 03:50:54.500000+00:00,MINA-USDT-SWAP,7190479.0,1757217054500
2025-09-07 03:50:54.483000+00:00,MOG-USDT-SWAP,684860000000.0,1757217054483
2025-09-07 03:50:54.503000+00:00,MOODENG-USDT-SWAP,47456370.0,1757217054503
2025-09-07 03:50:54.484000+00:00,MORPHO-USDT-SWAP,1348797.0,1757217054484
2025-09-07 03:50:54.493000+00:00,MOVE-USDT-SWAP,29505780.0,1757217054493
2025-09-07 03:50:54.492000+00:00,MUBARAK-USDT-SWAP,13355200.0,1757217054492
2025-09-07 03:50:54.904000+00:00,NEAR-USDT-SWAP,5436116.000000001,1757217054904
2025-09-07 03:50:54.888000+00:00,NEIRO-USDT-SWAP,9113517000.0,1757217054888
2025-09-07 03:50:54.893000+00:00,NEIROETH-USDT-SWAP,23964700.0,1757217054893
2025-09-07 03:50:54.893000+00:00,NEO-USDT-SWAP,311854.0,1757217054893
2025-09-07 03:50:54.912000+00:00,NEWT-USDT-SWAP,3701200.0,1757217054912
2025-09-07 03:50:54.893000+00:00,NMR-USDT-SWAP,636310.0,1757217054893
2025-09-07 03:50:54.897000+00:00,NOT-USDT-SWAP,1745275200.0,1757217054897
2025-09-07 03:50:54.895000+00:00,NXPC-USDT-SWAP,824899.0,1757217054895
2025-09-07 03:50:54.914000+00:00,OL-USDT-SWAP,90799990.0,1757217054914
2025-09-07 03:50:54.897000+00:00,OM-USDT-SWAP,26087975.0,1757217054897
2025-09-07 03:50:55.409000+00:00,ONDO-USDT-SWAP,19584790.0,1757217055409
2025-09-07 03:50:55.299000+00:00,ONE-USDT-SWAP,78167900.0,1757217055299
2025-09-07 03:50:55.299000+00:00,ONT-USDT-SWAP,14307690.0,1757217055299
2025-09-07 03:50:55.296000+00:00,OP-USDT-SWAP,20264987.0,1757217055296
2025-09-07 03:50:55.303000+00:00,ORBS-USDT-SWAP,25821500.0,1757217055303
2025-09-07 03:50:55.301000+00:00,ORDI-USDT-SWAP,1169183.3,1757217055301
2025-09-07 03:50:55.314000+00:00,PARTI-USDT-SWAP,13779660.0,1757217055314
2025-09-07 03:50:55.297000+00:00,PENGU-USDT-SWAP,556499900.0,1757217055297
2025-09-07 03:50:55.306000+00:00,PEOPLE-USDT-SWAP,303822500.0,1757217055306
2025-09-07 03:50:55.310000+00:00,PEPE-USDT-SWAP,6540117000000.003,1757217055310
2025-09-07 03:50:55.792000+00:00,PERP-USDT-SWAP,2460306.0,1757217055792
2025-09-07 03:50:55.790000+00:00,PI-USDT-SWAP,33216044.0,1757217055790
2025-09-07 03:50:55.792000+00:00,PLUME-USDT-SWAP,14210800.0,1757217055792
2025-09-07 03:50:55.819000+00:00,PNUT-USDT-SWAP,37953750.0,1757217055819
2025-09-07 03:50:55.795000+00:00,POL-USDT-SWAP,39111690.0,1757217055795
2025-09-07 03:50:55.790000+00:00,POPCAT-USDT-SWAP,10743140.0,1757217055790
2025-09-07 03:50:55.806000+00:00,PRCL-USDT-SWAP,21284717.0,1757217055806
2025-09-07 03:50:55.785000+00:00,PROMPT-USDT-SWAP,30851580.0,1757217055785
2025-09-07 03:50:55.795000+00:00,PUMP-USDT-SWAP,6660081000.0,1757217055795
2025-09-07 03:50:55.792000+00:00,PYTH-USDT-SWAP,48329230.0,1757217055792
2025-09-07 03:50:56.225000+00:00,QTUM-USDT-SWAP,1520676.0,1757217056225
2025-09-07 03:50:56.213000+00:00,RAY-USDT-SWAP,944022.0,1757217056213
2025-09-07 03:50:56.215000+00:00,RENDER-USDT-SWAP,1393843.0,1757217056215
2025-09-07 03:50:56.215000+00:00,RESOLV-USDT-SWAP,27823290.0,1757217056215
2025-09-07 03:50:56.212000+00:00,RSR-USDT-SWAP,251875900.0,1757217056212
2025-09-07 03:50:56.217000+00:00,RVN-USDT-SWAP,83506700.0,1757217056217
2025-09-07 03:50:56.221000+00:00,S-USDT-SWAP,13755280.0,1757217056221
2025-09-07 03:50:56.318000+00:00,SAHARA-USDT-SWAP,55750340.0,1757217056318
2025-09-07 03:50:56.219000+00:00,SAND-USDT-SWAP,19539060.0,1757217056219
2025-09-07 03:50:56.215000+00:00,SATS-USDT-SWAP,170881530000000.0,1757217056215
2025-09-07 03:50:56.832000+00:00,SCR-USDT-SWAP,3264459.0,1757217056832
2025-09-07 03:50:56.825000+00:00,SHELL-USDT-SWAP,5742050.0,1757217056825
2025-09-07 03:50:56.839000+00:00,SHIB-USDT-SWAP,1311532500000.0,1757217056839
2025-09-07 03:50:56.829000+00:00,SIGN-USDT-SWAP,45427500.0,1757217056829
2025-09-07 03:50:56.829000+00:00,SLP-USDT-SWAP,452376960.0,1757217056829
2025-09-07 03:50:56.829000+00:00,SNX-USDT-SWAP,2447230.0,1757217056829
2025-09-07 03:50:56.842000+00:00,SOL-USDT-SWAP,3419330.470000002,1757217056842
2025-09-07 03:50:56.824000+00:00,SOLV-USDT-SWAP,50195800.0,1757217056824
2025-09-07 03:50:56.827000+00:00,SONIC-USDT-SWAP,7185392.0,1757217056827
2025-09-07 03:50:56.829000+00:00,SOON-USDT-SWAP,8610990.0,1757217056829
2025-09-07 03:50:57.247000+00:00,SOPH-USDT-SWAP,89949600.0,1757217057247
2025-09-07 03:50:57.242000+00:00,SPK-USDT-SWAP,138404600.0,1757217057242
2025-09-07 03:50:57.226000+00:00,SPX-USDT-SWAP,1144848.0,1757217057226
2025-09-07 03:50:57.232000+00:00,SSV-USDT-SWAP,297980.3,1757217057232
2025-09-07 03:50:57.233000+00:00,STORJ-USDT-SWAP,5566430.0,1757217057233
2025-09-07 03:50:57.234000+00:00,STRK-USDT-SWAP,25944959.0,1757217057234
2025-09-07 03:50:57.233000+00:00,STX-USDT-SWAP,6756218.0,1757217057233
2025-09-07 03:50:57.227000+00:00,SUI-USDT-SWAP,20834550.0,1757217057227
2025-09-07 03:50:57.231000+00:00,SUSHI-USDT-SWAP,8121938.0,1757217057231
2025-09-07 03:50:57.226000+00:00,SWARMS-USDT-SWAP,80713790.0,1757217057226
2025-09-07 03:50:57.650000+00:00,SYRUP-USDT-SWAP,3209150.0,1757217057650
2025-09-07 03:50:57.626000+00:00,T-USDT-SWAP,39401000.0,1757217057626
2025-09-07 03:50:57.645000+00:00,TAO-USDT-SWAP,15677.21,1757217057645
2025-09-07 03:50:57.630000+00:00,THETA-USDT-SWAP,2625913.9999999995,1757217057630
2025-09-07 03:50:57.641000+00:00,TIA-USDT-SWAP,5247615.0,1757217057641
2025-09-07 03:50:57.638000+00:00,TNSR-USDT-SWAP,8378666.0,1757217057638
2025-09-07 03:50:57.644000+00:00,TON-USDT-SWAP,9775848.0,1757217057644
2025-09-07 03:50:57.633000+00:00,TRB-USDT-SWAP,285129.6,1757217057633
2025-09-07 03:50:57.642000+00:00,TREE-USDT-SWAP,7614464.0,1757217057642
2025-09-07 03:50:57.628000+00:00,TRUMP-USDT-SWAP,5436837.8,1757217057628
2025-09-07 03:50:58.038000+00:00,TRX-USDT-SWAP,107387210.00000003,1757217058038
2025-09-07 03:50:58.039000+00:00,TURBO-USDT-SWAP,817653000.0000002,1757217058039
2025-09-07 03:50:58.035000+00:00,UMA-USDT-SWAP,1508961.5,1757217058035
2025-09-07 03:50:58.039000+00:00,UNI-USDT-SWAP,3120219.0,1757217058039
2025-09-07 03:50:58.039000+00:00,USDC-USDT-SWAP,1022480.0,1757217058039
2025-09-07 03:50:58.032000+00:00,USELESS-USDT-SWAP,17488660.0,1757217058032
2025-09-07 03:50:58.049000+00:00,USTC-USDT-SWAP,146566200.0,1757217058049
2025-09-07 03:50:58.030000+00:00,UXLINK-USDT-SWAP,5575090.0,1757217058030
2025-09-07 03:50:58.035000+00:00,VANA-USDT-SWAP,133626.9,1757217058035
2025-09-07 03:50:58.032000+00:00,VINE-USDT-SWAP,103563090.0,1757217058032
2025-09-07 03:50:58.441000+00:00,VIRTUAL-USDT-SWAP,3281350.0,1757217058441
2025-09-07 03:50:58.431000+00:00,W-USDT-SWAP,48276062.0,1757217058431
2025-09-07 03:50:58.442000+00:00,WAL-USDT-SWAP,2151500.0,1757217058442
2025-09-07 03:50:58.432000+00:00,WAXP-USDT-SWAP,27702900.0,1757217058432
2025-09-07 03:50:58.438000+00:00,WCT-USDT-SWAP,10395840.0,1757217058438
2025-09-07 03:50:58.433000+00:00,WIF-USDT-SWAP,17534144.0,1757217058433
2025-09-07 03:50:58.502000+00:00,WLD-USDT-SWAP,34657599.0,1757217058502
2025-09-07 03:50:58.437000+00:00,WLFI-USDT-SWAP,307608160.0,1757217058437
2025-09-07 03:50:58.435000+00:00,WOO-USDT-SWAP,14875690.0,1757217058435
2025-09-07 03:50:58.434000+00:00,XAUT-USDT-SWAP,5965.376,1757217058434
2025-09-07 03:50:58.900000+00:00,XLM-USDT-SWAP,39081999.999999985,1757217058900
2025-09-07 03:50:58.899000+00:00,XPL-USDT-SWAP,6911030.0,1757217058899
2025-09-07 03:50:58.904000+00:00,XRP-USDT-SWAP,91465554.00000001,1757217058904
2025-09-07 03:50:58.905000+00:00,XTZ-USDT-SWAP,5704378.0,1757217058905
2025-09-07 03:50:58.903000+00:00,YFI-USDT-SWAP,368.3927,1757217058903
2025-09-07 03:50:58.996000+00:00,YGG-USDT-SWAP,27728460.0,1757217058996
2025-09-07 03:50:58.910000+00:00,ZENT-USDT-SWAP,170298400.0,1757217058910
2025-09-07 03:50:58.896000+00:00,ZEREBRO-USDT-SWAP,76561620.0,1757217058896
2025-09-07 03:50:58.900000+00:00,ZETA-USDT-SWAP,5578210.0,1757217058900
2025-09-07 03:50:58.898000+00:00,ZIL-USDT-SWAP,160086900.0,1757217058898
2025-09-07 03:50:59.377000+00:00,ZK-USDT-SWAP,50768000.0,1757217059377
2025-09-07 03:50:59.372000+00:00,ZRO-USDT-SWAP,2191014.0,1757217059372
2025-09-07 03:50:59.375000+00:00,ZRX-USDT-SWAP,8052020.0,1757217059375
2025-09-07 03:52:00.037000+00:00,1INCH-USDT-SWAP,7724741.0,1757217120037
2025-09-07 03:52:00.071000+00:00,A-USDT-SWAP,9799480.0,1757217120071
2025-09-07 03:52:00.043000+00:00,AAVE-USDT-SWAP,133123.29,1757217120043
2025-09-07 03:52:00.029000+00:00,ACE-USDT-SWAP,1910998.0,1757217120029
2025-09-07 03:52:00.046000+00:00,ACH-USDT-SWAP,76499100.0,1757217120046
2025-09-07 03:52:00.171000+00:00,ACT-USDT-SWAP,80787175.0,1757217120171
2025-09-07 03:52:00.045000+00:00,ADA-USDT-SWAP,77472880.00000001,1757217120045
2025-09-07 03:52:00.035000+00:00,AERO-USDT-SWAP,1635170.0,1757217120035
2025-09-07 03:52:00.031000+00:00,AEVO-USDT-SWAP,13041736.0,1757217120031
2025-09-07 03:52:00.079000+00:00,AGLD-USDT-SWAP,1892885.0,1757217120079
2025-09-07 03:52:00.581000+00:00,AI16Z-USDT-SWAP,51305854.0,1757217120581
2025-09-07 03:52:00.595000+00:00,AIXBT-USDT-SWAP,23207830.0,1757217120595
2025-09-07 03:52:00.594000+00:00,ALCH-USDT-SWAP,23045320.0,1757217120594
2025-09-07 03:52:00.627000+00:00,ALGO-USDT-SWAP,28170750.0,1757217120627
2025-09-07 03:52:00.588000+00:00,ANIME-USDT-SWAP,112998370.0,1757217120588
2025-09-07 03:52:00.594000+00:00,APE-USDT-SWAP,8019337.2,1757217120594
2025-09-07 03:52:00.589000+00:00,API3-USDT-SWAP,4813887.0,1757217120589
2025-09-07 03:52:00.590000+00:00,APT-USDT-SWAP,3700742.0,1757217120590
2025-09-07 03:52:00.603000+00:00,AR-USDT-SWAP,528997.4,1757217120603
2025-09-07 03:52:00.585000+00:00,ARB-USDT-SWAP,33365017.999999993,1757217120585
2025-09-07 03:52:01.009000+00:00,ARC-USDT-SWAP,60909520.0,1757217121009
2025-09-07 03:52:01.014000+00:00,ARKM-USDT-SWAP,3502116.0,1757217121014
2025-09-07 03:52:01.024000+00:00,ATH-USDT-SWAP,141424500.0,1757217121024
2025-09-07 03:52:01.013000+00:00,ATOM-USDT-SWAP,1842907.0,1757217121013
2025-09-07 03:52:01.022000+00:00,AUCTION-USDT-SWAP,211415.6,1757217121022
2025-09-07 03:52:01.022000+00:00,AVAAI-USDT-SWAP,53579740.0,1757217121022
2025-09-07 03:52:01.013000+00:00,AVAX-USDT-SWAP,1842912.7000000002,1757217121013
2025-09-07 03:52:01.020000+00:00,AXS-USDT-SWAP,1182034.2,1757217121020
2025-09-07 03:52:01.010000+00:00,BABY-USDT-SWAP,39322820.0,1757217121010
2025-09-07 03:52:01.072000+00:00,BAND-USDT-SWAP,1723614.0,1757217121072
2025-09-07 03:52:01.470000+00:00,BAT-USDT-SWAP,5712300.0,1757217121470
2025-09-07 03:52:01.459000+00:00,BCH-USDT-SWAP,81482.57999999999,1757217121459
2025-09-07 03:52:01.459000+00:00,BERA-USDT-SWAP,2346911.2,1757217121459
2025-09-07 03:52:01.453000+00:00,BICO-USDT-SWAP,7014132.0,1757217121453
2025-09-07 03:52:01.476000+00:00,BIGTIME-USDT-SWAP,40472950.0,1757217121476
2025-09-07 03:52:01.471000+00:00,BIO-USDT-SWAP,74028004.0,1757217121471
2025-09-07 03:52:01.456000+00:00,BLUR-USDT-SWAP,23642390.0,1757217121456
2025-09-07 03:52:01.454000+00:00,BNB-USDT-SWAP,90153.51,1757217121454
2025-09-07 03:52:01.485000+00:00,BNT-USDT-SWAP,700220.0,1757217121485
2025-09-07 03:52:01.466000+00:00,BOME-USDT-SWAP,1343210000.0,1757217121466
2025-09-07 03:52:01.864000+00:00,BONK-USDT-SWAP,483076100000.0,1757217121864
2025-09-07 03:52:01.875000+00:00,BRETT-USDT-SWAP,13697800.0,1757217121875
2025-09-07 03:52:01.868000+00:00,BTC-USDT-SWAP,27265.755000000056,1757217121868
2025-09-07 03:52:01.864000+00:00,CAT-USDT-SWAP,201318900000.0,1757217121864
2025-09-07 03:52:01.886000+00:00,CATI-USDT-SWAP,17274161.0,1757217121886
2025-09-07 03:52:01.878000+00:00,CELO-USDT-SWAP,4000497.0,1757217121878
2025-09-07 03:52:01.863000+00:00,CETUS-USDT-SWAP,17290140.0,1757217121863
2025-09-07 03:52:01.870000+00:00,CFX-USDT-SWAP,78535320.0,1757217121870
2025-09-07 03:52:01.869000+00:00,CHZ-USDT-SWAP,79337180.0,1757217121869
2025-09-07 03:52:01.910000+00:00,COMP-USDT-SWAP,92526.5,1757217121910
2025-09-07 03:52:02.367000+00:00,COOKIE-USDT-SWAP,4691640.0,1757217122367
2025-09-07 03:52:02.383000+00:00,CORE-USDT-SWAP,10034658.0,1757217122383
2025-09-07 03:52:02.386000+00:00,CRO-USDT-SWAP,67243190.0,1757217122386
2025-09-07 03:52:02.373000+00:00,CRV-USDT-SWAP,25343645.0,1757217122373
2025-09-07 03:52:02.402000+00:00,CTC-USDT-SWAP,1827210.0,1757217122402
2025-09-07 03:52:02.386000+00:00,CVC-USDT-SWAP,10055900.0,1757217122386
2025-09-07 03:52:02.377000+00:00,CVX-USDT-SWAP,304884.0,1757217122377
2025-09-07 03:52:02.373000+00:00,DEGEN-USDT-SWAP,290533500.0,1757217122373
2025-09-07 03:52:02.371000+00:00,DGB-USDT-SWAP,49240100.0,1757217122371
2025-09-07 03:52:02.394000+00:00,DOG-USDT-SWAP,568030000.0,1757217122394
2025-09-07 03:52:02.789000+00:00,DOGE-USDT-SWAP,1390848619.9999988,1757217122789
2025-09-07 03:52:02.799000+00:00,DOGS-USDT-SWAP,19075442000.0,1757217122799
2025-09-07 03:52:02.797000+00:00,DOOD-USDT-SWAP,134915000.0,1757217122797
2025-09-07 03:52:02.785000+00:00,DOT-USDT-SWAP,5687511.0,1757217122785
2025-09-07 03:52:02.787000+00:00,DUCK-USDT-SWAP,846684100.0,1757217122787
2025-09-07 03:52:02.803000+00:00,DYDX-USDT-SWAP,9098111.0,1757217122803
2025-09-07 03:52:02.787000+00:00,EGLD-USDT-SWAP,101548.5,1757217122787
2025-09-07 03:52:02.893000+00:00,EIGEN-USDT-SWAP,3588509.0,1757217122893
2025-09-07 03:52:02.794000+00:00,ENJ-USDT-SWAP,12989300.0,1757217122794
2025-09-07 03:52:02.798000+00:00,ENS-USDT-SWAP,352959.3,1757217122798
2025-09-07 03:52:03.276000+00:00,ETC-USDT-SWAP,1097133.3000000005,1757217123276
2025-09-07 03:52:03.288000+00:00,ETH-USDT-SWAP,741867.161000002,1757217123288
2025-09-07 03:52:03.280000+00:00,ETHFI-USDT-SWAP,8073416.0,1757217123280
2025-09-07 03:52:03.285000+00:00,ETHW-USDT-SWAP,1297127.4,1757217123285
2025-09-07 03:52:03.288000+00:00,FARTCOIN-USDT-SWAP,20497626.0,1757217123288
2025-09-07 03:52:03.293000+00:00,FIL-USDT-SWAP,13831553.1,1757217123293
2025-09-07 03:52:03.281000+00:00,FLM-USDT-SWAP,26278930.0,1757217123281
2025-09-07 03:52:03.278000+00:00,FLOKI-USDT-SWAP,42304700000.0,1757217123278
2025-09-07 03:52:03.278000+00:00,FLOW-USDT-SWAP,4289910.0,1757217123278
2025-09-07 03:52:03.292000+00:00,FXS-USDT-SWAP,253970.0,1757217123292
2025-09-07 03:52:03.678000+00:00,GALA-USDT-SWAP,419816600.0,1757217123678
2025-09-07 03:52:03.681000+00:00,GAS-USDT-SWAP,479583.0,1757217123681
2025-09-07 03:52:03.680000+00:00,GLM-USDT-SWAP,2684390.0,1757217123680
2025-09-07 03:52:03.679000+00:00,GMT-USDT-SWAP,46465473.0,1757217123679
2025-09-07 03:52:03.679000+00:00,GMX-USDT-SWAP,73154.9,1757217123679
2025-09-07 03:52:03.683000+00:00,GOAT-USDT-SWAP,25448280.0,1757217123683
2025-09-07 03:52:03.681000+00:00,GODS-USDT-SWAP,6289729.0,1757217123681
2025-09-07 03:52:03.716000+00:00,GPS-USDT-SWAP,172187510.0,1757217123716
2025-09-07 03:52:03.694000+00:00,GRASS-USDT-SWAP,2704720.0,1757217123694
2025-09-07 03:52:03.696000+00:00,GRIFFAIN-USDT-SWAP,23947120.0,1757217123696
2025-09-07 03:52:04.094000+00:00,GRT-USDT-SWAP,22271420.0,1757217124094
2025-09-07 03:52:04.107000+00:00,H-USDT-SWAP,62066600.0,1757217124107
2025-09-07 03:52:04.093000+00:00,HBAR-USDT-SWAP,74069619.99999999,1757217124093
2025-09-07 03:52:04.095000+00:00,HMSTR-USDT-SWAP,942485900.0,1757217124095
2025-09-07 03:52:04.095000+00:00,HOME-USDT-SWAP,25327200.0,1757217124095
2025-09-07 03:52:04.109000+00:00,HUMA-USDT-SWAP,88184500.0,1757217124109
2025-09-07 03:52:04.099000+00:00,HYPE-USDT-SWAP,796438.6,1757217124099
2025-09-07 03:52:04.097000+00:00,ICP-USDT-SWAP,1224618.66,1757217124097
2025-09-07 03:52:04.100000+00:00,ICX-USDT-SWAP,6284560.0,1757217124100
2025-09-07 03:52:04.103000+00:00,IMX-USDT-SWAP,6596362.0,1757217124103
2025-09-07 03:52:04.499000+00:00,INIT-USDT-SWAP,2460770.0,1757217124499
2025-09-07 03:52:04.514000+00:00,INJ-USDT-SWAP,853015.1,1757217124514
2025-09-07 03:52:04.502000+00:00,IOST-USDT-SWAP,312541000.0,1757217124502
2025-09-07 03:52:04.503000+00:00,IOTA-USDT-SWAP,15857430.0,1757217124503
2025-09-07 03:52:04.493000+00:00,IP-USDT-SWAP,2940059.0,1757217124493
2025-09-07 03:52:04.581000+00:00,JELLYJELLY-USDT-SWAP,218561700.0,1757217124581
2025-09-07 03:52:04.502000+00:00,JOE-USDT-SWAP,7282010.0,1757217124502
2025-09-07 03:52:04.496000+00:00,JTO-USDT-SWAP,2924052.0,1757217124496
2025-09-07 03:52:04.512000+00:00,JUP-USDT-SWAP,14397400.0,1757217124512
2025-09-07 03:52:04.963000+00:00,KAITO-USDT-SWAP,3423225.0,1757217124963
2025-09-07 03:52:04.976000+00:00,KMNO-USDT-SWAP,17071800.0,1757217124976
2025-09-07 03:52:04.984000+00:00,KSM-USDT-SWAP,122695.4,1757217124984
2025-09-07 03:52:04.967000+00:00,LA-USDT-SWAP,3164590.0,1757217124967
2025-09-07 03:52:04.973000+00:00,LAUNCHCOIN-USDT-SWAP,39550380.0,1757217124973
2025-09-07 03:52:04.975000+00:00,LAYER-USDT-SWAP,6090770.0,1757217124975
2025-09-07 03:52:04.968000+00:00,LDO-USDT-SWAP,14669162.0,1757217124968
2025-09-07 03:52:04.965000+00:00,LINK-USDT-SWAP,2584310.4000000004,1757217124965
2025-09-07 03:52:04.973000+00:00,LPT-USDT-SWAP,840963.8,1757217124973
2025-09-07 03:52:04.976000+00:00,LQTY-USDT-SWAP,1563611.0,1757217124976
2025-09-07 03:52:05.374000+00:00,LRC-USDT-SWAP,17679080.0,1757217125374
2025-09-07 03:52:05.387000+00:00,LTC-USDT-SWAP,635605.6,1757217125387
2025-09-07 03:52:05.385000+00:00,LUNA-USDT-SWAP,15460746.0,1757217125385
2025-09-07 03:52:05.387000+00:00,LUNC-USDT-SWAP,33114510000.0,1757217125387
2025-09-07 03:52:05.392000+00:00,MAGIC-USDT-SWAP,19485156.0,1757217125392
2025-09-07 03:52:05.399000+00:00,MAJOR-USDT-SWAP,4732599.0,1757217125399
2025-09-07 03:52:05.380000+00:00,MANA-USDT-SWAP,10383140.0,1757217125380
2025-09-07 03:52:05.377000+00:00,MASK-USDT-SWAP,3093701.0,1757217125377
2025-09-07 03:52:05.389000+00:00,ME-USDT-SWAP,3025375.0,1757217125389
2025-09-07 03:52:05.383000+00:00,MEME-USDT-SWAP,1886604100.0,1757217125383
2025-09-07 03:52:05.807000+00:00,MERL-USDT-SWAP,60005739.0,1757217125807
2025-09-07 03:52:05.817000+00:00,METIS-USDT-SWAP,96103.0,1757217125817
2025-09-07 03:52:05.911000+00:00,MEW-USDT-SWAP,1012253000.0,1757217125911
2025-09-07 03:52:05.804000+00:00,MINA-USDT-SWAP,7190539.0,1757217125804
2025-09-07 03:52:05.816000+00:00,MOG-USDT-SWAP,684892000000.0,1757217125816
2025-09-07 03:52:05.803000+00:00,MOODENG-USDT-SWAP,47458520.0,1757217125803
2025-09-07 03:52:05.808000+00:00,MORPHO-USDT-SWAP,1348796.0,1757217125808
2025-09-07 03:52:05.810000+00:00,MOVE-USDT-SWAP,29506370.0,1757217125810
2025-09-07 03:52:05.822000+00:00,MUBARAK-USDT-SWAP,13355100.0,1757217125822
2025-09-07 03:52:06.296000+00:00,NEAR-USDT-SWAP,5435543.0,1757217126296
2025-09-07 03:52:06.305000+00:00,NEIRO-USDT-SWAP,9113408000.0,1757217126305
2025-09-07 03:52:06.294000+00:00,NEIROETH-USDT-SWAP,24003000.0,1757217126294
2025-09-07 03:52:06.294000+00:00,NEO-USDT-SWAP,311838.0,1757217126294
2025-09-07 03:52:06.301000+00:00,NEWT-USDT-SWAP,3697910.0,1757217126301
2025-09-07 03:52:06.302000+00:00,NMR-USDT-SWAP,636478.7,1757217126302
2025-09-07 03:52:06.299000+00:00,NOT-USDT-SWAP,1745300800.0,1757217126299
2025-09-07 03:52:06.295000+00:00,NXPC-USDT-SWAP,824899.0,1757217126295
2025-09-07 03:52:06.300000+00:00,OL-USDT-SWAP,90790250.0,1757217126300
2025-09-07 03:52:06.304000+00:00,OM-USDT-SWAP,26062727.0,1757217126304
2025-09-07 03:52:06.691000+00:00,ONDO-USDT-SWAP,19584690.0,1757217126691
2025-09-07 03:52:06.691000+00:00,ONE-USDT-SWAP,78186100.0,1757217126691
2025-09-07 03:52:06.691000+00:00,ONT-USDT-SWAP,14307780.0,1757217126691
2025-09-07 03:52:06.688000+00:00,OP-USDT-SWAP,20263987.0,1757217126688
2025-09-07 03:52:06.695000+00:00,ORBS-USDT-SWAP,25876100.0,1757217126695
2025-09-07 03:52:06.702000+00:00,ORDI-USDT-SWAP,1169050.8,1757217126702
2025-09-07 03:52:06.691000+00:00,PARTI-USDT-SWAP,13777220.0,1757217126691
2025-09-07 03:52:06.686000+00:00,PENGU-USDT-SWAP,556545600.0,1757217126686
2025-09-07 03:52:06.695000+00:00,PEOPLE-USDT-SWAP,303845100.0,1757217126695
2025-09-07 03:52:06.705000+00:00,PEPE-USDT-SWAP,6542360000000.004,1757217126705
2025-09-07 03:52:07.091000+00:00,PERP-USDT-SWAP,2460304.0,1757217127091
2025-09-07 03:52:07.146000+00:00,PI-USDT-SWAP,33216019.0,1757217127146
2025-09-07 03:52:07.091000+00:00,PLUME-USDT-SWAP,14209280.0,1757217127091
2025-09-07 03:52:07.092000+00:00,PNUT-USDT-SWAP,37955990.0,1757217127092
2025-09-07 03:52:07.099000+00:00,POL-USDT-SWAP,39089190.0,1757217127099
2025-09-07 03:52:07.101000+00:00,POPCAT-USDT-SWAP,10743240.0,1757217127101
2025-09-07 03:52:07.091000+00:00,PRCL-USDT-SWAP,21313834.0,1757217127091
2025-09-07 03:52:07.094000+00:00,PROMPT-USDT-SWAP,30894470.0,1757217127094
2025-09-07 03:52:07.090000+00:00,PUMP-USDT-SWAP,6660834000.0,1757217127090
2025-09-07 03:52:07.104000+00:00,PYTH-USDT-SWAP,48295330.0,1757217127104
2025-09-07 03:52:07.538000+00:00,QTUM-USDT-SWAP,1520651.0,1757217127538
2025-09-07 03:52:07.555000+00:00,RAY-USDT-SWAP,944010.0,1757217127555
2025-09-07 03:52:07.541000+00:00,RENDER-USDT-SWAP,1393760.0,1757217127541
2025-09-07 03:52:07.547000+00:00,RESOLV-USDT-SWAP,27832740.0,1757217127547
2025-09-07 03:52:07.547000+00:00,RSR-USDT-SWAP,251845500.0,1757217127547
2025-09-07 03:52:07.636000+00:00,RVN-USDT-SWAP,83506700.0,1757217127636
2025-09-07 03:52:07.541000+00:00,S-USDT-SWAP,13754420.0,1757217127541
2025-09-07 03:52:07.535000+00:00,SAHARA-USDT-SWAP,55747300.0,1757217127535
2025-09-07 03:52:07.543000+00:00,SAND-USDT-SWAP,19525770.0,1757217127543
2025-09-07 03:52:07.547000+00:00,SATS-USDT-SWAP,170773280000000.0,1757217127547
2025-09-07 03:52:08.040000+00:00,SCR-USDT-SWAP,3264428.0,1757217128040
2025-09-07 03:52:08.038000+00:00,SHELL-USDT-SWAP,5743660.0,1757217128038
2025-09-07 03:52:08.048000+00:00,SHIB-USDT-SWAP,1311351200000.0,1757217128048
2025-09-07 03:52:08.039000+00:00,SIGN-USDT-SWAP,45423600.0,1757217128039
2025-09-07 03:52:08.168000+00:00,SLP-USDT-SWAP,452371540.0,1757217128168
2025-09-07 03:52:08.048000+00:00,SNX-USDT-SWAP,2446944.0,1757217128048
2025-09-07 03:52:08.037000+00:00,SOL-USDT-SWAP,3419269.6700000027,1757217128037
2025-09-07 03:52:08.035000+00:00,SOLV-USDT-SWAP,50195800.0,1757217128035
2025-09-07 03:52:08.054000+00:00,SONIC-USDT-SWAP,7185392.0,1757217128054
2025-09-07 03:52:08.095000+00:00,SOON-USDT-SWAP,8610990.0,1757217128095
2025-09-07 03:52:08.569000+00:00,SOPH-USDT-SWAP,89916500.0,1757217128569
2025-09-07 03:52:08.557000+00:00,SPK-USDT-SWAP,138397900.0,1757217128557
2025-09-07 03:52:08.560000+00:00,SPX-USDT-SWAP,1144627.0,1757217128560
2025-09-07 03:52:08.553000+00:00,SSV-USDT-SWAP,298405.5,1757217128553
2025-09-07 03:52:08.567000+00:00,STORJ-USDT-SWAP,5566430.0,1757217128567
2025-09-07 03:52:08.572000+00:00,STRK-USDT-SWAP,25936025.0,1757217128572
2025-09-07 03:52:08.548000+00:00,STX-USDT-SWAP,6756776.000000001,1757217128548
2025-09-07 03:52:08.555000+00:00,SUI-USDT-SWAP,20830848.0,1757217128555
2025-09-07 03:52:08.552000+00:00,SUSHI-USDT-SWAP,8121894.0,1757217128552
2025-09-07 03:52:08.562000+00:00,SWARMS-USDT-SWAP,80712980.0,1757217128562
2025-09-07 03:52:08.966000+00:00,SYRUP-USDT-SWAP,3209250.0,1757217128966
2025-09-07 03:52:08.967000+00:00,T-USDT-SWAP,39381300.0,1757217128967
2025-09-07 03:52:09.090000+00:00,TAO-USDT-SWAP,15676.07,1757217129090
2025-09-07 03:52:09.009000+00:00,THETA-USDT-SWAP,2626257.9999999995,1757217129009
2025-09-07 03:52:08.964000+00:00,TIA-USDT-SWAP,5247636.0,1757217128964
2025-09-07 03:52:09.003000+00:00,TNSR-USDT-SWAP,8378025.0,1757217129003
2025-09-07 03:52:08.969000+00:00,TON-USDT-SWAP,9739990.0,1757217128969
2025-09-07 03:52:08.965000+00:00,TRB-USDT-SWAP,285244.0,1757217128965
2025-09-07 03:52:08.974000+00:00,TREE-USDT-SWAP,7610584.0,1757217128974
2025-09-07 03:52:08.973000+00:00,TRUMP-USDT-SWAP,5431236.0,1757217128973
2025-09-07 03:52:09.479000+00:00,TRX-USDT-SWAP,107410220.00000003,1757217129479
2025-09-07 03:52:09.517000+00:00,TURBO-USDT-SWAP,817625000.0000002,1757217129517
2025-09-07 03:52:09.478000+00:00,UMA-USDT-SWAP,1506963.1,1757217129478
2025-09-07 03:52:09.479000+00:00,UNI-USDT-SWAP,3120197.0,1757217129479
2025-09-07 03:52:09.478000+00:00,USDC-USDT-SWAP,1022480.0,1757217129478
2025-09-07 03:52:09.485000+00:00,USELESS-USDT-SWAP,17485720.0,1757217129485
2025-09-07 03:52:09.477000+00:00,USTC-USDT-SWAP,146566500.0,1757217129477
2025-09-07 03:52:09.475000+00:00,UXLINK-USDT-SWAP,5563330.0,1757217129475
2025-09-07 03:52:09.473000+00:00,VANA-USDT-SWAP,133618.9,1757217129473
2025-09-07 03:52:09.497000+00:00,VINE-USDT-SWAP,103574840.0,1757217129497
2025-09-07 03:52:09.921000+00:00,VIRTUAL-USDT-SWAP,3281270.0,1757217129921
2025-09-07 03:52:09.926000+00:00,W-USDT-SWAP,48256727.0,1757217129926
2025-09-07 03:52:09.949000+00:00,WAL-USDT-SWAP,2151370.0,1757217129949
2025-09-07 03:52:09.918000+00:00,WAXP-USDT-SWAP,27702900.0,1757217129918
2025-09-07 03:52:09.928000+00:00,WCT-USDT-SWAP,10400540.0,1757217129928
2025-09-07 03:52:09.924000+00:00,WIF-USDT-SWAP,17541767.0,1757217129924
2025-09-07 03:52:09.919000+00:00,WLD-USDT-SWAP,34663380.0,1757217129919
2025-09-07 03:52:09.910000+00:00,WLFI-USDT-SWAP,306240400.0,1757217129910
2025-09-07 03:52:09.912000+00:00,WOO-USDT-SWAP,14870310.0,1757217129912
2025-09-07 03:52:09.919000+00:00,XAUT-USDT-SWAP,5966.626,1757217129919
2025-09-07 03:52:10.333000+00:00,XLM-USDT-SWAP,39090309.999999985,1757217130333
2025-09-07 03:52:10.334000+00:00,XPL-USDT-SWAP,6912670.0,1757217130334
2025-09-07 03:52:10.367000+00:00,XRP-USDT-SWAP,91475347.00000001,1757217130367
2025-09-07 03:52:10.335000+00:00,XTZ-USDT-SWAP,5705331.0,1757217130335
2025-09-07 03:52:10.350000+00:00,YFI-USDT-SWAP,368.3927,1757217130350
2025-09-07 03:52:10.345000+00:00,YGG-USDT-SWAP,27741057.0,1757217130345
2025-09-07 03:52:10.336000+00:00,ZENT-USDT-SWAP,170388700.0,1757217130336
2025-09-07 03:52:10.340000+00:00,ZEREBRO-USDT-SWAP,76537150.0,1757217130340
2025-09-07 03:52:10.330000+00:00,ZETA-USDT-SWAP,5578210.0,1757217130330
2025-09-07 03:52:10.340000+00:00,ZIL-USDT-SWAP,160086900.0,1757217130340
2025-09-07 03:52:10.754000+00:00,ZK-USDT-SWAP,50767120.0,1757217130754
2025-09-07 03:52:10.751000+00:00,ZRO-USDT-SWAP,2190944.0,1757217130751
2025-09-07 03:52:10.762000+00:00,ZRX-USDT-SWAP,8053110.0,1757217130762
2025-09-07 03:53:11.433000+00:00,1INCH-USDT-SWAP,7724585.0,1757217191433
2025-09-07 03:53:11.420000+00:00,A-USDT-SWAP,9799940.0,1757217191420
2025-09-07 03:53:11.400000+00:00,AAVE-USDT-SWAP,133116.72,1757217191400
2025-09-07 03:53:11.411000+00:00,ACE-USDT-SWAP,1910746.0,1757217191411
2025-09-07 03:53:11.418000+00:00,ACH-USDT-SWAP,76500100.0,1757217191418
2025-09-07 03:53:11.409000+00:00,ACT-USDT-SWAP,80862734.0,1757217191409
2025-09-07 03:53:11.418000+00:00,ADA-USDT-SWAP,77473700.00000001,1757217191418
2025-09-07 03:53:11.421000+00:00,AERO-USDT-SWAP,1634990.0,1757217191421
2025-09-07 03:53:11.400000+00:00,AEVO-USDT-SWAP,13044173.0,1757217191400
2025-09-07 03:53:11.424000+00:00,AGLD-USDT-SWAP,1892875.0,1757217191424
2025-09-07 03:53:11.830000+00:00,AI16Z-USDT-SWAP,51322253.0,1757217191830
2025-09-07 03:53:11.853000+00:00,AIXBT-USDT-SWAP,23284760.0,1757217191853
2025-09-07 03:53:11.823000+00:00,ALCH-USDT-SWAP,23047340.0,1757217191823
2025-09-07 03:53:11.824000+00:00,ALGO-USDT-SWAP,28170750.0,1757217191824
2025-09-07 03:53:11.818000+00:00,ANIME-USDT-SWAP,112977480.0,1757217191818
2025-09-07 03:53:11.824000+00:00,APE-USDT-SWAP,8019343.0,1757217191824
2025-09-07 03:53:11.833000+00:00,API3-USDT-SWAP,4816778.0,1757217191833
2025-09-07 03:53:11.835000+00:00,APT-USDT-SWAP,3700580.0,1757217191835
2025-09-07 03:53:11.823000+00:00,AR-USDT-SWAP,528992.3,1757217191823
2025-09-07 03:53:11.868000+00:00,ARB-USDT-SWAP,33389974.999999993,1757217191868
2025-09-07 03:53:12.254000+00:00,ARC-USDT-SWAP,61023770.0,1757217192254
2025-09-07 03:53:12.266000+00:00,ARKM-USDT-SWAP,3503136.0,1757217192266
2025-09-07 03:53:12.261000+00:00,ATH-USDT-SWAP,141424400.0,1757217192261
2025-09-07 03:53:12.255000+00:00,ATOM-USDT-SWAP,1842884.0,1757217192255
2025-09-07 03:53:12.247000+00:00,AUCTION-USDT-SWAP,211416.1,1757217192247
2025-09-07 03:53:12.253000+00:00,AVAAI-USDT-SWAP,53557440.0,1757217192253
2025-09-07 03:53:12.265000+00:00,AVAX-USDT-SWAP,1843167.9000000001,1757217192265
2025-09-07 03:53:12.262000+00:00,AXS-USDT-SWAP,1182014.2,1757217192262
2025-09-07 03:53:12.257000+00:00,BABY-USDT-SWAP,39313430.0,1757217192257
2025-09-07 03:53:12.284000+00:00,BAND-USDT-SWAP,1723353.0,1757217192284
2025-09-07 03:53:12.669000+00:00,BAT-USDT-SWAP,5712300.0,1757217192669
2025-09-07 03:53:12.680000+00:00,BCH-USDT-SWAP,81493.47999999998,1757217192680
2025-09-07 03:53:12.715000+00:00,BERA-USDT-SWAP,2346029.2,1757217192715
2025-09-07 03:53:12.682000+00:00,BICO-USDT-SWAP,7011232.0,1757217192682
2025-09-07 03:53:12.764000+00:00,BIGTIME-USDT-SWAP,40464380.0,1757217192764
2025-09-07 03:53:12.746000+00:00,BIO-USDT-SWAP,73946192.0,1757217192746
2025-09-07 03:53:12.675000+00:00,BLUR-USDT-SWAP,23634960.0,1757217192675
2025-09-07 03:53:12.710000+00:00,BNB-USDT-SWAP,90146.76,1757217192710
2025-09-07 03:53:12.689000+00:00,BNT-USDT-SWAP,700220.0,1757217192689
2025-09-07 03:53:12.681000+00:00,BOME-USDT-SWAP,1343081000.0,1757217192681
2025-09-07 03:53:13.150000+00:00,BONK-USDT-SWAP,483188400000.0,1757217193150
2025-09-07 03:53:13.154000+00:00,BRETT-USDT-SWAP,13701500.0,1757217193154
2025-09-07 03:53:13.153000+00:00,BTC-USDT-SWAP,27265.307000000055,1757217193153
2025-09-07 03:53:13.156000+00:00,CAT-USDT-SWAP,201316100000.0,1757217193156
2025-09-07 03:53:13.178000+00:00,CATI-USDT-SWAP,17272816.0,1757217193178
2025-09-07 03:53:13.157000+00:00,CELO-USDT-SWAP,4000497.0,1757217193157
2025-09-07 03:53:13.160000+00:00,CETUS-USDT-SWAP,17288580.0,1757217193160
2025-09-07 03:53:13.158000+00:00,CFX-USDT-SWAP,78525760.0,1757217193158
2025-09-07 03:53:13.152000+00:00,CHZ-USDT-SWAP,79335740.0,1757217193152
2025-09-07 03:53:13.174000+00:00,COMP-USDT-SWAP,92526.3,1757217193174
2025-09-07 03:53:13.574000+00:00,COOKIE-USDT-SWAP,4680880.0,1757217193574
2025-09-07 03:53:13.594000+00:00,CORE-USDT-SWAP,10034664.0,1757217193594
2025-09-07 03:53:13.578000+00:00,CRO-USDT-SWAP,67253570.0,1757217193578
2025-09-07 03:53:13.576000+00:00,CRV-USDT-SWAP,25342103.0,1757217193576
2025-09-07 03:53:13.580000+00:00,CTC-USDT-SWAP,1827110.0,1757217193580
2025-09-07 03:53:13.576000+00:00,CVC-USDT-SWAP,10056100.0,1757217193576
2025-09-07 03:53:13.595000+00:00,CVX-USDT-SWAP,304884.0,1757217193595
2025-09-07 03:53:13.580000+00:00,DEGEN-USDT-SWAP,290437600.0,1757217193580
2025-09-07 03:53:13.573000+00:00,DGB-USDT-SWAP,49240100.0,1757217193573
2025-09-07 03:53:13.582000+00:00,DOG-USDT-SWAP,568030000.0,1757217193582
2025-09-07 03:53:13.988000+00:00,DOGE-USDT-SWAP,1390754109.999999,1757217193988
2025-09-07 03:53:14+00:00,DOGS-USDT-SWAP,19070497000.0,1757217194000
2025-09-07 03:53:13.989000+00:00,DOOD-USDT-SWAP,134929000.0,1757217193989
2025-09-07 03:53:13.987000+00:00,DOT-USDT-SWAP,5687500.0,1757217193987
2025-09-07 03:53:13.985000+00:00,DUCK-USDT-SWAP,846546900.0,1757217193985
2025-09-07 03:53:13.991000+00:00,DYDX-USDT-SWAP,9101460.0,1757217193991
2025-09-07 03:53:14.011000+00:00,EGLD-USDT-SWAP,101546.9,1757217194011
2025-09-07 03:53:14.009000+00:00,EIGEN-USDT-SWAP,3588902.0,1757217194009
2025-09-07 03:53:14.045000+00:00,ENJ-USDT-SWAP,12988520.0,1757217194045
2025-09-07 03:53:14.008000+00:00,ENS-USDT-SWAP,353027.3,1757217194008
2025-09-07 03:53:14.430000+00:00,ETC-USDT-SWAP,1097158.9000000004,1757217194430
2025-09-07 03:53:14.432000+00:00,ETH-USDT-SWAP,741842.228000002,1757217194432
2025-09-07 03:53:14.426000+00:00,ETHFI-USDT-SWAP,8072560.0,1757217194426
2025-09-07 03:53:14.426000+00:00,ETHW-USDT-SWAP,1297127.4,1757217194426
2025-09-07 03:53:14.430000+00:00,FARTCOIN-USDT-SWAP,20497733.0,1757217194430
2025-09-07 03:53:14.432000+00:00,FIL-USDT-SWAP,13834355.6,1757217194432
2025-09-07 03:53:14.450000+00:00,FLM-USDT-SWAP,26296820.0,1757217194450
2025-09-07 03:53:14.459000+00:00,FLOKI-USDT-SWAP,42285000000.0,1757217194459
2025-09-07 03:53:14.429000+00:00,FLOW-USDT-SWAP,4288960.0,1757217194429
2025-09-07 03:53:14.442000+00:00,FXS-USDT-SWAP,254156.0,1757217194442
2025-09-07 03:53:14.915000+00:00,GALA-USDT-SWAP,422029890.0,1757217194915
2025-09-07 03:53:14.917000+00:00,GAS-USDT-SWAP,479583.0,1757217194917
2025-09-07 03:53:14.917000+00:00,GLM-USDT-SWAP,2684390.0,1757217194917
2025-09-07 03:53:14.907000+00:00,GMT-USDT-SWAP,46465473.0,1757217194907
2025-09-07 03:53:14.918000+00:00,GMX-USDT-SWAP,73154.9,1757217194918
2025-09-07 03:53:14.915000+00:00,GOAT-USDT-SWAP,25346420.0,1757217194915
2025-09-07 03:53:14.919000+00:00,GODS-USDT-SWAP,6289716.0,1757217194919
2025-09-07 03:53:14.951000+00:00,GPS-USDT-SWAP,172136860.0,1757217194951
2025-09-07 03:53:14.914000+00:00,GRASS-USDT-SWAP,2704220.0,1757217194914
2025-09-07 03:53:14.923000+00:00,GRIFFAIN-USDT-SWAP,23946830.0,1757217194923
2025-09-07 03:53:15.331000+00:00,GRT-USDT-SWAP,22270620.0,1757217195331
2025-09-07 03:53:15.347000+00:00,H-USDT-SWAP,62720900.0,1757217195347
2025-09-07 03:53:15.339000+00:00,HBAR-USDT-SWAP,74072839.99999999,1757217195339
2025-09-07 03:53:15.416000+00:00,HMSTR-USDT-SWAP,942754700.0,1757217195416
2025-09-07 03:53:15.335000+00:00,HOME-USDT-SWAP,25325800.0,1757217195335
2025-09-07 03:53:15.336000+00:00,HUMA-USDT-SWAP,88291800.0,1757217195336
2025-09-07 03:53:15.339000+00:00,HYPE-USDT-SWAP,796445.2,1757217195339
2025-09-07 03:53:15.342000+00:00,ICP-USDT-SWAP,1224618.66,1757217195342
2025-09-07 03:53:15.399000+00:00,ICX-USDT-SWAP,6284440.0,1757217195399
2025-09-07 03:53:15.364000+00:00,IMX-USDT-SWAP,6596417.0,1757217195364
2025-09-07 03:53:15.804000+00:00,INIT-USDT-SWAP,2458160.0,1757217195804
2025-09-07 03:53:15.810000+00:00,INJ-USDT-SWAP,853014.3,1757217195810
2025-09-07 03:53:15.807000+00:00,IOST-USDT-SWAP,312442000.0,1757217195807
2025-09-07 03:53:15.816000+00:00,IOTA-USDT-SWAP,15857430.0,1757217195816
2025-09-07 03:53:15.799000+00:00,IP-USDT-SWAP,2939340.0,1757217195799
2025-09-07 03:53:15.809000+00:00,JELLYJELLY-USDT-SWAP,218705500.0,1757217195809
2025-09-07 03:53:15.821000+00:00,JOE-USDT-SWAP,7282010.0,1757217195821
2025-09-07 03:53:15.807000+00:00,JTO-USDT-SWAP,2923979.0,1757217195807
2025-09-07 03:53:15.828000+00:00,JUP-USDT-SWAP,14397070.0,1757217195828
2025-09-07 03:53:16.227000+00:00,KAITO-USDT-SWAP,3423408.0,1757217196227
2025-09-07 03:53:16.230000+00:00,KMNO-USDT-SWAP,17071600.0,1757217196230
2025-09-07 03:53:16.269000+00:00,KSM-USDT-SWAP,122659.2,1757217196269
2025-09-07 03:53:16.220000+00:00,LA-USDT-SWAP,3163270.0,1757217196220
2025-09-07 03:53:16.222000+00:00,LAUNCHCOIN-USDT-SWAP,39560120.0,1757217196222
2025-09-07 03:53:16.227000+00:00,LAYER-USDT-SWAP,6089713.0,1757217196227
2025-09-07 03:53:16.230000+00:00,LDO-USDT-SWAP,14669348.0,1757217196230
2025-09-07 03:53:16.230000+00:00,LINK-USDT-SWAP,2584379.2,1757217196230
2025-09-07 03:53:16.223000+00:00,LPT-USDT-SWAP,841385.9,1757217196223
2025-09-07 03:53:16.236000+00:00,LQTY-USDT-SWAP,1562950.0,1757217196236
2025-09-07 03:53:16.650000+00:00,LRC-USDT-SWAP,17682630.0,1757217196650
2025-09-07 03:53:16.667000+00:00,LTC-USDT-SWAP,635632.2,1757217196667
2025-09-07 03:53:16.652000+00:00,LUNA-USDT-SWAP,15458326.0,1757217196652
2025-09-07 03:53:16.656000+00:00,LUNC-USDT-SWAP,33114510000.0,1757217196656
2025-09-07 03:53:16.647000+00:00,MAGIC-USDT-SWAP,19476916.0,1757217196647
2025-09-07 03:53:16.649000+00:00,MAJOR-USDT-SWAP,4731516.0,1757217196649
2025-09-07 03:53:16.669000+00:00,MANA-USDT-SWAP,10381730.0,1757217196669
2025-09-07 03:53:16.658000+00:00,MASK-USDT-SWAP,3093701.0,1757217196658
2025-09-07 03:53:16.653000+00:00,ME-USDT-SWAP,3025375.0,1757217196653
2025-09-07 03:53:16.662000+00:00,MEME-USDT-SWAP,1886982800.0,1757217196662
2025-09-07 03:53:17.056000+00:00,MERL-USDT-SWAP,60042166.0,1757217197056
2025-09-07 03:53:17.060000+00:00,METIS-USDT-SWAP,96103.0,1757217197060
2025-09-07 03:53:17.055000+00:00,MEW-USDT-SWAP,1012188000.0,1757217197055
2025-09-07 03:53:17.055000+00:00,MINA-USDT-SWAP,7185789.0,1757217197055
2025-09-07 03:53:17.057000+00:00,MOG-USDT-SWAP,684915000000.0,1757217197057
2025-09-07 03:53:17.066000+00:00,MOODENG-USDT-SWAP,47461380.0,1757217197066
2025-09-07 03:53:17.060000+00:00,MORPHO-USDT-SWAP,1348862.0,1757217197060
2025-09-07 03:53:17.058000+00:00,MOVE-USDT-SWAP,29509450.0,1757217197058
2025-09-07 03:53:17.077000+00:00,MUBARAK-USDT-SWAP,13354200.0,1757217197077
2025-09-07 03:53:17.457000+00:00,NEAR-USDT-SWAP,5435448.000000001,1757217197457
2025-09-07 03:53:17.463000+00:00,NEIRO-USDT-SWAP,9113664000.0,1757217197463
2025-09-07 03:53:17.456000+00:00,NEIROETH-USDT-SWAP,24028600.0,1757217197456
2025-09-07 03:53:17.459000+00:00,NEO-USDT-SWAP,311836.0,1757217197459
2025-09-07 03:53:17.452000+00:00,NEWT-USDT-SWAP,3695150.0,1757217197452
2025-09-07 03:53:17.565000+00:00,NMR-USDT-SWAP,637187.0,1757217197565
2025-09-07 03:53:17.480000+00:00,NOT-USDT-SWAP,1745171300.0,1757217197480
2025-09-07 03:53:17.472000+00:00,NXPC-USDT-SWAP,825195.0,1757217197472
2025-09-07 03:53:17.458000+00:00,OL-USDT-SWAP,90781350.0,1757217197458
2025-09-07 03:53:17.485000+00:00,OM-USDT-SWAP,26061034.0,1757217197485
2025-09-07 03:53:17.966000+00:00,ONDO-USDT-SWAP,19592450.0,1757217197966
2025-09-07 03:53:17.951000+00:00,ONE-USDT-SWAP,78181000.0,1757217197951
2025-09-07 03:53:18.045000+00:00,ONT-USDT-SWAP,14303440.0,1757217198045
2025-09-07 03:53:17.947000+00:00,OP-USDT-SWAP,20271166.0,1757217197947
2025-09-07 03:53:17.946000+00:00,ORBS-USDT-SWAP,25876100.0,1757217197946
2025-09-07 03:53:17.949000+00:00,ORDI-USDT-SWAP,1168848.4,1757217197949
2025-09-07 03:53:18.061000+00:00,PARTI-USDT-SWAP,13769540.0,1757217198061
2025-09-07 03:53:17.946000+00:00,PENGU-USDT-SWAP,556593100.0,1757217197946
2025-09-07 03:53:17.950000+00:00,PEOPLE-USDT-SWAP,303834800.0,1757217197950
2025-09-07 03:53:17.956000+00:00,PEPE-USDT-SWAP,6543055000000.004,1757217197956
2025-09-07 03:53:18.442000+00:00,PERP-USDT-SWAP,2460600.0,1757217198442
2025-09-07 03:53:18.460000+00:00,PI-USDT-SWAP,33205743.0,1757217198460
2025-09-07 03:53:18.441000+00:00,PLUME-USDT-SWAP,14219080.0,1757217198441
2025-09-07 03:53:18.444000+00:00,PNUT-USDT-SWAP,37949640.0,1757217198444
2025-09-07 03:53:18.438000+00:00,POL-USDT-SWAP,39084810.0,1757217198438
2025-09-07 03:53:18.442000+00:00,POPCAT-USDT-SWAP,10741780.0,1757217198442
2025-09-07 03:53:18.465000+00:00,PRCL-USDT-SWAP,21195114.0,1757217198465
2025-09-07 03:53:18.468000+00:00,PROMPT-USDT-SWAP,30969610.0,1757217198468
2025-09-07 03:53:18.448000+00:00,PUMP-USDT-SWAP,6661182000.0,1757217198448
2025-09-07 03:53:18.444000+00:00,PYTH-USDT-SWAP,48280420.0,1757217198444
2025-09-07 03:53:18.857000+00:00,QTUM-USDT-SWAP,1520631.0,1757217198857
2025-09-07 03:53:18.873000+00:00,RAY-USDT-SWAP,944000.0,1757217198873
2025-09-07 03:53:18.862000+00:00,RENDER-USDT-SWAP,1393760.0,1757217198862
2025-09-07 03:53:18.860000+00:00,RESOLV-USDT-SWAP,27838660.0,1757217198860
2025-09-07 03:53:18.862000+00:00,RSR-USDT-SWAP,251889800.0,1757217198862
2025-09-07 03:53:18.863000+00:00,RVN-USDT-SWAP,83506700.0,1757217198863
2025-09-07 03:53:18.879000+00:00,S-USDT-SWAP,13754420.0,1757217198879
2025-09-07 03:53:18.865000+00:00,SAHARA-USDT-SWAP,55746230.0,1757217198865
2025-09-07 03:53:18.861000+00:00,SAND-USDT-SWAP,19530020.0,1757217198861
2025-09-07 03:53:18.875000+00:00,SATS-USDT-SWAP,170812330000000.0,1757217198875
2025-09-07 03:53:19.266000+00:00,SCR-USDT-SWAP,3264264.0,1757217199266
2025-09-07 03:53:19.287000+00:00,SHELL-USDT-SWAP,5744590.0,1757217199287
2025-09-07 03:53:19.263000+00:00,SHIB-USDT-SWAP,1311110000000.0,1757217199263
2025-09-07 03:53:19.261000+00:00,SIGN-USDT-SWAP,45423400.0,1757217199261
2025-09-07 03:53:19.273000+00:00,SLP-USDT-SWAP,452392210.0,1757217199273
2025-09-07 03:53:19.266000+00:00,SNX-USDT-SWAP,2446933.0,1757217199266
2025-09-07 03:53:19.374000+00:00,SOL-USDT-SWAP,3419092.9700000025,1757217199374
2025-09-07 03:53:19.270000+00:00,SOLV-USDT-SWAP,50195800.0,1757217199270
2025-09-07 03:53:19.265000+00:00,SONIC-USDT-SWAP,7185232.0,1757217199265
2025-09-07 03:53:19.269000+00:00,SOON-USDT-SWAP,8608220.0,1757217199269
2025-09-07 03:53:19.761000+00:00,SOPH-USDT-SWAP,89923100.0,1757217199761
2025-09-07 03:53:19.767000+00:00,SPK-USDT-SWAP,138392700.0,1757217199767
2025-09-07 03:53:19.761000+00:00,SPX-USDT-SWAP,1144885.0,1757217199761
2025-09-07 03:53:19.758000+00:00,SSV-USDT-SWAP,298520.9,1757217199758
2025-09-07 03:53:19.757000+00:00,STORJ-USDT-SWAP,5566430.0,1757217199757
2025-09-07 03:53:19.761000+00:00,STRK-USDT-SWAP,25936025.0,1757217199761
2025-09-07 03:53:19.767000+00:00,STX-USDT-SWAP,6756696.000000001,1757217199767
2025-09-07 03:53:19.768000+00:00,SUI-USDT-SWAP,20830239.0,1757217199768
2025-09-07 03:53:19.760000+00:00,SUSHI-USDT-SWAP,8122281.0,1757217199760
2025-09-07 03:53:19.770000+00:00,SWARMS-USDT-SWAP,80712920.0,1757217199770
2025-09-07 03:53:20.187000+00:00,SYRUP-USDT-SWAP,3201890.0,1757217200187
2025-09-07 03:53:20.167000+00:00,T-USDT-SWAP,39380200.0,1757217200167
2025-09-07 03:53:20.167000+00:00,TAO-USDT-SWAP,15676.07,1757217200167
2025-09-07 03:53:20.169000+00:00,THETA-USDT-SWAP,2627363.0,1757217200169
2025-09-07 03:53:20.161000+00:00,TIA-USDT-SWAP,5247669.0,1757217200161
2025-09-07 03:53:20.170000+00:00,TNSR-USDT-SWAP,8379649.0,1757217200170
2025-09-07 03:53:20.177000+00:00,TON-USDT-SWAP,9739976.0,1757217200177
2025-09-07 03:53:20.166000+00:00,TRB-USDT-SWAP,284941.8,1757217200166
2025-09-07 03:53:20.278000+00:00,TREE-USDT-SWAP,7602798.0,1757217200278
2025-09-07 03:53:20.176000+00:00,TRUMP-USDT-SWAP,5431699.9,1757217200176
2025-09-07 03:53:20.667000+00:00,TRX-USDT-SWAP,107371360.00000003,1757217200667
2025-09-07 03:53:20.673000+00:00,TURBO-USDT-SWAP,817613000.0000002,1757217200673
2025-09-07 03:53:20.679000+00:00,UMA-USDT-SWAP,1503387.6,1757217200679
2025-09-07 03:53:20.669000+00:00,UNI-USDT-SWAP,3120160.0,1757217200669
2025-09-07 03:53:20.665000+00:00,USDC-USDT-SWAP,1022480.0,1757217200665
2025-09-07 03:53:20.666000+00:00,USELESS-USDT-SWAP,17452660.0,1757217200666
2025-09-07 03:53:20.674000+00:00,USTC-USDT-SWAP,146566500.0,1757217200674
2025-09-07 03:53:20.683000+00:00,UXLINK-USDT-SWAP,5563340.0,1757217200683
2025-09-07 03:53:20.669000+00:00,VANA-USDT-SWAP,133613.9,1757217200669
2025-09-07 03:53:20.683000+00:00,VINE-USDT-SWAP,103555870.0,1757217200683
2025-09-07 03:53:21.066000+00:00,VIRTUAL-USDT-SWAP,3281163.0,1757217201066
2025-09-07 03:53:21.078000+00:00,W-USDT-SWAP,48229898.0,1757217201078
2025-09-07 03:53:21.084000+00:00,WAL-USDT-SWAP,2151370.0,1757217201084
2025-09-07 03:53:21.066000+00:00,WAXP-USDT-SWAP,27702900.0,1757217201066
2025-09-07 03:53:21.063000+00:00,WCT-USDT-SWAP,10399550.0,1757217201063
2025-09-07 03:53:21.062000+00:00,WIF-USDT-SWAP,17548039.0,1757217201062
2025-09-07 03:53:21.076000+00:00,WLD-USDT-SWAP,34660848.0,1757217201076
2025-09-07 03:53:21.066000+00:00,WLFI-USDT-SWAP,305495100.0,1757217201066
2025-09-07 03:53:21.066000+00:00,WOO-USDT-SWAP,14870310.0,1757217201066
2025-09-07 03:53:21.078000+00:00,XAUT-USDT-SWAP,5966.625,1757217201078
2025-09-07 03:53:21.477000+00:00,XLM-USDT-SWAP,39092169.999999985,1757217201477
2025-09-07 03:53:21.484000+00:00,XPL-USDT-SWAP,6911950.0,1757217201484
2025-09-07 03:53:21.475000+00:00,XRP-USDT-SWAP,91470172.00000001,1757217201475
2025-09-07 03:53:21.482000+00:00,XTZ-USDT-SWAP,5705892.0,1757217201482
2025-09-07 03:53:21.474000+00:00,YFI-USDT-SWAP,368.3927,1757217201474
2025-09-07 03:53:21.474000+00:00,YGG-USDT-SWAP,27741057.0,1757217201474
2025-09-07 03:53:21.492000+00:00,ZENT-USDT-SWAP,170511400.0,1757217201492
2025-09-07 03:53:21.492000+00:00,ZEREBRO-USDT-SWAP,76573180.0,1757217201492
2025-09-07 03:53:21.474000+00:00,ZETA-USDT-SWAP,5578190.0,1757217201474
2025-09-07 03:53:21.497000+00:00,ZIL-USDT-SWAP,160086900.0,1757217201497
2025-09-07 03:53:21.893000+00:00,ZK-USDT-SWAP,50767510.0,1757217201893
2025-09-07 03:53:21.875000+00:00,ZRO-USDT-SWAP,2190862.0,1757217201875
2025-09-07 03:53:21.870000+00:00,ZRX-USDT-SWAP,8053180.0,1757217201870
2025-09-07 04:10:54.068000+00:00,1INCH-USDT-SWAP,7709871.0,1757218254068
2025-09-07 04:10:54.069000+00:00,A-USDT-SWAP,9810320.0,1757218254069
2025-09-07 04:10:54.100000+00:00,AAVE-USDT-SWAP,132618.19000000003,1757218254100
2025-09-07 04:10:54.058000+00:00,ACE-USDT-SWAP,1908296.0,1757218254058
2025-09-07 04:10:54.047000+00:00,ACH-USDT-SWAP,76486500.0,1757218254047
2025-09-07 04:10:54.061000+00:00,ACT-USDT-SWAP,80862688.0,1757218254061
2025-09-07 04:10:54.078000+00:00,ADA-USDT-SWAP,77320290.00000001,1757218254078
2025-09-07 04:10:54.076000+00:00,AERO-USDT-SWAP,1641240.0,1757218254076
2025-09-07 04:10:54.072000+00:00,AEVO-USDT-SWAP,13153867.0,1757218254072
2025-09-07 04:10:54.071000+00:00,AGLD-USDT-SWAP,1892018.0,1757218254071
2025-09-07 04:10:54.547000+00:00,AI16Z-USDT-SWAP,51121161.0,1757218254547
2025-09-07 04:10:54.557000+00:00,AIXBT-USDT-SWAP,23228720.0,1757218254557
2025-09-07 04:10:54.976000+00:00,ALCH-USDT-SWAP,23098380.0,1757218254976
2025-09-07 04:10:54.548000+00:00,ALGO-USDT-SWAP,28153310.0,1757218254548
2025-09-07 04:10:54.553000+00:00,ANIME-USDT-SWAP,112579170.0,1757218254553
2025-09-07 04:10:54.542000+00:00,APE-USDT-SWAP,8009754.1,1757218254542
2025-09-07 04:10:54.543000+00:00,API3-USDT-SWAP,4772387.0,1757218254543
2025-09-07 04:10:54.548000+00:00,APT-USDT-SWAP,3698550.0,1757218254548
2025-09-07 04:10:54.546000+00:00,AR-USDT-SWAP,529352.7,1757218254546
2025-09-07 04:10:54.555000+00:00,ARB-USDT-SWAP,33484655.999999996,1757218254555
2025-09-07 04:10:55.428000+00:00,ARC-USDT-SWAP,60797500.0,1757218255428
2025-09-07 04:10:55.428000+00:00,ARKM-USDT-SWAP,3500344.0,1757218255428
2025-09-07 04:10:55.428000+00:00,ATH-USDT-SWAP,141447800.0,1757218255428
2025-09-07 04:10:55.421000+00:00,ATOM-USDT-SWAP,1843252.0,1757218255421
2025-09-07 04:10:55.427000+00:00,AUCTION-USDT-SWAP,211152.8,1757218255427
2025-09-07 04:10:55.422000+00:00,AVAAI-USDT-SWAP,53521440.0,1757218255422
2025-09-07 04:10:55.423000+00:00,AVAX-USDT-SWAP,1844056.8,1757218255423
2025-09-07 04:10:55.440000+00:00,AXS-USDT-SWAP,1183026.7,1757218255440
2025-09-07 04:10:55.416000+00:00,BABY-USDT-SWAP,39213690.0,1757218255416
2025-09-07 04:10:55.447000+00:00,BAND-USDT-SWAP,1724455.0,1757218255447
2025-09-07 04:10:55.876000+00:00,BAT-USDT-SWAP,5703880.0,1757218255876
2025-09-07 04:10:55.875000+00:00,BCH-USDT-SWAP,81736.10999999997,1757218255875
2025-09-07 04:10:55.885000+00:00,BERA-USDT-SWAP,2342183.1,1757218255885
2025-09-07 04:10:55.868000+00:00,BICO-USDT-SWAP,7004278.0,1757218255868
2025-09-07 04:10:55.875000+00:00,BIGTIME-USDT-SWAP,40509970.0,1757218255875
2025-09-07 04:10:55.872000+00:00,BIO-USDT-SWAP,73502903.0,1757218255872
2025-09-07 04:10:55.863000+00:00,BLUR-USDT-SWAP,23666680.0,1757218255863
2025-09-07 04:10:55.869000+00:00,BNB-USDT-SWAP,90123.35,1757218255869
2025-09-07 04:10:55.866000+00:00,BNT-USDT-SWAP,711160.0,1757218255866
2025-09-07 04:10:55.877000+00:00,BOME-USDT-SWAP,1346396000.0,1757218255877
2025-09-07 04:10:56.338000+00:00,BONK-USDT-SWAP,481630500000.0,1757218256338
2025-09-07 04:10:56.347000+00:00,BRETT-USDT-SWAP,13736100.0,1757218256347
2025-09-07 04:10:56.363000+00:00,BTC-USDT-SWAP,27143.096800000047,1757218256363
2025-09-07 04:10:56.342000+00:00,CAT-USDT-SWAP,201514200000.0,1757218256342
2025-09-07 04:10:56.338000+00:00,CATI-USDT-SWAP,17251661.0,1757218256338
2025-09-07 04:10:56.354000+00:00,CELO-USDT-SWAP,4004744.0,1757218256354
2025-09-07 04:10:56.353000+00:00,CETUS-USDT-SWAP,17274490.0,1757218256353
2025-09-07 04:10:56.351000+00:00,CFX-USDT-SWAP,78814720.0,1757218256351
2025-09-07 04:10:56.351000+00:00,CHZ-USDT-SWAP,79375380.0,1757218256351
2025-09-07 04:10:56.358000+00:00,COMP-USDT-SWAP,92520.7,1757218256358
2025-09-07 04:10:56.816000+00:00,COOKIE-USDT-SWAP,4677920.0,1757218256816
2025-09-07 04:10:56.788000+00:00,CORE-USDT-SWAP,10024308.0,1757218256788
2025-09-07 04:10:56.801000+00:00,CRO-USDT-SWAP,67288140.0,1757218256801
2025-09-07 04:10:57.178000+00:00,CRV-USDT-SWAP,25417455.0,1757218257178
2025-09-07 04:10:56.803000+00:00,CTC-USDT-SWAP,1827830.0,1757218256803
2025-09-07 04:10:56.792000+00:00,CVC-USDT-SWAP,10070500.0,1757218256792
2025-09-07 04:10:56.799000+00:00,CVX-USDT-SWAP,304976.0,1757218256799
2025-09-07 04:10:56.789000+00:00,DEGEN-USDT-SWAP,290413200.0,1757218256789
2025-09-07 04:10:56.791000+00:00,DGB-USDT-SWAP,49138700.0,1757218256791
2025-09-07 04:10:56.808000+00:00,DOG-USDT-SWAP,567926000.0,1757218256808
2025-09-07 04:10:57.630000+00:00,DOGE-USDT-SWAP,1392900459.9999988,1757218257630
2025-09-07 04:10:57.611000+00:00,DOGS-USDT-SWAP,19041760000.0,1757218257611
2025-09-07 04:10:57.622000+00:00,DOOD-USDT-SWAP,135052000.0,1757218257622
2025-09-07 04:10:57.604000+00:00,DOT-USDT-SWAP,5680352.0,1757218257604
2025-09-07 04:10:57.616000+00:00,DUCK-USDT-SWAP,847302100.0,1757218257616
2025-09-07 04:10:57.619000+00:00,DYDX-USDT-SWAP,9114715.0,1757218257619
2025-09-07 04:10:57.620000+00:00,EGLD-USDT-SWAP,101484.1,1757218257620
2025-09-07 04:10:57.622000+00:00,EIGEN-USDT-SWAP,3598901.0,1757218257622
2025-09-07 04:10:57.612000+00:00,ENJ-USDT-SWAP,12956790.0,1757218257612
2025-09-07 04:10:57.622000+00:00,ENS-USDT-SWAP,353768.2,1757218257622
2025-09-07 04:10:58.066000+00:00,ETC-USDT-SWAP,1098140.5000000005,1757218258066
2025-09-07 04:10:58.065000+00:00,ETH-USDT-SWAP,741654.1810000018,1757218258065
2025-09-07 04:10:58.087000+00:00,ETHFI-USDT-SWAP,8094883.0,1757218258087
2025-09-07 04:10:58.073000+00:00,ETHW-USDT-SWAP,1296233.4,1757218258073
2025-09-07 04:10:58.067000+00:00,FARTCOIN-USDT-SWAP,20473932.0,1757218258067
2025-09-07 04:10:58.084000+00:00,FIL-USDT-SWAP,13843039.1,1757218258084
2025-09-07 04:10:58.076000+00:00,FLM-USDT-SWAP,26792870.0,1757218258076
2025-09-07 04:10:58.063000+00:00,FLOKI-USDT-SWAP,42286600000.0,1757218258063
2025-09-07 04:10:58.066000+00:00,FLOW-USDT-SWAP,4321040.0,1757218258066
2025-09-07 04:10:58.071000+00:00,FXS-USDT-SWAP,254123.0,1757218258071
2025-09-07 04:10:58.540000+00:00,GALA-USDT-SWAP,422315800.0,1757218258540
2025-09-07 04:10:58.526000+00:00,GAS-USDT-SWAP,479464.0,1757218258526
2025-09-07 04:10:58.533000+00:00,GLM-USDT-SWAP,2693380.0,1757218258533
2025-09-07 04:10:58.516000+00:00,GMT-USDT-SWAP,46516303.0,1757218258516
2025-09-07 04:10:58.520000+00:00,GMX-USDT-SWAP,73039.7,1757218258520
2025-09-07 04:10:58.517000+00:00,GOAT-USDT-SWAP,25330790.0,1757218258517
2025-09-07 04:10:58.528000+00:00,GODS-USDT-SWAP,6287696.0,1757218258528
2025-09-07 04:10:58.540000+00:00,GPS-USDT-SWAP,172713190.0,1757218258540
2025-09-07 04:10:58.521000+00:00,GRASS-USDT-SWAP,2704295.0,1757218258521
2025-09-07 04:10:58.539000+00:00,GRIFFAIN-USDT-SWAP,23783160.0,1757218258539
2025-09-07 04:10:58.973000+00:00,GRT-USDT-SWAP,22442400.0,1757218258973
2025-09-07 04:10:58.973000+00:00,H-USDT-SWAP,62429800.0,1757218258973
2025-09-07 04:10:58.973000+00:00,HBAR-USDT-SWAP,73953240.0,1757218258973
2025-09-07 04:10:58.966000+00:00,HMSTR-USDT-SWAP,941589500.0,1757218258966
2025-09-07 04:10:58.970000+00:00,HOME-USDT-SWAP,25433500.0,1757218258970
2025-09-07 04:10:58.956000+00:00,HUMA-USDT-SWAP,88023800.0,1757218258956
2025-09-07 04:10:58.968000+00:00,HYPE-USDT-SWAP,795145.9,1757218258968
2025-09-07 04:10:58.971000+00:00,ICP-USDT-SWAP,1220966.69,1757218258971
2025-09-07 04:10:58.955000+00:00,ICX-USDT-SWAP,6295480.0,1757218258955
2025-09-07 04:10:58.981000+00:00,IMX-USDT-SWAP,6598164.0,1757218258981
2025-09-07 04:10:59.412000+00:00,INIT-USDT-SWAP,2458340.0,1757218259412
2025-09-07 04:10:59.414000+00:00,INJ-USDT-SWAP,852949.5,1757218259414
2025-09-07 04:10:59.419000+00:00,IOST-USDT-SWAP,313513000.0,1757218259419
2025-09-07 04:10:59.424000+00:00,IOTA-USDT-SWAP,15881290.0,1757218259424
2025-09-07 04:10:59.417000+00:00,IP-USDT-SWAP,2936974.0,1757218259417
2025-09-07 04:10:59.418000+00:00,JELLYJELLY-USDT-SWAP,217449700.0,1757218259418
2025-09-07 04:10:59.411000+00:00,JOE-USDT-SWAP,7273600.0,1757218259411
2025-09-07 04:10:59.437000+00:00,JTO-USDT-SWAP,2927017.0,1757218259437
2025-09-07 04:10:59.434000+00:00,JUP-USDT-SWAP,14425710.0,1757218259434
2025-09-07 04:10:59.882000+00:00,KAITO-USDT-SWAP,3407223.0,1757218259882
2025-09-07 04:10:59.896000+00:00,KMNO-USDT-SWAP,17061800.0,1757218259896
2025-09-07 04:10:59.868000+00:00,KSM-USDT-SWAP,122541.5,1757218259868
2025-09-07 04:10:59.874000+00:00,LA-USDT-SWAP,3155870.0,1757218259874
2025-09-07 04:10:59.872000+00:00,LAUNCHCOIN-USDT-SWAP,39499050.0,1757218259872
2025-09-07 04:10:59.870000+00:00,LAYER-USDT-SWAP,6080881.0,1757218259870
2025-09-07 04:10:59.863000+00:00,LDO-USDT-SWAP,14661719.0,1757218259863
2025-09-07 04:10:59.881000+00:00,LINK-USDT-SWAP,2580873.6,1757218259881
2025-09-07 04:10:59.878000+00:00,LPT-USDT-SWAP,841147.4,1757218259878
2025-09-07 04:10:59.877000+00:00,LQTY-USDT-SWAP,1570672.0,1757218259877
2025-09-07 04:11:00.328000+00:00,LRC-USDT-SWAP,17651110.0,1757218260328
2025-09-07 04:11:00.343000+00:00,LTC-USDT-SWAP,635771.1,1757218260343
2025-09-07 04:11:00.330000+00:00,LUNA-USDT-SWAP,15450537.0,1757218260330
2025-09-07 04:11:00.324000+00:00,LUNC-USDT-SWAP,33100810000.0,1757218260324
2025-09-07 04:11:00.326000+00:00,MAGIC-USDT-SWAP,19445923.0,1757218260326
2025-09-07 04:11:00.328000+00:00,MAJOR-USDT-SWAP,4733515.0,1757218260328
2025-09-07 04:11:00.329000+00:00,MANA-USDT-SWAP,10387610.0,1757218260329
2025-09-07 04:11:00.332000+00:00,MASK-USDT-SWAP,3095080.0,1757218260332
2025-09-07 04:11:00.327000+00:00,ME-USDT-SWAP,3022849.0,1757218260327
2025-09-07 04:11:00.333000+00:00,MEME-USDT-SWAP,1883717800.0,1757218260333
2025-09-07 04:11:00.770000+00:00,MERL-USDT-SWAP,60254334.0,1757218260770
2025-09-07 04:11:00.775000+00:00,METIS-USDT-SWAP,95899.0,1757218260775
2025-09-07 04:11:00.770000+00:00,MEW-USDT-SWAP,1013328000.0,1757218260770
2025-09-07 04:11:00.761000+00:00,MINA-USDT-SWAP,7196434.0,1757218260761
2025-09-07 04:11:00.763000+00:00,MOG-USDT-SWAP,681908000000.0,1757218260763
2025-09-07 04:11:00.770000+00:00,MOODENG-USDT-SWAP,47385130.0,1757218260770
2025-09-07 04:11:00.767000+00:00,MORPHO-USDT-SWAP,1352150.0,1757218260767
2025-09-07 04:11:00.774000+00:00,MOVE-USDT-SWAP,29527620.0,1757218260774
2025-09-07 04:11:00.771000+00:00,MUBARAK-USDT-SWAP,13395400.0,1757218260771
2025-09-07 04:11:01.225000+00:00,NEAR-USDT-SWAP,5446523.0,1757218261225
2025-09-07 04:11:01.226000+00:00,NEIRO-USDT-SWAP,9126983000.0,1757218261226
2025-09-07 04:11:01.211000+00:00,NEIROETH-USDT-SWAP,23943900.0,1757218261211
2025-09-07 04:11:01.217000+00:00,NEO-USDT-SWAP,310874.0,1757218261217
2025-09-07 04:11:01.214000+00:00,NEWT-USDT-SWAP,3701070.0,1757218261214
2025-09-07 04:11:01.203000+00:00,NMR-USDT-SWAP,635116.9,1757218261203
2025-09-07 04:11:01.207000+00:00,NOT-USDT-SWAP,1746515000.0,1757218261207
2025-09-07 04:11:01.221000+00:00,NXPC-USDT-SWAP,825118.0,1757218261221
2025-09-07 04:11:01.206000+00:00,OL-USDT-SWAP,90538070.0,1757218261206
2025-09-07 04:11:01.213000+00:00,OM-USDT-SWAP,26092279.999999996,1757218261213
2025-09-07 04:11:01.656000+00:00,ONDO-USDT-SWAP,19570940.0,1757218261656
2025-09-07 04:11:01.651000+00:00,ONE-USDT-SWAP,77978200.0,1757218261651
2025-09-07 04:11:01.668000+00:00,ONT-USDT-SWAP,14305110.0,1757218261668
2025-09-07 04:11:01.663000+00:00,OP-USDT-SWAP,20269704.0,1757218261663
2025-09-07 04:11:01.650000+00:00,ORBS-USDT-SWAP,25865600.0,1757218261650
2025-09-07 04:11:01.653000+00:00,ORDI-USDT-SWAP,1172075.0,1757218261653
2025-09-07 04:11:01.662000+00:00,PARTI-USDT-SWAP,13717640.0,1757218261662
2025-09-07 04:11:01.659000+00:00,PENGU-USDT-SWAP,555677300.0,1757218261659
2025-09-07 04:11:01.664000+00:00,PEOPLE-USDT-SWAP,303644500.0,1757218261664
2025-09-07 04:11:01.683000+00:00,PEPE-USDT-SWAP,6548864000000.004,1757218261683
2025-09-07 04:11:02.132000+00:00,PERP-USDT-SWAP,2462945.0,1757218262132
2025-09-07 04:11:02.124000+00:00,PI-USDT-SWAP,33091649.0,1757218262124
2025-09-07 04:11:02.133000+00:00,PLUME-USDT-SWAP,14273080.0,1757218262133
2025-09-07 04:11:02.155000+00:00,PNUT-USDT-SWAP,37992530.0,1757218262155
2025-09-07 04:11:02.133000+00:00,POL-USDT-SWAP,38883240.0,1757218262133
2025-09-07 04:11:02.114000+00:00,POPCAT-USDT-SWAP,10759430.0,1757218262114
2025-09-07 04:11:02.126000+00:00,PRCL-USDT-SWAP,21195684.0,1757218262126
2025-09-07 04:11:02.125000+00:00,PROMPT-USDT-SWAP,30441620.0,1757218262125
2025-09-07 04:11:02.115000+00:00,PUMP-USDT-SWAP,6691635000.0,1757218262115
2025-09-07 04:11:02.125000+00:00,PYTH-USDT-SWAP,48140090.0,1757218262125
2025-09-07 04:11:02.599000+00:00,QTUM-USDT-SWAP,1518198.0,1757218262599
2025-09-07 04:11:02.624000+00:00,RAY-USDT-SWAP,942783.0,1757218262624
2025-09-07 04:11:02.592000+00:00,RENDER-USDT-SWAP,1395641.0,1757218262592
2025-09-07 04:11:02.571000+00:00,RESOLV-USDT-SWAP,28012890.0,1757218262571
2025-09-07 04:11:02.596000+00:00,RSR-USDT-SWAP,251577600.0,1757218262596
2025-09-07 04:11:02.589000+00:00,RVN-USDT-SWAP,83587190.0,1757218262589
2025-09-07 04:11:02.578000+00:00,S-USDT-SWAP,13837270.0,1757218262578
2025-09-07 04:11:02.583000+00:00,SAHARA-USDT-SWAP,55795230.0,1757218262583
2025-09-07 04:11:02.581000+00:00,SAND-USDT-SWAP,19510420.0,1757218262581
2025-09-07 04:11:02.578000+00:00,SATS-USDT-SWAP,170798840000000.0,1757218262578
2025-09-07 04:11:03.074000+00:00,SCR-USDT-SWAP,3265507.0,1757218263074
2025-09-07 04:11:03.057000+00:00,SHELL-USDT-SWAP,5751360.0,1757218263057
2025-09-07 04:11:03.073000+00:00,SHIB-USDT-SWAP,1311896500000.0,1757218263073
2025-09-07 04:11:03.074000+00:00,SIGN-USDT-SWAP,45421500.0,1757218263074
2025-09-07 04:11:03.072000+00:00,SLP-USDT-SWAP,453369340.0,1757218263072
2025-09-07 04:11:03.068000+00:00,SNX-USDT-SWAP,2444827.0,1757218263068
2025-09-07 04:11:03.060000+00:00,SOL-USDT-SWAP,3422166.570000002,1757218263060
2025-09-07 04:11:03.074000+00:00,SOLV-USDT-SWAP,50028500.0,1757218263074
2025-09-07 04:11:03.060000+00:00,SONIC-USDT-SWAP,7186329.0,1757218263060
2025-09-07 04:11:03.067000+00:00,SOON-USDT-SWAP,8600350.0,1757218263067
2025-09-07 04:11:03.590000+00:00,SOPH-USDT-SWAP,89926600.0,1757218263590
2025-09-07 04:11:03.601000+00:00,SPK-USDT-SWAP,138084800.0,1757218263601
2025-09-07 04:11:03.602000+00:00,SPX-USDT-SWAP,1147854.0,1757218263602
2025-09-07 04:11:03.589000+00:00,SSV-USDT-SWAP,303734.2,1757218263589
2025-09-07 04:11:03.604000+00:00,STORJ-USDT-SWAP,5566070.0,1757218263604
2025-09-07 04:11:03.599000+00:00,STRK-USDT-SWAP,25946513.0,1757218263599
2025-09-07 04:11:03.590000+00:00,STX-USDT-SWAP,6749385.000000001,1757218263590
2025-09-07 04:11:03.592000+00:00,SUI-USDT-SWAP,20860359.0,1757218263592
2025-09-07 04:11:03.589000+00:00,SUSHI-USDT-SWAP,8107445.0,1757218263589
2025-09-07 04:11:03.610000+00:00,SWARMS-USDT-SWAP,79422330.0,1757218263610
2025-09-07 04:11:04.050000+00:00,SYRUP-USDT-SWAP,3202110.0,1757218264050
2025-09-07 04:11:04.091000+00:00,T-USDT-SWAP,39335200.0,1757218264091
2025-09-07 04:11:04.049000+00:00,TAO-USDT-SWAP,15688.46,1757218264049
2025-09-07 04:11:04.057000+00:00,THETA-USDT-SWAP,2626389.0,1757218264057
2025-09-07 04:11:04.052000+00:00,TIA-USDT-SWAP,5254357.0,1757218264052
2025-09-07 04:11:04.047000+00:00,TNSR-USDT-SWAP,8392238.0,1757218264047
2025-09-07 04:11:04.052000+00:00,TON-USDT-SWAP,9733371.0,1757218264052
2025-09-07 04:11:04.051000+00:00,TRB-USDT-SWAP,284767.0,1757218264051
2025-09-07 04:11:04.045000+00:00,TREE-USDT-SWAP,7581255.0,1757218264045
2025-09-07 04:11:04.046000+00:00,TRUMP-USDT-SWAP,5473523.2,1757218264046
2025-09-07 04:11:04.661000+00:00,TRX-USDT-SWAP,107516610.00000003,1757218264661
2025-09-07 04:11:04.522000+00:00,TURBO-USDT-SWAP,817643000.0000001,1757218264522
2025-09-07 04:11:04.532000+00:00,UMA-USDT-SWAP,1504427.3,1757218264532
2025-09-07 04:11:04.516000+00:00,UNI-USDT-SWAP,3121327.0,1757218264516
2025-09-07 04:11:04.518000+00:00,USDC-USDT-SWAP,1023940.0,1757218264518
2025-09-07 04:11:04.510000+00:00,USELESS-USDT-SWAP,17493630.0,1757218264510
2025-09-07 04:11:04.522000+00:00,USTC-USDT-SWAP,145702400.0,1757218264522
2025-09-07 04:11:04.524000+00:00,UXLINK-USDT-SWAP,5558770.0,1757218264524
2025-09-07 04:11:04.527000+00:00,VANA-USDT-SWAP,133764.1,1757218264527
2025-09-07 04:11:04.528000+00:00,VINE-USDT-SWAP,103561930.0,1757218264528
2025-09-07 04:11:05.076000+00:00,VIRTUAL-USDT-SWAP,3278010.0,1757218265076
2025-09-07 04:11:05.079000+00:00,W-USDT-SWAP,48217200.0,1757218265079
2025-09-07 04:11:05.090000+00:00,WAL-USDT-SWAP,2148820.0,1757218265090
2025-09-07 04:11:05.087000+00:00,WAXP-USDT-SWAP,27681400.0,1757218265087
2025-09-07 04:11:05.103000+00:00,WCT-USDT-SWAP,10376550.0,1757218265103
2025-09-07 04:11:05.085000+00:00,WIF-USDT-SWAP,17629302.0,1757218265085
2025-09-07 04:11:05.089000+00:00,WLD-USDT-SWAP,34883268.0,1757218265089
2025-09-07 04:11:05.094000+00:00,WLFI-USDT-SWAP,307394620.0,1757218265094
2025-09-07 04:11:05.108000+00:00,WOO-USDT-SWAP,14857150.0,1757218265108
2025-09-07 04:11:05.093000+00:00,XAUT-USDT-SWAP,5963.752,1757218265093
2025-09-07 04:11:05.551000+00:00,XLM-USDT-SWAP,39127489.99999999,1757218265551
2025-09-07 04:11:05.536000+00:00,XPL-USDT-SWAP,6911900.0,1757218265536
2025-09-07 04:11:05.556000+00:00,XRP-USDT-SWAP,91562892.00000001,1757218265556
2025-09-07 04:11:05.537000+00:00,XTZ-USDT-SWAP,5703441.0,1757218265537
2025-09-07 04:11:05.553000+00:00,YFI-USDT-SWAP,368.5107,1757218265553
2025-09-07 04:11:05.550000+00:00,YGG-USDT-SWAP,27767267.0,1757218265550
2025-09-07 04:11:05.552000+00:00,ZENT-USDT-SWAP,170074800.0,1757218265552
2025-09-07 04:11:05.539000+00:00,ZEREBRO-USDT-SWAP,76396080.0,1757218265539
2025-09-07 04:11:05.543000+00:00,ZETA-USDT-SWAP,5578260.0,1757218265543
2025-09-07 04:11:05.556000+00:00,ZIL-USDT-SWAP,160083500.0,1757218265556
2025-09-07 04:11:05.992000+00:00,ZK-USDT-SWAP,50800780.0,1757218265992
2025-09-07 04:11:05.997000+00:00,ZRO-USDT-SWAP,2182367.0,1757218265997
2025-09-07 04:11:05.982000+00:00,ZRX-USDT-SWAP,8066300.0,1757218265982
2025-09-07 04:12:06.723000+00:00,1INCH-USDT-SWAP,7712464.0,1757218326723
2025-09-07 04:12:06.722000+00:00,A-USDT-SWAP,9811700.0,1757218326722
2025-09-07 04:12:06.737000+00:00,AAVE-USDT-SWAP,132610.40000000002,1757218326737
2025-09-07 04:12:06.731000+00:00,ACE-USDT-SWAP,1908812.0,1757218326731
2025-09-07 04:12:06.727000+00:00,ACH-USDT-SWAP,76486500.0,1757218326727
2025-09-07 04:12:06.742000+00:00,ACT-USDT-SWAP,80878335.0,1757218326742
2025-09-07 04:12:06.723000+00:00,ADA-USDT-SWAP,77329210.00000001,1757218326723
2025-09-07 04:12:06.728000+00:00,AERO-USDT-SWAP,1641230.0,1757218326728
2025-09-07 04:12:06.748000+00:00,AEVO-USDT-SWAP,13160107.0,1757218326748
2025-09-07 04:12:06.730000+00:00,AGLD-USDT-SWAP,1891959.0,1757218326730
2025-09-07 04:12:07.178000+00:00,AI16Z-USDT-SWAP,51099995.0,1757218327178
2025-09-07 04:12:07.254000+00:00,AIXBT-USDT-SWAP,23234420.0,1757218327254
2025-09-07 04:12:07.323000+00:00,ALCH-USDT-SWAP,23097490.0,1757218327323
2025-09-07 04:12:07.186000+00:00,ALGO-USDT-SWAP,28154850.0,1757218327186
2025-09-07 04:12:07.171000+00:00,ANIME-USDT-SWAP,112578290.0,1757218327171
2025-09-07 04:12:07.176000+00:00,APE-USDT-SWAP,8009600.9,1757218327176
2025-09-07 04:12:07.188000+00:00,API3-USDT-SWAP,4766094.0,1757218327188
2025-09-07 04:12:07.187000+00:00,APT-USDT-SWAP,3698723.0,1757218327187
2025-09-07 04:12:07.178000+00:00,AR-USDT-SWAP,529224.9,1757218327178
2025-09-07 04:12:07.175000+00:00,ARB-USDT-SWAP,33475939.0,1757218327175
2025-09-07 04:12:07.754000+00:00,ARC-USDT-SWAP,60794430.0,1757218327754
2025-09-07 04:12:07.737000+00:00,ARKM-USDT-SWAP,3500381.0,1757218327737
2025-09-07 04:12:07.759000+00:00,ATH-USDT-SWAP,141447800.0,1757218327759
2025-09-07 04:12:07.779000+00:00,ATOM-USDT-SWAP,1843074.0,1757218327779
2025-09-07 04:12:07.742000+00:00,AUCTION-USDT-SWAP,211178.9,1757218327742
2025-09-07 04:12:07.747000+00:00,AVAAI-USDT-SWAP,53485940.0,1757218327747
2025-09-07 04:12:07.752000+00:00,AVAX-USDT-SWAP,1844506.7,1757218327752
2025-09-07 04:12:07.750000+00:00,AXS-USDT-SWAP,1183056.7,1757218327750
2025-09-07 04:12:07.761000+00:00,BABY-USDT-SWAP,39171020.0,1757218327761
2025-09-07 04:12:07.749000+00:00,BAND-USDT-SWAP,1724274.0,1757218327749
2025-09-07 04:12:08.207000+00:00,BAT-USDT-SWAP,5703870.0,1757218328207
2025-09-07 04:12:08.199000+00:00,BCH-USDT-SWAP,81740.86999999998,1757218328199
2025-09-07 04:12:08.219000+00:00,BERA-USDT-SWAP,2342736.5,1757218328219
2025-09-07 04:12:08.204000+00:00,BICO-USDT-SWAP,7003670.0,1757218328204
2025-09-07 04:12:08.203000+00:00,BIGTIME-USDT-SWAP,40509960.0,1757218328203
2025-09-07 04:12:08.220000+00:00,BIO-USDT-SWAP,73492030.0,1757218328220
2025-09-07 04:12:08.216000+00:00,BLUR-USDT-SWAP,23671250.0,1757218328216
2025-09-07 04:12:08.208000+00:00,BNB-USDT-SWAP,90160.87,1757218328208
2025-09-07 04:12:08.212000+00:00,BNT-USDT-SWAP,711210.0,1757218328212
2025-09-07 04:12:08.203000+00:00,BOME-USDT-SWAP,1346379000.0,1757218328203
2025-09-07 04:12:08.645000+00:00,BONK-USDT-SWAP,481195400000.0,1757218328645
2025-09-07 04:12:08.642000+00:00,BRETT-USDT-SWAP,13737000.0,1757218328642
2025-09-07 04:12:08.649000+00:00,BTC-USDT-SWAP,27127.51290000005,1757218328649
2025-09-07 04:12:08.653000+00:00,CAT-USDT-SWAP,201513800000.0,1757218328653
2025-09-07 04:12:08.642000+00:00,CATI-USDT-SWAP,17252664.0,1757218328642
2025-09-07 04:12:08.644000+00:00,CELO-USDT-SWAP,4002571.0,1757218328644
2025-09-07 04:12:08.653000+00:00,CETUS-USDT-SWAP,17273940.0,1757218328653
2025-09-07 04:12:08.651000+00:00,CFX-USDT-SWAP,78812700.0,1757218328651
2025-09-07 04:12:08.654000+00:00,CHZ-USDT-SWAP,79362710.0,1757218328654
2025-09-07 04:12:08.692000+00:00,COMP-USDT-SWAP,92521.2,1757218328692
2025-09-07 04:12:09.116000+00:00,COOKIE-USDT-SWAP,4674420.0,1757218329116
2025-09-07 04:12:09.113000+00:00,CORE-USDT-SWAP,10024192.0,1757218329113
2025-09-07 04:12:09.115000+00:00,CRO-USDT-SWAP,67289680.0,1757218329115
2025-09-07 04:12:09.115000+00:00,CRV-USDT-SWAP,25418717.0,1757218329115
2025-09-07 04:12:09.120000+00:00,CTC-USDT-SWAP,1827100.0,1757218329120
2025-09-07 04:12:09.127000+00:00,CVC-USDT-SWAP,10070500.0,1757218329127
2025-09-07 04:12:09.123000+00:00,CVX-USDT-SWAP,304976.0,1757218329123
2025-09-07 04:12:09.125000+00:00,DEGEN-USDT-SWAP,290512200.0,1757218329125
2025-09-07 04:12:09.126000+00:00,DGB-USDT-SWAP,49138800.0,1757218329126
2025-09-07 04:12:09.143000+00:00,DOG-USDT-SWAP,567933000.0,1757218329143
2025-09-07 04:12:09.583000+00:00,DOGE-USDT-SWAP,1393232379.9999988,1757218329583
2025-09-07 04:12:09.589000+00:00,DOGS-USDT-SWAP,19043844000.0,1757218329589
2025-09-07 04:12:09.594000+00:00,DOOD-USDT-SWAP,135038000.0,1757218329594
2025-09-07 04:12:09.597000+00:00,DOT-USDT-SWAP,5679740.0,1757218329597
2025-09-07 04:12:09.595000+00:00,DUCK-USDT-SWAP,847379800.0,1757218329595
2025-09-07 04:12:09.601000+00:00,DYDX-USDT-SWAP,9116634.0,1757218329601
2025-09-07 04:12:09.598000+00:00,EGLD-USDT-SWAP,101491.5,1757218329598
2025-09-07 04:12:09.587000+00:00,EIGEN-USDT-SWAP,3595155.0,1757218329587
2025-09-07 04:12:09.598000+00:00,ENJ-USDT-SWAP,12952930.0,1757218329598
2025-09-07 04:12:09.588000+00:00,ENS-USDT-SWAP,353666.9,1757218329588
2025-09-07 04:12:10.032000+00:00,ETC-USDT-SWAP,1098421.2000000004,1757218330032
2025-09-07 04:12:10.030000+00:00,ETH-USDT-SWAP,741683.4910000018,1757218330030
2025-09-07 04:12:10.031000+00:00,ETHFI-USDT-SWAP,8094648.0,1757218330031
2025-09-07 04:12:10.036000+00:00,ETHW-USDT-SWAP,1296044.1,1757218330036
2025-09-07 04:12:10.039000+00:00,FARTCOIN-USDT-SWAP,20475196.0,1757218330039
2025-09-07 04:12:10.035000+00:00,FIL-USDT-SWAP,13824269.2,1757218330035
2025-09-07 04:12:10.029000+00:00,FLM-USDT-SWAP,26794760.0,1757218330029
2025-09-07 04:12:10.047000+00:00,FLOKI-USDT-SWAP,42286700000.0,1757218330047
2025-09-07 04:12:10.064000+00:00,FLOW-USDT-SWAP,4321340.0,1757218330064
2025-09-07 04:12:10.060000+00:00,FXS-USDT-SWAP,254120.0,1757218330060
2025-09-07 04:12:10.503000+00:00,GALA-USDT-SWAP,422255820.0,1757218330503
2025-09-07 04:12:10.486000+00:00,GAS-USDT-SWAP,479428.0,1757218330486
2025-09-07 04:12:10.495000+00:00,GLM-USDT-SWAP,2693380.0,1757218330495
2025-09-07 04:12:10.487000+00:00,GMT-USDT-SWAP,46524384.0,1757218330487
2025-09-07 04:12:10.505000+00:00,GMX-USDT-SWAP,73045.4,1757218330505
2025-09-07 04:12:10.497000+00:00,GOAT-USDT-SWAP,25298590.0,1757218330497
2025-09-07 04:12:10.499000+00:00,GODS-USDT-SWAP,6287696.0,1757218330499
2025-09-07 04:12:10.497000+00:00,GPS-USDT-SWAP,172837230.0,1757218330497
2025-09-07 04:12:10.507000+00:00,GRASS-USDT-SWAP,2704288.0,1757218330507
2025-09-07 04:12:10.491000+00:00,GRIFFAIN-USDT-SWAP,23801740.0,1757218330491
2025-09-07 04:12:10.938000+00:00,GRT-USDT-SWAP,22444710.0,1757218330938
2025-09-07 04:12:10.926000+00:00,H-USDT-SWAP,62405000.0,1757218330926
2025-09-07 04:12:10.936000+00:00,HBAR-USDT-SWAP,73973479.99999999,1757218330936
2025-09-07 04:12:10.933000+00:00,HMSTR-USDT-SWAP,941589400.0,1757218330933
2025-09-07 04:12:10.947000+00:00,HOME-USDT-SWAP,25433600.0,1757218330947
2025-09-07 04:12:10.942000+00:00,HUMA-USDT-SWAP,88099500.0,1757218330942
2025-09-07 04:12:10.935000+00:00,HYPE-USDT-SWAP,795111.7,1757218330935
2025-09-07 04:12:10.938000+00:00,ICP-USDT-SWAP,1220977.97,1757218330938
2025-09-07 04:12:10.936000+00:00,ICX-USDT-SWAP,6295900.0,1757218330936
2025-09-07 04:12:10.956000+00:00,IMX-USDT-SWAP,6597656.0,1757218330956
2025-09-07 04:12:11.416000+00:00,INIT-USDT-SWAP,2457420.0,1757218331416
2025-09-07 04:12:11.403000+00:00,INJ-USDT-SWAP,852940.5,1757218331403
2025-09-07 04:12:11.416000+00:00,IOST-USDT-SWAP,313513000.0,1757218331416
2025-09-07 04:12:11.412000+00:00,IOTA-USDT-SWAP,15880810.0,1757218331412
2025-09-07 04:12:11.412000+00:00,IP-USDT-SWAP,2937529.0,1757218331412
2025-09-07 04:12:11.412000+00:00,JELLYJELLY-USDT-SWAP,217100600.0,1757218331412
2025-09-07 04:12:11.443000+00:00,JOE-USDT-SWAP,7273670.0,1757218331443
2025-09-07 04:12:11.428000+00:00,JTO-USDT-SWAP,2927017.0,1757218331428
2025-09-07 04:12:11.419000+00:00,JUP-USDT-SWAP,14426500.0,1757218331419
2025-09-07 04:12:11.865000+00:00,KAITO-USDT-SWAP,3406365.0,1757218331865
2025-09-07 04:12:11.861000+00:00,KMNO-USDT-SWAP,17061800.0,1757218331861
2025-09-07 04:12:11.886000+00:00,KSM-USDT-SWAP,122439.8,1757218331886
2025-09-07 04:12:11.874000+00:00,LA-USDT-SWAP,3155850.0,1757218331874
2025-09-07 04:12:11.878000+00:00,LAUNCHCOIN-USDT-SWAP,39481150.0,1757218331878
2025-09-07 04:12:11.879000+00:00,LAYER-USDT-SWAP,6080842.0,1757218331879
2025-09-07 04:12:11.874000+00:00,LDO-USDT-SWAP,14662287.0,1757218331874
2025-09-07 04:12:11.882000+00:00,LINK-USDT-SWAP,2579288.0,1757218331882
2025-09-07 04:12:11.901000+00:00,LPT-USDT-SWAP,841055.2,1757218331901
2025-09-07 04:12:11.885000+00:00,LQTY-USDT-SWAP,1570584.0,1757218331885
2025-09-07 04:12:12.331000+00:00,LRC-USDT-SWAP,17650390.0,1757218332331
2025-09-07 04:12:12.330000+00:00,LTC-USDT-SWAP,635722.9,1757218332330
2025-09-07 04:12:12.341000+00:00,LUNA-USDT-SWAP,15451228.0,1757218332341
2025-09-07 04:12:12.361000+00:00,LUNC-USDT-SWAP,33100810000.0,1757218332361
2025-09-07 04:12:12.340000+00:00,MAGIC-USDT-SWAP,19449518.0,1757218332340
2025-09-07 04:12:12.354000+00:00,MAJOR-USDT-SWAP,4733515.0,1757218332354
2025-09-07 04:12:12.338000+00:00,MANA-USDT-SWAP,10387860.0,1757218332338
2025-09-07 04:12:12.343000+00:00,MASK-USDT-SWAP,3095080.0,1757218332343
2025-09-07 04:12:12.342000+00:00,ME-USDT-SWAP,3023398.0,1757218332342
2025-09-07 04:12:12.351000+00:00,MEME-USDT-SWAP,1884548900.0,1757218332351
2025-09-07 04:12:12.822000+00:00,MERL-USDT-SWAP,60383535.0,1757218332822
2025-09-07 04:12:12.814000+00:00,METIS-USDT-SWAP,95873.8,1757218332814
2025-09-07 04:12:12.823000+00:00,MEW-USDT-SWAP,1012982000.0,1757218332823
2025-09-07 04:12:12.811000+00:00,MINA-USDT-SWAP,7196434.0,1757218332811
2025-09-07 04:12:12.814000+00:00,MOG-USDT-SWAP,681915000000.0,1757218332814
2025-09-07 04:12:12.814000+00:00,MOODENG-USDT-SWAP,47383380.0,1757218332814
2025-09-07 04:12:12.805000+00:00,MORPHO-USDT-SWAP,1352024.0,1757218332805
2025-09-07 04:12:12.810000+00:00,MOVE-USDT-SWAP,29527540.0,1757218332810
2025-09-07 04:12:12.815000+00:00,MUBARAK-USDT-SWAP,13394900.0,1757218332815
2025-09-07 04:12:13.318000+00:00,NEAR-USDT-SWAP,5446550.0,1757218333318
2025-09-07 04:12:13.306000+00:00,NEIRO-USDT-SWAP,9142033000.0,1757218333306
2025-09-07 04:12:13.335000+00:00,NEIROETH-USDT-SWAP,23942800.0,1757218333335
2025-09-07 04:12:13.321000+00:00,NEO-USDT-SWAP,311220.0,1757218333321
2025-09-07 04:12:13.338000+00:00,NEWT-USDT-SWAP,3700550.0,1757218333338
2025-09-07 04:12:13.326000+00:00,NMR-USDT-SWAP,633781.7,1757218333326
2025-09-07 04:12:13.328000+00:00,NOT-USDT-SWAP,1745550300.0,1757218333328
2025-09-07 04:12:13.327000+00:00,NXPC-USDT-SWAP,825132.0,1757218333327
2025-09-07 04:12:13.318000+00:00,OL-USDT-SWAP,90552580.0,1757218333318
2025-09-07 04:12:13.336000+00:00,OM-USDT-SWAP,26091404.999999996,1757218333336
2025-09-07 04:12:13.788000+00:00,ONDO-USDT-SWAP,19581850.0,1757218333788
2025-09-07 04:12:13.777000+00:00,ONE-USDT-SWAP,77979300.0,1757218333777
2025-09-07 04:12:13.788000+00:00,ONT-USDT-SWAP,14305110.0,1757218333788
2025-09-07 04:12:13.786000+00:00,OP-USDT-SWAP,20272285.0,1757218333786
2025-09-07 04:12:13.784000+00:00,ORBS-USDT-SWAP,25865600.0,1757218333784
2025-09-07 04:12:13.794000+00:00,ORDI-USDT-SWAP,1172772.9,1757218333794
2025-09-07 04:12:13.799000+00:00,PARTI-USDT-SWAP,13722710.0,1757218333799
2025-09-07 04:12:13.781000+00:00,PENGU-USDT-SWAP,555717800.0,1757218333781
2025-09-07 04:12:13.778000+00:00,PEOPLE-USDT-SWAP,303651900.0,1757218333778
2025-09-07 04:12:13.781000+00:00,PEPE-USDT-SWAP,6553685000000.004,1757218333781
2025-09-07 04:12:14.243000+00:00,PERP-USDT-SWAP,2462711.0,1757218334243
2025-09-07 04:12:14.233000+00:00,PI-USDT-SWAP,33090865.0,1757218334233
2025-09-07 04:12:14.257000+00:00,PLUME-USDT-SWAP,14275270.0,1757218334257
2025-09-07 04:12:14.252000+00:00,PNUT-USDT-SWAP,38000830.0,1757218334252
2025-09-07 04:12:14.247000+00:00,POL-USDT-SWAP,38880670.0,1757218334247
2025-09-07 04:12:14.250000+00:00,POPCAT-USDT-SWAP,10760850.0,1757218334250
2025-09-07 04:12:14.281000+00:00,PRCL-USDT-SWAP,21174521.0,1757218334281
2025-09-07 04:12:14.245000+00:00,PROMPT-USDT-SWAP,30450710.0,1757218334245
2025-09-07 04:12:14.247000+00:00,PUMP-USDT-SWAP,6683681000.0,1757218334247
2025-09-07 04:12:14.263000+00:00,PYTH-USDT-SWAP,48148390.0,1757218334263
2025-09-07 04:12:14.725000+00:00,QTUM-USDT-SWAP,1517997.0,1757218334725
2025-09-07 04:12:14.723000+00:00,RAY-USDT-SWAP,942610.0,1757218334723
2025-09-07 04:12:14.732000+00:00,RENDER-USDT-SWAP,1395773.0,1757218334732
2025-09-07 04:12:14.720000+00:00,RESOLV-USDT-SWAP,28013970.0,1757218334720
2025-09-07 04:12:14.709000+00:00,RSR-USDT-SWAP,251529600.0,1757218334709
2025-09-07 04:12:14.723000+00:00,RVN-USDT-SWAP,83587110.0,1757218334723
2025-09-07 04:12:14.714000+00:00,S-USDT-SWAP,13837300.0,1757218334714
2025-09-07 04:12:14.724000+00:00,SAHARA-USDT-SWAP,55781870.0,1757218334724
2025-09-07 04:12:14.712000+00:00,SAND-USDT-SWAP,19512530.0,1757218334712
2025-09-07 04:12:14.758000+00:00,SATS-USDT-SWAP,170808760000000.0,1757218334758
2025-09-07 04:12:15.200000+00:00,SCR-USDT-SWAP,3265464.0,1757218335200
2025-09-07 04:12:15.203000+00:00,SHELL-USDT-SWAP,5751190.0,1757218335203
2025-09-07 04:12:15.214000+00:00,SHIB-USDT-SWAP,1311844200000.0,1757218335214
2025-09-07 04:12:15.205000+00:00,SIGN-USDT-SWAP,45419400.0,1757218335205
2025-09-07 04:12:15.243000+00:00,SLP-USDT-SWAP,453369160.0,1757218335243
2025-09-07 04:12:15.208000+00:00,SNX-USDT-SWAP,2443610.0,1757218335208
2025-09-07 04:12:15.214000+00:00,SOL-USDT-SWAP,3421821.240000002,1757218335214
2025-09-07 04:12:15.214000+00:00,SOLV-USDT-SWAP,50028500.0,1757218335214
2025-09-07 04:12:15.206000+00:00,SONIC-USDT-SWAP,7186048.0,1757218335206
2025-09-07 04:12:15.205000+00:00,SOON-USDT-SWAP,8600100.0,1757218335205
2025-09-07 04:12:15.661000+00:00,SOPH-USDT-SWAP,89937600.0,1757218335661
2025-09-07 04:12:15.661000+00:00,SPK-USDT-SWAP,138250600.0,1757218335661
2025-09-07 04:12:15.678000+00:00,SPX-USDT-SWAP,1147139.0,1757218335678
2025-09-07 04:12:15.663000+00:00,SSV-USDT-SWAP,303309.0,1757218335663
2025-09-07 04:12:15.678000+00:00,STORJ-USDT-SWAP,5566070.0,1757218335678
2025-09-07 04:12:15.674000+00:00,STRK-USDT-SWAP,25946298.0,1757218335674
2025-09-07 04:12:15.684000+00:00,STX-USDT-SWAP,6752316.000000001,1757218335684
2025-09-07 04:12:15.666000+00:00,SUI-USDT-SWAP,20863009.0,1757218335666
2025-09-07 04:12:15.677000+00:00,SUSHI-USDT-SWAP,8111263.0,1757218335677
2025-09-07 04:12:15.676000+00:00,SWARMS-USDT-SWAP,79441250.0,1757218335676
2025-09-07 04:12:16.111000+00:00,SYRUP-USDT-SWAP,3201880.0,1757218336111
2025-09-07 04:12:16.106000+00:00,T-USDT-SWAP,39335200.0,1757218336106
2025-09-07 04:12:16.135000+00:00,TAO-USDT-SWAP,15690.36,1757218336135
2025-09-07 04:12:16.131000+00:00,THETA-USDT-SWAP,2626214.0,1757218336131
2025-09-07 04:12:16.103000+00:00,TIA-USDT-SWAP,5254686.0,1757218336103
2025-09-07 04:12:16.124000+00:00,TNSR-USDT-SWAP,8392238.0,1757218336124
2025-09-07 04:12:16.111000+00:00,TON-USDT-SWAP,9733580.0,1757218336111
2025-09-07 04:12:16.102000+00:00,TRB-USDT-SWAP,283934.6,1757218336102
2025-09-07 04:12:16.119000+00:00,TREE-USDT-SWAP,7581587.0,1757218336119
2025-09-07 04:12:16.121000+00:00,TRUMP-USDT-SWAP,5475696.8,1757218336121
2025-09-07 04:12:16.616000+00:00,TRX-USDT-SWAP,107524130.00000003,1757218336616
2025-09-07 04:12:16.613000+00:00,TURBO-USDT-SWAP,817521000.0000002,1757218336613
2025-09-07 04:12:16.621000+00:00,UMA-USDT-SWAP,1504215.5,1757218336621
2025-09-07 04:12:16.633000+00:00,UNI-USDT-SWAP,3121740.0,1757218336633
2025-09-07 04:12:16.613000+00:00,USDC-USDT-SWAP,1023940.0,1757218336613
2025-09-07 04:12:16.633000+00:00,USELESS-USDT-SWAP,17497340.0,1757218336633
2025-09-07 04:12:16.637000+00:00,USTC-USDT-SWAP,145716200.0,1757218336637
2025-09-07 04:12:16.618000+00:00,UXLINK-USDT-SWAP,5558770.0,1757218336618
2025-09-07 04:12:16.625000+00:00,VANA-USDT-SWAP,133764.1,1757218336625
2025-09-07 04:12:16.627000+00:00,VINE-USDT-SWAP,103562440.0,1757218336627
2025-09-07 04:12:17.068000+00:00,VIRTUAL-USDT-SWAP,3278547.0,1757218337068
2025-09-07 04:12:17.071000+00:00,W-USDT-SWAP,48326220.0,1757218337071
2025-09-07 04:12:17.087000+00:00,WAL-USDT-SWAP,2148750.0,1757218337087
2025-09-07 04:12:17.094000+00:00,WAXP-USDT-SWAP,27676700.0,1757218337094
2025-09-07 04:12:17.078000+00:00,WCT-USDT-SWAP,10376520.0,1757218337078
2025-09-07 04:12:17.100000+00:00,WIF-USDT-SWAP,17627502.0,1757218337100
2025-09-07 04:12:17.083000+00:00,WLD-USDT-SWAP,35044953.0,1757218337083
2025-09-07 04:12:17.071000+00:00,WLFI-USDT-SWAP,307607040.0,1757218337071
2025-09-07 04:12:17.093000+00:00,WOO-USDT-SWAP,14852230.0,1757218337093
2025-09-07 04:12:17.096000+00:00,XAUT-USDT-SWAP,5963.818,1757218337096
2025-09-07 04:12:17.538000+00:00,XLM-USDT-SWAP,39131979.99999999,1757218337538
2025-09-07 04:12:17.535000+00:00,XPL-USDT-SWAP,6909880.0,1757218337535
2025-09-07 04:12:17.544000+00:00,XRP-USDT-SWAP,91569668.00000001,1757218337544
2025-09-07 04:12:17.546000+00:00,XTZ-USDT-SWAP,5704009.0,1757218337546
2025-09-07 04:12:17.544000+00:00,YFI-USDT-SWAP,368.5107,1757218337544
2025-09-07 04:12:17.551000+00:00,YGG-USDT-SWAP,27765154.0,1757218337551
2025-09-07 04:12:17.544000+00:00,ZENT-USDT-SWAP,170080600.0,1757218337544
2025-09-07 04:12:17.545000+00:00,ZEREBRO-USDT-SWAP,76397100.0,1757218337545
2025-09-07 04:12:17.542000+00:00,ZETA-USDT-SWAP,5576790.0,1757218337542
2025-09-07 04:12:17.555000+00:00,ZIL-USDT-SWAP,160083500.0,1757218337555
2025-09-07 04:12:17.982000+00:00,ZK-USDT-SWAP,50799570.0,1757218337982
2025-09-07 04:12:17.978000+00:00,ZRO-USDT-SWAP,2182992.0,1757218337978
2025-09-07 04:12:17.985000+00:00,ZRX-USDT-SWAP,8068530.0,1757218337985
2025-09-07 04:13:18.754000+00:00,1INCH-USDT-SWAP,7712062.0,1757218398754
2025-09-07 04:13:18.719000+00:00,A-USDT-SWAP,9811120.0,1757218398719
2025-09-07 04:13:18.743000+00:00,AAVE-USDT-SWAP,132612.21000000002,1757218398743
2025-09-07 04:13:18.743000+00:00,ACE-USDT-SWAP,1909369.0,1757218398743
2025-09-07 04:13:18.721000+00:00,ACH-USDT-SWAP,76580600.0,1757218398721
2025-09-07 04:13:18.736000+00:00,ACT-USDT-SWAP,80924937.0,1757218398736
2025-09-07 04:13:18.742000+00:00,ADA-USDT-SWAP,77229820.00000001,1757218398742
2025-09-07 04:13:18.729000+00:00,AERO-USDT-SWAP,1641180.0,1757218398729
2025-09-07 04:13:18.723000+00:00,AEVO-USDT-SWAP,13152729.0,1757218398723
2025-09-07 04:13:18.722000+00:00,AGLD-USDT-SWAP,1891959.0,1757218398722
2025-09-07 04:13:19.203000+00:00,AI16Z-USDT-SWAP,51110818.0,1757218399203
2025-09-07 04:13:19.203000+00:00,AIXBT-USDT-SWAP,23284790.0,1757218399203
2025-09-07 04:13:19.204000+00:00,ALCH-USDT-SWAP,23117160.0,1757218399204
2025-09-07 04:13:19.188000+00:00,ALGO-USDT-SWAP,28154900.0,1757218399188
2025-09-07 04:13:19.223000+00:00,ANIME-USDT-SWAP,112560410.0,1757218399223
2025-09-07 04:13:19.195000+00:00,APE-USDT-SWAP,8009566.6,1757218399195
2025-09-07 04:13:19.198000+00:00,API3-USDT-SWAP,4768394.0,1757218399198
2025-09-07 04:13:19.195000+00:00,APT-USDT-SWAP,3698690.0,1757218399195
2025-09-07 04:13:19.202000+00:00,AR-USDT-SWAP,529194.2,1757218399202
2025-09-07 04:13:19.192000+00:00,ARB-USDT-SWAP,33472065.0,1757218399192
2025-09-07 04:13:19.671000+00:00,ARC-USDT-SWAP,60806580.0,1757218399671
2025-09-07 04:13:19.658000+00:00,ARKM-USDT-SWAP,3500200.0,1757218399658
2025-09-07 04:13:19.652000+00:00,ATH-USDT-SWAP,141427400.0,1757218399652
2025-09-07 04:13:19.649000+00:00,ATOM-USDT-SWAP,1840120.0,1757218399649
2025-09-07 04:13:19.656000+00:00,AUCTION-USDT-SWAP,211178.6,1757218399656
2025-09-07 04:13:19.667000+00:00,AVAAI-USDT-SWAP,53485780.0,1757218399667
2025-09-07 04:13:19.665000+00:00,AVAX-USDT-SWAP,1843989.4,1757218399665
2025-09-07 04:13:19.663000+00:00,AXS-USDT-SWAP,1181932.1,1757218399663
2025-09-07 04:13:19.658000+00:00,BABY-USDT-SWAP,39177520.0,1757218399658
2025-09-07 04:13:19.665000+00:00,BAND-USDT-SWAP,1724274.0,1757218399665
2025-09-07 04:13:20.174000+00:00,BAT-USDT-SWAP,5703700.0,1757218400174
2025-09-07 04:13:20.189000+00:00,BCH-USDT-SWAP,81750.74999999999,1757218400189
2025-09-07 04:13:20.177000+00:00,BERA-USDT-SWAP,2351905.1,1757218400177
2025-09-07 04:13:20.173000+00:00,BICO-USDT-SWAP,7002718.0,1757218400173
2025-09-07 04:13:20.176000+00:00,BIGTIME-USDT-SWAP,40510460.0,1757218400176
2025-09-07 04:13:20.187000+00:00,BIO-USDT-SWAP,73657783.0,1757218400187
2025-09-07 04:13:20.189000+00:00,BLUR-USDT-SWAP,23674200.0,1757218400189
2025-09-07 04:13:20.191000+00:00,BNB-USDT-SWAP,90174.49,1757218400191
2025-09-07 04:13:20.181000+00:00,BNT-USDT-SWAP,711210.0,1757218400181
2025-09-07 04:13:20.176000+00:00,BOME-USDT-SWAP,1346447000.0,1757218400176
2025-09-07 04:13:20.668000+00:00,BONK-USDT-SWAP,481420400000.0,1757218400668
2025-09-07 04:13:20.668000+00:00,BRETT-USDT-SWAP,13737700.0,1757218400668
2025-09-07 04:13:20.703000+00:00,BTC-USDT-SWAP,27120.26550000005,1757218400703
2025-09-07 04:13:20.663000+00:00,CAT-USDT-SWAP,201600700000.0,1757218400663
2025-09-07 04:13:20.700000+00:00,CATI-USDT-SWAP,17271019.0,1757218400700
2025-09-07 04:13:20.672000+00:00,CELO-USDT-SWAP,4001572.0,1757218400672
2025-09-07 04:13:20.676000+00:00,CETUS-USDT-SWAP,17273620.0,1757218400676
2025-09-07 04:13:20.674000+00:00,CFX-USDT-SWAP,78818170.0,1757218400674
2025-09-07 04:13:20.674000+00:00,CHZ-USDT-SWAP,79329000.0,1757218400674
2025-09-07 04:13:20.670000+00:00,COMP-USDT-SWAP,92520.0,1757218400670
2025-09-07 04:13:21.131000+00:00,COOKIE-USDT-SWAP,4674880.0,1757218401131
2025-09-07 04:13:21.138000+00:00,CORE-USDT-SWAP,10023704.0,1757218401138
2025-09-07 04:13:21.141000+00:00,CRO-USDT-SWAP,67290020.0,1757218401141
2025-09-07 04:13:21.136000+00:00,CRV-USDT-SWAP,25426378.0,1757218401136
2025-09-07 04:13:21.145000+00:00,CTC-USDT-SWAP,1827080.0,1757218401145
2025-09-07 04:13:21.134000+00:00,CVC-USDT-SWAP,10070500.0,1757218401134
2025-09-07 04:13:21.150000+00:00,CVX-USDT-SWAP,304948.0,1757218401150
2025-09-07 04:13:21.138000+00:00,DEGEN-USDT-SWAP,290468300.0,1757218401138
2025-09-07 04:13:21.134000+00:00,DGB-USDT-SWAP,49138800.0,1757218401134
2025-09-07 04:13:21.139000+00:00,DOG-USDT-SWAP,567692000.0,1757218401139
2025-09-07 04:13:21.584000+00:00,DOGE-USDT-SWAP,1393346459.9999988,1757218401584
2025-09-07 04:13:21.577000+00:00,DOGS-USDT-SWAP,19044938000.0,1757218401577
2025-09-07 04:13:21.586000+00:00,DOOD-USDT-SWAP,135038000.0,1757218401586
2025-09-07 04:13:21.591000+00:00,DOT-USDT-SWAP,5677103.0,1757218401591
2025-09-07 04:13:21.586000+00:00,DUCK-USDT-SWAP,847379700.0,1757218401586
2025-09-07 04:13:21.597000+00:00,DYDX-USDT-SWAP,9113935.0,1757218401597
2025-09-07 04:13:21.591000+00:00,EGLD-USDT-SWAP,101572.4,1757218401591
2025-09-07 04:13:21.597000+00:00,EIGEN-USDT-SWAP,3597680.0,1757218401597
2025-09-07 04:13:21.595000+00:00,ENJ-USDT-SWAP,12956340.0,1757218401595
2025-09-07 04:13:21.585000+00:00,ENS-USDT-SWAP,353614.4,1757218401585
2025-09-07 04:13:22.039000+00:00,ETC-USDT-SWAP,1098430.8000000005,1757218402039
2025-09-07 04:13:22.038000+00:00,ETH-USDT-SWAP,741571.6750000018,1757218402038
2025-09-07 04:13:22.046000+00:00,ETHFI-USDT-SWAP,8094850.0,1757218402046
2025-09-07 04:13:22.049000+00:00,ETHW-USDT-SWAP,1295790.3,1757218402049
2025-09-07 04:13:22.043000+00:00,FARTCOIN-USDT-SWAP,20472739.0,1757218402043
2025-09-07 04:13:22.045000+00:00,FIL-USDT-SWAP,13826020.0,1757218402045
2025-09-07 04:13:22.058000+00:00,FLM-USDT-SWAP,26794760.0,1757218402058
2025-09-07 04:13:22.140000+00:00,FLOKI-USDT-SWAP,42286300000.0,1757218402140
2025-09-07 04:13:22.105000+00:00,FLOW-USDT-SWAP,4323180.0,1757218402105
2025-09-07 04:13:22.053000+00:00,FXS-USDT-SWAP,254107.0,1757218402053
2025-09-07 04:13:22.607000+00:00,GALA-USDT-SWAP,422224960.0,1757218402607
2025-09-07 04:13:22.606000+00:00,GAS-USDT-SWAP,479599.0,1757218402606
2025-09-07 04:13:22.606000+00:00,GLM-USDT-SWAP,2693290.0,1757218402606
2025-09-07 04:13:22.622000+00:00,GMT-USDT-SWAP,46528047.0,1757218402622
2025-09-07 04:13:22.613000+00:00,GMX-USDT-SWAP,73040.4,1757218402613
2025-09-07 04:13:22.611000+00:00,GOAT-USDT-SWAP,25297770.0,1757218402611
2025-09-07 04:13:22.624000+00:00,GODS-USDT-SWAP,6287696.0,1757218402624
2025-09-07 04:13:22.612000+00:00,GPS-USDT-SWAP,172793710.0,1757218402612
2025-09-07 04:13:22.609000+00:00,GRASS-USDT-SWAP,2704113.0,1757218402609
2025-09-07 04:13:22.618000+00:00,GRIFFAIN-USDT-SWAP,23747650.0,1757218402618
2025-09-07 04:13:23.053000+00:00,GRT-USDT-SWAP,22447820.0,1757218403053
2025-09-07 04:13:23.053000+00:00,H-USDT-SWAP,62474400.0,1757218403053
2025-09-07 04:13:23.068000+00:00,HBAR-USDT-SWAP,73972029.99999999,1757218403068
2025-09-07 04:13:23.058000+00:00,HMSTR-USDT-SWAP,941499600.0,1757218403058
2025-09-07 04:13:23.056000+00:00,HOME-USDT-SWAP,25433600.0,1757218403056
2025-09-07 04:13:23.056000+00:00,HUMA-USDT-SWAP,88089500.0,1757218403056
2025-09-07 04:13:23.075000+00:00,HYPE-USDT-SWAP,795105.6,1757218403075
2025-09-07 04:13:23.058000+00:00,ICP-USDT-SWAP,1220880.01,1757218403058
2025-09-07 04:13:23.054000+00:00,ICX-USDT-SWAP,6296140.0,1757218403054
2025-09-07 04:13:23.064000+00:00,IMX-USDT-SWAP,6599696.0,1757218403064
2025-09-07 04:13:23.495000+00:00,INIT-USDT-SWAP,2457420.0,1757218403495
2025-09-07 04:13:23.499000+00:00,INJ-USDT-SWAP,852938.2,1757218403499
2025-09-07 04:13:23.512000+00:00,IOST-USDT-SWAP,313812000.0,1757218403512
2025-09-07 04:13:23.504000+00:00,IOTA-USDT-SWAP,15882670.0,1757218403504
2025-09-07 04:13:23.504000+00:00,IP-USDT-SWAP,2937266.0,1757218403504
2025-09-07 04:13:23.519000+00:00,JELLYJELLY-USDT-SWAP,217137000.0,1757218403519
2025-09-07 04:13:23.510000+00:00,JOE-USDT-SWAP,7281310.0,1757218403510
2025-09-07 04:13:23.523000+00:00,JTO-USDT-SWAP,2926655.0,1757218403523
2025-09-07 04:13:23.516000+00:00,JUP-USDT-SWAP,14421900.0,1757218403516
2025-09-07 04:13:23.979000+00:00,KAITO-USDT-SWAP,3405746.0,1757218403979
2025-09-07 04:13:23.962000+00:00,KMNO-USDT-SWAP,17125300.0,1757218403962
2025-09-07 04:13:23.975000+00:00,KSM-USDT-SWAP,122441.1,1757218403975
2025-09-07 04:13:23.967000+00:00,LA-USDT-SWAP,3156930.0,1757218403967
2025-09-07 04:13:23.971000+00:00,LAUNCHCOIN-USDT-SWAP,39472460.0,1757218403971
2025-09-07 04:13:23.974000+00:00,LAYER-USDT-SWAP,6080656.0,1757218403974
2025-09-07 04:13:23.975000+00:00,LDO-USDT-SWAP,14674338.0,1757218403975
2025-09-07 04:13:23.983000+00:00,LINK-USDT-SWAP,2578223.9000000004,1757218403983
2025-09-07 04:13:23.972000+00:00,LPT-USDT-SWAP,841021.7,1757218403972
2025-09-07 04:13:23.999000+00:00,LQTY-USDT-SWAP,1570665.0,1757218403999
2025-09-07 04:13:24.565000+00:00,LRC-USDT-SWAP,17644120.0,1757218404565
2025-09-07 04:13:24.564000+00:00,LTC-USDT-SWAP,635741.2999999999,1757218404564
2025-09-07 04:13:24.572000+00:00,LUNA-USDT-SWAP,15451330.0,1757218404572
2025-09-07 04:13:24.571000+00:00,LUNC-USDT-SWAP,33100810000.0,1757218404571
2025-09-07 04:13:24.578000+00:00,MAGIC-USDT-SWAP,19442452.0,1757218404578
2025-09-07 04:13:24.598000+00:00,MAJOR-USDT-SWAP,4733515.0,1757218404598
2025-09-07 04:13:24.575000+00:00,MANA-USDT-SWAP,10387100.0,1757218404575
2025-09-07 04:13:24.588000+00:00,MASK-USDT-SWAP,3095073.0,1757218404588
2025-09-07 04:13:24.570000+00:00,ME-USDT-SWAP,3023321.0,1757218404570
2025-09-07 04:13:24.580000+00:00,MEME-USDT-SWAP,1885091400.0,1757218404580
2025-09-07 04:13:25.026000+00:00,MERL-USDT-SWAP,60635106.0,1757218405026
2025-09-07 04:13:25.025000+00:00,METIS-USDT-SWAP,95824.6,1757218405025
2025-09-07 04:13:25.018000+00:00,MEW-USDT-SWAP,1013066000.0,1757218405018
2025-09-07 04:13:25.016000+00:00,MINA-USDT-SWAP,7192580.0,1757218405016
2025-09-07 04:13:25.029000+00:00,MOG-USDT-SWAP,681820000000.0,1757218405029
2025-09-07 04:13:25.028000+00:00,MOODENG-USDT-SWAP,47388800.0,1757218405028
2025-09-07 04:13:25.055000+00:00,MORPHO-USDT-SWAP,1351937.0,1757218405055
2025-09-07 04:13:25.034000+00:00,MOVE-USDT-SWAP,29525270.0,1757218405034
2025-09-07 04:13:25.025000+00:00,MUBARAK-USDT-SWAP,13390600.0,1757218405025
2025-09-07 04:13:25.476000+00:00,NEAR-USDT-SWAP,5445714.0,1757218405476
2025-09-07 04:13:25.482000+00:00,NEIRO-USDT-SWAP,9143494000.0,1757218405482
2025-09-07 04:13:25.483000+00:00,NEIROETH-USDT-SWAP,23958000.0,1757218405483
2025-09-07 04:13:25.620000+00:00,NEO-USDT-SWAP,311034.0,1757218405620
2025-09-07 04:13:25.478000+00:00,NEWT-USDT-SWAP,3700550.0,1757218405478
2025-09-07 04:13:25.495000+00:00,NMR-USDT-SWAP,632942.6,1757218405495
2025-09-07 04:13:25.494000+00:00,NOT-USDT-SWAP,1745475000.0,1757218405494
2025-09-07 04:13:25.494000+00:00,NXPC-USDT-SWAP,825132.0,1757218405494
2025-09-07 04:13:25.487000+00:00,OL-USDT-SWAP,90555330.0,1757218405487
2025-09-07 04:13:25.482000+00:00,OM-USDT-SWAP,26080365.0,1757218405482
2025-09-07 04:13:26.057000+00:00,ONDO-USDT-SWAP,19577730.0,1757218406057
2025-09-07 04:13:26.058000+00:00,ONE-USDT-SWAP,77974800.0,1757218406058
2025-09-07 04:13:26.053000+00:00,ONT-USDT-SWAP,14304960.0,1757218406053
2025-09-07 04:13:26.058000+00:00,OP-USDT-SWAP,20272279.0,1757218406058
2025-09-07 04:13:26.059000+00:00,ORBS-USDT-SWAP,25865600.0,1757218406059
2025-09-07 04:13:26.076000+00:00,ORDI-USDT-SWAP,1174437.4,1757218406076
2025-09-07 04:13:26.067000+00:00,PARTI-USDT-SWAP,13718970.0,1757218406067
2025-09-07 04:13:26.061000+00:00,PENGU-USDT-SWAP,555676300.0,1757218406061
2025-09-07 04:13:26.057000+00:00,PEOPLE-USDT-SWAP,303652100.0,1757218406057
2025-09-07 04:13:26.061000+00:00,PEPE-USDT-SWAP,6554317000000.004,1757218406061
2025-09-07 04:13:26.511000+00:00,PERP-USDT-SWAP,2462711.0,1757218406511
2025-09-07 04:13:26.530000+00:00,PI-USDT-SWAP,33094266.0,1757218406530
2025-09-07 04:13:26.544000+00:00,PLUME-USDT-SWAP,14283510.0,1757218406544
2025-09-07 04:13:26.512000+00:00,PNUT-USDT-SWAP,38005630.0,1757218406512
2025-09-07 04:13:26.515000+00:00,POL-USDT-SWAP,38889370.0,1757218406515
2025-09-07 04:13:26.524000+00:00,POPCAT-USDT-SWAP,10751360.0,1757218406524
2025-09-07 04:13:26.528000+00:00,PRCL-USDT-SWAP,21258256.0,1757218406528
2025-09-07 04:13:26.531000+00:00,PROMPT-USDT-SWAP,30451200.0,1757218406531
2025-09-07 04:13:26.535000+00:00,PUMP-USDT-SWAP,6678072000.0,1757218406535
2025-09-07 04:13:26.519000+00:00,PYTH-USDT-SWAP,48146680.0,1757218406519
2025-09-07 04:13:26.966000+00:00,QTUM-USDT-SWAP,1518912.0,1757218406966
2025-09-07 04:13:26.962000+00:00,RAY-USDT-SWAP,949900.0,1757218406962
2025-09-07 04:13:26.967000+00:00,RENDER-USDT-SWAP,1395765.0,1757218406967
2025-09-07 04:13:26.969000+00:00,RESOLV-USDT-SWAP,28014540.0,1757218406969
2025-09-07 04:13:26.984000+00:00,RSR-USDT-SWAP,251528400.0,1757218406984
2025-09-07 04:13:26.986000+00:00,RVN-USDT-SWAP,83584940.0,1757218406986
2025-09-07 04:13:26.983000+00:00,S-USDT-SWAP,13837290.0,1757218406983
2025-09-07 04:13:26.982000+00:00,SAHARA-USDT-SWAP,55780490.0,1757218406982
2025-09-07 04:13:26.971000+00:00,SAND-USDT-SWAP,19512360.0,1757218406971
2025-09-07 04:13:26.982000+00:00,SATS-USDT-SWAP,170816270000000.0,1757218406982
2025-09-07 04:13:27.424000+00:00,SCR-USDT-SWAP,3265464.0,1757218407424
2025-09-07 04:13:27.415000+00:00,SHELL-USDT-SWAP,5751980.0,1757218407415
2025-09-07 04:13:27.426000+00:00,SHIB-USDT-SWAP,1311783500000.0,1757218407426
2025-09-07 04:13:27.415000+00:00,SIGN-USDT-SWAP,45419400.0,1757218407415
2025-09-07 04:13:27.412000+00:00,SLP-USDT-SWAP,453368970.0,1757218407412
2025-09-07 04:13:27.415000+00:00,SNX-USDT-SWAP,2443654.0,1757218407415
2025-09-07 04:13:27.417000+00:00,SOL-USDT-SWAP,3421193.8500000015,1757218407417
2025-09-07 04:13:27.431000+00:00,SOLV-USDT-SWAP,50028500.0,1757218407431
2025-09-07 04:13:27.430000+00:00,SONIC-USDT-SWAP,7184993.0,1757218407430
2025-09-07 04:13:27.430000+00:00,SOON-USDT-SWAP,8599250.0,1757218407430
2025-09-07 04:13:27.885000+00:00,SOPH-USDT-SWAP,89942900.0,1757218407885
2025-09-07 04:13:27.880000+00:00,SPK-USDT-SWAP,138227900.0,1757218407880
2025-09-07 04:13:27.908000+00:00,SPX-USDT-SWAP,1147097.0,1757218407908
2025-09-07 04:13:27.879000+00:00,SSV-USDT-SWAP,302619.2,1757218407879
2025-09-07 04:13:27.895000+00:00,STORJ-USDT-SWAP,5566100.0,1757218407895
2025-09-07 04:13:27.885000+00:00,STRK-USDT-SWAP,25941354.0,1757218407885
2025-09-07 04:13:27.885000+00:00,STX-USDT-SWAP,6754112.0,1757218407885
2025-09-07 04:13:27.888000+00:00,SUI-USDT-SWAP,20864393.0,1757218407888
2025-09-07 04:13:27.887000+00:00,SUSHI-USDT-SWAP,8111193.0,1757218407887
2025-09-07 04:13:27.894000+00:00,SWARMS-USDT-SWAP,79413710.0,1757218407894
2025-09-07 04:13:28.360000+00:00,SYRUP-USDT-SWAP,3201870.0,1757218408360
2025-09-07 04:13:28.341000+00:00,T-USDT-SWAP,39335200.0,1757218408341
2025-09-07 04:13:28.347000+00:00,TAO-USDT-SWAP,15680.08,1757218408347
2025-09-07 04:13:28.355000+00:00,THETA-USDT-SWAP,2626713.0,1757218408355
2025-09-07 04:13:28.358000+00:00,TIA-USDT-SWAP,5252612.0,1757218408358
2025-09-07 04:13:28.361000+00:00,TNSR-USDT-SWAP,8389647.0,1757218408361
2025-09-07 04:13:28.343000+00:00,TON-USDT-SWAP,9733295.0,1757218408343
2025-09-07 04:13:28.344000+00:00,TRB-USDT-SWAP,283823.2,1757218408344
2025-09-07 04:13:28.351000+00:00,TREE-USDT-SWAP,7571511.0,1757218408351
2025-09-07 04:13:28.363000+00:00,TRUMP-USDT-SWAP,5478621.4,1757218408363
2025-09-07 04:13:28.787000+00:00,TRX-USDT-SWAP,107547780.00000003,1757218408787
2025-09-07 04:13:28.802000+00:00,TURBO-USDT-SWAP,817763000.0000002,1757218408802
2025-09-07 04:13:28.806000+00:00,UMA-USDT-SWAP,1503572.2,1757218408806
2025-09-07 04:13:28.787000+00:00,UNI-USDT-SWAP,3121781.0,1757218408787
2025-09-07 04:13:28.809000+00:00,USDC-USDT-SWAP,1023940.0,1757218408809
2025-09-07 04:13:28.931000+00:00,USELESS-USDT-SWAP,17514080.0,1757218408931
2025-09-07 04:13:28.800000+00:00,USTC-USDT-SWAP,146088300.0,1757218408800
2025-09-07 04:13:28.795000+00:00,UXLINK-USDT-SWAP,5558880.0,1757218408795
2025-09-07 04:13:28.800000+00:00,VANA-USDT-SWAP,134076.3,1757218408800
2025-09-07 04:13:28.815000+00:00,VINE-USDT-SWAP,103561420.0,1757218408815
2025-09-07 04:13:29.356000+00:00,VIRTUAL-USDT-SWAP,3278496.0,1757218409356
2025-09-07 04:13:29.383000+00:00,W-USDT-SWAP,48327909.0,1757218409383
2025-09-07 04:13:29.363000+00:00,WAL-USDT-SWAP,2148750.0,1757218409363
2025-09-07 04:13:29.353000+00:00,WAXP-USDT-SWAP,27676700.0,1757218409353
2025-09-07 04:13:29.358000+00:00,WCT-USDT-SWAP,10376490.0,1757218409358
2025-09-07 04:13:29.354000+00:00,WIF-USDT-SWAP,17630185.0,1757218409354
2025-09-07 04:13:29.358000+00:00,WLD-USDT-SWAP,35075788.0,1757218409358
2025-09-07 04:13:29.373000+00:00,WLFI-USDT-SWAP,307188970.0,1757218409373
2025-09-07 04:13:29.357000+00:00,WOO-USDT-SWAP,14851560.0,1757218409357
2025-09-07 04:13:29.393000+00:00,XAUT-USDT-SWAP,5963.385,1757218409393
2025-09-07 04:13:29.819000+00:00,XLM-USDT-SWAP,39133779.99999999,1757218409819
2025-09-07 04:13:29.826000+00:00,XPL-USDT-SWAP,6911750.0,1757218409826
2025-09-07 04:13:29.851000+00:00,XRP-USDT-SWAP,91609034.00000001,1757218409851
2025-09-07 04:13:29.926000+00:00,XTZ-USDT-SWAP,5704034.0,1757218409926
2025-09-07 04:13:29.820000+00:00,YFI-USDT-SWAP,368.4587,1757218409820
2025-09-07 04:13:29.833000+00:00,YGG-USDT-SWAP,27780111.0,1757218409833
2025-09-07 04:13:29.824000+00:00,ZENT-USDT-SWAP,170112300.0,1757218409824
2025-09-07 04:13:29.841000+00:00,ZEREBRO-USDT-SWAP,76390560.0,1757218409841
2025-09-07 04:13:29.825000+00:00,ZETA-USDT-SWAP,5576590.0,1757218409825
2025-09-07 04:13:29.827000+00:00,ZIL-USDT-SWAP,159974800.0,1757218409827
2025-09-07 04:13:30.353000+00:00,ZK-USDT-SWAP,50798970.0,1757218410353
2025-09-07 04:13:30.357000+00:00,ZRO-USDT-SWAP,2183005.0,1757218410357
2025-09-07 04:13:30.349000+00:00,ZRX-USDT-SWAP,8068330.0,1757218410349
2025-09-07 04:14:31.064000+00:00,1INCH-USDT-SWAP,7711954.0,1757218471064
2025-09-07 04:14:31.074000+00:00,A-USDT-SWAP,9810690.0,1757218471074
2025-09-07 04:14:31.097000+00:00,AAVE-USDT-SWAP,132612.74000000002,1757218471097
2025-09-07 04:14:31.064000+00:00,ACE-USDT-SWAP,1909488.0,1757218471064
2025-09-07 04:14:31.076000+00:00,ACH-USDT-SWAP,76580600.0,1757218471076
2025-09-07 04:14:31.095000+00:00,ACT-USDT-SWAP,80890916.0,1757218471095
2025-09-07 04:14:31.072000+00:00,ADA-USDT-SWAP,77151420.00000001,1757218471072
2025-09-07 04:14:31.116000+00:00,AERO-USDT-SWAP,1641190.0,1757218471116
2025-09-07 04:14:31.164000+00:00,AEVO-USDT-SWAP,13156507.0,1757218471164
2025-09-07 04:14:31.079000+00:00,AGLD-USDT-SWAP,1891998.0,1757218471079
2025-09-07 04:14:31.603000+00:00,AI16Z-USDT-SWAP,51094612.0,1757218471603
2025-09-07 04:14:31.606000+00:00,AIXBT-USDT-SWAP,23290950.0,1757218471606
2025-09-07 04:14:31.629000+00:00,ALCH-USDT-SWAP,23120140.0,1757218471629
2025-09-07 04:14:31.648000+00:00,ALGO-USDT-SWAP,28154870.0,1757218471648
2025-09-07 04:14:31.612000+00:00,ANIME-USDT-SWAP,112560380.0,1757218471612
2025-09-07 04:14:31.606000+00:00,APE-USDT-SWAP,8009777.4,1757218471606
2025-09-07 04:14:31.646000+00:00,API3-USDT-SWAP,4767461.0,1757218471646
2025-09-07 04:14:31.605000+00:00,APT-USDT-SWAP,3699067.0,1757218471605
2025-09-07 04:14:31.600000+00:00,AR-USDT-SWAP,529126.0,1757218471600
2025-09-07 04:14:31.604000+00:00,ARB-USDT-SWAP,33463880.0,1757218471604
2025-09-07 04:14:32.075000+00:00,ARC-USDT-SWAP,60806280.0,1757218472075
2025-09-07 04:14:32.077000+00:00,ARKM-USDT-SWAP,3500521.0,1757218472077
2025-09-07 04:14:32.097000+00:00,ATH-USDT-SWAP,141427400.0,1757218472097
2025-09-07 04:14:32.090000+00:00,ATOM-USDT-SWAP,1840062.0,1757218472090
2025-09-07 04:14:32.080000+00:00,AUCTION-USDT-SWAP,211178.9,1757218472080
2025-09-07 04:14:32.106000+00:00,AVAAI-USDT-SWAP,53485640.0,1757218472106
2025-09-07 04:14:32.095000+00:00,AVAX-USDT-SWAP,1843652.3,1757218472095
2025-09-07 04:14:32.073000+00:00,AXS-USDT-SWAP,1181293.3,1757218472073
2025-09-07 04:14:32.076000+00:00,BABY-USDT-SWAP,39175780.0,1757218472076
2025-09-07 04:14:32.078000+00:00,BAND-USDT-SWAP,1717690.0,1757218472078
2025-09-07 04:14:32.534000+00:00,BAT-USDT-SWAP,5703190.0,1757218472534
2025-09-07 04:14:32.541000+00:00,BCH-USDT-SWAP,81744.94999999998,1757218472541
2025-09-07 04:14:32.558000+00:00,BERA-USDT-SWAP,2351514.5,1757218472558
2025-09-07 04:14:32.550000+00:00,BICO-USDT-SWAP,7002651.0,1757218472550
2025-09-07 04:14:32.548000+00:00,BIGTIME-USDT-SWAP,40452320.0,1757218472548
2025-09-07 04:14:32.546000+00:00,BIO-USDT-SWAP,73658153.0,1757218472546
2025-09-07 04:14:32.654000+00:00,BLUR-USDT-SWAP,23673910.0,1757218472654
2025-09-07 04:14:32.533000+00:00,BNB-USDT-SWAP,90174.99,1757218472533
2025-09-07 04:14:32.545000+00:00,BNT-USDT-SWAP,711390.0,1757218472545
2025-09-07 04:14:32.549000+00:00,BOME-USDT-SWAP,1346501000.0,1757218472549
2025-09-07 04:14:33.083000+00:00,BONK-USDT-SWAP,480635400000.0,1757218473083
2025-09-07 04:14:33.091000+00:00,BRETT-USDT-SWAP,13669900.0,1757218473091
2025-09-07 04:14:33.087000+00:00,BTC-USDT-SWAP,27116.13800000005,1757218473087
2025-09-07 04:14:33.103000+00:00,CAT-USDT-SWAP,201571900000.0,1757218473103
2025-09-07 04:14:33.509000+00:00,CATI-USDT-SWAP,17270950.0,1757218473509
2025-09-07 04:14:33.091000+00:00,CELO-USDT-SWAP,4002455.0,1757218473091
2025-09-07 04:14:33.108000+00:00,CETUS-USDT-SWAP,17273620.0,1757218473108
2025-09-07 04:14:33.071000+00:00,CFX-USDT-SWAP,78837940.0,1757218473071
2025-09-07 04:14:33.077000+00:00,CHZ-USDT-SWAP,79326510.0,1757218473077
2025-09-07 04:14:33.136000+00:00,COMP-USDT-SWAP,92518.6,1757218473136
2025-09-07 04:14:33.956000+00:00,COOKIE-USDT-SWAP,4674090.0,1757218473956
2025-09-07 04:14:33.954000+00:00,CORE-USDT-SWAP,10023704.0,1757218473954
2025-09-07 04:14:33.960000+00:00,CRO-USDT-SWAP,67291200.0,1757218473960
2025-09-07 04:14:33.943000+00:00,CRV-USDT-SWAP,25423761.0,1757218473943
2025-09-07 04:14:33.961000+00:00,CTC-USDT-SWAP,1827100.0,1757218473961
2025-09-07 04:14:33.947000+00:00,CVC-USDT-SWAP,10070500.0,1757218473947
2025-09-07 04:14:33.987000+00:00,CVX-USDT-SWAP,304988.0,1757218473987
2025-09-07 04:14:33.949000+00:00,DEGEN-USDT-SWAP,290491600.0,1757218473949
2025-09-07 04:14:33.944000+00:00,DGB-USDT-SWAP,49138800.0,1757218473944
2025-09-07 04:14:33.955000+00:00,DOG-USDT-SWAP,567722000.0,1757218473955
2025-09-07 04:14:34.416000+00:00,DOGE-USDT-SWAP,1393181379.9999988,1757218474416
2025-09-07 04:14:34.414000+00:00,DOGS-USDT-SWAP,19044934000.0,1757218474414
2025-09-07 04:14:34.417000+00:00,DOOD-USDT-SWAP,135037000.0,1757218474417
2025-09-07 04:14:34.427000+00:00,DOT-USDT-SWAP,5677788.0,1757218474427
2025-09-07 04:14:34.419000+00:00,DUCK-USDT-SWAP,847380500.0,1757218474419
2025-09-07 04:14:34.414000+00:00,DYDX-USDT-SWAP,9111889.0,1757218474414
2025-09-07 04:14:34.522000+00:00,EGLD-USDT-SWAP,101677.8,1757218474522
2025-09-07 04:14:34.413000+00:00,EIGEN-USDT-SWAP,3600640.0,1757218474413
2025-09-07 04:14:34.414000+00:00,ENJ-USDT-SWAP,12950900.0,1757218474414
2025-09-07 04:14:34.418000+00:00,ENS-USDT-SWAP,353607.0,1757218474418
2025-09-07 04:14:34.962000+00:00,ETC-USDT-SWAP,1098363.0000000005,1757218474962
2025-09-07 04:14:34.953000+00:00,ETH-USDT-SWAP,741316.4190000019,1757218474953
2025-09-07 04:14:34.961000+00:00,ETHFI-USDT-SWAP,8092227.0,1757218474961
2025-09-07 04:14:34.969000+00:00,ETHW-USDT-SWAP,1295790.3,1757218474969
2025-09-07 04:14:34.962000+00:00,FARTCOIN-USDT-SWAP,20480771.0,1757218474962
2025-09-07 04:14:34.962000+00:00,FIL-USDT-SWAP,13826187.2,1757218474962
2025-09-07 04:14:35.007000+00:00,FLM-USDT-SWAP,26808540.0,1757218475007
2025-09-07 04:14:34.963000+00:00,FLOKI-USDT-SWAP,42284800000.0,1757218474963
2025-09-07 04:14:34.975000+00:00,FLOW-USDT-SWAP,4319920.0,1757218474975
2025-09-07 04:14:34.970000+00:00,FXS-USDT-SWAP,254094.0,1757218474970
2025-09-07 04:14:35.427000+00:00,GALA-USDT-SWAP,422224770.0,1757218475427
2025-09-07 04:14:35.426000+00:00,GAS-USDT-SWAP,479599.0,1757218475426
2025-09-07 04:14:35.448000+00:00,GLM-USDT-SWAP,2693290.0,1757218475448
2025-09-07 04:14:35.425000+00:00,GMT-USDT-SWAP,46527874.0,1757218475425
2025-09-07 04:14:35.438000+00:00,GMX-USDT-SWAP,73040.4,1757218475438
2025-09-07 04:14:35.435000+00:00,GOAT-USDT-SWAP,25299220.0,1757218475435
2025-09-07 04:14:35.430000+00:00,GODS-USDT-SWAP,6287713.0,1757218475430
2025-09-07 04:14:35.432000+00:00,GPS-USDT-SWAP,172719390.0,1757218475432
2025-09-07 04:14:35.440000+00:00,GRASS-USDT-SWAP,2703775.0,1757218475440
2025-09-07 04:14:35.438000+00:00,GRIFFAIN-USDT-SWAP,23729790.0,1757218475438
2025-09-07 04:14:35.889000+00:00,GRT-USDT-SWAP,22450830.0,1757218475889
2025-09-07 04:14:35.906000+00:00,H-USDT-SWAP,62525100.0,1757218475906
2025-09-07 04:14:35.878000+00:00,HBAR-USDT-SWAP,73973869.99999999,1757218475878
2025-09-07 04:14:35.891000+00:00,HMSTR-USDT-SWAP,941498900.0,1757218475891
2025-09-07 04:14:35.885000+00:00,HOME-USDT-SWAP,25428200.0,1757218475885
2025-09-07 04:14:35.896000+00:00,HUMA-USDT-SWAP,88063200.0,1757218475896
2025-09-07 04:14:35.884000+00:00,HYPE-USDT-SWAP,795053.3,1757218475884
2025-09-07 04:14:35.875000+00:00,ICP-USDT-SWAP,1220914.68,1757218475875
2025-09-07 04:14:35.896000+00:00,ICX-USDT-SWAP,6288100.0,1757218475896
2025-09-07 04:14:35.885000+00:00,IMX-USDT-SWAP,6599611.0,1757218475885
2025-09-07 04:14:36.330000+00:00,INIT-USDT-SWAP,2456150.0,1757218476330
2025-09-07 04:14:36.338000+00:00,INJ-USDT-SWAP,852814.0,1757218476338
2025-09-07 04:14:36.336000+00:00,IOST-USDT-SWAP,313907000.0,1757218476336
2025-09-07 04:14:36.330000+00:00,IOTA-USDT-SWAP,15887650.0,1757218476330
2025-09-07 04:14:36.338000+00:00,IP-USDT-SWAP,2937481.0,1757218476338
2025-09-07 04:14:36.347000+00:00,JELLYJELLY-USDT-SWAP,216939800.0,1757218476347
2025-09-07 04:14:36.348000+00:00,JOE-USDT-SWAP,7281310.0,1757218476348
2025-09-07 04:14:36.335000+00:00,JTO-USDT-SWAP,2926648.0,1757218476335
2025-09-07 04:14:36.333000+00:00,JUP-USDT-SWAP,14422700.0,1757218476333
2025-09-07 04:14:36.781000+00:00,KAITO-USDT-SWAP,3406044.0,1757218476781
2025-09-07 04:14:36.788000+00:00,KMNO-USDT-SWAP,17128300.0,1757218476788
2025-09-07 04:14:36.802000+00:00,KSM-USDT-SWAP,122443.6,1757218476802
2025-09-07 04:14:36.802000+00:00,LA-USDT-SWAP,3158590.0,1757218476802
2025-09-07 04:14:36.787000+00:00,LAUNCHCOIN-USDT-SWAP,39488030.0,1757218476787
2025-09-07 04:14:36.795000+00:00,LAYER-USDT-SWAP,6080497.0,1757218476795
2025-09-07 04:14:36.801000+00:00,LDO-USDT-SWAP,14675831.0,1757218476801
2025-09-07 04:14:36.778000+00:00,LINK-USDT-SWAP,2578157.1000000006,1757218476778
2025-09-07 04:14:36.791000+00:00,LPT-USDT-SWAP,840713.9,1757218476791
2025-09-07 04:14:36.798000+00:00,LQTY-USDT-SWAP,1563147.0,1757218476798
2025-09-07 04:14:37.223000+00:00,LRC-USDT-SWAP,17692520.0,1757218477223
2025-09-07 04:14:37.234000+00:00,LTC-USDT-SWAP,635650.6,1757218477234
2025-09-07 04:14:37.248000+00:00,LUNA-USDT-SWAP,15452912.0,1757218477248
2025-09-07 04:14:37.239000+00:00,LUNC-USDT-SWAP,33109630000.0,1757218477239
2025-09-07 04:14:37.256000+00:00,MAGIC-USDT-SWAP,19445971.0,1757218477256
2025-09-07 04:14:37.240000+00:00,MAJOR-USDT-SWAP,4733271.0,1757218477240
2025-09-07 04:14:37.236000+00:00,MANA-USDT-SWAP,10393750.0,1757218477236
2025-09-07 04:14:37.229000+00:00,MASK-USDT-SWAP,3095074.0,1757218477229
2025-09-07 04:14:37.241000+00:00,ME-USDT-SWAP,3023254.0,1757218477241
2025-09-07 04:14:37.239000+00:00,MEME-USDT-SWAP,1887150900.0,1757218477239
2025-09-07 04:14:37.720000+00:00,MERL-USDT-SWAP,60825534.0,1757218477720
2025-09-07 04:14:37.690000+00:00,METIS-USDT-SWAP,95823.4,1757218477690
2025-09-07 04:14:37.691000+00:00,MEW-USDT-SWAP,1013066000.0,1757218477691
2025-09-07 04:14:37.694000+00:00,MINA-USDT-SWAP,7192430.0,1757218477694
2025-09-07 04:14:37.701000+00:00,MOG-USDT-SWAP,681863000000.0,1757218477701
2025-09-07 04:14:37.707000+00:00,MOODENG-USDT-SWAP,47388300.0,1757218477707
2025-09-07 04:14:37.691000+00:00,MORPHO-USDT-SWAP,1351915.0,1757218477691
2025-09-07 04:14:37.696000+00:00,MOVE-USDT-SWAP,29527320.0,1757218477696
2025-09-07 04:14:37.730000+00:00,MUBARAK-USDT-SWAP,13389500.0,1757218477730
2025-09-07 04:14:38.154000+00:00,NEAR-USDT-SWAP,5445484.0,1757218478154
2025-09-07 04:14:38.156000+00:00,NEIRO-USDT-SWAP,9142506000.0,1757218478156
2025-09-07 04:14:38.156000+00:00,NEIROETH-USDT-SWAP,23959600.0,1757218478156
2025-09-07 04:14:38.148000+00:00,NEO-USDT-SWAP,311029.0,1757218478148
2025-09-07 04:14:38.148000+00:00,NEWT-USDT-SWAP,3699320.0,1757218478148
2025-09-07 04:14:38.167000+00:00,NMR-USDT-SWAP,629806.8,1757218478167
2025-09-07 04:14:38.163000+00:00,NOT-USDT-SWAP,1745424200.0,1757218478163
2025-09-07 04:14:38.141000+00:00,NXPC-USDT-SWAP,825132.0,1757218478141
2025-09-07 04:14:38.159000+00:00,OL-USDT-SWAP,90582590.0,1757218478159
2025-09-07 04:14:38.169000+00:00,OM-USDT-SWAP,26079622.0,1757218478169
2025-09-07 04:14:38.596000+00:00,ONDO-USDT-SWAP,19573380.0,1757218478596
2025-09-07 04:14:38.633000+00:00,ONE-USDT-SWAP,77973100.0,1757218478633
2025-09-07 04:14:38.629000+00:00,ONT-USDT-SWAP,14303050.0,1757218478629
2025-09-07 04:14:38.596000+00:00,OP-USDT-SWAP,20272972.0,1757218478596
2025-09-07 04:14:38.608000+00:00,ORBS-USDT-SWAP,25865600.0,1757218478608
2025-09-07 04:14:38.614000+00:00,ORDI-USDT-SWAP,1174364.0,1757218478614
2025-09-07 04:14:38.613000+00:00,PARTI-USDT-SWAP,13716440.0,1757218478613
2025-09-07 04:14:38.595000+00:00,PENGU-USDT-SWAP,555609600.0,1757218478595
2025-09-07 04:14:38.749000+00:00,PEOPLE-USDT-SWAP,303652800.0,1757218478749
2025-09-07 04:14:38.611000+00:00,PEPE-USDT-SWAP,6552678000000.004,1757218478611
2025-09-07 04:14:39.166000+00:00,PERP-USDT-SWAP,2462713.0,1757218479166
2025-09-07 04:14:39.203000+00:00,PI-USDT-SWAP,33090890.0,1757218479203
2025-09-07 04:14:39.185000+00:00,PLUME-USDT-SWAP,14303990.0,1757218479185
2025-09-07 04:14:39.182000+00:00,PNUT-USDT-SWAP,38006410.0,1757218479182
2025-09-07 04:14:39.163000+00:00,POL-USDT-SWAP,38862350.0,1757218479163
2025-09-07 04:14:39.172000+00:00,POPCAT-USDT-SWAP,10751220.0,1757218479172
2025-09-07 04:14:39.185000+00:00,PRCL-USDT-SWAP,21311442.0,1757218479185
2025-09-07 04:14:39.163000+00:00,PROMPT-USDT-SWAP,30487160.0,1757218479163
2025-09-07 04:14:39.170000+00:00,PUMP-USDT-SWAP,6658136000.0,1757218479170
2025-09-07 04:14:39.185000+00:00,PYTH-USDT-SWAP,48157510.0,1757218479185
2025-09-07 04:14:39.620000+00:00,QTUM-USDT-SWAP,1519001.0,1757218479620
2025-09-07 04:14:39.654000+00:00,RAY-USDT-SWAP,949306.0,1757218479654
2025-09-07 04:14:39.663000+00:00,RENDER-USDT-SWAP,1395825.0,1757218479663
2025-09-07 04:14:39.623000+00:00,RESOLV-USDT-SWAP,27999150.0,1757218479623
2025-09-07 04:14:39.641000+00:00,RSR-USDT-SWAP,251536200.0,1757218479641
2025-09-07 04:14:39.656000+00:00,RVN-USDT-SWAP,83581620.0,1757218479656
2025-09-07 04:14:39.637000+00:00,S-USDT-SWAP,13837600.0,1757218479637
2025-09-07 04:14:39.645000+00:00,SAHARA-USDT-SWAP,55787030.0,1757218479645
2025-09-07 04:14:39.638000+00:00,SAND-USDT-SWAP,19513250.0,1757218479638
2025-09-07 04:14:39.631000+00:00,SATS-USDT-SWAP,170753600000000.0,1757218479631
2025-09-07 04:14:40.110000+00:00,SCR-USDT-SWAP,3265454.0,1757218480110
2025-09-07 04:14:40.104000+00:00,SHELL-USDT-SWAP,5751980.0,1757218480104
2025-09-07 04:14:40.126000+00:00,SHIB-USDT-SWAP,1311823300000.0,1757218480126
2025-09-07 04:14:40.133000+00:00,SIGN-USDT-SWAP,45419400.0,1757218480133
2025-09-07 04:14:40.119000+00:00,SLP-USDT-SWAP,453399180.0,1757218480119
2025-09-07 04:14:40.111000+00:00,SNX-USDT-SWAP,2443997.0,1757218480111
2025-09-07 04:14:40.121000+00:00,SOL-USDT-SWAP,3419997.2000000016,1757218480121
2025-09-07 04:14:40.101000+00:00,SOLV-USDT-SWAP,50028200.0,1757218480101
2025-09-07 04:14:40.119000+00:00,SONIC-USDT-SWAP,7184295.0,1757218480119
2025-09-07 04:14:40.112000+00:00,SOON-USDT-SWAP,8599360.0,1757218480112
2025-09-07 04:14:40.561000+00:00,SOPH-USDT-SWAP,89937800.0,1757218480561
2025-09-07 04:14:40.556000+00:00,SPK-USDT-SWAP,138201200.0,1757218480556
2025-09-07 04:14:40.570000+00:00,SPX-USDT-SWAP,1147133.0,1757218480570
2025-09-07 04:14:40.566000+00:00,SSV-USDT-SWAP,302817.3,1757218480566
2025-09-07 04:14:40.557000+00:00,STORJ-USDT-SWAP,5566100.0,1757218480557
2025-09-07 04:14:40.557000+00:00,STRK-USDT-SWAP,25941354.0,1757218480557
2025-09-07 04:14:40.566000+00:00,STX-USDT-SWAP,6754589.000000001,1757218480566
2025-09-07 04:14:40.557000+00:00,SUI-USDT-SWAP,20867799.0,1757218480557
2025-09-07 04:14:40.583000+00:00,SUSHI-USDT-SWAP,8110662.0,1757218480583
2025-09-07 04:14:40.556000+00:00,SWARMS-USDT-SWAP,79443430.0,1757218480556
2025-09-07 04:14:41.020000+00:00,SYRUP-USDT-SWAP,3202050.0,1757218481020
2025-09-07 04:14:41.039000+00:00,T-USDT-SWAP,39352700.0,1757218481039
2025-09-07 04:14:41.014000+00:00,TAO-USDT-SWAP,15680.08,1757218481014
2025-09-07 04:14:41.009000+00:00,THETA-USDT-SWAP,2626708.0,1757218481009
2025-09-07 04:14:41.005000+00:00,TIA-USDT-SWAP,5252501.0,1757218481005
2025-09-07 04:14:41.009000+00:00,TNSR-USDT-SWAP,8389647.0,1757218481009
2025-09-07 04:14:41.012000+00:00,TON-USDT-SWAP,9734847.0,1757218481012
2025-09-07 04:14:41.003000+00:00,TRB-USDT-SWAP,283532.0,1757218481003
2025-09-07 04:14:41.011000+00:00,TREE-USDT-SWAP,7575162.0,1757218481011
2025-09-07 04:14:41.004000+00:00,TRUMP-USDT-SWAP,5479801.5,1757218481004
2025-09-07 04:14:41.468000+00:00,TRX-USDT-SWAP,107590480.00000003,1757218481468
2025-09-07 04:14:41.462000+00:00,TURBO-USDT-SWAP,817592000.0000002,1757218481462
2025-09-07 04:14:41.465000+00:00,UMA-USDT-SWAP,1501440.7,1757218481465
2025-09-07 04:14:41.486000+00:00,UNI-USDT-SWAP,3121799.0,1757218481486
2025-09-07 04:14:41.464000+00:00,USDC-USDT-SWAP,1023940.0,1757218481464
2025-09-07 04:14:41.465000+00:00,USELESS-USDT-SWAP,17488600.0,1757218481465
2025-09-07 04:14:41.501000+00:00,USTC-USDT-SWAP,146094800.0,1757218481501
2025-09-07 04:14:41.465000+00:00,UXLINK-USDT-SWAP,5558950.0,1757218481465
2025-09-07 04:14:41.466000+00:00,VANA-USDT-SWAP,134080.3,1757218481466
2025-09-07 04:14:41.461000+00:00,VINE-USDT-SWAP,103556690.0,1757218481461
2025-09-07 04:14:41.928000+00:00,VIRTUAL-USDT-SWAP,3278205.0,1757218481928
2025-09-07 04:14:41.930000+00:00,W-USDT-SWAP,48327976.0,1757218481930
2025-09-07 04:14:41.947000+00:00,WAL-USDT-SWAP,2148730.0,1757218481947
2025-09-07 04:14:41.927000+00:00,WAXP-USDT-SWAP,27676700.0,1757218481927
2025-09-07 04:14:41.936000+00:00,WCT-USDT-SWAP,10377120.0,1757218481936
2025-09-07 04:14:41.926000+00:00,WIF-USDT-SWAP,17650266.0,1757218481926
2025-09-07 04:14:41.933000+00:00,WLD-USDT-SWAP,35148767.0,1757218481933
2025-09-07 04:14:41.931000+00:00,WLFI-USDT-SWAP,306999630.0,1757218481931
2025-09-07 04:14:41.949000+00:00,WOO-USDT-SWAP,14844310.0,1757218481949
2025-09-07 04:14:41.936000+00:00,XAUT-USDT-SWAP,5963.384,1757218481936
2025-09-07 04:14:42.387000+00:00,XLM-USDT-SWAP,39124029.999999985,1757218482387
2025-09-07 04:14:42.390000+00:00,XPL-USDT-SWAP,6911350.0,1757218482390
2025-09-07 04:14:42.396000+00:00,XRP-USDT-SWAP,91597005.00000001,1757218482396
2025-09-07 04:14:42.404000+00:00,XTZ-USDT-SWAP,5704189.0,1757218482404
2025-09-07 04:14:42.397000+00:00,YFI-USDT-SWAP,368.4587,1757218482397
2025-09-07 04:14:42.403000+00:00,YGG-USDT-SWAP,27802534.0,1757218482403
2025-09-07 04:14:42.393000+00:00,ZENT-USDT-SWAP,170013900.0,1757218482393
2025-09-07 04:14:42.393000+00:00,ZEREBRO-USDT-SWAP,76386320.0,1757218482393
2025-09-07 04:14:42.401000+00:00,ZETA-USDT-SWAP,5577200.0,1757218482401
2025-09-07 04:14:42.396000+00:00,ZIL-USDT-SWAP,159967900.0,1757218482396
2025-09-07 04:14:42.838000+00:00,ZK-USDT-SWAP,50797830.0,1757218482838
2025-09-07 04:14:42.847000+00:00,ZRO-USDT-SWAP,2183000.0,1757218482847
2025-09-07 04:14:42.847000+00:00,ZRX-USDT-SWAP,8069890.0,1757218482847
2025-09-07 04:15:43.568000+00:00,1INCH-USDT-SWAP,7711498.0,1757218543568
2025-09-07 04:15:43.585000+00:00,A-USDT-SWAP,9805150.0,1757218543585
2025-09-07 04:15:43.570000+00:00,AAVE-USDT-SWAP,132618.86000000002,1757218543570
2025-09-07 04:15:43.577000+00:00,ACE-USDT-SWAP,1909121.0,1757218543577
2025-09-07 04:15:43.581000+00:00,ACH-USDT-SWAP,76579600.0,1757218543581
2025-09-07 04:15:43.570000+00:00,ACT-USDT-SWAP,80890135.0,1757218543570
2025-09-07 04:15:43.605000+00:00,ADA-USDT-SWAP,77131180.00000001,1757218543605
2025-09-07 04:15:43.580000+00:00,AERO-USDT-SWAP,1640970.0,1757218543580
2025-09-07 04:15:43.576000+00:00,AEVO-USDT-SWAP,13157321.0,1757218543576
2025-09-07 04:15:43.589000+00:00,AGLD-USDT-SWAP,1891963.0,1757218543589
2025-09-07 04:15:44.036000+00:00,AI16Z-USDT-SWAP,51142369.0,1757218544036
2025-09-07 04:15:44.065000+00:00,AIXBT-USDT-SWAP,23221940.0,1757218544065
2025-09-07 04:15:44.038000+00:00,ALCH-USDT-SWAP,23120140.0,1757218544038
2025-09-07 04:15:44.043000+00:00,ALGO-USDT-SWAP,28157600.0,1757218544043
2025-09-07 04:15:44.051000+00:00,ANIME-USDT-SWAP,112682920.0,1757218544051
2025-09-07 04:15:44.037000+00:00,APE-USDT-SWAP,8008732.5,1757218544037
2025-09-07 04:15:44.047000+00:00,API3-USDT-SWAP,4770910.0,1757218544047
2025-09-07 04:15:44.038000+00:00,APT-USDT-SWAP,3700199.0,1757218544038
2025-09-07 04:15:44.040000+00:00,AR-USDT-SWAP,529081.5,1757218544040
2025-09-07 04:15:44.042000+00:00,ARB-USDT-SWAP,33428205.0,1757218544042
2025-09-07 04:15:44.492000+00:00,ARC-USDT-SWAP,60810670.0,1757218544492
2025-09-07 04:15:44.490000+00:00,ARKM-USDT-SWAP,3500566.0,1757218544490
2025-09-07 04:15:44.486000+00:00,ATH-USDT-SWAP,141418600.0,1757218544486
2025-09-07 04:15:44.484000+00:00,ATOM-USDT-SWAP,1839914.0,1757218544484
2025-09-07 04:15:44.495000+00:00,AUCTION-USDT-SWAP,211209.5,1757218544495
2025-09-07 04:15:44.496000+00:00,AVAAI-USDT-SWAP,53483960.0,1757218544496
2025-09-07 04:15:44.489000+00:00,AVAX-USDT-SWAP,1843596.1000000003,1757218544489
2025-09-07 04:15:44.484000+00:00,AXS-USDT-SWAP,1183573.8,1757218544484
2025-09-07 04:15:44.496000+00:00,BABY-USDT-SWAP,39085370.0,1757218544496
2025-09-07 04:15:44.493000+00:00,BAND-USDT-SWAP,1719019.0,1757218544493
2025-09-07 04:15:44.915000+00:00,BAT-USDT-SWAP,5703530.0,1757218544915
2025-09-07 04:15:44.930000+00:00,BCH-USDT-SWAP,81745.15999999997,1757218544930
2025-09-07 04:15:44.924000+00:00,BERA-USDT-SWAP,2348007.3,1757218544924
2025-09-07 04:15:44.929000+00:00,BICO-USDT-SWAP,7001560.0,1757218544929
2025-09-07 04:15:44.921000+00:00,BIGTIME-USDT-SWAP,40436250.0,1757218544921
2025-09-07 04:15:44.925000+00:00,BIO-USDT-SWAP,73683935.0,1757218544925
2025-09-07 04:15:44.939000+00:00,BLUR-USDT-SWAP,23667550.0,1757218544939
2025-09-07 04:15:44.930000+00:00,BNB-USDT-SWAP,90168.04,1757218544930
2025-09-07 04:15:44.929000+00:00,BNT-USDT-SWAP,711430.0,1757218544929
2025-09-07 04:15:44.926000+00:00,BOME-USDT-SWAP,1346464000.0,1757218544926
2025-09-07 04:15:45.352000+00:00,BONK-USDT-SWAP,480459100000.0,1757218545352
2025-09-07 04:15:45.368000+00:00,BRETT-USDT-SWAP,13668400.0,1757218545368
2025-09-07 04:15:45.389000+00:00,BTC-USDT-SWAP,27125.10420000005,1757218545389
2025-09-07 04:15:45.366000+00:00,CAT-USDT-SWAP,201552000000.0,1757218545366
2025-09-07 04:15:45.369000+00:00,CATI-USDT-SWAP,17268864.0,1757218545369
2025-09-07 04:15:45.359000+00:00,CELO-USDT-SWAP,3999829.0,1757218545359
2025-09-07 04:15:45.366000+00:00,CETUS-USDT-SWAP,17263490.0,1757218545366
2025-09-07 04:15:45.385000+00:00,CFX-USDT-SWAP,78832490.0,1757218545385
2025-09-07 04:15:45.380000+00:00,CHZ-USDT-SWAP,79312530.0,1757218545380
2025-09-07 04:15:45.360000+00:00,COMP-USDT-SWAP,92524.1,1757218545360
2025-09-07 04:15:45.808000+00:00,COOKIE-USDT-SWAP,4668960.0,1757218545808
2025-09-07 04:15:45.808000+00:00,CORE-USDT-SWAP,10025007.0,1757218545808
2025-09-07 04:15:45.820000+00:00,CRO-USDT-SWAP,67288550.0,1757218545820
2025-09-07 04:15:45.824000+00:00,CRV-USDT-SWAP,25426435.0,1757218545824
2025-09-07 04:15:45.819000+00:00,CTC-USDT-SWAP,1827110.0,1757218545819
2025-09-07 04:15:45.812000+00:00,CVC-USDT-SWAP,10070500.0,1757218545812
2025-09-07 04:15:45.809000+00:00,CVX-USDT-SWAP,304941.0,1757218545809
2025-09-07 04:15:45.821000+00:00,DEGEN-USDT-SWAP,290371900.0,1757218545821
2025-09-07 04:15:45.821000+00:00,DGB-USDT-SWAP,49138800.0,1757218545821
2025-09-07 04:15:45.811000+00:00,DOG-USDT-SWAP,567726000.0,1757218545811
2025-09-07 04:15:46.239000+00:00,DOGE-USDT-SWAP,1392891329.9999988,1757218546239
2025-09-07 04:15:46.255000+00:00,DOGS-USDT-SWAP,19043592000.0,1757218546255
2025-09-07 04:15:46.263000+00:00,DOOD-USDT-SWAP,135038000.0,1757218546263
2025-09-07 04:15:46.301000+00:00,DOT-USDT-SWAP,5678382.0,1757218546301
2025-09-07 04:15:46.266000+00:00,DUCK-USDT-SWAP,847374800.0,1757218546266
2025-09-07 04:15:46.262000+00:00,DYDX-USDT-SWAP,9115294.0,1757218546262
2025-09-07 04:15:46.262000+00:00,EGLD-USDT-SWAP,101629.9,1757218546262
2025-09-07 04:15:46.258000+00:00,EIGEN-USDT-SWAP,3585139.0,1757218546258
2025-09-07 04:15:46.389000+00:00,ENJ-USDT-SWAP,12944640.0,1757218546389
2025-09-07 04:15:46.248000+00:00,ENS-USDT-SWAP,353549.7,1757218546248
2025-09-07 04:15:46.818000+00:00,ETC-USDT-SWAP,1098208.0000000005,1757218546818
2025-09-07 04:15:46.827000+00:00,ETH-USDT-SWAP,741315.9680000019,1757218546827
2025-09-07 04:15:46.830000+00:00,ETHFI-USDT-SWAP,8093167.0,1757218546830
2025-09-07 04:15:46.827000+00:00,ETHW-USDT-SWAP,1295720.0,1757218546827
2025-09-07 04:15:46.816000+00:00,FARTCOIN-USDT-SWAP,20480404.0,1757218546816
2025-09-07 04:15:46.826000+00:00,FIL-USDT-SWAP,13831710.5,1757218546826
2025-09-07 04:15:46.832000+00:00,FLM-USDT-SWAP,26829040.0,1757218546832
2025-09-07 04:15:46.833000+00:00,FLOKI-USDT-SWAP,42290200000.0,1757218546833
2025-09-07 04:15:46.827000+00:00,FLOW-USDT-SWAP,4315630.0,1757218546827
2025-09-07 04:15:46.815000+00:00,FXS-USDT-SWAP,254037.0,1757218546815
2025-09-07 04:15:47.386000+00:00,GALA-USDT-SWAP,422268980.0,1757218547386
2025-09-07 04:15:47.265000+00:00,GAS-USDT-SWAP,479530.0,1757218547265
2025-09-07 04:15:47.267000+00:00,GLM-USDT-SWAP,2693240.0,1757218547267
2025-09-07 04:15:47.261000+00:00,GMT-USDT-SWAP,46514935.0,1757218547261
2025-09-07 04:15:47.257000+00:00,GMX-USDT-SWAP,72976.3,1757218547257
2025-09-07 04:15:47.306000+00:00,GOAT-USDT-SWAP,25291440.0,1757218547306
2025-09-07 04:15:47.275000+00:00,GODS-USDT-SWAP,6289192.0,1757218547275
2025-09-07 04:15:47.279000+00:00,GPS-USDT-SWAP,172796650.0,1757218547279
2025-09-07 04:15:47.264000+00:00,GRASS-USDT-SWAP,2704041.0,1757218547264
2025-09-07 04:15:47.263000+00:00,GRIFFAIN-USDT-SWAP,23724920.0,1757218547263
2025-09-07 04:15:47.806000+00:00,GRT-USDT-SWAP,22445810.0,1757218547806
2025-09-07 04:15:47.817000+00:00,H-USDT-SWAP,62509300.0,1757218547817
2025-09-07 04:15:47.828000+00:00,HBAR-USDT-SWAP,73966590.0,1757218547828
2025-09-07 04:15:47.805000+00:00,HMSTR-USDT-SWAP,941511800.0,1757218547805
2025-09-07 04:15:47.805000+00:00,HOME-USDT-SWAP,25427200.0,1757218547805
2025-09-07 04:15:47.818000+00:00,HUMA-USDT-SWAP,88093500.0,1757218547818
2025-09-07 04:15:47.822000+00:00,HYPE-USDT-SWAP,795381.3,1757218547822
2025-09-07 04:15:47.816000+00:00,ICP-USDT-SWAP,1220998.02,1757218547816
2025-09-07 04:15:47.815000+00:00,ICX-USDT-SWAP,6287070.0,1757218547815
2025-09-07 04:15:47.805000+00:00,IMX-USDT-SWAP,6599946.0,1757218547805
2025-09-07 04:15:48.241000+00:00,INIT-USDT-SWAP,2455060.0,1757218548241
2025-09-07 04:15:48.254000+00:00,INJ-USDT-SWAP,852910.1,1757218548254
2025-09-07 04:15:48.281000+00:00,IOST-USDT-SWAP,313843000.0,1757218548281
2025-09-07 04:15:48.250000+00:00,IOTA-USDT-SWAP,15887500.0,1757218548250
2025-09-07 04:15:48.262000+00:00,IP-USDT-SWAP,2937603.0,1757218548262
2025-09-07 04:15:48.258000+00:00,JELLYJELLY-USDT-SWAP,216873800.0,1757218548258
2025-09-07 04:15:48.285000+00:00,JOE-USDT-SWAP,7278340.0,1757218548285
2025-09-07 04:15:48.248000+00:00,JTO-USDT-SWAP,2926545.0,1757218548248
2025-09-07 04:15:48.259000+00:00,JUP-USDT-SWAP,14422280.0,1757218548259
2025-09-07 04:15:48.726000+00:00,KAITO-USDT-SWAP,3405173.0,1757218548726
2025-09-07 04:15:48.731000+00:00,KMNO-USDT-SWAP,17123800.0,1757218548731
2025-09-07 04:15:48.731000+00:00,KSM-USDT-SWAP,122442.0,1757218548731
2025-09-07 04:15:48.739000+00:00,LA-USDT-SWAP,3158790.0,1757218548739
2025-09-07 04:15:48.729000+00:00,LAUNCHCOIN-USDT-SWAP,39489280.0,1757218548729
2025-09-07 04:15:48.736000+00:00,LAYER-USDT-SWAP,6081099.0,1757218548736
2025-09-07 04:15:48.727000+00:00,LDO-USDT-SWAP,14680150.0,1757218548727
2025-09-07 04:15:48.725000+00:00,LINK-USDT-SWAP,2578505.8000000003,1757218548725
2025-09-07 04:15:48.739000+00:00,LPT-USDT-SWAP,841690.7,1757218548739
2025-09-07 04:15:48.848000+00:00,LQTY-USDT-SWAP,1562843.0,1757218548848
2025-09-07 04:15:49.267000+00:00,LRC-USDT-SWAP,17691230.0,1757218549267
2025-09-07 04:15:49.274000+00:00,LTC-USDT-SWAP,635552.2,1757218549274
2025-09-07 04:15:49.277000+00:00,LUNA-USDT-SWAP,15454242.0,1757218549277
2025-09-07 04:15:49.278000+00:00,LUNC-USDT-SWAP,33109470000.0,1757218549278
2025-09-07 04:15:49.281000+00:00,MAGIC-USDT-SWAP,19428555.0,1757218549281
2025-09-07 04:15:49.335000+00:00,MAJOR-USDT-SWAP,4732070.0,1757218549335
2025-09-07 04:15:49.267000+00:00,MANA-USDT-SWAP,10394510.0,1757218549267
2025-09-07 04:15:49.289000+00:00,MASK-USDT-SWAP,3095118.0,1757218549289
2025-09-07 04:15:49.291000+00:00,ME-USDT-SWAP,3023201.0,1757218549291
2025-09-07 04:15:49.278000+00:00,MEME-USDT-SWAP,1889322800.0,1757218549278
2025-09-07 04:15:49.754000+00:00,MERL-USDT-SWAP,60837390.0,1757218549754
2025-09-07 04:15:49.751000+00:00,METIS-USDT-SWAP,95820.2,1757218549751
2025-09-07 04:15:49.768000+00:00,MEW-USDT-SWAP,1012951000.0,1757218549768
2025-09-07 04:15:49.761000+00:00,MINA-USDT-SWAP,7180313.0,1757218549761
2025-09-07 04:15:49.763000+00:00,MOG-USDT-SWAP,681770000000.0,1757218549763
2025-09-07 04:15:49.771000+00:00,MOODENG-USDT-SWAP,47372410.0,1757218549771
2025-09-07 04:15:49.779000+00:00,MORPHO-USDT-SWAP,1352204.0,1757218549779
2025-09-07 04:15:49.758000+00:00,MOVE-USDT-SWAP,29534940.0,1757218549758
2025-09-07 04:15:49.773000+00:00,MUBARAK-USDT-SWAP,13388900.0,1757218549773
2025-09-07 04:15:50.212000+00:00,NEAR-USDT-SWAP,5444069.0,1757218550212
2025-09-07 04:15:50.220000+00:00,NEIRO-USDT-SWAP,9139494000.0,1757218550220
2025-09-07 04:15:50.230000+00:00,NEIROETH-USDT-SWAP,23938900.0,1757218550230
2025-09-07 04:15:50.216000+00:00,NEO-USDT-SWAP,310959.0,1757218550216
2025-09-07 04:15:50.216000+00:00,NEWT-USDT-SWAP,3700300.0,1757218550216
2025-09-07 04:15:50.225000+00:00,NMR-USDT-SWAP,632673.3,1757218550225
2025-09-07 04:15:50.232000+00:00,NOT-USDT-SWAP,1745389100.0,1757218550232
2025-09-07 04:15:50.222000+00:00,NXPC-USDT-SWAP,824674.0,1757218550222
2025-09-07 04:15:50.227000+00:00,OL-USDT-SWAP,90563490.0,1757218550227
2025-09-07 04:15:50.238000+00:00,OM-USDT-SWAP,26074690.0,1757218550238
2025-09-07 04:15:50.664000+00:00,ONDO-USDT-SWAP,19571710.0,1757218550664
2025-09-07 04:15:50.663000+00:00,ONE-USDT-SWAP,77966500.0,1757218550663
2025-09-07 04:15:50.675000+00:00,ONT-USDT-SWAP,14300810.0,1757218550675
2025-09-07 04:15:50.674000+00:00,OP-USDT-SWAP,20309986.0,1757218550674
2025-09-07 04:15:50.659000+00:00,ORBS-USDT-SWAP,25865600.0,1757218550659
2025-09-07 04:15:50.675000+00:00,ORDI-USDT-SWAP,1174892.7,1757218550675
2025-09-07 04:15:50.668000+00:00,PARTI-USDT-SWAP,13720270.0,1757218550668
2025-09-07 04:15:50.676000+00:00,PENGU-USDT-SWAP,555517900.0,1757218550676
2025-09-07 04:15:50.675000+00:00,PEOPLE-USDT-SWAP,303620800.0,1757218550675
2025-09-07 04:15:50.669000+00:00,PEPE-USDT-SWAP,6551738000000.004,1757218550669
2025-09-07 04:15:51.116000+00:00,PERP-USDT-SWAP,2462366.0,1757218551116
2025-09-07 04:15:51.144000+00:00,PI-USDT-SWAP,33091362.0,1757218551144
2025-09-07 04:15:51.122000+00:00,PLUME-USDT-SWAP,14318480.0,1757218551122
2025-09-07 04:15:51.131000+00:00,PNUT-USDT-SWAP,38005830.0,1757218551131
2025-09-07 04:15:51.117000+00:00,POL-USDT-SWAP,38877100.0,1757218551117
2025-09-07 04:15:51.133000+00:00,POPCAT-USDT-SWAP,10749170.0,1757218551133
2025-09-07 04:15:51.138000+00:00,PRCL-USDT-SWAP,21331227.0,1757218551138
2025-09-07 04:15:51.127000+00:00,PROMPT-USDT-SWAP,30487640.0,1757218551127
2025-09-07 04:15:51.117000+00:00,PUMP-USDT-SWAP,6688617000.0,1757218551117
2025-09-07 04:15:51.143000+00:00,PYTH-USDT-SWAP,48187400.0,1757218551143
2025-09-07 04:15:51.563000+00:00,QTUM-USDT-SWAP,1518420.0,1757218551563
2025-09-07 04:15:51.584000+00:00,RAY-USDT-SWAP,949432.0,1757218551584
2025-09-07 04:15:51.594000+00:00,RENDER-USDT-SWAP,1395691.0,1757218551594
2025-09-07 04:15:51.570000+00:00,RESOLV-USDT-SWAP,27993270.0,1757218551570
2025-09-07 04:15:51.565000+00:00,RSR-USDT-SWAP,251606900.0,1757218551565
2025-09-07 04:15:51.572000+00:00,RVN-USDT-SWAP,83594260.0,1757218551572
2025-09-07 04:15:51.575000+00:00,S-USDT-SWAP,13828770.0,1757218551575
2025-09-07 04:15:51.586000+00:00,SAHARA-USDT-SWAP,55763020.0,1757218551586
2025-09-07 04:15:51.572000+00:00,SAND-USDT-SWAP,19513690.0,1757218551572
2025-09-07 04:15:51.564000+00:00,SATS-USDT-SWAP,170683380000000.0,1757218551564
2025-09-07 04:15:52.012000+00:00,SCR-USDT-SWAP,3265831.0,1757218552012
2025-09-07 04:15:52.022000+00:00,SHELL-USDT-SWAP,5752830.0,1757218552022
2025-09-07 04:15:52.015000+00:00,SHIB-USDT-SWAP,1311813300000.0,1757218552015
2025-09-07 04:15:52.018000+00:00,SIGN-USDT-SWAP,45419000.0,1757218552018
2025-09-07 04:15:52.018000+00:00,SLP-USDT-SWAP,453337200.0,1757218552018
2025-09-07 04:15:52.030000+00:00,SNX-USDT-SWAP,2442752.0,1757218552030
2025-09-07 04:15:52.026000+00:00,SOL-USDT-SWAP,3419165.4700000016,1757218552026
2025-09-07 04:15:52.032000+00:00,SOLV-USDT-SWAP,50028200.0,1757218552032
2025-09-07 04:15:52.016000+00:00,SONIC-USDT-SWAP,7184351.0,1757218552016
2025-09-07 04:15:52.022000+00:00,SOON-USDT-SWAP,8598930.0,1757218552022
2025-09-07 04:15:52.465000+00:00,SOPH-USDT-SWAP,89838800.0,1757218552465
2025-09-07 04:15:52.462000+00:00,SPK-USDT-SWAP,138080100.0,1757218552462
2025-09-07 04:15:52.454000+00:00,SPX-USDT-SWAP,1147081.0,1757218552454
2025-09-07 04:15:52.468000+00:00,SSV-USDT-SWAP,302830.3,1757218552468
2025-09-07 04:15:52.457000+00:00,STORJ-USDT-SWAP,5565840.0,1757218552457
2025-09-07 04:15:52.470000+00:00,STRK-USDT-SWAP,25948818.0,1757218552470
2025-09-07 04:15:52.469000+00:00,STX-USDT-SWAP,6754147.000000001,1757218552469
2025-09-07 04:15:52.463000+00:00,SUI-USDT-SWAP,20862615.0,1757218552463
2025-09-07 04:15:52.469000+00:00,SUSHI-USDT-SWAP,8111676.0,1757218552469
2025-09-07 04:15:52.457000+00:00,SWARMS-USDT-SWAP,79439160.0,1757218552457
2025-09-07 04:15:52.898000+00:00,SYRUP-USDT-SWAP,3207340.0,1757218552898
2025-09-07 04:15:52.900000+00:00,T-USDT-SWAP,39358700.0,1757218552900
2025-09-07 04:15:52.906000+00:00,TAO-USDT-SWAP,15690.04,1757218552906
2025-09-07 04:15:52.894000+00:00,THETA-USDT-SWAP,2626925.0,1757218552894
2025-09-07 04:15:52.904000+00:00,TIA-USDT-SWAP,5251974.0,1757218552904
2025-09-07 04:15:52.899000+00:00,TNSR-USDT-SWAP,8392037.0,1757218552899
2025-09-07 04:15:52.908000+00:00,TON-USDT-SWAP,9736539.0,1757218552908
2025-09-07 04:15:52.932000+00:00,TRB-USDT-SWAP,283382.0,1757218552932
2025-09-07 04:15:52.896000+00:00,TREE-USDT-SWAP,7572382.0,1757218552896
2025-09-07 04:15:52.898000+00:00,TRUMP-USDT-SWAP,5480082.6,1757218552898
2025-09-07 04:15:53.349000+00:00,TRX-USDT-SWAP,107589690.00000004,1757218553349
2025-09-07 04:15:53.359000+00:00,TURBO-USDT-SWAP,817641000.0000002,1757218553359
2025-09-07 04:15:53.376000+00:00,UMA-USDT-SWAP,1501346.4,1757218553376
2025-09-07 04:15:53.353000+00:00,UNI-USDT-SWAP,3121315.0,1757218553353
2025-09-07 04:15:53.360000+00:00,USDC-USDT-SWAP,1023940.0,1757218553360
2025-09-07 04:15:53.364000+00:00,USELESS-USDT-SWAP,17511180.0,1757218553364
2025-09-07 04:15:53.371000+00:00,USTC-USDT-SWAP,146090000.0,1757218553371
2025-09-07 04:15:53.348000+00:00,UXLINK-USDT-SWAP,5556540.0,1757218553348
2025-09-07 04:15:53.378000+00:00,VANA-USDT-SWAP,133994.2,1757218553378
2025-09-07 04:15:53.352000+00:00,VINE-USDT-SWAP,103565950.0,1757218553352
2025-09-07 04:15:53.803000+00:00,VIRTUAL-USDT-SWAP,3278134.0,1757218553803
2025-09-07 04:15:53.799000+00:00,W-USDT-SWAP,48329985.0,1757218553799
2025-09-07 04:15:53.818000+00:00,WAL-USDT-SWAP,2148890.0,1757218553818
2025-09-07 04:15:53.824000+00:00,WAXP-USDT-SWAP,27654400.0,1757218553824
2025-09-07 04:15:53.800000+00:00,WCT-USDT-SWAP,10376660.0,1757218553800
2025-09-07 04:15:53.807000+00:00,WIF-USDT-SWAP,17645816.0,1757218553807
2025-09-07 04:15:53.823000+00:00,WLD-USDT-SWAP,35242778.0,1757218553823
2025-09-07 04:15:53.812000+00:00,WLFI-USDT-SWAP,309074650.0,1757218553812
2025-09-07 04:15:53.805000+00:00,WOO-USDT-SWAP,14844120.0,1757218553805
2025-09-07 04:15:53.805000+00:00,XAUT-USDT-SWAP,5963.405,1757218553805
2025-09-07 04:15:54.277000+00:00,XLM-USDT-SWAP,39123569.99999999,1757218554277
2025-09-07 04:15:54.320000+00:00,XPL-USDT-SWAP,6913160.0,1757218554320
2025-09-07 04:15:54.285000+00:00,XRP-USDT-SWAP,91601745.00000001,1757218554285
2025-09-07 04:15:54.286000+00:00,XTZ-USDT-SWAP,5699255.0,1757218554286
2025-09-07 04:15:54.380000+00:00,YFI-USDT-SWAP,368.4688,1757218554380
2025-09-07 04:15:54.286000+00:00,YGG-USDT-SWAP,27802039.0,1757218554286
2025-09-07 04:15:54.297000+00:00,ZENT-USDT-SWAP,169664900.0,1757218554297
2025-09-07 04:15:54.290000+00:00,ZEREBRO-USDT-SWAP,76387350.0,1757218554290
2025-09-07 04:15:54.290000+00:00,ZETA-USDT-SWAP,5577510.0,1757218554290
2025-09-07 04:15:54.279000+00:00,ZIL-USDT-SWAP,159981700.0,1757218554279
2025-09-07 04:15:54.789000+00:00,ZK-USDT-SWAP,50796640.0,1757218554789
2025-09-07 04:15:54.800000+00:00,ZRO-USDT-SWAP,2182766.0,1757218554800
2025-09-07 04:15:54.790000+00:00,ZRX-USDT-SWAP,8069440.0,1757218554790
