datetime_utc,symbol,oi_value,timestamp_ms
2025-09-12 00:00:00.127000+00:00,1INCH-USDT-SWAP,8082036.0,1757635200127
2025-09-12 00:00:00.140000+00:00,A-USDT-SWAP,10858880.0,1757635200140
2025-09-12 00:00:00.122000+00:00,AAVE-USDT-SWAP,133443.01000000004,1757635200122
2025-09-12 00:00:00.128000+00:00,ACE-USDT-SWAP,2617819.0,1757635200128
2025-09-12 00:00:00.126000+00:00,ACH-USDT-SWAP,84486600.0,1757635200126
2025-09-12 00:00:00.125000+00:00,ACT-USDT-SWAP,84518758.0,1757635200125
2025-09-12 00:00:00.120000+00:00,ADA-USDT-SWAP,84977660.00000001,1757635200120
2025-09-12 00:00:00.139000+00:00,AERO-USDT-SWAP,1873600.0,1757635200139
2025-09-12 00:00:00.141000+00:00,AEVO-USDT-SWAP,15597689.0,1757635200141
2025-09-12 00:00:00.148000+00:00,AGLD-USDT-SWAP,1910486.0,1757635200148
2025-09-12 00:00:00.597000+00:00,AI16Z-USDT-SWAP,51969274.0,1757635200597
2025-09-12 00:00:00.580000+00:00,AIXBT-USDT-SWAP,24615970.0,1757635200580
2025-09-12 00:00:00.591000+00:00,ALCH-USDT-SWAP,13295630.0,1757635200591
2025-09-12 00:00:00.591000+00:00,ALGO-USDT-SWAP,27164480.0,1757635200591
2025-09-12 00:00:00.577000+00:00,ANIME-USDT-SWAP,95846260.0,1757635200577
2025-09-12 00:00:00.595000+00:00,APE-USDT-SWAP,8560870.7,1757635200595
2025-09-12 00:00:00.710000+00:00,API3-USDT-SWAP,2716751.0,1757635200710
2025-09-12 00:00:00.589000+00:00,APT-USDT-SWAP,3537621.0,1757635200589
2025-09-12 00:00:00.610000+00:00,AR-USDT-SWAP,501490.2,1757635200610
2025-09-12 00:00:00.601000+00:00,ARB-USDT-SWAP,34781621.999999985,1757635200601
2025-09-12 00:00:01.157000+00:00,ARC-USDT-SWAP,65107830.0,1757635201157
2025-09-12 00:00:01.160000+00:00,ARKM-USDT-SWAP,4893441.0,1757635201160
2025-09-12 00:00:01.163000+00:00,ATH-USDT-SWAP,153431000.0,1757635201163
2025-09-12 00:00:01.171000+00:00,ATOM-USDT-SWAP,2044807.0,1757635201171
2025-09-12 00:00:01.158000+00:00,AUCTION-USDT-SWAP,223885.5,1757635201158
2025-09-12 00:00:01.154000+00:00,AVAAI-USDT-SWAP,79378200.0,1757635201154
2025-09-12 00:00:01.150000+00:00,AVAX-USDT-SWAP,2443737.5,1757635201150
2025-09-12 00:00:01.152000+00:00,AXS-USDT-SWAP,1160633.3,1757635201152
2025-09-12 00:00:01.169000+00:00,BABY-USDT-SWAP,37266690.0,1757635201169
2025-09-12 00:00:01.158000+00:00,BAND-USDT-SWAP,1496834.0,1757635201158
2025-09-12 00:00:01.629000+00:00,BAT-USDT-SWAP,5648600.0,1757635201629
2025-09-12 00:00:01.592000+00:00,BCH-USDT-SWAP,69217.54999999999,1757635201592
2025-09-12 00:00:01.608000+00:00,BERA-USDT-SWAP,2617952.1,1757635201608
2025-09-12 00:00:01.630000+00:00,BICO-USDT-SWAP,7908153.0,1757635201630
2025-09-12 00:00:01.625000+00:00,BIGTIME-USDT-SWAP,39923830.0,1757635201625
2025-09-12 00:00:01.608000+00:00,BIO-USDT-SWAP,62670145.0,1757635201608
2025-09-12 00:00:01.607000+00:00,BLUR-USDT-SWAP,25103570.0,1757635201607
2025-09-12 00:00:01.599000+00:00,BNB-USDT-SWAP,104614.9,1757635201599
2025-09-12 00:00:01.617000+00:00,BNT-USDT-SWAP,709200.0,1757635201617
2025-09-12 00:00:01.608000+00:00,BOME-USDT-SWAP,1275303000.0,1757635201608
2025-09-12 00:00:02.090000+00:00,BONK-USDT-SWAP,572763400000.0,1757635202090
2025-09-12 00:00:02.090000+00:00,BRETT-USDT-SWAP,11793300.0,1757635202090
2025-09-12 00:00:02.089000+00:00,BTC-USDT-SWAP,28091.0057000001,1757635202089
2025-09-12 00:00:02.099000+00:00,CAT-USDT-SWAP,140822200000.0,1757635202099
2025-09-12 00:00:02.095000+00:00,CATI-USDT-SWAP,15819578.0,1757635202095
2025-09-12 00:00:02.101000+00:00,CELO-USDT-SWAP,4462942.0,1757635202101
2025-09-12 00:00:02.110000+00:00,CETUS-USDT-SWAP,21277380.0,1757635202110
2025-09-12 00:00:02.122000+00:00,CFX-USDT-SWAP,77569070.0,1757635202122
2025-09-12 00:00:02.103000+00:00,CHZ-USDT-SWAP,78368400.0,1757635202103
2025-09-12 00:00:02.091000+00:00,COMP-USDT-SWAP,90761.1,1757635202091
2025-09-12 00:00:02.581000+00:00,COOKIE-USDT-SWAP,4524200.0,1757635202581
2025-09-12 00:00:02.572000+00:00,CORE-USDT-SWAP,9620389.0,1757635202572
2025-09-12 00:00:02.589000+00:00,CRO-USDT-SWAP,59479420.0,1757635202589
2025-09-12 00:00:02.586000+00:00,CRV-USDT-SWAP,24019398.0,1757635202586
2025-09-12 00:00:02.568000+00:00,CTC-USDT-SWAP,1765770.0,1757635202568
2025-09-12 00:00:02.572000+00:00,CVC-USDT-SWAP,9296400.0,1757635202572
2025-09-12 00:00:02.587000+00:00,CVX-USDT-SWAP,345750.0,1757635202587
2025-09-12 00:00:02.581000+00:00,DEGEN-USDT-SWAP,275018400.0,1757635202581
2025-09-12 00:00:02.584000+00:00,DGB-USDT-SWAP,44005000.0,1757635202584
2025-09-12 00:00:02.577000+00:00,DOG-USDT-SWAP,289076000.0,1757635202577
2025-09-12 00:00:03.032000+00:00,DOGE-USDT-SWAP,1664242649.9999988,1757635203032
2025-09-12 00:00:03.034000+00:00,DOGS-USDT-SWAP,16261726000.0,1757635203034
2025-09-12 00:00:03.039000+00:00,DOOD-USDT-SWAP,155529000.0,1757635203039
2025-09-12 00:00:03.065000+00:00,DOT-USDT-SWAP,6051161.0,1757635203065
2025-09-12 00:00:03.029000+00:00,DUCK-USDT-SWAP,674747600.0,1757635203029
2025-09-12 00:00:03.042000+00:00,DYDX-USDT-SWAP,10419316.0,1757635203042
2025-09-12 00:00:03.035000+00:00,EGLD-USDT-SWAP,109508.9,1757635203035
2025-09-12 00:00:03.034000+00:00,EIGEN-USDT-SWAP,3813388.0,1757635203034
2025-09-12 00:00:03.048000+00:00,ENJ-USDT-SWAP,13753800.0,1757635203048
2025-09-12 00:00:03.039000+00:00,ENS-USDT-SWAP,337164.5,1757635203039
2025-09-12 00:00:03.538000+00:00,ETC-USDT-SWAP,1076966.2000000004,1757635203538
2025-09-12 00:00:03.502000+00:00,ETH-USDT-SWAP,744850.5530000022,1757635203502
2025-09-12 00:00:03.523000+00:00,ETHFI-USDT-SWAP,9717908.0,1757635203523
2025-09-12 00:00:03.529000+00:00,ETHW-USDT-SWAP,1202996.9,1757635203529
2025-09-12 00:00:03.495000+00:00,FARTCOIN-USDT-SWAP,21366078.0,1757635203495
2025-09-12 00:00:03.508000+00:00,FIL-USDT-SWAP,14453953.6,1757635203508
2025-09-12 00:00:03.504000+00:00,FLM-USDT-SWAP,28742590.0,1757635203504
2025-09-12 00:00:03.564000+00:00,FLOKI-USDT-SWAP,39020300000.0,1757635203564
2025-09-12 00:00:03.515000+00:00,FLOW-USDT-SWAP,4972630.0,1757635203515
2025-09-12 00:00:03.517000+00:00,FXS-USDT-SWAP,399328.0,1757635203517
2025-09-12 00:00:04.003000+00:00,GALA-USDT-SWAP,442248960.0,1757635204003
2025-09-12 00:00:04.001000+00:00,GAS-USDT-SWAP,385258.0,1757635204001
2025-09-12 00:00:04.023000+00:00,GLM-USDT-SWAP,2921630.0,1757635204023
2025-09-12 00:00:04.044000+00:00,GMT-USDT-SWAP,43386068.0,1757635204044
2025-09-12 00:00:04.002000+00:00,GMX-USDT-SWAP,65475.6,1757635204002
2025-09-12 00:00:04.001000+00:00,GOAT-USDT-SWAP,27845430.0,1757635204001
2025-09-12 00:00:04.003000+00:00,GODS-USDT-SWAP,6981187.0,1757635204003
2025-09-12 00:00:04.010000+00:00,GPS-USDT-SWAP,156111720.0,1757635204010
2025-09-12 00:00:03.997000+00:00,GRASS-USDT-SWAP,3055569.0,1757635203997
2025-09-12 00:00:04.014000+00:00,GRIFFAIN-USDT-SWAP,25288090.0,1757635204014
2025-09-12 00:00:04.497000+00:00,GRT-USDT-SWAP,24567890.0,1757635204497
2025-09-12 00:00:04.491000+00:00,H-USDT-SWAP,56364000.0,1757635204491
2025-09-12 00:00:04.489000+00:00,HBAR-USDT-SWAP,76042940.0,1757635204489
2025-09-12 00:00:04.504000+00:00,HMSTR-USDT-SWAP,1163861700.0,1757635204504
2025-09-12 00:00:04.481000+00:00,HOME-USDT-SWAP,21510500.0,1757635204481
2025-09-12 00:00:04.491000+00:00,HUMA-USDT-SWAP,75443200.0,1757635204491
2025-09-12 00:00:04.496000+00:00,HYPE-USDT-SWAP,1073659.5,1757635204496
2025-09-12 00:00:04.495000+00:00,ICP-USDT-SWAP,1353649.06,1757635204495
2025-09-12 00:00:04.493000+00:00,ICX-USDT-SWAP,5581870.0,1757635204493
2025-09-12 00:00:04.502000+00:00,IMX-USDT-SWAP,6652356.0,1757635204502
2025-09-12 00:00:04.960000+00:00,INIT-USDT-SWAP,3671930.0,1757635204960
2025-09-12 00:00:04.936000+00:00,INJ-USDT-SWAP,875402.6,1757635204936
2025-09-12 00:00:04.954000+00:00,IOST-USDT-SWAP,289837000.0,1757635204954
2025-09-12 00:00:04.940000+00:00,IOTA-USDT-SWAP,15693240.0,1757635204940
2025-09-12 00:00:04.949000+00:00,IP-USDT-SWAP,2411094.0,1757635204949
2025-09-12 00:00:04.943000+00:00,JELLYJELLY-USDT-SWAP,187541100.0,1757635204943
2025-09-12 00:00:04.944000+00:00,JOE-USDT-SWAP,6170620.0,1757635204944
2025-09-12 00:00:04.946000+00:00,JTO-USDT-SWAP,3201579.0,1757635204946
2025-09-12 00:00:04.945000+00:00,JUP-USDT-SWAP,15911850.0,1757635204945
2025-09-12 00:00:05.392000+00:00,KAITO-USDT-SWAP,6136212.0,1757635205392
2025-09-12 00:00:05.389000+00:00,KMNO-USDT-SWAP,52085500.0,1757635205389
2025-09-12 00:00:05.401000+00:00,KSM-USDT-SWAP,133034.3,1757635205401
2025-09-12 00:00:05.396000+00:00,LA-USDT-SWAP,3049590.0,1757635205396
2025-09-12 00:00:05.403000+00:00,LAUNCHCOIN-USDT-SWAP,54304630.0,1757635205403
2025-09-12 00:00:05.398000+00:00,LAYER-USDT-SWAP,7213988.0,1757635205398
2025-09-12 00:00:05.390000+00:00,LDO-USDT-SWAP,15411910.0,1757635205390
2025-09-12 00:00:05.403000+00:00,LINK-USDT-SWAP,2571383.3,1757635205403
2025-09-12 00:00:05.384000+00:00,LPT-USDT-SWAP,740665.8,1757635205384
2025-09-12 00:00:05.399000+00:00,LQTY-USDT-SWAP,1521322.0,1757635205399
2025-09-12 00:00:05.848000+00:00,LRC-USDT-SWAP,18846400.0,1757635205848
2025-09-12 00:00:05.842000+00:00,LTC-USDT-SWAP,706002.6,1757635205842
2025-09-12 00:00:05.849000+00:00,LUNA-USDT-SWAP,15244397.0,1757635205849
2025-09-12 00:00:05.839000+00:00,LUNC-USDT-SWAP,30602390000.0,1757635205839
2025-09-12 00:00:05.836000+00:00,MAGIC-USDT-SWAP,20289131.0,1757635205836
2025-09-12 00:00:05.842000+00:00,MAJOR-USDT-SWAP,4670298.0,1757635205842
2025-09-12 00:00:05.833000+00:00,MANA-USDT-SWAP,10281150.0,1757635205833
2025-09-12 00:00:05.836000+00:00,MASK-USDT-SWAP,3069062.0,1757635205836
2025-09-12 00:00:05.845000+00:00,ME-USDT-SWAP,3589057.0,1757635205845
2025-09-12 00:00:05.845000+00:00,MEME-USDT-SWAP,1824346600.0,1757635205845
2025-09-12 00:00:06.295000+00:00,MERL-USDT-SWAP,46232097.0,1757635206295
2025-09-12 00:00:06.291000+00:00,METIS-USDT-SWAP,102386.7,1757635206291
2025-09-12 00:00:06.300000+00:00,MEW-USDT-SWAP,1042939000.0,1757635206300
2025-09-12 00:00:06.333000+00:00,MINA-USDT-SWAP,7970790.0,1757635206333
2025-09-12 00:00:06.313000+00:00,MOG-USDT-SWAP,649040000000.0,1757635206313
2025-09-12 00:00:06.287000+00:00,MOODENG-USDT-SWAP,44231260.0,1757635206287
2025-09-12 00:00:06.295000+00:00,MORPHO-USDT-SWAP,1623379.0,1757635206295
2025-09-12 00:00:06.299000+00:00,MOVE-USDT-SWAP,27519380.0,1757635206299
2025-09-12 00:00:06.302000+00:00,MUBARAK-USDT-SWAP,12500300.0,1757635206302
2025-09-12 00:00:06.782000+00:00,NEAR-USDT-SWAP,5218807.0,1757635206782
2025-09-12 00:00:06.779000+00:00,NEIRO-USDT-SWAP,9231123000.0,1757635206779
2025-09-12 00:00:06.791000+00:00,NEIROETH-USDT-SWAP,12431500.0,1757635206791
2025-09-12 00:00:06.782000+00:00,NEO-USDT-SWAP,366978.0,1757635206782
2025-09-12 00:00:06.776000+00:00,NEWT-USDT-SWAP,3254660.0,1757635206776
2025-09-12 00:00:06.783000+00:00,NMR-USDT-SWAP,525698.2,1757635206783
2025-09-12 00:00:06.779000+00:00,NOT-USDT-SWAP,1650934200.0,1757635206779
2025-09-12 00:00:06.775000+00:00,NXPC-USDT-SWAP,1130475.0,1757635206775
2025-09-12 00:00:06.788000+00:00,OL-USDT-SWAP,88990310.0,1757635206788
2025-09-12 00:00:06.785000+00:00,OM-USDT-SWAP,24401251.0,1757635206785
2025-09-12 00:00:07.234000+00:00,ONDO-USDT-SWAP,24625530.0,1757635207234
2025-09-12 00:00:07.258000+00:00,ONE-USDT-SWAP,84053800.0,1757635207258
2025-09-12 00:00:07.246000+00:00,ONT-USDT-SWAP,10318910.0,1757635207246
2025-09-12 00:00:07.247000+00:00,OP-USDT-SWAP,24239236.0,1757635207247
2025-09-12 00:00:07.239000+00:00,ORBS-USDT-SWAP,29619800.0,1757635207239
2025-09-12 00:00:07.249000+00:00,ORDI-USDT-SWAP,1332399.3,1757635207249
2025-09-12 00:00:07.241000+00:00,PARTI-USDT-SWAP,14605890.0,1757635207241
2025-09-12 00:00:07.254000+00:00,PENGU-USDT-SWAP,678512000.0,1757635207254
2025-09-12 00:00:07.232000+00:00,PEOPLE-USDT-SWAP,340999900.0,1757635207232
2025-09-12 00:00:07.245000+00:00,PEPE-USDT-SWAP,8250522000000.0,1757635207245
2025-09-12 00:00:07.710000+00:00,PERP-USDT-SWAP,3134549.0,1757635207710
2025-09-12 00:00:07.694000+00:00,PI-USDT-SWAP,31732641.0,1757635207694
2025-09-12 00:00:07.712000+00:00,PLUME-USDT-SWAP,19562790.0,1757635207712
2025-09-12 00:00:07.701000+00:00,PNUT-USDT-SWAP,37394180.0,1757635207701
2025-09-12 00:00:07.688000+00:00,POL-USDT-SWAP,37366560.0,1757635207688
2025-09-12 00:00:07.702000+00:00,POPCAT-USDT-SWAP,9985110.0,1757635207702
2025-09-12 00:00:07.708000+00:00,PRCL-USDT-SWAP,18535315.0,1757635207708
2025-09-12 00:00:07.700000+00:00,PROMPT-USDT-SWAP,36877480.0,1757635207700
2025-09-12 00:00:07.705000+00:00,PUMP-USDT-SWAP,6934969000.0,1757635207705
2025-09-12 00:00:07.730000+00:00,PYTH-USDT-SWAP,46200980.0,1757635207730
2025-09-12 00:00:08.171000+00:00,QTUM-USDT-SWAP,1271008.0,1757635208171
2025-09-12 00:00:08.264000+00:00,RAY-USDT-SWAP,1002951.0,1757635208264
2025-09-12 00:00:08.162000+00:00,RENDER-USDT-SWAP,1382469.0,1757635208162
2025-09-12 00:00:08.171000+00:00,RESOLV-USDT-SWAP,24080910.0,1757635208171
2025-09-12 00:00:08.167000+00:00,RSR-USDT-SWAP,258228400.0,1757635208167
2025-09-12 00:00:08.166000+00:00,RVN-USDT-SWAP,70668760.0,1757635208166
2025-09-12 00:00:08.161000+00:00,S-USDT-SWAP,11227210.0,1757635208161
2025-09-12 00:00:08.190000+00:00,SAHARA-USDT-SWAP,56117910.0,1757635208190
2025-09-12 00:00:08.161000+00:00,SAND-USDT-SWAP,18795530.0,1757635208161
2025-09-12 00:00:08.165000+00:00,SATS-USDT-SWAP,220651920000000.0,1757635208165
2025-09-12 00:00:08.704000+00:00,SCR-USDT-SWAP,2848262.0,1757635208704
2025-09-12 00:00:08.698000+00:00,SHELL-USDT-SWAP,5818970.0,1757635208698
2025-09-12 00:00:08.723000+00:00,SHIB-USDT-SWAP,1751967299999.9998,1757635208723
2025-09-12 00:00:08.719000+00:00,SIGN-USDT-SWAP,45343800.0,1757635208719
2025-09-12 00:00:08.693000+00:00,SLP-USDT-SWAP,408488020.0,1757635208693
2025-09-12 00:00:08.701000+00:00,SNX-USDT-SWAP,2448034.0,1757635208701
2025-09-12 00:00:08.700000+00:00,SOL-USDT-SWAP,3778022.8000000003,1757635208700
2025-09-12 00:00:08.707000+00:00,SOLV-USDT-SWAP,67734400.0,1757635208707
2025-09-12 00:00:08.696000+00:00,SONIC-USDT-SWAP,7944053.0,1757635208696
2025-09-12 00:00:08.716000+00:00,SOON-USDT-SWAP,8722250.0,1757635208716
2025-09-12 00:00:09.177000+00:00,SOPH-USDT-SWAP,79607700.0,1757635209177
2025-09-12 00:00:09.166000+00:00,SPK-USDT-SWAP,116886600.0,1757635209166
2025-09-12 00:00:09.189000+00:00,SPX-USDT-SWAP,999517.0,1757635209189
2025-09-12 00:00:09.187000+00:00,SSV-USDT-SWAP,282447.2,1757635209187
2025-09-12 00:00:09.168000+00:00,STORJ-USDT-SWAP,5525030.0,1757635209168
2025-09-12 00:00:09.171000+00:00,STRK-USDT-SWAP,23048648.0,1757635209171
2025-09-12 00:00:09.170000+00:00,STX-USDT-SWAP,7265884.0,1757635209170
2025-09-12 00:00:09.169000+00:00,SUI-USDT-SWAP,20107463.0,1757635209169
2025-09-12 00:00:09.173000+00:00,SUSHI-USDT-SWAP,8080268.0,1757635209173
2025-09-12 00:00:09.170000+00:00,SWARMS-USDT-SWAP,86164880.0,1757635209170
2025-09-12 00:00:09.650000+00:00,SYRUP-USDT-SWAP,2980940.0,1757635209650
2025-09-12 00:00:09.638000+00:00,T-USDT-SWAP,44686300.0,1757635209638
2025-09-12 00:00:09.648000+00:00,TAO-USDT-SWAP,13763.0,1757635209648
2025-09-12 00:00:09.637000+00:00,THETA-USDT-SWAP,2906749.0000000005,1757635209637
2025-09-12 00:00:09.640000+00:00,TIA-USDT-SWAP,5180341.0,1757635209640
2025-09-12 00:00:09.645000+00:00,TNSR-USDT-SWAP,8367811.0,1757635209645
2025-09-12 00:00:09.635000+00:00,TON-USDT-SWAP,8696586.0,1757635209635
2025-09-12 00:00:09.633000+00:00,TRB-USDT-SWAP,258805.8,1757635209633
2025-09-12 00:00:09.637000+00:00,TREE-USDT-SWAP,6788892.0,1757635209637
2025-09-12 00:00:09.639000+00:00,TRUMP-USDT-SWAP,5127088.8,1757635209639
2025-09-12 00:00:10.086000+00:00,TRX-USDT-SWAP,91793910.00000006,1757635210086
2025-09-12 00:00:10.093000+00:00,TURBO-USDT-SWAP,946124000.0000001,1757635210093
2025-09-12 00:00:10.095000+00:00,UMA-USDT-SWAP,1475683.9,1757635210095
2025-09-12 00:00:10.095000+00:00,UNI-USDT-SWAP,3258555.0,1757635210095
2025-09-12 00:00:10.094000+00:00,USDC-USDT-SWAP,1038090.0,1757635210094
2025-09-12 00:00:10.097000+00:00,USELESS-USDT-SWAP,11876660.0,1757635210097
2025-09-12 00:00:10.097000+00:00,USTC-USDT-SWAP,110580400.0,1757635210097
2025-09-12 00:00:10.113000+00:00,UXLINK-USDT-SWAP,5141010.0,1757635210113
2025-09-12 00:00:10.098000+00:00,VANA-USDT-SWAP,146322.9,1757635210098
2025-09-12 00:00:10.118000+00:00,VINE-USDT-SWAP,100129750.0,1757635210118
2025-09-12 00:00:10.552000+00:00,VIRTUAL-USDT-SWAP,3636505.0,1757635210552
2025-09-12 00:00:10.560000+00:00,W-USDT-SWAP,57367798.0,1757635210560
2025-09-12 00:00:10.574000+00:00,WAL-USDT-SWAP,2461210.0,1757635210574
2025-09-12 00:00:10.575000+00:00,WAXP-USDT-SWAP,23671200.0,1757635210575
2025-09-12 00:00:10.564000+00:00,WCT-USDT-SWAP,9758630.0,1757635210564
2025-09-12 00:00:10.569000+00:00,WIF-USDT-SWAP,16447943.0,1757635210569
2025-09-12 00:00:10.563000+00:00,WLD-USDT-SWAP,36812408.0,1757635210563
2025-09-12 00:00:10.573000+00:00,WLFI-USDT-SWAP,275580900.0,1757635210573
2025-09-12 00:00:10.566000+00:00,WOO-USDT-SWAP,21882130.0,1757635210566
2025-09-12 00:00:10.568000+00:00,XAUT-USDT-SWAP,5136.999,1757635210568
2025-09-12 00:00:11.023000+00:00,XLM-USDT-SWAP,47343160.0,1757635211023
2025-09-12 00:00:11.022000+00:00,XPL-USDT-SWAP,7079200.0,1757635211022
2025-09-12 00:00:11.041000+00:00,XRP-USDT-SWAP,87721414.99999997,1757635211041
2025-09-12 00:00:11.032000+00:00,XTZ-USDT-SWAP,4882460.0,1757635211032
2025-09-12 00:00:11.027000+00:00,YFI-USDT-SWAP,373.6949,1757635211027
2025-09-12 00:00:11.018000+00:00,YGG-USDT-SWAP,38739094.0,1757635211018
2025-09-12 00:00:11.038000+00:00,ZENT-USDT-SWAP,166635000.0,1757635211038
2025-09-12 00:00:11.035000+00:00,ZEREBRO-USDT-SWAP,54324120.0,1757635211035
2025-09-12 00:00:11.024000+00:00,ZETA-USDT-SWAP,5566800.0,1757635211024
2025-09-12 00:00:11.024000+00:00,ZIL-USDT-SWAP,174285600.0,1757635211024
2025-09-12 00:00:11.514000+00:00,ZK-USDT-SWAP,47619870.0,1757635211514
2025-09-12 00:00:11.488000+00:00,ZRO-USDT-SWAP,1765519.0,1757635211488
2025-09-12 00:00:11.480000+00:00,ZRX-USDT-SWAP,7720800.0,1757635211480
2025-09-12 01:48:00.405000+00:00,1INCH-USDT-SWAP,8163334.0,1757641680405
2025-09-12 01:48:00.393000+00:00,A-USDT-SWAP,11205350.0,1757641680393
2025-09-12 01:48:00.416000+00:00,AAVE-USDT-SWAP,132644.46000000002,1757641680416
2025-09-12 01:48:00.439000+00:00,ACE-USDT-SWAP,2824662.0,1757641680439
2025-09-12 01:48:00.389000+00:00,ACH-USDT-SWAP,87776000.0,1757641680389
2025-09-12 01:48:00.397000+00:00,ACT-USDT-SWAP,81940311.0,1757641680397
2025-09-12 01:48:00.389000+00:00,ADA-USDT-SWAP,85526320.00000001,1757641680389
2025-09-12 01:48:00.387000+00:00,AERO-USDT-SWAP,1917780.0,1757641680387
2025-09-12 01:48:00.416000+00:00,AEVO-USDT-SWAP,15194651.0,1757641680416
2025-09-12 01:48:00.439000+00:00,AGLD-USDT-SWAP,1911610.0,1757641680439
2025-09-12 01:48:00.839000+00:00,AI16Z-USDT-SWAP,50952746.0,1757641680839
2025-09-12 01:48:00.827000+00:00,AIXBT-USDT-SWAP,25092300.0,1757641680827
2025-09-12 01:48:00.828000+00:00,ALCH-USDT-SWAP,13565470.0,1757641680828
2025-09-12 01:48:00.831000+00:00,ALGO-USDT-SWAP,27141070.0,1757641680831
2025-09-12 01:48:00.833000+00:00,ANIME-USDT-SWAP,95592820.0,1757641680833
2025-09-12 01:48:00.830000+00:00,APE-USDT-SWAP,8614315.8,1757641680830
2025-09-12 01:48:00.834000+00:00,API3-USDT-SWAP,2680616.0,1757641680834
2025-09-12 01:48:00.826000+00:00,APT-USDT-SWAP,3565391.0,1757641680826
2025-09-12 01:48:00.857000+00:00,AR-USDT-SWAP,491311.2,1757641680857
2025-09-12 01:48:00.856000+00:00,ARB-USDT-SWAP,34761249.999999985,1757641680856
2025-09-12 01:48:01.264000+00:00,ARC-USDT-SWAP,73019410.0,1757641681264
2025-09-12 01:48:01.267000+00:00,ARKM-USDT-SWAP,4976553.0,1757641681267
2025-09-12 01:48:01.267000+00:00,ATH-USDT-SWAP,157580300.0,1757641681267
2025-09-12 01:48:01.270000+00:00,ATOM-USDT-SWAP,2068160.0,1757641681270
2025-09-12 01:48:01.276000+00:00,AUCTION-USDT-SWAP,219896.8,1757641681276
2025-09-12 01:48:01.268000+00:00,AVAAI-USDT-SWAP,78996040.0,1757641681268
2025-09-12 01:48:01.257000+00:00,AVAX-USDT-SWAP,2407966.4999999995,1757641681257
2025-09-12 01:48:01.280000+00:00,AXS-USDT-SWAP,1168067.0,1757641681280
2025-09-12 01:48:01.278000+00:00,BABY-USDT-SWAP,36959380.0,1757641681278
2025-09-12 01:48:01.276000+00:00,BAND-USDT-SWAP,1498595.0,1757641681276
2025-09-12 01:48:01.677000+00:00,BAT-USDT-SWAP,5675330.0,1757641681677
2025-09-12 01:48:01.668000+00:00,BCH-USDT-SWAP,70196.38999999997,1757641681668
2025-09-12 01:48:01.675000+00:00,BERA-USDT-SWAP,2551978.2,1757641681675
2025-09-12 01:48:01.676000+00:00,BICO-USDT-SWAP,7915118.0,1757641681676
2025-09-12 01:48:01.679000+00:00,BIGTIME-USDT-SWAP,40251330.0,1757641681679
2025-09-12 01:48:01.687000+00:00,BIO-USDT-SWAP,63097167.0,1757641681687
2025-09-12 01:48:01.678000+00:00,BLUR-USDT-SWAP,25244690.0,1757641681678
2025-09-12 01:48:01.690000+00:00,BNB-USDT-SWAP,104927.7,1757641681690
2025-09-12 01:48:01.679000+00:00,BNT-USDT-SWAP,710750.0,1757641681679
2025-09-12 01:48:01.688000+00:00,BOME-USDT-SWAP,1300069000.0,1757641681688
2025-09-12 01:48:02.099000+00:00,BONK-USDT-SWAP,571234500000.0,1757641682099
2025-09-12 01:48:02.078000+00:00,BRETT-USDT-SWAP,11838800.0,1757641682078
2025-09-12 01:48:02.094000+00:00,BTC-USDT-SWAP,28421.79540000006,1757641682094
2025-09-12 01:48:02.082000+00:00,CAT-USDT-SWAP,137755800000.0,1757641682082
2025-09-12 01:48:02.081000+00:00,CATI-USDT-SWAP,15454985.0,1757641682081
2025-09-12 01:48:02.206000+00:00,CELO-USDT-SWAP,4521675.0,1757641682206
2025-09-12 01:48:02.080000+00:00,CETUS-USDT-SWAP,21828380.0,1757641682080
2025-09-12 01:48:02.094000+00:00,CFX-USDT-SWAP,79339720.0,1757641682094
2025-09-12 01:48:02.102000+00:00,CHZ-USDT-SWAP,79402160.0,1757641682102
2025-09-12 01:48:02.093000+00:00,COMP-USDT-SWAP,90473.9,1757641682093
2025-09-12 01:48:02.597000+00:00,COOKIE-USDT-SWAP,4478130.0,1757641682597
2025-09-12 01:48:02.586000+00:00,CORE-USDT-SWAP,9637840.0,1757641682586
2025-09-12 01:48:02.612000+00:00,CRO-USDT-SWAP,59011230.0,1757641682612
2025-09-12 01:48:02.588000+00:00,CRV-USDT-SWAP,23164607.0,1757641682588
2025-09-12 01:48:02.596000+00:00,CTC-USDT-SWAP,1763570.0,1757641682596
2025-09-12 01:48:02.597000+00:00,CVC-USDT-SWAP,9276800.0,1757641682597
2025-09-12 01:48:02.593000+00:00,CVX-USDT-SWAP,344832.0,1757641682593
2025-09-12 01:48:02.599000+00:00,DEGEN-USDT-SWAP,321064100.0,1757641682599
2025-09-12 01:48:02.610000+00:00,DGB-USDT-SWAP,44693300.0,1757641682610
2025-09-12 01:48:02.600000+00:00,DOG-USDT-SWAP,282439000.0,1757641682600
2025-09-12 01:48:03.007000+00:00,DOGE-USDT-SWAP,1657119119.9999993,1757641683007
2025-09-12 01:48:03.006000+00:00,DOGS-USDT-SWAP,16311397000.0,1757641683006
2025-09-12 01:48:03.011000+00:00,DOOD-USDT-SWAP,154843000.0,1757641683011
2025-09-12 01:48:03.012000+00:00,DOT-USDT-SWAP,6052895.0,1757641683012
2025-09-12 01:48:03.017000+00:00,DUCK-USDT-SWAP,675106700.0,1757641683017
2025-09-12 01:48:03.018000+00:00,DYDX-USDT-SWAP,10460957.0,1757641683018
2025-09-12 01:48:03.005000+00:00,EGLD-USDT-SWAP,110904.2,1757641683005
2025-09-12 01:48:03.009000+00:00,EIGEN-USDT-SWAP,3784294.0,1757641683009
2025-09-12 01:48:03.007000+00:00,ENJ-USDT-SWAP,13646540.0,1757641683007
2025-09-12 01:48:03.017000+00:00,ENS-USDT-SWAP,335473.1,1757641683017
2025-09-12 01:48:03.421000+00:00,ETC-USDT-SWAP,1094603.8,1757641683421
2025-09-12 01:48:03.425000+00:00,ETH-USDT-SWAP,752634.7830000024,1757641683425
2025-09-12 01:48:03.428000+00:00,ETHFI-USDT-SWAP,9802156.0,1757641683428
2025-09-12 01:48:03.425000+00:00,ETHW-USDT-SWAP,1192056.2,1757641683425
2025-09-12 01:48:03.423000+00:00,FARTCOIN-USDT-SWAP,21231831.0,1757641683423
2025-09-12 01:48:03.451000+00:00,FIL-USDT-SWAP,14516845.6,1757641683451
2025-09-12 01:48:03.440000+00:00,FLM-USDT-SWAP,28553450.0,1757641683440
2025-09-12 01:48:03.433000+00:00,FLOKI-USDT-SWAP,39248700000.0,1757641683433
2025-09-12 01:48:03.437000+00:00,FLOW-USDT-SWAP,4972790.0,1757641683437
2025-09-12 01:48:03.436000+00:00,FXS-USDT-SWAP,398439.0,1757641683436
2025-09-12 01:48:03.829000+00:00,GALA-USDT-SWAP,448289500.0,1757641683829
2025-09-12 01:48:03.832000+00:00,GAS-USDT-SWAP,388121.0,1757641683832
2025-09-12 01:48:03.850000+00:00,GLM-USDT-SWAP,2988420.0,1757641683850
2025-09-12 01:48:03.844000+00:00,GMT-USDT-SWAP,43896661.0,1757641683844
2025-09-12 01:48:03.949000+00:00,GMX-USDT-SWAP,65328.5,1757641683949
2025-09-12 01:48:03.874000+00:00,GOAT-USDT-SWAP,28198870.0,1757641683874
2025-09-12 01:48:03.856000+00:00,GODS-USDT-SWAP,6891989.0,1757641683856
2025-09-12 01:48:03.836000+00:00,GPS-USDT-SWAP,159362730.0,1757641683836
2025-09-12 01:48:03.842000+00:00,GRASS-USDT-SWAP,3058771.0,1757641683842
2025-09-12 01:48:03.841000+00:00,GRIFFAIN-USDT-SWAP,24907640.0,1757641683841
2025-09-12 01:48:04.332000+00:00,GRT-USDT-SWAP,24689470.0,1757641684332
2025-09-12 01:48:04.340000+00:00,H-USDT-SWAP,55445900.0,1757641684340
2025-09-12 01:48:04.342000+00:00,HBAR-USDT-SWAP,76481870.00000001,1757641684342
2025-09-12 01:48:04.340000+00:00,HMSTR-USDT-SWAP,1160608000.0,1757641684340
2025-09-12 01:48:04.345000+00:00,HOME-USDT-SWAP,21182900.0,1757641684345
2025-09-12 01:48:04.352000+00:00,HUMA-USDT-SWAP,75033200.0,1757641684352
2025-09-12 01:48:04.343000+00:00,HYPE-USDT-SWAP,1072027.1,1757641684343
2025-09-12 01:48:04.341000+00:00,ICP-USDT-SWAP,1394882.75,1757641684341
2025-09-12 01:48:04.342000+00:00,ICX-USDT-SWAP,5536890.0,1757641684342
2025-09-12 01:48:04.340000+00:00,IMX-USDT-SWAP,6697770.0,1757641684340
2025-09-12 01:48:04.766000+00:00,INIT-USDT-SWAP,3663150.0,1757641684766
2025-09-12 01:48:04.764000+00:00,INJ-USDT-SWAP,872321.1,1757641684764
2025-09-12 01:48:04.773000+00:00,IOST-USDT-SWAP,289870000.0,1757641684773
2025-09-12 01:48:04.766000+00:00,IOTA-USDT-SWAP,16060200.0,1757641684766
2025-09-12 01:48:04.769000+00:00,IP-USDT-SWAP,2450641.0,1757641684769
2025-09-12 01:48:04.801000+00:00,JELLYJELLY-USDT-SWAP,189905000.0,1757641684801
2025-09-12 01:48:04.776000+00:00,JOE-USDT-SWAP,6251660.0,1757641684776
2025-09-12 01:48:04.761000+00:00,JTO-USDT-SWAP,3195288.0,1757641684761
2025-09-12 01:48:04.768000+00:00,JUP-USDT-SWAP,15975590.0,1757641684768
2025-09-12 01:48:05.207000+00:00,KAITO-USDT-SWAP,5708993.0,1757641685207
2025-09-12 01:48:05.200000+00:00,KMNO-USDT-SWAP,49204000.0,1757641685200
2025-09-12 01:48:05.215000+00:00,KSM-USDT-SWAP,133290.1,1757641685215
2025-09-12 01:48:05.207000+00:00,LA-USDT-SWAP,2995760.0,1757641685207
2025-09-12 01:48:05.213000+00:00,LAUNCHCOIN-USDT-SWAP,51594080.0,1757641685213
2025-09-12 01:48:05.211000+00:00,LAYER-USDT-SWAP,7206238.0,1757641685211
2025-09-12 01:48:05.216000+00:00,LDO-USDT-SWAP,15265910.0,1757641685216
2025-09-12 01:48:05.209000+00:00,LINK-USDT-SWAP,2588900.3,1757641685209
2025-09-12 01:48:05.238000+00:00,LPT-USDT-SWAP,744638.3,1757641685238
2025-09-12 01:48:05.224000+00:00,LQTY-USDT-SWAP,1531852.0,1757641685224
2025-09-12 01:48:05.628000+00:00,LRC-USDT-SWAP,18440510.0,1757641685628
2025-09-12 01:48:05.625000+00:00,LTC-USDT-SWAP,698162.7,1757641685625
2025-09-12 01:48:05.624000+00:00,LUNA-USDT-SWAP,15165253.0,1757641685624
2025-09-12 01:48:05.625000+00:00,LUNC-USDT-SWAP,30786170000.0,1757641685625
2025-09-12 01:48:05.638000+00:00,MAGIC-USDT-SWAP,19864090.0,1757641685638
2025-09-12 01:48:05.633000+00:00,MAJOR-USDT-SWAP,4674881.0,1757641685633
2025-09-12 01:48:05.619000+00:00,MANA-USDT-SWAP,10224360.0,1757641685619
2025-09-12 01:48:05.637000+00:00,MASK-USDT-SWAP,3057101.0,1757641685637
2025-09-12 01:48:05.638000+00:00,ME-USDT-SWAP,3593393.0,1757641685638
2025-09-12 01:48:05.634000+00:00,MEME-USDT-SWAP,1828085300.0,1757641685634
2025-09-12 01:48:06.064000+00:00,MERL-USDT-SWAP,46001748.0,1757641686064
2025-09-12 01:48:06.037000+00:00,METIS-USDT-SWAP,104069.9,1757641686037
2025-09-12 01:48:06.039000+00:00,MEW-USDT-SWAP,1036423000.0,1757641686039
2025-09-12 01:48:06.043000+00:00,MINA-USDT-SWAP,8018386.0,1757641686043
2025-09-12 01:48:06.047000+00:00,MOG-USDT-SWAP,634479000000.0,1757641686047
2025-09-12 01:48:06.037000+00:00,MOODENG-USDT-SWAP,44626700.0,1757641686037
2025-09-12 01:48:06.031000+00:00,MORPHO-USDT-SWAP,1607009.0,1757641686031
2025-09-12 01:48:06.035000+00:00,MOVE-USDT-SWAP,27414230.0,1757641686035
2025-09-12 01:48:06.049000+00:00,MUBARAK-USDT-SWAP,12588400.0,1757641686049
2025-09-12 01:48:06.530000+00:00,NEAR-USDT-SWAP,5219779.0,1757641686530
2025-09-12 01:48:06.624000+00:00,NEIRO-USDT-SWAP,9012325000.0,1757641686624
2025-09-12 01:48:06.528000+00:00,NEIROETH-USDT-SWAP,12078400.0,1757641686528
2025-09-12 01:48:06.534000+00:00,NEO-USDT-SWAP,363221.0,1757641686534
2025-09-12 01:48:06.541000+00:00,NEWT-USDT-SWAP,3129160.0,1757641686541
2025-09-12 01:48:06.581000+00:00,NMR-USDT-SWAP,523917.8,1757641686581
2025-09-12 01:48:06.527000+00:00,NOT-USDT-SWAP,1665986500.0,1757641686527
2025-09-12 01:48:06.630000+00:00,NXPC-USDT-SWAP,1117350.0,1757641686630
2025-09-12 01:48:06.530000+00:00,OL-USDT-SWAP,89104080.0,1757641686530
2025-09-12 01:48:06.542000+00:00,OM-USDT-SWAP,24253627.000000004,1757641686542
2025-09-12 01:48:07.017000+00:00,ONDO-USDT-SWAP,24404040.0,1757641687017
2025-09-12 01:48:07.022000+00:00,ONE-USDT-SWAP,86984900.0,1757641687022
2025-09-12 01:48:07.025000+00:00,ONT-USDT-SWAP,10546660.0,1757641687025
2025-09-12 01:48:07.040000+00:00,OP-USDT-SWAP,24315578.0,1757641687040
2025-09-12 01:48:07.016000+00:00,ORBS-USDT-SWAP,29539800.0,1757641687016
2025-09-12 01:48:07.027000+00:00,ORDI-USDT-SWAP,1339788.3,1757641687027
2025-09-12 01:48:07.022000+00:00,PARTI-USDT-SWAP,14846150.0,1757641687022
2025-09-12 01:48:07.030000+00:00,PENGU-USDT-SWAP,650244800.0,1757641687030
2025-09-12 01:48:07.029000+00:00,PEOPLE-USDT-SWAP,345459700.0,1757641687029
2025-09-12 01:48:07.072000+00:00,PEPE-USDT-SWAP,8332129000000.002,1757641687072
2025-09-12 01:48:07.475000+00:00,PERP-USDT-SWAP,3142744.0,1757641687475
2025-09-12 01:48:07.468000+00:00,PI-USDT-SWAP,34313745.0,1757641687468
2025-09-12 01:48:07.460000+00:00,PLUME-USDT-SWAP,19606810.0,1757641687460
2025-09-12 01:48:07.535000+00:00,PNUT-USDT-SWAP,36881440.0,1757641687535
2025-09-12 01:48:07.461000+00:00,POL-USDT-SWAP,37096380.0,1757641687461
2025-09-12 01:48:07.463000+00:00,POPCAT-USDT-SWAP,9896080.0,1757641687463
2025-09-12 01:48:07.459000+00:00,PRCL-USDT-SWAP,18433298.0,1757641687459
2025-09-12 01:48:07.459000+00:00,PROMPT-USDT-SWAP,36566440.0,1757641687459
2025-09-12 01:48:07.463000+00:00,PUMP-USDT-SWAP,6918330000.0,1757641687463
2025-09-12 01:48:07.468000+00:00,PYTH-USDT-SWAP,46767270.0,1757641687468
2025-09-12 01:48:07.965000+00:00,QTUM-USDT-SWAP,1252100.0,1757641687965
2025-09-12 01:48:07.960000+00:00,RAY-USDT-SWAP,1010062.0,1757641687960
2025-09-12 01:48:07.972000+00:00,RENDER-USDT-SWAP,1387828.0,1757641687972
2025-09-12 01:48:07.976000+00:00,RESOLV-USDT-SWAP,24316640.0,1757641687976
2025-09-12 01:48:07.964000+00:00,RSR-USDT-SWAP,258171000.0,1757641687964
2025-09-12 01:48:07.965000+00:00,RVN-USDT-SWAP,73841730.0,1757641687965
2025-09-12 01:48:07.962000+00:00,S-USDT-SWAP,11280240.0,1757641687962
2025-09-12 01:48:07.963000+00:00,SAHARA-USDT-SWAP,55044150.0,1757641687963
2025-09-12 01:48:07.973000+00:00,SAND-USDT-SWAP,18825850.0,1757641687973
2025-09-12 01:48:07.973000+00:00,SATS-USDT-SWAP,218276320000000.0,1757641687973
2025-09-12 01:48:08.363000+00:00,SCR-USDT-SWAP,2898113.0,1757641688363
2025-09-12 01:48:08.364000+00:00,SHELL-USDT-SWAP,5895000.0,1757641688364
2025-09-12 01:48:08.381000+00:00,SHIB-USDT-SWAP,1770254800000.0002,1757641688381
2025-09-12 01:48:08.366000+00:00,SIGN-USDT-SWAP,45235300.0,1757641688366
2025-09-12 01:48:08.362000+00:00,SLP-USDT-SWAP,412401220.0,1757641688362
2025-09-12 01:48:08.375000+00:00,SNX-USDT-SWAP,2349982.0,1757641688375
2025-09-12 01:48:08.362000+00:00,SOL-USDT-SWAP,3683670.6899999995,1757641688362
2025-09-12 01:48:08.363000+00:00,SOLV-USDT-SWAP,67732700.0,1757641688363
2025-09-12 01:48:08.372000+00:00,SONIC-USDT-SWAP,9930880.0,1757641688372
2025-09-12 01:48:08.373000+00:00,SOON-USDT-SWAP,9052870.0,1757641688373
2025-09-12 01:48:08.760000+00:00,SOPH-USDT-SWAP,80774700.0,1757641688760
2025-09-12 01:48:08.777000+00:00,SPK-USDT-SWAP,115818500.0,1757641688777
2025-09-12 01:48:08.785000+00:00,SPX-USDT-SWAP,1037991.0,1757641688785
2025-09-12 01:48:08.769000+00:00,SSV-USDT-SWAP,283229.4,1757641688769
2025-09-12 01:48:08.764000+00:00,STORJ-USDT-SWAP,5520730.0,1757641688764
2025-09-12 01:48:08.769000+00:00,STRK-USDT-SWAP,23102946.0,1757641688769
2025-09-12 01:48:08.763000+00:00,STX-USDT-SWAP,7223424.999999999,1757641688763
2025-09-12 01:48:08.767000+00:00,SUI-USDT-SWAP,20288002.0,1757641688767
2025-09-12 01:48:08.774000+00:00,SUSHI-USDT-SWAP,8059501.0,1757641688774
2025-09-12 01:48:08.775000+00:00,SWARMS-USDT-SWAP,83928010.0,1757641688775
2025-09-12 01:48:09.169000+00:00,SYRUP-USDT-SWAP,2871610.0,1757641689169
2025-09-12 01:48:09.172000+00:00,T-USDT-SWAP,46040300.0,1757641689172
2025-09-12 01:48:09.180000+00:00,TAO-USDT-SWAP,13841.46,1757641689180
2025-09-12 01:48:09.175000+00:00,THETA-USDT-SWAP,2936991.0,1757641689175
2025-09-12 01:48:09.173000+00:00,TIA-USDT-SWAP,5166295.0,1757641689173
2025-09-12 01:48:09.178000+00:00,TNSR-USDT-SWAP,8277597.0,1757641689178
2025-09-12 01:48:09.181000+00:00,TON-USDT-SWAP,8760216.0,1757641689181
2025-09-12 01:48:09.180000+00:00,TRB-USDT-SWAP,256191.3,1757641689180
2025-09-12 01:48:09.181000+00:00,TREE-USDT-SWAP,6834627.0,1757641689181
2025-09-12 01:48:09.187000+00:00,TRUMP-USDT-SWAP,5051435.9,1757641689187
2025-09-12 01:48:09.573000+00:00,TRX-USDT-SWAP,91132060.00000007,1757641689573
2025-09-12 01:48:09.568000+00:00,TURBO-USDT-SWAP,941790000.0000001,1757641689568
2025-09-12 01:48:09.576000+00:00,UMA-USDT-SWAP,1469790.0,1757641689576
2025-09-12 01:48:09.569000+00:00,UNI-USDT-SWAP,3242946.0,1757641689569
2025-09-12 01:48:09.571000+00:00,USDC-USDT-SWAP,1062290.0,1757641689571
2025-09-12 01:48:09.579000+00:00,USELESS-USDT-SWAP,11701760.0,1757641689579
2025-09-12 01:48:09.572000+00:00,USTC-USDT-SWAP,111109100.0,1757641689572
2025-09-12 01:48:09.575000+00:00,UXLINK-USDT-SWAP,5708240.0,1757641689575
2025-09-12 01:48:09.574000+00:00,VANA-USDT-SWAP,143631.9,1757641689574
2025-09-12 01:48:09.598000+00:00,VINE-USDT-SWAP,99135850.0,1757641689598
2025-09-12 01:48:10+00:00,VIRTUAL-USDT-SWAP,3605085.0,1757641690000
2025-09-12 01:48:10.003000+00:00,W-USDT-SWAP,57352506.0,1757641690003
2025-09-12 01:48:10.011000+00:00,WAL-USDT-SWAP,2450840.0,1757641690011
2025-09-12 01:48:10.006000+00:00,WAXP-USDT-SWAP,23475900.0,1757641690006
2025-09-12 01:48:10.003000+00:00,WCT-USDT-SWAP,9739120.0,1757641690003
2025-09-12 01:48:10.008000+00:00,WIF-USDT-SWAP,16621416.0,1757641690008
2025-09-12 01:48:10.011000+00:00,WLD-USDT-SWAP,36163890.0,1757641690011
2025-09-12 01:48:10.029000+00:00,WLFI-USDT-SWAP,271434300.0,1757641690029
2025-09-12 01:48:10.019000+00:00,WOO-USDT-SWAP,21897420.0,1757641690019
2025-09-12 01:48:10.016000+00:00,XAUT-USDT-SWAP,5122.872,1757641690016
2025-09-12 01:48:10.454000+00:00,XLM-USDT-SWAP,47186500.0,1757641690454
2025-09-12 01:48:10.435000+00:00,XPL-USDT-SWAP,7151940.0,1757641690435
2025-09-12 01:48:10.445000+00:00,XRP-USDT-SWAP,88622693.99999996,1757641690445
2025-09-12 01:48:10.436000+00:00,XTZ-USDT-SWAP,4859723.0,1757641690436
2025-09-12 01:48:10.432000+00:00,YFI-USDT-SWAP,366.682,1757641690432
2025-09-12 01:48:10.452000+00:00,YGG-USDT-SWAP,35700326.0,1757641690452
2025-09-12 01:48:10.434000+00:00,ZENT-USDT-SWAP,160305300.0,1757641690434
2025-09-12 01:48:10.438000+00:00,ZEREBRO-USDT-SWAP,54198950.0,1757641690438
2025-09-12 01:48:10.485000+00:00,ZETA-USDT-SWAP,5387210.0,1757641690485
2025-09-12 01:48:10.462000+00:00,ZIL-USDT-SWAP,175011800.0,1757641690462
2025-09-12 01:48:10.869000+00:00,ZK-USDT-SWAP,48420550.0,1757641690869
2025-09-12 01:48:10.867000+00:00,ZRO-USDT-SWAP,1759852.0,1757641690867
2025-09-12 01:48:10.877000+00:00,ZRX-USDT-SWAP,7754480.0,1757641690877
2025-09-12 01:49:11.610000+00:00,1INCH-USDT-SWAP,8164199.0,1757641751610
2025-09-12 01:49:11.577000+00:00,A-USDT-SWAP,11205790.0,1757641751577
2025-09-12 01:49:11.618000+00:00,AAVE-USDT-SWAP,132580.37000000002,1757641751618
2025-09-12 01:49:11.610000+00:00,ACE-USDT-SWAP,2825459.0,1757641751610
2025-09-12 01:49:11.601000+00:00,ACH-USDT-SWAP,87820600.0,1757641751601
2025-09-12 01:49:11.608000+00:00,ACT-USDT-SWAP,81887118.0,1757641751608
2025-09-12 01:49:11.599000+00:00,ADA-USDT-SWAP,85528920.00000001,1757641751599
2025-09-12 01:49:11.603000+00:00,AERO-USDT-SWAP,1917420.0,1757641751603
2025-09-12 01:49:11.625000+00:00,AEVO-USDT-SWAP,15194363.0,1757641751625
2025-09-12 01:49:11.601000+00:00,AGLD-USDT-SWAP,1911297.0,1757641751601
2025-09-12 01:49:12.002000+00:00,AI16Z-USDT-SWAP,50967493.0,1757641752002
2025-09-12 01:49:12.006000+00:00,AIXBT-USDT-SWAP,25096930.0,1757641752006
2025-09-12 01:49:12.009000+00:00,ALCH-USDT-SWAP,13563590.0,1757641752009
2025-09-12 01:49:12.018000+00:00,ALGO-USDT-SWAP,27141060.0,1757641752018
2025-09-12 01:49:12.016000+00:00,ANIME-USDT-SWAP,95574600.0,1757641752016
2025-09-12 01:49:12.024000+00:00,APE-USDT-SWAP,8618604.9,1757641752024
2025-09-12 01:49:12.015000+00:00,API3-USDT-SWAP,2681715.0,1757641752015
2025-09-12 01:49:12.015000+00:00,APT-USDT-SWAP,3566213.0,1757641752015
2025-09-12 01:49:12.028000+00:00,AR-USDT-SWAP,491193.9,1757641752028
2025-09-12 01:49:12.013000+00:00,ARB-USDT-SWAP,34767390.999999985,1757641752013
2025-09-12 01:49:12.416000+00:00,ARC-USDT-SWAP,72908900.0,1757641752416
2025-09-12 01:49:12.418000+00:00,ARKM-USDT-SWAP,4972761.0,1757641752418
2025-09-12 01:49:12.412000+00:00,ATH-USDT-SWAP,157897900.0,1757641752412
2025-09-12 01:49:12.416000+00:00,ATOM-USDT-SWAP,2068217.0,1757641752416
2025-09-12 01:49:12.419000+00:00,AUCTION-USDT-SWAP,219716.1,1757641752419
2025-09-12 01:49:12.423000+00:00,AVAAI-USDT-SWAP,78995630.0,1757641752423
2025-09-12 01:49:12.417000+00:00,AVAX-USDT-SWAP,2408314.1999999997,1757641752417
2025-09-12 01:49:12.420000+00:00,AXS-USDT-SWAP,1168446.4,1757641752420
2025-09-12 01:49:12.431000+00:00,BABY-USDT-SWAP,36969090.0,1757641752431
2025-09-12 01:49:12.415000+00:00,BAND-USDT-SWAP,1498193.0,1757641752415
2025-09-12 01:49:12.806000+00:00,BAT-USDT-SWAP,5675400.0,1757641752806
2025-09-12 01:49:12.813000+00:00,BCH-USDT-SWAP,70155.69999999997,1757641752813
2025-09-12 01:49:12.819000+00:00,BERA-USDT-SWAP,2548404.3,1757641752819
2025-09-12 01:49:12.866000+00:00,BICO-USDT-SWAP,7918600.0,1757641752866
2025-09-12 01:49:12.809000+00:00,BIGTIME-USDT-SWAP,40264850.0,1757641752809
2025-09-12 01:49:12.832000+00:00,BIO-USDT-SWAP,63100796.0,1757641752832
2025-09-12 01:49:12.839000+00:00,BLUR-USDT-SWAP,25248450.0,1757641752839
2025-09-12 01:49:12.813000+00:00,BNB-USDT-SWAP,104916.33,1757641752813
2025-09-12 01:49:12.815000+00:00,BNT-USDT-SWAP,710720.0,1757641752815
2025-09-12 01:49:12.821000+00:00,BOME-USDT-SWAP,1300709000.0,1757641752821
2025-09-12 01:49:13.254000+00:00,BONK-USDT-SWAP,571241900000.0,1757641753254
2025-09-12 01:49:13.254000+00:00,BRETT-USDT-SWAP,11846300.0,1757641753254
2025-09-12 01:49:13.269000+00:00,BTC-USDT-SWAP,28427.432100000067,1757641753269
2025-09-12 01:49:13.255000+00:00,CAT-USDT-SWAP,137812100000.0,1757641753255
2025-09-12 01:49:13.290000+00:00,CATI-USDT-SWAP,15442755.0,1757641753290
2025-09-12 01:49:13.269000+00:00,CELO-USDT-SWAP,4521521.0,1757641753269
2025-09-12 01:49:13.257000+00:00,CETUS-USDT-SWAP,21817000.0,1757641753257
2025-09-12 01:49:13.267000+00:00,CFX-USDT-SWAP,79843680.0,1757641753267
2025-09-12 01:49:13.268000+00:00,CHZ-USDT-SWAP,79404710.0,1757641753268
2025-09-12 01:49:13.254000+00:00,COMP-USDT-SWAP,90483.3,1757641753254
2025-09-12 01:49:13.668000+00:00,COOKIE-USDT-SWAP,4489530.0,1757641753668
2025-09-12 01:49:13.673000+00:00,CORE-USDT-SWAP,9636643.0,1757641753673
2025-09-12 01:49:13.676000+00:00,CRO-USDT-SWAP,58993820.0,1757641753676
2025-09-12 01:49:13.678000+00:00,CRV-USDT-SWAP,23166387.0,1757641753678
2025-09-12 01:49:13.679000+00:00,CTC-USDT-SWAP,1763580.0,1757641753679
2025-09-12 01:49:13.670000+00:00,CVC-USDT-SWAP,9275700.0,1757641753670
2025-09-12 01:49:13.686000+00:00,CVX-USDT-SWAP,344858.0,1757641753686
2025-09-12 01:49:13.677000+00:00,DEGEN-USDT-SWAP,319037800.0,1757641753677
2025-09-12 01:49:13.683000+00:00,DGB-USDT-SWAP,44772800.0,1757641753683
2025-09-12 01:49:13.677000+00:00,DOG-USDT-SWAP,282404000.0,1757641753677
2025-09-12 01:49:14.104000+00:00,DOGE-USDT-SWAP,1656891009.9999993,1757641754104
2025-09-12 01:49:14.077000+00:00,DOGS-USDT-SWAP,16311457000.0,1757641754077
2025-09-12 01:49:14.082000+00:00,DOOD-USDT-SWAP,154827000.0,1757641754082
2025-09-12 01:49:14.095000+00:00,DOT-USDT-SWAP,6052259.0,1757641754095
2025-09-12 01:49:14.112000+00:00,DUCK-USDT-SWAP,675176300.0,1757641754112
2025-09-12 01:49:14.096000+00:00,DYDX-USDT-SWAP,10468415.0,1757641754096
2025-09-12 01:49:14.083000+00:00,EGLD-USDT-SWAP,110986.5,1757641754083
2025-09-12 01:49:14.093000+00:00,EIGEN-USDT-SWAP,3778315.0,1757641754093
2025-09-12 01:49:14.089000+00:00,ENJ-USDT-SWAP,13649080.0,1757641754089
2025-09-12 01:49:14.085000+00:00,ENS-USDT-SWAP,335363.1,1757641754085
2025-09-12 01:49:14.512000+00:00,ETC-USDT-SWAP,1094182.7000000002,1757641754512
2025-09-12 01:49:14.499000+00:00,ETH-USDT-SWAP,753003.6170000025,1757641754499
2025-09-12 01:49:14.526000+00:00,ETHFI-USDT-SWAP,9817391.0,1757641754526
2025-09-12 01:49:14.505000+00:00,ETHW-USDT-SWAP,1191641.5,1757641754505
2025-09-12 01:49:14.503000+00:00,FARTCOIN-USDT-SWAP,21221809.0,1757641754503
2025-09-12 01:49:14.506000+00:00,FIL-USDT-SWAP,14516298.4,1757641754506
2025-09-12 01:49:14.508000+00:00,FLM-USDT-SWAP,28551830.0,1757641754508
2025-09-12 01:49:14.612000+00:00,FLOKI-USDT-SWAP,39193000000.0,1757641754612
2025-09-12 01:49:14.519000+00:00,FLOW-USDT-SWAP,4969280.0,1757641754519
2025-09-12 01:49:14.503000+00:00,FXS-USDT-SWAP,400515.0,1757641754503
2025-09-12 01:49:15.014000+00:00,GALA-USDT-SWAP,448321830.0,1757641755014
2025-09-12 01:49:15.004000+00:00,GAS-USDT-SWAP,388148.0,1757641755004
2025-09-12 01:49:14.997000+00:00,GLM-USDT-SWAP,2989780.0,1757641754997
2025-09-12 01:49:15.005000+00:00,GMT-USDT-SWAP,43918491.0,1757641755005
2025-09-12 01:49:15.024000+00:00,GMX-USDT-SWAP,65328.5,1757641755024
2025-09-12 01:49:15.026000+00:00,GOAT-USDT-SWAP,28197860.0,1757641755026
2025-09-12 01:49:15.002000+00:00,GODS-USDT-SWAP,6891814.0,1757641755002
2025-09-12 01:49:15.005000+00:00,GPS-USDT-SWAP,159915800.0,1757641755005
2025-09-12 01:49:15.006000+00:00,GRASS-USDT-SWAP,3059054.0,1757641755006
2025-09-12 01:49:15.011000+00:00,GRIFFAIN-USDT-SWAP,24893760.0,1757641755011
2025-09-12 01:49:15.417000+00:00,GRT-USDT-SWAP,24689880.0,1757641755417
2025-09-12 01:49:15.406000+00:00,H-USDT-SWAP,55459400.0,1757641755406
2025-09-12 01:49:15.418000+00:00,HBAR-USDT-SWAP,76444450.00000001,1757641755418
2025-09-12 01:49:15.410000+00:00,HMSTR-USDT-SWAP,1160785400.0,1757641755410
2025-09-12 01:49:15.415000+00:00,HOME-USDT-SWAP,21188600.0,1757641755415
2025-09-12 01:49:15.422000+00:00,HUMA-USDT-SWAP,75030800.0,1757641755422
2025-09-12 01:49:15.410000+00:00,HYPE-USDT-SWAP,1071289.9,1757641755410
2025-09-12 01:49:15.417000+00:00,ICP-USDT-SWAP,1395613.11,1757641755417
2025-09-12 01:49:15.421000+00:00,ICX-USDT-SWAP,5538120.0,1757641755421
2025-09-12 01:49:15.420000+00:00,IMX-USDT-SWAP,6702123.0,1757641755420
2025-09-12 01:49:15.813000+00:00,INIT-USDT-SWAP,3663710.0,1757641755813
2025-09-12 01:49:15.805000+00:00,INJ-USDT-SWAP,872805.0,1757641755805
2025-09-12 01:49:15.809000+00:00,IOST-USDT-SWAP,289814000.0,1757641755809
2025-09-12 01:49:15.809000+00:00,IOTA-USDT-SWAP,16060300.0,1757641755809
2025-09-12 01:49:15.812000+00:00,IP-USDT-SWAP,2450071.0,1757641755812
2025-09-12 01:49:15.807000+00:00,JELLYJELLY-USDT-SWAP,189800000.0,1757641755807
2025-09-12 01:49:15.817000+00:00,JOE-USDT-SWAP,6252090.0,1757641755817
2025-09-12 01:49:15.814000+00:00,JTO-USDT-SWAP,3193596.0,1757641755814
2025-09-12 01:49:15.819000+00:00,JUP-USDT-SWAP,15976460.0,1757641755819
2025-09-12 01:49:16.213000+00:00,KAITO-USDT-SWAP,5695462.0,1757641756213
2025-09-12 01:49:16.255000+00:00,KMNO-USDT-SWAP,49269700.0,1757641756255
2025-09-12 01:49:16.216000+00:00,KSM-USDT-SWAP,133302.0,1757641756216
2025-09-12 01:49:16.227000+00:00,LA-USDT-SWAP,2997450.0,1757641756227
2025-09-12 01:49:16.232000+00:00,LAUNCHCOIN-USDT-SWAP,51596860.0,1757641756232
2025-09-12 01:49:16.237000+00:00,LAYER-USDT-SWAP,7206214.0,1757641756237
2025-09-12 01:49:16.212000+00:00,LDO-USDT-SWAP,15265098.0,1757641756212
2025-09-12 01:49:16.226000+00:00,LINK-USDT-SWAP,2590113.4,1757641756226
2025-09-12 01:49:16.227000+00:00,LPT-USDT-SWAP,745229.5,1757641756227
2025-09-12 01:49:16.212000+00:00,LQTY-USDT-SWAP,1532510.0,1757641756212
2025-09-12 01:49:16.656000+00:00,LRC-USDT-SWAP,18443240.0,1757641756656
2025-09-12 01:49:16.645000+00:00,LTC-USDT-SWAP,698776.4999999999,1757641756645
2025-09-12 01:49:16.655000+00:00,LUNA-USDT-SWAP,15167359.0,1757641756655
2025-09-12 01:49:16.654000+00:00,LUNC-USDT-SWAP,30784080000.0,1757641756654
2025-09-12 01:49:16.649000+00:00,MAGIC-USDT-SWAP,19863676.0,1757641756649
2025-09-12 01:49:16.674000+00:00,MAJOR-USDT-SWAP,4674881.0,1757641756674
2025-09-12 01:49:16.655000+00:00,MANA-USDT-SWAP,10220860.0,1757641756655
2025-09-12 01:49:16.669000+00:00,MASK-USDT-SWAP,3057527.0,1757641756669
2025-09-12 01:49:16.677000+00:00,ME-USDT-SWAP,3593590.0,1757641756677
2025-09-12 01:49:16.656000+00:00,MEME-USDT-SWAP,1826749800.0,1757641756656
2025-09-12 01:49:17.083000+00:00,MERL-USDT-SWAP,45998397.0,1757641757083
2025-09-12 01:49:17.081000+00:00,METIS-USDT-SWAP,104079.1,1757641757081
2025-09-12 01:49:17.091000+00:00,MEW-USDT-SWAP,1036516000.0,1757641757091
2025-09-12 01:49:17.091000+00:00,MINA-USDT-SWAP,8018746.0,1757641757091
2025-09-12 01:49:17.096000+00:00,MOG-USDT-SWAP,634994000000.0,1757641757096
2025-09-12 01:49:17.089000+00:00,MOODENG-USDT-SWAP,44601660.0,1757641757089
2025-09-12 01:49:17.102000+00:00,MORPHO-USDT-SWAP,1606986.0,1757641757102
2025-09-12 01:49:17.100000+00:00,MOVE-USDT-SWAP,27410980.0,1757641757100
2025-09-12 01:49:17.087000+00:00,MUBARAK-USDT-SWAP,12584400.0,1757641757087
2025-09-12 01:49:17.491000+00:00,NEAR-USDT-SWAP,5219849.0,1757641757491
2025-09-12 01:49:17.482000+00:00,NEIRO-USDT-SWAP,9032257000.0,1757641757482
2025-09-12 01:49:17.498000+00:00,NEIROETH-USDT-SWAP,12067500.0,1757641757498
2025-09-12 01:49:17.522000+00:00,NEO-USDT-SWAP,363218.0,1757641757522
2025-09-12 01:49:17.492000+00:00,NEWT-USDT-SWAP,3129100.0,1757641757492
2025-09-12 01:49:17.488000+00:00,NMR-USDT-SWAP,523866.8,1757641757488
2025-09-12 01:49:17.490000+00:00,NOT-USDT-SWAP,1665761200.0,1757641757490
2025-09-12 01:49:17.491000+00:00,NXPC-USDT-SWAP,1116922.0,1757641757491
2025-09-12 01:49:17.492000+00:00,OL-USDT-SWAP,89203490.0,1757641757492
2025-09-12 01:49:17.485000+00:00,OM-USDT-SWAP,24253271.0,1757641757485
2025-09-12 01:49:17.909000+00:00,ONDO-USDT-SWAP,24415340.0,1757641757909
2025-09-12 01:49:17.909000+00:00,ONE-USDT-SWAP,86982300.0,1757641757909
2025-09-12 01:49:17.919000+00:00,ONT-USDT-SWAP,10546980.0,1757641757919
2025-09-12 01:49:17.905000+00:00,OP-USDT-SWAP,24305750.0,1757641757905
2025-09-12 01:49:17.916000+00:00,ORBS-USDT-SWAP,29540300.0,1757641757916
2025-09-12 01:49:17.924000+00:00,ORDI-USDT-SWAP,1334268.7,1757641757924
2025-09-12 01:49:17.909000+00:00,PARTI-USDT-SWAP,14848000.0,1757641757909
2025-09-12 01:49:17.911000+00:00,PENGU-USDT-SWAP,651169800.0,1757641757911
2025-09-12 01:49:17.931000+00:00,PEOPLE-USDT-SWAP,346197900.0,1757641757931
2025-09-12 01:49:17.909000+00:00,PEPE-USDT-SWAP,8325820000000.003,1757641757909
2025-09-12 01:49:18.326000+00:00,PERP-USDT-SWAP,3143302.0,1757641758326
2025-09-12 01:49:18.329000+00:00,PI-USDT-SWAP,34299498.0,1757641758329
2025-09-12 01:49:18.333000+00:00,PLUME-USDT-SWAP,19606620.0,1757641758333
2025-09-12 01:49:18.333000+00:00,PNUT-USDT-SWAP,37014800.0,1757641758333
2025-09-12 01:49:18.343000+00:00,POL-USDT-SWAP,37103470.0,1757641758343
2025-09-12 01:49:18.345000+00:00,POPCAT-USDT-SWAP,9911500.0,1757641758345
2025-09-12 01:49:18.336000+00:00,PRCL-USDT-SWAP,18366530.0,1757641758336
2025-09-12 01:49:18.335000+00:00,PROMPT-USDT-SWAP,36574420.0,1757641758335
2025-09-12 01:49:18.335000+00:00,PUMP-USDT-SWAP,6913075000.0,1757641758335
2025-09-12 01:49:18.334000+00:00,PYTH-USDT-SWAP,46788290.0,1757641758334
2025-09-12 01:49:18.730000+00:00,QTUM-USDT-SWAP,1251850.0,1757641758730
2025-09-12 01:49:18.752000+00:00,RAY-USDT-SWAP,1011576.0,1757641758752
2025-09-12 01:49:18.730000+00:00,RENDER-USDT-SWAP,1387980.0,1757641758730
2025-09-12 01:49:18.745000+00:00,RESOLV-USDT-SWAP,24313380.0,1757641758745
2025-09-12 01:49:18.732000+00:00,RSR-USDT-SWAP,258151600.0,1757641758732
2025-09-12 01:49:18.732000+00:00,RVN-USDT-SWAP,73841680.0,1757641758732
2025-09-12 01:49:18.734000+00:00,S-USDT-SWAP,11308540.0,1757641758734
2025-09-12 01:49:18.731000+00:00,SAHARA-USDT-SWAP,55019850.0,1757641758731
2025-09-12 01:49:18.746000+00:00,SAND-USDT-SWAP,18826280.0,1757641758746
2025-09-12 01:49:18.734000+00:00,SATS-USDT-SWAP,217537630000000.0,1757641758734
2025-09-12 01:49:19.135000+00:00,SCR-USDT-SWAP,2898084.0,1757641759135
2025-09-12 01:49:19.135000+00:00,SHELL-USDT-SWAP,5891480.0,1757641759135
2025-09-12 01:49:19.134000+00:00,SHIB-USDT-SWAP,1769005700000.0,1757641759134
2025-09-12 01:49:19.132000+00:00,SIGN-USDT-SWAP,45234000.0,1757641759132
2025-09-12 01:49:19.136000+00:00,SLP-USDT-SWAP,412388690.0,1757641759136
2025-09-12 01:49:19.143000+00:00,SNX-USDT-SWAP,2353424.0,1757641759143
2025-09-12 01:49:19.141000+00:00,SOL-USDT-SWAP,3681598.5099999993,1757641759141
2025-09-12 01:49:19.131000+00:00,SOLV-USDT-SWAP,67733200.0,1757641759131
2025-09-12 01:49:19.145000+00:00,SONIC-USDT-SWAP,9993524.0,1757641759145
2025-09-12 01:49:19.143000+00:00,SOON-USDT-SWAP,9048670.0,1757641759143
2025-09-12 01:49:19.570000+00:00,SOPH-USDT-SWAP,80680400.0,1757641759570
2025-09-12 01:49:19.548000+00:00,SPK-USDT-SWAP,115879000.0,1757641759548
2025-09-12 01:49:19.546000+00:00,SPX-USDT-SWAP,1038128.0,1757641759546
2025-09-12 01:49:19.547000+00:00,SSV-USDT-SWAP,283039.6,1757641759547
2025-09-12 01:49:19.557000+00:00,STORJ-USDT-SWAP,5520720.0,1757641759557
2025-09-12 01:49:19.554000+00:00,STRK-USDT-SWAP,23109005.0,1757641759554
2025-09-12 01:49:19.540000+00:00,STX-USDT-SWAP,7222937.999999999,1757641759540
2025-09-12 01:49:19.547000+00:00,SUI-USDT-SWAP,20294631.0,1757641759547
2025-09-12 01:49:19.548000+00:00,SUSHI-USDT-SWAP,8060102.0,1757641759548
2025-09-12 01:49:19.541000+00:00,SWARMS-USDT-SWAP,84207970.0,1757641759541
2025-09-12 01:49:19.957000+00:00,SYRUP-USDT-SWAP,2871150.0,1757641759957
2025-09-12 01:49:19.946000+00:00,T-USDT-SWAP,46040400.0,1757641759946
2025-09-12 01:49:19.953000+00:00,TAO-USDT-SWAP,13813.52,1757641759953
2025-09-12 01:49:19.973000+00:00,THETA-USDT-SWAP,2937877.0,1757641759973
2025-09-12 01:49:19.959000+00:00,TIA-USDT-SWAP,5168462.0,1757641759959
2025-09-12 01:49:19.967000+00:00,TNSR-USDT-SWAP,8277469.0,1757641759967
2025-09-12 01:49:19.958000+00:00,TON-USDT-SWAP,8771799.0,1757641759958
2025-09-12 01:49:19.977000+00:00,TRB-USDT-SWAP,256432.7,1757641759977
2025-09-12 01:49:19.958000+00:00,TREE-USDT-SWAP,6830907.0,1757641759958
2025-09-12 01:49:19.956000+00:00,TRUMP-USDT-SWAP,5050815.3,1757641759956
2025-09-12 01:49:20.358000+00:00,TRX-USDT-SWAP,91117830.00000009,1757641760358
2025-09-12 01:49:20.356000+00:00,TURBO-USDT-SWAP,942480000.0000001,1757641760356
2025-09-12 01:49:20.371000+00:00,UMA-USDT-SWAP,1470123.4,1757641760371
2025-09-12 01:49:20.362000+00:00,UNI-USDT-SWAP,3242947.0,1757641760362
2025-09-12 01:49:20.361000+00:00,USDC-USDT-SWAP,1062290.0,1757641760361
2025-09-12 01:49:20.371000+00:00,USELESS-USDT-SWAP,11697950.0,1757641760371
2025-09-12 01:49:20.371000+00:00,USTC-USDT-SWAP,111109100.0,1757641760371
2025-09-12 01:49:20.378000+00:00,UXLINK-USDT-SWAP,5709340.0,1757641760378
2025-09-12 01:49:20.365000+00:00,VANA-USDT-SWAP,143673.9,1757641760365
2025-09-12 01:49:20.359000+00:00,VINE-USDT-SWAP,99137670.0,1757641760359
2025-09-12 01:49:20.762000+00:00,VIRTUAL-USDT-SWAP,3608487.0,1757641760762
2025-09-12 01:49:20.771000+00:00,W-USDT-SWAP,57352694.0,1757641760771
2025-09-12 01:49:20.767000+00:00,WAL-USDT-SWAP,2450900.0,1757641760767
2025-09-12 01:49:20.767000+00:00,WAXP-USDT-SWAP,23475900.0,1757641760767
2025-09-12 01:49:20.767000+00:00,WCT-USDT-SWAP,9750020.0,1757641760767
2025-09-12 01:49:20.779000+00:00,WIF-USDT-SWAP,16616173.0,1757641760779
2025-09-12 01:49:20.765000+00:00,WLD-USDT-SWAP,36158573.0,1757641760765
2025-09-12 01:49:20.765000+00:00,WLFI-USDT-SWAP,271027940.0,1757641760765
2025-09-12 01:49:20.767000+00:00,WOO-USDT-SWAP,21896610.0,1757641760767
2025-09-12 01:49:20.769000+00:00,XAUT-USDT-SWAP,5124.857,1757641760769
2025-09-12 01:49:21.165000+00:00,XLM-USDT-SWAP,47162349.99999999,1757641761165
2025-09-12 01:49:21.166000+00:00,XPL-USDT-SWAP,7160700.0,1757641761166
2025-09-12 01:49:21.162000+00:00,XRP-USDT-SWAP,88600292.99999996,1757641761162
2025-09-12 01:49:21.165000+00:00,XTZ-USDT-SWAP,4859630.0,1757641761165
2025-09-12 01:49:21.170000+00:00,YFI-USDT-SWAP,366.9343,1757641761170
2025-09-12 01:49:21.176000+00:00,YGG-USDT-SWAP,35687314.0,1757641761176
2025-09-12 01:49:21.166000+00:00,ZENT-USDT-SWAP,160266100.0,1757641761166
2025-09-12 01:49:21.162000+00:00,ZEREBRO-USDT-SWAP,54206650.0,1757641761162
2025-09-12 01:49:21.171000+00:00,ZETA-USDT-SWAP,5386820.0,1757641761171
2025-09-12 01:49:21.166000+00:00,ZIL-USDT-SWAP,175011800.0,1757641761166
2025-09-12 01:49:21.584000+00:00,ZK-USDT-SWAP,48424430.0,1757641761584
2025-09-12 01:49:21.579000+00:00,ZRO-USDT-SWAP,1761723.0,1757641761579
2025-09-12 01:49:21.586000+00:00,ZRX-USDT-SWAP,7754790.0,1757641761586
2025-09-12 01:50:22.282000+00:00,1INCH-USDT-SWAP,8164953.0,1757641822282
2025-09-12 01:50:22.372000+00:00,A-USDT-SWAP,11234910.0,1757641822372
2025-09-12 01:50:22.242000+00:00,AAVE-USDT-SWAP,132690.34000000003,1757641822242
2025-09-12 01:50:22.266000+00:00,ACE-USDT-SWAP,2823510.0,1757641822266
2025-09-12 01:50:22.267000+00:00,ACH-USDT-SWAP,87917500.0,1757641822267
2025-09-12 01:50:22.256000+00:00,ACT-USDT-SWAP,81882263.0,1757641822256
2025-09-12 01:50:22.303000+00:00,ADA-USDT-SWAP,85499220.00000001,1757641822303
2025-09-12 01:50:22.279000+00:00,AERO-USDT-SWAP,1915810.0,1757641822279
2025-09-12 01:50:22.283000+00:00,AEVO-USDT-SWAP,15194478.0,1757641822283
2025-09-12 01:50:22.266000+00:00,AGLD-USDT-SWAP,1911308.0,1757641822266
2025-09-12 01:50:22.769000+00:00,AI16Z-USDT-SWAP,50964921.0,1757641822769
2025-09-12 01:50:22.785000+00:00,AIXBT-USDT-SWAP,25058750.0,1757641822785
2025-09-12 01:50:22.795000+00:00,ALCH-USDT-SWAP,13557670.0,1757641822795
2025-09-12 01:50:22.774000+00:00,ALGO-USDT-SWAP,27139630.0,1757641822774
2025-09-12 01:50:22.773000+00:00,ANIME-USDT-SWAP,95557910.0,1757641822773
2025-09-12 01:50:22.773000+00:00,APE-USDT-SWAP,8616614.4,1757641822773
2025-09-12 01:50:22.781000+00:00,API3-USDT-SWAP,2681242.0,1757641822781
2025-09-12 01:50:22.775000+00:00,APT-USDT-SWAP,3567341.0,1757641822775
2025-09-12 01:50:22.798000+00:00,AR-USDT-SWAP,491294.9,1757641822798
2025-09-12 01:50:22.782000+00:00,ARB-USDT-SWAP,34760137.999999985,1757641822782
2025-09-12 01:50:23.196000+00:00,ARC-USDT-SWAP,72968370.0,1757641823196
2025-09-12 01:50:23.211000+00:00,ARKM-USDT-SWAP,4971332.0,1757641823211
2025-09-12 01:50:23.206000+00:00,ATH-USDT-SWAP,157948500.0,1757641823206
2025-09-12 01:50:23.206000+00:00,ATOM-USDT-SWAP,2068786.0,1757641823206
2025-09-12 01:50:23.196000+00:00,AUCTION-USDT-SWAP,219720.3,1757641823196
2025-09-12 01:50:23.199000+00:00,AVAAI-USDT-SWAP,78993770.0,1757641823199
2025-09-12 01:50:23.206000+00:00,AVAX-USDT-SWAP,2407626.3999999994,1757641823206
2025-09-12 01:50:23.333000+00:00,AXS-USDT-SWAP,1169223.3,1757641823333
2025-09-12 01:50:23.204000+00:00,BABY-USDT-SWAP,36981780.0,1757641823204
2025-09-12 01:50:23.205000+00:00,BAND-USDT-SWAP,1498207.0,1757641823205
2025-09-12 01:50:23.736000+00:00,BAT-USDT-SWAP,5678580.0,1757641823736
2025-09-12 01:50:23.718000+00:00,BCH-USDT-SWAP,70163.59999999996,1757641823718
2025-09-12 01:50:23.731000+00:00,BERA-USDT-SWAP,2548294.6,1757641823731
2025-09-12 01:50:23.717000+00:00,BICO-USDT-SWAP,7923077.0,1757641823717
2025-09-12 01:50:23.721000+00:00,BIGTIME-USDT-SWAP,40466950.0,1757641823721
2025-09-12 01:50:23.719000+00:00,BIO-USDT-SWAP,62951846.0,1757641823719
2025-09-12 01:50:23.720000+00:00,BLUR-USDT-SWAP,25249270.0,1757641823720
2025-09-12 01:50:23.718000+00:00,BNB-USDT-SWAP,104875.06,1757641823718
2025-09-12 01:50:23.756000+00:00,BNT-USDT-SWAP,710710.0,1757641823756
2025-09-12 01:50:23.719000+00:00,BOME-USDT-SWAP,1303220000.0,1757641823719
2025-09-12 01:50:24.145000+00:00,BONK-USDT-SWAP,571288500000.0,1757641824145
2025-09-12 01:50:24.145000+00:00,BRETT-USDT-SWAP,11835600.0,1757641824145
2025-09-12 01:50:24.188000+00:00,BTC-USDT-SWAP,28443.740600000066,1757641824188
2025-09-12 01:50:24.145000+00:00,CAT-USDT-SWAP,137760400000.0,1757641824145
2025-09-12 01:50:24.136000+00:00,CATI-USDT-SWAP,15442287.0,1757641824136
2025-09-12 01:50:24.147000+00:00,CELO-USDT-SWAP,4522892.0,1757641824147
2025-09-12 01:50:24.144000+00:00,CETUS-USDT-SWAP,21817630.0,1757641824144
2025-09-12 01:50:24.163000+00:00,CFX-USDT-SWAP,79862290.0,1757641824163
2025-09-12 01:50:24.148000+00:00,CHZ-USDT-SWAP,79376400.0,1757641824148
2025-09-12 01:50:24.146000+00:00,COMP-USDT-SWAP,90605.0,1757641824146
2025-09-12 01:50:24.586000+00:00,COOKIE-USDT-SWAP,4490540.0,1757641824586
2025-09-12 01:50:24.586000+00:00,CORE-USDT-SWAP,9631527.0,1757641824586
2025-09-12 01:50:24.587000+00:00,CRO-USDT-SWAP,58973160.0,1757641824587
2025-09-12 01:50:24.594000+00:00,CRV-USDT-SWAP,23171891.0,1757641824594
2025-09-12 01:50:24.579000+00:00,CTC-USDT-SWAP,1763580.0,1757641824579
2025-09-12 01:50:24.585000+00:00,CVC-USDT-SWAP,9275700.0,1757641824585
2025-09-12 01:50:24.593000+00:00,CVX-USDT-SWAP,344378.0,1757641824593
2025-09-12 01:50:24.581000+00:00,DEGEN-USDT-SWAP,321955900.0,1757641824581
2025-09-12 01:50:24.590000+00:00,DGB-USDT-SWAP,44768300.0,1757641824590
2025-09-12 01:50:24.641000+00:00,DOG-USDT-SWAP,282400000.0,1757641824641
2025-09-12 01:50:25.026000+00:00,DOGE-USDT-SWAP,1657017429.9999993,1757641825026
2025-09-12 01:50:25.056000+00:00,DOGS-USDT-SWAP,16311457000.0,1757641825056
2025-09-12 01:50:25.033000+00:00,DOOD-USDT-SWAP,153809000.0,1757641825033
2025-09-12 01:50:25.029000+00:00,DOT-USDT-SWAP,6050244.0,1757641825029
2025-09-12 01:50:25.020000+00:00,DUCK-USDT-SWAP,674441800.0,1757641825020
2025-09-12 01:50:25.028000+00:00,DYDX-USDT-SWAP,10469252.0,1757641825028
2025-09-12 01:50:25.036000+00:00,EGLD-USDT-SWAP,110987.4,1757641825036
2025-09-12 01:50:25.026000+00:00,EIGEN-USDT-SWAP,3775953.0,1757641825026
2025-09-12 01:50:25.035000+00:00,ENJ-USDT-SWAP,13648880.0,1757641825035
2025-09-12 01:50:25.035000+00:00,ENS-USDT-SWAP,335252.1,1757641825035
2025-09-12 01:50:25.457000+00:00,ETC-USDT-SWAP,1094146.4000000001,1757641825457
2025-09-12 01:50:25.452000+00:00,ETH-USDT-SWAP,753118.0320000025,1757641825452
2025-09-12 01:50:25.451000+00:00,ETHFI-USDT-SWAP,9815249.0,1757641825451
2025-09-12 01:50:25.450000+00:00,ETHW-USDT-SWAP,1191641.5,1757641825450
2025-09-12 01:50:25.444000+00:00,FARTCOIN-USDT-SWAP,21220771.0,1757641825444
2025-09-12 01:50:25.447000+00:00,FIL-USDT-SWAP,14516675.7,1757641825447
2025-09-12 01:50:25.463000+00:00,FLM-USDT-SWAP,28588230.0,1757641825463
2025-09-12 01:50:25.450000+00:00,FLOKI-USDT-SWAP,39172300000.0,1757641825450
2025-09-12 01:50:25.556000+00:00,FLOW-USDT-SWAP,4968840.0,1757641825556
2025-09-12 01:50:25.452000+00:00,FXS-USDT-SWAP,400496.0,1757641825452
2025-09-12 01:50:25.945000+00:00,GALA-USDT-SWAP,448308420.0,1757641825945
2025-09-12 01:50:25.943000+00:00,GAS-USDT-SWAP,388353.0,1757641825943
2025-09-12 01:50:25.948000+00:00,GLM-USDT-SWAP,2989050.0,1757641825948
2025-09-12 01:50:25.947000+00:00,GMT-USDT-SWAP,43919283.0,1757641825947
2025-09-12 01:50:25.953000+00:00,GMX-USDT-SWAP,65328.5,1757641825953
2025-09-12 01:50:25.951000+00:00,GOAT-USDT-SWAP,28195910.0,1757641825951
2025-09-12 01:50:25.949000+00:00,GODS-USDT-SWAP,6891814.0,1757641825949
2025-09-12 01:50:25.949000+00:00,GPS-USDT-SWAP,160105390.0,1757641825949
2025-09-12 01:50:25.953000+00:00,GRASS-USDT-SWAP,3060152.0,1757641825953
2025-09-12 01:50:25.961000+00:00,GRIFFAIN-USDT-SWAP,24895930.0,1757641825961
2025-09-12 01:50:26.409000+00:00,GRT-USDT-SWAP,24670500.0,1757641826409
2025-09-12 01:50:26.398000+00:00,H-USDT-SWAP,55333700.0,1757641826398
2025-09-12 01:50:26.405000+00:00,HBAR-USDT-SWAP,76478730.00000003,1757641826405
2025-09-12 01:50:26.395000+00:00,HMSTR-USDT-SWAP,1160751000.0,1757641826395
2025-09-12 01:50:26.383000+00:00,HOME-USDT-SWAP,21185900.0,1757641826383
2025-09-12 01:50:26.392000+00:00,HUMA-USDT-SWAP,75043200.0,1757641826392
2025-09-12 01:50:26.397000+00:00,HYPE-USDT-SWAP,1071171.4,1757641826397
2025-09-12 01:50:26.394000+00:00,ICP-USDT-SWAP,1395481.11,1757641826394
2025-09-12 01:50:26.400000+00:00,ICX-USDT-SWAP,5538200.0,1757641826400
2025-09-12 01:50:26.395000+00:00,IMX-USDT-SWAP,6702180.0,1757641826395
2025-09-12 01:50:26.803000+00:00,INIT-USDT-SWAP,3663090.0,1757641826803
2025-09-12 01:50:26.823000+00:00,INJ-USDT-SWAP,872713.5,1757641826823
2025-09-12 01:50:26.808000+00:00,IOST-USDT-SWAP,289850000.0,1757641826808
2025-09-12 01:50:26.814000+00:00,IOTA-USDT-SWAP,16060470.0,1757641826814
2025-09-12 01:50:26.801000+00:00,IP-USDT-SWAP,2449228.0,1757641826801
2025-09-12 01:50:26.797000+00:00,JELLYJELLY-USDT-SWAP,189803500.0,1757641826797
2025-09-12 01:50:26.811000+00:00,JOE-USDT-SWAP,6252090.0,1757641826811
2025-09-12 01:50:26.818000+00:00,JTO-USDT-SWAP,3192726.0,1757641826818
2025-09-12 01:50:26.804000+00:00,JUP-USDT-SWAP,15974200.0,1757641826804
2025-09-12 01:50:27.218000+00:00,KAITO-USDT-SWAP,5747653.0,1757641827218
2025-09-12 01:50:27.224000+00:00,KMNO-USDT-SWAP,49246900.0,1757641827224
2025-09-12 01:50:27.233000+00:00,KSM-USDT-SWAP,133301.9,1757641827233
2025-09-12 01:50:27.223000+00:00,LA-USDT-SWAP,3001280.0,1757641827223
2025-09-12 01:50:27.222000+00:00,LAUNCHCOIN-USDT-SWAP,51629460.0,1757641827222
2025-09-12 01:50:27.220000+00:00,LAYER-USDT-SWAP,7206016.0,1757641827220
2025-09-12 01:50:27.243000+00:00,LDO-USDT-SWAP,15266604.0,1757641827243
2025-09-12 01:50:27.227000+00:00,LINK-USDT-SWAP,2589216.0999999996,1757641827227
2025-09-12 01:50:27.217000+00:00,LPT-USDT-SWAP,745364.2,1757641827217
2025-09-12 01:50:27.233000+00:00,LQTY-USDT-SWAP,1532799.0,1757641827233
2025-09-12 01:50:27.629000+00:00,LRC-USDT-SWAP,18446680.0,1757641827629
2025-09-12 01:50:27.628000+00:00,LTC-USDT-SWAP,689438.6,1757641827628
2025-09-12 01:50:27.640000+00:00,LUNA-USDT-SWAP,15164096.0,1757641827640
2025-09-12 01:50:27.635000+00:00,LUNC-USDT-SWAP,30784000000.0,1757641827635
2025-09-12 01:50:27.634000+00:00,MAGIC-USDT-SWAP,19878815.0,1757641827634
2025-09-12 01:50:27.633000+00:00,MAJOR-USDT-SWAP,4674903.0,1757641827633
2025-09-12 01:50:27.644000+00:00,MANA-USDT-SWAP,10219590.0,1757641827644
2025-09-12 01:50:27.633000+00:00,MASK-USDT-SWAP,3056862.0,1757641827633
2025-09-12 01:50:27.630000+00:00,ME-USDT-SWAP,3593555.0,1757641827630
2025-09-12 01:50:27.636000+00:00,MEME-USDT-SWAP,1829488000.0,1757641827636
2025-09-12 01:50:28.027000+00:00,MERL-USDT-SWAP,45992135.0,1757641828027
2025-09-12 01:50:28.022000+00:00,METIS-USDT-SWAP,104079.1,1757641828022
2025-09-12 01:50:28.040000+00:00,MEW-USDT-SWAP,1035662000.0,1757641828040
2025-09-12 01:50:28.051000+00:00,MINA-USDT-SWAP,8018850.0,1757641828051
2025-09-12 01:50:28.025000+00:00,MOG-USDT-SWAP,635557000000.0,1757641828025
2025-09-12 01:50:28.054000+00:00,MOODENG-USDT-SWAP,44599640.0,1757641828054
2025-09-12 01:50:28.036000+00:00,MORPHO-USDT-SWAP,1606226.0,1757641828036
2025-09-12 01:50:28.041000+00:00,MOVE-USDT-SWAP,27406420.0,1757641828041
2025-09-12 01:50:28.046000+00:00,MUBARAK-USDT-SWAP,12584700.0,1757641828046
2025-09-12 01:50:28.457000+00:00,NEAR-USDT-SWAP,5220346.0,1757641828457
2025-09-12 01:50:28.446000+00:00,NEIRO-USDT-SWAP,9032639000.0,1757641828446
2025-09-12 01:50:28.462000+00:00,NEIROETH-USDT-SWAP,12067600.0,1757641828462
2025-09-12 01:50:28.465000+00:00,NEO-USDT-SWAP,363200.0,1757641828465
2025-09-12 01:50:28.443000+00:00,NEWT-USDT-SWAP,3129300.0,1757641828443
2025-09-12 01:50:28.455000+00:00,NMR-USDT-SWAP,524261.2,1757641828455
2025-09-12 01:50:28.457000+00:00,NOT-USDT-SWAP,1665544600.0,1757641828457
2025-09-12 01:50:28.447000+00:00,NXPC-USDT-SWAP,1116751.0,1757641828447
2025-09-12 01:50:28.453000+00:00,OL-USDT-SWAP,89204030.0,1757641828453
2025-09-12 01:50:28.465000+00:00,OM-USDT-SWAP,24253317.000000004,1757641828465
2025-09-12 01:50:28.866000+00:00,ONDO-USDT-SWAP,24413880.0,1757641828866
2025-09-12 01:50:28.850000+00:00,ONE-USDT-SWAP,86988000.0,1757641828850
2025-09-12 01:50:28.855000+00:00,ONT-USDT-SWAP,10546980.0,1757641828855
2025-09-12 01:50:28.861000+00:00,OP-USDT-SWAP,24307071.0,1757641828861
2025-09-12 01:50:28.859000+00:00,ORBS-USDT-SWAP,29538900.0,1757641828859
2025-09-12 01:50:28.855000+00:00,ORDI-USDT-SWAP,1335001.5,1757641828855
2025-09-12 01:50:28.855000+00:00,PARTI-USDT-SWAP,14847990.0,1757641828855
2025-09-12 01:50:28.858000+00:00,PENGU-USDT-SWAP,652415600.0,1757641828858
2025-09-12 01:50:28.858000+00:00,PEOPLE-USDT-SWAP,346216600.0,1757641828858
2025-09-12 01:50:28.858000+00:00,PEPE-USDT-SWAP,8329629000000.002,1757641828858
2025-09-12 01:50:29.262000+00:00,PERP-USDT-SWAP,3143305.0,1757641829262
2025-09-12 01:50:29.268000+00:00,PI-USDT-SWAP,34250410.0,1757641829268
2025-09-12 01:50:29.277000+00:00,PLUME-USDT-SWAP,19607130.0,1757641829277
2025-09-12 01:50:29.269000+00:00,PNUT-USDT-SWAP,37014930.0,1757641829269
2025-09-12 01:50:29.266000+00:00,POL-USDT-SWAP,37104240.0,1757641829266
2025-09-12 01:50:29.271000+00:00,POPCAT-USDT-SWAP,9911450.0,1757641829271
2025-09-12 01:50:29.280000+00:00,PRCL-USDT-SWAP,18343102.0,1757641829280
2025-09-12 01:50:29.267000+00:00,PROMPT-USDT-SWAP,36573870.0,1757641829267
2025-09-12 01:50:29.274000+00:00,PUMP-USDT-SWAP,6913127000.0,1757641829274
2025-09-12 01:50:29.314000+00:00,PYTH-USDT-SWAP,46786920.0,1757641829314
2025-09-12 01:50:29.722000+00:00,QTUM-USDT-SWAP,1251463.0,1757641829722
2025-09-12 01:50:29.695000+00:00,RAY-USDT-SWAP,1010582.0,1757641829695
2025-09-12 01:50:29.704000+00:00,RENDER-USDT-SWAP,1387724.0,1757641829704
2025-09-12 01:50:29.705000+00:00,RESOLV-USDT-SWAP,24310590.0,1757641829705
2025-09-12 01:50:29.694000+00:00,RSR-USDT-SWAP,258175400.0,1757641829694
2025-09-12 01:50:29.701000+00:00,RVN-USDT-SWAP,73841700.0,1757641829701
2025-09-12 01:50:29.711000+00:00,S-USDT-SWAP,11310040.0,1757641829711
2025-09-12 01:50:29.714000+00:00,SAHARA-USDT-SWAP,55034120.0,1757641829714
2025-09-12 01:50:29.701000+00:00,SAND-USDT-SWAP,18819240.0,1757641829701
2025-09-12 01:50:29.715000+00:00,SATS-USDT-SWAP,217460710000000.0,1757641829715
2025-09-12 01:50:30.111000+00:00,SCR-USDT-SWAP,2897985.0,1757641830111
2025-09-12 01:50:30.109000+00:00,SHELL-USDT-SWAP,5888640.0,1757641830109
2025-09-12 01:50:30.127000+00:00,SHIB-USDT-SWAP,1768906000000.0,1757641830127
2025-09-12 01:50:30.125000+00:00,SIGN-USDT-SWAP,45233500.0,1757641830125
2025-09-12 01:50:30.104000+00:00,SLP-USDT-SWAP,412452470.0,1757641830104
2025-09-12 01:50:30.113000+00:00,SNX-USDT-SWAP,2353460.0,1757641830113
2025-09-12 01:50:30.127000+00:00,SOL-USDT-SWAP,3681251.5599999996,1757641830127
2025-09-12 01:50:30.121000+00:00,SOLV-USDT-SWAP,67733200.0,1757641830121
2025-09-12 01:50:30.117000+00:00,SONIC-USDT-SWAP,9987220.0,1757641830117
2025-09-12 01:50:30.131000+00:00,SOON-USDT-SWAP,9054340.0,1757641830131
2025-09-12 01:50:30.544000+00:00,SOPH-USDT-SWAP,80673200.0,1757641830544
2025-09-12 01:50:30.536000+00:00,SPK-USDT-SWAP,115928900.0,1757641830536
2025-09-12 01:50:30.557000+00:00,SPX-USDT-SWAP,1038096.0,1757641830557
2025-09-12 01:50:30.538000+00:00,SSV-USDT-SWAP,283018.4,1757641830538
2025-09-12 01:50:30.537000+00:00,STORJ-USDT-SWAP,5519670.0,1757641830537
2025-09-12 01:50:30.533000+00:00,STRK-USDT-SWAP,23109059.0,1757641830533
2025-09-12 01:50:30.541000+00:00,STX-USDT-SWAP,7221827.0,1757641830541
2025-09-12 01:50:30.534000+00:00,SUI-USDT-SWAP,20285924.0,1757641830534
2025-09-12 01:50:30.548000+00:00,SUSHI-USDT-SWAP,8061662.0,1757641830548
2025-09-12 01:50:30.547000+00:00,SWARMS-USDT-SWAP,85610910.0,1757641830547
2025-09-12 01:50:30.939000+00:00,SYRUP-USDT-SWAP,2870900.0,1757641830939
2025-09-12 01:50:30.938000+00:00,T-USDT-SWAP,46040400.0,1757641830938
2025-09-12 01:50:30.942000+00:00,TAO-USDT-SWAP,13812.1,1757641830942
2025-09-12 01:50:30.944000+00:00,THETA-USDT-SWAP,2937902.0,1757641830944
2025-09-12 01:50:30.940000+00:00,TIA-USDT-SWAP,5168187.0,1757641830940
2025-09-12 01:50:30.940000+00:00,TNSR-USDT-SWAP,8273772.0,1757641830940
2025-09-12 01:50:30.945000+00:00,TON-USDT-SWAP,8770239.0,1757641830945
2025-09-12 01:50:30.947000+00:00,TRB-USDT-SWAP,256422.8,1757641830947
2025-09-12 01:50:30.973000+00:00,TREE-USDT-SWAP,6819997.0,1757641830973
2025-09-12 01:50:30.946000+00:00,TRUMP-USDT-SWAP,5052126.9,1757641830946
2025-09-12 01:50:31.359000+00:00,TRX-USDT-SWAP,91097040.00000009,1757641831359
2025-09-12 01:50:31.368000+00:00,TURBO-USDT-SWAP,942266000.0000001,1757641831368
2025-09-12 01:50:31.366000+00:00,UMA-USDT-SWAP,1469841.8,1757641831366
2025-09-12 01:50:31.377000+00:00,UNI-USDT-SWAP,3241650.0,1757641831377
2025-09-12 01:50:31.354000+00:00,USDC-USDT-SWAP,1062290.0,1757641831354
2025-09-12 01:50:31.365000+00:00,USELESS-USDT-SWAP,11695850.0,1757641831365
2025-09-12 01:50:31.382000+00:00,USTC-USDT-SWAP,111108900.0,1757641831382
2025-09-12 01:50:31.357000+00:00,UXLINK-USDT-SWAP,5709890.0,1757641831357
2025-09-12 01:50:31.368000+00:00,VANA-USDT-SWAP,143783.3,1757641831368
2025-09-12 01:50:31.370000+00:00,VINE-USDT-SWAP,99107040.0,1757641831370
2025-09-12 01:50:31.767000+00:00,VIRTUAL-USDT-SWAP,3608736.0,1757641831767
2025-09-12 01:50:31.765000+00:00,W-USDT-SWAP,57374019.0,1757641831765
2025-09-12 01:50:31.782000+00:00,WAL-USDT-SWAP,2450870.0,1757641831782
2025-09-12 01:50:31.770000+00:00,WAXP-USDT-SWAP,23475800.0,1757641831770
2025-09-12 01:50:31.768000+00:00,WCT-USDT-SWAP,9750660.0,1757641831768
2025-09-12 01:50:31.768000+00:00,WIF-USDT-SWAP,16606825.0,1757641831768
2025-09-12 01:50:31.779000+00:00,WLD-USDT-SWAP,36186223.0,1757641831779
2025-09-12 01:50:31.764000+00:00,WLFI-USDT-SWAP,271189590.0,1757641831764
2025-09-12 01:50:31.769000+00:00,WOO-USDT-SWAP,21897740.0,1757641831769
2025-09-12 01:50:31.774000+00:00,XAUT-USDT-SWAP,5125.176,1757641831774
2025-09-12 01:50:32.197000+00:00,XLM-USDT-SWAP,47144600.0,1757641832197
2025-09-12 01:50:32.175000+00:00,XPL-USDT-SWAP,7154640.0,1757641832175
2025-09-12 01:50:32.182000+00:00,XRP-USDT-SWAP,88571119.99999996,1757641832182
2025-09-12 01:50:32.175000+00:00,XTZ-USDT-SWAP,4859840.0,1757641832175
2025-09-12 01:50:32.176000+00:00,YFI-USDT-SWAP,366.9249,1757641832176
2025-09-12 01:50:32.177000+00:00,YGG-USDT-SWAP,35638639.0,1757641832177
2025-09-12 01:50:32.197000+00:00,ZENT-USDT-SWAP,160304500.0,1757641832197
2025-09-12 01:50:32.179000+00:00,ZEREBRO-USDT-SWAP,54206400.0,1757641832179
2025-09-12 01:50:32.181000+00:00,ZETA-USDT-SWAP,5368390.0,1757641832181
2025-09-12 01:50:32.189000+00:00,ZIL-USDT-SWAP,174986600.0,1757641832189
2025-09-12 01:50:32.622000+00:00,ZK-USDT-SWAP,48387490.0,1757641832622
2025-09-12 01:50:32.590000+00:00,ZRO-USDT-SWAP,1761723.0,1757641832590
2025-09-12 01:50:32.692000+00:00,ZRX-USDT-SWAP,7753360.0,1757641832692
2025-09-12 01:51:33.355000+00:00,1INCH-USDT-SWAP,8144204.0,1757641893355
2025-09-12 01:51:33.356000+00:00,A-USDT-SWAP,11218710.0,1757641893356
2025-09-12 01:51:33.348000+00:00,AAVE-USDT-SWAP,132729.42,1757641893348
2025-09-12 01:51:33.384000+00:00,ACE-USDT-SWAP,2822252.0,1757641893384
2025-09-12 01:51:33.366000+00:00,ACH-USDT-SWAP,87872000.0,1757641893366
2025-09-12 01:51:33.366000+00:00,ACT-USDT-SWAP,81882212.0,1757641893366
2025-09-12 01:51:33.365000+00:00,ADA-USDT-SWAP,85491980.00000003,1757641893365
2025-09-12 01:51:33.388000+00:00,AERO-USDT-SWAP,1915680.0,1757641893388
2025-09-12 01:51:33.364000+00:00,AEVO-USDT-SWAP,15192868.0,1757641893364
2025-09-12 01:51:33.360000+00:00,AGLD-USDT-SWAP,1911577.0,1757641893360
2025-09-12 01:51:33.775000+00:00,AI16Z-USDT-SWAP,50945474.0,1757641893775
2025-09-12 01:51:33.777000+00:00,AIXBT-USDT-SWAP,25067030.0,1757641893777
2025-09-12 01:51:33.796000+00:00,ALCH-USDT-SWAP,13547220.0,1757641893796
2025-09-12 01:51:33.784000+00:00,ALGO-USDT-SWAP,27137030.0,1757641893784
2025-09-12 01:51:33.776000+00:00,ANIME-USDT-SWAP,95529920.0,1757641893776
2025-09-12 01:51:33.779000+00:00,APE-USDT-SWAP,8618344.2,1757641893779
2025-09-12 01:51:33.781000+00:00,API3-USDT-SWAP,2682658.0,1757641893781
2025-09-12 01:51:33.784000+00:00,APT-USDT-SWAP,3567623.0,1757641893784
2025-09-12 01:51:33.780000+00:00,AR-USDT-SWAP,491173.6,1757641893780
2025-09-12 01:51:33.795000+00:00,ARB-USDT-SWAP,34759372.999999985,1757641893795
2025-09-12 01:51:34.198000+00:00,ARC-USDT-SWAP,73255040.0,1757641894198
2025-09-12 01:51:34.190000+00:00,ARKM-USDT-SWAP,4970462.0,1757641894190
2025-09-12 01:51:34.198000+00:00,ATH-USDT-SWAP,158020200.0,1757641894198
2025-09-12 01:51:34.214000+00:00,ATOM-USDT-SWAP,2068760.0,1757641894214
2025-09-12 01:51:34.193000+00:00,AUCTION-USDT-SWAP,219752.6,1757641894193
2025-09-12 01:51:34.199000+00:00,AVAAI-USDT-SWAP,78989980.0,1757641894199
2025-09-12 01:51:34.202000+00:00,AVAX-USDT-SWAP,2409428.6999999993,1757641894202
2025-09-12 01:51:34.198000+00:00,AXS-USDT-SWAP,1169414.0,1757641894198
2025-09-12 01:51:34.193000+00:00,BABY-USDT-SWAP,36954720.0,1757641894193
2025-09-12 01:51:34.203000+00:00,BAND-USDT-SWAP,1498277.0,1757641894203
2025-09-12 01:51:34.603000+00:00,BAT-USDT-SWAP,5680820.0,1757641894603
2025-09-12 01:51:34.601000+00:00,BCH-USDT-SWAP,70191.83999999997,1757641894601
2025-09-12 01:51:34.620000+00:00,BERA-USDT-SWAP,2549056.3,1757641894620
2025-09-12 01:51:34.607000+00:00,BICO-USDT-SWAP,7921631.0,1757641894607
2025-09-12 01:51:34.601000+00:00,BIGTIME-USDT-SWAP,40453720.0,1757641894601
2025-09-12 01:51:34.604000+00:00,BIO-USDT-SWAP,62901029.0,1757641894604
2025-09-12 01:51:34.611000+00:00,BLUR-USDT-SWAP,25248620.0,1757641894611
2025-09-12 01:51:34.601000+00:00,BNB-USDT-SWAP,104904.68,1757641894601
2025-09-12 01:51:34.604000+00:00,BNT-USDT-SWAP,710800.0,1757641894604
2025-09-12 01:51:34.633000+00:00,BOME-USDT-SWAP,1303334000.0,1757641894633
2025-09-12 01:51:35.025000+00:00,BONK-USDT-SWAP,571567400000.0,1757641895025
2025-09-12 01:51:35.022000+00:00,BRETT-USDT-SWAP,11831900.0,1757641895022
2025-09-12 01:51:35.042000+00:00,BTC-USDT-SWAP,28448.488200000065,1757641895042
2025-09-12 01:51:35.074000+00:00,CAT-USDT-SWAP,137741000000.0,1757641895074
2025-09-12 01:51:35.028000+00:00,CATI-USDT-SWAP,15437550.0,1757641895028
2025-09-12 01:51:35.035000+00:00,CELO-USDT-SWAP,4521508.0,1757641895035
2025-09-12 01:51:35.037000+00:00,CETUS-USDT-SWAP,21802140.0,1757641895037
2025-09-12 01:51:35.034000+00:00,CFX-USDT-SWAP,79875440.0,1757641895034
2025-09-12 01:51:35.037000+00:00,CHZ-USDT-SWAP,79371670.0,1757641895037
2025-09-12 01:51:35.038000+00:00,COMP-USDT-SWAP,90632.7,1757641895038
2025-09-12 01:51:35.505000+00:00,COOKIE-USDT-SWAP,4499370.0,1757641895505
2025-09-12 01:51:35.458000+00:00,CORE-USDT-SWAP,9635868.0,1757641895458
2025-09-12 01:51:35.472000+00:00,CRO-USDT-SWAP,58919920.0,1757641895472
2025-09-12 01:51:35.467000+00:00,CRV-USDT-SWAP,23168962.0,1757641895467
2025-09-12 01:51:35.461000+00:00,CTC-USDT-SWAP,1765640.0,1757641895461
2025-09-12 01:51:35.481000+00:00,CVC-USDT-SWAP,9275700.0,1757641895481
2025-09-12 01:51:35.467000+00:00,CVX-USDT-SWAP,344273.0,1757641895467
2025-09-12 01:51:35.462000+00:00,DEGEN-USDT-SWAP,321507000.0,1757641895462
2025-09-12 01:51:35.466000+00:00,DGB-USDT-SWAP,44780100.0,1757641895466
2025-09-12 01:51:35.468000+00:00,DOG-USDT-SWAP,282400000.0,1757641895468
2025-09-12 01:51:35.890000+00:00,DOGE-USDT-SWAP,1657837799.9999993,1757641895890
2025-09-12 01:51:35.890000+00:00,DOGS-USDT-SWAP,16314838000.0,1757641895890
2025-09-12 01:51:35.923000+00:00,DOOD-USDT-SWAP,153818000.0,1757641895923
2025-09-12 01:51:35.900000+00:00,DOT-USDT-SWAP,6050429.0,1757641895900
2025-09-12 01:51:35.899000+00:00,DUCK-USDT-SWAP,674398600.0,1757641895899
2025-09-12 01:51:35.900000+00:00,DYDX-USDT-SWAP,10471068.0,1757641895900
2025-09-12 01:51:35.903000+00:00,EGLD-USDT-SWAP,111038.7,1757641895903
2025-09-12 01:51:35.898000+00:00,EIGEN-USDT-SWAP,3775280.0,1757641895898
2025-09-12 01:51:35.909000+00:00,ENJ-USDT-SWAP,13648780.0,1757641895909
2025-09-12 01:51:35.925000+00:00,ENS-USDT-SWAP,335519.8,1757641895925
2025-09-12 01:51:36.320000+00:00,ETC-USDT-SWAP,1094102.1,1757641896320
2025-09-12 01:51:36.313000+00:00,ETH-USDT-SWAP,753443.2960000024,1757641896313
2025-09-12 01:51:36.322000+00:00,ETHFI-USDT-SWAP,9825714.0,1757641896322
2025-09-12 01:51:36.325000+00:00,ETHW-USDT-SWAP,1191592.4,1757641896325
2025-09-12 01:51:36.323000+00:00,FARTCOIN-USDT-SWAP,21219375.0,1757641896323
2025-09-12 01:51:36.326000+00:00,FIL-USDT-SWAP,14516843.2,1757641896326
2025-09-12 01:51:36.332000+00:00,FLM-USDT-SWAP,28589610.0,1757641896332
2025-09-12 01:51:36.351000+00:00,FLOKI-USDT-SWAP,39258100000.0,1757641896351
2025-09-12 01:51:36.326000+00:00,FLOW-USDT-SWAP,4967720.0,1757641896326
2025-09-12 01:51:36.342000+00:00,FXS-USDT-SWAP,400209.0,1757641896342
2025-09-12 01:51:36.792000+00:00,GALA-USDT-SWAP,448360680.0,1757641896792
2025-09-12 01:51:36.791000+00:00,GAS-USDT-SWAP,388313.0,1757641896791
2025-09-12 01:51:36.799000+00:00,GLM-USDT-SWAP,2989050.0,1757641896799
2025-09-12 01:51:36.794000+00:00,GMT-USDT-SWAP,43917428.0,1757641896794
2025-09-12 01:51:36.797000+00:00,GMX-USDT-SWAP,65355.7,1757641896797
2025-09-12 01:51:36.850000+00:00,GOAT-USDT-SWAP,28189540.0,1757641896850
2025-09-12 01:51:36.854000+00:00,GODS-USDT-SWAP,6891355.0,1757641896854
2025-09-12 01:51:36.801000+00:00,GPS-USDT-SWAP,159879240.0,1757641896801
2025-09-12 01:51:36.790000+00:00,GRASS-USDT-SWAP,3059872.0,1757641896790
2025-09-12 01:51:36.808000+00:00,GRIFFAIN-USDT-SWAP,24869810.0,1757641896808
2025-09-12 01:51:37.247000+00:00,GRT-USDT-SWAP,24668120.0,1757641897247
2025-09-12 01:51:37.245000+00:00,H-USDT-SWAP,55329300.0,1757641897245
2025-09-12 01:51:37.270000+00:00,HBAR-USDT-SWAP,76458740.00000001,1757641897270
2025-09-12 01:51:37.271000+00:00,HMSTR-USDT-SWAP,1160756500.0,1757641897271
2025-09-12 01:51:37.258000+00:00,HOME-USDT-SWAP,21351200.0,1757641897258
2025-09-12 01:51:37.266000+00:00,HUMA-USDT-SWAP,75040400.0,1757641897266
2025-09-12 01:51:37.273000+00:00,HYPE-USDT-SWAP,1071197.0,1757641897273
2025-09-12 01:51:37.249000+00:00,ICP-USDT-SWAP,1395513.61,1757641897249
2025-09-12 01:51:37.258000+00:00,ICX-USDT-SWAP,5538160.0,1757641897258
2025-09-12 01:51:37.259000+00:00,IMX-USDT-SWAP,6701761.0,1757641897259
2025-09-12 01:51:37.693000+00:00,INIT-USDT-SWAP,3662990.0,1757641897693
2025-09-12 01:51:37.691000+00:00,INJ-USDT-SWAP,872686.5,1757641897691
2025-09-12 01:51:37.703000+00:00,IOST-USDT-SWAP,289796000.0,1757641897703
2025-09-12 01:51:37.693000+00:00,IOTA-USDT-SWAP,16054380.0,1757641897693
2025-09-12 01:51:37.700000+00:00,IP-USDT-SWAP,2449458.0,1757641897700
2025-09-12 01:51:37.704000+00:00,JELLYJELLY-USDT-SWAP,190093600.0,1757641897704
2025-09-12 01:51:37.697000+00:00,JOE-USDT-SWAP,6252090.0,1757641897697
2025-09-12 01:51:37.692000+00:00,JTO-USDT-SWAP,3193911.0,1757641897692
2025-09-12 01:51:37.717000+00:00,JUP-USDT-SWAP,15972290.0,1757641897717
2025-09-12 01:51:38.094000+00:00,KAITO-USDT-SWAP,5747397.0,1757641898094
2025-09-12 01:51:38.101000+00:00,KMNO-USDT-SWAP,49381600.0,1757641898101
2025-09-12 01:51:38.125000+00:00,KSM-USDT-SWAP,133287.3,1757641898125
2025-09-12 01:51:38.106000+00:00,LA-USDT-SWAP,3002380.0,1757641898106
2025-09-12 01:51:38.101000+00:00,LAUNCHCOIN-USDT-SWAP,51614190.0,1757641898101
2025-09-12 01:51:38.130000+00:00,LAYER-USDT-SWAP,7204422.0,1757641898130
2025-09-12 01:51:38.115000+00:00,LDO-USDT-SWAP,15250351.0,1757641898115
2025-09-12 01:51:38.100000+00:00,LINK-USDT-SWAP,2589050.3,1757641898100
2025-09-12 01:51:38.122000+00:00,LPT-USDT-SWAP,745482.2,1757641898122
2025-09-12 01:51:38.118000+00:00,LQTY-USDT-SWAP,1532783.0,1757641898118
2025-09-12 01:51:38.527000+00:00,LRC-USDT-SWAP,18439120.0,1757641898527
2025-09-12 01:51:38.518000+00:00,LTC-USDT-SWAP,688747.5,1757641898518
2025-09-12 01:51:38.558000+00:00,LUNA-USDT-SWAP,15158247.0,1757641898558
2025-09-12 01:51:38.518000+00:00,LUNC-USDT-SWAP,30780440000.0,1757641898518
2025-09-12 01:51:38.521000+00:00,MAGIC-USDT-SWAP,19871962.0,1757641898521
2025-09-12 01:51:38.522000+00:00,MAJOR-USDT-SWAP,4675568.0,1757641898522
2025-09-12 01:51:38.525000+00:00,MANA-USDT-SWAP,10220200.0,1757641898525
2025-09-12 01:51:38.520000+00:00,MASK-USDT-SWAP,3056254.0,1757641898520
2025-09-12 01:51:38.521000+00:00,ME-USDT-SWAP,3593304.0,1757641898521
2025-09-12 01:51:38.528000+00:00,MEME-USDT-SWAP,1824936500.0,1757641898528
2025-09-12 01:51:38.962000+00:00,MERL-USDT-SWAP,45975316.0,1757641898962
2025-09-12 01:51:38.940000+00:00,METIS-USDT-SWAP,104086.0,1757641898940
2025-09-12 01:51:39.010000+00:00,MEW-USDT-SWAP,1035680000.0,1757641899010
2025-09-12 01:51:38.955000+00:00,MINA-USDT-SWAP,8027931.0,1757641898955
2025-09-12 01:51:38.955000+00:00,MOG-USDT-SWAP,635612000000.0,1757641898955
2025-09-12 01:51:38.957000+00:00,MOODENG-USDT-SWAP,44607440.0,1757641898957
2025-09-12 01:51:38.969000+00:00,MORPHO-USDT-SWAP,1605786.0,1757641898969
2025-09-12 01:51:38.959000+00:00,MOVE-USDT-SWAP,27404720.0,1757641898959
2025-09-12 01:51:38.954000+00:00,MUBARAK-USDT-SWAP,12584400.0,1757641898954
2025-09-12 01:51:39.386000+00:00,NEAR-USDT-SWAP,5220806.0,1757641899386
2025-09-12 01:51:39.389000+00:00,NEIRO-USDT-SWAP,9038568000.0,1757641899389
2025-09-12 01:51:39.417000+00:00,NEIROETH-USDT-SWAP,12068400.0,1757641899417
2025-09-12 01:51:39.413000+00:00,NEO-USDT-SWAP,363121.0,1757641899413
2025-09-12 01:51:39.401000+00:00,NEWT-USDT-SWAP,3128760.0,1757641899401
2025-09-12 01:51:39.393000+00:00,NMR-USDT-SWAP,523486.1,1757641899393
2025-09-12 01:51:39.407000+00:00,NOT-USDT-SWAP,1665494200.0,1757641899407
2025-09-12 01:51:39.398000+00:00,NXPC-USDT-SWAP,1116703.0,1757641899398
2025-09-12 01:51:39.392000+00:00,OL-USDT-SWAP,89199370.0,1757641899392
2025-09-12 01:51:39.412000+00:00,OM-USDT-SWAP,24252633.000000004,1757641899412
2025-09-12 01:51:39.815000+00:00,ONDO-USDT-SWAP,24414240.0,1757641899815
2025-09-12 01:51:39.807000+00:00,ONE-USDT-SWAP,86993100.0,1757641899807
2025-09-12 01:51:39.818000+00:00,ONT-USDT-SWAP,10545630.0,1757641899818
2025-09-12 01:51:39.825000+00:00,OP-USDT-SWAP,24339085.0,1757641899825
2025-09-12 01:51:39.814000+00:00,ORBS-USDT-SWAP,29509600.0,1757641899814
2025-09-12 01:51:39.816000+00:00,ORDI-USDT-SWAP,1334741.4,1757641899816
2025-09-12 01:51:39.821000+00:00,PARTI-USDT-SWAP,14855470.0,1757641899821
2025-09-12 01:51:39.818000+00:00,PENGU-USDT-SWAP,652931000.0,1757641899818
2025-09-12 01:51:39.817000+00:00,PEOPLE-USDT-SWAP,346214800.0,1757641899817
2025-09-12 01:51:39.819000+00:00,PEPE-USDT-SWAP,8336745000000.003,1757641899819
2025-09-12 01:51:40.212000+00:00,PERP-USDT-SWAP,3143285.0,1757641900212
2025-09-12 01:51:40.206000+00:00,PI-USDT-SWAP,34247775.0,1757641900206
2025-09-12 01:51:40.226000+00:00,PLUME-USDT-SWAP,19611920.0,1757641900226
2025-09-12 01:51:40.210000+00:00,PNUT-USDT-SWAP,36978470.0,1757641900210
2025-09-12 01:51:40.210000+00:00,POL-USDT-SWAP,37094120.0,1757641900210
2025-09-12 01:51:40.213000+00:00,POPCAT-USDT-SWAP,9911750.0,1757641900213
2025-09-12 01:51:40.213000+00:00,PRCL-USDT-SWAP,18336301.0,1757641900213
2025-09-12 01:51:40.227000+00:00,PROMPT-USDT-SWAP,36527220.0,1757641900227
2025-09-12 01:51:40.210000+00:00,PUMP-USDT-SWAP,6916978000.0,1757641900210
2025-09-12 01:51:40.214000+00:00,PYTH-USDT-SWAP,46778810.0,1757641900214
2025-09-12 01:51:40.633000+00:00,QTUM-USDT-SWAP,1249925.0,1757641900633
2025-09-12 01:51:40.624000+00:00,RAY-USDT-SWAP,1010646.0,1757641900624
2025-09-12 01:51:40.628000+00:00,RENDER-USDT-SWAP,1387999.0,1757641900628
2025-09-12 01:51:40.634000+00:00,RESOLV-USDT-SWAP,24319990.0,1757641900634
2025-09-12 01:51:40.623000+00:00,RSR-USDT-SWAP,258185600.0,1757641900623
2025-09-12 01:51:40.630000+00:00,RVN-USDT-SWAP,73821790.0,1757641900630
2025-09-12 01:51:40.661000+00:00,S-USDT-SWAP,11311610.0,1757641900661
2025-09-12 01:51:40.673000+00:00,SAHARA-USDT-SWAP,55029340.0,1757641900673
2025-09-12 01:51:40.642000+00:00,SAND-USDT-SWAP,18823350.0,1757641900642
2025-09-12 01:51:40.637000+00:00,SATS-USDT-SWAP,217292620000000.0,1757641900637
2025-09-12 01:51:41.061000+00:00,SCR-USDT-SWAP,2897984.0,1757641901061
2025-09-12 01:51:41.064000+00:00,SHELL-USDT-SWAP,5890250.0,1757641901064
2025-09-12 01:51:41.110000+00:00,SHIB-USDT-SWAP,1768457600000.0,1757641901110
2025-09-12 01:51:41.075000+00:00,SIGN-USDT-SWAP,45232900.0,1757641901075
2025-09-12 01:51:41.060000+00:00,SLP-USDT-SWAP,412451130.0,1757641901060
2025-09-12 01:51:41.062000+00:00,SNX-USDT-SWAP,2353449.0,1757641901062
2025-09-12 01:51:41.068000+00:00,SOL-USDT-SWAP,3681503.849999999,1757641901068
2025-09-12 01:51:41.064000+00:00,SOLV-USDT-SWAP,67728400.0,1757641901064
2025-09-12 01:51:41.056000+00:00,SONIC-USDT-SWAP,9977302.0,1757641901056
2025-09-12 01:51:41.164000+00:00,SOON-USDT-SWAP,9029640.0,1757641901164
2025-09-12 01:51:41.572000+00:00,SOPH-USDT-SWAP,80666000.0,1757641901572
2025-09-12 01:51:41.607000+00:00,SPK-USDT-SWAP,115813900.0,1757641901607
2025-09-12 01:51:41.574000+00:00,SPX-USDT-SWAP,1038545.0,1757641901574
2025-09-12 01:51:41.562000+00:00,SSV-USDT-SWAP,283146.7,1757641901562
2025-09-12 01:51:41.556000+00:00,STORJ-USDT-SWAP,5519660.0,1757641901556
2025-09-12 01:51:41.577000+00:00,STRK-USDT-SWAP,23110130.0,1757641901577
2025-09-12 01:51:41.579000+00:00,STX-USDT-SWAP,7220571.999999999,1757641901579
2025-09-12 01:51:41.573000+00:00,SUI-USDT-SWAP,20292471.0,1757641901573
2025-09-12 01:51:41.572000+00:00,SUSHI-USDT-SWAP,8057563.0,1757641901572
2025-09-12 01:51:41.579000+00:00,SWARMS-USDT-SWAP,86553680.0,1757641901579
2025-09-12 01:51:41.991000+00:00,SYRUP-USDT-SWAP,2868860.0,1757641901991
2025-09-12 01:51:41.993000+00:00,T-USDT-SWAP,46040400.0,1757641901993
2025-09-12 01:51:42.004000+00:00,TAO-USDT-SWAP,13813.19,1757641902004
2025-09-12 01:51:42+00:00,THETA-USDT-SWAP,2939125.9999999995,1757641902000
2025-09-12 01:51:42.002000+00:00,TIA-USDT-SWAP,5167872.0,1757641902002
2025-09-12 01:51:42.008000+00:00,TNSR-USDT-SWAP,8273998.0,1757641902008
2025-09-12 01:51:41.999000+00:00,TON-USDT-SWAP,8769397.0,1757641901999
2025-09-12 01:51:41.998000+00:00,TRB-USDT-SWAP,256397.5,1757641901998
2025-09-12 01:51:41.997000+00:00,TREE-USDT-SWAP,6818621.0,1757641901997
2025-09-12 01:51:42.012000+00:00,TRUMP-USDT-SWAP,5052729.7,1757641902012
2025-09-12 01:51:42.402000+00:00,TRX-USDT-SWAP,91090160.00000009,1757641902402
2025-09-12 01:51:42.413000+00:00,TURBO-USDT-SWAP,942245000.0000001,1757641902413
2025-09-12 01:51:42.411000+00:00,UMA-USDT-SWAP,1470014.7,1757641902411
2025-09-12 01:51:42.413000+00:00,UNI-USDT-SWAP,3242196.0,1757641902413
2025-09-12 01:51:42.414000+00:00,USDC-USDT-SWAP,1062290.0,1757641902414
2025-09-12 01:51:42.448000+00:00,USELESS-USDT-SWAP,11695330.0,1757641902448
2025-09-12 01:51:42.428000+00:00,USTC-USDT-SWAP,111086000.0,1757641902428
2025-09-12 01:51:42.403000+00:00,UXLINK-USDT-SWAP,5710790.0,1757641902403
2025-09-12 01:51:42.403000+00:00,VANA-USDT-SWAP,143782.6,1757641902403
2025-09-12 01:51:42.408000+00:00,VINE-USDT-SWAP,99100830.0,1757641902408
2025-09-12 01:51:42.848000+00:00,VIRTUAL-USDT-SWAP,3608354.0,1757641902848
2025-09-12 01:51:42.841000+00:00,W-USDT-SWAP,57399431.0,1757641902841
2025-09-12 01:51:42.848000+00:00,WAL-USDT-SWAP,2450970.0,1757641902848
2025-09-12 01:51:42.860000+00:00,WAXP-USDT-SWAP,23475300.0,1757641902860
2025-09-12 01:51:42.855000+00:00,WCT-USDT-SWAP,9752540.0,1757641902855
2025-09-12 01:51:42.862000+00:00,WIF-USDT-SWAP,16587260.0,1757641902862
2025-09-12 01:51:42.863000+00:00,WLD-USDT-SWAP,36203767.0,1757641902863
2025-09-12 01:51:42.851000+00:00,WLFI-USDT-SWAP,271230530.0,1757641902851
2025-09-12 01:51:42.847000+00:00,WOO-USDT-SWAP,21897070.0,1757641902847
2025-09-12 01:51:42.857000+00:00,XAUT-USDT-SWAP,5125.322,1757641902857
2025-09-12 01:51:43.251000+00:00,XLM-USDT-SWAP,47168110.0,1757641903251
2025-09-12 01:51:43.247000+00:00,XPL-USDT-SWAP,7157790.0,1757641903247
2025-09-12 01:51:43.270000+00:00,XRP-USDT-SWAP,88560238.99999996,1757641903270
2025-09-12 01:51:43.258000+00:00,XTZ-USDT-SWAP,4859372.0,1757641903258
2025-09-12 01:51:43.248000+00:00,YFI-USDT-SWAP,366.9305,1757641903248
2025-09-12 01:51:43.263000+00:00,YGG-USDT-SWAP,35640462.0,1757641903263
2025-09-12 01:51:43.258000+00:00,ZENT-USDT-SWAP,160162700.0,1757641903258
2025-09-12 01:51:43.253000+00:00,ZEREBRO-USDT-SWAP,54208230.0,1757641903253
2025-09-12 01:51:43.267000+00:00,ZETA-USDT-SWAP,5366440.0,1757641903267
2025-09-12 01:51:43.259000+00:00,ZIL-USDT-SWAP,174991400.0,1757641903259
2025-09-12 01:51:43.662000+00:00,ZK-USDT-SWAP,48360800.0,1757641903662
2025-09-12 01:51:43.665000+00:00,ZRO-USDT-SWAP,1761769.0,1757641903665
2025-09-12 01:51:43.669000+00:00,ZRX-USDT-SWAP,7787670.0,1757641903669
2025-09-12 01:52:44.325000+00:00,1INCH-USDT-SWAP,8140711.0,1757641964325
2025-09-12 01:52:44.346000+00:00,A-USDT-SWAP,11208320.0,1757641964346
2025-09-12 01:52:44.329000+00:00,AAVE-USDT-SWAP,132607.75,1757641964329
2025-09-12 01:52:44.344000+00:00,ACE-USDT-SWAP,2816958.0,1757641964344
2025-09-12 01:52:44.346000+00:00,ACH-USDT-SWAP,87872000.0,1757641964346
2025-09-12 01:52:44.373000+00:00,ACT-USDT-SWAP,81882210.0,1757641964373
2025-09-12 01:52:44.333000+00:00,ADA-USDT-SWAP,85473180.00000001,1757641964333
2025-09-12 01:52:44.358000+00:00,AERO-USDT-SWAP,1914150.0,1757641964358
2025-09-12 01:52:44.342000+00:00,AEVO-USDT-SWAP,15193309.0,1757641964342
2025-09-12 01:52:44.337000+00:00,AGLD-USDT-SWAP,1911636.0,1757641964337
2025-09-12 01:52:44.771000+00:00,AI16Z-USDT-SWAP,50939935.0,1757641964771
2025-09-12 01:52:44.775000+00:00,AIXBT-USDT-SWAP,25072900.0,1757641964775
2025-09-12 01:52:44.784000+00:00,ALCH-USDT-SWAP,13544530.0,1757641964784
2025-09-12 01:52:44.788000+00:00,ALGO-USDT-SWAP,27137370.0,1757641964788
2025-09-12 01:52:44.776000+00:00,ANIME-USDT-SWAP,95518250.0,1757641964776
2025-09-12 01:52:44.782000+00:00,APE-USDT-SWAP,8619029.1,1757641964782
2025-09-12 01:52:44.798000+00:00,API3-USDT-SWAP,2681997.0,1757641964798
2025-09-12 01:52:44.782000+00:00,APT-USDT-SWAP,3567727.0,1757641964782
2025-09-12 01:52:44.779000+00:00,AR-USDT-SWAP,491380.6,1757641964779
2025-09-12 01:52:44.785000+00:00,ARB-USDT-SWAP,34752975.999999985,1757641964785
2025-09-12 01:52:45.176000+00:00,ARC-USDT-SWAP,73398180.0,1757641965176
2025-09-12 01:52:45.181000+00:00,ARKM-USDT-SWAP,4968723.0,1757641965181
2025-09-12 01:52:45.191000+00:00,ATH-USDT-SWAP,158163200.0,1757641965191
2025-09-12 01:52:45.188000+00:00,ATOM-USDT-SWAP,2068709.0,1757641965188
2025-09-12 01:52:45.179000+00:00,AUCTION-USDT-SWAP,219740.5,1757641965179
2025-09-12 01:52:45.191000+00:00,AVAAI-USDT-SWAP,78957970.0,1757641965191
2025-09-12 01:52:45.187000+00:00,AVAX-USDT-SWAP,2410363.6999999993,1757641965187
2025-09-12 01:52:45.252000+00:00,AXS-USDT-SWAP,1169023.9,1757641965252
2025-09-12 01:52:45.182000+00:00,BABY-USDT-SWAP,36937510.0,1757641965182
2025-09-12 01:52:45.191000+00:00,BAND-USDT-SWAP,1497647.0,1757641965191
2025-09-12 01:52:45.634000+00:00,BAT-USDT-SWAP,5680820.0,1757641965634
2025-09-12 01:52:45.652000+00:00,BCH-USDT-SWAP,70219.16999999997,1757641965652
2025-09-12 01:52:45.644000+00:00,BERA-USDT-SWAP,2556371.9,1757641965644
2025-09-12 01:52:45.665000+00:00,BICO-USDT-SWAP,7922126.0,1757641965665
2025-09-12 01:52:45.638000+00:00,BIGTIME-USDT-SWAP,40344960.0,1757641965638
2025-09-12 01:52:45.647000+00:00,BIO-USDT-SWAP,63346232.0,1757641965647
2025-09-12 01:52:45.649000+00:00,BLUR-USDT-SWAP,25244710.0,1757641965649
2025-09-12 01:52:45.644000+00:00,BNB-USDT-SWAP,104919.14,1757641965644
2025-09-12 01:52:45.652000+00:00,BNT-USDT-SWAP,710820.0,1757641965652
2025-09-12 01:52:45.637000+00:00,BOME-USDT-SWAP,1305137000.0,1757641965637
2025-09-12 01:52:46.158000+00:00,BONK-USDT-SWAP,571565100000.0,1757641966158
2025-09-12 01:52:46.080000+00:00,BRETT-USDT-SWAP,11825200.0,1757641966080
2025-09-12 01:52:46.064000+00:00,BTC-USDT-SWAP,28447.524600000066,1757641966064
2025-09-12 01:52:46.064000+00:00,CAT-USDT-SWAP,137740400000.0,1757641966064
2025-09-12 01:52:46.053000+00:00,CATI-USDT-SWAP,15434045.0,1757641966053
2025-09-12 01:52:46.059000+00:00,CELO-USDT-SWAP,4523790.0,1757641966059
2025-09-12 01:52:46.062000+00:00,CETUS-USDT-SWAP,21802150.0,1757641966062
2025-09-12 01:52:46.051000+00:00,CFX-USDT-SWAP,79873170.0,1757641966051
2025-09-12 01:52:46.058000+00:00,CHZ-USDT-SWAP,79368310.0,1757641966058
2025-09-12 01:52:46.061000+00:00,COMP-USDT-SWAP,90644.9,1757641966061
2025-09-12 01:52:46.536000+00:00,COOKIE-USDT-SWAP,4496650.0,1757641966536
2025-09-12 01:52:46.540000+00:00,CORE-USDT-SWAP,9635722.0,1757641966540
2025-09-12 01:52:46.560000+00:00,CRO-USDT-SWAP,58913970.0,1757641966560
2025-09-12 01:52:46.543000+00:00,CRV-USDT-SWAP,23166726.0,1757641966543
2025-09-12 01:52:46.536000+00:00,CTC-USDT-SWAP,1765630.0,1757641966536
2025-09-12 01:52:46.550000+00:00,CVC-USDT-SWAP,9275200.0,1757641966550
2025-09-12 01:52:46.547000+00:00,CVX-USDT-SWAP,344259.0,1757641966547
2025-09-12 01:52:46.555000+00:00,DEGEN-USDT-SWAP,322013200.0,1757641966555
2025-09-12 01:52:46.544000+00:00,DGB-USDT-SWAP,44778700.0,1757641966544
2025-09-12 01:52:46.563000+00:00,DOG-USDT-SWAP,282400000.0,1757641966563
2025-09-12 01:52:46.942000+00:00,DOGE-USDT-SWAP,1657461119.9999993,1757641966942
2025-09-12 01:52:46.947000+00:00,DOGS-USDT-SWAP,16314841000.0,1757641966947
2025-09-12 01:52:47.031000+00:00,DOOD-USDT-SWAP,153813000.0,1757641967031
2025-09-12 01:52:46.977000+00:00,DOT-USDT-SWAP,6051189.0,1757641966977
2025-09-12 01:52:46.946000+00:00,DUCK-USDT-SWAP,674219900.0,1757641966946
2025-09-12 01:52:46.953000+00:00,DYDX-USDT-SWAP,10469828.0,1757641966953
2025-09-12 01:52:46.968000+00:00,EGLD-USDT-SWAP,111014.3,1757641966968
2025-09-12 01:52:46.953000+00:00,EIGEN-USDT-SWAP,3773013.0,1757641966953
2025-09-12 01:52:46.944000+00:00,ENJ-USDT-SWAP,13647790.0,1757641966944
2025-09-12 01:52:46.956000+00:00,ENS-USDT-SWAP,335474.7,1757641966956
2025-09-12 01:52:47.412000+00:00,ETC-USDT-SWAP,1093653.1,1757641967412
2025-09-12 01:52:47.417000+00:00,ETH-USDT-SWAP,754390.8740000024,1757641967417
2025-09-12 01:52:47.425000+00:00,ETHFI-USDT-SWAP,9822657.0,1757641967425
2025-09-12 01:52:47.432000+00:00,ETHW-USDT-SWAP,1191581.2,1757641967432
2025-09-12 01:52:47.414000+00:00,FARTCOIN-USDT-SWAP,21214675.0,1757641967414
2025-09-12 01:52:47.419000+00:00,FIL-USDT-SWAP,14516781.8,1757641967419
2025-09-12 01:52:47.427000+00:00,FLM-USDT-SWAP,28663510.0,1757641967427
2025-09-12 01:52:47.425000+00:00,FLOKI-USDT-SWAP,39257000000.0,1757641967425
2025-09-12 01:52:47.413000+00:00,FLOW-USDT-SWAP,4967720.0,1757641967413
2025-09-12 01:52:47.423000+00:00,FXS-USDT-SWAP,400133.0,1757641967423
2025-09-12 01:52:47.815000+00:00,GALA-USDT-SWAP,448493910.0,1757641967815
2025-09-12 01:52:47.826000+00:00,GAS-USDT-SWAP,388311.0,1757641967826
2025-09-12 01:52:47.834000+00:00,GLM-USDT-SWAP,2989050.0,1757641967834
2025-09-12 01:52:47.843000+00:00,GMT-USDT-SWAP,43915442.0,1757641967843
2025-09-12 01:52:47.821000+00:00,GMX-USDT-SWAP,65364.8,1757641967821
2025-09-12 01:52:47.819000+00:00,GOAT-USDT-SWAP,28183950.0,1757641967819
2025-09-12 01:52:47.835000+00:00,GODS-USDT-SWAP,6925535.0,1757641967835
2025-09-12 01:52:47.827000+00:00,GPS-USDT-SWAP,160223020.0,1757641967827
2025-09-12 01:52:47.822000+00:00,GRASS-USDT-SWAP,3056344.0,1757641967822
2025-09-12 01:52:47.824000+00:00,GRIFFAIN-USDT-SWAP,24863730.0,1757641967824
2025-09-12 01:52:48.229000+00:00,GRT-USDT-SWAP,24666020.0,1757641968229
2025-09-12 01:52:48.226000+00:00,H-USDT-SWAP,55329700.0,1757641968226
2025-09-12 01:52:48.235000+00:00,HBAR-USDT-SWAP,76459420.00000001,1757641968235
2025-09-12 01:52:48.232000+00:00,HMSTR-USDT-SWAP,1159152600.0,1757641968232
2025-09-12 01:52:48.291000+00:00,HOME-USDT-SWAP,21544900.0,1757641968291
2025-09-12 01:52:48.271000+00:00,HUMA-USDT-SWAP,75040500.0,1757641968271
2025-09-12 01:52:48.238000+00:00,HYPE-USDT-SWAP,1071356.7,1757641968238
2025-09-12 01:52:48.231000+00:00,ICP-USDT-SWAP,1394895.85,1757641968231
2025-09-12 01:52:48.227000+00:00,ICX-USDT-SWAP,5537830.0,1757641968227
2025-09-12 01:52:48.236000+00:00,IMX-USDT-SWAP,6701646.0,1757641968236
2025-09-12 01:52:48.671000+00:00,INIT-USDT-SWAP,3663810.0,1757641968671
2025-09-12 01:52:48.681000+00:00,INJ-USDT-SWAP,872710.9,1757641968681
2025-09-12 01:52:48.729000+00:00,IOST-USDT-SWAP,289796000.0,1757641968729
2025-09-12 01:52:48.676000+00:00,IOTA-USDT-SWAP,16054430.0,1757641968676
2025-09-12 01:52:48.678000+00:00,IP-USDT-SWAP,2447892.0,1757641968678
2025-09-12 01:52:48.708000+00:00,JELLYJELLY-USDT-SWAP,190097600.0,1757641968708
2025-09-12 01:52:48.683000+00:00,JOE-USDT-SWAP,6252210.0,1757641968683
2025-09-12 01:52:48.676000+00:00,JTO-USDT-SWAP,3193901.0,1757641968676
2025-09-12 01:52:48.687000+00:00,JUP-USDT-SWAP,15977430.0,1757641968687
2025-09-12 01:52:49.111000+00:00,KAITO-USDT-SWAP,5744845.0,1757641969111
2025-09-12 01:52:49.111000+00:00,KMNO-USDT-SWAP,49186600.0,1757641969111
2025-09-12 01:52:49.119000+00:00,KSM-USDT-SWAP,133287.3,1757641969119
2025-09-12 01:52:49.115000+00:00,LA-USDT-SWAP,3000090.0,1757641969115
2025-09-12 01:52:49.110000+00:00,LAUNCHCOIN-USDT-SWAP,51525710.0,1757641969110
2025-09-12 01:52:49.123000+00:00,LAYER-USDT-SWAP,7205851.0,1757641969123
2025-09-12 01:52:49.110000+00:00,LDO-USDT-SWAP,15240972.0,1757641969110
2025-09-12 01:52:49.163000+00:00,LINK-USDT-SWAP,2585024.0,1757641969163
2025-09-12 01:52:49.110000+00:00,LPT-USDT-SWAP,745490.3,1757641969110
2025-09-12 01:52:49.117000+00:00,LQTY-USDT-SWAP,1532788.0,1757641969117
2025-09-12 01:52:49.551000+00:00,LRC-USDT-SWAP,18437270.0,1757641969551
2025-09-12 01:52:49.556000+00:00,LTC-USDT-SWAP,689475.9,1757641969556
2025-09-12 01:52:49.559000+00:00,LUNA-USDT-SWAP,15157874.0,1757641969559
2025-09-12 01:52:49.561000+00:00,LUNC-USDT-SWAP,30781890000.0,1757641969561
2025-09-12 01:52:49.551000+00:00,MAGIC-USDT-SWAP,19866526.0,1757641969551
2025-09-12 01:52:49.569000+00:00,MAJOR-USDT-SWAP,4676334.0,1757641969569
2025-09-12 01:52:49.577000+00:00,MANA-USDT-SWAP,10215820.0,1757641969577
2025-09-12 01:52:49.570000+00:00,MASK-USDT-SWAP,3056042.0,1757641969570
2025-09-12 01:52:49.567000+00:00,ME-USDT-SWAP,3608007.0,1757641969567
2025-09-12 01:52:49.562000+00:00,MEME-USDT-SWAP,1823531200.0,1757641969562
2025-09-12 01:52:49.972000+00:00,MERL-USDT-SWAP,45975777.0,1757641969972
2025-09-12 01:52:49.975000+00:00,METIS-USDT-SWAP,104086.1,1757641969975
2025-09-12 01:52:49.993000+00:00,MEW-USDT-SWAP,1035680000.0,1757641969993
2025-09-12 01:52:49.990000+00:00,MINA-USDT-SWAP,8031428.0,1757641969990
2025-09-12 01:52:49.974000+00:00,MOG-USDT-SWAP,635578000000.0,1757641969974
2025-09-12 01:52:49.969000+00:00,MOODENG-USDT-SWAP,44613460.0,1757641969969
2025-09-12 01:52:50.004000+00:00,MORPHO-USDT-SWAP,1605195.0,1757641970004
2025-09-12 01:52:49.970000+00:00,MOVE-USDT-SWAP,27390660.0,1757641969970
2025-09-12 01:52:49.979000+00:00,MUBARAK-USDT-SWAP,12582800.0,1757641969979
2025-09-12 01:52:50.395000+00:00,NEAR-USDT-SWAP,5220796.0,1757641970395
2025-09-12 01:52:50.383000+00:00,NEIRO-USDT-SWAP,9039303000.0,1757641970383
2025-09-12 01:52:50.402000+00:00,NEIROETH-USDT-SWAP,12063500.0,1757641970402
2025-09-12 01:52:50.397000+00:00,NEO-USDT-SWAP,363119.0,1757641970397
2025-09-12 01:52:50.388000+00:00,NEWT-USDT-SWAP,3128150.0,1757641970388
2025-09-12 01:52:50.408000+00:00,NMR-USDT-SWAP,523289.4,1757641970408
2025-09-12 01:52:50.396000+00:00,NOT-USDT-SWAP,1665438500.0,1757641970396
2025-09-12 01:52:50.405000+00:00,NXPC-USDT-SWAP,1116549.0,1757641970405
2025-09-12 01:52:50.389000+00:00,OL-USDT-SWAP,89249580.0,1757641970389
2025-09-12 01:52:50.394000+00:00,OM-USDT-SWAP,24257004.0,1757641970394
2025-09-12 01:52:50.800000+00:00,ONDO-USDT-SWAP,24424480.0,1757641970800
2025-09-12 01:52:50.792000+00:00,ONE-USDT-SWAP,86996900.0,1757641970792
2025-09-12 01:52:50.834000+00:00,ONT-USDT-SWAP,10545630.0,1757641970834
2025-09-12 01:52:50.796000+00:00,OP-USDT-SWAP,24332794.0,1757641970796
2025-09-12 01:52:50.793000+00:00,ORBS-USDT-SWAP,29509600.0,1757641970793
2025-09-12 01:52:50.805000+00:00,ORDI-USDT-SWAP,1334521.3,1757641970805
2025-09-12 01:52:50.801000+00:00,PARTI-USDT-SWAP,14855850.0,1757641970801
2025-09-12 01:52:50.803000+00:00,PENGU-USDT-SWAP,653806800.0,1757641970803
2025-09-12 01:52:50.796000+00:00,PEOPLE-USDT-SWAP,345987000.0,1757641970796
2025-09-12 01:52:50.817000+00:00,PEPE-USDT-SWAP,8336601000000.003,1757641970817
2025-09-12 01:52:51.221000+00:00,PERP-USDT-SWAP,3143276.0,1757641971221
2025-09-12 01:52:51.272000+00:00,PI-USDT-SWAP,34383385.0,1757641971272
2025-09-12 01:52:51.224000+00:00,PLUME-USDT-SWAP,19598300.0,1757641971224
2025-09-12 01:52:51.244000+00:00,PNUT-USDT-SWAP,36972160.0,1757641971244
2025-09-12 01:52:51.235000+00:00,POL-USDT-SWAP,37063810.0,1757641971235
2025-09-12 01:52:51.222000+00:00,POPCAT-USDT-SWAP,9911010.0,1757641971222
2025-09-12 01:52:51.227000+00:00,PRCL-USDT-SWAP,18372677.0,1757641971227
2025-09-12 01:52:51.228000+00:00,PROMPT-USDT-SWAP,36569030.0,1757641971228
2025-09-12 01:52:51.218000+00:00,PUMP-USDT-SWAP,6913984000.0,1757641971218
2025-09-12 01:52:51.224000+00:00,PYTH-USDT-SWAP,46796580.0,1757641971224
2025-09-12 01:52:51.656000+00:00,QTUM-USDT-SWAP,1249508.0,1757641971656
2025-09-12 01:52:51.651000+00:00,RAY-USDT-SWAP,1009702.0,1757641971651
2025-09-12 01:52:51.674000+00:00,RENDER-USDT-SWAP,1387755.0,1757641971674
2025-09-12 01:52:51.667000+00:00,RESOLV-USDT-SWAP,24335270.0,1757641971667
2025-09-12 01:52:51.655000+00:00,RSR-USDT-SWAP,258131500.0,1757641971655
2025-09-12 01:52:51.677000+00:00,RVN-USDT-SWAP,73823920.0,1757641971677
2025-09-12 01:52:51.673000+00:00,S-USDT-SWAP,11311530.0,1757641971673
2025-09-12 01:52:51.669000+00:00,SAHARA-USDT-SWAP,55026680.0,1757641971669
2025-09-12 01:52:51.658000+00:00,SAND-USDT-SWAP,18823890.0,1757641971658
2025-09-12 01:52:51.670000+00:00,SATS-USDT-SWAP,217269880000000.0,1757641971670
2025-09-12 01:52:52.069000+00:00,SCR-USDT-SWAP,2897984.0,1757641972069
2025-09-12 01:52:52.070000+00:00,SHELL-USDT-SWAP,5885070.0,1757641972070
2025-09-12 01:52:52.073000+00:00,SHIB-USDT-SWAP,1769549100000.0,1757641972073
2025-09-12 01:52:52.075000+00:00,SIGN-USDT-SWAP,45293200.0,1757641972075
2025-09-12 01:52:52.065000+00:00,SLP-USDT-SWAP,412505000.0,1757641972065
2025-09-12 01:52:52.092000+00:00,SNX-USDT-SWAP,2354581.0,1757641972092
2025-09-12 01:52:52.070000+00:00,SOL-USDT-SWAP,3680133.2999999993,1757641972070
2025-09-12 01:52:52.087000+00:00,SOLV-USDT-SWAP,67727200.0,1757641972087
2025-09-12 01:52:52.072000+00:00,SONIC-USDT-SWAP,9973309.0,1757641972072
2025-09-12 01:52:52.082000+00:00,SOON-USDT-SWAP,9028530.0,1757641972082
2025-09-12 01:52:52.496000+00:00,SOPH-USDT-SWAP,80663300.0,1757641972496
2025-09-12 01:52:52.479000+00:00,SPK-USDT-SWAP,115765900.0,1757641972479
2025-09-12 01:52:52.482000+00:00,SPX-USDT-SWAP,1038219.0,1757641972482
2025-09-12 01:52:52.490000+00:00,SSV-USDT-SWAP,283429.7,1757641972490
2025-09-12 01:52:52.475000+00:00,STORJ-USDT-SWAP,5519660.0,1757641972475
2025-09-12 01:52:52.495000+00:00,STRK-USDT-SWAP,23108862.0,1757641972495
2025-09-12 01:52:52.493000+00:00,STX-USDT-SWAP,7220125.999999999,1757641972493
2025-09-12 01:52:52.492000+00:00,SUI-USDT-SWAP,20272249.0,1757641972492
2025-09-12 01:52:52.476000+00:00,SUSHI-USDT-SWAP,8053712.0,1757641972476
2025-09-12 01:52:52.489000+00:00,SWARMS-USDT-SWAP,86587340.0,1757641972489
2025-09-12 01:52:52.889000+00:00,SYRUP-USDT-SWAP,2868850.0,1757641972889
2025-09-12 01:52:52.894000+00:00,T-USDT-SWAP,46040400.0,1757641972894
2025-09-12 01:52:52.902000+00:00,TAO-USDT-SWAP,13806.51,1757641972902
2025-09-12 01:52:52.906000+00:00,THETA-USDT-SWAP,2938589.0,1757641972906
2025-09-12 01:52:52.888000+00:00,TIA-USDT-SWAP,5177515.0,1757641972888
2025-09-12 01:52:52.900000+00:00,TNSR-USDT-SWAP,8273998.0,1757641972900
2025-09-12 01:52:52.899000+00:00,TON-USDT-SWAP,8768508.0,1757641972899
2025-09-12 01:52:52.890000+00:00,TRB-USDT-SWAP,256375.0,1757641972890
2025-09-12 01:52:52.890000+00:00,TREE-USDT-SWAP,6817724.0,1757641972890
2025-09-12 01:52:52.903000+00:00,TRUMP-USDT-SWAP,5050917.6,1757641972903
2025-09-12 01:52:53.339000+00:00,TRX-USDT-SWAP,91154840.00000009,1757641973339
2025-09-12 01:52:53.330000+00:00,TURBO-USDT-SWAP,942333000.0000001,1757641973330
2025-09-12 01:52:53.332000+00:00,UMA-USDT-SWAP,1470088.6,1757641973332
2025-09-12 01:52:53.355000+00:00,UNI-USDT-SWAP,3250811.0,1757641973355
2025-09-12 01:52:53.323000+00:00,USDC-USDT-SWAP,1062290.0,1757641973323
2025-09-12 01:52:53.345000+00:00,USELESS-USDT-SWAP,11656920.0,1757641973345
2025-09-12 01:52:53.330000+00:00,USTC-USDT-SWAP,111070500.0,1757641973330
2025-09-12 01:52:53.342000+00:00,UXLINK-USDT-SWAP,5711640.0,1757641973342
2025-09-12 01:52:53.326000+00:00,VANA-USDT-SWAP,143825.2,1757641973326
2025-09-12 01:52:53.330000+00:00,VINE-USDT-SWAP,99107090.0,1757641973330
2025-09-12 01:52:53.758000+00:00,VIRTUAL-USDT-SWAP,3605425.0,1757641973758
2025-09-12 01:52:53.755000+00:00,W-USDT-SWAP,57390988.0,1757641973755
2025-09-12 01:52:53.770000+00:00,WAL-USDT-SWAP,2450810.0,1757641973770
2025-09-12 01:52:53.760000+00:00,WAXP-USDT-SWAP,23475300.0,1757641973760
2025-09-12 01:52:53.752000+00:00,WCT-USDT-SWAP,9750810.0,1757641973752
2025-09-12 01:52:53.781000+00:00,WIF-USDT-SWAP,16593110.0,1757641973781
2025-09-12 01:52:53.769000+00:00,WLD-USDT-SWAP,36241707.0,1757641973769
2025-09-12 01:52:53.756000+00:00,WLFI-USDT-SWAP,270793710.0,1757641973756
2025-09-12 01:52:53.760000+00:00,WOO-USDT-SWAP,21898650.0,1757641973760
2025-09-12 01:52:53.772000+00:00,XAUT-USDT-SWAP,5127.863,1757641973772
2025-09-12 01:52:54.176000+00:00,XLM-USDT-SWAP,47171970.0,1757641974176
2025-09-12 01:52:54.164000+00:00,XPL-USDT-SWAP,7157450.0,1757641974164
2025-09-12 01:52:54.169000+00:00,XRP-USDT-SWAP,88570813.99999996,1757641974169
2025-09-12 01:52:54.177000+00:00,XTZ-USDT-SWAP,4858444.0,1757641974177
2025-09-12 01:52:54.165000+00:00,YFI-USDT-SWAP,366.9405,1757641974165
2025-09-12 01:52:54.191000+00:00,YGG-USDT-SWAP,35582906.0,1757641974191
2025-09-12 01:52:54.168000+00:00,ZENT-USDT-SWAP,160294500.0,1757641974168
2025-09-12 01:52:54.167000+00:00,ZEREBRO-USDT-SWAP,54201540.0,1757641974167
2025-09-12 01:52:54.160000+00:00,ZETA-USDT-SWAP,5354430.0,1757641974160
2025-09-12 01:52:54.174000+00:00,ZIL-USDT-SWAP,174991400.0,1757641974174
2025-09-12 01:52:54.577000+00:00,ZK-USDT-SWAP,48360960.0,1757641974577
2025-09-12 01:52:54.575000+00:00,ZRO-USDT-SWAP,1761719.0,1757641974575
2025-09-12 01:52:54.566000+00:00,ZRX-USDT-SWAP,7786300.0,1757641974566
