datetime_utc,symbol,oi_value,timestamp_ms
2025-09-20 01:42:50.752000+00:00,1INCH-USDT-SWAP,6813728.0,1758332570752
2025-09-20 01:42:50.607000+00:00,A-USDT-SWAP,10867190.0,1758332570607
2025-09-20 01:42:50.604000+00:00,AAVE-USDT-SWAP,135982.40000000002,1758332570604
2025-09-20 01:42:50.601000+00:00,ACE-USDT-SWAP,2993391.0,1758332570601
2025-09-20 01:42:50.605000+00:00,ACH-USDT-SWAP,94469800.0,1758332570605
2025-09-20 01:42:50.602000+00:00,ACT-USDT-SWAP,98922008.0,1758332570602
2025-09-20 01:42:50.588000+00:00,ADA-USDT-SWAP,95928900.00000004,1758332570588
2025-09-20 01:42:50.595000+00:00,AERO-USDT-SWAP,2220150.0,1758332570595
2025-09-20 01:42:50.596000+00:00,AEVO-USDT-SWAP,15352964.0,1758332570596
2025-09-20 01:42:50.597000+00:00,AGLD-USDT-SWAP,2044944.0,1758332570597
2025-09-20 01:42:51.196000+00:00,AI16Z-USDT-SWAP,52079108.0,1758332571196
2025-09-20 01:42:51.195000+00:00,AIXBT-USDT-SWAP,25038190.0,1758332571195
2025-09-20 01:42:51.198000+00:00,ALGO-USDT-SWAP,27147360.0,1758332571198
2025-09-20 01:42:51.204000+00:00,ANIME-USDT-SWAP,93256400.0,1758332571204
2025-09-20 01:42:51.209000+00:00,APE-USDT-SWAP,7880540.9,1758332571209
2025-09-20 01:42:51.196000+00:00,API3-USDT-SWAP,2152628.0,1758332571196
2025-09-20 01:42:51.210000+00:00,APT-USDT-SWAP,3777103.0,1758332571210
2025-09-20 01:42:51.193000+00:00,AR-USDT-SWAP,550271.7,1758332571193
2025-09-20 01:42:51.196000+00:00,ARB-USDT-SWAP,37795516.999999985,1758332571196
2025-09-20 01:42:51.666000+00:00,ARC-USDT-SWAP,106168150.0,1758332571666
2025-09-20 01:42:51.663000+00:00,ARKM-USDT-SWAP,3356063.0,1758332571663
2025-09-20 01:42:51.698000+00:00,ATH-USDT-SWAP,167729300.0,1758332571698
2025-09-20 01:42:51.672000+00:00,ATOM-USDT-SWAP,1989379.0,1758332571672
2025-09-20 01:42:51.661000+00:00,AUCTION-USDT-SWAP,234664.0,1758332571661
2025-09-20 01:42:51.673000+00:00,AVAAI-USDT-SWAP,96497390.0,1758332571673
2025-09-20 01:42:51.676000+00:00,AVAX-USDT-SWAP,2327392.100000002,1758332571676
2025-09-20 01:42:51.660000+00:00,AXS-USDT-SWAP,1087635.1,1758332571660
2025-09-20 01:42:51.665000+00:00,BABY-USDT-SWAP,39681100.0,1758332571665
2025-09-20 01:42:51.680000+00:00,BAND-USDT-SWAP,1325989.0,1758332571680
2025-09-20 01:42:52.144000+00:00,BAT-USDT-SWAP,4784470.0,1758332572144
2025-09-20 01:42:52.145000+00:00,BCH-USDT-SWAP,71866.28999999996,1758332572145
2025-09-20 01:42:52.160000+00:00,BERA-USDT-SWAP,2669757.0,1758332572160
2025-09-20 01:42:52.145000+00:00,BICO-USDT-SWAP,7447477.0,1758332572145
2025-09-20 01:42:52.150000+00:00,BIGTIME-USDT-SWAP,40162300.0,1758332572150
2025-09-20 01:42:52.144000+00:00,BIO-USDT-SWAP,57978554.0,1758332572144
2025-09-20 01:42:52.147000+00:00,BLUR-USDT-SWAP,24332620.0,1758332572147
2025-09-20 01:42:52.153000+00:00,BNB-USDT-SWAP,127931.15,1758332572153
2025-09-20 01:42:52.166000+00:00,BNT-USDT-SWAP,749230.0,1758332572166
2025-09-20 01:42:52.164000+00:00,BOME-USDT-SWAP,1041820000.0,1758332572164
2025-09-20 01:42:52.610000+00:00,BONK-USDT-SWAP,571386700000.0,1758332572610
2025-09-20 01:42:52.604000+00:00,BRETT-USDT-SWAP,18118100.0,1758332572604
2025-09-20 01:42:52.611000+00:00,BTC-USDT-SWAP,27889.324000000077,1758332572611
2025-09-20 01:42:52.607000+00:00,CAT-USDT-SWAP,160453100000.0,1758332572607
2025-09-20 01:42:52.602000+00:00,CATI-USDT-SWAP,17927752.0,1758332572602
2025-09-20 01:42:52.607000+00:00,CELO-USDT-SWAP,3478537.0,1758332572607
2025-09-20 01:42:52.629000+00:00,CETUS-USDT-SWAP,23274090.0,1758332572629
2025-09-20 01:42:52.607000+00:00,CFX-USDT-SWAP,73894430.0,1758332572607
2025-09-20 01:42:52.608000+00:00,CHZ-USDT-SWAP,76377740.0,1758332572608
2025-09-20 01:42:52.614000+00:00,COMP-USDT-SWAP,74763.5,1758332572614
2025-09-20 01:42:53.070000+00:00,COOKIE-USDT-SWAP,4912870.0,1758332573070
2025-09-20 01:42:53.083000+00:00,CORE-USDT-SWAP,9875777.0,1758332573083
2025-09-20 01:42:53.093000+00:00,CRO-USDT-SWAP,51349620.0,1758332573093
2025-09-20 01:42:53.074000+00:00,CRV-USDT-SWAP,24626334.0,1758332573074
2025-09-20 01:42:53.063000+00:00,CTC-USDT-SWAP,1708170.0,1758332573063
2025-09-20 01:42:53.067000+00:00,CVC-USDT-SWAP,9881500.0,1758332573067
2025-09-20 01:42:53.076000+00:00,CVX-USDT-SWAP,383340.0,1758332573076
2025-09-20 01:42:53.074000+00:00,DEGEN-USDT-SWAP,326152900.0,1758332573074
2025-09-20 01:42:53.557000+00:00,DOGE-USDT-SWAP,1381871949.9999995,1758332573557
2025-09-20 01:42:53.557000+00:00,DOGS-USDT-SWAP,15948113000.0,1758332573557
2025-09-20 01:42:53.573000+00:00,DOOD-USDT-SWAP,145248000.0,1758332573573
2025-09-20 01:42:53.571000+00:00,DOT-USDT-SWAP,6351424.0,1758332573571
2025-09-20 01:42:53.559000+00:00,DYDX-USDT-SWAP,11795597.0,1758332573559
2025-09-20 01:42:53.558000+00:00,EGLD-USDT-SWAP,113527.7,1758332573558
2025-09-20 01:42:53.556000+00:00,EIGEN-USDT-SWAP,4366606.0,1758332573556
2025-09-20 01:42:53.565000+00:00,ENJ-USDT-SWAP,15265100.0,1758332573565
2025-09-20 01:42:53.559000+00:00,ENS-USDT-SWAP,322404.9,1758332573559
2025-09-20 01:42:54.013000+00:00,ETC-USDT-SWAP,1191722.8,1758332574013
2025-09-20 01:42:54.024000+00:00,ETH-USDT-SWAP,750736.3569999998,1758332574024
2025-09-20 01:42:54.021000+00:00,ETHFI-USDT-SWAP,8429031.0,1758332574021
2025-09-20 01:42:54.012000+00:00,ETHW-USDT-SWAP,1229205.8,1758332574012
2025-09-20 01:42:54.011000+00:00,FARTCOIN-USDT-SWAP,24363223.0,1758332574011
2025-09-20 01:42:54.018000+00:00,FIL-USDT-SWAP,13363567.4,1758332574018
2025-09-20 01:42:54.016000+00:00,FLM-USDT-SWAP,30550270.0,1758332574016
2025-09-20 01:42:54.014000+00:00,FLOKI-USDT-SWAP,40016300000.0,1758332574014
2025-09-20 01:42:54.020000+00:00,FLOW-USDT-SWAP,4095140.0,1758332574020
2025-09-20 01:42:54.015000+00:00,FXS-USDT-SWAP,351532.0,1758332574015
2025-09-20 01:42:54.473000+00:00,GALA-USDT-SWAP,456067770.0,1758332574473
2025-09-20 01:42:54.470000+00:00,GAS-USDT-SWAP,357168.0,1758332574470
2025-09-20 01:42:54.608000+00:00,GLM-USDT-SWAP,3334140.0,1758332574608
2025-09-20 01:42:54.474000+00:00,GMT-USDT-SWAP,46428881.0,1758332574474
2025-09-20 01:42:54.472000+00:00,GMX-USDT-SWAP,70663.0,1758332574472
2025-09-20 01:42:54.469000+00:00,GOAT-USDT-SWAP,26116610.0,1758332574469
2025-09-20 01:42:54.480000+00:00,GODS-USDT-SWAP,8014425.0,1758332574480
2025-09-20 01:42:54.474000+00:00,GPS-USDT-SWAP,132857500.0,1758332574474
2025-09-20 01:42:54.469000+00:00,GRASS-USDT-SWAP,2828589.0,1758332574469
2025-09-20 01:42:54.468000+00:00,GRIFFAIN-USDT-SWAP,29827320.0,1758332574468
2025-09-20 01:42:55.041000+00:00,GRT-USDT-SWAP,21090730.0,1758332575041
2025-09-20 01:42:55.037000+00:00,H-USDT-SWAP,86412800.0,1758332575037
2025-09-20 01:42:55.040000+00:00,HBAR-USDT-SWAP,81799210.00000001,1758332575040
2025-09-20 01:42:55.047000+00:00,HMSTR-USDT-SWAP,1215328900.0,1758332575047
2025-09-20 01:42:55.044000+00:00,HOME-USDT-SWAP,17420100.0,1758332575044
2025-09-20 01:42:55.046000+00:00,HUMA-USDT-SWAP,66606600.0,1758332575046
2025-09-20 01:42:55.066000+00:00,HYPE-USDT-SWAP,969641.0,1758332575066
2025-09-20 01:42:55.051000+00:00,ICP-USDT-SWAP,1726485.36,1758332575051
2025-09-20 01:42:55.044000+00:00,ICX-USDT-SWAP,5920010.0,1758332575044
2025-09-20 01:42:55.042000+00:00,IMX-USDT-SWAP,10089515.0,1758332575042
2025-09-20 01:42:55.513000+00:00,INIT-USDT-SWAP,2275070.0,1758332575513
2025-09-20 01:42:55.508000+00:00,INJ-USDT-SWAP,902826.5,1758332575508
2025-09-20 01:42:55.520000+00:00,IOST-USDT-SWAP,281391000.0,1758332575520
2025-09-20 01:42:55.512000+00:00,IOTA-USDT-SWAP,14386990.0,1758332575512
2025-09-20 01:42:55.530000+00:00,IP-USDT-SWAP,3999125.0,1758332575530
2025-09-20 01:42:55.517000+00:00,JELLYJELLY-USDT-SWAP,186532400.0,1758332575517
2025-09-20 01:42:55.533000+00:00,JOE-USDT-SWAP,7111880.0,1758332575533
2025-09-20 01:42:55.512000+00:00,JTO-USDT-SWAP,3746695.0,1758332575512
2025-09-20 01:42:55.522000+00:00,JUP-USDT-SWAP,14470370.0,1758332575522
2025-09-20 01:42:55.981000+00:00,KAITO-USDT-SWAP,5096131.0,1758332575981
2025-09-20 01:42:55.991000+00:00,KMNO-USDT-SWAP,47310800.0,1758332575991
2025-09-20 01:42:56.178000+00:00,KSM-USDT-SWAP,127782.8,1758332576178
2025-09-20 01:42:55.987000+00:00,LA-USDT-SWAP,6149500.0,1758332575987
2025-09-20 01:42:55.981000+00:00,LAUNCHCOIN-USDT-SWAP,40365650.0,1758332575981
2025-09-20 01:42:55.984000+00:00,LAYER-USDT-SWAP,6118256.0,1758332575984
2025-09-20 01:42:55.981000+00:00,LDO-USDT-SWAP,13853621.0,1758332575981
2025-09-20 01:42:55.986000+00:00,LINK-USDT-SWAP,2385876.1,1758332575986
2025-09-20 01:42:55.993000+00:00,LPT-USDT-SWAP,583244.1,1758332575993
2025-09-20 01:42:55.999000+00:00,LQTY-USDT-SWAP,2223734.0,1758332575999
2025-09-20 01:42:56.623000+00:00,LRC-USDT-SWAP,13871310.0,1758332576623
2025-09-20 01:42:56.629000+00:00,LTC-USDT-SWAP,717742.0000000002,1758332576629
2025-09-20 01:42:56.621000+00:00,LUNA-USDT-SWAP,19677623.0,1758332576621
2025-09-20 01:42:56.627000+00:00,MAGIC-USDT-SWAP,16575193.0,1758332576627
2025-09-20 01:42:56.637000+00:00,MAJOR-USDT-SWAP,4900836.0,1758332576637
2025-09-20 01:42:56.643000+00:00,MANA-USDT-SWAP,10858890.0,1758332576643
2025-09-20 01:42:56.627000+00:00,MASK-USDT-SWAP,2980471.0,1758332576627
2025-09-20 01:42:56.643000+00:00,ME-USDT-SWAP,3624599.0,1758332576643
2025-09-20 01:42:56.640000+00:00,MEME-USDT-SWAP,1352547500.0,1758332576640
2025-09-20 01:42:57.104000+00:00,MERL-USDT-SWAP,52928920.0,1758332577104
2025-09-20 01:42:57.096000+00:00,METIS-USDT-SWAP,119023.7,1758332577096
2025-09-20 01:42:57.109000+00:00,MEW-USDT-SWAP,1025412000.0,1758332577109
2025-09-20 01:42:57.099000+00:00,MINA-USDT-SWAP,7555077.0,1758332577099
2025-09-20 01:42:57.106000+00:00,MOG-USDT-SWAP,576219000000.0,1758332577106
2025-09-20 01:42:57.117000+00:00,MOODENG-USDT-SWAP,51446260.0,1758332577117
2025-09-20 01:42:57.106000+00:00,MORPHO-USDT-SWAP,1511620.0,1758332577106
2025-09-20 01:42:57.106000+00:00,MOVE-USDT-SWAP,28606450.0,1758332577106
2025-09-20 01:42:57.106000+00:00,MUBARAK-USDT-SWAP,28262000.0,1758332577106
2025-09-20 01:42:57.581000+00:00,NEAR-USDT-SWAP,6375477.000000001,1758332577581
2025-09-20 01:42:57.594000+00:00,NEIRO-USDT-SWAP,9629170000.0,1758332577594
2025-09-20 01:42:57.584000+00:00,NEO-USDT-SWAP,351118.0,1758332577584
2025-09-20 01:42:57.582000+00:00,NEWT-USDT-SWAP,3582490.0,1758332577582
2025-09-20 01:42:57.584000+00:00,NMR-USDT-SWAP,329850.6,1758332577584
2025-09-20 01:42:57.587000+00:00,NOT-USDT-SWAP,1501558000.0,1758332577587
2025-09-20 01:42:57.602000+00:00,NXPC-USDT-SWAP,1073994.0,1758332577602
2025-09-20 01:42:57.578000+00:00,OL-USDT-SWAP,74110830.0,1758332577578
2025-09-20 01:42:57.580000+00:00,OM-USDT-SWAP,22660797.0,1758332577580
2025-09-20 01:42:58.055000+00:00,ONDO-USDT-SWAP,22894400.0,1758332578055
2025-09-20 01:42:58.059000+00:00,ONE-USDT-SWAP,77656400.0,1758332578059
2025-09-20 01:42:58.063000+00:00,ONT-USDT-SWAP,9753630.0,1758332578063
2025-09-20 01:42:58.061000+00:00,OP-USDT-SWAP,25574108.0,1758332578061
2025-09-20 01:42:58.056000+00:00,ORBS-USDT-SWAP,29333800.0,1758332578056
2025-09-20 01:42:58.051000+00:00,ORDI-USDT-SWAP,1262865.0,1758332578051
2025-09-20 01:42:58.048000+00:00,PARTI-USDT-SWAP,13173530.0,1758332578048
2025-09-20 01:42:58.075000+00:00,PENGU-USDT-SWAP,655554100.0,1758332578075
2025-09-20 01:42:58.054000+00:00,PEOPLE-USDT-SWAP,351380700.0,1758332578054
2025-09-20 01:42:58.058000+00:00,PEPE-USDT-SWAP,9178291000000.004,1758332578058
2025-09-20 01:42:58.597000+00:00,PERP-USDT-SWAP,2871032.0,1758332578597
2025-09-20 01:42:58.593000+00:00,PI-USDT-SWAP,31414314.0,1758332578593
2025-09-20 01:42:58.599000+00:00,PLUME-USDT-SWAP,25697430.0,1758332578599
2025-09-20 01:42:58.592000+00:00,PNUT-USDT-SWAP,36890330.0,1758332578592
2025-09-20 01:42:58.591000+00:00,POL-USDT-SWAP,38197970.0,1758332578591
2025-09-20 01:42:58.593000+00:00,POPCAT-USDT-SWAP,9174950.0,1758332578593
2025-09-20 01:42:58.601000+00:00,PRCL-USDT-SWAP,17274213.0,1758332578601
2025-09-20 01:42:58.604000+00:00,PROMPT-USDT-SWAP,28694600.0,1758332578604
2025-09-20 01:42:58.597000+00:00,PUMP-USDT-SWAP,8413884000.0,1758332578597
2025-09-20 01:42:58.601000+00:00,PYTH-USDT-SWAP,53178190.0,1758332578601
2025-09-20 01:42:59.062000+00:00,QTUM-USDT-SWAP,1048728.0,1758332579062
2025-09-20 01:42:59.055000+00:00,RAY-USDT-SWAP,1405218.0,1758332579055
2025-09-20 01:42:59.073000+00:00,RENDER-USDT-SWAP,1344826.0,1758332579073
2025-09-20 01:42:59.058000+00:00,RESOLV-USDT-SWAP,24805790.0,1758332579058
2025-09-20 01:42:59.065000+00:00,RSR-USDT-SWAP,261464400.0,1758332579065
2025-09-20 01:42:59.054000+00:00,RVN-USDT-SWAP,80682880.0,1758332579054
2025-09-20 01:42:59.061000+00:00,S-USDT-SWAP,12351820.0,1758332579061
2025-09-20 01:42:59.078000+00:00,SAHARA-USDT-SWAP,38269740.0,1758332579078
2025-09-20 01:42:59.066000+00:00,SAND-USDT-SWAP,16932500.0,1758332579066
2025-09-20 01:42:59.063000+00:00,SATS-USDT-SWAP,189892240000000.0,1758332579063
2025-09-20 01:42:59.525000+00:00,SCR-USDT-SWAP,2565794.0,1758332579525
2025-09-20 01:42:59.521000+00:00,SHELL-USDT-SWAP,4665270.0,1758332579521
2025-09-20 01:42:59.531000+00:00,SHIB-USDT-SWAP,1696161499999.9998,1758332579531
2025-09-20 01:42:59.526000+00:00,SIGN-USDT-SWAP,51765400.0,1758332579526
2025-09-20 01:42:59.532000+00:00,SLP-USDT-SWAP,394148090.0,1758332579532
2025-09-20 01:42:59.523000+00:00,SNX-USDT-SWAP,2229770.0,1758332579523
2025-09-20 01:42:59.535000+00:00,SOL-USDT-SWAP,3768801.030000001,1758332579535
2025-09-20 01:42:59.537000+00:00,SOLV-USDT-SWAP,56769100.0,1758332579537
2025-09-20 01:42:59.536000+00:00,SONIC-USDT-SWAP,7943087.0,1758332579536
2025-09-20 01:42:59.529000+00:00,SOON-USDT-SWAP,7022930.0,1758332579529
2025-09-20 01:42:59.990000+00:00,SOPH-USDT-SWAP,81332100.0,1758332579990
2025-09-20 01:42:59.985000+00:00,SPK-USDT-SWAP,112382200.0,1758332579985
2025-09-20 01:42:59.999000+00:00,SPX-USDT-SWAP,886306.0,1758332579999
2025-09-20 01:42:59.994000+00:00,SSV-USDT-SWAP,287231.9,1758332579994
2025-09-20 01:43:00.012000+00:00,STORJ-USDT-SWAP,5949480.0,1758332580012
2025-09-20 01:42:59.997000+00:00,STRK-USDT-SWAP,24742230.0,1758332579997
2025-09-20 01:43:00.009000+00:00,STX-USDT-SWAP,7359738.000000001,1758332580009
2025-09-20 01:42:59.999000+00:00,SUI-USDT-SWAP,23893915.0,1758332579999
2025-09-20 01:42:59.998000+00:00,SUSHI-USDT-SWAP,8576888.0,1758332579998
2025-09-20 01:43:00.088000+00:00,SWARMS-USDT-SWAP,77463270.0,1758332580088
2025-09-20 01:43:00.529000+00:00,SYRUP-USDT-SWAP,2501970.0,1758332580529
2025-09-20 01:43:00.534000+00:00,T-USDT-SWAP,42918000.0,1758332580534
2025-09-20 01:43:00.540000+00:00,TAO-USDT-SWAP,13988.89,1758332580540
2025-09-20 01:43:00.531000+00:00,THETA-USDT-SWAP,2827498.0,1758332580531
2025-09-20 01:43:00.542000+00:00,TIA-USDT-SWAP,4967420.0,1758332580542
2025-09-20 01:43:00.548000+00:00,TNSR-USDT-SWAP,9828217.0,1758332580548
2025-09-20 01:43:00.549000+00:00,TON-USDT-SWAP,7934812.0,1758332580549
2025-09-20 01:43:00.533000+00:00,TRB-USDT-SWAP,232725.0,1758332580533
2025-09-20 01:43:00.532000+00:00,TREE-USDT-SWAP,7712523.0,1758332580532
2025-09-20 01:43:00.537000+00:00,TRUMP-USDT-SWAP,5531408.9,1758332580537
2025-09-20 01:43:01.001000+00:00,TRX-USDT-SWAP,80399180.00000013,1758332581001
2025-09-20 01:43:00.997000+00:00,TURBO-USDT-SWAP,848487000.0,1758332580997
2025-09-20 01:43:01.215000+00:00,UMA-USDT-SWAP,1273196.9,1758332581215
2025-09-20 01:43:00.998000+00:00,UNI-USDT-SWAP,3876294.0,1758332580998
2025-09-20 01:43:01.001000+00:00,USDC-USDT-SWAP,870380.0,1758332581001
2025-09-20 01:43:01.001000+00:00,USELESS-USDT-SWAP,16710600.0,1758332581001
2025-09-20 01:43:01.021000+00:00,UXLINK-USDT-SWAP,5756730.0,1758332581021
2025-09-20 01:43:01.011000+00:00,VANA-USDT-SWAP,136050.9,1758332581011
2025-09-20 01:43:00.998000+00:00,VINE-USDT-SWAP,107552730.0,1758332580998
2025-09-20 01:43:01.662000+00:00,VIRTUAL-USDT-SWAP,3725123.0,1758332581662
2025-09-20 01:43:01.658000+00:00,W-USDT-SWAP,63239353.0,1758332581658
2025-09-20 01:43:01.667000+00:00,WAL-USDT-SWAP,1990810.0,1758332581667
2025-09-20 01:43:01.667000+00:00,WCT-USDT-SWAP,9237780.0,1758332581667
2025-09-20 01:43:01.665000+00:00,WIF-USDT-SWAP,18974741.0,1758332581665
2025-09-20 01:43:01.663000+00:00,WLD-USDT-SWAP,26417586.0,1758332581663
2025-09-20 01:43:01.801000+00:00,WLFI-USDT-SWAP,290954150.0,1758332581801
2025-09-20 01:43:01.667000+00:00,WOO-USDT-SWAP,18874090.0,1758332581667
2025-09-20 01:43:01.665000+00:00,XAUT-USDT-SWAP,4879.694,1758332581665
2025-09-20 01:43:02.232000+00:00,XLM-USDT-SWAP,39022180.00000001,1758332582232
2025-09-20 01:43:02.233000+00:00,XPL-USDT-SWAP,8776390.0,1758332582233
2025-09-20 01:43:02.250000+00:00,XRP-USDT-SWAP,105828630.99999996,1758332582250
2025-09-20 01:43:02.230000+00:00,XTZ-USDT-SWAP,5873143.0,1758332582230
2025-09-20 01:43:02.236000+00:00,YFI-USDT-SWAP,389.0754,1758332582236
2025-09-20 01:43:02.229000+00:00,YGG-USDT-SWAP,41547369.0,1758332582229
2025-09-20 01:43:02.249000+00:00,ZENT-USDT-SWAP,185875300.0,1758332582249
2025-09-20 01:43:02.229000+00:00,ZETA-USDT-SWAP,5541490.0,1758332582229
2025-09-20 01:43:02.240000+00:00,ZIL-USDT-SWAP,158067300.0,1758332582240
2025-09-20 01:43:02.695000+00:00,ZK-USDT-SWAP,46001860.0,1758332582695
2025-09-20 01:43:02.691000+00:00,ZRO-USDT-SWAP,1647696.0,1758332582691
2025-09-20 01:43:02.689000+00:00,ZRX-USDT-SWAP,7219810.0,1758332582689
2025-09-20 01:44:03.411000+00:00,1INCH-USDT-SWAP,6813759.0,1758332643411
2025-09-20 01:44:03.387000+00:00,A-USDT-SWAP,10867220.0,1758332643387
2025-09-20 01:44:03.404000+00:00,AAVE-USDT-SWAP,136025.90000000002,1758332643404
2025-09-20 01:44:03.416000+00:00,ACE-USDT-SWAP,2994251.0,1758332643416
2025-09-20 01:44:03.413000+00:00,ACH-USDT-SWAP,94470200.0,1758332643413
2025-09-20 01:44:03.411000+00:00,ACT-USDT-SWAP,98890443.0,1758332643411
2025-09-20 01:44:03.407000+00:00,ADA-USDT-SWAP,95921390.00000004,1758332643407
2025-09-20 01:44:03.400000+00:00,AERO-USDT-SWAP,2220330.0,1758332643400
2025-09-20 01:44:03.404000+00:00,AEVO-USDT-SWAP,15351869.0,1758332643404
2025-09-20 01:44:03.402000+00:00,AGLD-USDT-SWAP,2044338.0,1758332643402
2025-09-20 01:44:03.871000+00:00,AI16Z-USDT-SWAP,52079518.0,1758332643871
2025-09-20 01:44:03.862000+00:00,AIXBT-USDT-SWAP,25044410.0,1758332643862
2025-09-20 01:44:03.871000+00:00,ALGO-USDT-SWAP,27142590.0,1758332643871
2025-09-20 01:44:03.878000+00:00,ANIME-USDT-SWAP,93211740.0,1758332643878
2025-09-20 01:44:03.880000+00:00,APE-USDT-SWAP,7882263.8,1758332643880
2025-09-20 01:44:03.870000+00:00,API3-USDT-SWAP,2152682.0,1758332643870
2025-09-20 01:44:03.879000+00:00,APT-USDT-SWAP,3777138.0,1758332643879
2025-09-20 01:44:03.884000+00:00,AR-USDT-SWAP,550453.0,1758332643884
2025-09-20 01:44:03.883000+00:00,ARB-USDT-SWAP,37560331.999999985,1758332643883
2025-09-20 01:44:04.322000+00:00,ARC-USDT-SWAP,106169660.0,1758332644322
2025-09-20 01:44:04.317000+00:00,ARKM-USDT-SWAP,3354936.0,1758332644317
2025-09-20 01:44:04.326000+00:00,ATH-USDT-SWAP,167719700.0,1758332644326
2025-09-20 01:44:04.323000+00:00,ATOM-USDT-SWAP,1989004.0,1758332644323
2025-09-20 01:44:04.325000+00:00,AUCTION-USDT-SWAP,234645.1,1758332644325
2025-09-20 01:44:04.335000+00:00,AVAAI-USDT-SWAP,96524450.0,1758332644335
2025-09-20 01:44:04.378000+00:00,AVAX-USDT-SWAP,2327868.700000002,1758332644378
2025-09-20 01:44:04.354000+00:00,AXS-USDT-SWAP,1088376.0,1758332644354
2025-09-20 01:44:04.348000+00:00,BABY-USDT-SWAP,39687940.0,1758332644348
2025-09-20 01:44:04.817000+00:00,BAND-USDT-SWAP,1325166.0,1758332644817
2025-09-20 01:44:05.278000+00:00,BAT-USDT-SWAP,4784670.0,1758332645278
2025-09-20 01:44:05.260000+00:00,BCH-USDT-SWAP,71875.24999999997,1758332645260
2025-09-20 01:44:05.267000+00:00,BERA-USDT-SWAP,2669822.1,1758332645267
2025-09-20 01:44:05.268000+00:00,BICO-USDT-SWAP,7445593.0,1758332645268
2025-09-20 01:44:05.261000+00:00,BIGTIME-USDT-SWAP,40155960.0,1758332645261
2025-09-20 01:44:05.264000+00:00,BIO-USDT-SWAP,58266500.0,1758332645264
2025-09-20 01:44:05.286000+00:00,BLUR-USDT-SWAP,24335050.0,1758332645286
2025-09-20 01:44:05.265000+00:00,BNB-USDT-SWAP,128114.45,1758332645265
2025-09-20 01:44:05.264000+00:00,BNT-USDT-SWAP,749220.0,1758332645264
2025-09-20 01:44:05.275000+00:00,BOME-USDT-SWAP,1042005000.0,1758332645275
2025-09-20 01:44:05.737000+00:00,BONK-USDT-SWAP,570743300000.0,1758332645737
2025-09-20 01:44:05.734000+00:00,BRETT-USDT-SWAP,18111300.0,1758332645734
2025-09-20 01:44:05.740000+00:00,BTC-USDT-SWAP,27895.430100000078,1758332645740
2025-09-20 01:44:05.747000+00:00,CAT-USDT-SWAP,160397600000.0,1758332645747
2025-09-20 01:44:05.727000+00:00,CATI-USDT-SWAP,17929137.0,1758332645727
2025-09-20 01:44:05.730000+00:00,CELO-USDT-SWAP,3477023.0,1758332645730
2025-09-20 01:44:05.752000+00:00,CETUS-USDT-SWAP,23275860.0,1758332645752
2025-09-20 01:44:05.740000+00:00,CFX-USDT-SWAP,73862900.0,1758332645740
2025-09-20 01:44:05.752000+00:00,CHZ-USDT-SWAP,76391100.0,1758332645752
2025-09-20 01:44:05.740000+00:00,COMP-USDT-SWAP,74769.6,1758332645740
2025-09-20 01:44:06.208000+00:00,COOKIE-USDT-SWAP,4912280.0,1758332646208
2025-09-20 01:44:06.203000+00:00,CORE-USDT-SWAP,9875674.0,1758332646203
2025-09-20 01:44:06.202000+00:00,CRO-USDT-SWAP,51347160.0,1758332646202
2025-09-20 01:44:06.193000+00:00,CRV-USDT-SWAP,24633043.0,1758332646193
2025-09-20 01:44:06.200000+00:00,CTC-USDT-SWAP,1708170.0,1758332646200
2025-09-20 01:44:06.209000+00:00,CVC-USDT-SWAP,9882000.0,1758332646209
2025-09-20 01:44:06.210000+00:00,CVX-USDT-SWAP,383321.0,1758332646210
2025-09-20 01:44:06.206000+00:00,DEGEN-USDT-SWAP,326150000.0,1758332646206
2025-09-20 01:44:06.674000+00:00,DOGE-USDT-SWAP,1381534639.9999995,1758332646674
2025-09-20 01:44:06.657000+00:00,DOGS-USDT-SWAP,15941286000.0,1758332646657
2025-09-20 01:44:06.674000+00:00,DOOD-USDT-SWAP,145243000.0,1758332646674
2025-09-20 01:44:06.677000+00:00,DOT-USDT-SWAP,6351240.0,1758332646677
2025-09-20 01:44:06.676000+00:00,DYDX-USDT-SWAP,11789282.0,1758332646676
2025-09-20 01:44:06.663000+00:00,EGLD-USDT-SWAP,113509.5,1758332646663
2025-09-20 01:44:06.662000+00:00,EIGEN-USDT-SWAP,4372253.0,1758332646662
2025-09-20 01:44:06.684000+00:00,ENJ-USDT-SWAP,15261850.0,1758332646684
2025-09-20 01:44:06.675000+00:00,ENS-USDT-SWAP,322497.4,1758332646675
2025-09-20 01:44:07.144000+00:00,ETC-USDT-SWAP,1191597.4000000001,1758332647144
2025-09-20 01:44:07.144000+00:00,ETH-USDT-SWAP,750654.7199999999,1758332647144
2025-09-20 01:44:07.138000+00:00,ETHFI-USDT-SWAP,8432527.0,1758332647138
2025-09-20 01:44:07.143000+00:00,ETHW-USDT-SWAP,1229204.7,1758332647143
2025-09-20 01:44:07.130000+00:00,FARTCOIN-USDT-SWAP,24388755.0,1758332647130
2025-09-20 01:44:07.138000+00:00,FIL-USDT-SWAP,13358457.1,1758332647138
2025-09-20 01:44:07.152000+00:00,FLM-USDT-SWAP,30535600.0,1758332647152
2025-09-20 01:44:07.136000+00:00,FLOKI-USDT-SWAP,40030600000.0,1758332647136
2025-09-20 01:44:07.152000+00:00,FLOW-USDT-SWAP,4098330.0,1758332647152
2025-09-20 01:44:07.141000+00:00,FXS-USDT-SWAP,351567.0,1758332647141
2025-09-20 01:44:07.593000+00:00,GALA-USDT-SWAP,456008290.0,1758332647593
2025-09-20 01:44:07.600000+00:00,GAS-USDT-SWAP,357181.0,1758332647600
2025-09-20 01:44:07.599000+00:00,GLM-USDT-SWAP,3334160.0,1758332647599
2025-09-20 01:44:07.607000+00:00,GMT-USDT-SWAP,46409762.0,1758332647607
2025-09-20 01:44:07.595000+00:00,GMX-USDT-SWAP,70664.7,1758332647595
2025-09-20 01:44:07.598000+00:00,GOAT-USDT-SWAP,26117620.0,1758332647598
2025-09-20 01:44:07.614000+00:00,GODS-USDT-SWAP,8014420.0,1758332647614
2025-09-20 01:44:07.604000+00:00,GPS-USDT-SWAP,132813270.0,1758332647604
2025-09-20 01:44:07.596000+00:00,GRASS-USDT-SWAP,2828945.0,1758332647596
2025-09-20 01:44:07.605000+00:00,GRIFFAIN-USDT-SWAP,29831930.0,1758332647605
2025-09-20 01:44:08.059000+00:00,GRT-USDT-SWAP,21093010.0,1758332648059
2025-09-20 01:44:08.064000+00:00,H-USDT-SWAP,86440100.0,1758332648064
2025-09-20 01:44:08.060000+00:00,HBAR-USDT-SWAP,81797900.00000001,1758332648060
2025-09-20 01:44:08.058000+00:00,HMSTR-USDT-SWAP,1214518500.0,1758332648058
2025-09-20 01:44:08.056000+00:00,HOME-USDT-SWAP,17420000.0,1758332648056
2025-09-20 01:44:08.062000+00:00,HUMA-USDT-SWAP,66667300.0,1758332648062
2025-09-20 01:44:08.056000+00:00,HYPE-USDT-SWAP,967804.5,1758332648056
2025-09-20 01:44:08.053000+00:00,ICP-USDT-SWAP,1726384.15,1758332648053
2025-09-20 01:44:08.061000+00:00,ICX-USDT-SWAP,5919540.0,1758332648061
2025-09-20 01:44:08.062000+00:00,IMX-USDT-SWAP,10116601.0,1758332648062
2025-09-20 01:44:08.541000+00:00,INIT-USDT-SWAP,2274890.0,1758332648541
2025-09-20 01:44:08.517000+00:00,INJ-USDT-SWAP,902994.4,1758332648517
2025-09-20 01:44:08.521000+00:00,IOST-USDT-SWAP,281394000.0,1758332648521
2025-09-20 01:44:08.528000+00:00,IOTA-USDT-SWAP,14323240.0,1758332648528
2025-09-20 01:44:08.515000+00:00,IP-USDT-SWAP,3997627.0,1758332648515
2025-09-20 01:44:08.535000+00:00,JELLYJELLY-USDT-SWAP,186589500.0,1758332648535
2025-09-20 01:44:08.523000+00:00,JOE-USDT-SWAP,7111880.0,1758332648523
2025-09-20 01:44:08.520000+00:00,JTO-USDT-SWAP,3746746.0,1758332648520
2025-09-20 01:44:08.537000+00:00,JUP-USDT-SWAP,14472510.0,1758332648537
2025-09-20 01:44:09.037000+00:00,KAITO-USDT-SWAP,5106125.0,1758332649037
2025-09-20 01:44:09.035000+00:00,KMNO-USDT-SWAP,47211400.0,1758332649035
2025-09-20 01:44:09.048000+00:00,KSM-USDT-SWAP,127785.4,1758332649048
2025-09-20 01:44:09.054000+00:00,LA-USDT-SWAP,6153350.0,1758332649054
2025-09-20 01:44:09.042000+00:00,LAUNCHCOIN-USDT-SWAP,40307180.0,1758332649042
2025-09-20 01:44:09.048000+00:00,LAYER-USDT-SWAP,6117719.0,1758332649048
2025-09-20 01:44:09.042000+00:00,LDO-USDT-SWAP,13892550.0,1758332649042
2025-09-20 01:44:09.053000+00:00,LINK-USDT-SWAP,2385339.0999999996,1758332649053
2025-09-20 01:44:09.086000+00:00,LPT-USDT-SWAP,583105.1,1758332649086
2025-09-20 01:44:09.038000+00:00,LQTY-USDT-SWAP,2221212.0,1758332649038
2025-09-20 01:44:09.533000+00:00,LRC-USDT-SWAP,13881460.0,1758332649533
2025-09-20 01:44:09.529000+00:00,LTC-USDT-SWAP,717717.2000000003,1758332649529
2025-09-20 01:44:09.535000+00:00,LUNA-USDT-SWAP,19677158.0,1758332649535
2025-09-20 01:44:09.535000+00:00,MAGIC-USDT-SWAP,16576441.0,1758332649535
2025-09-20 01:44:09.547000+00:00,MAJOR-USDT-SWAP,4900602.0,1758332649547
2025-09-20 01:44:09.543000+00:00,MANA-USDT-SWAP,10858950.0,1758332649543
2025-09-20 01:44:09.577000+00:00,MASK-USDT-SWAP,2980046.0,1758332649577
2025-09-20 01:44:09.536000+00:00,ME-USDT-SWAP,3626331.0,1758332649536
2025-09-20 01:44:09.546000+00:00,MEME-USDT-SWAP,1352442600.0,1758332649546
2025-09-20 01:44:10.032000+00:00,MERL-USDT-SWAP,52936607.0,1758332650032
2025-09-20 01:44:10.013000+00:00,METIS-USDT-SWAP,119023.1,1758332650013
2025-09-20 01:44:10.021000+00:00,MEW-USDT-SWAP,1025435000.0,1758332650021
2025-09-20 01:44:10.027000+00:00,MINA-USDT-SWAP,7554958.0,1758332650027
2025-09-20 01:44:10.020000+00:00,MOG-USDT-SWAP,576186000000.0,1758332650020
2025-09-20 01:44:10.018000+00:00,MOODENG-USDT-SWAP,51415390.0,1758332650018
2025-09-20 01:44:10.489000+00:00,MORPHO-USDT-SWAP,1511635.0,1758332650489
2025-09-20 01:44:10.020000+00:00,MOVE-USDT-SWAP,28614560.0,1758332650020
2025-09-20 01:44:10.039000+00:00,MUBARAK-USDT-SWAP,28272600.0,1758332650039
2025-09-20 01:44:10.945000+00:00,NEAR-USDT-SWAP,6372744.000000001,1758332650945
2025-09-20 01:44:10.941000+00:00,NEIRO-USDT-SWAP,9629441000.0,1758332650941
2025-09-20 01:44:10.940000+00:00,NEO-USDT-SWAP,351160.0,1758332650940
2025-09-20 01:44:10.929000+00:00,NEWT-USDT-SWAP,3578690.0,1758332650929
2025-09-20 01:44:10.952000+00:00,NMR-USDT-SWAP,329812.6,1758332650952
2025-09-20 01:44:10.943000+00:00,NOT-USDT-SWAP,1501311800.0,1758332650943
2025-09-20 01:44:10.937000+00:00,NXPC-USDT-SWAP,1074121.0,1758332650937
2025-09-20 01:44:10.945000+00:00,OL-USDT-SWAP,74093470.0,1758332650945
2025-09-20 01:44:10.947000+00:00,OM-USDT-SWAP,22661784.0,1758332650947
2025-09-20 01:44:11.397000+00:00,ONDO-USDT-SWAP,22902080.0,1758332651397
2025-09-20 01:44:11.393000+00:00,ONE-USDT-SWAP,77665000.0,1758332651393
2025-09-20 01:44:11.391000+00:00,ONT-USDT-SWAP,9752980.0,1758332651391
2025-09-20 01:44:11.394000+00:00,OP-USDT-SWAP,25590144.0,1758332651394
2025-09-20 01:44:11.392000+00:00,ORBS-USDT-SWAP,29333800.0,1758332651392
2025-09-20 01:44:11.402000+00:00,ORDI-USDT-SWAP,1262587.2,1758332651402
2025-09-20 01:44:11.419000+00:00,PARTI-USDT-SWAP,13175580.0,1758332651419
2025-09-20 01:44:11.409000+00:00,PENGU-USDT-SWAP,655584200.0,1758332651409
2025-09-20 01:44:11.403000+00:00,PEOPLE-USDT-SWAP,351391400.0,1758332651403
2025-09-20 01:44:11.406000+00:00,PEPE-USDT-SWAP,9180606000000.004,1758332651406
2025-09-20 01:44:11.875000+00:00,PERP-USDT-SWAP,2870918.0,1758332651875
2025-09-20 01:44:11.866000+00:00,PI-USDT-SWAP,31421786.0,1758332651866
2025-09-20 01:44:11.883000+00:00,PLUME-USDT-SWAP,25694180.0,1758332651883
2025-09-20 01:44:11.868000+00:00,PNUT-USDT-SWAP,36865720.0,1758332651868
2025-09-20 01:44:11.876000+00:00,POL-USDT-SWAP,38196590.0,1758332651876
2025-09-20 01:44:11.888000+00:00,POPCAT-USDT-SWAP,9175030.0,1758332651888
2025-09-20 01:44:11.890000+00:00,PRCL-USDT-SWAP,17484509.0,1758332651890
2025-09-20 01:44:11.881000+00:00,PROMPT-USDT-SWAP,28692800.0,1758332651881
2025-09-20 01:44:11.869000+00:00,PUMP-USDT-SWAP,8411558000.0,1758332651869
2025-09-20 01:44:11.881000+00:00,PYTH-USDT-SWAP,53144810.0,1758332651881
2025-09-20 01:44:12.355000+00:00,QTUM-USDT-SWAP,1048481.0,1758332652355
2025-09-20 01:44:12.352000+00:00,RAY-USDT-SWAP,1404943.0,1758332652352
2025-09-20 01:44:12.345000+00:00,RENDER-USDT-SWAP,1344998.0,1758332652345
2025-09-20 01:44:12.349000+00:00,RESOLV-USDT-SWAP,25114920.0,1758332652349
2025-09-20 01:44:12.350000+00:00,RSR-USDT-SWAP,261384700.0,1758332652350
2025-09-20 01:44:12.350000+00:00,RVN-USDT-SWAP,80678080.0,1758332652350
2025-09-20 01:44:12.354000+00:00,S-USDT-SWAP,12340160.0,1758332652354
2025-09-20 01:44:12.365000+00:00,SAHARA-USDT-SWAP,38268480.0,1758332652365
2025-09-20 01:44:12.363000+00:00,SAND-USDT-SWAP,16931440.0,1758332652363
2025-09-20 01:44:12.358000+00:00,SATS-USDT-SWAP,189850630000000.0,1758332652358
2025-09-20 01:44:12.807000+00:00,SCR-USDT-SWAP,2565790.0,1758332652807
2025-09-20 01:44:12.806000+00:00,SHELL-USDT-SWAP,4665150.0,1758332652806
2025-09-20 01:44:12.820000+00:00,SHIB-USDT-SWAP,1694982200000.0,1758332652820
2025-09-20 01:44:12.810000+00:00,SIGN-USDT-SWAP,52333000.0,1758332652810
2025-09-20 01:44:12.811000+00:00,SLP-USDT-SWAP,394028840.0,1758332652811
2025-09-20 01:44:12.821000+00:00,SNX-USDT-SWAP,2230506.0,1758332652821
2025-09-20 01:44:12.817000+00:00,SOL-USDT-SWAP,3768856.830000001,1758332652817
2025-09-20 01:44:12.830000+00:00,SOLV-USDT-SWAP,56769200.0,1758332652830
2025-09-20 01:44:12.810000+00:00,SONIC-USDT-SWAP,7941720.0,1758332652810
2025-09-20 01:44:12.824000+00:00,SOON-USDT-SWAP,7022020.0,1758332652824
2025-09-20 01:44:13.286000+00:00,SOPH-USDT-SWAP,81363500.0,1758332653286
2025-09-20 01:44:13.284000+00:00,SPK-USDT-SWAP,112286200.0,1758332653284
2025-09-20 01:44:13.281000+00:00,SPX-USDT-SWAP,886127.0,1758332653281
2025-09-20 01:44:13.283000+00:00,SSV-USDT-SWAP,287278.8,1758332653283
2025-09-20 01:44:13.278000+00:00,STORJ-USDT-SWAP,5949080.0,1758332653278
2025-09-20 01:44:13.287000+00:00,STRK-USDT-SWAP,24727941.0,1758332653287
2025-09-20 01:44:13.286000+00:00,STX-USDT-SWAP,7360284.000000002,1758332653286
2025-09-20 01:44:13.285000+00:00,SUI-USDT-SWAP,23894097.0,1758332653285
2025-09-20 01:44:13.292000+00:00,SUSHI-USDT-SWAP,8577583.0,1758332653292
2025-09-20 01:44:13.285000+00:00,SWARMS-USDT-SWAP,77470260.0,1758332653285
2025-09-20 01:44:13.742000+00:00,SYRUP-USDT-SWAP,2509920.0,1758332653742
2025-09-20 01:44:13.744000+00:00,T-USDT-SWAP,42918000.0,1758332653744
2025-09-20 01:44:13.746000+00:00,TAO-USDT-SWAP,13990.07,1758332653746
2025-09-20 01:44:13.748000+00:00,THETA-USDT-SWAP,2828778.0,1758332653748
2025-09-20 01:44:13.749000+00:00,TIA-USDT-SWAP,4967579.0,1758332653749
2025-09-20 01:44:13.757000+00:00,TNSR-USDT-SWAP,9828118.0,1758332653757
2025-09-20 01:44:13.771000+00:00,TON-USDT-SWAP,7934597.0,1758332653771
2025-09-20 01:44:13.756000+00:00,TRB-USDT-SWAP,232682.3,1758332653756
2025-09-20 01:44:13.757000+00:00,TREE-USDT-SWAP,7708633.0,1758332653757
2025-09-20 01:44:13.764000+00:00,TRUMP-USDT-SWAP,5531078.9,1758332653764
2025-09-20 01:44:14.225000+00:00,TRX-USDT-SWAP,80355120.00000013,1758332654225
2025-09-20 01:44:14.254000+00:00,TURBO-USDT-SWAP,848585000.0,1758332654254
2025-09-20 01:44:14.227000+00:00,UMA-USDT-SWAP,1273135.4,1758332654227
2025-09-20 01:44:14.224000+00:00,UNI-USDT-SWAP,3876693.0,1758332654224
2025-09-20 01:44:14.232000+00:00,USDC-USDT-SWAP,870380.0,1758332654232
2025-09-20 01:44:14.230000+00:00,USELESS-USDT-SWAP,16682400.0,1758332654230
2025-09-20 01:44:14.226000+00:00,UXLINK-USDT-SWAP,5756440.0,1758332654226
2025-09-20 01:44:14.228000+00:00,VANA-USDT-SWAP,136034.6,1758332654228
2025-09-20 01:44:14.234000+00:00,VINE-USDT-SWAP,107547990.0,1758332654234
2025-09-20 01:44:14.687000+00:00,VIRTUAL-USDT-SWAP,3724418.0,1758332654687
2025-09-20 01:44:14.677000+00:00,W-USDT-SWAP,63226181.0,1758332654677
2025-09-20 01:44:14.691000+00:00,WAL-USDT-SWAP,1990810.0,1758332654691
2025-09-20 01:44:14.685000+00:00,WCT-USDT-SWAP,9234300.0,1758332654685
2025-09-20 01:44:14.688000+00:00,WIF-USDT-SWAP,18975772.0,1758332654688
2025-09-20 01:44:14.715000+00:00,WLD-USDT-SWAP,26419118.0,1758332654715
2025-09-20 01:44:14.685000+00:00,WLFI-USDT-SWAP,290994940.0,1758332654685
2025-09-20 01:44:14.688000+00:00,WOO-USDT-SWAP,18872540.0,1758332654688
2025-09-20 01:44:14.767000+00:00,XAUT-USDT-SWAP,4879.311,1758332654767
2025-09-20 01:44:15.217000+00:00,XLM-USDT-SWAP,39016920.00000001,1758332655217
2025-09-20 01:44:15.201000+00:00,XPL-USDT-SWAP,8775950.0,1758332655201
2025-09-20 01:44:15.206000+00:00,XRP-USDT-SWAP,105825796.99999996,1758332655206
2025-09-20 01:44:15.215000+00:00,XTZ-USDT-SWAP,5876667.0,1758332655215
2025-09-20 01:44:15.217000+00:00,YFI-USDT-SWAP,388.9624,1758332655217
2025-09-20 01:44:15.211000+00:00,YGG-USDT-SWAP,41558903.0,1758332655211
2025-09-20 01:44:15.661000+00:00,ZENT-USDT-SWAP,185882000.0,1758332655661
2025-09-20 01:44:15.205000+00:00,ZETA-USDT-SWAP,5541210.0,1758332655205
2025-09-20 01:44:15.212000+00:00,ZIL-USDT-SWAP,158088700.0,1758332655212
2025-09-20 01:44:16.108000+00:00,ZK-USDT-SWAP,46041150.0,1758332656108
2025-09-20 01:44:16.246000+00:00,ZRO-USDT-SWAP,1648279.0,1758332656246
2025-09-20 01:44:16.116000+00:00,ZRX-USDT-SWAP,7219730.0,1758332656116
2025-09-20 01:45:16.983000+00:00,1INCH-USDT-SWAP,6816608.0,1758332716983
2025-09-20 01:45:16.979000+00:00,A-USDT-SWAP,10867230.0,1758332716979
2025-09-20 01:45:16.947000+00:00,AAVE-USDT-SWAP,135937.6,1758332716947
2025-09-20 01:45:16.977000+00:00,ACE-USDT-SWAP,2994291.0,1758332716977
2025-09-20 01:45:16.974000+00:00,ACH-USDT-SWAP,94471200.0,1758332716974
2025-09-20 01:45:16.962000+00:00,ACT-USDT-SWAP,98884234.0,1758332716962
2025-09-20 01:45:16.969000+00:00,ADA-USDT-SWAP,95932670.00000004,1758332716969
2025-09-20 01:45:16.978000+00:00,AERO-USDT-SWAP,2220260.0,1758332716978
2025-09-20 01:45:16.961000+00:00,AEVO-USDT-SWAP,15352360.0,1758332716961
2025-09-20 01:45:16.970000+00:00,AGLD-USDT-SWAP,2044397.0,1758332716970
2025-09-20 01:45:17.445000+00:00,AI16Z-USDT-SWAP,52093708.0,1758332717445
2025-09-20 01:45:17.441000+00:00,AIXBT-USDT-SWAP,25039070.0,1758332717441
2025-09-20 01:45:17.446000+00:00,ALGO-USDT-SWAP,27145730.0,1758332717446
2025-09-20 01:45:17.438000+00:00,ANIME-USDT-SWAP,93250290.0,1758332717438
2025-09-20 01:45:17.447000+00:00,APE-USDT-SWAP,7882619.5,1758332717447
2025-09-20 01:45:17.456000+00:00,API3-USDT-SWAP,2156635.0,1758332717456
2025-09-20 01:45:17.445000+00:00,APT-USDT-SWAP,3778554.0,1758332717445
2025-09-20 01:45:17.439000+00:00,AR-USDT-SWAP,550402.6,1758332717439
2025-09-20 01:45:17.445000+00:00,ARB-USDT-SWAP,37560234.99999999,1758332717445
2025-09-20 01:45:17.892000+00:00,ARC-USDT-SWAP,106172020.0,1758332717892
2025-09-20 01:45:17.902000+00:00,ARKM-USDT-SWAP,3356489.0,1758332717902
2025-09-20 01:45:17.909000+00:00,ATH-USDT-SWAP,167720600.0,1758332717909
2025-09-20 01:45:17.902000+00:00,ATOM-USDT-SWAP,1988904.0,1758332717902
2025-09-20 01:45:17.896000+00:00,AUCTION-USDT-SWAP,234657.9,1758332717896
2025-09-20 01:45:17.895000+00:00,AVAAI-USDT-SWAP,96508070.0,1758332717895
2025-09-20 01:45:17.923000+00:00,AVAX-USDT-SWAP,2324303.200000002,1758332717923
2025-09-20 01:45:17.896000+00:00,AXS-USDT-SWAP,1088153.6,1758332717896
2025-09-20 01:45:17.901000+00:00,BABY-USDT-SWAP,39650180.0,1758332717901
2025-09-20 01:45:17.907000+00:00,BAND-USDT-SWAP,1323548.0,1758332717907
2025-09-20 01:45:18.359000+00:00,BAT-USDT-SWAP,4784670.0,1758332718359
2025-09-20 01:45:18.358000+00:00,BCH-USDT-SWAP,71888.99999999997,1758332718358
2025-09-20 01:45:18.363000+00:00,BERA-USDT-SWAP,2669788.9,1758332718363
2025-09-20 01:45:18.358000+00:00,BICO-USDT-SWAP,7439455.0,1758332718358
2025-09-20 01:45:18.358000+00:00,BIGTIME-USDT-SWAP,40105260.0,1758332718358
2025-09-20 01:45:18.358000+00:00,BIO-USDT-SWAP,58210991.0,1758332718358
2025-09-20 01:45:18.355000+00:00,BLUR-USDT-SWAP,24335400.0,1758332718355
2025-09-20 01:45:18.356000+00:00,BNB-USDT-SWAP,128101.64,1758332718356
2025-09-20 01:45:18.355000+00:00,BNT-USDT-SWAP,749190.0,1758332718355
2025-09-20 01:45:18.357000+00:00,BOME-USDT-SWAP,1042002000.0,1758332718357
2025-09-20 01:45:18.818000+00:00,BONK-USDT-SWAP,570758700000.0,1758332718818
2025-09-20 01:45:18.822000+00:00,BRETT-USDT-SWAP,18313800.0,1758332718822
2025-09-20 01:45:18.835000+00:00,BTC-USDT-SWAP,27895.770900000076,1758332718835
2025-09-20 01:45:18.830000+00:00,CAT-USDT-SWAP,160336000000.0,1758332718830
2025-09-20 01:45:18.820000+00:00,CATI-USDT-SWAP,17917248.0,1758332718820
2025-09-20 01:45:18.825000+00:00,CELO-USDT-SWAP,3477345.0,1758332718825
2025-09-20 01:45:18.830000+00:00,CETUS-USDT-SWAP,23274780.0,1758332718830
2025-09-20 01:45:18.823000+00:00,CFX-USDT-SWAP,73851360.0,1758332718823
2025-09-20 01:45:18.834000+00:00,CHZ-USDT-SWAP,76406740.0,1758332718834
2025-09-20 01:45:18.839000+00:00,COMP-USDT-SWAP,74768.8,1758332718839
2025-09-20 01:45:19.299000+00:00,COOKIE-USDT-SWAP,4912070.0,1758332719299
2025-09-20 01:45:19.291000+00:00,CORE-USDT-SWAP,9875573.0,1758332719291
2025-09-20 01:45:19.288000+00:00,CRO-USDT-SWAP,51347970.0,1758332719288
2025-09-20 01:45:19.299000+00:00,CRV-USDT-SWAP,24633278.0,1758332719299
2025-09-20 01:45:19.282000+00:00,CTC-USDT-SWAP,1708170.0,1758332719282
2025-09-20 01:45:19.281000+00:00,CVC-USDT-SWAP,9882100.0,1758332719281
2025-09-20 01:45:19.296000+00:00,CVX-USDT-SWAP,383258.0,1758332719296
2025-09-20 01:45:19.294000+00:00,DEGEN-USDT-SWAP,326164200.0,1758332719294
2025-09-20 01:45:19.740000+00:00,DOGE-USDT-SWAP,1381443259.9999995,1758332719740
2025-09-20 01:45:19.760000+00:00,DOGS-USDT-SWAP,15941286000.0,1758332719760
2025-09-20 01:45:19.751000+00:00,DOOD-USDT-SWAP,145243000.0,1758332719751
2025-09-20 01:45:19.741000+00:00,DOT-USDT-SWAP,6346301.0,1758332719741
2025-09-20 01:45:19.739000+00:00,DYDX-USDT-SWAP,11793736.0,1758332719739
2025-09-20 01:45:19.753000+00:00,EGLD-USDT-SWAP,113529.0,1758332719753
2025-09-20 01:45:19.751000+00:00,EIGEN-USDT-SWAP,4373548.0,1758332719751
2025-09-20 01:45:19.751000+00:00,ENJ-USDT-SWAP,15261790.0,1758332719751
2025-09-20 01:45:19.756000+00:00,ENS-USDT-SWAP,322497.9,1758332719756
2025-09-20 01:45:20.207000+00:00,ETC-USDT-SWAP,1190813.5000000002,1758332720207
2025-09-20 01:45:20.255000+00:00,ETH-USDT-SWAP,750732.4879999999,1758332720255
2025-09-20 01:45:20.213000+00:00,ETHFI-USDT-SWAP,8431784.0,1758332720213
2025-09-20 01:45:20.226000+00:00,ETHW-USDT-SWAP,1229196.5,1758332720226
2025-09-20 01:45:20.208000+00:00,FARTCOIN-USDT-SWAP,24390267.0,1758332720208
2025-09-20 01:45:20.227000+00:00,FIL-USDT-SWAP,13365791.0,1758332720227
2025-09-20 01:45:20.240000+00:00,FLM-USDT-SWAP,30535560.0,1758332720240
2025-09-20 01:45:20.224000+00:00,FLOKI-USDT-SWAP,40031700000.0,1758332720224
2025-09-20 01:45:20.229000+00:00,FLOW-USDT-SWAP,4100800.0,1758332720229
2025-09-20 01:45:20.222000+00:00,FXS-USDT-SWAP,351567.0,1758332720222
2025-09-20 01:45:20.684000+00:00,GALA-USDT-SWAP,455990260.0,1758332720684
2025-09-20 01:45:20.687000+00:00,GAS-USDT-SWAP,357223.0,1758332720687
2025-09-20 01:45:20.691000+00:00,GLM-USDT-SWAP,3334160.0,1758332720691
2025-09-20 01:45:20.694000+00:00,GMT-USDT-SWAP,46408528.0,1758332720694
2025-09-20 01:45:20.687000+00:00,GMX-USDT-SWAP,70702.2,1758332720687
2025-09-20 01:45:20.692000+00:00,GOAT-USDT-SWAP,26117200.0,1758332720692
2025-09-20 01:45:20.691000+00:00,GODS-USDT-SWAP,8014688.0,1758332720691
2025-09-20 01:45:20.692000+00:00,GPS-USDT-SWAP,133032720.0,1758332720692
2025-09-20 01:45:20.692000+00:00,GRASS-USDT-SWAP,2828568.0,1758332720692
2025-09-20 01:45:20.689000+00:00,GRIFFAIN-USDT-SWAP,29829300.0,1758332720689
2025-09-20 01:45:21.132000+00:00,GRT-USDT-SWAP,21092520.0,1758332721132
2025-09-20 01:45:21.144000+00:00,H-USDT-SWAP,86483200.0,1758332721144
2025-09-20 01:45:21.141000+00:00,HBAR-USDT-SWAP,81789260.00000001,1758332721141
2025-09-20 01:45:21.141000+00:00,HMSTR-USDT-SWAP,1214872900.0,1758332721141
2025-09-20 01:45:21.140000+00:00,HOME-USDT-SWAP,17420000.0,1758332721140
2025-09-20 01:45:21.142000+00:00,HUMA-USDT-SWAP,66645500.0,1758332721142
2025-09-20 01:45:21.140000+00:00,HYPE-USDT-SWAP,966585.0,1758332721140
2025-09-20 01:45:21.147000+00:00,ICP-USDT-SWAP,1726365.01,1758332721147
2025-09-20 01:45:21.150000+00:00,ICX-USDT-SWAP,5919920.0,1758332721150
2025-09-20 01:45:21.144000+00:00,IMX-USDT-SWAP,10107099.0,1758332721144
2025-09-20 01:45:21.593000+00:00,INIT-USDT-SWAP,2274050.0,1758332721593
2025-09-20 01:45:21.597000+00:00,INJ-USDT-SWAP,903101.7,1758332721597
2025-09-20 01:45:21.602000+00:00,IOST-USDT-SWAP,281391000.0,1758332721602
2025-09-20 01:45:21.603000+00:00,IOTA-USDT-SWAP,14322530.0,1758332721603
2025-09-20 01:45:21.598000+00:00,IP-USDT-SWAP,3997761.0,1758332721598
2025-09-20 01:45:21.593000+00:00,JELLYJELLY-USDT-SWAP,186538500.0,1758332721593
2025-09-20 01:45:21.607000+00:00,JOE-USDT-SWAP,7111880.0,1758332721607
2025-09-20 01:45:21.605000+00:00,JTO-USDT-SWAP,3746824.0,1758332721605
2025-09-20 01:45:21.598000+00:00,JUP-USDT-SWAP,14466930.0,1758332721598
2025-09-20 01:45:22.057000+00:00,KAITO-USDT-SWAP,5115484.0,1758332722057
2025-09-20 01:45:22.058000+00:00,KMNO-USDT-SWAP,47226100.0,1758332722058
2025-09-20 01:45:22.049000+00:00,KSM-USDT-SWAP,127786.7,1758332722049
2025-09-20 01:45:22.058000+00:00,LA-USDT-SWAP,6129500.0,1758332722058
2025-09-20 01:45:22.045000+00:00,LAUNCHCOIN-USDT-SWAP,40316000.0,1758332722045
2025-09-20 01:45:22.045000+00:00,LAYER-USDT-SWAP,6117649.0,1758332722045
2025-09-20 01:45:22.047000+00:00,LDO-USDT-SWAP,13888082.0,1758332722047
2025-09-20 01:45:22.051000+00:00,LINK-USDT-SWAP,2383982.3,1758332722051
2025-09-20 01:45:22.061000+00:00,LPT-USDT-SWAP,583050.3,1758332722061
2025-09-20 01:45:22.054000+00:00,LQTY-USDT-SWAP,2221386.0,1758332722054
2025-09-20 01:45:22.513000+00:00,LRC-USDT-SWAP,13879940.0,1758332722513
2025-09-20 01:45:22.511000+00:00,LTC-USDT-SWAP,717460.0000000002,1758332722511
2025-09-20 01:45:22.527000+00:00,LUNA-USDT-SWAP,19676849.0,1758332722527
2025-09-20 01:45:22.514000+00:00,MAGIC-USDT-SWAP,16576682.0,1758332722514
2025-09-20 01:45:22.519000+00:00,MAJOR-USDT-SWAP,4900602.0,1758332722519
2025-09-20 01:45:22.517000+00:00,MANA-USDT-SWAP,10859030.0,1758332722517
2025-09-20 01:45:22.538000+00:00,MASK-USDT-SWAP,2979823.0,1758332722538
2025-09-20 01:45:22.521000+00:00,ME-USDT-SWAP,3627089.0,1758332722521
2025-09-20 01:45:22.516000+00:00,MEME-USDT-SWAP,1351344500.0,1758332722516
2025-09-20 01:45:22.979000+00:00,MERL-USDT-SWAP,53076516.0,1758332722979
2025-09-20 01:45:22.979000+00:00,METIS-USDT-SWAP,119078.4,1758332722979
2025-09-20 01:45:22.976000+00:00,MEW-USDT-SWAP,1025725000.0,1758332722976
2025-09-20 01:45:22.973000+00:00,MINA-USDT-SWAP,7554756.0,1758332722973
2025-09-20 01:45:23.010000+00:00,MOG-USDT-SWAP,576189000000.0,1758332723010
2025-09-20 01:45:22.978000+00:00,MOODENG-USDT-SWAP,51440410.0,1758332722978
2025-09-20 01:45:22.995000+00:00,MORPHO-USDT-SWAP,1511656.0,1758332722995
2025-09-20 01:45:23.031000+00:00,MOVE-USDT-SWAP,28603390.0,1758332723031
2025-09-20 01:45:22.983000+00:00,MUBARAK-USDT-SWAP,28221700.0,1758332722983
2025-09-20 01:45:23.481000+00:00,NEAR-USDT-SWAP,6310961.0,1758332723481
2025-09-20 01:45:23.477000+00:00,NEIRO-USDT-SWAP,9629300000.0,1758332723477
2025-09-20 01:45:23.519000+00:00,NEO-USDT-SWAP,351467.0,1758332723519
2025-09-20 01:45:23.487000+00:00,NEWT-USDT-SWAP,3580680.0,1758332723487
2025-09-20 01:45:23.475000+00:00,NMR-USDT-SWAP,329747.3,1758332723475
2025-09-20 01:45:23.497000+00:00,NOT-USDT-SWAP,1501280200.0,1758332723497
2025-09-20 01:45:23.492000+00:00,NXPC-USDT-SWAP,1073850.0,1758332723492
2025-09-20 01:45:23.479000+00:00,OL-USDT-SWAP,74088380.0,1758332723479
2025-09-20 01:45:23.480000+00:00,OM-USDT-SWAP,22655947.999999996,1758332723480
2025-09-20 01:45:23.953000+00:00,ONDO-USDT-SWAP,22901130.0,1758332723953
2025-09-20 01:45:23.949000+00:00,ONE-USDT-SWAP,77665000.0,1758332723949
2025-09-20 01:45:23.946000+00:00,ONT-USDT-SWAP,9752980.0,1758332723946
2025-09-20 01:45:23.946000+00:00,OP-USDT-SWAP,25585260.0,1758332723946
2025-09-20 01:45:23.944000+00:00,ORBS-USDT-SWAP,29285900.0,1758332723944
2025-09-20 01:45:23.941000+00:00,ORDI-USDT-SWAP,1262875.0,1758332723941
2025-09-20 01:45:23.957000+00:00,PARTI-USDT-SWAP,13174810.0,1758332723957
2025-09-20 01:45:23.944000+00:00,PENGU-USDT-SWAP,655636600.0,1758332723944
2025-09-20 01:45:23.949000+00:00,PEOPLE-USDT-SWAP,351393500.0,1758332723949
2025-09-20 01:45:23.960000+00:00,PEPE-USDT-SWAP,9179892000000.004,1758332723960
2025-09-20 01:45:24.421000+00:00,PERP-USDT-SWAP,2870918.0,1758332724421
2025-09-20 01:45:24.415000+00:00,PI-USDT-SWAP,31419802.0,1758332724415
2025-09-20 01:45:24.411000+00:00,PLUME-USDT-SWAP,25693240.0,1758332724411
2025-09-20 01:45:24.417000+00:00,PNUT-USDT-SWAP,36869200.0,1758332724417
2025-09-20 01:45:24.423000+00:00,POL-USDT-SWAP,38196530.0,1758332724423
2025-09-20 01:45:24.405000+00:00,POPCAT-USDT-SWAP,9175080.0,1758332724405
2025-09-20 01:45:24.419000+00:00,PRCL-USDT-SWAP,17641597.0,1758332724419
2025-09-20 01:45:24.425000+00:00,PROMPT-USDT-SWAP,28691570.0,1758332724425
2025-09-20 01:45:24.426000+00:00,PUMP-USDT-SWAP,8420391000.0,1758332724426
2025-09-20 01:45:24.415000+00:00,PYTH-USDT-SWAP,53187800.0,1758332724415
2025-09-20 01:45:24.880000+00:00,QTUM-USDT-SWAP,1048490.0,1758332724880
2025-09-20 01:45:24.878000+00:00,RAY-USDT-SWAP,1404434.0,1758332724878
2025-09-20 01:45:24.887000+00:00,RENDER-USDT-SWAP,1344950.0,1758332724887
2025-09-20 01:45:24.886000+00:00,RESOLV-USDT-SWAP,25109280.0,1758332724886
2025-09-20 01:45:24.885000+00:00,RSR-USDT-SWAP,261397900.0,1758332724885
2025-09-20 01:45:24.885000+00:00,RVN-USDT-SWAP,80912620.0,1758332724885
2025-09-20 01:45:24.883000+00:00,S-USDT-SWAP,12340170.0,1758332724883
2025-09-20 01:45:24.878000+00:00,SAHARA-USDT-SWAP,38276520.0,1758332724878
2025-09-20 01:45:24.890000+00:00,SAND-USDT-SWAP,16931250.0,1758332724890
2025-09-20 01:45:24.893000+00:00,SATS-USDT-SWAP,190012040000000.0,1758332724893
2025-09-20 01:45:25.337000+00:00,SCR-USDT-SWAP,2565693.0,1758332725337
2025-09-20 01:45:25.329000+00:00,SHELL-USDT-SWAP,4664450.0,1758332725329
2025-09-20 01:45:25.360000+00:00,SHIB-USDT-SWAP,1694968199999.9998,1758332725360
2025-09-20 01:45:25.339000+00:00,SIGN-USDT-SWAP,52271200.0,1758332725339
2025-09-20 01:45:25.331000+00:00,SLP-USDT-SWAP,394028820.0,1758332725331
2025-09-20 01:45:25.342000+00:00,SNX-USDT-SWAP,2229987.0,1758332725342
2025-09-20 01:45:25.361000+00:00,SOL-USDT-SWAP,3769318.390000001,1758332725361
2025-09-20 01:45:25.348000+00:00,SOLV-USDT-SWAP,56779000.0,1758332725348
2025-09-20 01:45:25.343000+00:00,SONIC-USDT-SWAP,7954856.0,1758332725343
2025-09-20 01:45:25.347000+00:00,SOON-USDT-SWAP,7021140.0,1758332725347
2025-09-20 01:45:25.798000+00:00,SOPH-USDT-SWAP,81361500.0,1758332725798
2025-09-20 01:45:25.801000+00:00,SPK-USDT-SWAP,112235600.0,1758332725801
2025-09-20 01:45:25.808000+00:00,SPX-USDT-SWAP,886680.0,1758332725808
2025-09-20 01:45:25.828000+00:00,SSV-USDT-SWAP,287356.7,1758332725828
2025-09-20 01:45:25.803000+00:00,STORJ-USDT-SWAP,5949080.0,1758332725803
2025-09-20 01:45:25.811000+00:00,STRK-USDT-SWAP,24733718.0,1758332725811
2025-09-20 01:45:25.828000+00:00,STX-USDT-SWAP,7362448.000000001,1758332725828
2025-09-20 01:45:25.806000+00:00,SUI-USDT-SWAP,23910871.0,1758332725806
2025-09-20 01:45:25.814000+00:00,SUSHI-USDT-SWAP,8577359.0,1758332725814
2025-09-20 01:45:25.805000+00:00,SWARMS-USDT-SWAP,77478450.0,1758332725805
2025-09-20 01:45:26.278000+00:00,SYRUP-USDT-SWAP,2509820.0,1758332726278
2025-09-20 01:45:26.273000+00:00,T-USDT-SWAP,42917000.0,1758332726273
2025-09-20 01:45:26.289000+00:00,TAO-USDT-SWAP,13990.14,1758332726289
2025-09-20 01:45:26.295000+00:00,THETA-USDT-SWAP,2828753.0000000005,1758332726295
2025-09-20 01:45:26.269000+00:00,TIA-USDT-SWAP,4967586.0,1758332726269
2025-09-20 01:45:26.273000+00:00,TNSR-USDT-SWAP,9832098.0,1758332726273
2025-09-20 01:45:26.286000+00:00,TON-USDT-SWAP,7933684.0,1758332726286
2025-09-20 01:45:26.284000+00:00,TRB-USDT-SWAP,232717.0,1758332726284
2025-09-20 01:45:26.288000+00:00,TREE-USDT-SWAP,7685352.0,1758332726288
2025-09-20 01:45:26.284000+00:00,TRUMP-USDT-SWAP,5531069.2,1758332726284
2025-09-20 01:45:26.746000+00:00,TRX-USDT-SWAP,80367160.00000013,1758332726746
2025-09-20 01:45:26.722000+00:00,TURBO-USDT-SWAP,848579000.0,1758332726722
2025-09-20 01:45:26.728000+00:00,UMA-USDT-SWAP,1273102.3,1758332726728
2025-09-20 01:45:26.739000+00:00,UNI-USDT-SWAP,3874430.0,1758332726739
2025-09-20 01:45:26.729000+00:00,USDC-USDT-SWAP,870380.0,1758332726729
2025-09-20 01:45:26.729000+00:00,USELESS-USDT-SWAP,16719600.0,1758332726729
2025-09-20 01:45:26.738000+00:00,UXLINK-USDT-SWAP,5756440.0,1758332726738
2025-09-20 01:45:26.748000+00:00,VANA-USDT-SWAP,136034.6,1758332726748
2025-09-20 01:45:26.735000+00:00,VINE-USDT-SWAP,107531140.0,1758332726735
2025-09-20 01:45:27.194000+00:00,VIRTUAL-USDT-SWAP,3724445.0,1758332727194
2025-09-20 01:45:27.216000+00:00,W-USDT-SWAP,63162045.0,1758332727216
2025-09-20 01:45:27.203000+00:00,WAL-USDT-SWAP,1990770.0,1758332727203
2025-09-20 01:45:27.214000+00:00,WCT-USDT-SWAP,9233950.0,1758332727214
2025-09-20 01:45:27.220000+00:00,WIF-USDT-SWAP,18983100.0,1758332727220
2025-09-20 01:45:27.219000+00:00,WLD-USDT-SWAP,26406323.0,1758332727219
2025-09-20 01:45:27.225000+00:00,WLFI-USDT-SWAP,290986110.0,1758332727225
2025-09-20 01:45:27.210000+00:00,WOO-USDT-SWAP,18869880.0,1758332727210
2025-09-20 01:45:27.210000+00:00,XAUT-USDT-SWAP,4879.311,1758332727210
2025-09-20 01:45:27.684000+00:00,XLM-USDT-SWAP,39016960.00000001,1758332727684
2025-09-20 01:45:27.676000+00:00,XPL-USDT-SWAP,8767330.0,1758332727676
2025-09-20 01:45:27.695000+00:00,XRP-USDT-SWAP,105823744.99999996,1758332727695
2025-09-20 01:45:27.674000+00:00,XTZ-USDT-SWAP,5879149.0,1758332727674
2025-09-20 01:45:27.672000+00:00,YFI-USDT-SWAP,388.8702,1758332727672
2025-09-20 01:45:27.818000+00:00,YGG-USDT-SWAP,41568552.0,1758332727818
2025-09-20 01:45:27.687000+00:00,ZENT-USDT-SWAP,185906800.0,1758332727687
2025-09-20 01:45:27.674000+00:00,ZETA-USDT-SWAP,5542240.0,1758332727674
2025-09-20 01:45:27.694000+00:00,ZIL-USDT-SWAP,158088700.0,1758332727694
2025-09-20 01:45:28.264000+00:00,ZK-USDT-SWAP,46049860.0,1758332728264
2025-09-20 01:45:28.267000+00:00,ZRO-USDT-SWAP,1648329.0,1758332728267
2025-09-20 01:45:28.244000+00:00,ZRX-USDT-SWAP,7219780.0,1758332728244
2025-09-20 01:46:28.959000+00:00,1INCH-USDT-SWAP,6816372.0,1758332788959
2025-09-20 01:46:28.994000+00:00,A-USDT-SWAP,10867160.0,1758332788994
2025-09-20 01:46:28.972000+00:00,AAVE-USDT-SWAP,135947.73,1758332788972
2025-09-20 01:46:28.975000+00:00,ACE-USDT-SWAP,2996541.0,1758332788975
2025-09-20 01:46:29.123000+00:00,ACH-USDT-SWAP,94469200.0,1758332789123
2025-09-20 01:46:28.990000+00:00,ACT-USDT-SWAP,98910023.0,1758332788990
2025-09-20 01:46:28.971000+00:00,ADA-USDT-SWAP,95836260.00000003,1758332788971
2025-09-20 01:46:28.988000+00:00,AERO-USDT-SWAP,2220260.0,1758332788988
2025-09-20 01:46:28.980000+00:00,AEVO-USDT-SWAP,15345541.0,1758332788980
2025-09-20 01:46:28.986000+00:00,AGLD-USDT-SWAP,2044322.0,1758332788986
2025-09-20 01:46:29.577000+00:00,AI16Z-USDT-SWAP,52074441.0,1758332789577
2025-09-20 01:46:29.586000+00:00,AIXBT-USDT-SWAP,25028190.0,1758332789586
2025-09-20 01:46:29.583000+00:00,ALGO-USDT-SWAP,27155170.0,1758332789583
2025-09-20 01:46:29.595000+00:00,ANIME-USDT-SWAP,93247870.0,1758332789595
2025-09-20 01:46:29.587000+00:00,APE-USDT-SWAP,7883894.0,1758332789587
2025-09-20 01:46:29.593000+00:00,API3-USDT-SWAP,2156342.0,1758332789593
2025-09-20 01:46:29.590000+00:00,APT-USDT-SWAP,3778524.0,1758332789590
2025-09-20 01:46:29.594000+00:00,AR-USDT-SWAP,550316.0,1758332789594
2025-09-20 01:46:29.588000+00:00,ARB-USDT-SWAP,37566646.99999999,1758332789588
2025-09-20 01:46:30.044000+00:00,ARC-USDT-SWAP,106194960.0,1758332790044
2025-09-20 01:46:30.040000+00:00,ARKM-USDT-SWAP,3355700.0,1758332790040
2025-09-20 01:46:30.044000+00:00,ATH-USDT-SWAP,167712700.0,1758332790044
2025-09-20 01:46:30.050000+00:00,ATOM-USDT-SWAP,1988717.0,1758332790050
2025-09-20 01:46:30.040000+00:00,AUCTION-USDT-SWAP,234649.9,1758332790040
2025-09-20 01:46:30.039000+00:00,AVAAI-USDT-SWAP,96490740.0,1758332790039
2025-09-20 01:46:30.046000+00:00,AVAX-USDT-SWAP,2324686.200000002,1758332790046
2025-09-20 01:46:30.036000+00:00,AXS-USDT-SWAP,1088428.6,1758332790036
2025-09-20 01:46:30.047000+00:00,BABY-USDT-SWAP,39678710.0,1758332790047
2025-09-20 01:46:30.037000+00:00,BAND-USDT-SWAP,1323542.0,1758332790037
2025-09-20 01:46:30.509000+00:00,BAT-USDT-SWAP,4784440.0,1758332790509
2025-09-20 01:46:30.513000+00:00,BCH-USDT-SWAP,71889.50999999998,1758332790513
2025-09-20 01:46:30.501000+00:00,BERA-USDT-SWAP,2672091.3,1758332790501
2025-09-20 01:46:30.499000+00:00,BICO-USDT-SWAP,7440685.0,1758332790499
2025-09-20 01:46:30.510000+00:00,BIGTIME-USDT-SWAP,40102850.0,1758332790510
2025-09-20 01:46:30.506000+00:00,BIO-USDT-SWAP,58211853.0,1758332790506
2025-09-20 01:46:30.516000+00:00,BLUR-USDT-SWAP,24336270.0,1758332790516
2025-09-20 01:46:30.502000+00:00,BNB-USDT-SWAP,128131.34,1758332790502
2025-09-20 01:46:30.511000+00:00,BNT-USDT-SWAP,749140.0,1758332790511
2025-09-20 01:46:30.506000+00:00,BOME-USDT-SWAP,1041845000.0,1758332790506
2025-09-20 01:46:30.968000+00:00,BONK-USDT-SWAP,570474900000.0,1758332790968
2025-09-20 01:46:30.980000+00:00,BRETT-USDT-SWAP,18292000.0,1758332790980
2025-09-20 01:46:30.993000+00:00,BTC-USDT-SWAP,27894.30460000008,1758332790993
2025-09-20 01:46:30.970000+00:00,CAT-USDT-SWAP,160295200000.0,1758332790970
2025-09-20 01:46:30.989000+00:00,CATI-USDT-SWAP,17902484.0,1758332790989
2025-09-20 01:46:30.973000+00:00,CELO-USDT-SWAP,3473915.0,1758332790973
2025-09-20 01:46:30.984000+00:00,CETUS-USDT-SWAP,23277250.0,1758332790984
2025-09-20 01:46:30.969000+00:00,CFX-USDT-SWAP,73802370.0,1758332790969
2025-09-20 01:46:30.975000+00:00,CHZ-USDT-SWAP,76408950.0,1758332790975
2025-09-20 01:46:30.983000+00:00,COMP-USDT-SWAP,74766.4,1758332790983
2025-09-20 01:46:31.437000+00:00,COOKIE-USDT-SWAP,4911960.0,1758332791437
2025-09-20 01:46:31.438000+00:00,CORE-USDT-SWAP,9875704.0,1758332791438
2025-09-20 01:46:31.450000+00:00,CRO-USDT-SWAP,51342810.0,1758332791450
2025-09-20 01:46:31.436000+00:00,CRV-USDT-SWAP,24635692.0,1758332791436
2025-09-20 01:46:31.455000+00:00,CTC-USDT-SWAP,1708170.0,1758332791455
2025-09-20 01:46:31.445000+00:00,CVC-USDT-SWAP,9882100.0,1758332791445
2025-09-20 01:46:31.448000+00:00,CVX-USDT-SWAP,383069.0,1758332791448
2025-09-20 01:46:31.434000+00:00,DEGEN-USDT-SWAP,326114200.0,1758332791434
2025-09-20 01:46:31.920000+00:00,DOGE-USDT-SWAP,1381500209.9999995,1758332791920
2025-09-20 01:46:31.920000+00:00,DOGS-USDT-SWAP,15938998000.0,1758332791920
2025-09-20 01:46:31.919000+00:00,DOOD-USDT-SWAP,145304000.0,1758332791919
2025-09-20 01:46:31.923000+00:00,DOT-USDT-SWAP,6346608.0,1758332791923
2025-09-20 01:46:31.908000+00:00,DYDX-USDT-SWAP,11800600.0,1758332791908
2025-09-20 01:46:31.918000+00:00,EGLD-USDT-SWAP,113555.4,1758332791918
2025-09-20 01:46:32.086000+00:00,EIGEN-USDT-SWAP,4371871.0,1758332792086
2025-09-20 01:46:31.923000+00:00,ENJ-USDT-SWAP,15261730.0,1758332791923
2025-09-20 01:46:31.927000+00:00,ENS-USDT-SWAP,322309.3,1758332791927
2025-09-20 01:46:32.523000+00:00,ETC-USDT-SWAP,1190795.9000000001,1758332792523
2025-09-20 01:46:32.525000+00:00,ETH-USDT-SWAP,750587.943,1758332792525
2025-09-20 01:46:32.535000+00:00,ETHFI-USDT-SWAP,8434771.0,1758332792535
2025-09-20 01:46:32.527000+00:00,ETHW-USDT-SWAP,1229132.2,1758332792527
2025-09-20 01:46:32.533000+00:00,FARTCOIN-USDT-SWAP,24385538.0,1758332792533
2025-09-20 01:46:32.534000+00:00,FIL-USDT-SWAP,13363702.2,1758332792534
2025-09-20 01:46:32.537000+00:00,FLM-USDT-SWAP,30545060.0,1758332792537
2025-09-20 01:46:32.530000+00:00,FLOKI-USDT-SWAP,40028900000.0,1758332792530
2025-09-20 01:46:32.534000+00:00,FLOW-USDT-SWAP,4102310.0,1758332792534
2025-09-20 01:46:32.529000+00:00,FXS-USDT-SWAP,351458.0,1758332792529
2025-09-20 01:46:32.985000+00:00,GALA-USDT-SWAP,456077670.0,1758332792985
2025-09-20 01:46:32.996000+00:00,GAS-USDT-SWAP,357223.0,1758332792996
2025-09-20 01:46:32.993000+00:00,GLM-USDT-SWAP,3334160.0,1758332792993
2025-09-20 01:46:32.992000+00:00,GMT-USDT-SWAP,46442400.0,1758332792992
2025-09-20 01:46:32.986000+00:00,GMX-USDT-SWAP,70723.7,1758332792986
2025-09-20 01:46:32.985000+00:00,GOAT-USDT-SWAP,26092660.0,1758332792985
2025-09-20 01:46:32.991000+00:00,GODS-USDT-SWAP,8013089.0,1758332792991
2025-09-20 01:46:32.994000+00:00,GPS-USDT-SWAP,133024220.0,1758332792994
2025-09-20 01:46:32.989000+00:00,GRASS-USDT-SWAP,2830867.0,1758332792989
2025-09-20 01:46:32.999000+00:00,GRIFFAIN-USDT-SWAP,29761460.0,1758332792999
2025-09-20 01:46:33.433000+00:00,GRT-USDT-SWAP,21099230.0,1758332793433
2025-09-20 01:46:33.436000+00:00,H-USDT-SWAP,86653100.0,1758332793436
2025-09-20 01:46:33.446000+00:00,HBAR-USDT-SWAP,81803650.00000001,1758332793446
2025-09-20 01:46:33.436000+00:00,HMSTR-USDT-SWAP,1214802100.0,1758332793436
2025-09-20 01:46:33.435000+00:00,HOME-USDT-SWAP,17416600.0,1758332793435
2025-09-20 01:46:33.447000+00:00,HUMA-USDT-SWAP,66701400.0,1758332793447
2025-09-20 01:46:33.443000+00:00,HYPE-USDT-SWAP,966487.1,1758332793443
2025-09-20 01:46:33.443000+00:00,ICP-USDT-SWAP,1726636.78,1758332793443
2025-09-20 01:46:33.450000+00:00,ICX-USDT-SWAP,5919690.0,1758332793450
2025-09-20 01:46:33.458000+00:00,IMX-USDT-SWAP,10099908.0,1758332793458
2025-09-20 01:46:33.891000+00:00,INIT-USDT-SWAP,2273900.0,1758332793891
2025-09-20 01:46:33.904000+00:00,INJ-USDT-SWAP,902859.5,1758332793904
2025-09-20 01:46:33.926000+00:00,IOST-USDT-SWAP,281329000.0,1758332793926
2025-09-20 01:46:33.900000+00:00,IOTA-USDT-SWAP,14319960.0,1758332793900
2025-09-20 01:46:33.899000+00:00,IP-USDT-SWAP,3998041.0,1758332793899
2025-09-20 01:46:33.913000+00:00,JELLYJELLY-USDT-SWAP,186583400.0,1758332793913
2025-09-20 01:46:33.900000+00:00,JOE-USDT-SWAP,7111880.0,1758332793900
2025-09-20 01:46:33.902000+00:00,JTO-USDT-SWAP,3747027.0,1758332793902
2025-09-20 01:46:33.931000+00:00,JUP-USDT-SWAP,14464600.0,1758332793931
2025-09-20 01:46:34.373000+00:00,KAITO-USDT-SWAP,5128768.0,1758332794373
2025-09-20 01:46:34.372000+00:00,KMNO-USDT-SWAP,47184900.0,1758332794372
2025-09-20 01:46:34.374000+00:00,KSM-USDT-SWAP,127775.1,1758332794374
2025-09-20 01:46:34.369000+00:00,LA-USDT-SWAP,6129840.0,1758332794369
2025-09-20 01:46:34.378000+00:00,LAUNCHCOIN-USDT-SWAP,40312780.0,1758332794378
2025-09-20 01:46:34.395000+00:00,LAYER-USDT-SWAP,6117026.0,1758332794395
2025-09-20 01:46:34.379000+00:00,LDO-USDT-SWAP,13882963.0,1758332794379
2025-09-20 01:46:34.371000+00:00,LINK-USDT-SWAP,2383286.9,1758332794371
2025-09-20 01:46:34.388000+00:00,LPT-USDT-SWAP,582745.5,1758332794388
2025-09-20 01:46:34.386000+00:00,LQTY-USDT-SWAP,2221327.0,1758332794386
2025-09-20 01:46:35.279000+00:00,LRC-USDT-SWAP,13880090.0,1758332795279
2025-09-20 01:46:34.834000+00:00,LTC-USDT-SWAP,717461.7000000003,1758332794834
2025-09-20 01:46:34.850000+00:00,LUNA-USDT-SWAP,19673191.0,1758332794850
2025-09-20 01:46:34.828000+00:00,MAGIC-USDT-SWAP,16574159.0,1758332794828
2025-09-20 01:46:34.832000+00:00,MAJOR-USDT-SWAP,4900602.0,1758332794832
2025-09-20 01:46:34.832000+00:00,MANA-USDT-SWAP,10859060.0,1758332794832
2025-09-20 01:46:34.824000+00:00,MASK-USDT-SWAP,2979769.0,1758332794824
2025-09-20 01:46:34.838000+00:00,ME-USDT-SWAP,3629048.0,1758332794838
2025-09-20 01:46:34.838000+00:00,MEME-USDT-SWAP,1351101000.0,1758332794838
2025-09-20 01:46:35.725000+00:00,MERL-USDT-SWAP,53072328.0,1758332795725
2025-09-20 01:46:35.733000+00:00,METIS-USDT-SWAP,118980.5,1758332795733
2025-09-20 01:46:35.726000+00:00,MEW-USDT-SWAP,1027431000.0,1758332795726
2025-09-20 01:46:35.720000+00:00,MINA-USDT-SWAP,7554757.0,1758332795720
2025-09-20 01:46:35.739000+00:00,MOG-USDT-SWAP,576181000000.0,1758332795739
2025-09-20 01:46:35.739000+00:00,MOODENG-USDT-SWAP,51434410.0,1758332795739
2025-09-20 01:46:35.725000+00:00,MORPHO-USDT-SWAP,1511448.0,1758332795725
2025-09-20 01:46:35.741000+00:00,MOVE-USDT-SWAP,28603500.0,1758332795741
2025-09-20 01:46:36.191000+00:00,MUBARAK-USDT-SWAP,28256900.0,1758332796191
2025-09-20 01:46:36.641000+00:00,NEAR-USDT-SWAP,6336025.0,1758332796641
2025-09-20 01:46:36.633000+00:00,NEIRO-USDT-SWAP,9629614000.0,1758332796633
2025-09-20 01:46:36.636000+00:00,NEO-USDT-SWAP,351491.0,1758332796636
2025-09-20 01:46:36.638000+00:00,NEWT-USDT-SWAP,3578590.0,1758332796638
2025-09-20 01:46:36.638000+00:00,NMR-USDT-SWAP,329879.3,1758332796638
2025-09-20 01:46:36.633000+00:00,NOT-USDT-SWAP,1501199500.0,1758332796633
2025-09-20 01:46:36.639000+00:00,NXPC-USDT-SWAP,1073796.0,1758332796639
2025-09-20 01:46:36.640000+00:00,OL-USDT-SWAP,74082900.0,1758332796640
2025-09-20 01:46:36.662000+00:00,OM-USDT-SWAP,22653991.0,1758332796662
2025-09-20 01:46:37.170000+00:00,ONDO-USDT-SWAP,22910440.0,1758332797170
2025-09-20 01:46:37.166000+00:00,ONE-USDT-SWAP,77635400.0,1758332797166
2025-09-20 01:46:37.167000+00:00,ONT-USDT-SWAP,9751190.0,1758332797167
2025-09-20 01:46:37.157000+00:00,OP-USDT-SWAP,25585907.0,1758332797157
2025-09-20 01:46:37.166000+00:00,ORBS-USDT-SWAP,29285600.0,1758332797166
2025-09-20 01:46:37.166000+00:00,ORDI-USDT-SWAP,1262557.0,1758332797166
2025-09-20 01:46:37.163000+00:00,PARTI-USDT-SWAP,13173030.0,1758332797163
2025-09-20 01:46:37.224000+00:00,PENGU-USDT-SWAP,655529900.0,1758332797224
2025-09-20 01:46:37.167000+00:00,PEOPLE-USDT-SWAP,351489500.0,1758332797167
2025-09-20 01:46:37.172000+00:00,PEPE-USDT-SWAP,9179789000000.004,1758332797172
2025-09-20 01:46:37.665000+00:00,PERP-USDT-SWAP,2870924.0,1758332797665
2025-09-20 01:46:37.667000+00:00,PI-USDT-SWAP,31419928.0,1758332797667
2025-09-20 01:46:37.665000+00:00,PLUME-USDT-SWAP,25698560.0,1758332797665
2025-09-20 01:46:37.663000+00:00,PNUT-USDT-SWAP,36862550.0,1758332797663
2025-09-20 01:46:37.688000+00:00,POL-USDT-SWAP,38194770.0,1758332797688
2025-09-20 01:46:37.680000+00:00,POPCAT-USDT-SWAP,9175620.0,1758332797680
2025-09-20 01:46:37.669000+00:00,PRCL-USDT-SWAP,17731067.0,1758332797669
2025-09-20 01:46:37.675000+00:00,PROMPT-USDT-SWAP,28691770.0,1758332797675
2025-09-20 01:46:37.674000+00:00,PUMP-USDT-SWAP,8436526000.0,1758332797674
2025-09-20 01:46:37.687000+00:00,PYTH-USDT-SWAP,53172930.0,1758332797687
2025-09-20 01:46:38.136000+00:00,QTUM-USDT-SWAP,1048608.0,1758332798136
2025-09-20 01:46:38.144000+00:00,RAY-USDT-SWAP,1404381.0,1758332798144
2025-09-20 01:46:38.137000+00:00,RENDER-USDT-SWAP,1345096.0,1758332798137
2025-09-20 01:46:38.140000+00:00,RESOLV-USDT-SWAP,25073270.0,1758332798140
2025-09-20 01:46:38.147000+00:00,RSR-USDT-SWAP,261551200.0,1758332798147
2025-09-20 01:46:38.152000+00:00,RVN-USDT-SWAP,80903980.0,1758332798152
2025-09-20 01:46:38.141000+00:00,S-USDT-SWAP,12337760.0,1758332798141
2025-09-20 01:46:38.138000+00:00,SAHARA-USDT-SWAP,38272700.0,1758332798138
2025-09-20 01:46:38.138000+00:00,SAND-USDT-SWAP,16940980.0,1758332798138
2025-09-20 01:46:38.141000+00:00,SATS-USDT-SWAP,190300030000000.0,1758332798141
2025-09-20 01:46:38.606000+00:00,SCR-USDT-SWAP,2565826.0,1758332798606
2025-09-20 01:46:38.599000+00:00,SHELL-USDT-SWAP,4664490.0,1758332798599
2025-09-20 01:46:38.604000+00:00,SHIB-USDT-SWAP,1695013199999.9998,1758332798604
2025-09-20 01:46:38.711000+00:00,SIGN-USDT-SWAP,52288800.0,1758332798711
2025-09-20 01:46:38.609000+00:00,SLP-USDT-SWAP,393969160.0,1758332798609
2025-09-20 01:46:38.602000+00:00,SNX-USDT-SWAP,2228664.0,1758332798602
2025-09-20 01:46:38.599000+00:00,SOL-USDT-SWAP,3770237.420000002,1758332798599
2025-09-20 01:46:38.602000+00:00,SOLV-USDT-SWAP,56781100.0,1758332798602
2025-09-20 01:46:38.604000+00:00,SONIC-USDT-SWAP,7955126.0,1758332798604
2025-09-20 01:46:38.601000+00:00,SOON-USDT-SWAP,7021190.0,1758332798601
2025-09-20 01:46:39.140000+00:00,SOPH-USDT-SWAP,81478100.0,1758332799140
2025-09-20 01:46:39.151000+00:00,SPK-USDT-SWAP,112123000.0,1758332799151
2025-09-20 01:46:39.162000+00:00,SPX-USDT-SWAP,887657.0,1758332799162
2025-09-20 01:46:39.160000+00:00,SSV-USDT-SWAP,287414.4,1758332799160
2025-09-20 01:46:39.149000+00:00,STORJ-USDT-SWAP,5949000.0,1758332799149
2025-09-20 01:46:39.155000+00:00,STRK-USDT-SWAP,24739976.0,1758332799155
2025-09-20 01:46:39.155000+00:00,STX-USDT-SWAP,7361773.000000001,1758332799155
2025-09-20 01:46:39.154000+00:00,SUI-USDT-SWAP,23918785.0,1758332799154
2025-09-20 01:46:39.162000+00:00,SUSHI-USDT-SWAP,8572398.0,1758332799162
2025-09-20 01:46:39.161000+00:00,SWARMS-USDT-SWAP,77477390.0,1758332799161
2025-09-20 01:46:39.613000+00:00,SYRUP-USDT-SWAP,2508040.0,1758332799613
2025-09-20 01:46:39.615000+00:00,T-USDT-SWAP,42906800.0,1758332799615
2025-09-20 01:46:39.628000+00:00,TAO-USDT-SWAP,13989.81,1758332799628
2025-09-20 01:46:39.622000+00:00,THETA-USDT-SWAP,2828132.0,1758332799622
2025-09-20 01:46:39.616000+00:00,TIA-USDT-SWAP,4966689.0,1758332799616
2025-09-20 01:46:39.628000+00:00,TNSR-USDT-SWAP,9832184.0,1758332799628
2025-09-20 01:46:39.625000+00:00,TON-USDT-SWAP,7933579.0,1758332799625
2025-09-20 01:46:39.626000+00:00,TRB-USDT-SWAP,232774.7,1758332799626
2025-09-20 01:46:39.619000+00:00,TREE-USDT-SWAP,7680898.0,1758332799619
2025-09-20 01:46:39.631000+00:00,TRUMP-USDT-SWAP,5531250.0,1758332799631
2025-09-20 01:46:40.165000+00:00,TRX-USDT-SWAP,80444840.00000013,1758332800165
2025-09-20 01:46:40.156000+00:00,TURBO-USDT-SWAP,848550000.0,1758332800156
2025-09-20 01:46:40.163000+00:00,UMA-USDT-SWAP,1273103.3,1758332800163
2025-09-20 01:46:40.163000+00:00,UNI-USDT-SWAP,3874963.0,1758332800163
2025-09-20 01:46:40.165000+00:00,USDC-USDT-SWAP,870380.0,1758332800165
2025-09-20 01:46:40.164000+00:00,USELESS-USDT-SWAP,16711560.0,1758332800164
2025-09-20 01:46:40.156000+00:00,UXLINK-USDT-SWAP,5757270.0,1758332800156
2025-09-20 01:46:40.174000+00:00,VANA-USDT-SWAP,135902.5,1758332800174
2025-09-20 01:46:40.158000+00:00,VINE-USDT-SWAP,107539860.0,1758332800158
2025-09-20 01:46:40.626000+00:00,VIRTUAL-USDT-SWAP,3724114.0,1758332800626
2025-09-20 01:46:40.617000+00:00,W-USDT-SWAP,63185664.0,1758332800617
2025-09-20 01:46:40.632000+00:00,WAL-USDT-SWAP,1990760.0,1758332800632
2025-09-20 01:46:40.623000+00:00,WCT-USDT-SWAP,9230600.0,1758332800623
2025-09-20 01:46:40.622000+00:00,WIF-USDT-SWAP,18967523.0,1758332800622
2025-09-20 01:46:40.623000+00:00,WLD-USDT-SWAP,26422968.0,1758332800623
2025-09-20 01:46:40.663000+00:00,WLFI-USDT-SWAP,291004710.0,1758332800663
2025-09-20 01:46:40.621000+00:00,WOO-USDT-SWAP,18858940.0,1758332800621
2025-09-20 01:46:40.628000+00:00,XAUT-USDT-SWAP,4878.97,1758332800628
2025-09-20 01:46:41.117000+00:00,XLM-USDT-SWAP,39025180.00000001,1758332801117
2025-09-20 01:46:41.140000+00:00,XPL-USDT-SWAP,8766860.0,1758332801140
2025-09-20 01:46:41.127000+00:00,XRP-USDT-SWAP,105832861.99999996,1758332801127
2025-09-20 01:46:41.113000+00:00,XTZ-USDT-SWAP,5877525.0,1758332801113
2025-09-20 01:46:41.125000+00:00,YFI-USDT-SWAP,388.6159,1758332801125
2025-09-20 01:46:41.124000+00:00,YGG-USDT-SWAP,41589872.0,1758332801124
2025-09-20 01:46:41.141000+00:00,ZENT-USDT-SWAP,185904600.0,1758332801141
2025-09-20 01:46:41.131000+00:00,ZETA-USDT-SWAP,5542190.0,1758332801131
2025-09-20 01:46:41.143000+00:00,ZIL-USDT-SWAP,158150000.0,1758332801143
2025-09-20 01:46:41.602000+00:00,ZK-USDT-SWAP,46049120.0,1758332801602
2025-09-20 01:46:41.786000+00:00,ZRO-USDT-SWAP,1648266.0,1758332801786
2025-09-20 01:46:41.591000+00:00,ZRX-USDT-SWAP,7219980.0,1758332801591
2025-09-20 01:47:42.513000+00:00,1INCH-USDT-SWAP,6820874.0,1758332862513
2025-09-20 01:47:42.521000+00:00,A-USDT-SWAP,10864060.0,1758332862521
2025-09-20 01:47:42.489000+00:00,AAVE-USDT-SWAP,135916.84000000003,1758332862489
2025-09-20 01:47:42.507000+00:00,ACE-USDT-SWAP,2993109.0,1758332862507
2025-09-20 01:47:42.513000+00:00,ACH-USDT-SWAP,94454300.0,1758332862513
2025-09-20 01:47:42.514000+00:00,ACT-USDT-SWAP,98890056.0,1758332862514
2025-09-20 01:47:42.513000+00:00,ADA-USDT-SWAP,95849680.00000003,1758332862513
2025-09-20 01:47:42.504000+00:00,AERO-USDT-SWAP,2220320.0,1758332862504
2025-09-20 01:47:42.512000+00:00,AEVO-USDT-SWAP,15356715.0,1758332862512
2025-09-20 01:47:42.533000+00:00,AGLD-USDT-SWAP,2044235.0,1758332862533
2025-09-20 01:47:42.990000+00:00,AI16Z-USDT-SWAP,52074340.0,1758332862990
2025-09-20 01:47:43.002000+00:00,AIXBT-USDT-SWAP,25034240.0,1758332863002
2025-09-20 01:47:42.997000+00:00,ALGO-USDT-SWAP,27155060.0,1758332862997
2025-09-20 01:47:42.983000+00:00,ANIME-USDT-SWAP,93234580.0,1758332862983
2025-09-20 01:47:42.985000+00:00,APE-USDT-SWAP,7884128.9,1758332862985
2025-09-20 01:47:42.986000+00:00,API3-USDT-SWAP,2156943.0,1758332862986
2025-09-20 01:47:42.993000+00:00,APT-USDT-SWAP,3778736.0,1758332862993
2025-09-20 01:47:42.987000+00:00,AR-USDT-SWAP,549931.6,1758332862987
2025-09-20 01:47:42.986000+00:00,ARB-USDT-SWAP,37581702.999999985,1758332862986
2025-09-20 01:47:43.558000+00:00,ARC-USDT-SWAP,106178040.0,1758332863558
2025-09-20 01:47:43.560000+00:00,ARKM-USDT-SWAP,3355756.0,1758332863560
2025-09-20 01:47:43.564000+00:00,ATH-USDT-SWAP,167661300.0,1758332863564
2025-09-20 01:47:43.563000+00:00,ATOM-USDT-SWAP,1988899.0,1758332863563
2025-09-20 01:47:43.550000+00:00,AUCTION-USDT-SWAP,234672.8,1758332863550
2025-09-20 01:47:43.567000+00:00,AVAAI-USDT-SWAP,96397020.0,1758332863567
2025-09-20 01:47:43.572000+00:00,AVAX-USDT-SWAP,2324823.500000002,1758332863572
2025-09-20 01:47:43.567000+00:00,AXS-USDT-SWAP,1088969.8,1758332863567
2025-09-20 01:47:43.586000+00:00,BABY-USDT-SWAP,39708830.0,1758332863586
2025-09-20 01:47:43.565000+00:00,BAND-USDT-SWAP,1323901.0,1758332863565
2025-09-20 01:47:44.034000+00:00,BAT-USDT-SWAP,4784440.0,1758332864034
2025-09-20 01:47:44.031000+00:00,BCH-USDT-SWAP,71890.35999999997,1758332864031
2025-09-20 01:47:44.044000+00:00,BERA-USDT-SWAP,2671960.6,1758332864044
2025-09-20 01:47:44.036000+00:00,BICO-USDT-SWAP,7439791.0,1758332864036
2025-09-20 01:47:44.036000+00:00,BIGTIME-USDT-SWAP,40099450.0,1758332864036
2025-09-20 01:47:44.035000+00:00,BIO-USDT-SWAP,58269204.0,1758332864035
2025-09-20 01:47:44.033000+00:00,BLUR-USDT-SWAP,24341690.0,1758332864033
2025-09-20 01:47:44.049000+00:00,BNB-USDT-SWAP,128118.45,1758332864049
2025-09-20 01:47:44.048000+00:00,BNT-USDT-SWAP,749140.0,1758332864048
2025-09-20 01:47:44.041000+00:00,BOME-USDT-SWAP,1041818000.0,1758332864041
2025-09-20 01:47:44.506000+00:00,BONK-USDT-SWAP,570459600000.0,1758332864506
2025-09-20 01:47:44.491000+00:00,BRETT-USDT-SWAP,18420700.0,1758332864491
2025-09-20 01:47:44.499000+00:00,BTC-USDT-SWAP,27894.252600000076,1758332864499
2025-09-20 01:47:44.621000+00:00,CAT-USDT-SWAP,160153900000.0,1758332864621
2025-09-20 01:47:44.503000+00:00,CATI-USDT-SWAP,17886149.0,1758332864503
2025-09-20 01:47:44.490000+00:00,CELO-USDT-SWAP,3475136.0,1758332864490
2025-09-20 01:47:44.491000+00:00,CETUS-USDT-SWAP,23276400.0,1758332864491
2025-09-20 01:47:44.498000+00:00,CFX-USDT-SWAP,73811330.0,1758332864498
2025-09-20 01:47:44.517000+00:00,CHZ-USDT-SWAP,76408730.0,1758332864517
2025-09-20 01:47:44.505000+00:00,COMP-USDT-SWAP,74764.9,1758332864505
2025-09-20 01:47:45.074000+00:00,COOKIE-USDT-SWAP,4905860.0,1758332865074
2025-09-20 01:47:45.065000+00:00,CORE-USDT-SWAP,9875040.0,1758332865065
2025-09-20 01:47:45.070000+00:00,CRO-USDT-SWAP,51341970.0,1758332865070
2025-09-20 01:47:45.064000+00:00,CRV-USDT-SWAP,24640771.0,1758332865064
2025-09-20 01:47:45.057000+00:00,CTC-USDT-SWAP,1708190.0,1758332865057
2025-09-20 01:47:45.067000+00:00,CVC-USDT-SWAP,9881400.0,1758332865067
2025-09-20 01:47:45.216000+00:00,CVX-USDT-SWAP,383022.0,1758332865216
2025-09-20 01:47:45.062000+00:00,DEGEN-USDT-SWAP,326050700.0,1758332865062
2025-09-20 01:47:45.658000+00:00,DOGE-USDT-SWAP,1381312329.9999995,1758332865658
2025-09-20 01:47:45.648000+00:00,DOGS-USDT-SWAP,15939032000.0,1758332865648
2025-09-20 01:47:45.648000+00:00,DOOD-USDT-SWAP,145251000.0,1758332865648
2025-09-20 01:47:45.653000+00:00,DOT-USDT-SWAP,6345336.0,1758332865653
2025-09-20 01:47:45.654000+00:00,DYDX-USDT-SWAP,11809243.0,1758332865654
2025-09-20 01:47:45.662000+00:00,EGLD-USDT-SWAP,113467.9,1758332865662
2025-09-20 01:47:45.659000+00:00,EIGEN-USDT-SWAP,4373860.0,1758332865659
2025-09-20 01:47:45.654000+00:00,ENJ-USDT-SWAP,15261950.0,1758332865654
2025-09-20 01:47:45.669000+00:00,ENS-USDT-SWAP,322260.5,1758332865669
2025-09-20 01:47:46.116000+00:00,ETC-USDT-SWAP,1189396.9000000001,1758332866116
2025-09-20 01:47:46.123000+00:00,ETH-USDT-SWAP,750778.9449999998,1758332866123
2025-09-20 01:47:46.127000+00:00,ETHFI-USDT-SWAP,8435281.0,1758332866127
2025-09-20 01:47:46.127000+00:00,ETHW-USDT-SWAP,1229067.7,1758332866127
2025-09-20 01:47:46.139000+00:00,FARTCOIN-USDT-SWAP,24381943.0,1758332866139
2025-09-20 01:47:46.118000+00:00,FIL-USDT-SWAP,13362348.7,1758332866118
2025-09-20 01:47:46.118000+00:00,FLM-USDT-SWAP,30559850.0,1758332866118
2025-09-20 01:47:46.133000+00:00,FLOKI-USDT-SWAP,40032000000.0,1758332866133
2025-09-20 01:47:46.114000+00:00,FLOW-USDT-SWAP,4103190.0,1758332866114
2025-09-20 01:47:46.164000+00:00,FXS-USDT-SWAP,351458.0,1758332866164
2025-09-20 01:47:46.603000+00:00,GALA-USDT-SWAP,455991430.0,1758332866603
2025-09-20 01:47:46.598000+00:00,GAS-USDT-SWAP,357230.0,1758332866598
2025-09-20 01:47:46.590000+00:00,GLM-USDT-SWAP,3334020.0,1758332866590
2025-09-20 01:47:46.596000+00:00,GMT-USDT-SWAP,46446354.0,1758332866596
2025-09-20 01:47:46.596000+00:00,GMX-USDT-SWAP,70588.0,1758332866596
2025-09-20 01:47:46.596000+00:00,GOAT-USDT-SWAP,26102860.0,1758332866596
2025-09-20 01:47:46.592000+00:00,GODS-USDT-SWAP,8013089.0,1758332866592
2025-09-20 01:47:46.610000+00:00,GPS-USDT-SWAP,133309190.0,1758332866610
2025-09-20 01:47:46.606000+00:00,GRASS-USDT-SWAP,2812235.0,1758332866606
2025-09-20 01:47:46.595000+00:00,GRIFFAIN-USDT-SWAP,29762780.0,1758332866595
2025-09-20 01:47:47.051000+00:00,GRT-USDT-SWAP,21104920.0,1758332867051
2025-09-20 01:47:47.240000+00:00,H-USDT-SWAP,86758200.0,1758332867240
2025-09-20 01:47:47.053000+00:00,HBAR-USDT-SWAP,81799480.00000001,1758332867053
2025-09-20 01:47:47.052000+00:00,HMSTR-USDT-SWAP,1214721200.0,1758332867052
2025-09-20 01:47:47.048000+00:00,HOME-USDT-SWAP,17416600.0,1758332867048
2025-09-20 01:47:47.058000+00:00,HUMA-USDT-SWAP,66792800.0,1758332867058
2025-09-20 01:47:47.054000+00:00,HYPE-USDT-SWAP,966431.8,1758332867054
2025-09-20 01:47:47.058000+00:00,ICP-USDT-SWAP,1726056.72,1758332867058
2025-09-20 01:47:47.074000+00:00,ICX-USDT-SWAP,5918750.0,1758332867074
2025-09-20 01:47:47.066000+00:00,IMX-USDT-SWAP,10109160.0,1758332867066
2025-09-20 01:47:47.687000+00:00,INIT-USDT-SWAP,2274270.0,1758332867687
2025-09-20 01:47:47.698000+00:00,INJ-USDT-SWAP,902794.7,1758332867698
2025-09-20 01:47:47.697000+00:00,IOST-USDT-SWAP,281329000.0,1758332867697
2025-09-20 01:47:47.694000+00:00,IOTA-USDT-SWAP,14321540.0,1758332867694
2025-09-20 01:47:47.693000+00:00,IP-USDT-SWAP,4000744.0,1758332867693
2025-09-20 01:47:47.690000+00:00,JELLYJELLY-USDT-SWAP,186612200.0,1758332867690
2025-09-20 01:47:47.691000+00:00,JOE-USDT-SWAP,7115300.0,1758332867691
2025-09-20 01:47:47.709000+00:00,JTO-USDT-SWAP,3747162.0,1758332867709
2025-09-20 01:47:47.686000+00:00,JUP-USDT-SWAP,14471120.0,1758332867686
2025-09-20 01:47:48.181000+00:00,KAITO-USDT-SWAP,5126541.0,1758332868181
2025-09-20 01:47:48.194000+00:00,KMNO-USDT-SWAP,47171400.0,1758332868194
2025-09-20 01:47:48.189000+00:00,KSM-USDT-SWAP,127759.2,1758332868189
2025-09-20 01:47:48.185000+00:00,LA-USDT-SWAP,6131700.0,1758332868185
2025-09-20 01:47:48.183000+00:00,LAUNCHCOIN-USDT-SWAP,40312110.0,1758332868183
2025-09-20 01:47:48.191000+00:00,LAYER-USDT-SWAP,6117170.0,1758332868191
2025-09-20 01:47:48.174000+00:00,LDO-USDT-SWAP,13885000.0,1758332868174
2025-09-20 01:47:48.179000+00:00,LINK-USDT-SWAP,2382867.9,1758332868179
2025-09-20 01:47:48.187000+00:00,LPT-USDT-SWAP,582638.8,1758332868187
2025-09-20 01:47:48.191000+00:00,LQTY-USDT-SWAP,2221277.0,1758332868191
2025-09-20 01:47:48.632000+00:00,LRC-USDT-SWAP,13877990.0,1758332868632
2025-09-20 01:47:48.634000+00:00,LTC-USDT-SWAP,717676.1000000003,1758332868634
2025-09-20 01:47:48.652000+00:00,LUNA-USDT-SWAP,19673021.0,1758332868652
2025-09-20 01:47:48.646000+00:00,MAGIC-USDT-SWAP,16579910.0,1758332868646
2025-09-20 01:47:48.645000+00:00,MAJOR-USDT-SWAP,4900602.0,1758332868645
2025-09-20 01:47:48.648000+00:00,MANA-USDT-SWAP,10858130.0,1758332868648
2025-09-20 01:47:48.640000+00:00,MASK-USDT-SWAP,2979975.0,1758332868640
2025-09-20 01:47:48.653000+00:00,ME-USDT-SWAP,3630115.0,1758332868653
2025-09-20 01:47:48.651000+00:00,MEME-USDT-SWAP,1350168900.0,1758332868651
2025-09-20 01:47:49.093000+00:00,MERL-USDT-SWAP,53058984.0,1758332869093
2025-09-20 01:47:49.104000+00:00,METIS-USDT-SWAP,118967.4,1758332869104
2025-09-20 01:47:49.096000+00:00,MEW-USDT-SWAP,1027574000.0,1758332869096
2025-09-20 01:47:49.101000+00:00,MINA-USDT-SWAP,7555400.0,1758332869101
2025-09-20 01:47:49.114000+00:00,MOG-USDT-SWAP,576237000000.0,1758332869114
2025-09-20 01:47:49.111000+00:00,MOODENG-USDT-SWAP,51469890.0,1758332869111
2025-09-20 01:47:49.100000+00:00,MORPHO-USDT-SWAP,1511349.0,1758332869100
2025-09-20 01:47:49.113000+00:00,MOVE-USDT-SWAP,28588410.0,1758332869113
2025-09-20 01:47:49.121000+00:00,MUBARAK-USDT-SWAP,28188700.0,1758332869121
2025-09-20 01:47:49.565000+00:00,NEAR-USDT-SWAP,6294958.000000001,1758332869565
2025-09-20 01:47:49.566000+00:00,NEIRO-USDT-SWAP,9629835000.0,1758332869566
2025-09-20 01:47:49.567000+00:00,NEO-USDT-SWAP,351570.0,1758332869567
2025-09-20 01:47:49.561000+00:00,NEWT-USDT-SWAP,3581950.0,1758332869561
2025-09-20 01:47:49.564000+00:00,NMR-USDT-SWAP,329702.9,1758332869564
2025-09-20 01:47:49.572000+00:00,NOT-USDT-SWAP,1501229600.0,1758332869572
2025-09-20 01:47:49.583000+00:00,NXPC-USDT-SWAP,1073856.0,1758332869583
2025-09-20 01:47:49.567000+00:00,OL-USDT-SWAP,74091420.0,1758332869567
2025-09-20 01:47:49.568000+00:00,OM-USDT-SWAP,22634926.0,1758332869568
2025-09-20 01:47:50.027000+00:00,ONDO-USDT-SWAP,22917540.0,1758332870027
2025-09-20 01:47:50.035000+00:00,ONE-USDT-SWAP,77739900.0,1758332870035
2025-09-20 01:47:50.042000+00:00,ONT-USDT-SWAP,9748160.0,1758332870042
2025-09-20 01:47:50.038000+00:00,OP-USDT-SWAP,25586425.0,1758332870038
2025-09-20 01:47:50.036000+00:00,ORBS-USDT-SWAP,29285600.0,1758332870036
2025-09-20 01:47:50.045000+00:00,ORDI-USDT-SWAP,1262658.8,1758332870045
2025-09-20 01:47:50.031000+00:00,PARTI-USDT-SWAP,13165860.0,1758332870031
2025-09-20 01:47:50.036000+00:00,PENGU-USDT-SWAP,655589800.0,1758332870036
2025-09-20 01:47:50.045000+00:00,PEOPLE-USDT-SWAP,351485200.0,1758332870045
2025-09-20 01:47:50.033000+00:00,PEPE-USDT-SWAP,9183662000000.004,1758332870033
2025-09-20 01:47:50.499000+00:00,PERP-USDT-SWAP,2870921.0,1758332870499
2025-09-20 01:47:50.487000+00:00,PI-USDT-SWAP,31412012.0,1758332870487
2025-09-20 01:47:50.497000+00:00,PLUME-USDT-SWAP,25693140.0,1758332870497
2025-09-20 01:47:50.493000+00:00,PNUT-USDT-SWAP,36862360.0,1758332870493
2025-09-20 01:47:50.491000+00:00,POL-USDT-SWAP,38194350.0,1758332870491
2025-09-20 01:47:50.502000+00:00,POPCAT-USDT-SWAP,9174680.0,1758332870502
2025-09-20 01:47:50.491000+00:00,PRCL-USDT-SWAP,17590783.0,1758332870491
2025-09-20 01:47:50.493000+00:00,PROMPT-USDT-SWAP,28698660.0,1758332870493
2025-09-20 01:47:50.494000+00:00,PUMP-USDT-SWAP,8445389000.0,1758332870494
2025-09-20 01:47:50.500000+00:00,PYTH-USDT-SWAP,53158720.0,1758332870500
2025-09-20 01:47:50.947000+00:00,QTUM-USDT-SWAP,1048520.0,1758332870947
2025-09-20 01:47:50.948000+00:00,RAY-USDT-SWAP,1404345.0,1758332870948
2025-09-20 01:47:50.957000+00:00,RENDER-USDT-SWAP,1344908.0,1758332870957
2025-09-20 01:47:50.957000+00:00,RESOLV-USDT-SWAP,25086960.0,1758332870957
2025-09-20 01:47:50.940000+00:00,RSR-USDT-SWAP,261442100.0,1758332870940
2025-09-20 01:47:50.955000+00:00,RVN-USDT-SWAP,80968420.0,1758332870955
2025-09-20 01:47:50.951000+00:00,S-USDT-SWAP,12337770.0,1758332870951
2025-09-20 01:47:50.952000+00:00,SAHARA-USDT-SWAP,38272260.0,1758332870952
2025-09-20 01:47:50.945000+00:00,SAND-USDT-SWAP,16940430.0,1758332870945
2025-09-20 01:47:50.953000+00:00,SATS-USDT-SWAP,190146050000000.0,1758332870953
2025-09-20 01:47:51.404000+00:00,SCR-USDT-SWAP,2565609.0,1758332871404
2025-09-20 01:47:51.398000+00:00,SHELL-USDT-SWAP,4664310.0,1758332871398
2025-09-20 01:47:51.408000+00:00,SHIB-USDT-SWAP,1694691499999.9998,1758332871408
2025-09-20 01:47:51.400000+00:00,SIGN-USDT-SWAP,52343800.0,1758332871400
2025-09-20 01:47:51.402000+00:00,SLP-USDT-SWAP,393820000.0,1758332871402
2025-09-20 01:47:51.407000+00:00,SNX-USDT-SWAP,2227906.0,1758332871407
2025-09-20 01:47:51.404000+00:00,SOL-USDT-SWAP,3770240.000000001,1758332871404
2025-09-20 01:47:51.423000+00:00,SOLV-USDT-SWAP,56788100.0,1758332871423
2025-09-20 01:47:51.421000+00:00,SONIC-USDT-SWAP,7955029.0,1758332871421
2025-09-20 01:47:51.404000+00:00,SOON-USDT-SWAP,7020460.0,1758332871404
2025-09-20 01:47:51.875000+00:00,SOPH-USDT-SWAP,81477800.0,1758332871875
2025-09-20 01:47:51.878000+00:00,SPK-USDT-SWAP,112131400.0,1758332871878
2025-09-20 01:47:51.879000+00:00,SPX-USDT-SWAP,885036.0,1758332871879
2025-09-20 01:47:51.884000+00:00,SSV-USDT-SWAP,289248.7,1758332871884
2025-09-20 01:47:51.880000+00:00,STORJ-USDT-SWAP,5949330.0,1758332871880
2025-09-20 01:47:51.893000+00:00,STRK-USDT-SWAP,24748436.0,1758332871893
2025-09-20 01:47:51.884000+00:00,STX-USDT-SWAP,7361716.000000001,1758332871884
2025-09-20 01:47:51.884000+00:00,SUI-USDT-SWAP,23944290.0,1758332871884
2025-09-20 01:47:51.870000+00:00,SUSHI-USDT-SWAP,8576478.0,1758332871870
2025-09-20 01:47:51.879000+00:00,SWARMS-USDT-SWAP,77474690.0,1758332871879
2025-09-20 01:47:52.338000+00:00,SYRUP-USDT-SWAP,2508120.0,1758332872338
2025-09-20 01:47:52.347000+00:00,T-USDT-SWAP,42907500.0,1758332872347
2025-09-20 01:47:52.355000+00:00,TAO-USDT-SWAP,13989.22,1758332872355
2025-09-20 01:47:52.354000+00:00,THETA-USDT-SWAP,2828744.0,1758332872354
2025-09-20 01:47:52.343000+00:00,TIA-USDT-SWAP,4970241.0,1758332872343
2025-09-20 01:47:52.339000+00:00,TNSR-USDT-SWAP,9832769.0,1758332872339
2025-09-20 01:47:52.345000+00:00,TON-USDT-SWAP,7933577.0,1758332872345
2025-09-20 01:47:52.344000+00:00,TRB-USDT-SWAP,232787.7,1758332872344
2025-09-20 01:47:52.345000+00:00,TREE-USDT-SWAP,7680267.0,1758332872345
2025-09-20 01:47:52.353000+00:00,TRUMP-USDT-SWAP,5531487.9,1758332872353
2025-09-20 01:47:52.808000+00:00,TRX-USDT-SWAP,80443280.00000013,1758332872808
2025-09-20 01:47:52.811000+00:00,TURBO-USDT-SWAP,848606000.0,1758332872811
2025-09-20 01:47:52.826000+00:00,UMA-USDT-SWAP,1273103.3,1758332872826
2025-09-20 01:47:52.815000+00:00,UNI-USDT-SWAP,3873742.0,1758332872815
2025-09-20 01:47:52.804000+00:00,USDC-USDT-SWAP,870380.0,1758332872804
2025-09-20 01:47:52.814000+00:00,USELESS-USDT-SWAP,16704210.0,1758332872814
2025-09-20 01:47:52.866000+00:00,UXLINK-USDT-SWAP,5756320.0,1758332872866
2025-09-20 01:47:52.812000+00:00,VANA-USDT-SWAP,135906.8,1758332872812
2025-09-20 01:47:52.815000+00:00,VINE-USDT-SWAP,107508790.0,1758332872815
2025-09-20 01:47:53.294000+00:00,VIRTUAL-USDT-SWAP,3733443.0,1758332873294
2025-09-20 01:47:53.289000+00:00,W-USDT-SWAP,63187802.0,1758332873289
2025-09-20 01:47:53.298000+00:00,WAL-USDT-SWAP,1990760.0,1758332873298
2025-09-20 01:47:53.297000+00:00,WCT-USDT-SWAP,9232750.0,1758332873297
2025-09-20 01:47:53.298000+00:00,WIF-USDT-SWAP,18965933.0,1758332873298
2025-09-20 01:47:53.294000+00:00,WLD-USDT-SWAP,26417603.0,1758332873294
2025-09-20 01:47:53.286000+00:00,WLFI-USDT-SWAP,290736810.0,1758332873286
2025-09-20 01:47:53.304000+00:00,WOO-USDT-SWAP,18858890.0,1758332873304
2025-09-20 01:47:53.302000+00:00,XAUT-USDT-SWAP,4878.654,1758332873302
2025-09-20 01:47:53.757000+00:00,XLM-USDT-SWAP,39025440.00000001,1758332873757
2025-09-20 01:47:53.759000+00:00,XPL-USDT-SWAP,8766760.0,1758332873759
2025-09-20 01:47:53.765000+00:00,XRP-USDT-SWAP,105827994.99999996,1758332873765
2025-09-20 01:47:53.759000+00:00,XTZ-USDT-SWAP,5877006.0,1758332873759
2025-09-20 01:47:53.750000+00:00,YFI-USDT-SWAP,388.3878,1758332873750
2025-09-20 01:47:53.761000+00:00,YGG-USDT-SWAP,41586830.0,1758332873761
2025-09-20 01:47:53.754000+00:00,ZENT-USDT-SWAP,185723600.0,1758332873754
2025-09-20 01:47:53.768000+00:00,ZETA-USDT-SWAP,5542190.0,1758332873768
2025-09-20 01:47:53.756000+00:00,ZIL-USDT-SWAP,158149800.0,1758332873756
2025-09-20 01:47:54.215000+00:00,ZK-USDT-SWAP,46048930.0,1758332874215
2025-09-20 01:47:54.219000+00:00,ZRO-USDT-SWAP,1648141.0,1758332874219
2025-09-20 01:47:54.210000+00:00,ZRX-USDT-SWAP,7219950.0,1758332874210
2025-09-20 02:44:47.369000+00:00,1INCH-USDT-SWAP,6844207.0,1758336287369
2025-09-20 02:44:47.368000+00:00,A-USDT-SWAP,10838190.0,1758336287368
2025-09-20 02:44:47.385000+00:00,AAVE-USDT-SWAP,135555.6,1758336287385
2025-09-20 02:44:47.428000+00:00,ACE-USDT-SWAP,2985989.0,1758336287428
2025-09-20 02:44:47.375000+00:00,ACH-USDT-SWAP,94550600.0,1758336287375
2025-09-20 02:44:47.348000+00:00,ACT-USDT-SWAP,98989235.0,1758336287348
2025-09-20 02:44:47.369000+00:00,ADA-USDT-SWAP,95077450.00000004,1758336287369
2025-09-20 02:44:47.389000+00:00,AERO-USDT-SWAP,2218050.0,1758336287389
2025-09-20 02:44:47.364000+00:00,AEVO-USDT-SWAP,15466956.0,1758336287364
2025-09-20 02:44:47.382000+00:00,AGLD-USDT-SWAP,2044515.0,1758336287382
2025-09-20 02:44:47.857000+00:00,AI16Z-USDT-SWAP,52321088.0,1758336287857
2025-09-20 02:44:47.854000+00:00,AIXBT-USDT-SWAP,24776850.0,1758336287854
2025-09-20 02:44:47.869000+00:00,ALGO-USDT-SWAP,27217080.0,1758336287869
2025-09-20 02:44:47.853000+00:00,ANIME-USDT-SWAP,93306670.0,1758336287853
2025-09-20 02:44:47.865000+00:00,APE-USDT-SWAP,7876434.1,1758336287865
2025-09-20 02:44:47.860000+00:00,API3-USDT-SWAP,2131650.0,1758336287860
2025-09-20 02:44:47.880000+00:00,APT-USDT-SWAP,3768867.0,1758336287880
2025-09-20 02:44:47.859000+00:00,AR-USDT-SWAP,550317.6,1758336287859
2025-09-20 02:44:47.866000+00:00,ARB-USDT-SWAP,37435209.999999985,1758336287866
2025-09-20 02:44:48.375000+00:00,ARC-USDT-SWAP,106056930.0,1758336288375
2025-09-20 02:44:48.354000+00:00,ARKM-USDT-SWAP,3362197.0,1758336288354
2025-09-20 02:44:48.370000+00:00,ATH-USDT-SWAP,167602700.0,1758336288370
2025-09-20 02:44:48.363000+00:00,ATOM-USDT-SWAP,1989276.0,1758336288363
2025-09-20 02:44:48.355000+00:00,AUCTION-USDT-SWAP,231797.3,1758336288355
2025-09-20 02:44:48.374000+00:00,AVAAI-USDT-SWAP,101575770.0,1758336288374
2025-09-20 02:44:48.359000+00:00,AVAX-USDT-SWAP,2316340.300000002,1758336288359
2025-09-20 02:44:48.367000+00:00,AXS-USDT-SWAP,1092831.9,1758336288367
2025-09-20 02:44:48.358000+00:00,BABY-USDT-SWAP,40130740.0,1758336288358
2025-09-20 02:44:48.403000+00:00,BAND-USDT-SWAP,1322477.0,1758336288403
2025-09-20 02:44:48.858000+00:00,BAT-USDT-SWAP,4803760.0,1758336288858
2025-09-20 02:44:48.871000+00:00,BCH-USDT-SWAP,72320.84999999996,1758336288871
2025-09-20 02:44:48.860000+00:00,BERA-USDT-SWAP,2650115.9,1758336288860
2025-09-20 02:44:48.878000+00:00,BICO-USDT-SWAP,7457535.0,1758336288878
2025-09-20 02:44:48.860000+00:00,BIGTIME-USDT-SWAP,40219790.0,1758336288860
2025-09-20 02:44:48.866000+00:00,BIO-USDT-SWAP,62005359.0,1758336288866
2025-09-20 02:44:48.866000+00:00,BLUR-USDT-SWAP,24145670.0,1758336288866
2025-09-20 02:44:48.870000+00:00,BNB-USDT-SWAP,127435.84,1758336288870
2025-09-20 02:44:48.867000+00:00,BNT-USDT-SWAP,750810.0,1758336288867
2025-09-20 02:44:48.871000+00:00,BOME-USDT-SWAP,1041587000.0,1758336288871
2025-09-20 02:44:49.382000+00:00,BONK-USDT-SWAP,568108000000.0,1758336289382
2025-09-20 02:44:49.386000+00:00,BRETT-USDT-SWAP,17912500.0,1758336289386
2025-09-20 02:44:49.395000+00:00,BTC-USDT-SWAP,27890.610100000074,1758336289395
2025-09-20 02:44:49.406000+00:00,CAT-USDT-SWAP,158495500000.0,1758336289406
2025-09-20 02:44:49.382000+00:00,CATI-USDT-SWAP,17619886.0,1758336289382
2025-09-20 02:44:49.390000+00:00,CELO-USDT-SWAP,3504776.0,1758336289390
2025-09-20 02:44:49.538000+00:00,CETUS-USDT-SWAP,23080670.0,1758336289538
2025-09-20 02:44:49.400000+00:00,CFX-USDT-SWAP,73837100.0,1758336289400
2025-09-20 02:44:49.389000+00:00,CHZ-USDT-SWAP,76714800.0,1758336289389
2025-09-20 02:44:49.387000+00:00,COMP-USDT-SWAP,74590.8,1758336289387
2025-09-20 02:44:49.953000+00:00,COOKIE-USDT-SWAP,4928910.0,1758336289953
2025-09-20 02:44:49.956000+00:00,CORE-USDT-SWAP,9875374.0,1758336289956
2025-09-20 02:44:49.952000+00:00,CRO-USDT-SWAP,51302570.0,1758336289952
2025-09-20 02:44:49.965000+00:00,CRV-USDT-SWAP,24488995.0,1758336289965
2025-09-20 02:44:49.952000+00:00,CTC-USDT-SWAP,1716720.0,1758336289952
2025-09-20 02:44:49.962000+00:00,CVC-USDT-SWAP,9826600.0,1758336289962
2025-09-20 02:44:49.975000+00:00,CVX-USDT-SWAP,380638.0,1758336289975
2025-09-20 02:44:49.984000+00:00,DEGEN-USDT-SWAP,325659300.0,1758336289984
2025-09-20 02:44:50.427000+00:00,DOGE-USDT-SWAP,1392837029.9999993,1758336290427
2025-09-20 02:44:50.421000+00:00,DOGS-USDT-SWAP,16032264000.0,1758336290421
2025-09-20 02:44:50.415000+00:00,DOOD-USDT-SWAP,146135000.0,1758336290415
2025-09-20 02:44:50.434000+00:00,DOT-USDT-SWAP,6416217.0,1758336290434
2025-09-20 02:44:50.419000+00:00,DYDX-USDT-SWAP,11740935.0,1758336290419
2025-09-20 02:44:50.432000+00:00,EGLD-USDT-SWAP,114218.8,1758336290432
2025-09-20 02:44:50.442000+00:00,EIGEN-USDT-SWAP,4308630.0,1758336290442
2025-09-20 02:44:50.457000+00:00,ENJ-USDT-SWAP,15298490.0,1758336290457
2025-09-20 02:44:50.441000+00:00,ENS-USDT-SWAP,322779.5,1758336290441
2025-09-20 02:44:50.876000+00:00,ETC-USDT-SWAP,1194536.1000000003,1758336290876
2025-09-20 02:44:50.891000+00:00,ETH-USDT-SWAP,751236.7329999999,1758336290891
2025-09-20 02:44:50.925000+00:00,ETHFI-USDT-SWAP,8406920.0,1758336290925
2025-09-20 02:44:50.942000+00:00,ETHW-USDT-SWAP,1242476.3,1758336290942
2025-09-20 02:44:50.875000+00:00,FARTCOIN-USDT-SWAP,24500982.0,1758336290875
2025-09-20 02:44:50.886000+00:00,FIL-USDT-SWAP,13342927.9,1758336290886
2025-09-20 02:44:50.881000+00:00,FLM-USDT-SWAP,30359320.0,1758336290881
2025-09-20 02:44:50.893000+00:00,FLOKI-USDT-SWAP,39958700000.0,1758336290893
2025-09-20 02:44:50.887000+00:00,FLOW-USDT-SWAP,4097360.0,1758336290887
2025-09-20 02:44:50.883000+00:00,FXS-USDT-SWAP,351945.0,1758336290883
2025-09-20 02:44:51.696000+00:00,GALA-USDT-SWAP,454875890.0,1758336291696
2025-09-20 02:44:51.707000+00:00,GAS-USDT-SWAP,358428.0,1758336291707
2025-09-20 02:44:51.693000+00:00,GLM-USDT-SWAP,3327090.0,1758336291693
2025-09-20 02:44:51.701000+00:00,GMT-USDT-SWAP,46798067.0,1758336291701
2025-09-20 02:44:51.695000+00:00,GMX-USDT-SWAP,70099.9,1758336291695
2025-09-20 02:44:51.699000+00:00,GOAT-USDT-SWAP,25979100.0,1758336291699
2025-09-20 02:44:51.700000+00:00,GODS-USDT-SWAP,8025445.0,1758336291700
2025-09-20 02:44:51.702000+00:00,GPS-USDT-SWAP,132581390.0,1758336291702
2025-09-20 02:44:51.701000+00:00,GRASS-USDT-SWAP,2777306.0,1758336291701
2025-09-20 02:44:51.706000+00:00,GRIFFAIN-USDT-SWAP,30251810.0,1758336291706
2025-09-20 02:44:52.208000+00:00,GRT-USDT-SWAP,21241090.0,1758336292208
2025-09-20 02:44:52.212000+00:00,H-USDT-SWAP,90020800.0,1758336292212
2025-09-20 02:44:52.230000+00:00,HBAR-USDT-SWAP,81462570.00000001,1758336292230
2025-09-20 02:44:52.220000+00:00,HMSTR-USDT-SWAP,1211321800.0,1758336292220
2025-09-20 02:44:52.209000+00:00,HOME-USDT-SWAP,17301300.0,1758336292209
2025-09-20 02:44:52.206000+00:00,HUMA-USDT-SWAP,67497000.0,1758336292206
2025-09-20 02:44:52.360000+00:00,HYPE-USDT-SWAP,964023.0,1758336292360
2025-09-20 02:44:52.230000+00:00,ICP-USDT-SWAP,1732530.74,1758336292230
2025-09-20 02:44:52.214000+00:00,ICX-USDT-SWAP,5889110.0,1758336292214
2025-09-20 02:44:52.222000+00:00,IMX-USDT-SWAP,10103083.0,1758336292222
2025-09-20 02:44:52.775000+00:00,INIT-USDT-SWAP,2241410.0,1758336292775
2025-09-20 02:44:52.783000+00:00,INJ-USDT-SWAP,902603.3,1758336292783
2025-09-20 02:44:52.785000+00:00,IOST-USDT-SWAP,280714000.0,1758336292785
2025-09-20 02:44:52.798000+00:00,IOTA-USDT-SWAP,14290020.0,1758336292798
2025-09-20 02:44:52.840000+00:00,IP-USDT-SWAP,4148811.0,1758336292840
2025-09-20 02:44:52.784000+00:00,JELLYJELLY-USDT-SWAP,186151700.0,1758336292784
2025-09-20 02:44:52.784000+00:00,JOE-USDT-SWAP,7144430.0,1758336292784
2025-09-20 02:44:52.787000+00:00,JTO-USDT-SWAP,3738270.0,1758336292787
2025-09-20 02:44:52.801000+00:00,JUP-USDT-SWAP,14361400.0,1758336292801
2025-09-20 02:44:53.294000+00:00,KAITO-USDT-SWAP,5205435.0,1758336293294
2025-09-20 02:44:53.306000+00:00,KMNO-USDT-SWAP,47320700.0,1758336293306
2025-09-20 02:44:53.296000+00:00,KSM-USDT-SWAP,127661.3,1758336293296
2025-09-20 02:44:53.306000+00:00,LA-USDT-SWAP,6230420.0,1758336293306
2025-09-20 02:44:53.300000+00:00,LAUNCHCOIN-USDT-SWAP,40264840.0,1758336293300
2025-09-20 02:44:53.325000+00:00,LAYER-USDT-SWAP,6127297.0,1758336293325
2025-09-20 02:44:53.300000+00:00,LDO-USDT-SWAP,13874451.0,1758336293300
2025-09-20 02:44:53.322000+00:00,LINK-USDT-SWAP,2384867.3000000003,1758336293322
2025-09-20 02:44:53.316000+00:00,LPT-USDT-SWAP,576548.3,1758336293316
2025-09-20 02:44:53.302000+00:00,LQTY-USDT-SWAP,2223583.0,1758336293302
2025-09-20 02:44:53.845000+00:00,LRC-USDT-SWAP,13828070.0,1758336293845
2025-09-20 02:44:53.831000+00:00,LTC-USDT-SWAP,718347.7000000002,1758336293831
2025-09-20 02:44:53.831000+00:00,LUNA-USDT-SWAP,19880168.0,1758336293831
2025-09-20 02:44:53.825000+00:00,MAGIC-USDT-SWAP,16432559.0,1758336293825
2025-09-20 02:44:53.827000+00:00,MAJOR-USDT-SWAP,4885749.0,1758336293827
2025-09-20 02:44:53.831000+00:00,MANA-USDT-SWAP,10799810.0,1758336293831
2025-09-20 02:44:53.847000+00:00,MASK-USDT-SWAP,2977368.0,1758336293847
2025-09-20 02:44:53.833000+00:00,ME-USDT-SWAP,3644490.0,1758336293833
2025-09-20 02:44:53.847000+00:00,MEME-USDT-SWAP,1349936900.0,1758336293847
2025-09-20 02:44:54.332000+00:00,MERL-USDT-SWAP,52462772.0,1758336294332
2025-09-20 02:44:54.383000+00:00,METIS-USDT-SWAP,117809.5,1758336294383
2025-09-20 02:44:54.339000+00:00,MEW-USDT-SWAP,1022440000.0,1758336294339
2025-09-20 02:44:54.388000+00:00,MINA-USDT-SWAP,7533362.0,1758336294388
2025-09-20 02:44:54.344000+00:00,MOG-USDT-SWAP,576414000000.0,1758336294344
2025-09-20 02:44:54.332000+00:00,MOODENG-USDT-SWAP,51048940.0,1758336294332
2025-09-20 02:44:54.347000+00:00,MORPHO-USDT-SWAP,1503493.0,1758336294347
2025-09-20 02:44:54.347000+00:00,MOVE-USDT-SWAP,28434460.0,1758336294347
2025-09-20 02:44:54.351000+00:00,MUBARAK-USDT-SWAP,29083400.0,1758336294351
2025-09-20 02:44:54.896000+00:00,NEAR-USDT-SWAP,6323977.0,1758336294896
2025-09-20 02:44:54.899000+00:00,NEIRO-USDT-SWAP,9666838000.0,1758336294899
2025-09-20 02:44:54.896000+00:00,NEO-USDT-SWAP,353727.0,1758336294896
2025-09-20 02:44:54.895000+00:00,NEWT-USDT-SWAP,3574170.0,1758336294895
2025-09-20 02:44:54.897000+00:00,NMR-USDT-SWAP,331346.7,1758336294897
2025-09-20 02:44:54.903000+00:00,NOT-USDT-SWAP,1494700500.0,1758336294903
2025-09-20 02:44:54.949000+00:00,NXPC-USDT-SWAP,1072547.0,1758336294949
2025-09-20 02:44:54.906000+00:00,OL-USDT-SWAP,73638680.0,1758336294906
2025-09-20 02:44:54.904000+00:00,OM-USDT-SWAP,22282873.0,1758336294904
2025-09-20 02:44:55.398000+00:00,ONDO-USDT-SWAP,23046870.0,1758336295398
2025-09-20 02:44:55.394000+00:00,ONE-USDT-SWAP,78824600.0,1758336295394
2025-09-20 02:44:55.395000+00:00,ONT-USDT-SWAP,9551610.0,1758336295395
2025-09-20 02:44:55.417000+00:00,OP-USDT-SWAP,25582418.0,1758336295417
2025-09-20 02:44:55.388000+00:00,ORBS-USDT-SWAP,28290000.0,1758336295388
2025-09-20 02:44:55.411000+00:00,ORDI-USDT-SWAP,1251405.3,1758336295411
2025-09-20 02:44:55.403000+00:00,PARTI-USDT-SWAP,13140880.0,1758336295403
2025-09-20 02:44:55.438000+00:00,PENGU-USDT-SWAP,678311600.0,1758336295438
2025-09-20 02:44:55.399000+00:00,PEOPLE-USDT-SWAP,350696600.0,1758336295399
2025-09-20 02:44:55.415000+00:00,PEPE-USDT-SWAP,9242119000000.004,1758336295415
2025-09-20 02:44:55.910000+00:00,PERP-USDT-SWAP,2869964.0,1758336295910
2025-09-20 02:44:55.924000+00:00,PI-USDT-SWAP,31260914.0,1758336295924
2025-09-20 02:44:55.920000+00:00,PLUME-USDT-SWAP,25877200.0,1758336295920
2025-09-20 02:44:55.915000+00:00,PNUT-USDT-SWAP,36880090.0,1758336295915
2025-09-20 02:44:55.922000+00:00,POL-USDT-SWAP,38193660.0,1758336295922
2025-09-20 02:44:55.929000+00:00,POPCAT-USDT-SWAP,9129640.0,1758336295929
2025-09-20 02:44:55.937000+00:00,PRCL-USDT-SWAP,16964257.0,1758336295937
2025-09-20 02:44:55.928000+00:00,PROMPT-USDT-SWAP,28528620.0,1758336295928
2025-09-20 02:44:55.924000+00:00,PUMP-USDT-SWAP,8657419000.0,1758336295924
2025-09-20 02:44:55.942000+00:00,PYTH-USDT-SWAP,51170840.0,1758336295942
2025-09-20 02:44:56.365000+00:00,QTUM-USDT-SWAP,1056477.0,1758336296365
2025-09-20 02:44:56.373000+00:00,RAY-USDT-SWAP,1414539.0,1758336296373
2025-09-20 02:44:56.472000+00:00,RENDER-USDT-SWAP,1338329.0,1758336296472
2025-09-20 02:44:56.390000+00:00,RESOLV-USDT-SWAP,25073080.0,1758336296390
2025-09-20 02:44:56.370000+00:00,RSR-USDT-SWAP,260779700.0,1758336296370
2025-09-20 02:44:56.376000+00:00,RVN-USDT-SWAP,81088900.0,1758336296376
2025-09-20 02:44:56.397000+00:00,S-USDT-SWAP,12280140.0,1758336296397
2025-09-20 02:44:56.391000+00:00,SAHARA-USDT-SWAP,38479740.0,1758336296391
2025-09-20 02:44:56.376000+00:00,SAND-USDT-SWAP,17204990.0,1758336296376
2025-09-20 02:44:56.493000+00:00,SATS-USDT-SWAP,189545190000000.0,1758336296493
2025-09-20 02:44:56.944000+00:00,SCR-USDT-SWAP,2570010.0,1758336296944
2025-09-20 02:44:56.948000+00:00,SHELL-USDT-SWAP,4658970.0,1758336296948
2025-09-20 02:44:56.967000+00:00,SHIB-USDT-SWAP,1695373299999.9998,1758336296967
2025-09-20 02:44:56.968000+00:00,SIGN-USDT-SWAP,50975600.0,1758336296968
2025-09-20 02:44:56.946000+00:00,SLP-USDT-SWAP,395633840.0,1758336296946
2025-09-20 02:44:56.955000+00:00,SNX-USDT-SWAP,2185656.0,1758336296955
2025-09-20 02:44:56.963000+00:00,SOL-USDT-SWAP,3764567.5400000014,1758336296963
2025-09-20 02:44:56.958000+00:00,SOLV-USDT-SWAP,56809600.0,1758336296958
2025-09-20 02:44:56.955000+00:00,SONIC-USDT-SWAP,7944509.0,1758336296955
2025-09-20 02:44:57.032000+00:00,SOON-USDT-SWAP,7087020.0,1758336297032
2025-09-20 02:44:57.480000+00:00,SOPH-USDT-SWAP,81434600.0,1758336297480
2025-09-20 02:44:57.493000+00:00,SPK-USDT-SWAP,111701800.0,1758336297493
2025-09-20 02:44:57.488000+00:00,SPX-USDT-SWAP,897470.0,1758336297488
2025-09-20 02:44:57.507000+00:00,SSV-USDT-SWAP,285257.8,1758336297507
2025-09-20 02:44:57.486000+00:00,STORJ-USDT-SWAP,5934860.0,1758336297486
2025-09-20 02:44:57.492000+00:00,STRK-USDT-SWAP,24617140.0,1758336297492
2025-09-20 02:44:57.497000+00:00,STX-USDT-SWAP,7361000.000000001,1758336297497
2025-09-20 02:44:57.506000+00:00,SUI-USDT-SWAP,23980994.0,1758336297506
2025-09-20 02:44:57.499000+00:00,SUSHI-USDT-SWAP,8532875.0,1758336297499
2025-09-20 02:44:57.519000+00:00,SWARMS-USDT-SWAP,77327080.0,1758336297519
2025-09-20 02:44:57.989000+00:00,SYRUP-USDT-SWAP,2505510.0,1758336297989
2025-09-20 02:44:58.017000+00:00,T-USDT-SWAP,42543800.0,1758336298017
2025-09-20 02:44:57.985000+00:00,TAO-USDT-SWAP,14149.74,1758336297985
2025-09-20 02:44:57.991000+00:00,THETA-USDT-SWAP,2812668.0000000005,1758336297991
2025-09-20 02:44:57.975000+00:00,TIA-USDT-SWAP,4969618.0,1758336297975
2025-09-20 02:44:57.979000+00:00,TNSR-USDT-SWAP,9780972.0,1758336297979
2025-09-20 02:44:57.980000+00:00,TON-USDT-SWAP,7963585.0,1758336297980
2025-09-20 02:44:57.993000+00:00,TRB-USDT-SWAP,233528.4,1758336297993
2025-09-20 02:44:57.987000+00:00,TREE-USDT-SWAP,7858086.0,1758336297987
2025-09-20 02:44:58.031000+00:00,TRUMP-USDT-SWAP,5530829.9,1758336298031
2025-09-20 02:44:58.515000+00:00,TRX-USDT-SWAP,80176200.00000013,1758336298515
2025-09-20 02:44:58.521000+00:00,TURBO-USDT-SWAP,837888999.9999999,1758336298521
2025-09-20 02:44:58.532000+00:00,UMA-USDT-SWAP,1296325.0,1758336298532
2025-09-20 02:44:58.552000+00:00,UNI-USDT-SWAP,3880220.0,1758336298552
2025-09-20 02:44:58.511000+00:00,USDC-USDT-SWAP,870370.0,1758336298511
2025-09-20 02:44:58.516000+00:00,USELESS-USDT-SWAP,16528370.0,1758336298516
2025-09-20 02:44:58.535000+00:00,UXLINK-USDT-SWAP,5738180.0,1758336298535
2025-09-20 02:44:58.524000+00:00,VANA-USDT-SWAP,134456.5,1758336298524
2025-09-20 02:44:58.531000+00:00,VINE-USDT-SWAP,107562530.0,1758336298531
2025-09-20 02:44:58.986000+00:00,VIRTUAL-USDT-SWAP,3689890.0,1758336298986
2025-09-20 02:44:58.992000+00:00,W-USDT-SWAP,68318658.0,1758336298992
2025-09-20 02:44:58.985000+00:00,WAL-USDT-SWAP,1991200.0,1758336298985
2025-09-20 02:44:58.983000+00:00,WCT-USDT-SWAP,9246860.0,1758336298983
2025-09-20 02:44:58.992000+00:00,WIF-USDT-SWAP,18911508.0,1758336298992
2025-09-20 02:44:58.995000+00:00,WLD-USDT-SWAP,26267112.0,1758336298995
2025-09-20 02:44:58.995000+00:00,WLFI-USDT-SWAP,291054850.0,1758336298995
2025-09-20 02:44:58.997000+00:00,WOO-USDT-SWAP,18825010.0,1758336298997
2025-09-20 02:44:58.994000+00:00,XAUT-USDT-SWAP,4829.8,1758336298994
2025-09-20 02:44:59.428000+00:00,XLM-USDT-SWAP,38891840.0,1758336299428
2025-09-20 02:44:59.431000+00:00,XPL-USDT-SWAP,8703920.0,1758336299431
2025-09-20 02:44:59.427000+00:00,XRP-USDT-SWAP,105821684.99999997,1758336299427
2025-09-20 02:44:59.444000+00:00,XTZ-USDT-SWAP,5873810.0,1758336299444
2025-09-20 02:44:59.427000+00:00,YFI-USDT-SWAP,388.9688,1758336299427
2025-09-20 02:44:59.434000+00:00,YGG-USDT-SWAP,41565043.0,1758336299434
2025-09-20 02:44:59.436000+00:00,ZENT-USDT-SWAP,185890600.0,1758336299436
2025-09-20 02:44:59.441000+00:00,ZETA-USDT-SWAP,5609610.0,1758336299441
2025-09-20 02:44:59.455000+00:00,ZIL-USDT-SWAP,158176000.0,1758336299455
2025-09-20 02:44:59.957000+00:00,ZK-USDT-SWAP,45945960.0,1758336299957
2025-09-20 02:44:59.934000+00:00,ZRO-USDT-SWAP,1650683.0,1758336299934
2025-09-20 02:44:59.946000+00:00,ZRX-USDT-SWAP,7200530.0,1758336299946
2025-09-20 02:46:01.079000+00:00,1INCH-USDT-SWAP,6845238.0,1758336361079
2025-09-20 02:46:00.649000+00:00,A-USDT-SWAP,10838250.0,1758336360649
2025-09-20 02:46:00.669000+00:00,AAVE-USDT-SWAP,135590.97000000003,1758336360669
2025-09-20 02:46:00.632000+00:00,ACE-USDT-SWAP,2986210.0,1758336360632
2025-09-20 02:46:00.665000+00:00,ACH-USDT-SWAP,94551500.0,1758336360665
2025-09-20 02:46:00.657000+00:00,ACT-USDT-SWAP,98960313.0,1758336360657
2025-09-20 02:46:00.668000+00:00,ADA-USDT-SWAP,95105320.00000003,1758336360668
2025-09-20 02:46:00.656000+00:00,AERO-USDT-SWAP,2217860.0,1758336360656
2025-09-20 02:46:00.656000+00:00,AEVO-USDT-SWAP,15465640.0,1758336360656
2025-09-20 02:46:00.640000+00:00,AGLD-USDT-SWAP,2044529.0,1758336360640
2025-09-20 02:46:01.524000+00:00,AI16Z-USDT-SWAP,52326736.0,1758336361524
2025-09-20 02:46:01.535000+00:00,AIXBT-USDT-SWAP,24761810.0,1758336361535
2025-09-20 02:46:01.518000+00:00,ALGO-USDT-SWAP,27217270.0,1758336361518
2025-09-20 02:46:01.514000+00:00,ANIME-USDT-SWAP,93268690.0,1758336361514
2025-09-20 02:46:01.519000+00:00,APE-USDT-SWAP,7875304.9,1758336361519
2025-09-20 02:46:01.515000+00:00,API3-USDT-SWAP,2131410.0,1758336361515
2025-09-20 02:46:01.513000+00:00,APT-USDT-SWAP,3768155.0,1758336361513
2025-09-20 02:46:01.538000+00:00,AR-USDT-SWAP,550194.1,1758336361538
2025-09-20 02:46:01.514000+00:00,ARB-USDT-SWAP,37386027.999999985,1758336361514
2025-09-20 02:46:02.287000+00:00,ARC-USDT-SWAP,106060560.0,1758336362287
2025-09-20 02:46:02.292000+00:00,ARKM-USDT-SWAP,3362248.0,1758336362292
2025-09-20 02:46:02.297000+00:00,ATH-USDT-SWAP,167584700.0,1758336362297
2025-09-20 02:46:02.297000+00:00,ATOM-USDT-SWAP,1989753.0,1758336362297
2025-09-20 02:46:02.290000+00:00,AUCTION-USDT-SWAP,231703.5,1758336362290
2025-09-20 02:46:02.296000+00:00,AVAAI-USDT-SWAP,101813820.0,1758336362296
2025-09-20 02:46:02.293000+00:00,AVAX-USDT-SWAP,2316252.200000002,1758336362293
2025-09-20 02:46:02.288000+00:00,AXS-USDT-SWAP,1093131.0,1758336362288
2025-09-20 02:46:02.300000+00:00,BABY-USDT-SWAP,40113080.0,1758336362300
2025-09-20 02:46:02.295000+00:00,BAND-USDT-SWAP,1322169.0,1758336362295
2025-09-20 02:46:02.793000+00:00,BAT-USDT-SWAP,4806250.0,1758336362793
2025-09-20 02:46:02.799000+00:00,BCH-USDT-SWAP,72332.31999999996,1758336362799
2025-09-20 02:46:02.801000+00:00,BERA-USDT-SWAP,2650392.2,1758336362801
2025-09-20 02:46:02.785000+00:00,BICO-USDT-SWAP,7452431.0,1758336362785
2025-09-20 02:46:02.782000+00:00,BIGTIME-USDT-SWAP,40397690.0,1758336362782
2025-09-20 02:46:02.783000+00:00,BIO-USDT-SWAP,61942590.0,1758336362783
2025-09-20 02:46:02.783000+00:00,BLUR-USDT-SWAP,24160920.0,1758336362783
2025-09-20 02:46:02.774000+00:00,BNB-USDT-SWAP,127436.32,1758336362774
2025-09-20 02:46:02.784000+00:00,BNT-USDT-SWAP,750820.0,1758336362784
2025-09-20 02:46:02.786000+00:00,BOME-USDT-SWAP,1041133000.0,1758336362786
2025-09-20 02:46:03.264000+00:00,BONK-USDT-SWAP,567959700000.0,1758336363264
2025-09-20 02:46:03.271000+00:00,BRETT-USDT-SWAP,17907900.0,1758336363271
2025-09-20 02:46:03.262000+00:00,BTC-USDT-SWAP,27887.26710000008,1758336363262
2025-09-20 02:46:03.259000+00:00,CAT-USDT-SWAP,158665700000.0,1758336363259
2025-09-20 02:46:03.276000+00:00,CATI-USDT-SWAP,17591359.0,1758336363276
2025-09-20 02:46:03.267000+00:00,CELO-USDT-SWAP,3501664.0,1758336363267
2025-09-20 02:46:03.264000+00:00,CETUS-USDT-SWAP,23077680.0,1758336363264
2025-09-20 02:46:03.257000+00:00,CFX-USDT-SWAP,73828530.0,1758336363257
2025-09-20 02:46:03.275000+00:00,CHZ-USDT-SWAP,76709400.0,1758336363275
2025-09-20 02:46:03.263000+00:00,COMP-USDT-SWAP,74616.8,1758336363263
2025-09-20 02:46:04.055000+00:00,COOKIE-USDT-SWAP,4928230.0,1758336364055
2025-09-20 02:46:04.079000+00:00,CORE-USDT-SWAP,9881641.0,1758336364079
2025-09-20 02:46:04.075000+00:00,CRO-USDT-SWAP,51292240.0,1758336364075
2025-09-20 02:46:04.060000+00:00,CRV-USDT-SWAP,24488295.0,1758336364060
2025-09-20 02:46:04.048000+00:00,CTC-USDT-SWAP,1716680.0,1758336364048
2025-09-20 02:46:04.060000+00:00,CVC-USDT-SWAP,9823600.0,1758336364060
2025-09-20 02:46:04.075000+00:00,CVX-USDT-SWAP,380514.0,1758336364075
2025-09-20 02:46:04.047000+00:00,DEGEN-USDT-SWAP,325629500.0,1758336364047
2025-09-20 02:46:04.569000+00:00,DOGE-USDT-SWAP,1392222329.9999993,1758336364569
2025-09-20 02:46:04.579000+00:00,DOGS-USDT-SWAP,16027058000.0,1758336364579
2025-09-20 02:46:04.574000+00:00,DOOD-USDT-SWAP,146064000.0,1758336364574
2025-09-20 02:46:04.561000+00:00,DOT-USDT-SWAP,6415208.0,1758336364561
2025-09-20 02:46:04.570000+00:00,DYDX-USDT-SWAP,11737284.0,1758336364570
2025-09-20 02:46:04.566000+00:00,EGLD-USDT-SWAP,114218.8,1758336364566
2025-09-20 02:46:04.564000+00:00,EIGEN-USDT-SWAP,4308229.0,1758336364564
2025-09-20 02:46:04.580000+00:00,ENJ-USDT-SWAP,15299830.0,1758336364580
2025-09-20 02:46:04.581000+00:00,ENS-USDT-SWAP,322883.1,1758336364581
2025-09-20 02:46:05.080000+00:00,ETC-USDT-SWAP,1193642.7000000004,1758336365080
2025-09-20 02:46:05.090000+00:00,ETH-USDT-SWAP,751196.6699999998,1758336365090
2025-09-20 02:46:05.089000+00:00,ETHFI-USDT-SWAP,8408670.0,1758336365089
2025-09-20 02:46:05.076000+00:00,ETHW-USDT-SWAP,1242571.6,1758336365076
2025-09-20 02:46:05.079000+00:00,FARTCOIN-USDT-SWAP,24501168.0,1758336365079
2025-09-20 02:46:05.083000+00:00,FIL-USDT-SWAP,13341692.9,1758336365083
2025-09-20 02:46:05.082000+00:00,FLM-USDT-SWAP,30324930.0,1758336365082
2025-09-20 02:46:05.076000+00:00,FLOKI-USDT-SWAP,39954700000.0,1758336365076
2025-09-20 02:46:05.107000+00:00,FLOW-USDT-SWAP,4094050.0,1758336365107
2025-09-20 02:46:05.080000+00:00,FXS-USDT-SWAP,351872.0,1758336365080
2025-09-20 02:46:05.618000+00:00,GALA-USDT-SWAP,454704470.0,1758336365618
2025-09-20 02:46:05.620000+00:00,GAS-USDT-SWAP,358246.0,1758336365620
2025-09-20 02:46:05.614000+00:00,GLM-USDT-SWAP,3327100.0,1758336365614
2025-09-20 02:46:05.601000+00:00,GMT-USDT-SWAP,46820631.0,1758336365601
2025-09-20 02:46:05.605000+00:00,GMX-USDT-SWAP,70505.8,1758336365605
2025-09-20 02:46:05.608000+00:00,GOAT-USDT-SWAP,25969250.0,1758336365608
2025-09-20 02:46:05.596000+00:00,GODS-USDT-SWAP,8022284.0,1758336365596
2025-09-20 02:46:05.603000+00:00,GPS-USDT-SWAP,132514780.0,1758336365603
2025-09-20 02:46:05.662000+00:00,GRASS-USDT-SWAP,2777075.0,1758336365662
2025-09-20 02:46:05.603000+00:00,GRIFFAIN-USDT-SWAP,30224780.0,1758336365603
2025-09-20 02:46:06.118000+00:00,GRT-USDT-SWAP,21214680.0,1758336366118
2025-09-20 02:46:06.135000+00:00,H-USDT-SWAP,89895100.0,1758336366135
2025-09-20 02:46:06.138000+00:00,HBAR-USDT-SWAP,81438600.00000001,1758336366138
2025-09-20 02:46:06.121000+00:00,HMSTR-USDT-SWAP,1210843300.0,1758336366121
2025-09-20 02:46:06.120000+00:00,HOME-USDT-SWAP,17298800.0,1758336366120
2025-09-20 02:46:06.123000+00:00,HUMA-USDT-SWAP,67571300.0,1758336366123
2025-09-20 02:46:06.135000+00:00,HYPE-USDT-SWAP,964004.2,1758336366135
2025-09-20 02:46:06.116000+00:00,ICP-USDT-SWAP,1732619.42,1758336366116
2025-09-20 02:46:06.141000+00:00,ICX-USDT-SWAP,5889110.0,1758336366141
2025-09-20 02:46:06.119000+00:00,IMX-USDT-SWAP,10096491.0,1758336366119
2025-09-20 02:46:06.629000+00:00,INIT-USDT-SWAP,2240870.0,1758336366629
2025-09-20 02:46:06.643000+00:00,INJ-USDT-SWAP,902731.2,1758336366643
2025-09-20 02:46:06.649000+00:00,IOST-USDT-SWAP,280723000.0,1758336366649
2025-09-20 02:46:06.629000+00:00,IOTA-USDT-SWAP,14287130.0,1758336366629
2025-09-20 02:46:06.632000+00:00,IP-USDT-SWAP,4148057.0,1758336366632
2025-09-20 02:46:06.633000+00:00,JELLYJELLY-USDT-SWAP,186132700.0,1758336366633
2025-09-20 02:46:06.629000+00:00,JOE-USDT-SWAP,7137620.0,1758336366629
2025-09-20 02:46:06.644000+00:00,JTO-USDT-SWAP,3738333.0,1758336366644
2025-09-20 02:46:06.646000+00:00,JUP-USDT-SWAP,14361210.0,1758336366646
2025-09-20 02:46:07.098000+00:00,KAITO-USDT-SWAP,5204466.0,1758336367098
2025-09-20 02:46:07.108000+00:00,KMNO-USDT-SWAP,47236100.0,1758336367108
2025-09-20 02:46:07.118000+00:00,KSM-USDT-SWAP,127581.2,1758336367118
2025-09-20 02:46:07.093000+00:00,LA-USDT-SWAP,6234600.0,1758336367093
2025-09-20 02:46:07.095000+00:00,LAUNCHCOIN-USDT-SWAP,40204670.0,1758336367095
2025-09-20 02:46:07.239000+00:00,LAYER-USDT-SWAP,6129146.0,1758336367239
2025-09-20 02:46:07.098000+00:00,LDO-USDT-SWAP,13878379.0,1758336367098
2025-09-20 02:46:07.095000+00:00,LINK-USDT-SWAP,2384888.3000000003,1758336367095
2025-09-20 02:46:07.104000+00:00,LPT-USDT-SWAP,576430.3,1758336367104
2025-09-20 02:46:07.096000+00:00,LQTY-USDT-SWAP,2226685.0,1758336367096
2025-09-20 02:46:07.674000+00:00,LRC-USDT-SWAP,13824350.0,1758336367674
2025-09-20 02:46:07.674000+00:00,LTC-USDT-SWAP,718264.6000000002,1758336367674
2025-09-20 02:46:07.697000+00:00,LUNA-USDT-SWAP,19885800.0,1758336367697
2025-09-20 02:46:07.668000+00:00,MAGIC-USDT-SWAP,16421700.0,1758336367668
2025-09-20 02:46:07.676000+00:00,MAJOR-USDT-SWAP,4885749.0,1758336367676
2025-09-20 02:46:07.673000+00:00,MANA-USDT-SWAP,10801110.0,1758336367673
2025-09-20 02:46:07.661000+00:00,MASK-USDT-SWAP,2977217.0,1758336367661
2025-09-20 02:46:07.690000+00:00,ME-USDT-SWAP,3645019.0,1758336367690
2025-09-20 02:46:07.670000+00:00,MEME-USDT-SWAP,1348913000.0,1758336367670
2025-09-20 02:46:08.291000+00:00,MERL-USDT-SWAP,52441782.0,1758336368291
2025-09-20 02:46:08.240000+00:00,METIS-USDT-SWAP,117809.8,1758336368240
2025-09-20 02:46:08.204000+00:00,MEW-USDT-SWAP,1022403000.0,1758336368204
2025-09-20 02:46:08.206000+00:00,MINA-USDT-SWAP,7543647.0,1758336368206
2025-09-20 02:46:08.202000+00:00,MOG-USDT-SWAP,576528000000.0,1758336368202
2025-09-20 02:46:08.201000+00:00,MOODENG-USDT-SWAP,51053130.0,1758336368201
2025-09-20 02:46:08.203000+00:00,MORPHO-USDT-SWAP,1503558.0,1758336368203
2025-09-20 02:46:08.230000+00:00,MOVE-USDT-SWAP,28432790.0,1758336368230
2025-09-20 02:46:08.202000+00:00,MUBARAK-USDT-SWAP,29084400.0,1758336368202
2025-09-20 02:46:08.715000+00:00,NEAR-USDT-SWAP,6325929.000000001,1758336368715
2025-09-20 02:46:08.736000+00:00,NEIRO-USDT-SWAP,9666014000.0,1758336368736
2025-09-20 02:46:08.719000+00:00,NEO-USDT-SWAP,353813.0,1758336368719
2025-09-20 02:46:08.745000+00:00,NEWT-USDT-SWAP,3573490.0,1758336368745
2025-09-20 02:46:08.719000+00:00,NMR-USDT-SWAP,331242.4,1758336368719
2025-09-20 02:46:08.733000+00:00,NOT-USDT-SWAP,1494525500.0,1758336368733
2025-09-20 02:46:08.708000+00:00,NXPC-USDT-SWAP,1072194.0,1758336368708
2025-09-20 02:46:08.729000+00:00,OL-USDT-SWAP,73663900.0,1758336368729
2025-09-20 02:46:08.719000+00:00,OM-USDT-SWAP,22263187.0,1758336368719
2025-09-20 02:46:09.269000+00:00,ONDO-USDT-SWAP,23043170.0,1758336369269
2025-09-20 02:46:09.280000+00:00,ONE-USDT-SWAP,78798700.0,1758336369280
2025-09-20 02:46:09.281000+00:00,ONT-USDT-SWAP,9564380.0,1758336369281
2025-09-20 02:46:09.260000+00:00,OP-USDT-SWAP,25597033.0,1758336369260
2025-09-20 02:46:09.267000+00:00,ORBS-USDT-SWAP,28289900.0,1758336369267
2025-09-20 02:46:09.279000+00:00,ORDI-USDT-SWAP,1251684.7,1758336369279
2025-09-20 02:46:09.267000+00:00,PARTI-USDT-SWAP,13140050.0,1758336369267
2025-09-20 02:46:09.259000+00:00,PENGU-USDT-SWAP,679440600.0,1758336369259
2025-09-20 02:46:09.278000+00:00,PEOPLE-USDT-SWAP,350591400.0,1758336369278
2025-09-20 02:46:09.267000+00:00,PEPE-USDT-SWAP,9239646000000.006,1758336369267
2025-09-20 02:46:09.784000+00:00,PERP-USDT-SWAP,2870066.0,1758336369784
2025-09-20 02:46:09.806000+00:00,PI-USDT-SWAP,31259997.0,1758336369806
2025-09-20 02:46:09.822000+00:00,PLUME-USDT-SWAP,25867020.0,1758336369822
2025-09-20 02:46:09.784000+00:00,PNUT-USDT-SWAP,36889870.0,1758336369784
2025-09-20 02:46:09.778000+00:00,POL-USDT-SWAP,38214320.0,1758336369778
2025-09-20 02:46:09.808000+00:00,POPCAT-USDT-SWAP,9125310.0,1758336369808
2025-09-20 02:46:09.789000+00:00,PRCL-USDT-SWAP,16928690.0,1758336369789
2025-09-20 02:46:09.781000+00:00,PROMPT-USDT-SWAP,28528040.0,1758336369781
2025-09-20 02:46:09.809000+00:00,PUMP-USDT-SWAP,8646719000.0,1758336369809
2025-09-20 02:46:09.792000+00:00,PYTH-USDT-SWAP,51177400.0,1758336369792
2025-09-20 02:46:10.337000+00:00,QTUM-USDT-SWAP,1056570.0,1758336370337
2025-09-20 02:46:10.320000+00:00,RAY-USDT-SWAP,1412633.0,1758336370320
2025-09-20 02:46:10.341000+00:00,RENDER-USDT-SWAP,1338388.0,1758336370341
2025-09-20 02:46:10.315000+00:00,RESOLV-USDT-SWAP,25015500.0,1758336370315
2025-09-20 02:46:10.366000+00:00,RSR-USDT-SWAP,260773900.0,1758336370366
2025-09-20 02:46:10.320000+00:00,RVN-USDT-SWAP,81085120.0,1758336370320
2025-09-20 02:46:10.317000+00:00,S-USDT-SWAP,12286360.0,1758336370317
2025-09-20 02:46:10.315000+00:00,SAHARA-USDT-SWAP,38480450.0,1758336370315
2025-09-20 02:46:10.332000+00:00,SAND-USDT-SWAP,17199740.0,1758336370332
2025-09-20 02:46:10.317000+00:00,SATS-USDT-SWAP,189610680000000.0,1758336370317
2025-09-20 02:46:10.815000+00:00,SCR-USDT-SWAP,2570077.0,1758336370815
2025-09-20 02:46:10.847000+00:00,SHELL-USDT-SWAP,4657820.0,1758336370847
2025-09-20 02:46:10.839000+00:00,SHIB-USDT-SWAP,1695082099999.9998,1758336370839
2025-09-20 02:46:10.812000+00:00,SIGN-USDT-SWAP,50952200.0,1758336370812
2025-09-20 02:46:10.815000+00:00,SLP-USDT-SWAP,395619160.0,1758336370815
2025-09-20 02:46:10.867000+00:00,SNX-USDT-SWAP,2186310.0,1758336370867
2025-09-20 02:46:10.818000+00:00,SOL-USDT-SWAP,3764908.140000002,1758336370818
2025-09-20 02:46:10.813000+00:00,SOLV-USDT-SWAP,56804500.0,1758336370813
2025-09-20 02:46:10.835000+00:00,SONIC-USDT-SWAP,7943543.0,1758336370835
2025-09-20 02:46:10.818000+00:00,SOON-USDT-SWAP,7080750.0,1758336370818
2025-09-20 02:46:11.389000+00:00,SOPH-USDT-SWAP,81427000.0,1758336371389
2025-09-20 02:46:11.402000+00:00,SPK-USDT-SWAP,112626700.0,1758336371402
2025-09-20 02:46:11.403000+00:00,SPX-USDT-SWAP,897128.0,1758336371403
2025-09-20 02:46:11.393000+00:00,SSV-USDT-SWAP,285183.6,1758336371393
2025-09-20 02:46:11.392000+00:00,STORJ-USDT-SWAP,5934320.0,1758336371392
2025-09-20 02:46:11.397000+00:00,STRK-USDT-SWAP,24620852.0,1758336371397
2025-09-20 02:46:11.392000+00:00,STX-USDT-SWAP,7361565.000000001,1758336371392
2025-09-20 02:46:11.394000+00:00,SUI-USDT-SWAP,23982028.0,1758336371394
2025-09-20 02:46:11.411000+00:00,SUSHI-USDT-SWAP,8532783.0,1758336371411
2025-09-20 02:46:11.396000+00:00,SWARMS-USDT-SWAP,77355910.0,1758336371396
2025-09-20 02:46:11.925000+00:00,SYRUP-USDT-SWAP,2505480.0,1758336371925
2025-09-20 02:46:11.946000+00:00,T-USDT-SWAP,42543600.0,1758336371946
2025-09-20 02:46:11.937000+00:00,TAO-USDT-SWAP,14147.58,1758336371937
2025-09-20 02:46:11.925000+00:00,THETA-USDT-SWAP,2812674.0000000005,1758336371925
2025-09-20 02:46:11.931000+00:00,TIA-USDT-SWAP,4970219.0,1758336371931
2025-09-20 02:46:11.929000+00:00,TNSR-USDT-SWAP,9786834.0,1758336371929
2025-09-20 02:46:11.923000+00:00,TON-USDT-SWAP,7964041.0,1758336371923
2025-09-20 02:46:11.921000+00:00,TRB-USDT-SWAP,234007.0,1758336371921
2025-09-20 02:46:11.946000+00:00,TREE-USDT-SWAP,7863568.0,1758336371946
2025-09-20 02:46:11.924000+00:00,TRUMP-USDT-SWAP,5530679.1,1758336371924
2025-09-20 02:46:12.436000+00:00,TRX-USDT-SWAP,80219110.00000013,1758336372436
2025-09-20 02:46:12.471000+00:00,TURBO-USDT-SWAP,837881999.9999999,1758336372471
2025-09-20 02:46:12.441000+00:00,UMA-USDT-SWAP,1298627.8,1758336372441
2025-09-20 02:46:12.432000+00:00,UNI-USDT-SWAP,3879402.0,1758336372432
2025-09-20 02:46:12.444000+00:00,USDC-USDT-SWAP,870370.0,1758336372444
2025-09-20 02:46:12.455000+00:00,USELESS-USDT-SWAP,16499700.0,1758336372455
2025-09-20 02:46:12.438000+00:00,UXLINK-USDT-SWAP,5739080.0,1758336372438
2025-09-20 02:46:12.443000+00:00,VANA-USDT-SWAP,134273.5,1758336372443
2025-09-20 02:46:12.442000+00:00,VINE-USDT-SWAP,107536980.0,1758336372442
2025-09-20 02:46:12.954000+00:00,VIRTUAL-USDT-SWAP,3689858.0,1758336372954
2025-09-20 02:46:12.971000+00:00,W-USDT-SWAP,67956674.0,1758336372971
2025-09-20 02:46:12.951000+00:00,WAL-USDT-SWAP,1990830.0,1758336372951
2025-09-20 02:46:12.947000+00:00,WCT-USDT-SWAP,9252080.0,1758336372947
2025-09-20 02:46:12.983000+00:00,WIF-USDT-SWAP,18917587.0,1758336372983
2025-09-20 02:46:12.967000+00:00,WLD-USDT-SWAP,26225752.0,1758336372967
2025-09-20 02:46:12.952000+00:00,WLFI-USDT-SWAP,290993860.0,1758336372952
2025-09-20 02:46:12.964000+00:00,WOO-USDT-SWAP,18823820.0,1758336372964
2025-09-20 02:46:12.956000+00:00,XAUT-USDT-SWAP,4830.257,1758336372956
2025-09-20 02:46:13.468000+00:00,XLM-USDT-SWAP,38886990.00000001,1758336373468
2025-09-20 02:46:13.506000+00:00,XPL-USDT-SWAP,8702430.0,1758336373506
2025-09-20 02:46:13.486000+00:00,XRP-USDT-SWAP,105812757.99999997,1758336373486
2025-09-20 02:46:13.470000+00:00,XTZ-USDT-SWAP,5873363.0,1758336373470
2025-09-20 02:46:13.462000+00:00,YFI-USDT-SWAP,388.9818,1758336373462
2025-09-20 02:46:13.478000+00:00,YGG-USDT-SWAP,41624772.0,1758336373478
2025-09-20 02:46:13.477000+00:00,ZENT-USDT-SWAP,185847900.0,1758336373477
2025-09-20 02:46:13.508000+00:00,ZETA-USDT-SWAP,5610600.0,1758336373508
2025-09-20 02:46:13.476000+00:00,ZIL-USDT-SWAP,158232100.0,1758336373476
2025-09-20 02:46:13.956000+00:00,ZK-USDT-SWAP,45968200.0,1758336373956
2025-09-20 02:46:13.975000+00:00,ZRO-USDT-SWAP,1650236.0,1758336373975
2025-09-20 02:46:13.946000+00:00,ZRX-USDT-SWAP,7199400.0,1758336373946
2025-09-20 02:47:14.735000+00:00,1INCH-USDT-SWAP,6845201.0,1758336434735
2025-09-20 02:47:14.683000+00:00,A-USDT-SWAP,10838070.0,1758336434683
2025-09-20 02:47:14.686000+00:00,AAVE-USDT-SWAP,135613.21000000002,1758336434686
2025-09-20 02:47:14.680000+00:00,ACE-USDT-SWAP,2986223.0,1758336434680
2025-09-20 02:47:14.677000+00:00,ACH-USDT-SWAP,94548100.0,1758336434677
2025-09-20 02:47:14.676000+00:00,ACT-USDT-SWAP,98753912.0,1758336434676
2025-09-20 02:47:14.678000+00:00,ADA-USDT-SWAP,95098600.00000003,1758336434678
2025-09-20 02:47:14.673000+00:00,AERO-USDT-SWAP,2217550.0,1758336434673
2025-09-20 02:47:14.674000+00:00,AEVO-USDT-SWAP,15465118.0,1758336434674
2025-09-20 02:47:14.672000+00:00,AGLD-USDT-SWAP,2044324.0,1758336434672
2025-09-20 02:47:15.236000+00:00,AI16Z-USDT-SWAP,52335553.0,1758336435236
2025-09-20 02:47:15.222000+00:00,AIXBT-USDT-SWAP,24756770.0,1758336435222
2025-09-20 02:47:15.203000+00:00,ALGO-USDT-SWAP,27213930.0,1758336435203
2025-09-20 02:47:15.210000+00:00,ANIME-USDT-SWAP,93268740.0,1758336435210
2025-09-20 02:47:15.226000+00:00,APE-USDT-SWAP,7876723.6,1758336435226
2025-09-20 02:47:15.220000+00:00,API3-USDT-SWAP,2131605.0,1758336435220
2025-09-20 02:47:15.203000+00:00,APT-USDT-SWAP,3768147.0,1758336435203
2025-09-20 02:47:15.209000+00:00,AR-USDT-SWAP,550244.6,1758336435209
2025-09-20 02:47:15.213000+00:00,ARB-USDT-SWAP,37385923.999999985,1758336435213
2025-09-20 02:47:15.736000+00:00,ARC-USDT-SWAP,106060610.0,1758336435736
2025-09-20 02:47:15.712000+00:00,ARKM-USDT-SWAP,3362432.0,1758336435712
2025-09-20 02:47:15.696000+00:00,ATH-USDT-SWAP,167567000.0,1758336435696
2025-09-20 02:47:15.697000+00:00,ATOM-USDT-SWAP,1989478.0,1758336435697
2025-09-20 02:47:15.699000+00:00,AUCTION-USDT-SWAP,231681.8,1758336435699
2025-09-20 02:47:15.701000+00:00,AVAAI-USDT-SWAP,102105200.0,1758336435701
2025-09-20 02:47:15.701000+00:00,AVAX-USDT-SWAP,2315805.700000002,1758336435701
2025-09-20 02:47:15.694000+00:00,AXS-USDT-SWAP,1084878.3,1758336435694
2025-09-20 02:47:15.696000+00:00,BABY-USDT-SWAP,40110410.0,1758336435696
2025-09-20 02:47:15.703000+00:00,BAND-USDT-SWAP,1322095.0,1758336435703
2025-09-20 02:47:16.203000+00:00,BAT-USDT-SWAP,4806160.0,1758336436203
2025-09-20 02:47:16.220000+00:00,BCH-USDT-SWAP,72313.37999999996,1758336436220
2025-09-20 02:47:16.197000+00:00,BERA-USDT-SWAP,2649007.9,1758336436197
2025-09-20 02:47:16.195000+00:00,BICO-USDT-SWAP,7449884.0,1758336436195
2025-09-20 02:47:16.321000+00:00,BIGTIME-USDT-SWAP,40568340.0,1758336436321
2025-09-20 02:47:16.195000+00:00,BIO-USDT-SWAP,61898582.0,1758336436195
2025-09-20 02:47:16.195000+00:00,BLUR-USDT-SWAP,24160160.0,1758336436195
2025-09-20 02:47:16.196000+00:00,BNB-USDT-SWAP,127433.38,1758336436196
2025-09-20 02:47:16.192000+00:00,BNT-USDT-SWAP,750750.0,1758336436192
2025-09-20 02:47:16.196000+00:00,BOME-USDT-SWAP,1041106000.0,1758336436196
2025-09-20 02:47:16.762000+00:00,BONK-USDT-SWAP,567772900000.0,1758336436762
2025-09-20 02:47:16.810000+00:00,BRETT-USDT-SWAP,17919000.0,1758336436810
2025-09-20 02:47:16.754000+00:00,BTC-USDT-SWAP,27884.45420000008,1758336436754
2025-09-20 02:47:16.761000+00:00,CAT-USDT-SWAP,158662600000.0,1758336436761
2025-09-20 02:47:16.753000+00:00,CATI-USDT-SWAP,17592287.0,1758336436753
2025-09-20 02:47:16.753000+00:00,CELO-USDT-SWAP,3501823.0,1758336436753
2025-09-20 02:47:16.753000+00:00,CETUS-USDT-SWAP,23069660.0,1758336436753
2025-09-20 02:47:16.749000+00:00,CFX-USDT-SWAP,73809860.0,1758336436749
2025-09-20 02:47:16.772000+00:00,CHZ-USDT-SWAP,76709410.0,1758336436772
2025-09-20 02:47:16.758000+00:00,COMP-USDT-SWAP,74612.9,1758336436758
2025-09-20 02:47:17.290000+00:00,COOKIE-USDT-SWAP,4927220.0,1758336437290
2025-09-20 02:47:17.265000+00:00,CORE-USDT-SWAP,9884466.0,1758336437265
2025-09-20 02:47:17.269000+00:00,CRO-USDT-SWAP,51294330.0,1758336437269
2025-09-20 02:47:17.269000+00:00,CRV-USDT-SWAP,24486673.0,1758336437269
2025-09-20 02:47:17.271000+00:00,CTC-USDT-SWAP,1716630.0,1758336437271
2025-09-20 02:47:17.265000+00:00,CVC-USDT-SWAP,9823200.0,1758336437265
2025-09-20 02:47:17.301000+00:00,CVX-USDT-SWAP,380799.0,1758336437301
2025-09-20 02:47:17.260000+00:00,DEGEN-USDT-SWAP,325575400.0,1758336437260
2025-09-20 02:47:17.738000+00:00,DOGE-USDT-SWAP,1391102169.9999993,1758336437738
2025-09-20 02:47:17.737000+00:00,DOGS-USDT-SWAP,16027077000.0,1758336437737
2025-09-20 02:47:17.727000+00:00,DOOD-USDT-SWAP,146025000.0,1758336437727
2025-09-20 02:47:17.737000+00:00,DOT-USDT-SWAP,6418044.0,1758336437737
2025-09-20 02:47:17.745000+00:00,DYDX-USDT-SWAP,11739861.0,1758336437745
2025-09-20 02:47:17.734000+00:00,EGLD-USDT-SWAP,114939.0,1758336437734
2025-09-20 02:47:17.724000+00:00,EIGEN-USDT-SWAP,4305653.0,1758336437724
2025-09-20 02:47:17.729000+00:00,ENJ-USDT-SWAP,15299240.0,1758336437729
2025-09-20 02:47:17.726000+00:00,ENS-USDT-SWAP,322888.6,1758336437726
2025-09-20 02:47:18.233000+00:00,ETC-USDT-SWAP,1193391.8000000003,1758336438233
2025-09-20 02:47:18.219000+00:00,ETH-USDT-SWAP,751185.7289999999,1758336438219
2025-09-20 02:47:18.200000+00:00,ETHFI-USDT-SWAP,8413641.0,1758336438200
2025-09-20 02:47:18.207000+00:00,ETHW-USDT-SWAP,1242571.8,1758336438207
2025-09-20 02:47:18.203000+00:00,FARTCOIN-USDT-SWAP,24516898.0,1758336438203
2025-09-20 02:47:18.205000+00:00,FIL-USDT-SWAP,13336567.9,1758336438205
2025-09-20 02:47:18.203000+00:00,FLM-USDT-SWAP,30320860.0,1758336438203
2025-09-20 02:47:18.195000+00:00,FLOKI-USDT-SWAP,39955600000.0,1758336438195
2025-09-20 02:47:18.211000+00:00,FLOW-USDT-SWAP,4092020.0,1758336438211
2025-09-20 02:47:18.200000+00:00,FXS-USDT-SWAP,351783.0,1758336438200
2025-09-20 02:47:18.709000+00:00,GALA-USDT-SWAP,454730830.0,1758336438709
2025-09-20 02:47:18.715000+00:00,GAS-USDT-SWAP,358247.0,1758336438715
2025-09-20 02:47:18.697000+00:00,GLM-USDT-SWAP,3327080.0,1758336438697
2025-09-20 02:47:18.703000+00:00,GMT-USDT-SWAP,46840877.0,1758336438703
2025-09-20 02:47:18.695000+00:00,GMX-USDT-SWAP,70518.9,1758336438695
2025-09-20 02:47:18.710000+00:00,GOAT-USDT-SWAP,25970420.0,1758336438710
2025-09-20 02:47:18.699000+00:00,GODS-USDT-SWAP,8025050.0,1758336438699
2025-09-20 02:47:18.695000+00:00,GPS-USDT-SWAP,133192320.0,1758336438695
2025-09-20 02:47:18.698000+00:00,GRASS-USDT-SWAP,2777188.0,1758336438698
2025-09-20 02:47:18.699000+00:00,GRIFFAIN-USDT-SWAP,30224410.0,1758336438699
2025-09-20 02:47:19.182000+00:00,GRT-USDT-SWAP,21219450.0,1758336439182
2025-09-20 02:47:19.176000+00:00,H-USDT-SWAP,89781400.0,1758336439176
2025-09-20 02:47:19.158000+00:00,HBAR-USDT-SWAP,81435740.00000001,1758336439158
2025-09-20 02:47:19.165000+00:00,HMSTR-USDT-SWAP,1210848600.0,1758336439165
2025-09-20 02:47:19.166000+00:00,HOME-USDT-SWAP,17262800.0,1758336439166
2025-09-20 02:47:19.177000+00:00,HUMA-USDT-SWAP,67576400.0,1758336439177
2025-09-20 02:47:19.168000+00:00,HYPE-USDT-SWAP,964361.2,1758336439168
2025-09-20 02:47:19.155000+00:00,ICP-USDT-SWAP,1732914.58,1758336439155
2025-09-20 02:47:19.164000+00:00,ICX-USDT-SWAP,5889110.0,1758336439164
2025-09-20 02:47:19.158000+00:00,IMX-USDT-SWAP,10165887.0,1758336439158
2025-09-20 02:47:19.809000+00:00,INIT-USDT-SWAP,2241920.0,1758336439809
2025-09-20 02:47:19.810000+00:00,INJ-USDT-SWAP,902737.4,1758336439810
2025-09-20 02:47:19.803000+00:00,IOST-USDT-SWAP,280722000.0,1758336439803
2025-09-20 02:47:19.875000+00:00,IOTA-USDT-SWAP,14287130.0,1758336439875
2025-09-20 02:47:19.799000+00:00,IP-USDT-SWAP,4147782.0,1758336439799
2025-09-20 02:47:19.810000+00:00,JELLYJELLY-USDT-SWAP,186274700.0,1758336439810
2025-09-20 02:47:19.801000+00:00,JOE-USDT-SWAP,7137220.0,1758336439801
2025-09-20 02:47:19.818000+00:00,JTO-USDT-SWAP,3738343.0,1758336439818
2025-09-20 02:47:19.803000+00:00,JUP-USDT-SWAP,14360900.0,1758336439803
2025-09-20 02:47:20.310000+00:00,KAITO-USDT-SWAP,5211433.0,1758336440310
2025-09-20 02:47:20.314000+00:00,KMNO-USDT-SWAP,47085600.0,1758336440314
2025-09-20 02:47:20.303000+00:00,KSM-USDT-SWAP,127539.7,1758336440303
2025-09-20 02:47:20.312000+00:00,LA-USDT-SWAP,6237250.0,1758336440312
2025-09-20 02:47:20.316000+00:00,LAUNCHCOIN-USDT-SWAP,40206010.0,1758336440316
2025-09-20 02:47:20.310000+00:00,LAYER-USDT-SWAP,6130267.0,1758336440310
2025-09-20 02:47:20.307000+00:00,LDO-USDT-SWAP,13880411.0,1758336440307
2025-09-20 02:47:20.307000+00:00,LINK-USDT-SWAP,2384512.7,1758336440307
2025-09-20 02:47:20.307000+00:00,LPT-USDT-SWAP,576516.7,1758336440307
2025-09-20 02:47:20.726000+00:00,LQTY-USDT-SWAP,2227690.0,1758336440726
2025-09-20 02:47:21.172000+00:00,LRC-USDT-SWAP,13824090.0,1758336441172
2025-09-20 02:47:21.174000+00:00,LTC-USDT-SWAP,718213.8000000002,1758336441174
2025-09-20 02:47:21.169000+00:00,LUNA-USDT-SWAP,19882029.0,1758336441169
2025-09-20 02:47:21.175000+00:00,MAGIC-USDT-SWAP,16391257.0,1758336441175
2025-09-20 02:47:21.185000+00:00,MAJOR-USDT-SWAP,4885458.0,1758336441185
2025-09-20 02:47:21.172000+00:00,MANA-USDT-SWAP,10802060.0,1758336441172
2025-09-20 02:47:21.160000+00:00,MASK-USDT-SWAP,2977219.0,1758336441160
2025-09-20 02:47:21.167000+00:00,ME-USDT-SWAP,3645027.0,1758336441167
2025-09-20 02:47:21.304000+00:00,MEME-USDT-SWAP,1348321100.0,1758336441304
2025-09-20 02:47:21.738000+00:00,MERL-USDT-SWAP,52429187.0,1758336441738
2025-09-20 02:47:21.734000+00:00,METIS-USDT-SWAP,117893.1,1758336441734
2025-09-20 02:47:21.747000+00:00,MEW-USDT-SWAP,1022350000.0,1758336441747
2025-09-20 02:47:21.728000+00:00,MINA-USDT-SWAP,7543593.0,1758336441728
2025-09-20 02:47:21.732000+00:00,MOG-USDT-SWAP,576466000000.0,1758336441732
2025-09-20 02:47:21.743000+00:00,MOODENG-USDT-SWAP,51029150.0,1758336441743
2025-09-20 02:47:21.754000+00:00,MORPHO-USDT-SWAP,1503484.0,1758336441754
2025-09-20 02:47:21.725000+00:00,MOVE-USDT-SWAP,28430390.0,1758336441725
2025-09-20 02:47:21.732000+00:00,MUBARAK-USDT-SWAP,29138700.0,1758336441732
2025-09-20 02:47:22.213000+00:00,NEAR-USDT-SWAP,6324892.000000001,1758336442213
2025-09-20 02:47:22.206000+00:00,NEIRO-USDT-SWAP,9664738000.0,1758336442206
2025-09-20 02:47:22.202000+00:00,NEO-USDT-SWAP,353908.0,1758336442202
2025-09-20 02:47:22.194000+00:00,NEWT-USDT-SWAP,3572600.0,1758336442194
2025-09-20 02:47:22.209000+00:00,NMR-USDT-SWAP,331205.6,1758336442209
2025-09-20 02:47:22.204000+00:00,NOT-USDT-SWAP,1494535400.0,1758336442204
2025-09-20 02:47:22.193000+00:00,NXPC-USDT-SWAP,1072041.0,1758336442193
2025-09-20 02:47:22.206000+00:00,OL-USDT-SWAP,73713520.0,1758336442206
2025-09-20 02:47:22.201000+00:00,OM-USDT-SWAP,22262737.0,1758336442201
2025-09-20 02:47:22.737000+00:00,ONDO-USDT-SWAP,23045810.0,1758336442737
2025-09-20 02:47:22.723000+00:00,ONE-USDT-SWAP,78798000.0,1758336442723
2025-09-20 02:47:22.710000+00:00,ONT-USDT-SWAP,9564290.0,1758336442710
2025-09-20 02:47:22.720000+00:00,OP-USDT-SWAP,25603545.0,1758336442720
2025-09-20 02:47:22.721000+00:00,ORBS-USDT-SWAP,28282000.0,1758336442721
2025-09-20 02:47:22.713000+00:00,ORDI-USDT-SWAP,1252292.9,1758336442713
2025-09-20 02:47:22.713000+00:00,PARTI-USDT-SWAP,13139220.0,1758336442713
2025-09-20 02:47:22.709000+00:00,PENGU-USDT-SWAP,679279900.0,1758336442709
2025-09-20 02:47:22.714000+00:00,PEOPLE-USDT-SWAP,350599300.0,1758336442714
2025-09-20 02:47:22.707000+00:00,PEPE-USDT-SWAP,9246053000000.006,1758336442707
2025-09-20 02:47:23.205000+00:00,PERP-USDT-SWAP,2871119.0,1758336443205
2025-09-20 02:47:23.213000+00:00,PI-USDT-SWAP,31258795.0,1758336443213
2025-09-20 02:47:23.200000+00:00,PLUME-USDT-SWAP,25867260.0,1758336443200
2025-09-20 02:47:23.196000+00:00,PNUT-USDT-SWAP,36886720.0,1758336443196
2025-09-20 02:47:23.200000+00:00,POL-USDT-SWAP,38213250.0,1758336443200
2025-09-20 02:47:23.207000+00:00,POPCAT-USDT-SWAP,9125340.0,1758336443207
2025-09-20 02:47:23.207000+00:00,PRCL-USDT-SWAP,16876001.0,1758336443207
2025-09-20 02:47:23.194000+00:00,PROMPT-USDT-SWAP,28529180.0,1758336443194
2025-09-20 02:47:23.205000+00:00,PUMP-USDT-SWAP,8632328000.0,1758336443205
2025-09-20 02:47:23.198000+00:00,PYTH-USDT-SWAP,51180130.0,1758336443198
2025-09-20 02:47:23.664000+00:00,QTUM-USDT-SWAP,1055922.0,1758336443664
2025-09-20 02:47:23.662000+00:00,RAY-USDT-SWAP,1413169.0,1758336443662
2025-09-20 02:47:23.652000+00:00,RENDER-USDT-SWAP,1338378.0,1758336443652
2025-09-20 02:47:23.657000+00:00,RESOLV-USDT-SWAP,25015290.0,1758336443657
2025-09-20 02:47:23.657000+00:00,RSR-USDT-SWAP,260778200.0,1758336443657
2025-09-20 02:47:23.669000+00:00,RVN-USDT-SWAP,80975910.0,1758336443669
2025-09-20 02:47:23.655000+00:00,S-USDT-SWAP,12286320.0,1758336443655
2025-09-20 02:47:23.649000+00:00,SAHARA-USDT-SWAP,38480280.0,1758336443649
2025-09-20 02:47:23.651000+00:00,SAND-USDT-SWAP,17201270.0,1758336443651
2025-09-20 02:47:23.655000+00:00,SATS-USDT-SWAP,189747100000000.0,1758336443655
2025-09-20 02:47:24.114000+00:00,SCR-USDT-SWAP,2570072.0,1758336444114
2025-09-20 02:47:24.106000+00:00,SHELL-USDT-SWAP,4659390.0,1758336444106
2025-09-20 02:47:24.110000+00:00,SHIB-USDT-SWAP,1694945899999.9998,1758336444110
2025-09-20 02:47:24.117000+00:00,SIGN-USDT-SWAP,51032800.0,1758336444117
2025-09-20 02:47:24.130000+00:00,SLP-USDT-SWAP,395619180.0,1758336444130
2025-09-20 02:47:24.115000+00:00,SNX-USDT-SWAP,2187744.0,1758336444115
2025-09-20 02:47:24.117000+00:00,SOL-USDT-SWAP,3765308.6400000015,1758336444117
2025-09-20 02:47:24.111000+00:00,SOLV-USDT-SWAP,56804500.0,1758336444111
2025-09-20 02:47:24.109000+00:00,SONIC-USDT-SWAP,7946842.0,1758336444109
2025-09-20 02:47:24.116000+00:00,SOON-USDT-SWAP,7078640.0,1758336444116
2025-09-20 02:47:24.577000+00:00,SOPH-USDT-SWAP,81425100.0,1758336444577
2025-09-20 02:47:24.579000+00:00,SPK-USDT-SWAP,112014400.0,1758336444579
2025-09-20 02:47:24.565000+00:00,SPX-USDT-SWAP,897218.0,1758336444565
2025-09-20 02:47:24.568000+00:00,SSV-USDT-SWAP,285174.0,1758336444568
2025-09-20 02:47:24.570000+00:00,STORJ-USDT-SWAP,5934010.0,1758336444570
2025-09-20 02:47:24.566000+00:00,STRK-USDT-SWAP,24613956.0,1758336444566
2025-09-20 02:47:24.598000+00:00,STX-USDT-SWAP,7361789.000000001,1758336444598
2025-09-20 02:47:24.560000+00:00,SUI-USDT-SWAP,23981965.0,1758336444560
2025-09-20 02:47:24.564000+00:00,SUSHI-USDT-SWAP,8529391.0,1758336444564
2025-09-20 02:47:24.564000+00:00,SWARMS-USDT-SWAP,77357800.0,1758336444564
2025-09-20 02:47:25.078000+00:00,SYRUP-USDT-SWAP,2505780.0,1758336445078
2025-09-20 02:47:25.072000+00:00,T-USDT-SWAP,42543600.0,1758336445072
2025-09-20 02:47:25.074000+00:00,TAO-USDT-SWAP,14147.37,1758336445074
2025-09-20 02:47:25.067000+00:00,THETA-USDT-SWAP,2812806.0000000005,1758336445067
2025-09-20 02:47:25.072000+00:00,TIA-USDT-SWAP,4970465.0,1758336445072
2025-09-20 02:47:25.072000+00:00,TNSR-USDT-SWAP,9787482.0,1758336445072
2025-09-20 02:47:25.064000+00:00,TON-USDT-SWAP,7964486.0,1758336445064
2025-09-20 02:47:25.062000+00:00,TRB-USDT-SWAP,234042.4,1758336445062
2025-09-20 02:47:25.070000+00:00,TREE-USDT-SWAP,7864751.0,1758336445070
2025-09-20 02:47:25.065000+00:00,TRUMP-USDT-SWAP,5530733.8,1758336445065
2025-09-20 02:47:25.551000+00:00,TRX-USDT-SWAP,80208120.00000013,1758336445551
2025-09-20 02:47:25.546000+00:00,TURBO-USDT-SWAP,837854999.9999999,1758336445546
2025-09-20 02:47:25.536000+00:00,UMA-USDT-SWAP,1297047.0,1758336445536
2025-09-20 02:47:25.536000+00:00,UNI-USDT-SWAP,3879444.0,1758336445536
2025-09-20 02:47:25.535000+00:00,USDC-USDT-SWAP,870370.0,1758336445535
2025-09-20 02:47:25.541000+00:00,USELESS-USDT-SWAP,16502140.0,1758336445541
2025-09-20 02:47:25.548000+00:00,UXLINK-USDT-SWAP,5738810.0,1758336445548
2025-09-20 02:47:25.539000+00:00,VANA-USDT-SWAP,134277.2,1758336445539
2025-09-20 02:47:25.537000+00:00,VINE-USDT-SWAP,107571920.0,1758336445537
2025-09-20 02:47:26.328000+00:00,VIRTUAL-USDT-SWAP,3690059.0,1758336446328
2025-09-20 02:47:26.326000+00:00,W-USDT-SWAP,67959621.0,1758336446326
2025-09-20 02:47:26.318000+00:00,WAL-USDT-SWAP,1990820.0,1758336446318
2025-09-20 02:47:26.311000+00:00,WCT-USDT-SWAP,9246060.0,1758336446311
2025-09-20 02:47:26.330000+00:00,WIF-USDT-SWAP,18910190.0,1758336446330
2025-09-20 02:47:26.332000+00:00,WLD-USDT-SWAP,26236174.0,1758336446332
2025-09-20 02:47:26.317000+00:00,WLFI-USDT-SWAP,291226270.0,1758336446317
2025-09-20 02:47:26.319000+00:00,WOO-USDT-SWAP,18836640.0,1758336446319
2025-09-20 02:47:26.327000+00:00,XAUT-USDT-SWAP,4830.256,1758336446327
2025-09-20 02:47:26.814000+00:00,XLM-USDT-SWAP,38886320.0,1758336446814
2025-09-20 02:47:26.854000+00:00,XPL-USDT-SWAP,8700940.0,1758336446854
2025-09-20 02:47:26.805000+00:00,XRP-USDT-SWAP,105815577.99999997,1758336446805
2025-09-20 02:47:26.808000+00:00,XTZ-USDT-SWAP,5873343.0,1758336446808
2025-09-20 02:47:26.817000+00:00,YFI-USDT-SWAP,388.9946,1758336446817
2025-09-20 02:47:26.814000+00:00,YGG-USDT-SWAP,41638266.0,1758336446814
2025-09-20 02:47:26.831000+00:00,ZENT-USDT-SWAP,185625900.0,1758336446831
2025-09-20 02:47:26.812000+00:00,ZETA-USDT-SWAP,5609670.0,1758336446812
2025-09-20 02:47:26.811000+00:00,ZIL-USDT-SWAP,158239900.0,1758336446811
2025-09-20 02:47:27.301000+00:00,ZK-USDT-SWAP,45976020.0,1758336447301
2025-09-20 02:47:27.301000+00:00,ZRO-USDT-SWAP,1649801.0,1758336447301
2025-09-20 02:47:27.298000+00:00,ZRX-USDT-SWAP,7199110.0,1758336447298
2025-09-20 02:48:28.061000+00:00,1INCH-USDT-SWAP,6848092.0,1758336508061
2025-09-20 02:48:28.067000+00:00,A-USDT-SWAP,10838130.0,1758336508067
2025-09-20 02:48:28.076000+00:00,AAVE-USDT-SWAP,135619.46000000002,1758336508076
2025-09-20 02:48:28.055000+00:00,ACE-USDT-SWAP,2986167.0,1758336508055
2025-09-20 02:48:28.083000+00:00,ACH-USDT-SWAP,94507300.0,1758336508083
2025-09-20 02:48:28.111000+00:00,ACT-USDT-SWAP,98746095.0,1758336508111
2025-09-20 02:48:28.086000+00:00,ADA-USDT-SWAP,95080620.00000004,1758336508086
2025-09-20 02:48:28.068000+00:00,AERO-USDT-SWAP,2217540.0,1758336508068
2025-09-20 02:48:28.080000+00:00,AEVO-USDT-SWAP,15453011.0,1758336508080
2025-09-20 02:48:28.080000+00:00,AGLD-USDT-SWAP,2044331.0,1758336508080
2025-09-20 02:48:28.568000+00:00,AI16Z-USDT-SWAP,52331721.0,1758336508568
2025-09-20 02:48:28.573000+00:00,AIXBT-USDT-SWAP,24757120.0,1758336508573
2025-09-20 02:48:28.570000+00:00,ALGO-USDT-SWAP,27210250.0,1758336508570
2025-09-20 02:48:28.599000+00:00,ANIME-USDT-SWAP,93264520.0,1758336508599
2025-09-20 02:48:28.578000+00:00,APE-USDT-SWAP,7876721.9,1758336508578
2025-09-20 02:48:28.580000+00:00,API3-USDT-SWAP,2131785.0,1758336508580
2025-09-20 02:48:28.569000+00:00,APT-USDT-SWAP,3768162.0,1758336508569
2025-09-20 02:48:28.577000+00:00,AR-USDT-SWAP,550091.9,1758336508577
2025-09-20 02:48:28.581000+00:00,ARB-USDT-SWAP,37375117.999999985,1758336508581
2025-09-20 02:48:29.079000+00:00,ARC-USDT-SWAP,106099630.0,1758336509079
2025-09-20 02:48:29.090000+00:00,ARKM-USDT-SWAP,3362482.0,1758336509090
2025-09-20 02:48:29.087000+00:00,ATH-USDT-SWAP,167535400.0,1758336509087
2025-09-20 02:48:29.089000+00:00,ATOM-USDT-SWAP,1990926.0,1758336509089
2025-09-20 02:48:29.089000+00:00,AUCTION-USDT-SWAP,231682.4,1758336509089
2025-09-20 02:48:29.117000+00:00,AVAAI-USDT-SWAP,102588500.0,1758336509117
2025-09-20 02:48:29.085000+00:00,AVAX-USDT-SWAP,2315643.800000002,1758336509085
2025-09-20 02:48:29.087000+00:00,AXS-USDT-SWAP,1094378.2,1758336509087
2025-09-20 02:48:29.093000+00:00,BABY-USDT-SWAP,40111650.0,1758336509093
2025-09-20 02:48:29.095000+00:00,BAND-USDT-SWAP,1322204.0,1758336509095
2025-09-20 02:48:29.699000+00:00,BAT-USDT-SWAP,4804200.0,1758336509699
2025-09-20 02:48:29.707000+00:00,BCH-USDT-SWAP,72305.37999999996,1758336509707
2025-09-20 02:48:29.700000+00:00,BERA-USDT-SWAP,2647724.3,1758336509700
2025-09-20 02:48:29.708000+00:00,BICO-USDT-SWAP,7440161.0,1758336509708
2025-09-20 02:48:29.704000+00:00,BIGTIME-USDT-SWAP,40565820.0,1758336509704
2025-09-20 02:48:29.717000+00:00,BIO-USDT-SWAP,62187783.0,1758336509717
2025-09-20 02:48:29.703000+00:00,BLUR-USDT-SWAP,24187190.0,1758336509703
2025-09-20 02:48:29.700000+00:00,BNB-USDT-SWAP,127433.92,1758336509700
2025-09-20 02:48:29.712000+00:00,BNT-USDT-SWAP,750750.0,1758336509712
2025-09-20 02:48:29.715000+00:00,BOME-USDT-SWAP,1035518000.0,1758336509715
2025-09-20 02:48:30.152000+00:00,BONK-USDT-SWAP,567372200000.0,1758336510152
2025-09-20 02:48:30.157000+00:00,BRETT-USDT-SWAP,17907400.0,1758336510157
2025-09-20 02:48:30.159000+00:00,BTC-USDT-SWAP,27885.84380000008,1758336510159
2025-09-20 02:48:30.165000+00:00,CAT-USDT-SWAP,158555000000.0,1758336510165
2025-09-20 02:48:30.161000+00:00,CATI-USDT-SWAP,17584488.0,1758336510161
2025-09-20 02:48:30.181000+00:00,CELO-USDT-SWAP,3501457.0,1758336510181
2025-09-20 02:48:30.156000+00:00,CETUS-USDT-SWAP,23068560.0,1758336510156
2025-09-20 02:48:30.292000+00:00,CFX-USDT-SWAP,73821530.0,1758336510292
2025-09-20 02:48:30.201000+00:00,CHZ-USDT-SWAP,76752030.0,1758336510201
2025-09-20 02:48:30.168000+00:00,COMP-USDT-SWAP,74616.9,1758336510168
2025-09-20 02:48:30.712000+00:00,COOKIE-USDT-SWAP,4924230.0,1758336510712
2025-09-20 02:48:30.753000+00:00,CORE-USDT-SWAP,9882216.0,1758336510753
2025-09-20 02:48:30.730000+00:00,CRO-USDT-SWAP,51297650.0,1758336510730
2025-09-20 02:48:30.714000+00:00,CRV-USDT-SWAP,24490923.0,1758336510714
2025-09-20 02:48:30.723000+00:00,CTC-USDT-SWAP,1716630.0,1758336510723
2025-09-20 02:48:30.734000+00:00,CVC-USDT-SWAP,9823200.0,1758336510734
2025-09-20 02:48:30.726000+00:00,CVX-USDT-SWAP,380601.0,1758336510726
2025-09-20 02:48:30.720000+00:00,DEGEN-USDT-SWAP,325571100.0,1758336510720
2025-09-20 02:48:31.176000+00:00,DOGE-USDT-SWAP,1392235129.9999993,1758336511176
2025-09-20 02:48:31.184000+00:00,DOGS-USDT-SWAP,16027079000.0,1758336511184
2025-09-20 02:48:31.184000+00:00,DOOD-USDT-SWAP,145995000.0,1758336511184
2025-09-20 02:48:31.181000+00:00,DOT-USDT-SWAP,6417764.0,1758336511181
2025-09-20 02:48:31.214000+00:00,DYDX-USDT-SWAP,11742041.0,1758336511214
2025-09-20 02:48:31.206000+00:00,EGLD-USDT-SWAP,114932.5,1758336511206
2025-09-20 02:48:31.179000+00:00,EIGEN-USDT-SWAP,4304121.0,1758336511179
2025-09-20 02:48:31.192000+00:00,ENJ-USDT-SWAP,15300380.0,1758336511192
2025-09-20 02:48:31.258000+00:00,ENS-USDT-SWAP,322888.6,1758336511258
2025-09-20 02:48:31.678000+00:00,ETC-USDT-SWAP,1193399.6000000003,1758336511678
2025-09-20 02:48:31.687000+00:00,ETH-USDT-SWAP,751212.9939999998,1758336511687
2025-09-20 02:48:31.680000+00:00,ETHFI-USDT-SWAP,8426468.0,1758336511680
2025-09-20 02:48:31.679000+00:00,ETHW-USDT-SWAP,1242571.8,1758336511679
2025-09-20 02:48:31.681000+00:00,FARTCOIN-USDT-SWAP,24528212.0,1758336511681
2025-09-20 02:48:31.696000+00:00,FIL-USDT-SWAP,13338017.1,1758336511696
2025-09-20 02:48:31.686000+00:00,FLM-USDT-SWAP,30320860.0,1758336511686
2025-09-20 02:48:31.691000+00:00,FLOKI-USDT-SWAP,39952100000.0,1758336511691
2025-09-20 02:48:31.687000+00:00,FLOW-USDT-SWAP,4094720.0,1758336511687
2025-09-20 02:48:31.717000+00:00,FXS-USDT-SWAP,351811.0,1758336511717
2025-09-20 02:48:32.181000+00:00,GALA-USDT-SWAP,454733920.0,1758336512181
2025-09-20 02:48:32.178000+00:00,GAS-USDT-SWAP,358109.0,1758336512178
2025-09-20 02:48:32.177000+00:00,GLM-USDT-SWAP,3327080.0,1758336512177
2025-09-20 02:48:32.190000+00:00,GMT-USDT-SWAP,46840220.0,1758336512190
2025-09-20 02:48:32.207000+00:00,GMX-USDT-SWAP,70535.1,1758336512207
2025-09-20 02:48:32.276000+00:00,GOAT-USDT-SWAP,25983320.0,1758336512276
2025-09-20 02:48:32.201000+00:00,GODS-USDT-SWAP,8025050.0,1758336512201
2025-09-20 02:48:32.180000+00:00,GPS-USDT-SWAP,133581200.0,1758336512180
2025-09-20 02:48:32.183000+00:00,GRASS-USDT-SWAP,2777098.0,1758336512183
2025-09-20 02:48:32.195000+00:00,GRIFFAIN-USDT-SWAP,30227280.0,1758336512195
2025-09-20 02:48:32.720000+00:00,GRT-USDT-SWAP,21229000.0,1758336512720
2025-09-20 02:48:32.732000+00:00,H-USDT-SWAP,89766700.0,1758336512732
2025-09-20 02:48:32.738000+00:00,HBAR-USDT-SWAP,81438440.00000001,1758336512738
2025-09-20 02:48:32.752000+00:00,HMSTR-USDT-SWAP,1210828100.0,1758336512752
2025-09-20 02:48:32.755000+00:00,HOME-USDT-SWAP,17262800.0,1758336512755
2025-09-20 02:48:32.748000+00:00,HUMA-USDT-SWAP,67591500.0,1758336512748
2025-09-20 02:48:32.729000+00:00,HYPE-USDT-SWAP,964413.2,1758336512729
2025-09-20 02:48:32.726000+00:00,ICP-USDT-SWAP,1732881.5,1758336512726
2025-09-20 02:48:32.732000+00:00,ICX-USDT-SWAP,5888730.0,1758336512732
2025-09-20 02:48:32.733000+00:00,IMX-USDT-SWAP,10156518.0,1758336512733
2025-09-20 02:48:33.267000+00:00,INIT-USDT-SWAP,2241660.0,1758336513267
2025-09-20 02:48:33.248000+00:00,INJ-USDT-SWAP,902831.0,1758336513248
2025-09-20 02:48:33.252000+00:00,IOST-USDT-SWAP,280670000.0,1758336513252
2025-09-20 02:48:33.250000+00:00,IOTA-USDT-SWAP,14287020.0,1758336513250
2025-09-20 02:48:33.265000+00:00,IP-USDT-SWAP,4146099.0,1758336513265
2025-09-20 02:48:33.267000+00:00,JELLYJELLY-USDT-SWAP,186287700.0,1758336513267
2025-09-20 02:48:33.309000+00:00,JOE-USDT-SWAP,7138870.0,1758336513309
2025-09-20 02:48:33.256000+00:00,JTO-USDT-SWAP,3738361.0,1758336513256
2025-09-20 02:48:33.263000+00:00,JUP-USDT-SWAP,14362320.0,1758336513263
2025-09-20 02:48:33.758000+00:00,KAITO-USDT-SWAP,5216004.0,1758336513758
2025-09-20 02:48:33.759000+00:00,KMNO-USDT-SWAP,47055800.0,1758336513759
2025-09-20 02:48:33.780000+00:00,KSM-USDT-SWAP,127543.9,1758336513780
2025-09-20 02:48:33.770000+00:00,LA-USDT-SWAP,6235030.0,1758336513770
2025-09-20 02:48:33.768000+00:00,LAUNCHCOIN-USDT-SWAP,40206510.0,1758336513768
2025-09-20 02:48:33.772000+00:00,LAYER-USDT-SWAP,6130360.0,1758336513772
2025-09-20 02:48:33.764000+00:00,LDO-USDT-SWAP,13883848.0,1758336513764
2025-09-20 02:48:33.757000+00:00,LINK-USDT-SWAP,2384578.6,1758336513757
2025-09-20 02:48:33.768000+00:00,LPT-USDT-SWAP,575962.1,1758336513768
2025-09-20 02:48:33.768000+00:00,LQTY-USDT-SWAP,2227810.0,1758336513768
2025-09-20 02:48:34.222000+00:00,LRC-USDT-SWAP,13821370.0,1758336514222
2025-09-20 02:48:34.247000+00:00,LTC-USDT-SWAP,718341.0000000002,1758336514247
2025-09-20 02:48:34.360000+00:00,LUNA-USDT-SWAP,19880000.0,1758336514360
2025-09-20 02:48:34.242000+00:00,MAGIC-USDT-SWAP,16389673.0,1758336514242
2025-09-20 02:48:34.247000+00:00,MAJOR-USDT-SWAP,4885458.0,1758336514247
2025-09-20 02:48:34.352000+00:00,MANA-USDT-SWAP,10802050.0,1758336514352
2025-09-20 02:48:34.229000+00:00,MASK-USDT-SWAP,2977220.0,1758336514229
2025-09-20 02:48:34.271000+00:00,ME-USDT-SWAP,3645031.0,1758336514271
2025-09-20 02:48:34.243000+00:00,MEME-USDT-SWAP,1348109300.0,1758336514243
2025-09-20 02:48:34.779000+00:00,MERL-USDT-SWAP,52481187.0,1758336514779
2025-09-20 02:48:34.782000+00:00,METIS-USDT-SWAP,117916.1,1758336514782
2025-09-20 02:48:34.893000+00:00,MEW-USDT-SWAP,1022378000.0,1758336514893
2025-09-20 02:48:34.789000+00:00,MINA-USDT-SWAP,7543592.0,1758336514789
2025-09-20 02:48:34.801000+00:00,MOG-USDT-SWAP,576475000000.0,1758336514801
2025-09-20 02:48:34.789000+00:00,MOODENG-USDT-SWAP,51038290.0,1758336514789
2025-09-20 02:48:34.782000+00:00,MORPHO-USDT-SWAP,1503462.0,1758336514782
2025-09-20 02:48:34.791000+00:00,MOVE-USDT-SWAP,28430400.0,1758336514791
2025-09-20 02:48:34.865000+00:00,MUBARAK-USDT-SWAP,29124700.0,1758336514865
2025-09-20 02:48:35.309000+00:00,NEAR-USDT-SWAP,6323058.000000001,1758336515309
2025-09-20 02:48:35.313000+00:00,NEIRO-USDT-SWAP,9664581000.0,1758336515313
2025-09-20 02:48:35.313000+00:00,NEO-USDT-SWAP,353912.0,1758336515313
2025-09-20 02:48:35.327000+00:00,NEWT-USDT-SWAP,3572740.0,1758336515327
2025-09-20 02:48:35.323000+00:00,NMR-USDT-SWAP,331200.1,1758336515323
2025-09-20 02:48:35.323000+00:00,NOT-USDT-SWAP,1494555800.0,1758336515323
2025-09-20 02:48:35.309000+00:00,NXPC-USDT-SWAP,1071977.0,1758336515309
2025-09-20 02:48:35.315000+00:00,OL-USDT-SWAP,73713520.0,1758336515315
2025-09-20 02:48:35.312000+00:00,OM-USDT-SWAP,22267843.0,1758336515312
2025-09-20 02:48:35.785000+00:00,ONDO-USDT-SWAP,23042520.0,1758336515785
2025-09-20 02:48:35.787000+00:00,ONE-USDT-SWAP,78890900.0,1758336515787
2025-09-20 02:48:35.796000+00:00,ONT-USDT-SWAP,9564100.0,1758336515796
2025-09-20 02:48:35.789000+00:00,OP-USDT-SWAP,25601583.0,1758336515789
2025-09-20 02:48:35.788000+00:00,ORBS-USDT-SWAP,28281900.0,1758336515788
2025-09-20 02:48:35.807000+00:00,ORDI-USDT-SWAP,1252693.8,1758336515807
2025-09-20 02:48:35.801000+00:00,PARTI-USDT-SWAP,13139240.0,1758336515801
2025-09-20 02:48:35.839000+00:00,PENGU-USDT-SWAP,679607100.0,1758336515839
2025-09-20 02:48:35.791000+00:00,PEOPLE-USDT-SWAP,350750300.0,1758336515791
2025-09-20 02:48:35.797000+00:00,PEPE-USDT-SWAP,9244441000000.006,1758336515797
2025-09-20 02:48:36.283000+00:00,PERP-USDT-SWAP,2871119.0,1758336516283
2025-09-20 02:48:36.287000+00:00,PI-USDT-SWAP,31262140.0,1758336516287
2025-09-20 02:48:36.283000+00:00,PLUME-USDT-SWAP,25860650.0,1758336516283
2025-09-20 02:48:36.281000+00:00,PNUT-USDT-SWAP,36886150.0,1758336516281
2025-09-20 02:48:36.293000+00:00,POL-USDT-SWAP,38200360.0,1758336516293
2025-09-20 02:48:36.301000+00:00,POPCAT-USDT-SWAP,9129540.0,1758336516301
2025-09-20 02:48:36.288000+00:00,PRCL-USDT-SWAP,16793918.0,1758336516288
2025-09-20 02:48:36.288000+00:00,PROMPT-USDT-SWAP,28574970.0,1758336516288
2025-09-20 02:48:36.293000+00:00,PUMP-USDT-SWAP,8626743000.0,1758336516293
2025-09-20 02:48:36.304000+00:00,PYTH-USDT-SWAP,51184090.0,1758336516304
2025-09-20 02:48:36.747000+00:00,QTUM-USDT-SWAP,1055868.0,1758336516747
2025-09-20 02:48:36.784000+00:00,RAY-USDT-SWAP,1413149.0,1758336516784
2025-09-20 02:48:36.751000+00:00,RENDER-USDT-SWAP,1338339.0,1758336516751
2025-09-20 02:48:36.757000+00:00,RESOLV-USDT-SWAP,25020400.0,1758336516757
2025-09-20 02:48:36.765000+00:00,RSR-USDT-SWAP,260835800.0,1758336516765
2025-09-20 02:48:36.759000+00:00,RVN-USDT-SWAP,80977880.0,1758336516759
2025-09-20 02:48:36.753000+00:00,S-USDT-SWAP,12283550.0,1758336516753
2025-09-20 02:48:36.755000+00:00,SAHARA-USDT-SWAP,38479640.0,1758336516755
2025-09-20 02:48:37.191000+00:00,SAND-USDT-SWAP,17208070.0,1758336517191
2025-09-20 02:48:36.759000+00:00,SATS-USDT-SWAP,190053080000000.0,1758336516759
2025-09-20 02:48:37.634000+00:00,SCR-USDT-SWAP,2570072.0,1758336517634
2025-09-20 02:48:37.642000+00:00,SHELL-USDT-SWAP,4659600.0,1758336517642
2025-09-20 02:48:37.654000+00:00,SHIB-USDT-SWAP,1694948999999.9998,1758336517654
2025-09-20 02:48:37.633000+00:00,SIGN-USDT-SWAP,51021400.0,1758336517633
2025-09-20 02:48:37.646000+00:00,SLP-USDT-SWAP,395619180.0,1758336517646
2025-09-20 02:48:37.658000+00:00,SNX-USDT-SWAP,2188133.0,1758336517658
2025-09-20 02:48:37.642000+00:00,SOL-USDT-SWAP,3764385.3800000013,1758336517642
2025-09-20 02:48:37.643000+00:00,SOLV-USDT-SWAP,56804500.0,1758336517643
2025-09-20 02:48:37.649000+00:00,SONIC-USDT-SWAP,7945460.0,1758336517649
2025-09-20 02:48:37.648000+00:00,SOON-USDT-SWAP,7080420.0,1758336517648
2025-09-20 02:48:38.157000+00:00,SOPH-USDT-SWAP,81425300.0,1758336518157
2025-09-20 02:48:38.162000+00:00,SPK-USDT-SWAP,112070800.0,1758336518162
2025-09-20 02:48:38.172000+00:00,SPX-USDT-SWAP,896969.0,1758336518172
2025-09-20 02:48:38.158000+00:00,SSV-USDT-SWAP,285493.1,1758336518158
2025-09-20 02:48:38.178000+00:00,STORJ-USDT-SWAP,5934010.0,1758336518178
2025-09-20 02:48:38.163000+00:00,STRK-USDT-SWAP,24613689.0,1758336518163
2025-09-20 02:48:38.164000+00:00,STX-USDT-SWAP,7362009.000000001,1758336518164
2025-09-20 02:48:38.166000+00:00,SUI-USDT-SWAP,23983727.0,1758336518166
2025-09-20 02:48:38.163000+00:00,SUSHI-USDT-SWAP,8529940.0,1758336518163
2025-09-20 02:48:38.162000+00:00,SWARMS-USDT-SWAP,77361480.0,1758336518162
2025-09-20 02:48:38.653000+00:00,SYRUP-USDT-SWAP,2505850.0,1758336518653
2025-09-20 02:48:38.669000+00:00,T-USDT-SWAP,42543800.0,1758336518669
2025-09-20 02:48:38.676000+00:00,TAO-USDT-SWAP,14146.89,1758336518676
2025-09-20 02:48:38.680000+00:00,THETA-USDT-SWAP,2813010.0000000005,1758336518680
2025-09-20 02:48:38.686000+00:00,TIA-USDT-SWAP,4971654.0,1758336518686
2025-09-20 02:48:38.667000+00:00,TNSR-USDT-SWAP,9785975.0,1758336518667
2025-09-20 02:48:38.657000+00:00,TON-USDT-SWAP,7970494.0,1758336518657
2025-09-20 02:48:38.667000+00:00,TRB-USDT-SWAP,234054.6,1758336518667
2025-09-20 02:48:38.670000+00:00,TREE-USDT-SWAP,7866437.0,1758336518670
2025-09-20 02:48:38.674000+00:00,TRUMP-USDT-SWAP,5530724.2,1758336518674
2025-09-20 02:48:39.131000+00:00,TRX-USDT-SWAP,80188080.00000015,1758336519131
2025-09-20 02:48:39.128000+00:00,TURBO-USDT-SWAP,837831999.9999999,1758336519128
2025-09-20 02:48:39.129000+00:00,UMA-USDT-SWAP,1297046.2,1758336519129
2025-09-20 02:48:39.139000+00:00,UNI-USDT-SWAP,3879313.0,1758336519139
2025-09-20 02:48:39.140000+00:00,USDC-USDT-SWAP,870370.0,1758336519140
2025-09-20 02:48:39.195000+00:00,USELESS-USDT-SWAP,16488360.0,1758336519195
2025-09-20 02:48:39.133000+00:00,UXLINK-USDT-SWAP,5738810.0,1758336519133
2025-09-20 02:48:39.168000+00:00,VANA-USDT-SWAP,134243.3,1758336519168
2025-09-20 02:48:39.131000+00:00,VINE-USDT-SWAP,107599350.0,1758336519131
2025-09-20 02:48:39.632000+00:00,VIRTUAL-USDT-SWAP,3689887.0,1758336519632
2025-09-20 02:48:39.642000+00:00,W-USDT-SWAP,67914317.0,1758336519642
2025-09-20 02:48:39.635000+00:00,WAL-USDT-SWAP,1990820.0,1758336519635
2025-09-20 02:48:39.642000+00:00,WCT-USDT-SWAP,9242100.0,1758336519642
2025-09-20 02:48:39.652000+00:00,WIF-USDT-SWAP,18910055.0,1758336519652
2025-09-20 02:48:39.634000+00:00,WLD-USDT-SWAP,26235187.0,1758336519634
2025-09-20 02:48:39.634000+00:00,WLFI-USDT-SWAP,291192860.0,1758336519634
2025-09-20 02:48:39.642000+00:00,WOO-USDT-SWAP,18823010.0,1758336519642
2025-09-20 02:48:39.659000+00:00,XAUT-USDT-SWAP,4822.307,1758336519659
2025-09-20 02:48:40.441000+00:00,XLM-USDT-SWAP,38890020.00000001,1758336520441
2025-09-20 02:48:40.578000+00:00,XPL-USDT-SWAP,8699410.0,1758336520578
2025-09-20 02:48:40.443000+00:00,XRP-USDT-SWAP,105821797.99999996,1758336520443
2025-09-20 02:48:40.448000+00:00,XTZ-USDT-SWAP,5873277.0,1758336520448
2025-09-20 02:48:40.450000+00:00,YFI-USDT-SWAP,389.1044,1758336520450
2025-09-20 02:48:40.449000+00:00,YGG-USDT-SWAP,41603949.0,1758336520449
2025-09-20 02:48:40.437000+00:00,ZENT-USDT-SWAP,185640400.0,1758336520437
2025-09-20 02:48:40.448000+00:00,ZETA-USDT-SWAP,5609670.0,1758336520448
2025-09-20 02:48:40.445000+00:00,ZIL-USDT-SWAP,158239900.0,1758336520445
2025-09-20 02:48:41+00:00,ZK-USDT-SWAP,45974630.0,1758336521000
2025-09-20 02:48:40.999000+00:00,ZRO-USDT-SWAP,1649473.0,1758336520999
2025-09-20 02:48:41.007000+00:00,ZRX-USDT-SWAP,7199120.0,1758336521007
2025-09-20 02:49:41.695000+00:00,1INCH-USDT-SWAP,6850421.0,1758336581695
2025-09-20 02:49:41.713000+00:00,A-USDT-SWAP,10838130.0,1758336581713
2025-09-20 02:49:41.706000+00:00,AAVE-USDT-SWAP,135616.13000000003,1758336581706
2025-09-20 02:49:41.740000+00:00,ACE-USDT-SWAP,2985569.0,1758336581740
2025-09-20 02:49:41.759000+00:00,ACH-USDT-SWAP,94509400.0,1758336581759
2025-09-20 02:49:41.708000+00:00,ACT-USDT-SWAP,98729057.0,1758336581708
2025-09-20 02:49:41.715000+00:00,ADA-USDT-SWAP,95070300.00000003,1758336581715
2025-09-20 02:49:41.722000+00:00,AERO-USDT-SWAP,2217710.0,1758336581722
2025-09-20 02:49:41.722000+00:00,AEVO-USDT-SWAP,15452201.0,1758336581722
2025-09-20 02:49:41.708000+00:00,AGLD-USDT-SWAP,2044355.0,1758336581708
2025-09-20 02:49:42.228000+00:00,AI16Z-USDT-SWAP,52330119.0,1758336582228
2025-09-20 02:49:42.235000+00:00,AIXBT-USDT-SWAP,24760350.0,1758336582235
2025-09-20 02:49:42.229000+00:00,ALGO-USDT-SWAP,27219330.0,1758336582229
2025-09-20 02:49:42.238000+00:00,ANIME-USDT-SWAP,93264520.0,1758336582238
2025-09-20 02:49:42.242000+00:00,APE-USDT-SWAP,7878109.6,1758336582242
2025-09-20 02:49:42.244000+00:00,API3-USDT-SWAP,2131801.0,1758336582244
2025-09-20 02:49:42.251000+00:00,APT-USDT-SWAP,3767971.0,1758336582251
2025-09-20 02:49:42.232000+00:00,AR-USDT-SWAP,549975.8,1758336582232
2025-09-20 02:49:42.236000+00:00,ARB-USDT-SWAP,37369092.999999985,1758336582236
2025-09-20 02:49:42.685000+00:00,ARC-USDT-SWAP,106118280.0,1758336582685
2025-09-20 02:49:42.703000+00:00,ARKM-USDT-SWAP,3362526.0,1758336582703
2025-09-20 02:49:42.688000+00:00,ATH-USDT-SWAP,167497900.0,1758336582688
2025-09-20 02:49:42.753000+00:00,ATOM-USDT-SWAP,1990975.0,1758336582753
2025-09-20 02:49:42.691000+00:00,AUCTION-USDT-SWAP,231628.4,1758336582691
2025-09-20 02:49:42.701000+00:00,AVAAI-USDT-SWAP,102970880.0,1758336582701
2025-09-20 02:49:42.693000+00:00,AVAX-USDT-SWAP,2315395.500000002,1758336582693
2025-09-20 02:49:42.707000+00:00,AXS-USDT-SWAP,1094476.9,1758336582707
2025-09-20 02:49:42.703000+00:00,BABY-USDT-SWAP,40159440.0,1758336582703
2025-09-20 02:49:42.690000+00:00,BAND-USDT-SWAP,1322216.0,1758336582690
2025-09-20 02:49:43.260000+00:00,BAT-USDT-SWAP,4804200.0,1758336583260
2025-09-20 02:49:43.208000+00:00,BCH-USDT-SWAP,72223.88999999996,1758336583208
2025-09-20 02:49:43.249000+00:00,BERA-USDT-SWAP,2647712.7,1758336583249
2025-09-20 02:49:43.181000+00:00,BICO-USDT-SWAP,7435039.0,1758336583181
2025-09-20 02:49:43.180000+00:00,BIGTIME-USDT-SWAP,40565870.0,1758336583180
2025-09-20 02:49:43.183000+00:00,BIO-USDT-SWAP,62069647.0,1758336583183
2025-09-20 02:49:43.182000+00:00,BLUR-USDT-SWAP,24183750.0,1758336583182
2025-09-20 02:49:43.199000+00:00,BNB-USDT-SWAP,127436.56,1758336583199
2025-09-20 02:49:43.188000+00:00,BNT-USDT-SWAP,750740.0,1758336583188
2025-09-20 02:49:43.196000+00:00,BOME-USDT-SWAP,1033161000.0,1758336583196
2025-09-20 02:49:43.679000+00:00,BONK-USDT-SWAP,567502400000.0,1758336583679
2025-09-20 02:49:43.716000+00:00,BRETT-USDT-SWAP,17976800.0,1758336583716
2025-09-20 02:49:43.694000+00:00,BTC-USDT-SWAP,27884.364100000083,1758336583694
2025-09-20 02:49:43.688000+00:00,CAT-USDT-SWAP,158769300000.0,1758336583688
2025-09-20 02:49:43.690000+00:00,CATI-USDT-SWAP,17592285.0,1758336583690
2025-09-20 02:49:43.697000+00:00,CELO-USDT-SWAP,3503368.0,1758336583697
2025-09-20 02:49:43.692000+00:00,CETUS-USDT-SWAP,23120040.0,1758336583692
2025-09-20 02:49:43.697000+00:00,CFX-USDT-SWAP,73833870.0,1758336583697
2025-09-20 02:49:43.689000+00:00,CHZ-USDT-SWAP,76768950.0,1758336583689
2025-09-20 02:49:43.691000+00:00,COMP-USDT-SWAP,74616.7,1758336583691
2025-09-20 02:49:44.215000+00:00,COOKIE-USDT-SWAP,4923680.0,1758336584215
2025-09-20 02:49:44.254000+00:00,CORE-USDT-SWAP,9881026.0,1758336584254
2025-09-20 02:49:44.219000+00:00,CRO-USDT-SWAP,51298510.0,1758336584219
2025-09-20 02:49:44.232000+00:00,CRV-USDT-SWAP,24496772.0,1758336584232
2025-09-20 02:49:44.234000+00:00,CTC-USDT-SWAP,1716600.0,1758336584234
2025-09-20 02:49:44.244000+00:00,CVC-USDT-SWAP,9823200.0,1758336584244
2025-09-20 02:49:44.227000+00:00,CVX-USDT-SWAP,379472.0,1758336584227
2025-09-20 02:49:44.249000+00:00,DEGEN-USDT-SWAP,325476800.0,1758336584249
2025-09-20 02:49:44.768000+00:00,DOGE-USDT-SWAP,1392321619.9999993,1758336584768
2025-09-20 02:49:44.786000+00:00,DOGS-USDT-SWAP,16026647000.0,1758336584786
2025-09-20 02:49:44.777000+00:00,DOOD-USDT-SWAP,145994000.0,1758336584777
2025-09-20 02:49:44.867000+00:00,DOT-USDT-SWAP,6419346.0,1758336584867
2025-09-20 02:49:44.778000+00:00,DYDX-USDT-SWAP,11742037.0,1758336584778
2025-09-20 02:49:44.777000+00:00,EGLD-USDT-SWAP,114941.7,1758336584777
2025-09-20 02:49:44.795000+00:00,EIGEN-USDT-SWAP,4304790.0,1758336584795
2025-09-20 02:49:44.776000+00:00,ENJ-USDT-SWAP,15300860.0,1758336584776
2025-09-20 02:49:44.771000+00:00,ENS-USDT-SWAP,322879.6,1758336584771
2025-09-20 02:49:45.549000+00:00,ETC-USDT-SWAP,1193345.5000000005,1758336585549
2025-09-20 02:49:45.568000+00:00,ETH-USDT-SWAP,751220.4899999999,1758336585568
2025-09-20 02:49:45.538000+00:00,ETHFI-USDT-SWAP,8430630.0,1758336585538
2025-09-20 02:49:45.546000+00:00,ETHW-USDT-SWAP,1242759.4,1758336585546
2025-09-20 02:49:45.549000+00:00,FARTCOIN-USDT-SWAP,24534707.0,1758336585549
2025-09-20 02:49:45.545000+00:00,FIL-USDT-SWAP,13350944.9,1758336585545
2025-09-20 02:49:45.534000+00:00,FLM-USDT-SWAP,30314560.0,1758336585534
2025-09-20 02:49:45.591000+00:00,FLOKI-USDT-SWAP,39953800000.0,1758336585591
2025-09-20 02:49:45.536000+00:00,FLOW-USDT-SWAP,4095680.0,1758336585536
2025-09-20 02:49:45.678000+00:00,FXS-USDT-SWAP,351807.0,1758336585678
2025-09-20 02:49:46.095000+00:00,GALA-USDT-SWAP,454726470.0,1758336586095
2025-09-20 02:49:46.130000+00:00,GAS-USDT-SWAP,357840.0,1758336586130
2025-09-20 02:49:46.110000+00:00,GLM-USDT-SWAP,3327080.0,1758336586110
2025-09-20 02:49:46.101000+00:00,GMT-USDT-SWAP,46838234.0,1758336586101
2025-09-20 02:49:46.110000+00:00,GMX-USDT-SWAP,70535.1,1758336586110
2025-09-20 02:49:46.102000+00:00,GOAT-USDT-SWAP,25972900.0,1758336586102
2025-09-20 02:49:46.096000+00:00,GODS-USDT-SWAP,8025047.0,1758336586096
2025-09-20 02:49:46.112000+00:00,GPS-USDT-SWAP,133553850.0,1758336586112
2025-09-20 02:49:46.101000+00:00,GRASS-USDT-SWAP,2776934.0,1758336586101
2025-09-20 02:49:46.100000+00:00,GRIFFAIN-USDT-SWAP,30222350.0,1758336586100
2025-09-20 02:49:46.576000+00:00,GRT-USDT-SWAP,21224290.0,1758336586576
2025-09-20 02:49:46.598000+00:00,H-USDT-SWAP,89912400.0,1758336586598
2025-09-20 02:49:46.586000+00:00,HBAR-USDT-SWAP,81430690.00000001,1758336586586
2025-09-20 02:49:46.577000+00:00,HMSTR-USDT-SWAP,1210893900.0,1758336586577
2025-09-20 02:49:46.580000+00:00,HOME-USDT-SWAP,17262400.0,1758336586580
2025-09-20 02:49:46.582000+00:00,HUMA-USDT-SWAP,67555800.0,1758336586582
2025-09-20 02:49:46.579000+00:00,HYPE-USDT-SWAP,964142.4,1758336586579
2025-09-20 02:49:46.591000+00:00,ICP-USDT-SWAP,1733115.98,1758336586591
2025-09-20 02:49:46.577000+00:00,ICX-USDT-SWAP,5888950.0,1758336586577
2025-09-20 02:49:46.578000+00:00,IMX-USDT-SWAP,10139460.0,1758336586578
2025-09-20 02:49:47.036000+00:00,INIT-USDT-SWAP,2242410.0,1758336587036
2025-09-20 02:49:47.037000+00:00,INJ-USDT-SWAP,902956.4,1758336587037
2025-09-20 02:49:47.035000+00:00,IOST-USDT-SWAP,280670000.0,1758336587035
2025-09-20 02:49:47.185000+00:00,IOTA-USDT-SWAP,14287020.0,1758336587185
2025-09-20 02:49:47.038000+00:00,IP-USDT-SWAP,4144507.0,1758336587038
2025-09-20 02:49:47.037000+00:00,JELLYJELLY-USDT-SWAP,186311200.0,1758336587037
2025-09-20 02:49:47.041000+00:00,JOE-USDT-SWAP,7140450.0,1758336587041
2025-09-20 02:49:47.031000+00:00,JTO-USDT-SWAP,3738273.0,1758336587031
2025-09-20 02:49:47.034000+00:00,JUP-USDT-SWAP,14361810.0,1758336587034
2025-09-20 02:49:47.601000+00:00,KAITO-USDT-SWAP,5219492.0,1758336587601
2025-09-20 02:49:47.610000+00:00,KMNO-USDT-SWAP,47022100.0,1758336587610
2025-09-20 02:49:47.615000+00:00,KSM-USDT-SWAP,127551.5,1758336587615
2025-09-20 02:49:47.710000+00:00,LA-USDT-SWAP,6229920.0,1758336587710
2025-09-20 02:49:47.610000+00:00,LAUNCHCOIN-USDT-SWAP,40200820.0,1758336587610
2025-09-20 02:49:47.615000+00:00,LAYER-USDT-SWAP,6130189.0,1758336587615
2025-09-20 02:49:47.606000+00:00,LDO-USDT-SWAP,13882669.0,1758336587606
2025-09-20 02:49:47.617000+00:00,LINK-USDT-SWAP,2384934.3,1758336587617
2025-09-20 02:49:47.609000+00:00,LPT-USDT-SWAP,575912.2,1758336587609
2025-09-20 02:49:47.615000+00:00,LQTY-USDT-SWAP,2227186.0,1758336587615
2025-09-20 02:49:48.132000+00:00,LRC-USDT-SWAP,13822830.0,1758336588132
2025-09-20 02:49:48.149000+00:00,LTC-USDT-SWAP,718228.7000000002,1758336588149
2025-09-20 02:49:48.144000+00:00,LUNA-USDT-SWAP,19881308.0,1758336588144
2025-09-20 02:49:48.144000+00:00,MAGIC-USDT-SWAP,16405699.0,1758336588144
2025-09-20 02:49:48.140000+00:00,MAJOR-USDT-SWAP,4885458.0,1758336588140
2025-09-20 02:49:48.129000+00:00,MANA-USDT-SWAP,10803470.0,1758336588129
2025-09-20 02:49:48.150000+00:00,MASK-USDT-SWAP,2977263.0,1758336588150
2025-09-20 02:49:48.140000+00:00,ME-USDT-SWAP,3645030.0,1758336588140
2025-09-20 02:49:48.144000+00:00,MEME-USDT-SWAP,1351445200.0,1758336588144
2025-09-20 02:49:48.659000+00:00,MERL-USDT-SWAP,52540838.0,1758336588659
2025-09-20 02:49:48.684000+00:00,METIS-USDT-SWAP,117931.8,1758336588684
2025-09-20 02:49:48.656000+00:00,MEW-USDT-SWAP,1022354000.0,1758336588656
2025-09-20 02:49:48.661000+00:00,MINA-USDT-SWAP,7543592.0,1758336588661
2025-09-20 02:49:48.682000+00:00,MOG-USDT-SWAP,576498000000.0,1758336588682
2025-09-20 02:49:48.662000+00:00,MOODENG-USDT-SWAP,51035700.0,1758336588662
2025-09-20 02:49:48.664000+00:00,MORPHO-USDT-SWAP,1503388.0,1758336588664
2025-09-20 02:49:48.656000+00:00,MOVE-USDT-SWAP,28429690.0,1758336588656
2025-09-20 02:49:48.660000+00:00,MUBARAK-USDT-SWAP,28910800.0,1758336588660
2025-09-20 02:49:49.143000+00:00,NEAR-USDT-SWAP,6323889.000000001,1758336589143
2025-09-20 02:49:49.153000+00:00,NEIRO-USDT-SWAP,9664196000.0,1758336589153
2025-09-20 02:49:49.151000+00:00,NEO-USDT-SWAP,353911.0,1758336589151
2025-09-20 02:49:49.158000+00:00,NEWT-USDT-SWAP,3573280.0,1758336589158
2025-09-20 02:49:49.150000+00:00,NMR-USDT-SWAP,331024.0,1758336589150
2025-09-20 02:49:49.151000+00:00,NOT-USDT-SWAP,1494617700.0,1758336589151
2025-09-20 02:49:49.162000+00:00,NXPC-USDT-SWAP,1071975.0,1758336589162
2025-09-20 02:49:49.155000+00:00,OL-USDT-SWAP,73714220.0,1758336589155
2025-09-20 02:49:49.155000+00:00,OM-USDT-SWAP,22269111.0,1758336589155
2025-09-20 02:49:49.590000+00:00,ONDO-USDT-SWAP,23046190.0,1758336589590
2025-09-20 02:49:49.604000+00:00,ONE-USDT-SWAP,78893700.0,1758336589604
2025-09-20 02:49:49.597000+00:00,ONT-USDT-SWAP,9562280.0,1758336589597
2025-09-20 02:49:49.601000+00:00,OP-USDT-SWAP,25609211.0,1758336589601
2025-09-20 02:49:49.596000+00:00,ORBS-USDT-SWAP,28281800.0,1758336589596
2025-09-20 02:49:49.606000+00:00,ORDI-USDT-SWAP,1252873.0,1758336589606
2025-09-20 02:49:49.598000+00:00,PARTI-USDT-SWAP,13140180.0,1758336589598
2025-09-20 02:49:49.632000+00:00,PENGU-USDT-SWAP,677447200.0,1758336589632
2025-09-20 02:49:49.588000+00:00,PEOPLE-USDT-SWAP,350685200.0,1758336589588
2025-09-20 02:49:49.596000+00:00,PEPE-USDT-SWAP,9249039000000.006,1758336589596
2025-09-20 02:49:50.168000+00:00,PERP-USDT-SWAP,2871119.0,1758336590168
2025-09-20 02:49:50.208000+00:00,PI-USDT-SWAP,31260897.0,1758336590208
2025-09-20 02:49:50.175000+00:00,PLUME-USDT-SWAP,25861270.0,1758336590175
2025-09-20 02:49:50.182000+00:00,PNUT-USDT-SWAP,36883800.0,1758336590182
2025-09-20 02:49:50.181000+00:00,POL-USDT-SWAP,38197670.0,1758336590181
2025-09-20 02:49:50.176000+00:00,POPCAT-USDT-SWAP,9127410.0,1758336590176
2025-09-20 02:49:50.175000+00:00,PRCL-USDT-SWAP,16756544.0,1758336590175
2025-09-20 02:49:50.214000+00:00,PROMPT-USDT-SWAP,28602740.0,1758336590214
2025-09-20 02:49:50.175000+00:00,PUMP-USDT-SWAP,8634073000.0,1758336590175
2025-09-20 02:49:50.179000+00:00,PYTH-USDT-SWAP,51181390.0,1758336590179
2025-09-20 02:49:50.706000+00:00,QTUM-USDT-SWAP,1055854.0,1758336590706
2025-09-20 02:49:50.753000+00:00,RAY-USDT-SWAP,1413470.0,1758336590753
2025-09-20 02:49:50.710000+00:00,RENDER-USDT-SWAP,1338189.0,1758336590710
2025-09-20 02:49:50.715000+00:00,RESOLV-USDT-SWAP,25031450.0,1758336590715
2025-09-20 02:49:50.714000+00:00,RSR-USDT-SWAP,260815800.0,1758336590714
2025-09-20 02:49:50.716000+00:00,RVN-USDT-SWAP,80977920.0,1758336590716
2025-09-20 02:49:50.712000+00:00,S-USDT-SWAP,12283350.0,1758336590712
2025-09-20 02:49:50.730000+00:00,SAHARA-USDT-SWAP,38471150.0,1758336590730
2025-09-20 02:49:50.745000+00:00,SAND-USDT-SWAP,17209360.0,1758336590745
2025-09-20 02:49:50.713000+00:00,SATS-USDT-SWAP,190528220000000.0,1758336590713
2025-09-20 02:49:51.225000+00:00,SCR-USDT-SWAP,2570072.0,1758336591225
2025-09-20 02:49:51.234000+00:00,SHELL-USDT-SWAP,4659600.0,1758336591234
2025-09-20 02:49:51.226000+00:00,SHIB-USDT-SWAP,1694859899999.9998,1758336591226
2025-09-20 02:49:51.224000+00:00,SIGN-USDT-SWAP,50997100.0,1758336591224
2025-09-20 02:49:51.217000+00:00,SLP-USDT-SWAP,395619160.0,1758336591217
2025-09-20 02:49:51.238000+00:00,SNX-USDT-SWAP,2189151.0,1758336591238
2025-09-20 02:49:51.225000+00:00,SOL-USDT-SWAP,3763653.0300000017,1758336591225
2025-09-20 02:49:51.231000+00:00,SOLV-USDT-SWAP,56806600.0,1758336591231
2025-09-20 02:49:51.236000+00:00,SONIC-USDT-SWAP,7944680.0,1758336591236
2025-09-20 02:49:51.231000+00:00,SOON-USDT-SWAP,7073710.0,1758336591231
2025-09-20 02:49:51.719000+00:00,SOPH-USDT-SWAP,81424100.0,1758336591719
2025-09-20 02:49:51.734000+00:00,SPK-USDT-SWAP,112106900.0,1758336591734
2025-09-20 02:49:51.728000+00:00,SPX-USDT-SWAP,895924.0,1758336591728
2025-09-20 02:49:51.734000+00:00,SSV-USDT-SWAP,285512.6,1758336591734
2025-09-20 02:49:51.726000+00:00,STORJ-USDT-SWAP,5933920.0,1758336591726
2025-09-20 02:49:51.725000+00:00,STRK-USDT-SWAP,24611155.0,1758336591725
2025-09-20 02:49:51.723000+00:00,STX-USDT-SWAP,7361590.000000001,1758336591723
2025-09-20 02:49:51.764000+00:00,SUI-USDT-SWAP,23990959.0,1758336591764
2025-09-20 02:49:51.742000+00:00,SUSHI-USDT-SWAP,8529675.0,1758336591742
2025-09-20 02:49:51.739000+00:00,SWARMS-USDT-SWAP,77370620.0,1758336591739
2025-09-20 02:49:52.202000+00:00,SYRUP-USDT-SWAP,2505550.0,1758336592202
2025-09-20 02:49:52.199000+00:00,T-USDT-SWAP,42547600.0,1758336592199
2025-09-20 02:49:52.223000+00:00,TAO-USDT-SWAP,14146.59,1758336592223
2025-09-20 02:49:52.204000+00:00,THETA-USDT-SWAP,2812992.0000000005,1758336592204
2025-09-20 02:49:52.213000+00:00,TIA-USDT-SWAP,4971972.0,1758336592213
2025-09-20 02:49:52.210000+00:00,TNSR-USDT-SWAP,9785429.0,1758336592210
2025-09-20 02:49:52.207000+00:00,TON-USDT-SWAP,7970669.0,1758336592207
2025-09-20 02:49:52.236000+00:00,TRB-USDT-SWAP,234051.2,1758336592236
2025-09-20 02:49:52.225000+00:00,TREE-USDT-SWAP,7866452.0,1758336592225
2025-09-20 02:49:52.209000+00:00,TRUMP-USDT-SWAP,5531359.3,1758336592209
2025-09-20 02:49:52.748000+00:00,TRX-USDT-SWAP,80188260.00000015,1758336592748
2025-09-20 02:49:52.791000+00:00,TURBO-USDT-SWAP,837581999.9999999,1758336592791
2025-09-20 02:49:52.741000+00:00,UMA-USDT-SWAP,1297079.8,1758336592741
2025-09-20 02:49:52.748000+00:00,UNI-USDT-SWAP,3878740.0,1758336592748
2025-09-20 02:49:52.745000+00:00,USDC-USDT-SWAP,870460.0,1758336592745
2025-09-20 02:49:52.743000+00:00,USELESS-USDT-SWAP,16475480.0,1758336592743
2025-09-20 02:49:52.763000+00:00,UXLINK-USDT-SWAP,5741280.0,1758336592763
2025-09-20 02:49:52.749000+00:00,VANA-USDT-SWAP,134302.5,1758336592749
2025-09-20 02:49:52.745000+00:00,VINE-USDT-SWAP,107631680.0,1758336592745
2025-09-20 02:49:53.308000+00:00,VIRTUAL-USDT-SWAP,3692645.0,1758336593308
2025-09-20 02:49:53.299000+00:00,W-USDT-SWAP,67941366.0,1758336593299
2025-09-20 02:49:53.305000+00:00,WAL-USDT-SWAP,1990810.0,1758336593305
2025-09-20 02:49:53.300000+00:00,WCT-USDT-SWAP,9243870.0,1758336593300
2025-09-20 02:49:53.315000+00:00,WIF-USDT-SWAP,18908940.0,1758336593315
2025-09-20 02:49:53.298000+00:00,WLD-USDT-SWAP,26258869.0,1758336593298
2025-09-20 02:49:53.305000+00:00,WLFI-USDT-SWAP,291241780.0,1758336593305
2025-09-20 02:49:53.299000+00:00,WOO-USDT-SWAP,18821870.0,1758336593299
2025-09-20 02:49:53.302000+00:00,XAUT-USDT-SWAP,4822.31,1758336593302
2025-09-20 02:49:53.753000+00:00,XLM-USDT-SWAP,38890490.00000001,1758336593753
2025-09-20 02:49:53.763000+00:00,XPL-USDT-SWAP,8697610.0,1758336593763
2025-09-20 02:49:53.761000+00:00,XRP-USDT-SWAP,105825301.99999997,1758336593761
2025-09-20 02:49:53.764000+00:00,XTZ-USDT-SWAP,5873314.0,1758336593764
2025-09-20 02:49:53.763000+00:00,YFI-USDT-SWAP,389.111,1758336593763
2025-09-20 02:49:53.766000+00:00,YGG-USDT-SWAP,41606626.0,1758336593766
2025-09-20 02:49:53.764000+00:00,ZENT-USDT-SWAP,185640400.0,1758336593764
2025-09-20 02:49:53.787000+00:00,ZETA-USDT-SWAP,5608140.0,1758336593787
2025-09-20 02:49:53.759000+00:00,ZIL-USDT-SWAP,158257300.0,1758336593759
2025-09-20 02:49:54.269000+00:00,ZK-USDT-SWAP,45971150.0,1758336594269
2025-09-20 02:49:54.302000+00:00,ZRO-USDT-SWAP,1649559.0,1758336594302
2025-09-20 02:49:54.280000+00:00,ZRX-USDT-SWAP,7199120.0,1758336594280
